,Y1,Y2
0,-0.01141026998370458,-0.764292376530948
1,-0.003354495488221882,-0.8633170687497408
2,0.10211338614342223,0.5296118025131337
3,-0.07333133602473799,-0.9449532162464085
4,-0.03430723873407582,-0.5257064267116706
5,-0.15875624070834887,-0.32466990807882024
6,-0.06694626213932706,-1.0033108920872493
7,0.0020683404786083735,-0.9775036643024869
8,-0.008142679063975273,-0.9580859618509584
9,-0.3159296294300569,0.11635233008786161
10,-0.12094111705786884,-0.18661453977985304
11,0.03605228686544604,-0.21594434898524473
12,-0.02391460128371389,-0.7336099104905691
13,-0.1280375639268268,-0.7754391144462924
14,-0.07568053923653134,-0.8468486235528043
15,-0.05078716232564018,-0.8121377957947435
16,-0.11442269949385456,-0.6981391665958376
17,-0.1837277303593639,1.326047186155654
18,-0.03789008434704344,-0.6964353876104292
19,0.025808037620930684,-0.6934329159870279
20,-0.17049464465248043,-0.5413259111923223
21,-0.033316563454830514,-0.883965580395641
22,-0.0438647938805449,-0.5764656000935688
23,-0.293027967537637,0.4032869793681345
24,-0.010262715227490272,-0.9867802208807476
25,-0.06582293568428896,-0.5940766723068895
26,-0.09712212062474768,0.33821427812601623
27,-0.32058042362444356,2.7113034898932487
28,-0.12839734587122292,-0.45512190086847515
29,-0.16534004366253519,1.1209170641837445
30,-0.043937504493440485,-0.7797000908386171
31,-0.03295660205834046,-0.9595477298556341
32,-0.06867491047020216,-0.6644592241390421
33,0.04529049839506269,-0.3585671888131994
34,-0.10247849370234474,-0.1697827867125648
35,-0.06739675160150405,-0.7263511776547681
36,-0.014423896786499264,-0.8624420761880982
37,-0.029361794591840646,-0.37974860205322936
38,0.010068568600635677,-0.8063853359477792
39,-0.08551269478451198,-0.3267129070702496
40,-0.1546545099613891,-0.18553948906547613
41,-0.08775075155119885,-0.877008905620828
42,-0.020627627460194784,-0.9748397726472722
43,-0.03263669533543884,-1.0185733548756803
44,-0.04198001632323177,-0.4731693895213378
45,-0.1098780596434766,-0.6644846999380165
46,-0.20775844906422566,-0.009207562664786395
47,-0.019667661180993782,-0.6900421971841961
48,-0.0005482652716137272,-0.6040315913594206
49,-0.06127309637760536,-0.8656574938752672
50,-0.12400460362033905,-0.7120715672603896
51,-0.253609623355138,1.662826661092002
52,0.011771588953443653,-0.47597828243466533
53,-0.022664837150892517,-0.7687121056088803
54,-0.21494381994124173,1.3122051958314822
55,-0.002058506674138514,-0.7163135181542589
56,-0.17038053287427085,-0.22339756207275957
57,-0.024425389598326495,-0.5400344528233663
58,0.011321308800384466,-0.7911556781105343
59,0.08032460767913244,-0.3763022829474481
60,0.011429583811537868,-0.7793084945163943
61,-0.22612403656875724,1.3680108944692049
62,-0.24431453784940022,-0.5204028090885774
63,-0.061764380365219806,0.19907973294472647
64,-0.07861072456833389,-0.866934615517471
65,-0.1394100819646098,-0.19469580791401864
66,-0.1685486399261847,-0.9288444110915197
67,-0.4759381099700746,-0.23023907342961553
68,0.043395442752225455,0.1497372612118012
69,0.006265726485594755,-0.6144920357635236
70,-0.04606493100141887,-0.8394719614473605
71,-0.05738297342069765,-0.707046007785605
72,-0.08839303332558318,0.8387699032780497
73,-0.07001590285729435,-0.9439875820605719
74,-0.010592537329156482,-0.9564910517964706
75,0.0010511236673828826,-0.8933071738372644
76,-0.3116684734110646,0.5636559154598731
77,-0.06350772768549162,-0.7816889320140749
78,-0.05695357348378591,0.011118525666798829
79,-0.03035736179375244,-0.484179643696488
80,0.03952178649405426,-0.6901905251235936
81,-0.22141396001429509,-0.7440581270317425
82,0.021443265120481916,-0.18683734789923295
83,-0.053992202154526714,-0.949637225104272
84,-0.020317506602359526,-0.8659733038374499
85,-0.1323899920684776,-0.3461805760606339
86,-0.07217786990577504,-0.8083361211812081
87,-0.05685550298106226,-0.8698022204185234
88,0.058082771284796095,-0.6674851003786979
89,-0.07961201713610466,-0.264792231909072
90,-0.19588494028220582,2.2397007667564592
91,-0.05602380640419956,-0.4831452970179035
92,-0.09527863099176292,-0.6038240863631946
93,-0.043593724575579015,-0.7349778672159387
94,-0.05702989313428991,-0.6174235053793133
95,-0.12752792812903607,0.7817461868923364
96,-0.2545986199267604,0.6943151930918471
97,-0.09031479507943635,-0.5305912968922863
98,0.030807720731710005,-0.4084633585955809
99,-0.050189455186142706,-0.9905990164753851
100,0.06486899615188707,0.369277576398655
101,-0.11461845371959933,0.8422619853771917
102,-0.10929067496964331,-0.7632014556531386
103,0.018667691142521422,-0.804721079317399
104,0.05446012833389832,-0.9388929098688148
105,-0.0872349844527861,-0.7356148574332875
106,-0.024037362927863324,-0.08135847296992249
107,-0.030312048234165532,-0.502443333262244
108,-0.06750965186000091,2.3238749312364324
109,-0.11043289070890777,-0.8245897597572132
110,-0.1422326391616051,-0.29892009879035064
111,-0.05169376112113526,-0.14738880804635168
112,-0.048760127991958335,-1.0024458932360234
113,0.006165697014325188,-0.9454425697905816
114,-0.07886178837612198,-0.944027476315201
115,-0.20321552124807885,-0.2708596106864625
116,-0.6636852717514066,1.627418045897688
117,-0.08447422393028779,-0.7586891021682652
118,-0.024122033920361167,-0.7178122364139258
119,-0.10152982936296924,-0.6953839086921763
120,-0.05767192847741506,-0.863732860073819
121,-0.021489431839961663,-0.9262832384679753
122,-0.007563135104995181,-0.6811151650193211
123,-0.10887731017644497,-0.5434992375568416
124,0.03498199159158921,0.6063533827969411
125,-0.12502263463108812,-0.7225708847644291
126,-0.04717200429868004,-0.8957557993880637
127,-0.015636122532761056,-0.9364581602844784
128,-0.059864510801449486,-0.47560342542144063
129,-0.07897420599318485,-0.7929047509503448
130,-0.014106773255084994,-0.9238764157683104
131,-0.01861836334952845,-0.8265277135514908
132,-0.04676176612555269,-0.681651269916349
133,-0.04941960378087562,-0.572277660326007
134,0.03425615863128045,-0.4631385638643757
135,-0.14892399841369014,-0.7044658608152872
136,-0.09434216644166943,1.8104814149407682
137,-0.020424484954166388,-0.8553743696870065
138,-0.0454151515376893,-0.3447684492356912
139,0.01874724852914576,-0.7223719682850983
140,-0.0481640160165394,-0.8352418412076121
141,-0.021410771324793552,-0.904449681909476
142,-0.14365641114354313,-0.3721048750017723
143,-0.14653298978639084,0.2689651093629146
144,0.023804202121109435,-0.3885643242320382
145,-0.18018028601143443,-0.6383016833013214
146,-0.10463314199473182,-0.23805270056179684
147,-0.08660127931280415,-0.4181338122991405
148,-0.03780834304944419,-0.8106092606367902
149,-0.0691992267615944,-0.6970720526660522
150,-0.1432171579060219,-0.6606986840147935
151,-0.26625502010598434,-0.34775916373599286
152,-0.06903395847155176,-0.9184143832084355
153,-0.028650718370554166,-0.7620019801564826
154,-0.06417403743907898,-0.743705016770294
155,-0.2608419638030547,0.008472548102884891
156,-0.1158912461406991,-0.768931046694518
157,-0.02411613131565114,-0.8684296998744124
158,0.011765127736071617,-0.9418286100922877
159,-0.10678230323850213,-0.584758910368095
160,-0.023298082693321804,0.17321827552681424
161,-0.011741595655419938,-0.8373261378072197
162,-0.0216459801334148,-0.26112868779538057
163,-0.22365848847787329,0.6680435121147258
164,0.00877304156294657,-0.8167245519071941
165,-0.08960756062782382,-0.6698667072882595
166,0.11488379074952687,-0.03096739372722379
167,0.04400832742865203,-0.6997929754307174
168,-0.21319919576827714,-0.5410966555323603
169,-0.02361815312718313,-0.4816754555647596
170,-0.03300144770274803,-0.9221436252532386
171,-0.03168259051150843,-0.9495540114651291
172,-0.04575049938986561,-0.765451620877883
173,-0.1541048363490835,-0.7780490071652812
174,-0.042563190533685416,0.6047769763902088
175,-0.0030646111424886442,-0.4715220170028049
176,-0.04544126059420796,-1.0288112345344245
177,-0.03497682115816658,-0.9099099819530598
178,-0.07625457638235196,-0.7722431666080569
179,-0.014961135143868851,-0.5912037840160673
180,0.08419583672996592,0.05117440658106931
181,-0.03707171190273402,-1.0286665917664328
182,-0.17145870907170085,-0.2547694124179778
183,0.06186467183058046,-0.9105248142855279
184,-0.029857830166571526,-0.8311481253988822
185,-0.26237065038009266,-0.26084942220594837
186,-0.042837363359324906,-0.9204181878144317
187,-0.004187542478993254,-0.00024684750398085153
188,-0.003198537932253765,-0.4256363339165409
189,-0.06900727463337392,-0.059928905977081004
190,-0.19393691940964763,0.21643985829623502
191,-0.14765920956178824,2.430571348007333
192,-0.06177945729930784,-0.23063080715298
193,-0.03953146107035846,-0.6067246700358278
194,0.016128071785626887,-0.8279299701401774
195,-0.006391958393572709,-0.9207952233658344
196,-0.042172015130171436,-0.9017665896862723
197,-0.07563498841245413,-0.7296551167446917
198,-0.05098379061308228,-0.7285579558288273
199,-0.03957160953707574,-0.9847735075947661
200,-0.08669887799662615,-0.12430614734102585
201,-0.04597048783218033,-0.8600390864914833
202,-0.03100435911195162,-0.5424630293904317
203,-0.11335352586283354,0.47521140774778037
204,-0.04938549196071941,-0.46672923741665695
205,-0.0896819680020686,-0.6064457238738773
206,-0.222941277061126,-0.2673723419144127
207,-0.12109632088682887,-0.8731720838371738
208,-0.029498532998738548,-0.9321300425002319
209,-0.1000950806916111,-0.7982931624803602
210,-0.002871957728258035,-0.35192751426038954
211,0.07691925931756943,-0.015315863712553335
212,-0.06192124229136464,-0.5211111601057872
213,-0.46329146560498985,-0.22875302372862832
214,-0.0982420981970267,-0.8360066984524219
215,-0.1592146026976634,-0.5317974048839624
216,-0.18679466942240316,-0.7109645963383768
217,-0.05119651492148092,0.43620833603078213
218,-0.020605505042195684,-0.5195188743242046
219,-0.029541926328927857,-0.8583283072750332
220,0.009928764113472332,-0.8468372302197613
221,-0.09524048041990292,-0.9037795538503172
222,-0.17972279480657183,-0.5181516956544034
223,-0.1687019431278795,-0.37024787737037623
224,-0.04775131589312717,-0.9049767590386768
225,-0.04034030876928926,-0.6853967919739559
226,-0.07936043403969678,0.3348154861999083
227,0.16064605281393318,-0.07168880199132277
228,0.008431028941985243,-0.5702839524026923
229,-0.026195863910714278,-0.8999909760910839
230,-0.38455646431610485,-0.006540483306695433
231,-0.014578287721666267,-0.8783333949775953
232,-0.27724226244778016,-0.6073132168503347
233,-0.08469515005165398,-0.7506348947828271
234,-0.23206780578808012,1.3123816140948827
235,-0.11190969536868955,-0.6213123787989524
236,-0.004476181727660625,-0.5921359261517576
237,-0.08673355658540283,-0.9353510231301347
238,-0.09888056210110609,-0.6718662596776448
239,-0.035750767560276606,-0.6274970438664756
240,-0.11694130468248404,-0.6605925886790204
241,-0.01870033992493241,-1.0013858065453922
242,-0.05440541975390634,-0.7649868987727101
243,-0.009846708149027775,-0.8713290126133226
244,0.0052387581831125594,-0.5713923229224008
245,-0.25914179580226243,0.8195489606509746
246,-0.19697284875847854,-0.13925297986512652
247,-0.08119153998009504,0.5334913636519346
248,-0.006560371961278153,3.646189042172509
249,-0.09501573173748355,-0.8096151865200626
250,-0.03341262861046446,-0.9085192801199167
251,0.018192652504727482,-0.6998691367984137
252,0.04589883784946917,-0.5123809665934697
253,-0.18012384317909497,0.24411963990004726
254,-0.009896326393830635,-0.8295382465792216
255,-0.04196818614048675,-0.06456208399473329
256,0.0009243258096147226,-0.8579802390032252
257,-0.11143464132685305,-0.9266590197641996
258,-0.07196288490969252,-0.9185625699807294
259,-0.055870280356033974,-0.8729908522181307
260,0.01793832279802848,0.04041850043176154
261,-0.12642694983640124,1.6255540019670742
262,-0.05135432825656755,-0.9725244481360116
263,-0.10062709452273551,-0.6751053060839423
264,-0.04208709923885473,-0.8553476044034026
265,-0.23281799246494117,0.038111792722169024
266,-0.03503890866705614,-0.8770133026311755
267,0.009930195480394251,-0.13953057060739993
268,0.017829570847149586,-0.3951615392700274
269,-0.1555603567721043,-0.4192721123213057
270,-0.015034872889456461,-0.6770226932130744
271,0.005621205677342974,-0.8361786004101096
272,-0.32163433041898926,-0.0009226127334694967
273,0.1415943041194394,0.035049608478485594
274,-0.20967202740667906,4.268698864159197
275,-0.03431192201735188,-0.9350683446945993
276,-0.023336993749374136,-0.6909117144156863
277,0.01628396546709859,-0.2832795061137017
278,8.85868136835076e-05,-0.5753407153266484
279,-0.07666212113695867,-0.5977450306389398
280,-0.09819225295627368,-0.7842632785337126
281,0.04449110494572417,-0.6700028998652086
282,-0.023921308579994003,-0.7164169706981378
283,-0.029990837465450216,-0.7606666191853371
284,-0.19169479078313295,0.3786313931887447
285,-0.07483825133105382,-0.8459276270338072
286,-0.03867892493060979,-0.8400009913706052
287,0.079813547882681,0.09647701088081218
288,-0.1602448967405904,0.26708696486624606
289,-0.08250951811526719,-0.9389915003917116
290,-0.1529127420861993,-0.6787169026955613
291,-0.03144325522516993,-0.938384573848094
292,-0.008793260120628674,-0.1331459534380306
293,0.0845446166392604,0.29622387666764927
294,0.14728076443434024,0.788195675672919
295,-0.06185902694548921,-0.8027805803890347
296,-0.06454598351774084,-0.5929070033915089
297,-0.10447041113162697,-0.4658558782215135
298,-0.054384326107744047,-0.9382255039062066
299,-0.04448080392874784,-0.8472144393481793
300,-0.013957236220235331,-0.8282776055132901
301,-0.020293290538112355,-0.41893998926974196
302,-0.11468364300309794,-0.5900991947364237
303,-0.08828017152710704,0.051412575986304665
304,-0.023415847765949353,0.08952985517536749
305,-0.028678345038040055,-0.6368831978239136
306,-0.004167438735822395,-0.6040591135861577
307,-0.02931676578664637,-0.4692552678521146
308,-0.06964146621923463,-0.29727396618374813
309,-0.012888067113987007,-0.8127516292179203
310,-0.08699325789822193,-0.2683157082958859
311,-0.04716913276083386,-0.6017656867330489
312,-0.10179420465591198,-0.09447171936461651
313,-0.12837878108596815,-0.5532298736820582
314,0.009845953349288557,0.7672580419737488
315,-0.24337580420219068,-0.3094920500737304
316,0.11113799828732188,-0.2442826883432545
317,0.09443070364357678,-0.2771904580984852
318,-0.06758406281960049,-0.015070476921355103
319,-0.25140229432528693,0.05592337985323925
320,-0.08014212530281581,-0.7128618055642069
321,-0.04497663155072931,0.21618464443838992
322,-0.05279276992460705,-0.763690836988698
323,0.03029825121467419,-0.6961881869195946
324,0.03854591051976258,-0.1583898537177637
325,0.05753328270811403,-0.5482135690866567
326,-0.11174372273103478,-0.24476221393150976
327,-0.23416342007819907,-0.23870539123721501
328,-0.20007664641162176,1.7651059754256244
329,-0.013610013130660837,-0.872955653781287
330,-0.09107671506181259,-0.5774799231960102
331,0.0031804208091518148,-0.8725170026968561
332,0.054447180402294,0.4743093677036744
333,-0.10715841162347811,2.3529806878444037
334,-0.01985540565143343,-0.8752649091513169
335,0.019304145823061666,-0.7087907663822621
336,-0.03545326014229447,-0.25559062819533857
337,-0.011448749209745371,-0.9121974502833745
338,-0.14336058896859946,-0.9276208496873084
339,-0.38809039742332474,0.2003330232187973
340,0.03059479393232793,0.05038491709112136
341,-0.028667002674170262,-0.9553462722037143
342,0.024742932458484742,0.11938718028865325
343,0.11661384524506374,-0.5870616240159163
344,-0.03138012180366745,-0.9464534580599504
345,-0.28872214319764933,1.214649495371321
346,0.005951882496981874,-0.745711976238052
347,-0.1399409793693569,-0.8627339018627319
348,0.00780237555477396,-0.44949997661431573
349,-0.004481621311599179,-0.9712830078520444
350,-0.12607230836044667,-0.7165021267054867
351,-0.07081526954433146,1.3764962305759516
352,-0.025693919467436422,-0.8514429609429958
353,-0.24793148232301948,1.075987440120104
354,-0.12417386401911384,-0.16327997274866457
355,-0.02770206373611424,-0.9086318900923835
356,0.0570612458766612,-0.7415681520870065
357,0.0032825152918903693,-0.616182210204997
358,-0.089088947384869,1.281086425114892
359,-0.05710454026229557,-0.8063242103529915
360,-0.2125786077598409,-0.37638539695392703
361,-0.09684293123435753,-0.8293607822194553
362,0.019648883613518627,-0.18530251455359825
363,-0.030124454990099598,-0.9614169984043235
364,-0.08443967403035037,-0.8650146825359728
365,0.047414554836083866,-0.8995635168983043
366,-0.1210658669899855,-0.3440568672097888
367,-0.03398639948699857,-0.6812297327047656
368,-0.07895302605116356,-0.8464694645018656
369,-0.04966900035913306,-0.6263142377660426
370,-0.034810455432274,-0.9753621442796359
371,-0.36195295568653824,-0.43451564659783115
372,-0.1243623718915853,-0.09146897360169148
373,-0.2984679915111175,-0.3724842843418033
374,-0.12136830613435934,-0.7321376608378337
375,-0.010092257467100466,0.15922618561988777
376,-0.027658955130524288,-0.722615873030994
377,-0.0188469709173054,-0.9136037216636033
378,-0.13083587099656427,0.40417642095006523
379,-0.06513974541491613,-0.78386949682537
380,-0.07584226794996551,-0.5038088094546664
381,-0.043457752532912564,-0.8973443049090474
382,0.02464136771006267,-0.39364197078655444
383,-0.010027090220713481,-0.886444171597214
384,-0.03448939926060547,-0.775506999233507
385,-0.04647847918383431,-0.9414487753567427
386,-0.1168907656506572,-0.4659611744559815
387,-0.13404645214915673,-0.6475615116264323
388,0.02536922768202952,-0.6950482283540316
389,0.0077509794096013405,-0.11596874851260575
390,-0.4204096694595709,1.4925599340899196
391,0.001953630253056445,-0.650988700455451
392,-0.00564285375540995,-0.863876008950734
393,-0.22447294168525356,0.6914260207974344
394,-0.07792233067352704,-0.8156320238636192
395,-0.18993861116707159,-0.3745129414099869
396,-0.1538015134380204,-0.7750303870805263
397,-0.11831906588714583,0.41639330981713585
398,-0.10726843346258293,-0.8581076340757992
399,-0.018115805956637445,-0.7005210389347293
400,-0.11564958419657584,-0.6310805923141801
401,-0.11329328143789275,0.01035303105796137
402,-0.02308854344529349,-0.6484843790277741
403,-0.04013564788609365,-0.6738558999161626
404,-0.3186870285062619,-0.5143290869014661
405,0.038340817215344464,-0.39052051507178664
406,-0.024836874207067223,-0.9621515356592951
407,-0.014002358477633346,0.9047035050170952
408,0.11920515933447144,0.3602872225345598
409,-0.052246793386924395,-0.41392392059212535
410,-0.04145823680433125,-0.27456105182556184
411,-0.08662875645023932,-0.19294452037940446
412,-0.04670187938049211,-0.9088406108867798
413,-0.05830760404396934,-0.9474169636344096
414,-0.07915353743423788,-0.22450590255973135
415,-0.06106246469827137,-0.9365356539580367
416,-0.12437061522723178,-0.4478415244434373
417,-0.018560310574074094,-0.7558413263579362
418,-0.1970311996512391,-0.6459680020613866
419,-0.056686248904774805,-0.40077254275031116
420,-0.11699314346394188,-0.5279503164256129
421,-0.10687874221823421,-0.785407069573002
422,-0.05296796779708582,-0.12308434429643567
423,-0.05271296337721473,-0.8562207488832033
424,0.02686076620498574,-0.8914265383896588
425,-0.00025777644460054164,-0.7884661760973145
426,-0.055234601480154494,-1.020208065713668
427,0.028280753015482146,-0.3801846744214684
428,-0.06243333351234809,-0.9294868706834848
429,-0.06704436585447562,0.2197639966218684
430,-0.11832784537922825,-0.6389165468837975
431,-0.0680437243088847,-0.6076435684050044
432,0.048934689765217865,-0.13249093036895443
433,-0.09228981178320195,-0.8319294918566635
434,-0.06800624648930369,-0.8676340974482832
435,-0.06754806004167184,-0.36826735709839925
436,-0.02620997695951999,-0.714771000822787
437,-0.009395120827669707,-0.7133205231409423
438,-0.07220018558716876,1.4323533921876588
439,-0.03250802266023642,-0.22685756251583372
440,-0.026625787168812063,-0.9367189921854462
441,-0.015034068894163772,-0.8257429884094841
442,-0.1246396759075066,-0.762789525593977
443,-0.013490150421321501,-0.7842410491080998
444,9.950972459118676e-05,-0.7248332302150076
445,-0.0046891671130831515,-0.5864935254297843
446,-0.061592386674455435,-0.5926458962822434
447,-0.06324370476303322,-0.697733810040921
448,-0.021726730656520175,-0.7823609029334427
449,-0.04543837104880445,-0.8832745816177532
450,-0.0752712860327126,-0.909433727386517
451,-0.052682072878112565,-1.014607695019673
452,-0.33632893362808414,-0.006945824147420843
453,-0.03883627030502668,-0.9855868314807934
454,-0.02911904943625399,-0.9534690754079908
455,-0.15032810760246346,0.8122786460375672
456,-0.05685527597306815,-0.510458757040999
457,-0.0036642367726280496,-0.9294434510728189
458,-0.3768945132117925,0.4462081816172937
459,-0.033491549194806486,-0.8376559244639772
460,-0.2204672840779059,-0.7500909842698127
461,-0.10409202274804191,-0.34888300686092194
462,-0.07669071957565146,-0.7362656391455297
463,0.15395725500496502,-0.306681179513665
464,-0.1976785608864509,0.6371085132448494
465,-0.04683736025670389,-0.4577640145946174
466,-0.01362381943727883,-0.8794314960676342
467,-0.021710483298280906,-0.6462849494902432
468,-0.15116915455654942,-0.0790051010199907
469,-0.016155491818175497,-0.4639604399928671
470,-0.03080531029673145,-0.9951585986552816
471,-0.03012048671243484,-0.9007018856279594
472,-0.054799208564401514,-0.8570234387704334
473,-0.06549536335223041,-0.7819994112741012
474,-0.044576816202369224,-0.3804871412451158
475,-0.1065311632979095,-0.5871796313687578
476,-0.016256515254231118,-0.841729574017495
477,-0.15133762007115462,-0.7302676244442327
478,-0.186785337145554,-0.43427080264445606
479,0.0093775892477336,-0.6600179811016326
480,0.09590836311522061,1.5682071727098803
481,-0.10913801599890433,-0.15112574113431865
482,-0.023206686820954326,-0.5430580046843855
483,-0.02486392202822021,-1.029258033982125
484,-0.07583354474371416,-0.7016201435397447
485,-0.0191320542845483,-0.9506862903479741
486,0.012175750652013189,-0.8233390390251547
487,-0.031864548850465635,-0.6448700327493205
488,-0.13114732427625822,0.30529109588009573
489,-0.007445033431297227,-0.8554266557939952
490,-0.0787729752953267,-0.8856619129564787
491,-0.04985056275427879,-0.9155896774099967
492,-0.0892191375710022,0.10470365119340164
493,-0.17519352862636375,-0.12609822654073277
494,-0.2541849191082272,-0.4130913105555173
495,-0.06587215360117314,-0.8357821322471607
496,-0.1279170418148311,-0.9461224748232243
497,-0.07868889524810795,-0.18002527896448828
498,-0.034875498676247466,-0.9336598701055461
499,-0.020387524639359392,1.8777421220493427
500,-0.03222524374646746,-0.6145150560676486
501,-0.04298282304225272,-0.9724915459813762
502,-0.025731495818556428,-0.7324783996621093
503,-0.030757703839382634,-0.5987624831664152
504,0.013166533980837763,-0.8291525592275866
505,-0.09646363811609662,-0.9380522356763168
506,-0.050809262429975105,-0.9929294360024415
507,-0.05824684512334524,-1.02243208545768
508,-0.07082055994711298,-0.7715676663889417
509,-0.09892114099637007,-0.6256614643759504
510,-0.024327770775205666,-0.7160352800319782
511,-0.0022029010941657413,-0.3256785659577657
512,-0.047617378514321365,-0.8990915881639746
513,-0.04919859677882957,-0.9664361701342532
514,0.04596880336809028,-0.3384336157567449
515,0.010212153006527957,-0.697470836069177
516,-0.11450437937280164,-0.34766571843877947
517,0.03056494635577339,-0.42340268610429704
518,-0.15053275606022348,-0.46649093315213797
519,-0.08729974510766125,-0.9327366258396128
520,-0.1803168325727752,-0.5006542022646461
521,-0.030533491918319087,-0.9965106885607311
522,-0.07130585671505889,-0.7283895577017001
523,-0.007375222076117242,-0.32364366111734544
524,-0.12581843022620756,-0.6151093070496974
525,-0.06576543778126548,-0.5788268843684697
526,-0.07192679914763417,-0.8821923208247318
527,-0.04684870059452359,-0.9118607549515791
528,-0.03318634483838932,-0.6737939330413674
529,-0.02754986333653989,-0.8028458660481319
530,-0.1176670185492576,-0.6600920896567815
531,-0.05277913995797204,-0.9185613085551565
532,-0.19284279172880744,-0.9416138913099141
533,0.03925222804249055,-0.7675583282913379
534,-0.17386895764363136,2.387000594294304
535,-0.060707463906290574,-0.6888378149643181
536,-0.07011996582033825,-0.8453462805322343
537,-0.06289245554106888,-0.7939572180231247
538,0.029823082326503433,-0.6405601931683839
539,-0.03351916749573994,-0.5333886592817995
540,-0.07511434360564148,-0.5153635425929068
541,-0.3650770153563246,4.873014939019814
542,-0.02122503092388166,-0.7335393658329213
543,-0.19514781960934263,0.11148963103493381
544,-0.21589837449698784,-0.6549878978060317
545,-0.05954362940935316,-0.7034625706083604
546,-0.031295403537035,-0.9627120409909884
547,-0.25084359740747664,-0.5281133402981767
548,-0.019028192910734935,-0.9762595827013405
549,0.07998418801532284,0.09690970862459902
550,-0.07821847270069693,-0.8913357544379565
551,-0.019348948099415026,-0.09691347132141104
552,-0.1675357278142157,-0.4891720640467211
553,0.03691256296073214,-0.639041078161634
554,-0.1682270617772837,1.9042200445097697
555,0.019378911310905907,-0.5978522763648977
556,-0.028223547041534073,1.2442572972826098
557,-0.07875304341749247,-0.4851977704406307
558,-0.18179943226125464,-0.4048484777734243
559,-0.08556310678430634,-0.95418113580906
560,-0.0397729773818873,-0.9209728904983507
561,-0.040513194271076663,-0.8927429891606274
562,-0.03167674233423229,-0.7232429269879193
563,-0.09001790351797476,-0.5837698580075461
564,-0.04790290651361041,-0.8360758078189899
565,-0.01618352622698799,-0.6032844639075842
566,-0.03515616526268088,-0.9436943254825911
567,-0.26218043431951504,0.6564847595709832
568,-0.09468189998139592,-0.8036770117356026
569,-0.042742038801414126,-0.8417420079724794
570,-0.048701217342156045,-0.727391882011791
571,-0.1922346442754998,-0.6955900083156475
572,0.03932399855210503,0.440970709755529
573,-0.11778180807092475,-0.14930531001277658
574,-0.2057422786147633,3.102994906600523
575,-0.043017102996090836,-0.6487432169701841
576,-0.07983328676098499,-0.7794902880582083
577,-0.04234341056712891,-0.6010389065248191
578,-0.03612187093124421,-0.9568941541514597
579,-0.14126260034019072,-0.9607740969503789
580,-0.0440365410468309,-0.851018597322452
581,-0.2603247600921572,-0.578117769290487
582,-0.07011031299461577,-0.782807124781717
583,-0.1740278249833128,-0.5804889633262909
584,-0.051741214770947466,-0.7873601204799763
585,-0.05098105512374987,-0.8273430194477234
586,-0.07815291949274986,-0.9487212454950674
587,-0.18006990363369857,1.4786828395700438
588,-0.027907468720472974,-0.982872326997067
589,-0.1148414772530422,-0.657816971293527
590,-0.07556810584527826,-0.7297631129797524
591,-0.040915852666650654,-0.963561841244838
592,-0.10824013309626598,0.5508106455258633
593,0.022953486433311323,-0.13816767497097737
594,-0.023304963270759375,-0.8274539530734069
595,-0.02176598827219735,-0.8261920785117023
596,-0.06873799797529237,-0.04909690811672518
597,-0.004645941091722828,0.1910668077912191
598,-0.0035684636280279604,-0.8266588449273211
599,-0.04977074390734322,-0.7943788676314818
600,-0.03428753265347537,-0.3536052392689993
601,-0.03119211043934993,-0.9200648409626955
602,-0.05505990764103896,-0.22971152518395338
603,0.05309919814048633,-0.6940997150079193
604,-0.11401136408713944,-0.5158604947625951
605,-0.020296105066538953,-0.2800561099867825
606,0.04945495749919837,-0.4127489424767782
607,-0.12747961356748128,-0.49019903193630454
608,-0.08279587445870092,-0.6267681989917447
609,0.11301021969210867,0.7735903111263708
610,0.07879462542921635,0.06525622719777313
611,-0.1379392704746579,-0.695162122233007
612,-0.26697434322000757,-0.4442294671565735
613,0.08285082320632167,0.13144510766616702
614,-0.21704668178431455,0.058839622361403277
615,-0.03135020082602602,0.9092446960405539
616,0.003903056932560333,-0.8905899981931975
617,-0.1622315702176229,1.8030311102603056
618,-0.02993165246514393,-0.8062542577307821
619,-0.04064508748751723,-0.7020933863977955
620,-0.04010457424915967,-0.9185211230956791
621,-0.039492271207187984,0.6432486736271749
622,-0.05235111934054637,-0.936270794879403
623,-0.04914648093950619,-0.699818134053045
624,-0.03202986769531352,-0.9086720244484763
625,-0.058863810952599016,-0.7316578330495314
626,0.13774915822669168,0.44233172919099084
627,-0.0983715186289236,-0.6765604584072372
628,-0.09513556165719983,-0.8906902405462318
629,-0.15087640771855082,0.82221789891845
630,-0.12971191935633006,-0.44809439376880655
631,-0.005996092440983713,-0.8283752417035201
632,0.009882031697491144,-0.5053455017385384
633,0.0018057258549196119,0.028302864411822837
634,-0.028535429858114556,-0.7766676633500385
635,-0.14464031303289887,0.24683444292900314
636,0.004955855718672724,-0.7062391216153645
637,-0.07245004993124166,-0.705666393845364
638,-0.04192972138435132,-0.9380436852201519
639,-0.14480919896707778,-1.0083500851364284
640,-0.06349191175212576,-0.4537166134586972
641,0.08826429596039331,-0.5300458920384384
642,-0.12190504773911232,-0.6385464594389139
643,-0.10564058519540996,-0.7865736810204318
644,-0.014504467325864866,-0.8770405592471839
645,-0.4246276010637299,1.5064298718279043
646,-0.106941629701784,0.8700884005898034
647,-0.07732058673070888,-0.5057296203884467
648,-0.04956992952674316,-0.8107327737101508
649,-0.22793567810826082,-0.5765692266088309
650,-0.06711241411609212,-0.8687265651587094
651,-0.026748652321599734,-0.8901877376255445
652,-0.0668789667423938,-0.8225887038519035
653,-0.12740543689132028,-0.32465070591230893
654,0.03352841609873078,-0.3279552110664798
655,-0.015984598044846695,-0.7436778300851203
656,-0.06487601079838666,-0.09785211317590026
657,-0.10818543015000279,-0.7329556361342666
658,-0.13716457325782838,-0.7567844751107043
659,-0.0215270743648853,-0.904056116224398
660,-0.07117906128060794,-0.9289499659052416
661,-0.09963638070325898,-1.0182492580942668
662,-0.07068200131412761,-0.7736811101700414
663,-0.052102020338291505,-0.7972909660735259
664,-0.02833706856669346,-0.681293621884424
665,-0.012514633889301883,-0.8178956556305905
666,-0.028246639327016435,-0.991708908753559
667,-0.047760109571976184,-0.8717803383904845
668,-0.0995257215004707,-0.9729180316172521
669,-0.014049230299481939,-0.8645557056646996
670,0.01143027536526826,-0.8467474498272519
671,-0.12683437865227787,0.7391504510474111
672,-0.004957056928582854,-0.8491749642325774
673,-0.04921990140596491,-0.7253385376436532
674,0.007360135210752083,-0.9805248792662999
675,-0.08200933162273136,-0.8775441785700198
676,-0.01000120326426181,-0.8566803383117729
677,-0.10152866122213931,-0.9111383115377757
678,-0.12680329343780336,-0.31299970210577244
679,0.00011058353587934874,-0.8994815149561086
680,-0.07325774500017633,-0.7009821793391188
681,0.003444245586258745,-0.7867282754284851
682,-0.03385587281908213,-0.7681169926628697
683,-0.09974517966405605,-0.8503282953866216
684,-0.03058765461139822,-0.8404317748106429
685,-0.1106964955623242,-0.917146123166032
686,-0.037229896767078566,-0.6596484033542472
687,-0.04048059224810928,-0.7797924585976119
688,-0.05830674296011354,-0.6482930231015795
689,-0.06174975488355769,-0.9208346349571863
690,-0.17298087897703435,-0.694730375276876
691,-0.08200843399392752,-0.656233596989624
692,-0.0684720255364557,-0.8352395003033559
693,-0.059730649458818647,-0.7349018631562313
694,-0.10033036999823369,-0.8610365538810427
695,-0.14706975152127758,-0.8459276504779839
696,-0.08434593173363907,-0.9550572946436109
697,-0.10706381230225648,-0.2715204396747949
698,-0.019356063199276023,-0.8941651883872667
699,-0.08740014296018936,-0.665454048420696
700,-0.06155147068720544,-0.9767899270092444
701,-0.136892322881181,0.4472511888832881
702,-0.044693016491479304,-0.801113538024363
703,-0.07143088408533257,-0.7952799747034878
704,-0.0013619231232077401,-0.1796969574841179
705,-0.21543752454854614,1.0242479453081983
706,-0.14880381059067743,-0.8659018607041098
707,0.10341315543875185,-0.06224617997311788
708,-0.050417426219943204,-0.8563185220003944
709,0.11457538642905196,0.14866428564337641
710,-0.07315050477331686,-0.7998532031819308
711,-0.049393493960969315,0.48743206558692165
712,0.0002793298503743595,-0.862593339070046
713,0.008259875495823323,-0.6165501457360255
714,-0.043429201473928564,-0.9436940732213065
715,-0.022014030715411196,-0.5820734157572427
716,-0.05903381537257199,-0.11610236760403114
717,0.06558339927112039,-0.46695752357862075
718,-0.03513156317524113,-0.21876404129849997
719,-0.03256813288323139,-0.9442603933473765
720,-0.026843080002907308,-0.5074129255192297
721,-0.050131341681810465,-0.9941778492973354
722,-0.10274485828977307,-0.6633718185475008
723,-0.2408746318857135,0.8379808507501784
724,-0.059147020585313126,-0.6696364544224279
725,-0.057917585335047914,-0.690018238997799
726,0.017730951265510313,-0.7740495537346672
727,-0.014751035211600278,-0.355164946973625
728,-0.056657028411393584,-0.6609490433903119
729,-0.02280922842557394,-0.7502667750943707
730,-0.05793559022764935,-0.8010589714186785
731,-0.07944978682008122,-0.9396645954149576
732,0.002192350044701998,-0.5492443178358635
733,-0.23966822893757883,-0.4489505327590293
734,-0.08713406499583196,-0.8850497320510811
735,0.02316418490239681,-0.800236830517443
736,-0.05900538685795961,-0.763691492297015
737,-0.045891732216262804,-0.9978907818243503
738,-0.05132628451242349,-0.9801906666660388
739,0.19088091344796804,0.7316663871430794
740,-0.029763550990436153,-0.6549458382781776
741,-0.011092933496695063,-0.8987374561417869
742,-0.06985010854150861,-0.973290334554234
743,-0.165224968132549,-0.6398742695194136
744,-0.03341519523934246,-0.6203441092257669
745,-0.0827232667806601,-0.844254533775235
746,-0.04380482071207489,-0.9228411122139375
747,0.004772108594001467,-0.7379131769533316
748,0.18052611258910264,0.12359711921244221
749,-0.2978248089698086,-0.2607810041146742
750,-0.024196713303239307,-0.6314537249254011
751,0.18170308770427213,0.17022619376302872
752,-0.1855249094754438,-0.8186436997535917
753,-0.09323966608118457,-0.7198251308217182
754,0.05796771491593919,-0.7382295616508245
755,-0.11835267538962621,-0.745612054291615
756,-0.09185220054485395,-0.8219837244985049
757,-0.06058955109345532,-0.9049256590655012
758,-0.13083645121926676,-0.18880906430599642
759,-0.09738477818504351,0.548233482593499
760,-0.04995592829886675,-0.9832995510403485
761,0.008183078588910316,-0.9683878030162376
762,-0.008731140401102653,-0.6254956660722181
763,-0.16758114673244268,-0.793247091596738
764,-0.048543379403599984,-0.6302110182440633
765,-0.19171510807336692,0.4590930051930987
766,0.022884769448456934,-0.26561694765741023
767,-0.03512186358157192,-0.9464538629025756
768,-0.07130100960866026,-0.6721587367279381
769,-0.09110114442735129,-0.38334638042582936
770,0.012103739319307496,-0.08695251902381984
771,-0.03202219636947792,-0.808692610956466
772,-0.06902990901646518,-0.1810340590048321
773,-0.11246729125290256,-0.35726165754906525
774,-0.054228484701565965,-0.6384982004781733
775,-0.029290550272354752,-0.6957065426323971
776,-0.06240345529349306,-0.8896931309220216
777,-0.07828371020435121,0.5311824285295056
778,-0.20258665907147277,0.24610543566200915
779,-0.008352922193888005,0.2516827378195171
780,-0.3333904464367737,0.14506143686202155
781,-0.027807247513471505,-0.982618462200106
782,-0.12906889147685863,-0.493970206274272
783,-0.0036055586008943187,-0.9044290897164382
784,0.07751301645449835,1.1825150873104366
785,-0.00038991889414566674,0.08396946192384447
786,-0.004499307378343063,-0.9537679382730413
787,-0.007337582324989659,-0.7416778874082327
788,-0.029596715624322426,-0.5458979503630977
789,0.025903578157246514,-0.7230938314426323
790,0.0368533175251351,-0.38716428989330814
791,-0.023941570933211687,-0.9031730867987134
792,-0.00805120856008142,-0.5303047352034526
793,-0.07129656282701902,-0.9815902717468061
794,-0.011811902591780155,-0.9496393803944092
795,-0.09724866388045605,-0.6187992551113214
796,-0.2010202246491471,-0.4112639662100072
797,-0.14273339747085478,-0.20055691323000546
798,0.0844193735476796,0.8294160862473109
799,-0.05096349614136626,-0.8079045249414587
800,-0.16631823823145306,0.23496310654775143
801,0.04790223507854291,2.339424999170139
802,-0.04245991353174611,0.6189542152148187
803,-0.08232691752848527,-0.45195068055993565
804,0.01392206769570178,0.005449989327435567
805,-0.09484443349263096,-0.8822414608457272
806,-0.13602638451557772,-0.679182802964903
807,-0.19272763815905175,0.12066843260845372
808,-0.011497043948716371,1.521268097515326
809,-0.0331465573810361,-0.989221608782231
810,-0.2506961866428548,-0.4051069162249405
811,0.01910091350027551,-0.8045336873978135
812,-0.05046951818530823,-0.486319392433189
813,-0.0427730422010973,-0.8291271633611454
814,0.0012465680444710796,-0.5755431162487206
815,-0.015053730900867663,-0.6967728377659761
816,-0.030271043556643343,-0.634424619502353
817,-0.044707346436976644,-0.5936732778666785
818,-0.09506432571996101,-0.7520167572046044
819,-0.04125468038574642,-0.6893385824015263
820,-0.07238211257973554,-0.4548999032020007
821,-0.09081667757213437,-0.9583571668061742
822,-0.021766047928944977,-0.8653507045574564
823,-0.1508487795786309,-0.056366870582137296
824,-0.045245528920492384,-0.7951485686970932
825,-0.08731610818606636,-0.6289490410410439
826,-0.018438098090167086,-0.41955072859959996
827,-0.07088130703842672,-0.40432175262741615
828,-0.03513267493370359,-0.8542354077912471
829,-0.05164969868017444,-0.8196705754453483
830,-0.02639271248131649,-0.7965720881966172
831,-0.04478567214432792,-0.9132756328915999
832,-0.03261191608921207,-0.680487459735318
833,-0.05880305929966992,0.33429391587340584
834,-0.015928754716605705,-0.9142016236946967
835,-0.23415878414035096,-0.3088646588464478
836,0.05123218022882717,-0.23530296389122146
837,-0.03640064864398046,-0.9224674130526798
838,-0.04236012977170325,-0.02329871382099946
839,0.04455750516486165,-0.4430091580385198
840,-0.17147672843911677,-0.8352445986100339
841,-0.023406321712134002,0.2543902084224543
842,-0.07681981142002442,-0.7144760306795034
843,-0.045444155596008506,-0.5201969605572244
844,0.01158185928677764,-0.7530174672586178
845,-0.19950185127239162,-0.11044998114026194
846,-0.04299110643954755,-0.8743276445172701
847,-0.03598721379931516,-0.9686158175338555
848,-0.11463627705995566,-0.4944305537118273
849,-0.0429588955397332,-0.7824703928142308
850,-0.396904002275354,2.315470331240023
851,-0.04734064804499191,-0.9883000210306812
852,-0.16880800188858022,-0.7810630984962256
853,-0.04670706553373144,-0.4029821905948773
854,-0.0671737518314856,-0.8347321680297533
855,-0.013726561723014733,-0.9603332478260178
856,-0.008453202961788534,-0.6398737323297138
857,0.0006386093080484982,-0.4839714884190425
858,-0.18094036313698036,-0.2746617167329495
859,-0.2140097564816253,0.7592060374050503
860,0.08179190714918191,-0.3144963028423243
861,-0.12647957182238906,-0.33337849645750695
862,-0.05401254818652487,-0.11822109167589623
863,0.0006210490767488662,-0.6996295462697765
864,-0.06699141812972428,-0.7346142207726643
865,-0.16224338044006104,-0.5839445880334154
866,-0.11036978049339083,-0.6488649956734598
867,-0.16521012427577075,-0.7456346390765161
868,-0.1563224708169611,-0.6475000860097083
869,-0.047806308514290574,-0.43932588383087895
870,-0.3153293501785344,-0.11748367925918324
871,-0.1314242950316718,-0.49291273986406836
872,-0.058685373348129954,-1.0040888449325882
873,0.005259912261747737,-0.4404171161092544
874,-0.14373230866193973,-0.6911522449807432
875,-0.11496788242848946,-0.8981942662148932
876,-0.018049921352636198,-0.7995170538400064
877,0.0037458871369987455,-0.5978119833334948
878,-0.08953975033472206,-0.8463950284244743
879,-0.18868295812847652,1.1486526151764425
880,-0.11511793249688373,-0.7850773184959313
881,-0.06598445118029814,-0.7754843104129148
882,-0.3180982253919952,0.3066132074414929
883,-0.028220264014730354,-0.6496978207782228
884,-0.07788489974576332,-0.8007616756456641
885,-0.11713817316070224,-0.8180343245415068
886,-0.2346409916100648,0.3322872535775261
887,-0.22903674527475776,0.7967840473338798
888,-0.00015083243714557673,-0.7162849489177014
889,-0.04576358192884544,-0.5983381438257591
890,-0.0249327619659576,-0.865273837440894
891,-0.11498545162679802,0.04910978979901792
892,-0.09303124656325137,-0.7942255539621216
893,-0.0757124292027545,-0.28211462863560477
894,-0.06485116694769322,-0.6972766788344034
895,-0.2803625634973655,-0.18722622692521435
896,-0.42992348093997784,0.6241067234157659
897,-0.29238680816012,-0.19407263056112894
898,0.08006962034066767,0.35571200517616697
899,-0.0202428302960509,-1.0072784211892596
900,0.05836307328730478,-0.8304660596611287
901,-0.0465256411396488,-0.7797497172195627
902,-0.537540798057897,0.5066303297816789
903,-0.13998058238204267,0.3473483180840816
904,-0.03903844739210782,-0.7712845357951399
905,-0.07467395116164274,-0.6666388962541212
906,-0.0017362531445350195,-0.49819297884549035
907,-0.14368527550555146,-0.7902528763052694
908,-0.04970274344631191,-0.8661919031261427
909,-0.042208680818164895,-0.848287837723325
910,0.01706122823394125,-0.6048916559281691
911,-0.01227992617977804,-0.9701089524803279
912,-0.04623046849418627,-0.9215521424550954
913,-0.1301839943418943,-0.8357821635464727
914,-0.043149684535065916,-0.9867840116234285
915,-0.07576636083535299,-0.835511667356754
916,-0.03831204258333362,-0.6965624222238669
917,-0.049080451795704305,-0.7259267556573976
918,-0.16733552840506127,0.03632190518694789
919,-0.041684644031975665,-0.8843119241686865
920,-0.0747888993337805,-1.0038119746361231
921,-0.1327573002442861,-0.8829707606798669
922,-0.2747393630397723,1.258024072879416
923,-0.17167384514512998,-0.47104235086479807
924,-0.022570526729406886,-0.8786779297845091
925,0.04372980241766711,-0.41777678052604456
926,-0.045077467938857516,-0.854333189265307
927,-0.034644066157307335,-0.639445685045531
928,0.0407034007684805,0.8936248859417061
929,-0.0025213428297923175,-0.7460886373553498
930,-0.048432634497296914,-0.8452330260585206
931,-0.22920432086056786,-0.49222325089471214
932,-0.0010593796324144984,-0.8580545223379974
933,-0.13374475675138642,-0.2588116264437169
934,-0.024607127421331466,-0.9390692196048687
935,-0.15028652089668976,-0.48490841663337136
936,-0.04648650690318423,-0.8936294003365486
937,-0.04117327586332001,-0.8540005568977089
938,-0.027435837876224268,-0.8714080237059395
939,-0.07124445202953227,-0.8936663931285305
940,-0.025585352819992375,-0.9739231896577408
941,-0.07329751288821015,-0.7828840114654931
942,-0.020863256638979064,-0.4621232050271691
943,-0.06146019475371885,-0.8968552688741466
944,-0.04352596914639428,-1.0102176719208138
945,-0.11401468752232205,-0.27362993735491564
946,-0.2886671600401963,0.10309151738751898
947,-0.1700658841456112,1.2331208691665845
948,0.004243624735597997,-0.6780635680074697
949,-0.03978528214718198,-0.5272051477279976
950,-0.05351287164526344,-0.6626761369895177
951,-0.04615586804510552,-0.8577833007919557
952,-0.0827892448600939,-0.6329440618478983
953,-0.09388342879830369,0.39132082726049167
954,-0.0989610068569126,-0.9217266485021995
955,-0.12065336075351074,-0.7429232596809302
956,-0.052217135625710245,-0.922134185688266
957,-0.10632902597883437,-0.6178860666450259
958,-0.03432890102207595,-0.7729503493044317
959,-0.10258258620642138,-0.6937658114339722
960,-0.07445632196535643,-1.0203264771618044
961,0.0025826116299767603,-0.7919978126926919
962,-0.06562099313309869,-0.948786790500337
963,-0.048164716220470805,-0.8394687898394563
964,-0.07418221837475705,-0.8830900505488124
965,-0.03450551272216129,-0.7974770169771677
966,-0.1424045293458708,-0.7136666040581342
967,-0.020085318369156963,-0.7912509382389934
968,-0.058246362295660686,-0.7359016348607579
969,-0.05404285263851151,-0.8698632060880808
970,-0.30074774643297875,-0.8180990532080603
971,-0.029718658630129517,-0.7970451182391322
972,0.014359710593539684,0.22241406890898596
973,-0.0425105547527746,-0.6547669317361658
974,-0.058151133329000904,-0.8726573318631184
975,-0.04152701830262798,-0.9616349941653488
976,-0.15261157686066168,0.8185472416940619
977,0.011250359252748917,-0.7530039972242769
978,-0.12217177149040312,0.08872425629285996
979,0.008299246522698655,-0.6547821192481921
980,-0.0855823575793616,-0.77872467469628
981,-0.04996949808664741,-0.8072876625311168
982,-0.05318396400573555,-0.7482356497056524
983,-0.05737718108326845,-0.8440638021877591
984,-0.1025769273077149,-0.7670105634928753
985,-0.03416934700355427,-0.9182508464279041
986,-0.07701881336433873,-0.7942001831400756
987,-0.07202612966536043,-0.6180154966596082
988,-0.025117129459223956,2.2583082276798834
989,-0.04688470762292134,-0.7038952294704545
990,-0.02585399271821631,-0.49456404598934134
991,-0.03362987921397052,-0.7501998818292797
992,-0.018687956196271154,-0.8485284698203547
993,-0.2004820198301132,-0.8324912280494356
994,-0.198967916185339,0.3743083451920556
995,-0.04227590523882303,-0.8823524328718688
996,-0.07112030229810018,-0.8869821693724507
997,-0.04484130844209053,-0.9348369964418488
998,-0.08466998313643577,-0.6920939251439098
999,-0.025988219476648564,-0.8964867646178878
1000,-0.18016817789113845,0.6179676496738195
1001,-0.02980186344745159,-0.6619065461596719
1002,-0.0497064734896466,-0.8774848795662006
1003,-0.04679642317346956,-0.6612742732529937
1004,0.017633083339012156,-0.879418929933532
1005,0.009474560852437888,-0.15737933792946468
1006,-0.0444716470053908,-0.9296273675587463
1007,-0.0015466252429774015,-0.46922776220977624
1008,-0.06899309267368818,-0.8630926665305019
1009,-0.1958091643399404,0.13822463646068295
1010,0.038705781813954676,0.5343080575102214
1011,-0.03418385654818315,-0.9607548945376061
1012,-0.017951984299750656,-0.8746712520586821
1013,-0.230262345336744,0.5560955604368308
1014,-0.07645135405246965,-0.6114998263889475
1015,-0.03445057045044113,-0.8283091535396893
1016,-0.046056761163577584,-0.9414828821064787
1017,-0.029531916436399134,-0.9054661029968831
1018,-0.19232354552280534,-0.7100373589636992
1019,-0.09796156453691175,-0.9086995068201806
1020,0.008685744531990624,-0.5676499018683991
1021,-0.29259656335082446,0.09971657749838525
1022,-0.09268707674874409,-0.6303050568000007
1023,0.03669619290997775,-0.7874533287291579
1024,-0.0934560754913562,-0.6056968904037844
1025,-0.043958096282444736,-0.8703196191039524
1026,-0.04593454736544138,-0.7276933201027995
1027,-0.10884025219888663,-0.6901579034127927
1028,-0.05382683188253709,-0.9548729704485599
1029,-0.11463629465660766,-0.6606138913983941
1030,-0.13050132543243181,-0.8816996688818027
1031,-0.038918987467165,-0.5217603132566005
1032,-0.22313502448355743,5.207637850474688
1033,-0.06975149001060457,0.015361939342401043
1034,-0.1355052082371268,1.5619423782595514
1035,-0.06626548824477205,-0.7806792733971863
1036,-0.06430783420701391,0.5909111255700373
1037,-0.09780938639673456,-0.1350530548730109
1038,0.007370961299422992,-0.7818461469727573
1039,-0.14947308457617578,-0.6462538467620955
1040,-0.05133877519216082,-0.6113597197751413
1041,-0.06929518830250332,-0.7490218795779626
1042,-0.004270153455888697,-0.9380074278045671
1043,-0.07270184272124217,0.3928248949677696
1044,-0.0034566659369090237,-0.7548367916642447
1045,-0.05440746030316773,-0.7375755563347683
1046,0.17646057858881797,0.2235497621147985
1047,-0.04944120080592304,-0.8905105630671581
1048,-0.026352953302090757,-0.39343329930818327
1049,-0.02076149218347641,-0.9021390763269861
1050,-0.07065614606285239,-0.7220859298266327
1051,-0.0032395248351522084,-0.7359712403189269
1052,-0.17075847556986168,-0.6396593401102413
1053,-0.010420283369850392,-0.8822064716155651
1054,-0.03244151811363381,-0.7779050048283709
1055,-0.01670475521019692,-0.871657005409314
1056,-0.06765304799432831,-0.24560074321333042
1057,-0.05234830306168642,-0.8796716832732207
1058,-0.008505401725696905,-0.8888852888540002
1059,0.06496727124869303,-0.6303174016251976
1060,-0.03050638065266981,-0.6458794398450082
1061,-0.040717034360190724,-0.7929451870798282
1062,-0.10470020038567754,-0.9007165472620409
1063,-0.07952001225868742,-0.3458072762739556
1064,-0.0495287248523901,-0.9948446844209289
1065,-0.08624858454159652,-0.12269364976530095
1066,-0.20759802878511524,-0.3004180642818639
1067,-0.020514314017918926,-0.7349179712579362
1068,-0.05387099531120873,0.9130105924684838
1069,-0.028032160576276072,-0.7898828690214417
1070,0.030642183554840077,0.5117168118322518
1071,0.11855506100709408,0.316336487510981
1072,-0.05699608932083683,-0.6307553672449765
1073,-0.04031051529135195,-0.9443594133934394
1074,-0.04185672334682594,0.7619399213594881
1075,-0.03976336481774349,-0.9488603313610797
1076,-0.11346592661961774,0.3743063597264841
1077,-0.0892784465816113,-0.5942344684612314
1078,-0.07747284630602057,-0.6559474703116093
1079,-0.2513302316667915,-0.8718987420013051
1080,-0.2696212221615482,-0.134077091011227
1081,0.04231007386856994,2.753241073559021
1082,-0.07916107106632793,-0.14168351317324446
1083,-0.0755319710887148,-0.9466389737850132
1084,-0.1236864724889763,-0.7576138077984281
1085,-0.01368110093009679,-0.7793656067644373
1086,0.05618573799526494,-0.054199013648374206
1087,-0.06581252405932306,-0.8716996363384846
1088,-0.2646376201385692,-0.12039809880909358
1089,-0.025078924213660512,0.25342914165195063
1090,-0.001765468365247231,-0.8749795129285163
1091,0.028040797888269266,-0.11657915309587008
1092,-0.046809487482855225,-0.8082807519523114
1093,-0.07066549114992014,-0.9300149270926261
1094,-0.0686089215504957,-0.05506132324373059
1095,-0.060348865713187844,-0.8663802337908683
1096,-0.017815174984298802,-0.6650727127344498
1097,0.008589244335319293,-0.7753082048403908
1098,-0.043848231636409093,-0.835710420068989
1099,-0.008918979428366784,-0.735863337662726
1100,-0.08000582081459498,-0.7204755500502072
1101,-0.0390408938427253,-0.8673204938106509
1102,-0.05913705552655793,-0.5404366784712662
1103,0.01803009789569537,-1.0000838971442598
1104,-0.008786413143687211,-0.7654432983199958
1105,-0.03077339142929467,-0.5769000660508918
1106,-0.017635215233867792,-0.9037594497660827
1107,-0.1441489636727329,-0.5014801395827384
1108,-0.11249037693598649,-0.9685742940382921
1109,-0.06731942329376081,-0.7968879652906509
1110,-0.0074942451582369375,-0.705658881158933
1111,-0.051881718926716225,-0.9625225529503914
1112,-0.0060219126853073325,-0.8377123646640008
1113,-0.014066463336242934,-0.6201673365412381
1114,-0.059654134288691,0.06226233396929304
1115,-0.310027970475031,0.1917987534306742
1116,-0.35329582716197544,-0.15233804305747423
1117,-0.04415030150374151,-0.9699552579809647
1118,-0.06711845703472058,-0.7401494350845462
1119,-0.11546714135606331,-0.17538933477349228
1120,0.015969972049351213,-0.41577178028011097
1121,-0.12521684356801052,-0.7390497919439569
1122,-0.13011284541095117,-0.4923243125555004
1123,-0.03543108252246714,-0.8875093896867341
1124,-0.007233871902544837,-0.830644359957581
1125,-0.1204078519302135,-0.7707673222038277
1126,-0.07626008578709843,-0.8532003519634186
1127,-0.13336660358643498,-0.8297085435554992
1128,-0.024176163400650177,-0.779334784524933
1129,-0.012952700802465546,-0.8654677137145466
1130,-0.0025654887829728336,-0.8305968102521184
1131,-0.1689617774647077,0.054928851237327714
1132,-0.28578672502121916,2.3174516951418367
1133,-0.1507836243909244,0.6831272475200904
1134,-0.11856516646679965,0.18524952796379957
1135,-0.06431718303172465,-0.7061889448292479
1136,-0.08898297645206875,-0.8958718468143283
1137,0.04161513401673095,-0.8204870476464597
1138,-0.27168196180480264,0.3035972454337229
1139,-0.06048092662913834,-0.7522983211388907
1140,-0.11622416275748776,-0.19616274646389253
1141,-0.061332459774492934,-0.8331252093182405
1142,-0.029852489139356984,-0.724599005916254
1143,0.007250107882642739,-0.44194184989675867
1144,-0.04216631329076441,-0.7815774257410009
1145,0.020008503819497977,-0.5188734415156161
1146,-0.013148442019409654,-0.8854070618636516
1147,-0.10678162768658413,-0.5907248779690975
1148,-0.03719902681581877,-0.9166542287310766
1149,0.036354616486134056,-0.8629426623133409
1150,-0.15310801518349332,-0.8185516169610031
1151,-0.15080758871359265,-0.2291266482889609
1152,-0.08841803677595739,-0.8015299281659801
1153,-0.23138669075129709,-0.000938324438341076
1154,-0.31865735523412014,1.3040712502689988
1155,-0.03842511018941985,-0.8762627067004891
1156,-0.1599618399349907,3.575508512167614
1157,-0.2035865969680558,0.33431802220117723
1158,-0.006190763432293581,-0.5678939529461384
1159,-0.1374454272852154,-0.3626127702986517
1160,-0.4141455100245109,0.26525144175640336
1161,-0.02863459767595707,-0.76623275214469
1162,-0.0874241827355622,-0.8069186513755019
1163,-0.03599296495009677,-0.2667846605004341
1164,-0.12418888337507922,-0.394197582384338
1165,-0.008381870034687055,-0.5384595266755536
1166,-0.024080294028538344,-0.6359246681739177
1167,0.22934975451633177,-0.27624572830528316
1168,-0.08575017157499379,-0.6918611014042065
1169,-0.044285795246025175,-0.9523799425513143
1170,-0.08720082301252785,-0.4285725749416397
1171,-0.2647224052480661,1.193288132906519
1172,-0.09065029240836064,-0.31453275933773517
1173,-0.3677286664549304,0.33632302484770793
1174,-0.05920105808968995,-0.6497063975951174
1175,-0.08528288119608052,3.769948726644762
1176,-0.04503670308125564,-0.4579250169203551
1177,-0.0561981052873822,-0.7482488597101017
1178,-0.19993673496433917,-0.904582145296323
1179,-0.006270455820806365,-0.6843757521651205
1180,-0.1715939862740544,-0.055638754217144704
1181,-0.06565592297952627,-0.8355473807266898
1182,-0.007594690600760321,-0.05064181037803417
1183,0.0988284309893181,1.3972786938576567
1184,-0.12574685292351673,-0.6469675793287999
1185,-0.16614718868854422,-0.797383378334718
1186,-0.11807236154268119,-0.7071465817079094
1187,-0.052440602786098994,-0.8337494712800001
1188,-0.023917562642121307,-0.39753238654682627
1189,0.016892224264423477,-0.9852670207354246
1190,-0.02968250295211664,-0.6412602831757737
1191,-0.1737467598115321,-0.6450903007231907
1192,-0.14288110473509688,-0.8372933423609858
1193,0.02280014094333267,-0.8922173102658161
1194,-0.062188025650563694,-0.9209504507280781
1195,-0.03164689954782986,-0.6065870117127873
1196,-0.06586830553620421,2.341995198419342
1197,-0.09915401525099077,-0.937927728160291
1198,-0.05230017777269494,-0.9046602349429557
1199,-0.12497740736192045,-0.7292441068823812
1200,-0.008056768497763895,-0.8310739423969221
1201,-0.086127710105633,-0.3846411409366889
1202,-0.10496981497797199,-0.6719417930462115
1203,0.03353105493717054,-0.980290082165937
1204,-0.03588517495804036,-0.826856918703141
1205,-0.03117005363689718,-0.977507276036433
1206,0.05665559790453062,0.318152879541866
1207,0.15194875236872102,0.03679141311540135
1208,-0.09975438726909973,-0.6810092402178062
1209,-0.025172462773600638,-0.8063116846190312
1210,-0.029114882385149445,-0.9437810696030106
1211,-0.023894604423091655,-0.8354676117420909
1212,-0.015204710852877782,0.1996590180183656
1213,-0.4098894598873357,0.48606960238866737
1214,-0.2426589505877556,-0.5858451043040688
1215,-0.018357394979832024,-0.2723498246428346
1216,-0.029370801880588198,-0.9230322110697805
1217,0.001982935520144443,3.459535219087025
1218,-0.050045856323168936,-0.6737763337411216
1219,-0.187769074710235,-0.88885777454977
1220,-0.014281080155038147,-0.8374084797300952
1221,-0.14890815554403045,-0.8202143729050088
1222,-0.021166943976658917,-0.934443668133933
1223,-0.35181879089460094,0.2938641865756102
1224,-0.044428175485812224,-0.7900773138202032
1225,-0.034066225222900134,-0.8128838266343754
1226,-0.039548401555921125,-0.9174205908137998
1227,-0.017837950054331437,-0.9867080056499338
1228,-0.1350375024546382,-0.8210952982148276
1229,-0.24396540888591461,-0.2637940760536076
1230,-0.032613589073562155,-0.18068525476549224
1231,0.010408838756112756,-0.696315740606218
1232,-0.04813547597163431,-0.7691092279131164
1233,0.046196159744391396,-0.5471660981079067
1234,0.0687777607311258,-0.6612231165977154
1235,-0.021625861825428087,-0.24462168387161487
1236,-0.05670616840132542,-0.9270672426926599
1237,0.00454769506158478,-0.2845429136036867
1238,-0.13162036480855432,-0.49500346932369815
1239,-0.048624029360994026,-0.44868776829680923
1240,-0.13352090305943343,0.6604004956926196
1241,-0.0687661331549447,-0.8168636737941497
1242,-0.09479767921125808,0.12477437295609783
1243,-0.032683719924682025,0.008750422703844851
1244,0.009763589215219883,-0.49387202948595355
1245,-0.3137644775215522,0.5702754083928149
1246,0.004542305604982141,0.534612036013392
1247,0.017913231760896705,-0.2547507044713823
1248,-0.2966432226524039,-0.5288973914675004
1249,-0.04102123830242664,-0.8449045091266135
1250,-0.18748643975671186,0.280622916584887
1251,0.02128589218404958,-0.5922112710029698
1252,-0.11376802561252841,0.9321165824545715
1253,-0.02868572324955081,-0.8292228001812927
1254,-0.11666834066488985,0.24522314583812743
1255,0.008133153710152104,-0.7425835476439773
1256,-0.0558419057760641,-0.859127306768459
1257,-0.08320909549736519,-0.9499494207618921
1258,-0.02378310306260412,-0.8088338860593223
1259,-0.22107385691230869,-0.3260867691402455
1260,-0.05946459841384985,0.6488216514750712
1261,0.1354135227506571,0.8456602642479435
1262,-0.14461001256018957,-0.528255110797206
1263,-0.058453663513849605,-0.8268379960456077
1264,-0.06770169364623631,-0.5674099627345593
1265,-0.1786065305012021,1.01721443628047
1266,-0.07963226167977878,-0.5367311834328291
1267,-0.012603974114712094,-0.9173433036657812
1268,-0.010290723112983752,-0.3464470910714287
1269,-0.014924982251203481,0.17727882509678616
1270,-0.003752315328365511,-0.8121905770330635
1271,-0.1360657532376738,-0.6185676733462492
1272,-0.061108041661647294,-0.7193993581256273
1273,-0.18025760214241754,-0.34871353757222173
1274,-0.12495656155542495,0.267248321690444
1275,-0.008843987941689935,-0.8817368594045503
1276,-0.013466055543148201,-0.7547403227135852
1277,-0.10947362782073672,-0.5105424972063812
1278,-0.05045932056770039,-0.875215523293634
1279,-0.0834354107122448,-0.12436772684810415
1280,-0.017817085019055132,-0.8921437648202659
1281,-0.042409461933406556,-0.9957929418099439
1282,-0.05733370557943171,-0.6418365959783809
1283,0.02068275755527636,-0.602079462213663
1284,-0.1069680935424775,-0.7511913768463059
1285,-0.0925124760173619,-0.9406697262038253
1286,-0.06113292048917307,-0.7973523193679697
1287,-0.07696964781792748,-0.9259763343103659
1288,-0.062193011584620775,-1.004767632985011
1289,-0.04326075439630707,-0.57612398061479
1290,-0.09452791970172834,-0.7479648407666976
1291,0.010946782473813334,-0.2996532866079668
1292,-0.0030736561998509528,-0.015081302319165046
1293,-0.059711434051047965,-0.6314128026383841
1294,0.057965279312817836,-0.46662331816909786
1295,-0.029065497390524078,-0.9529780166265356
1296,-0.04270602808995025,-0.8830716894311827
1297,-0.06289491173434365,-0.963633879639932
1298,-0.008051170477872318,-0.7974773845515178
1299,-0.04302648785679984,-0.9861682072018039
1300,-0.004621642349120273,-0.6335969941938616
1301,-0.1241431790202587,-0.2615367125045822
1302,-0.07125980888537622,-0.865539658679146
1303,0.022411641104194687,-0.9224587938639173
1304,-0.020563517098982204,-0.706997489551408
1305,0.004386302212995904,-0.30637256709235416
1306,-0.035300026377480156,-0.7957519922850937
1307,-0.08448909657179138,-0.7830200124448007
1308,0.18359761304339756,0.2717929375339606
1309,0.03649863171164498,-0.27292099914069606
1310,-0.12302412300156212,-0.6339284495342709
1311,-0.022338873523779033,-0.6658250464204913
1312,-0.09399584972996218,-0.8394384983357739
1313,-0.025622426451497874,-0.32125642322572406
1314,-0.0006079966008113481,1.8368485330282147
1315,0.07052843265004682,-0.39528078535980105
1316,-0.0591583063645702,-0.7724459278349883
1317,-0.038434794112541734,-0.8419809765949187
1318,-0.06374238873918836,-0.9911191238324544
1319,-0.04969465383188554,-0.6996204590387736
1320,0.013320846950074235,-0.8901417623159071
1321,-0.08381733236957883,-0.8747839329145914
1322,-0.027861438237365397,-0.8375271004451114
1323,-0.024801573610716835,-0.6277855988546762
1324,0.0109835760774353,-0.7512629266069532
1325,-0.09458022142008893,0.0801001675459665
1326,0.07757661656234299,2.635683025823163
1327,-0.05709130860330798,-0.8063756790295744
1328,-0.09696095654878573,-0.4222500627208577
1329,-0.06690378576944733,-0.8668176991125721
1330,-0.19958583389728585,1.092554543518193
1331,-0.09417351979420313,-0.6643960553547135
1332,-0.021287306489655326,-0.7958517175417534
1333,0.0123145380164774,-0.6464523318567671
1334,0.06790267811896267,0.05036633118914746
1335,-0.07455027128387207,-0.9638903221620694
1336,-0.032633119789799436,-0.7498873008440031
1337,-0.0853732691585583,-0.8653648379980943
1338,-0.04591935159958538,-0.31903118303052186
1339,-0.13189953992451972,-0.6698580701529256
1340,-0.30027041719565833,0.9626622450292813
1341,0.017075566509791553,0.055264396734589605
1342,-0.038124304402191334,-1.0238456486859646
1343,-0.0337692107114643,0.12754672362079233
1344,-0.32533321164079515,-0.4127578978969426
1345,-0.14428363655326673,-0.706355113370849
1346,-0.09089829364434734,-0.6265046688014237
1347,-0.044754798529534526,-0.03255448775798053
1348,-0.15068619491646992,-0.06907427168151936
1349,-0.09789218854043566,-0.8209551083904413
1350,-0.06678245628826543,-0.7469697118187648
1351,-0.013369019763754656,-0.8720885727496903
1352,0.027915753563530165,-0.63254410768137
1353,-0.16541440675735897,-0.8363503827104273
1354,-0.014570124523545173,-0.7883552309284825
1355,-0.04850192111118924,-0.9641210802769213
1356,-0.03427219053775474,-0.7404933803651211
1357,0.0162925135407677,-0.7037411478447749
1358,-0.17941001272879725,-0.026244493418113524
1359,-0.018049265988769127,-0.7988995649176923
1360,-0.028451681014384767,-0.8637276433920348
1361,-0.005250638471569927,-0.556984345610955
1362,-0.020613650712624002,-0.7007030910064685
1363,-0.23374424300594637,-0.5251474509846135
1364,-0.10246533398842783,-0.6315897820838497
1365,-0.040488887234995496,0.1384892314148184
1366,-0.1394465374807679,-0.25035643445937916
1367,0.027628250137027213,-0.725870318515451
1368,-0.02969504079788968,-0.9540486584772363
1369,-0.08994628866367013,-0.4932802199564954
1370,-0.08344466286837074,-0.7367268834067777
1371,-0.13667045391837965,-0.7955115784144199
1372,-0.17621142248528057,-0.27303972228195467
1373,-0.07763346970945924,-0.7146958438969064
1374,0.02248852669050091,-0.6440173707135125
1375,-0.1065813970836004,-0.7429677778837002
1376,-0.20023629545394395,0.7505904046968149
1377,-0.025770990065171685,-0.8167677354237355
1378,-0.04151613238702677,-0.8984609572818633
1379,-0.11847091347775826,-0.8093135335148067
1380,-0.3037075519438166,0.8495988559093001
1381,-0.042378155262355,-0.13531029771272518
1382,-0.013976310901355472,-0.7571227657866585
1383,0.004046195957075945,-0.6352056535246697
1384,-0.028330784670857572,-0.791356717739558
1385,-0.1333889419589362,-0.2576315993605457
1386,-0.3109317244468833,1.670550799253959
1387,0.018946686067997872,0.10716661916419812
1388,-0.019517019385642636,-0.7100175208825915
1389,-0.049152576395733075,-0.4523884941306474
1390,-0.0754809998915356,-0.22167699866489649
1391,-0.0682845794887286,-0.7381396349185004
1392,-0.12995665978875742,1.557701683214384
1393,-0.01037705541458087,-0.8910089872151663
1394,-0.03048234213654741,-0.6678627809180695
1395,-0.12141137634756052,-0.6013784409224299
1396,-0.16415594527561925,-0.42850262317267174
1397,-0.044192313304743575,-0.09949347497786998
1398,0.005057542043766083,-0.7800066312926023
1399,-0.20054262495695602,-0.6985690982414631
1400,0.038289233936072004,-0.8107044056640387
1401,-0.006965841058843184,-0.7302865567543766
1402,-0.08662735740434216,-0.8359839163669256
1403,0.07197291085168858,-0.7130932070433418
1404,-0.0542328518249906,-0.714267020152334
1405,-0.39473271266833726,-0.5704810585938357
1406,0.037420072118076936,1.1004400491731907
1407,-0.10380622595353964,-0.8013795321151496
1408,-0.06311848977191387,-0.3886040278542122
1409,-0.06443279808112543,-0.8568235868729744
1410,0.06401134079061457,0.06063687132149276
1411,-0.10676363015001747,-0.668739579244439
1412,-0.08449067188606267,-0.6995707875333409
1413,-0.04493601243962829,-0.8890351292969232
1414,-0.05247484532906907,-0.8787236883251256
1415,-0.11952358689738019,0.5016824476829068
1416,-0.044108330075410485,-0.7991655179124055
1417,-0.039139865878153046,-0.6948689048236389
1418,-0.06517341774045345,-0.8599445128415273
1419,-0.16537075606419022,0.15966594373477716
1420,-0.08732347168911739,-0.10725455460528455
1421,-0.014339603871591697,-0.8994210356586636
1422,-0.07338052711257621,-0.9379084767345789
1423,-0.06535244692850367,-0.33799006503963774
1424,-0.037110309390158955,-0.9811969728344685
1425,-0.08847305633189617,-0.8334932615045477
1426,-0.2821323024248503,1.0503959980253383
1427,-0.0686617344391392,-0.9152752210831223
1428,-0.19597230112979575,-0.5594902405334985
1429,-0.06505633433818003,-0.6709219612927567
1430,-0.07703700420675869,-0.8215322350188863
1431,-0.05512134829772182,-0.6211849770454014
1432,-0.12367730791843379,-0.6616481220980621
1433,-0.02383605652414607,-0.017177099047995803
1434,-0.07277511262714909,-0.00746084245622225
1435,-0.3205937340644925,-0.2605623988905649
1436,-0.03725047107766537,-0.7873341576786813
1437,-0.16071707620477677,-0.6057210911068208
1438,0.01720837808745326,-0.6324326872153547
1439,0.10391290203979042,-0.3996200569527801
1440,-0.04603133022923003,-0.8161249216056614
1441,-0.011707235138414696,-0.9255938029966642
1442,-0.03126275526837656,-0.9261681813678603
1443,-0.0016056541431389744,-0.8652693268832421
1444,-0.10115735614024338,-0.7299228380506447
1445,-0.037687933521881004,-0.8985451877969645
1446,-0.038916532364344975,-1.0309331043209584
1447,-0.06780950012122067,-0.34192795211710164
1448,0.006443595437455384,-0.8113031773815373
1449,-0.15279505089156165,-0.8112311874638454
1450,-0.10354332970524273,-0.84619242149473
1451,-0.010907564873980657,-0.8547671349036232
1452,-0.07982741022649817,-0.8876717953332811
1453,-0.07892559542833481,-0.66726556279594
1454,-0.13458683108586886,-0.8602499561937619
1455,-0.054116034736190866,-0.8287186633694827
1456,-0.03483185511198707,-0.8528309084886816
1457,-0.03672082698322009,-0.9247961275654744
1458,-0.03030624690067579,-0.8099267525860686
1459,-0.07694495745874075,-0.9780862284955298
1460,-0.05970563115811972,0.13536140720214973
1461,-0.2376282255131031,0.22936797680435206
1462,-0.07303722310919969,-0.16410575495623414
1463,-0.11126053979029715,-0.7608330148445591
1464,0.02007920841263394,0.2759478921280272
1465,-0.052806111316905394,-0.9748157955588459
1466,-0.11102825504064395,-0.8788019717209457
1467,-0.02517757980863351,-0.7807805009470615
1468,-0.02150439633873039,-0.915627445787332
1469,-0.06375060923937588,0.4318521163022099
1470,-0.0008382020151393478,0.27393996600298853
1471,-0.036676275506052694,-0.8498016129807691
1472,-0.04531277611649265,-0.9229623065641078
1473,-0.035785791396653596,-0.5972974958737158
1474,-0.017933011096561983,-0.8347333032977119
1475,-0.24328822519148646,-0.03103155596580165
1476,0.02655283209170883,-0.43676831064079336
1477,-0.035325095413745095,-0.8175939511080423
1478,0.04258445359911735,-0.44204016524671635
1479,0.059791662289808256,0.5471004916151024
1480,-0.018597750554179494,-0.8753068608270661
1481,-0.08021468225751764,-0.7392181695203801
1482,-0.0662919267006048,-0.5456610206917025
1483,-0.03189327708797733,-0.63109437223489
1484,-0.013461495394738381,-0.9131812117497575
1485,0.11724843363831886,0.5498659237746971
1486,-0.135727527465831,-0.14764951529459225
1487,-0.04577412173318038,-0.8107656736651854
1488,-0.045334523738032345,-1.0085677401224475
1489,-0.07196026492476434,-0.7838560657619729
1490,-0.13556800763708846,-0.6002559921470998
1491,-0.08932336202372092,-0.9596703846352814
1492,-0.09144094681436285,-0.6960957102448184
1493,-0.11681822113559842,-0.8973518517793909
1494,0.015384592971170685,-0.9487701623917536
1495,-0.01899162602025759,-0.8930146080975737
1496,-0.08032795248484657,-0.838032802116023
1497,-0.018059680874669647,-0.7868422110717892
1498,-0.13013420045964952,-0.7832966035056632
1499,-0.03815449637114775,0.15426547974197702
1500,-0.008789564323498856,-0.7073695451884691
1501,-0.17622952264650016,-0.6626641715667909
1502,-0.03512844386009856,0.35960206995750854
1503,-0.02523265966850397,-0.9436187516057809
1504,-0.02559567410297173,-0.15721305704315824
1505,-0.08187645092476734,-0.7869706453762687
1506,-0.06650568520758643,-0.5484681215147829
1507,-0.16641125998942968,0.7643715890969186
1508,0.017319580861934507,-0.852094151435752
1509,-0.13866464225390102,-0.5768904553929532
1510,-0.062290127640003135,-0.9687034011441855
1511,-0.0037614492871827394,-0.7475124177781928
1512,-0.35137377237264245,2.3653697130465963
1513,-0.014190040272651614,-0.6133704856804819
1514,-0.06381326589460858,-0.8201767683013115
1515,0.02831533252330756,-0.486360603134245
1516,-0.00018443260223333438,-0.7748250941043946
1517,-0.06679536858000851,-1.0267117592923436
1518,-0.03914119580718309,-0.8517648206320985
1519,-0.06820039627385655,-0.14856146828010197
1520,-0.01713979400984986,-0.21494237732361532
1521,0.011656110118036602,-0.7671663920205564
1522,0.016185165542364318,-0.46930711956491084
1523,-0.02910116223734813,-0.7546256501885252
1524,-0.012036316211325924,-0.7511957157762071
1525,-0.07224688154380893,0.6486215087893207
1526,-0.016782324998688262,-0.9429943695877412
1527,-0.1382484583967887,-0.6717150292751729
1528,0.05618107421566797,-0.2433952042233518
1529,-0.1605489184700822,-0.748476695100347
1530,-0.034277624574590035,-0.5526681922062742
1531,-0.040498481091148245,-0.7660283812100717
1532,-0.023300404332742792,-0.9712184397476364
1533,-0.043698365555241606,-0.9493764862487981
1534,-0.041163036303925704,-0.23644737849707215
1535,-0.008646851604774661,-0.949928569106468
1536,-0.0658482007287784,-0.7946215010893434
1537,-0.05596905864598903,-0.9050400429349795
1538,0.03807408353478882,-0.7421780764342174
1539,-0.05018335175636143,-0.946499144278871
1540,0.0024780285578345183,-0.5875827315902521
1541,-0.07853331040801985,-0.7306553608360544
1542,-0.05168820142254599,-0.9777478088265179
1543,-0.13972279196813192,-0.7144820940352209
1544,-0.0423961019795973,-0.9571751150365229
1545,-0.01481032186505556,-0.9276302203040276
1546,-0.22188683364496964,-0.09885998605033974
1547,1.9443422359179813e-05,-0.47277167141798715
1548,-0.1627752223756783,-0.24261348827246104
1549,-0.0499714571021634,-0.7658480625069186
1550,-0.059827010045942805,-0.9515641974827782
1551,-0.00020774162578500802,-0.2048511565961723
1552,-0.05265141041988955,-0.6749724852292126
1553,-0.05257295657046773,-0.8294187380685176
1554,0.01315908823865691,2.8106732911071846
1555,-0.07579639839928834,-0.56939647811107
1556,-0.06864877859962519,-0.9455891865763824
1557,-0.02330814138033321,-0.9063788743186428
1558,-0.07630505270797808,-0.7935511427754351
1559,-0.47056782339596265,0.7575635003455717
1560,-0.09067356471798312,-0.932852124257328
1561,-0.06920601164282573,-0.8163216875616549
1562,-0.04552805617425015,-0.2646609056373749
1563,0.022853584299567627,0.017688914001155687
1564,-0.1668859169695692,-0.7128672768515768
1565,-0.07035580965572341,-0.7847930343927085
1566,-0.21575367398339462,0.38019137414303994
1567,-0.0764453082207754,-0.0699998965710622
1568,-0.05606645303873804,0.012697173847872278
1569,-0.25754342739107033,-0.8605757729006674
1570,-0.08673813609179867,-0.8038909907676648
1571,-0.19131366748727321,-0.4975102214303486
1572,-0.04217627227196874,0.5991176154292154
1573,-0.18763268812269468,3.7319414664407806
1574,0.061932465455792146,-0.29767431645177156
1575,-0.06474080520949381,-0.8317311857329419
1576,0.04106688345971923,-0.6976175814510578
1577,0.014789265593642045,-0.8822346033187302
1578,-0.15407264446905639,3.3601193986578806
1579,-0.07255802333999456,-0.6724470941949537
1580,-0.12115330388302428,-0.7768168152977598
1581,-0.05425044758463721,-0.9620517516041537
1582,-0.03978456163279287,-0.9397098944656541
1583,-0.04023193360499941,-0.4317371140944401
1584,0.017050446755960593,-0.4704523659287906
1585,-0.063542067479646,-0.80235239074601
1586,-0.012042880117826418,-0.7215108897233999
1587,-0.15678566462687438,0.38982077612194554
1588,-0.08328610526825757,-0.6005129889816334
1589,-0.23497811313019973,0.036857167124289325
1590,-0.1641446974198481,-0.11686827009359724
1591,-0.3364578766712629,0.17673122921040518
1592,-0.06387475849089432,-0.8679249431418791
1593,-0.005212407947237919,-0.7880268267853936
1594,-0.06844771694296845,-0.7870306550324153
1595,-0.13257339129117784,-0.01570266894755723
1596,-0.1518600223207281,-0.5781689945696439
1597,-0.13925764248719344,-0.3427419539483989
1598,-0.011466418402988805,-0.8171595969589365
1599,-0.005830320839393669,-0.02460798253545904
1600,0.03437796475827712,-0.49697321809451533
1601,-0.04586449893820377,-0.9193445024009331
1602,-0.011212213675758673,-0.9726094558417846
1603,-0.05548610396324259,-0.6765525669892187
1604,-0.002006303415337935,-0.8609178030576824
1605,-0.023675663388157023,-0.8302461905217691
1606,-0.13990987038282487,-0.5315017798797581
1607,-0.28864300109344787,-0.5095228718752199
1608,-0.11166701219688469,-0.8229816113608848
1609,-0.10865336118348044,-0.5152696151815481
1610,-0.017771793382255516,-0.14184314715874735
1611,-0.07949585736272319,-0.6587986825295923
1612,-0.0786610613661527,0.9079553224108766
1613,-0.05078204437042946,-0.8424299669589523
1614,-0.048687524174048855,-0.6691806104551321
1615,-0.09771554918670865,-0.8540220311883027
1616,0.002535848788440983,-1.0072154795434907
1617,-0.17331807401270682,-0.6633052494723698
1618,0.011738139217061207,-0.8968854074803682
1619,-0.002137776206977974,-0.8691784727424301
1620,-0.06769287769425271,-0.7217843498939553
1621,-0.03576167723717734,-0.8190215394603373
1622,-0.057763784458654086,-0.798940589515839
1623,-0.031692230941741784,-0.8961634044485413
1624,-0.04954100184357041,-0.9231116864401675
1625,-0.1452218618910276,-0.5941335386131024
1626,-0.06554769578281565,-0.6757726015894433
1627,-0.05207988958188396,-0.9178532971053414
1628,-0.0024272246377872488,-0.8380703802297255
1629,-0.12211657696946226,-0.31664154554921964
1630,-0.10385818480609481,-0.8523563985451148
1631,-0.05021192640081984,0.36074391239824044
1632,0.06757025267727687,-0.1290156751827013
1633,-0.031444991409351,-0.8316983249028177
1634,-0.03358050106171466,-0.46757458621560444
1635,-0.27252753593466567,-0.5575195212948022
1636,-0.12510295758265327,-0.8418315099457153
1637,-0.011477196662512564,-0.7823817547148287
1638,-0.04828749723425538,-0.900909376059336
1639,-0.008911195708977169,-0.9624740459919028
1640,0.0070740416099934166,-0.4640899037261732
1641,-0.16736440329729257,-0.6555370609962027
1642,-0.11904648371715967,-0.36888986406320806
1643,-0.045361320279631134,-0.611762129645316
1644,-0.027971691935681015,-0.8553053291859577
1645,-0.15289258994969718,-0.7670615509265049
1646,-0.10997412987222202,-0.5599096481830899
1647,-0.03299640447017643,-0.8652210630844526
1648,-0.07740069498913643,-0.33511395411123845
1649,-0.14739034124769668,-0.17680599812750386
1650,-0.2492184378931821,0.10891851871165825
1651,0.005307277403114773,-1.0333431861414328
1652,-0.07026543587680575,-0.723109488475955
1653,-0.11188684117648845,0.1862405589873538
1654,-0.07964729835292775,-0.9506739888669806
1655,-0.02964475984163308,-0.9564502297640105
1656,-0.08991586054224326,-0.9334512030261413
1657,0.1956236699401845,0.08045800326639552
1658,-0.08667008204009777,1.0190189571560224
1659,-0.025331201923971595,-0.6146151840277682
1660,-0.0032413048362396647,-0.8497413610259603
1661,-0.14353898086062244,3.6678346787219085
1662,-0.015381923847681705,-0.7507774539486647
1663,-0.05920246555813427,-0.30276381388115436
1664,-0.045227751489853224,-0.7197759218189027
1665,-0.11694740298494885,-0.30856067229660755
1666,0.04885455451068617,-0.6755560864583079
1667,-0.024662077155808922,-0.9231279845892794
1668,-0.03877194825533431,-0.5181659277841034
1669,-0.03201489570251488,-0.721164629095235
1670,-0.02926292952577932,-0.8535742540638502
1671,-0.09209933117347,-0.6988435348916615
1672,-0.04318013237035742,-0.9446892220027885
1673,-0.09961505588866901,-0.47371507351647724
1674,-0.06094929439983397,-0.9322220395365717
1675,0.0160091400217521,-0.7299302764496209
1676,-0.050884144820686594,-0.8333905145510281
1677,0.0033080085846062222,-0.019850151309401154
1678,-0.05366989834797249,-0.6660801074348568
1679,0.03606089579072744,-0.39980337951973205
1680,-0.04407801263645922,0.23550408120113298
1681,0.02393025258361769,0.5209342010326837
1682,-0.0030177438153453397,0.46647684243249665
1683,-0.08166843173729949,-0.702965341162882
1684,-0.032089963297306415,-0.5289587891910876
1685,-0.0035726005002239443,-0.7169284194513865
1686,-0.029114468549830668,-0.8493131737547972
1687,-0.09437740864969542,-0.3971543089580061
1688,-0.0916915198852764,-0.5059904964434514
1689,0.014874393279739186,-0.028241397914849475
1690,0.04387963997528993,0.9067584690116272
1691,-0.08859180173491332,-0.3343482064771556
1692,-0.05613919082218609,-0.8571955877140733
1693,-0.027758028598086768,-0.08708698850071728
1694,-0.20646348260956085,-0.5895221004806787
1695,-0.013283437292627109,-0.8063089249946855
1696,-0.08404119118163589,-0.8727443599790392
1697,0.0016886211185131277,-0.8917589641128262
1698,-0.06420879459549911,-0.8904892423095877
1699,-0.002405201746908007,-0.3838794060068951
1700,-0.1526610170636411,-0.7402949814722829
1701,-0.032733536613285555,-0.36738154014851127
1702,-0.06144178180565822,-0.8863227205325626
1703,-0.0003272271649286014,-0.8208451469049156
1704,0.10255810249371183,-0.5735481640707258
1705,-0.03155721032688649,-0.7733741266452295
1706,0.03738840792837261,0.3568741861500425
1707,-0.10506428822543909,-0.4545021477389997
1708,0.041326690438446334,2.315226732578737
1709,-0.0936088880079246,-0.8418719405112711
1710,-0.22977834497831973,0.2859431546436253
1711,-0.14800167947064344,-0.7835164879018507
1712,-0.05428972299661386,-0.8246474190307118
1713,-0.08222889981496732,-0.7778779813275656
1714,-0.1466863651383264,-0.2737919322452088
1715,0.01419253580637039,-0.3594557921743628
1716,-0.014901460997537617,-0.9013406757644924
1717,-0.05545977905602256,-0.9193768986526614
1718,-2.2596385616354547e-05,-0.8555234516977329
1719,-0.17133927802697427,-0.24778817212781062
1720,-0.29894306603039883,0.9418317749498605
1721,-0.054359699857887814,-0.8266552076299577
1722,0.016160696844335406,-0.4835475489190506
1723,0.06510702087397424,0.8289025360969385
1724,-0.016736557849631194,-0.8736372508743384
1725,-0.21444294156886723,-0.7515309044169063
1726,-0.1026778664321821,-0.6336575755765853
1727,0.12177278910958733,0.23826073080787125
1728,-0.10879827603969067,-0.5511049070650155
1729,-0.11826442159281939,-0.5355711350100664
1730,-0.040879364240190175,-0.8587463760531583
1731,-0.06963653790868173,-0.8107160861339863
1732,-0.03148736936092604,-0.8988849254076567
1733,-0.06290577821068234,-0.9121106890035066
1734,-0.060543610473059686,-0.7532038175560531
1735,-0.003628953213024696,-0.7745328118884738
1736,-0.21825056625116157,-0.617445990361961
1737,-0.07606497012477394,-0.8083556171465159
1738,-0.1578480303380364,1.6972212759390222
1739,-0.04356094797653154,-0.9558164657251421
1740,-0.16363997142446562,-0.393930752952837
1741,-0.107432371480588,-0.7062874732245702
1742,-0.07727170113503656,3.0077835983964274
1743,-0.09757304520358544,-0.8214661721739037
1744,0.05269828419083737,-0.18810921486059834
1745,-0.02079805706810126,-0.6605503574952378
1746,-0.2088557528718633,0.35213177198989276
1747,-0.0354639931090356,-0.9360771893748063
1748,-0.0021381107500385056,-0.8553819474868288
1749,-0.04009174885312791,-0.5264090302779314
1750,-0.019542465886207293,-1.0066791140995344
1751,-0.11727660201902745,-0.884081786301496
1752,-0.0753621131613838,0.431107574626279
1753,-0.015503987764887431,-0.86886340794456
1754,-0.03910313948480079,0.27932907520353767
1755,-0.08750858610600143,0.7822572566898786
1756,-0.054325073488405234,-0.7252088939984114
1757,-0.02453005880775822,-0.7848832677521607
1758,-0.048867940778657804,-0.861030272072267
1759,-0.40848564314304703,1.5113201557302358
1760,-0.054652631179543276,-0.8012157100312183
1761,-0.03001867088285035,-0.7603406920823244
1762,0.024564404218922555,-0.42475345630619016
1763,-0.09786719293072955,-0.4128217728954408
1764,-0.05042853394105977,-0.9657697366187257
1765,-0.1425826064316062,0.4091465850807964
1766,-0.04926778092590195,-0.8954372886568223
1767,0.024121754496994535,0.5717754870981827
1768,-0.08200830120393597,-0.6171287356410713
1769,0.0863955183132554,-0.23403967710409168
1770,-0.1056810783850834,0.24904249701835957
1771,-0.46534056418511155,2.8549778593335504
1772,-0.028814561415020323,-0.9157345030233164
1773,-0.09157947400856709,-0.8615784739144712
1774,-0.27725914609587327,0.15450174251448567
1775,-0.18333043375327546,-0.807495238422993
1776,-0.17470028562039674,-0.344240982859854
1777,-0.053744958934818454,-0.9156070101012882
1778,-0.15817152603682202,-0.5501481782316479
1779,-0.007369801855512035,-0.5399604658976601
1780,-0.11581392133676743,-0.9267096470933033
1781,-0.038261752612224864,-0.8602668855257157
1782,-0.041925278248257286,0.3476144741767001
1783,-0.0854694724722797,-0.37084675201579587
1784,0.007436241787640071,2.716803044274546
1785,-0.02595613977270302,-0.7729056843755324
1786,-0.29230734115419343,0.2901290058272852
1787,-0.03360562254864907,-0.840857521300404
1788,-0.1666595438991441,-0.29031218635480577
1789,-0.05272946865406464,-0.6996570493061963
1790,-0.3896445776847535,0.1656644304957523
1791,-0.020035056250579,-1.0044024978676274
1792,-0.2054203689855243,0.1777696890560393
1793,-0.09274645162111543,-0.6142686475477388
1794,-0.0806171465614266,-0.8049396117511596
1795,-0.08354540838107892,-0.7353482020348857
1796,-0.01875552751482318,-0.7272387094232093
1797,-0.2681759764938117,0.385718704820163
1798,0.037302059891214684,-0.33515701673849896
1799,-0.01173564067577779,-0.8135923866020254
1800,-0.0447478159050137,-0.8449044422156724
1801,-0.08579417552930646,-0.4507243323324768
1802,-0.13192220312968078,-0.41934372887967947
1803,-0.03502491016235987,-0.8273447435651042
1804,-0.05341948317670567,-0.8976776911536131
1805,-0.011162444118909657,-0.8789752593075307
1806,-0.13231777652695756,-0.14465316617970625
1807,-0.18649776622561282,-0.08658289002348662
1808,-0.15800348794338026,-0.7061690817003755
1809,-0.006570932888604667,2.1208845206651312
1810,-0.15699480260054327,-0.7883777183190226
1811,-0.04525689192101162,-0.7932106920343317
1812,-0.01214336346913589,-0.8526116322831339
1813,-0.03919727628478152,-0.9782603283057747
1814,-0.060814069908941615,-1.022714252392392
1815,-0.0024479734345394695,-0.9432127278096412
1816,-0.1774943184770467,-0.8700775858323159
1817,-0.20322249014491056,0.6412805378881866
1818,-0.20026928142605918,-0.33869095342944666
1819,-0.21835957397622802,-0.541843449876348
1820,0.049534500743106336,-0.8542958483143543
1821,-0.36565783814882324,0.06262708468556
1822,-0.015594422427358413,-0.9396818083172835
1823,-0.08591285961014178,-0.8662444997926211
1824,-0.03441859425615461,-0.874142604612422
1825,-0.07172637173967489,-0.48592786340789346
1826,-0.06186913941464993,-0.7551700992015364
1827,-0.0609114422607689,-0.7941755435680065
1828,-0.07040112406998882,-0.7808934953426986
1829,-0.6471831772543727,2.0962082497046293
1830,-0.03938411481587835,-0.8131480923874033
1831,-0.1476685907814496,-0.31220887008577514
1832,-0.1497304437920921,-0.39982477216424145
1833,-0.12416003412721321,0.052765013932165816
1834,-0.07575969959925388,-0.8731108624763432
1835,-0.08184127339731204,-0.6509115810915873
1836,0.006106915568054632,-0.5353741445699314
1837,-0.059002972004598586,-0.632550582449279
1838,-0.10073400038732933,-0.8061245481493913
1839,-0.08504774483551347,-0.2699306402821309
1840,-0.03715705248112433,-0.1528798993239655
1841,-0.050434969711333544,-0.6142866660912667
1842,-0.0939022205783993,-0.5228375749416982
1843,-0.2926440830703584,-0.5819412552007587
1844,-0.26345769310619427,0.10012319518824897
1845,-0.013595165413410822,-0.9163278491514086
1846,-0.05081420645751,-0.9598573936502277
1847,-0.035880033885781426,-0.8669532898491579
1848,-0.020567781374545114,-0.44232125352829915
1849,-0.10954299177844164,-0.7081094035852665
1850,-0.05382250117304735,-0.864844398752072
1851,-0.04393774518734159,-0.8431488468164827
1852,-0.012351960982378552,-0.8134339330195105
1853,-0.023612504880580216,-0.8776046266144475
1854,-0.2020852289859627,0.021427725368030393
1855,-0.043272866513814845,-0.7593239902324587
1856,-0.03611049384153499,-0.9538453405297331
1857,-0.24997226066593664,1.7568034233795609
1858,0.009345319996541156,-0.8933458405398981
1859,-0.1816856584055077,-0.470682657110542
1860,-0.07752175225759719,-0.8621105838750363
1861,-0.021313653977883446,-0.9310698490616495
1862,-0.14702068502590365,-0.8817681462920008
1863,-0.10438138175900745,-0.8920281482021644
1864,-0.03738005059017288,-0.9169805912865359
1865,-0.08072655257061949,-0.8277815765003605
1866,-0.03934120400261315,-0.7963836001573501
1867,-0.050915388995088726,-0.9350768815258508
1868,-0.1614577340797086,-0.7601251129760647
1869,-0.11514615893052602,-0.6877937650990374
1870,-0.06663702592258167,-0.2520386995609938
1871,-0.0622644367538248,-0.6955489467859678
1872,-0.05451463418300878,-0.9376791744810329
1873,-0.040025612821174825,-0.8775199403639788
1874,0.009898617997265224,-0.6917078521742278
1875,0.004434517227890466,-0.6101262327158748
1876,-0.01484912828274423,-0.8450864012237527
1877,-0.01025366923020191,0.4002717507921755
1878,-0.04302854925709591,-0.9385885326622851
1879,-0.004915157913516783,-0.5350260803503191
1880,-0.08997985412476522,-0.5493992859681808
1881,-0.11100930256705416,-0.8270729408833427
1882,-0.037764413940324065,-0.6435097983118998
1883,-0.03683559437549644,-0.8328039516828603
1884,-0.10394766450210317,-0.7736104912701144
1885,-0.03740765361277412,-0.9001223430377295
1886,0.009767278640391588,-0.27859415167131624
1887,0.0049307096646872516,-0.9103106915891475
1888,-0.012056357412689848,-0.7519316949164655
1889,-0.08584318429586299,-0.8590063397439689
1890,-0.08032047114034732,-1.0158740589005142
1891,-0.0024210037855755574,-0.7522079224689344
1892,-0.04643269413120005,-0.2529160634932635
1893,0.06716508182237924,-0.12034523141711395
1894,-0.05530228015926682,-0.7725179967628112
1895,0.032707648288767294,-0.3070106613361209
1896,-0.06906292233104183,-0.31501910752158024
1897,-0.1787487790206238,-0.3037643314132642
1898,-0.30305973561928884,1.0212179356444104
1899,0.035567189580295894,-0.5413716566191289
1900,-0.04633621213691448,-0.8400414395278899
1901,-0.18157630092656252,3.463014463146846
1902,-0.0325030438784622,-0.39135183014097846
1903,-0.035171159544246156,-0.8886831580434102
1904,-0.21765050145064174,0.17473061859094619
1905,-0.0641023952035237,-0.6130879186245761
1906,-0.10686529210271789,-0.48659331594982624
1907,-0.12769216919773207,0.23987026280572177
1908,-0.024780903652273704,-0.8262475898878336
1909,-0.028947960250666652,-0.9473173573356748
1910,-0.3476747003825085,0.5261676793237887
1911,-0.08491553752708815,-0.8782789678730762
1912,-0.02552487089074028,-0.8235914932358417
1913,-0.274113119275257,0.8196914073888263
1914,-0.11252225542734906,-0.13407762174179838
1915,0.009096473035785823,-0.38496039106279173
1916,-0.06497695247845565,-0.6472294133457991
1917,0.06746917253191709,-0.594749292612263
1918,-0.26969157030110585,0.2083811104751382
1919,-0.07070718079489985,-0.8449867186164414
1920,-0.059718563847085,-0.6894143341414888
1921,-0.16541229129216403,-0.4767313631555834
1922,-0.1801746117093764,0.3006954323977562
1923,-0.2020177096603496,-0.8105577128767938
1924,-0.0236408039497196,-0.5442105173015053
1925,-0.01761118887421283,-0.8356666908516424
1926,-0.124584663184765,-0.2976906893877785
1927,-0.020477080871546486,-0.6836425212578727
1928,-0.0610547399819934,-0.48270352243805426
1929,-0.04421544507560554,-0.1517753033189152
1930,-0.06244591766175181,-0.8003319340694768
1931,-0.1545699261307596,-0.22788434450326678
1932,-0.004500615168096318,-0.7145407858549144
1933,-0.028283333350315003,-0.8433328588752264
1934,-0.06740576200908778,-0.7052893607138446
1935,-0.028329157241878237,-0.8672998870195505
1936,0.023954672571295795,-0.6521487200215044
1937,-0.0653321102769763,1.0125217659944954
1938,-0.012149516273024814,-0.9572189277755554
1939,-0.09384635464173931,-0.589163055796132
1940,-0.11607405375058294,-0.8844569013479386
1941,0.0025234887039037,-0.35906934081673314
1942,-0.004965094906530191,-0.7229585545196974
1943,-0.061815690318982125,-0.8943301333271182
1944,-0.03330501776079041,-0.8740779678703267
1945,-0.07125726135118511,-0.5583410424733535
1946,-0.029156291390750117,-0.6857989290365715
1947,-0.022272652002413105,-0.5890214204883132
1948,-0.061166877539969036,-0.7541643257691493
1949,-0.08339408944256821,-0.6944486507490992
1950,-0.0808841436961555,-0.6459446559481401
1951,-0.027474391564772205,-0.560150305117111
1952,-0.0780774751184859,-0.10103493739960612
1953,-0.0316078408628514,-0.8615055686488708
1954,0.026421858972384856,-0.34592150696898116
1955,-0.17063355514980566,0.6483795095292101
1956,-0.04441123257331775,-0.9494523603303076
1957,-0.10516984642653379,-0.24916797309008315
1958,-0.1515061835577034,-0.6290273808488299
1959,-0.04124887019439252,-0.9845614654222214
1960,-0.11452454526096817,0.3158770794853132
1961,0.002357738809721687,-0.7928049669715652
1962,-0.12622248041329714,-0.0031354937262682014
1963,-0.04457225011216415,-0.743870446185674
1964,-0.021734776311779256,-0.6723567150799468
1965,-0.10873452807098788,-0.9862303321661792
1966,-0.08980468524560109,-0.674581364816349
1967,-0.054621442650640575,-0.7929864329409069
1968,-0.07795009180771857,-0.8271044643471527
1969,-0.047904269127208104,-0.9295996506206518
1970,0.060194238043017406,-0.3280573352131141
1971,-0.008031587274446781,-0.5317682627047263
1972,-0.010206054306947935,-0.948872552644326
1973,-0.07640448999521551,-0.8183121373755748
1974,-0.03858618884740274,-0.8423201081167447
1975,0.0011267381633955596,-0.9160546472275681
1976,0.004788584822514565,-0.732324797967485
1977,-0.059920541889666556,-1.029709296030973
1978,-0.05957197862201731,-0.43989727613068136
1979,-0.11325586339931493,-0.9962620558141768
1980,-0.1656980230651365,-0.6191308697355181
1981,-0.13143328441432117,-0.7789470595678895
1982,-0.07753915122100899,-0.9591934902553299
1983,-0.012178233940517178,-0.8931277247092168
1984,-0.0771177597103726,-0.8716230084569108
1985,-0.08590508505122434,-0.8742245276423277
1986,-0.07190738153783102,-0.9406133885180533
1987,-0.08372687345524797,-0.40893395497940305
1988,-0.09168262848163353,-0.8410763259135844
1989,-0.06663631207303627,0.24481041513396817
1990,-0.2319207957520415,-0.7814244677192818
1991,-0.10458254407679476,-0.3222864554791022
1992,0.005464753128340157,-0.6806408857087477
1993,-0.055995956115133305,-0.6606632874887057
1994,-0.10057497419614936,-0.8998626623241559
1995,-0.033996355154777336,-0.7376918023466414
1996,-0.02619772434902908,-0.9657430271609295
1997,-0.14022536913397615,-0.8853431155674581
1998,-0.06696254158554141,-0.6239420625056809
1999,-0.035726558174364334,-0.7750957217904475
2000,-0.07111391173247,-0.806517177434792
2001,-0.24838301232844284,-0.8038857429062197
2002,-0.07061250249787601,-0.5451211976955508
2003,-0.08453168659928591,-0.6754690516409454
2004,-0.09015600637839576,-0.7979174769641005
2005,0.01437909097919594,-0.16508688789552978
2006,-0.05889914851331682,-0.9950470335438188
2007,-0.15141009651742304,-0.7406156771693618
2008,-0.06291881514530871,-0.7455487056857297
2009,-0.004423988341280851,-0.9104928042337042
2010,-0.09545245635707417,-0.9049323688359541
2011,-0.09420431789251592,-0.3478778491350012
2012,-0.020213363144908795,-0.7174939517332055
2013,-0.00736057504367164,-0.963112086506231
2014,-0.15456805619183073,-0.5491287657695845
2015,-0.03671677943652468,0.7924679546332493
2016,-0.08666073271971808,-0.9481502723958375
2017,-0.10210484576596719,-0.7783748471136229
2018,-0.011978057878608398,-0.4075163595342373
2019,-0.09148951863316299,0.12385350696322395
2020,-0.06226289800673457,-0.015919371408834038
2021,-0.03130196930019863,-0.40506374360760117
2022,-0.036401991435186215,-0.5297373122570156
2023,0.007551971273850374,-0.5502942503902785
2024,-0.007508470841125065,-0.5560450265775853
2025,-0.036723402448493564,-0.7872386283889983
2026,-0.04504313060982386,-0.898556147256836
2027,-0.06190491578182086,-0.8260339124124478
2028,-0.03839124086741175,-0.13499548774382164
2029,-0.03284014167913388,-0.8416099356278743
2030,-0.09918083171229868,-0.5284501642662249
2031,-0.30178482861681394,1.4850938217612093
2032,-0.028629363817971102,-0.7837634883931351
2033,0.023405565119576238,-0.8990001603323184
2034,-0.21165760297336528,0.8203839972993897
2035,-0.015161071040767502,-0.896848003627679
2036,-0.06383708252919218,-0.871073078762047
2037,-0.06509684990159542,-0.8673413058710848
2038,0.009385346092190435,0.41274395055902013
2039,-0.0890540673678261,-0.8501251764734601
2040,-0.04746676008110842,-0.9953616592265653
2041,0.11423305071515076,3.0405722435365394
2042,-0.0752419152129722,-0.8892374422469708
2043,-0.13399895872365106,-0.8329076578629027
2044,-0.1376155021869951,0.32906809974826745
2045,0.08975750442622218,0.38004764765896615
2046,0.02025759703969787,-0.3774933716480467
2047,-0.22951092538807694,0.013336380331449571
2048,-0.01918675883846951,-0.8284442913139597
2049,-0.18711019158238765,-0.4993099132236495
2050,-0.002317883664278566,-0.8921394681644956
2051,-0.17104285901894692,-0.7466849023698201
2052,-0.17610656603254227,0.005416636425074839
2053,-0.249072695057234,0.20967965313336168
2054,-0.058082810955512654,-0.6724263628145631
2055,-0.05962507263702388,1.1971351434418298
2056,-0.006589914366591888,-0.9646349492220396
2057,0.03273354996191288,-0.8739051460299847
2058,-0.09197710926082309,-0.45971042797529205
2059,0.06131338364359709,0.11224804048872461
2060,0.030923193125114486,-0.6944242958840458
2061,-0.02769612447065029,-0.6223887889057684
2062,-0.017688673274959574,-0.8237687612775539
2063,-0.057337580061620264,-0.8472812289828114
2064,-0.10802202237030517,-0.5868126799386761
2065,0.028676261324481308,0.7407265928307359
2066,0.1286377839046316,-0.7275787256966753
2067,-0.019119806810824206,0.2127511138398197
2068,0.02954448195340875,-0.8233606607010728
2069,0.05928094443944612,-0.5951026892562594
2070,-0.10028247537361235,-0.20479717675148312
2071,-0.06446975017241062,-0.6414114313638811
2072,0.0021269858499874637,-0.6804360497707371
2073,-0.05048726110729884,-0.1903718479555489
2074,-0.1439879233350076,-0.815375932735879
2075,-0.08668573679927147,-0.9952637319769706
2076,-0.022845888471155155,-0.7366983868605279
2077,-0.06216755668110051,-0.9033818383420317
2078,-0.04184851133415966,-0.6334930343250728
2079,-0.21210477556708018,-0.6726769176596402
2080,-0.19291206989432552,-0.12734733441170076
2081,0.011612526870395597,0.15862506264251564
2082,-0.042220000840731464,-0.8298102142937852
2083,-0.01723062421383015,-0.2684916311559185
2084,-0.048323994723235314,-0.7878113392043115
2085,-0.06696994583954995,-0.7456061134874814
2086,-0.15424067250246543,-0.24411746804833273
2087,-0.010845268989973986,0.6718014367105408
2088,-0.05875434724989742,-0.8940920305809381
2089,0.004813517278151071,-0.9419189110744508
2090,-0.03679354846897248,-0.9124616025626091
2091,-0.11811767578388516,-0.6294593917490269
2092,-0.13024052419393672,-0.42635760471869405
2093,-0.0948601367326812,0.16219414319503245
2094,-0.22047007166184476,-0.6724099825697891
2095,-0.04408008078853,-0.8875468623180647
2096,-0.017249044174537282,-0.6800438465092807
2097,-0.025203027880477926,-0.917344418080989
2098,0.004475203082435469,-0.7612593530264973
2099,-0.05804241612798357,-0.7727741647496968
2100,-0.11108044518647844,0.5558658065368972
2101,-0.025010027552249906,-0.7962062686468683
2102,-0.06033808283546617,-0.7112382767354521
2103,-0.024107699802330695,-0.8855904568659246
2104,-0.021723874900338395,-0.9223671606161947
2105,-0.2043361222975428,-0.688303107194627
2106,-0.006225393004621219,-0.5672746937911772
2107,-0.2913129842930614,0.5548764160875873
2108,0.008973575451341125,-0.7954402099994153
2109,-0.06331811775126206,-0.830749594234144
2110,-0.28513135442503496,0.8397914130927194
2111,-0.1453121426999489,-0.7821819052686543
2112,-0.07917934773879814,-0.9211310391665248
2113,0.023770622030500062,-0.7383477456374644
2114,-0.05911032624238684,-0.8415047148396825
2115,-0.14763220396728727,0.028371793439049053
2116,-0.07623988588932158,-0.9266886995151238
2117,-0.025719426602522636,-0.562588965087854
2118,-0.03909571584013946,-0.8682066947007949
2119,-0.03923566641135025,-0.885916997036341
2120,-0.02129237011635585,-0.790897546111418
2121,-0.07185971786808593,-0.8852504048423842
2122,-0.14346650437589212,-0.48260426482832386
2123,-0.05007932213786577,-0.6498249801914442
2124,-0.023002788977060002,-0.8082765636001128
2125,-0.06561614604927446,-0.6939631814750347
2126,-0.1313081570319631,-0.11936034277585628
2127,-0.01784758719272424,-0.244967909973754
2128,-0.0735102293049272,-0.9534757558624649
2129,-0.006482747750300822,-0.8135335035383572
2130,-0.07202215821097582,-0.8123118010785397
2131,-0.1598826982381763,-0.06103939382647117
2132,-0.0718653296708493,0.872350954867741
2133,-0.1498911700675422,-0.9627515142892129
2134,-0.040621405798654225,-0.7608568926811436
2135,-0.0983987599699817,-0.9238712628484453
2136,-0.01781791414934227,-0.9980365373596894
2137,-0.09082791577235896,-0.6967704881108427
2138,0.0006264247204013605,-0.8247147018640127
2139,0.007883361667717702,-0.7116049711997625
2140,-0.05388598820684254,-0.9214134931629065
2141,-0.005314198873987302,-0.8156979217759461
2142,-0.20279712869563815,0.734665559307112
2143,0.079975349199042,-0.7928292310783737
2144,-0.15243732625149523,-0.42960429877596545
2145,-0.2019882733690619,-0.2459526508472833
2146,-0.07860759611398065,0.473566287457973
2147,-0.21774351014280777,-0.41592692385490865
2148,-0.030161184749868005,-0.9328543284156323
2149,-0.057935450444438485,0.8781906382669818
2150,-0.06944514046677404,-0.8536865930131985
2151,-0.04220354170528584,-0.39306227678427114
2152,-0.22483098904165083,-0.24390703202010683
2153,-0.035583248548687316,-0.9286069392652725
2154,-0.050091089382633236,-0.4571395578359646
2155,0.07372864048848507,-0.5844832223077893
2156,-0.3785126477034897,-0.09313605235935152
2157,-0.0751326589459242,-0.8747961486108744
2158,-0.03240360173528031,-0.6703581976996897
2159,-0.13288663532066153,-0.2744156356738653
2160,-0.17332750572442474,-0.7380870924002619
2161,0.018659601582644427,-0.8574042285568385
2162,0.008529607548710152,-0.7285595013756685
2163,0.05926267500753099,0.7741114811399087
2164,-0.0066916918173203395,-0.3777808238467074
2165,-0.03633901645604966,-1.006339822019398
2166,-0.016692975870923988,-0.8594019071636042
2167,-0.08199275778849706,-0.508414937215949
2168,0.040654125163338134,-0.19608354585593474
2169,-0.21023568292800035,-0.4010721644025669
2170,0.010615386724955735,-0.6183576873828058
2171,-0.037733598507814964,-0.8578676191560897
2172,-0.09381081930915397,-0.7182974384415396
2173,-0.0906771269561761,-0.8791065848339799
2174,0.06221003598001551,0.5701614990004383
2175,-0.04701921494496618,-0.7805319281658392
2176,-0.24686934613539196,0.4685026561318456
2177,-0.2508921535359204,0.483689505599063
2178,-0.05493679271131331,-0.7335303571708132
2179,-0.04993251773329624,-0.8296376486819554
2180,0.0033888525096517595,-0.8428343588041289
2181,-0.0837812952973156,0.7706291512199518
2182,-0.31515528645787,1.024000910299737
2183,0.049433416440908984,0.9432099963873403
2184,-0.015650595068456997,-0.21126282662482476
2185,-0.1526858965560447,-0.16150185241946352
2186,-0.027825270132985466,-0.9776051597151463
2187,-0.21410813917255808,-0.6870511235384438
2188,-0.013628345623791411,-0.8195255945850394
2189,-0.023496213996095684,-0.7892813099136322
2190,-0.03546359784001647,-0.9058742298402384
2191,0.0570379512699315,-0.6979139397679318
2192,-0.030671679045331756,-0.9183138323482325
2193,-0.09781457662279626,-0.689389386285805
2194,-0.09443085876565147,-0.8013769771061209
2195,-0.08387065005446886,-0.9602777924138388
2196,0.003328239220798831,-0.9815677980067037
2197,-0.24714360606544877,-0.139630077236513
2198,-0.07021484944190964,-0.7451979057494046
2199,-0.04857341494336179,-0.4276223170312332
2200,0.011353439968157655,-0.411928150882269
2201,-0.04421905039819214,-0.811857995574115
2202,-0.05063966326377113,-1.0005903325068073
2203,-0.09924248961384184,0.5283204948579955
2204,-0.11697861833916362,2.570497714797715
2205,-0.030343674963331044,-0.908426575077986
2206,-0.04647485328382876,-0.6596789488786903
2207,0.07462863723991918,-0.4646558101859516
2208,-0.05194025742093021,-0.5972274453545056
2209,-0.17567194312581835,0.041934201556823814
2210,-0.09723212059017144,-0.799657992985619
2211,-0.04137706022607704,-0.8052469989996978
2212,-0.01613976870217586,-0.5810581868060891
2213,-0.08330881080688422,-0.6753019516061348
2214,-0.0062945561738666535,-0.6159604309781835
2215,-0.10598737162099968,-0.7923159225926495
2216,0.06154489627725124,-0.6818493037420431
2217,-0.11490688772001004,-0.35117738452040426
2218,-0.049679449992568445,-0.7137690974976755
2219,-0.2591203107919003,-0.39733796562306406
2220,0.012917869763934619,-0.7555050206870899
2221,-0.1636813922660535,-0.6818572935728869
2222,-0.035898937977740145,-0.9998080688675928
2223,-0.2532662613420072,0.7380444708783261
2224,-0.06067178600230963,0.39455071658785
2225,-0.022383350948498446,-0.7279379246440567
2226,0.029446819024692702,0.18128796002838554
2227,-0.24329249178705203,-0.47208037253051777
2228,-0.006270386511350232,-0.6041398422456326
2229,0.022433495988718962,-0.5800705947273119
2230,-0.014325556525560754,-0.7899588122125573
2231,-0.10060902076019171,-0.9120969908588173
2232,-0.0722144813408295,-0.8424475847507782
2233,-0.446473982411253,2.0473977670611547
2234,-0.028292029522520478,-0.9394501375947188
2235,-0.19375651934804122,0.35449758547829824
2236,-0.03607096291463352,-0.6815459821891436
2237,-0.11168724275416628,-0.5444037181951422
2238,-0.007659520908384263,-0.7898307916746441
2239,0.024056349751953972,1.5910834260325095
2240,-0.02942817912518589,-0.921465951509987
2241,-0.08860485827798291,-0.6735978006697921
2242,-0.020890899128855504,-0.7978990212528502
2243,-0.241242457845306,-0.4343514658225661
2244,-0.018577309547301402,-0.9058488853072773
2245,-0.03292782478940523,-0.8361821983501971
2246,-0.10010272082764442,-0.8601639196423398
2247,-0.02397797157744178,-0.536507533675485
2248,0.010284978649049367,-0.8641396337110481
2249,-0.07070283337983863,-0.9931491888502831
2250,-0.05511097140561538,-0.06427035980556783
2251,-0.10238075148754545,-0.7839190597587262
2252,-0.019329781300648,-0.9735110591923287
2253,0.1483844098166371,0.11347157227174409
2254,0.027106342550130055,-0.3259359116970929
2255,-0.032304217297210114,-0.936030610681701
2256,-0.25705797704487865,-0.5132632667277123
2257,-0.03496705298681728,-0.677620709890162
2258,-0.05468148453345677,-0.5248639005449192
2259,-0.04549314842985741,-0.17020401106025485
2260,-0.018940536794887084,-0.9626477347621725
2261,0.01694825811419298,-0.9421804759800518
2262,-0.06547148221604684,-0.6976726366441175
2263,-0.08605605158567113,-0.8902229912457258
2264,0.01102534351597578,0.31122185873796904
2265,0.0031146240809913177,-0.7620955372215529
2266,-0.06632191146081448,-0.7745311319245403
2267,-0.08448353976642159,0.3021204344700352
2268,-0.10442844605704532,-0.4268123438094873
2269,-0.02246216326293263,-0.9105221264391332
2270,-0.21693266994674537,-0.5998673273392272
2271,-0.04191910158927252,-0.9045782780460756
2272,-0.07207158526654275,-0.8220847496276269
2273,-0.1640628655108162,-0.8855586427847614
2274,-0.07142576539210413,-0.0063541214976644556
2275,-0.1653808312642334,-0.3887136321402077
2276,0.0344752450830922,0.28459983052655535
2277,-0.0037720567760137387,-0.9521332107923988
2278,-0.008163431745732062,1.441947367124171
2279,-0.021755661813382735,-0.8280673937767418
2280,-0.04624133943030194,-0.6851255107972513
2281,-0.03320110888741881,-0.9540519801537646
2282,-0.004297900227800775,0.7655829802534427
2283,-0.041453395173743454,-0.781313064496631
2284,-0.052422758487500054,-0.7605948956046508
2285,-0.06899727565608976,-0.8579186187304632
2286,-0.018807060931006075,-0.7657886821052923
2287,0.010687620292271407,-0.5451359171778022
2288,-0.2985060100762568,0.054018677018494055
2289,-0.042468656614463654,-0.9234779654193268
2290,-0.14350008512288215,-0.8334546055064885
2291,-0.13700858488268808,-0.4834281449513883
2292,-0.029157540192549656,-0.6050030734561681
2293,-0.13870848104545885,-0.5878044976673101
2294,-0.11151720444089422,-0.1250578657571485
2295,-0.24086794734068412,-0.15566656109148902
2296,-0.0494349771784989,-0.8635069712994333
2297,0.02754052158798925,-0.6431573154648854
2298,-0.16360351022942374,-0.6247374169841948
2299,-0.0896362527654195,-0.8328441522148275
2300,-0.06815789286470739,-0.7530944835316167
2301,-0.04297286562427406,-0.967383560949203
2302,-0.10671565757064516,-0.8168108637430843
2303,0.03145980042351476,4.355092256550417
2304,0.006800352987473845,-0.5097528693310593
2305,-0.19241989122045028,-0.8747687458549033
2306,-0.037308648585591575,-0.9379285302251339
2307,0.045050074026388914,-0.5674347846753585
2308,-0.17721792237943323,-0.31686842141187455
2309,-0.0018836290282402308,-0.9019848029324525
2310,0.04484963539654267,-0.7572325908850004
2311,-0.07253210901722042,-0.6669655682721017
2312,-0.10261406334597495,-0.47000037595245847
2313,-0.06421550272249138,0.12864878090009435
2314,-0.05320185633823522,-0.8221489099628182
2315,-0.015333451378372668,-0.8248761182178208
2316,0.005709393435001053,-0.8628047341003189
2317,-0.09799829393309047,-0.6703690125167177
2318,-0.07475119624634054,-0.7029611120062208
2319,-0.05324974291977427,-0.764673117187
2320,-0.13251965606707716,0.26104307694074025
2321,-0.028177310888525608,-0.8920653992171275
2322,-0.11781062413710824,-0.3848304696297495
2323,-0.21975827790264246,-0.2471426502268545
2324,-0.03856260661866373,-0.9056071046730871
2325,0.015151298912335586,-0.8392027025359068
2326,0.020799068013864993,0.02452227945442531
2327,-0.08519832583861026,-0.2532131321078651
2328,-0.0974450983758984,-0.5639003334980566
2329,-0.0880626558516544,-0.49085358663783346
2330,-0.0287149056797078,-0.9906500622716179
2331,-0.008403089012136617,-0.9316159821234765
2332,-0.03126199458661577,-0.7060251890672748
2333,-0.19028954903417106,-0.3430665689369458
2334,-0.06463422653454315,-0.8805149268284456
2335,-0.051348090988836734,-0.967915535473449
2336,0.010827648719782739,-0.9217593646465407
2337,-0.00010510368683190954,-0.686395215357293
2338,-0.12580025843257842,-0.8634156930170852
2339,-0.1021347084148489,-0.3603655448476494
2340,-0.05145018309657834,-0.965258413211419
2341,-0.03470786067716165,-1.0035575687542737
2342,-0.07698100290894509,-0.6550654501256337
2343,-0.03790158391970769,-0.871052322882444
2344,-0.11597788679857085,-0.04776859495198538
2345,0.09741852420052743,0.1027674819304133
2346,-0.02227475157598874,-0.9021910095398669
2347,-0.0031203756242436965,-0.8227622033309858
2348,0.019346842247415143,-0.6886473788410078
2349,0.04689595850801541,0.04015165004055887
2350,-0.06395465851693635,0.07301271355851291
2351,-0.07090914416191799,0.02369226464018437
2352,-0.048743945883812353,-0.959116719970419
2353,0.006899222343060434,-0.7046138443955751
2354,-0.011006558463402389,-0.8919261693843014
2355,-0.008032491329303452,1.3753844463171254
2356,-0.07781759452246649,-0.4704723923017791
2357,-0.013464824755181282,-0.8237426157008706
2358,0.012532774441737084,-0.6350742148369936
2359,-0.04200771260238259,-0.9559969222586748
2360,0.0017432534063920972,-0.6811187703595867
2361,0.006493728599091957,-0.5921405982876172
2362,-0.0390971796007092,-0.6259923139152417
2363,-0.11067179050798992,-0.21972443699638367
2364,-0.028534878319900706,-0.40006687664072793
2365,-0.07538954950422755,-0.9703944057771647
2366,0.00256701422687405,-0.5519006463938159
2367,-0.29565331952982116,3.1506818558579948
2368,0.07823354171944663,0.642723748763104
2369,-0.08376499774442747,-0.8467344671557603
2370,0.024441575049771038,0.7826130156158752
2371,-0.06292862717284098,-0.9900620549232262
2372,-0.06319592688642345,-0.9701925768846247
2373,0.0594025620394622,0.6973528106052546
2374,-0.10855929842725193,-0.5093992043724316
2375,-0.03337907908805515,-0.9256981053683496
2376,-0.06784653774745156,-0.8503105583567228
2377,-0.003314305927988207,-0.9161602736270928
2378,-0.2777602170639752,-0.13463863266526588
2379,-0.10794061951393213,-0.946716627617402
2380,-0.17329061875190221,-0.7845311787398338
2381,0.14868486270432407,0.018647002300412607
2382,-0.04133886234134228,-0.9916152252284309
2383,-0.06059581714871981,-0.6302012733985275
2384,-0.05361075060159566,-0.9640073405285123
2385,-0.08117011856081126,-0.815575907548387
2386,-0.016351023007739416,-0.9069222075869543
2387,-0.031093024645291633,-0.8708229707440198
2388,-0.20513719405057113,1.011918639992825
2389,-0.08046695076355785,-0.9763647313998851
2390,-0.04742513482759611,-0.14917683878770682
2391,0.021396928145653703,-0.5102864262096928
2392,0.03676975036622224,0.003495317165060574
2393,-0.014994332103030309,-0.8661700169746296
2394,-0.1708953490025616,1.3460646809813612
2395,-0.032667344692006564,-0.9270559273995125
2396,-0.009146517153108411,-0.8287223713909027
2397,-0.07697105873955225,0.3116451518412998
2398,-0.03689595584871225,-0.9447496788318506
2399,-0.07762515150010885,-0.8466906015743336
2400,0.06652346310964119,-0.7486250904197937
2401,-0.19194592028382168,-0.6595356064525868
2402,-0.14697375506319965,-0.6457254313236104
2403,-0.05917586404865041,-0.8836119607413395
2404,-0.04485143015289601,-0.8003108864818659
2405,-0.027235178755402076,0.2890584586587509
2406,-0.03638600892754888,-0.7808431268584091
2407,-0.06714799714360054,-0.635059559481824
2408,-0.0009868620778797944,-0.08163512736502998
2409,-0.07206822888446954,-0.7287127124075962
2410,-0.0825332173268119,-0.14280525068207173
2411,-0.07421822705746486,-0.8446296163641971
2412,-0.0566054852206022,-0.5140511060681859
2413,-0.1542964251957289,-0.14036403863107705
2414,-0.1264615849445826,1.346532188660662
2415,0.027418107831225735,-0.6900617501030836
2416,-0.14370620635104142,-0.9651565984245063
2417,-0.025443359983640296,-0.29295263572157637
2418,-0.08586167043023221,-0.8975806467708157
2419,-0.3390088328293905,4.302747900543876
2420,-0.11299631001817034,-0.29870411018090254
2421,-0.12721584543403813,-0.5345539716286325
2422,-0.06603145671849633,-0.8948769444945286
2423,-0.11142655501367049,-0.8126677727653474
2424,-0.035368993611901836,-0.9369915702422362
2425,0.022005032346422978,-0.2269962444106558
2426,-0.10239145845280406,-0.7531022373160708
2427,-0.07056952261268773,-0.947041389114903
2428,-0.033360184460122774,-0.764885966353666
2429,0.021887157971060774,-0.6092379648811179
2430,-0.022389743487316056,-0.6192928318505486
2431,-0.05113105237567335,-0.8000848484030192
2432,-0.07750648367208615,-0.9556807501645932
2433,-0.023032069790094947,-0.7329335842588713
2434,-0.01878940517338332,-0.9315898705225489
2435,-0.06398423871852527,-0.8820943467750743
2436,-0.03314233907706818,-0.39045081983562174
2437,-0.021287767663327354,0.24642368855129215
2438,-0.11687832681197613,0.5062617986900256
2439,-0.07391622624718434,-0.8555215746282974
2440,-0.044826017113076294,-0.728001723538362
2441,-0.07177492374636407,-0.855715308281334
2442,-0.02612316017676156,-0.519838486400758
2443,-0.010536050540152418,-0.5140871203657311
2444,-0.060341544541087075,-0.8142448727253919
2445,0.015238700057896192,-0.7009857959410277
2446,-0.0940966780100004,-0.9353638350604809
2447,-0.0686081167298563,-0.959722156577606
2448,-0.028660432611677455,-0.9148279577243887
2449,-0.1349448270718284,-0.822696038509136
2450,-0.11627478079397993,-0.5076421293390141
2451,-0.0631798863707392,-0.9052849644765711
2452,-0.05418977773591013,-0.7221152543615778
2453,0.04429986623017709,-0.6581161756089385
2454,-0.0663501261703167,-0.9434845900081248
2455,-0.061344764443149555,-0.7261276178086005
2456,-0.004570455745817336,-0.9667619919076277
2457,-0.04218574449688789,-0.7997813230703226
2458,-0.2695330457008551,-0.2779701536731973
2459,-0.00022463414382862049,-0.7872132075438867
2460,-0.07739986576014637,-0.7652454050229938
2461,-0.12684846795702995,0.14730852682472229
2462,-0.14316436194902651,-0.13331307314978036
2463,-0.19240011368288434,1.876822103696552
2464,-0.2253727873786991,0.04248662616452126
2465,0.002903816392861535,-0.8263914151672314
2466,-0.05141942383628252,-0.909068378343699
2467,-0.15133681604267468,2.327671745603204
2468,0.013516745168722307,-0.42317460941781876
2469,-0.0030018248451763076,-0.4360367572616396
2470,-0.036222760014565425,-0.9387935604487723
2471,0.0005591516286126939,-0.8695647247185851
2472,-0.011862207984885107,-0.7185904468922579
2473,-0.03188354659875732,-0.9676281290623885
2474,-0.006531497423288405,-0.15594560687818226
2475,-0.12427173120533519,0.29026724682050176
2476,-0.0818933728143526,-0.8657328740437048
2477,0.09292667068547089,0.06301621960929771
2478,-0.18606563265561998,-0.5955174487759991
2479,-0.043712088856417766,-1.047274568034518
2480,0.007355795738035322,-0.775405584497582
2481,-0.0871764073004815,-0.5698613118809038
2482,-0.004184569045844359,1.1111167512394204
2483,-0.07801132919547732,0.2863471443130653
2484,0.0027073929787723126,-0.7655874245546369
2485,0.03130276101235702,-0.7614133135627248
2486,-0.057046833029032365,-0.911835498015628
2487,-0.02704547889634275,-0.87267183463473
2488,-0.12280921097229713,-0.17645987588768153
2489,0.008152456816545677,-1.009722964428047
2490,-0.21940022679036747,-0.8435530815460928
2491,-0.045540686230971156,-0.42200048674441104
2492,0.04388308759333426,-0.3479967426455409
2493,-0.04439634013750028,-0.59051781480058
2494,-0.12188525664535363,-0.9236030625732269
2495,0.013566188637278941,-0.7770803965314477
2496,0.09704381466841792,-0.692161340209694
2497,0.001971204017107441,-0.7920690775163673
2498,-0.4159948954765841,1.2030998025972264
2499,0.05761617065018414,-0.37634968818191616
2500,-0.04278148525140063,-0.7996445603043614
2501,-0.02140390575093255,-0.9174106862243334
2502,-0.11633298434412206,-0.29936246253857524
2503,-0.027415042576632163,-0.8087837330705601
2504,-0.1428979625510357,-0.589425759894481
2505,-0.1767208352587968,-0.4309348778980045
2506,-0.07267891420327682,-0.5695508590181764
2507,0.049446817844605334,-0.22374346033250664
2508,0.05162016352892257,-0.4254936748414748
2509,-0.16630725986755204,-0.13936761500614325
2510,-0.00652111608639944,-0.4131855441932679
2511,-0.059243759184258865,-0.9250952460950073
2512,-0.23395178661137955,1.3727022084359368
2513,0.015427903959193062,-0.6881870300846905
2514,0.03469989788314251,-0.7788751831541078
2515,0.008628854115289904,-0.8786717412172318
2516,-0.059741137367373354,-0.8035718138293397
2517,-0.06246016083417487,-0.6348798832507281
2518,-0.15825704398620408,0.9702660596188032
2519,-0.021771721881491516,-0.7552766747124346
2520,-0.03164215497810301,-0.7273755231831921
2521,-0.10392911693401077,-0.5565660356434319
2522,-0.008224292113312357,-0.7238343662383588
2523,0.03062269695820413,1.548022232571589
2524,-0.07865032509997151,-0.9128165355696451
2525,-0.024866743777692147,-0.5502198597969553
2526,-0.022404961687058373,0.16271353682553358
2527,-0.02985229256900594,-0.9624298842396294
2528,0.010281347928391898,-0.46569484562988306
2529,0.0035944400592779722,-0.36696217370917167
2530,0.0690960152412866,-0.7360992204509961
2531,-0.1020207088343585,-0.8172747215204255
2532,-0.030109650779528752,-0.9869613676313487
2533,-0.06711609374822829,-0.8254785773123832
2534,-0.28758331483596805,0.22641962416754935
2535,-0.06882793414168792,0.9053909317829897
2536,-0.183190744303463,0.27951635148050946
2537,-0.1497565479517678,0.6683747274624044
2538,0.02177567488195199,1.900934782719843
2539,-0.028074449130665816,-0.9997979954803591
2540,-0.05024941812982667,-0.9663355800057295
2541,-0.05968911485139569,-0.6553055686700915
2542,-0.02542583116037581,-0.5228717500936587
2543,0.00267241922266653,-0.5236747819207955
2544,-0.02009398613584475,-0.8159481675880115
2545,-0.030779580760554853,-0.757429123563557
2546,0.107626445953354,0.17207955963751786
2547,-0.09929301066426005,-0.543645291358148
2548,-0.15636973643160412,1.0471234377696121
2549,-0.07432080894060972,-0.5781858727741344
2550,-0.07979466700020307,0.7265676283944177
2551,-0.027664978212505336,-0.9107661862786223
2552,0.03498409658382001,-0.27874117521549346
2553,-0.10676910326100167,-0.6405902971059956
2554,-0.13642379452673853,-0.57828562268118
2555,-0.100679571480843,-0.9336403995185121
2556,-0.08385376008564828,-0.5510900169584081
2557,-0.05030893061905707,-0.9342937793182479
2558,-0.014277308617767253,-0.8546468097615281
2559,0.02501412804639713,-0.16502760500238106
2560,-0.005242636832437867,-0.17415328445312106
2561,-0.032814598521350644,-0.7513967869236531
2562,-0.1443226587208214,-0.6379525784072908
2563,-0.021643782379694058,-0.9663844789963368
2564,0.033211458186572285,0.3909062783411882
2565,-0.06265844521146069,-0.8557340265920446
2566,-0.05472099718471751,0.06262237830377371
2567,-0.08518504701996864,-0.8833741208318021
2568,-0.014101955921136947,-0.7684569469434689
2569,-0.10868499844722959,-0.1586866071464489
2570,-0.08973722334504709,-0.36412327479066275
2571,-0.06599056769815506,0.3541830505601232
2572,-0.03105124158287197,-0.8200116967555995
2573,-0.01865538470350857,-0.8454621848284694
2574,-0.2141740325095879,0.8302706427551477
2575,-0.039960550594259694,-0.03852027583997608
2576,0.07700633713996771,-0.4230928342812481
2577,0.023259550522640723,-0.8350329712028595
2578,-0.08567236182623239,-0.6969076881845587
2579,-0.07729333118425677,-0.677097802444333
2580,-0.04189335372664163,-0.7647163611276775
2581,-0.06911330031250532,-0.5081920918636055
2582,-0.11925965376494138,-0.31564524947183775
2583,-0.2827817473158656,-0.28112945506404985
2584,0.015356492199589396,0.44181833205424603
2585,-0.0663725226220048,-0.9049378988047325
2586,-0.024453761324319364,-0.8151195035320417
2587,-0.057476297092950865,-0.7426828999733861
2588,-0.15138988974057044,1.9958578181629072
2589,-0.09791846844147044,-0.4870900705368347
2590,-0.0036826640851894445,-0.18680383965956632
2591,-0.28828306551498345,1.720469397802857
2592,-0.006680352624337586,-0.5889566481702071
2593,-0.027693080670115822,-0.9054184603084646
2594,-0.2604402221949355,2.0862578067425046
2595,-0.022816776040598594,-0.7738401419922329
2596,-0.10221754472295315,-0.5559816450079753
2597,-0.11211537212988007,-0.9104583154914234
2598,-0.12775053174424705,-0.9190648165697365
2599,-0.0291208467571298,-0.6861601086464458
2600,0.005041378555401956,-0.7134649236214531
2601,0.003307742271081989,0.2101639392318594
2602,-0.04292830202424125,0.3500948653875665
2603,-0.05269884171039402,-0.9166198929154846
2604,0.09681328885191531,-0.38810637868111614
2605,-0.05627397169752457,-0.8068437331715324
2606,-0.016268324060685808,-0.6070101463328813
2607,0.1715851567644276,0.19630403109113392
2608,0.009520017825499005,-0.4993304809023094
2609,-0.0785534717463337,0.4652631255954912
2610,-0.057509844061689686,-0.47948967205222875
2611,-0.08220683696173832,-0.8769257212750596
2612,-0.022751036302654914,-0.7540083668304204
2613,-0.05910842199891152,-0.9228024591028312
2614,-0.04915574406243026,-0.765403549737733
2615,0.00408848005277079,-0.5865202843783174
2616,-0.1007232877077861,1.4240995187899776
2617,-0.09059713915804864,-0.7570324670380185
2618,-0.04749209635365549,-0.8915600710893301
2619,-0.06104121147251773,-0.8513005455414093
2620,-0.06887695186576596,-0.5836630706846668
2621,-0.07112531332728093,-0.9563738436692772
2622,-0.015780779836275533,-0.8033229354673853
2623,0.23822974532197994,0.7361671579065837
2624,-0.015304377685861268,0.3608252733440357
2625,-0.17476166521665765,-0.19383231522529282
2626,-0.057081158985506614,-0.8898482360018156
2627,-0.136251767351639,-0.7830075551263223
2628,-0.12096143979953103,-0.710732838908521
2629,-0.1152250796972758,-0.8038095035308825
2630,0.02544648031695162,-0.4037998583883932
2631,0.061291617506176455,0.31221580738021804
2632,-0.007553043626190716,-0.6807949508934742
2633,0.07181198950919224,-0.17256611515471137
2634,-0.5026515272920679,0.2873483108972126
2635,0.023816425849204566,-0.3190737047572129
2636,-0.06986714773682459,-0.8128225731587153
2637,-0.056701172708797654,-0.8084792453179761
2638,-0.20974156661574123,-0.07966415854174747
2639,-0.04171325680546287,-0.9271238162329868
2640,-0.03296903881442201,-0.8985062432189137
2641,-0.15452350107431723,-0.4810080544304147
2642,-0.050778095415181995,-0.9469521093218155
2643,-0.035058825122869675,-0.8867202686093544
2644,-0.044297521923177416,-0.7862566835267799
2645,-0.08168636118020939,-0.9470230007945197
2646,-0.2686871432801212,-0.5346391421991772
2647,-0.04033648923176621,-0.8599647333159293
2648,-0.06030733921564013,-1.013357108796117
2649,-0.06461439484620246,-0.34674204904544226
2650,-0.06505382496066817,-0.8545176673526296
2651,0.027437726262154013,-0.3527491784622969
2652,-0.34725870017581495,0.7602509625852946
2653,-0.14925935063771884,-0.4287686887498551
2654,-0.049811821616083066,-0.3745394455312351
2655,-0.015352915842328802,-1.0134696903513443
2656,-0.15480832127935118,-0.5545624892478791
2657,-0.03117817653523704,-0.865295662761371
2658,-0.03007453474656895,-0.8824604829400956
2659,-0.08598990233778059,1.2846843089019133
2660,-0.015657553477322023,-0.9136115149645208
2661,-0.09053245993697183,-0.8189119653660181
2662,-0.05930473408736614,-0.8864281488900891
2663,-0.11250805284003423,-0.5976577736968632
2664,-0.034176908904077624,-0.9631546407125331
2665,-0.02872558714492614,-0.6320316635963591
2666,-0.15334724154832846,-0.6181170540050038
2667,-0.07674041175593105,-0.8783440735158441
2668,-0.08330695924072937,-0.862542958850002
2669,-0.0031739517832281607,0.7569801225846017
2670,-0.19491027497574442,-0.33780697348176986
2671,-0.1050011686774895,-0.6899850730789101
2672,-0.05851463031041772,-0.9180206793809691
2673,-0.1962351609578643,-0.6705641357139048
2674,-0.006992529215027469,-0.33593572988574283
2675,-0.06580196352955431,-0.5311186739049912
2676,-0.07133701406012058,-0.9576325181419708
2677,0.022668372175599843,-0.8418335958018449
2678,-0.028656865064709585,-0.9491888003564992
2679,-0.03714931039818074,-0.9456339316051219
2680,-0.15100152246934087,-0.19931920629225203
2681,0.006511393349267532,0.3113517369381319
2682,-0.23083368103939733,-0.7336109916240794
2683,-0.10248429733239099,-0.8394421896837185
2684,-0.07556668629383306,-0.49963957284435256
2685,-0.05482954514317148,-0.4440971874431459
2686,-0.08520639168557681,1.5012181423896798
2687,-0.2561437846326668,1.7171698152023707
2688,-0.13146079401441313,-0.780693939854484
2689,-0.1998976104025454,-0.5351338152933709
2690,-0.0712790755655539,2.060063463062973
2691,-0.07173796668092164,0.10534988253981215
2692,-0.053832860210338895,-0.3346291684733447
2693,0.011430496936273151,-0.8061116662296578
2694,-0.08373818072897604,-0.5525102160245596
2695,-0.059805853794370326,-0.49420596722584054
2696,-0.062190324889962345,-0.8804603615428944
2697,-0.034658813688993165,-0.909214900176267
2698,-0.1095504928301871,-0.6802719251859771
2699,-0.0018632008618575287,-0.4424226238995061
2700,-0.0036420245726238136,-0.6250169119982072
2701,-0.05524180831211739,-0.6102165454222283
2702,-0.2889266691147604,-0.43960757462824257
2703,-0.067843732243131,-0.8097375727667018
2704,-0.07799970263184033,-0.7798013026456024
2705,-0.03172331520306153,-0.8259756109239214
2706,0.13451134572640416,1.217904894902611
2707,0.013182714496175595,-0.8221079129650264
2708,-0.01987711022757112,-0.9455714421802716
2709,-0.0399404155523468,-0.8599264976071548
2710,-0.036637794939747115,-0.4988903242975886
2711,-0.03199231110372383,-0.9599624682428076
2712,-0.08877889938048768,-0.7795302436801891
2713,0.021065882180378647,-0.9307824333077601
2714,-0.29148407367113655,-0.37764729087134263
2715,-0.0021740546720534805,0.4659814299018904
2716,-0.14964110468722291,-0.7544229071927391
2717,-0.04945790004514512,-0.7809369715591801
2718,-0.1228392284461825,-0.7211401104001998
2719,-0.011075804244043173,-0.44724199606440246
2720,0.007134807345032936,-0.7202513587501487
2721,0.1665536231132101,0.07243441650568128
2722,-0.1611366242895485,-0.7985390296262682
2723,0.010910725450010286,-0.8012185826178649
2724,-0.023658897042129454,-0.8115202082357669
2725,-0.0663666842047747,-0.9435130062107577
2726,-0.0442949255638298,-0.951079666341674
2727,-0.260191909605793,-0.3466343663604615
2728,-0.01186746217596096,-0.8016673838280163
2729,-0.0646973522687984,-0.9083653574869885
2730,0.08725134968233285,0.1980344292065137
2731,-0.016927290848897356,-0.7345639502705842
2732,-0.3294025723585174,0.6798342986499285
2733,-0.008359655938794775,-0.6891795229853214
2734,-0.12062252183179839,-0.8165027775120219
2735,-0.035745857433278516,-0.9818564262509573
2736,-0.008666125409879256,-0.7433153239243899
2737,-0.06742798141638306,-0.7363589289391101
2738,-0.05351434391369274,-0.7590548136160281
2739,-0.0646658863842368,-0.8987422236986913
2740,-0.0684320207668235,-0.5332848390101764
2741,-0.07981966735599141,-0.14229988309335362
2742,0.0068215716363378524,-0.02882599600182767
2743,0.0735456932816092,0.9587711630015509
2744,-0.09831883510046788,-0.29082227513742204
2745,-0.3422464918935704,-0.06848277708001449
2746,-0.019966405732391824,-0.8612493697884083
2747,-0.5943314916138649,1.2415752522559695
2748,-0.05757164909318825,-0.8815070599638603
2749,-0.03727565936188007,-1.0014856791828277
2750,-0.10518924412926033,-0.7959871918849466
2751,-0.05426417090593809,-0.8839841118410153
2752,-0.06323446653539733,-0.8093968113400403
2753,-0.07288906661752058,-0.9599171269273878
2754,-0.04800962278326,-0.8948168581827258
2755,-0.10012594635581037,-0.44217757006929
2756,-0.12023186507165312,-0.3151891040049632
2757,-0.0043736603884107945,-0.7843185973180158
2758,-0.1782523356040658,-0.06736822171701795
2759,-0.179073911887014,-0.008163201591873337
2760,-0.05803899628232578,-0.8266387314743808
2761,-0.03565169697827933,-0.7669442350480602
2762,-0.10055559875064929,-0.7230215629933242
2763,-0.03512257334518565,-0.7711415233513491
2764,-0.06230519172140578,-0.8914497142325858
2765,-0.11791208700254349,-0.9134745900097057
2766,0.037252890890498616,0.17883909052758595
2767,-0.03424550824034367,-0.8923459703283981
2768,-0.02521643334177515,-0.06878468258679371
2769,-0.11558763135271813,-0.4292027221485787
2770,-0.03514196556020094,-0.8902010229432608
2771,-0.0048565236321791196,-0.5327141434799503
2772,-0.19954943867354202,1.2055025369150405
2773,-0.035802921128613954,-0.9416166040948535
2774,-0.03476828127023096,0.3185043015997694
2775,-0.040686300343223264,-0.8478067966908911
2776,-0.017277377500288408,0.3825705971788024
2777,-0.0656079934479209,-0.6588549431827422
2778,-0.14657455998279498,-0.7705136816243069
2779,-0.03401342294959954,-0.6481424020688691
2780,-0.05719532552709983,-0.8141426621354189
2781,0.033408296873040685,-0.4936270025595696
2782,-0.2886614984952752,0.0231992643443798
2783,-0.057666854983923155,-0.9245051705313487
2784,-0.054758604164566765,-0.8213610220857677
2785,0.20648052332578865,-0.3758417808216153
2786,-0.042946406829789174,1.6488986499502647
2787,-0.0852447585540842,0.36697555806847293
2788,-0.08067478324445528,-0.845983097604385
2789,0.039569930729504044,-0.3465096517708029
2790,-0.05762092218011294,0.2696540218764847
2791,-0.05729875082038342,0.07891429785473225
2792,-0.03728388562213557,-0.9347455885939985
2793,-0.23499739078479098,-0.08779742761496068
2794,-0.14975277798520484,-0.6647388058546511
2795,-0.09740334099508546,0.08287983993920656
2796,-0.15060650841720374,-0.008421883657565576
2797,0.00949525794322664,-0.519141620967744
2798,0.06504422537421488,-0.8374692844345868
2799,0.15100115766305938,-0.12576346535896077
2800,0.01722494342778785,-0.749147521917505
2801,-0.06774867275754862,-0.6638381820813123
2802,-0.27402735430693487,1.1419437429374937
2803,-0.06607937816916158,-0.8349107985006029
2804,-0.04706748164236242,-0.2529427545778533
2805,-0.06680214956826389,-0.930651722609781
2806,-0.07261132733329753,-0.8824486078151368
2807,-0.051477501333793516,-0.7457411493567553
2808,-0.14642017949202019,-0.7054516394677712
2809,-0.0016944180956201989,-0.5268321878862939
2810,0.026421098686498248,-0.9261474048144906
2811,-0.047010278507039885,-0.9760748239710397
2812,-0.12989462246864455,-0.7473522349715009
2813,0.0627984488297735,-0.16695119145330656
2814,-0.13692347178000916,-0.80757600820002
2815,0.09025365710085306,-0.06824719982068284
2816,0.022860641702790643,-0.5537111597086561
2817,-0.25177585279948017,0.4050448324406434
2818,-0.07475460947014151,-0.7450386138988697
2819,0.028484490596936595,-0.816752571200777
2820,-0.032081458718414974,-0.8108377311337518
2821,-0.06926745589672534,-0.6140895727105911
2822,-0.02233911175879433,-0.9058544249190943
2823,-0.13648701996826848,-0.724587763803001
2824,-0.0319511538749114,-0.9809149459852619
2825,-0.036285023943998546,-0.895728433745418
2826,-0.044592621239909064,-1.0049700061436415
2827,-0.019738739059591778,-0.7871782572637052
2828,-0.013051255496411205,-0.6984521838641624
2829,-0.005901371484239252,1.0525709525488138
2830,0.006108830655919575,-0.35198454793328315
2831,-0.12866653443625897,0.5304121765514315
2832,0.03482310481943157,-0.75870227287266
2833,-0.04634995664961286,-0.5481604442619825
2834,0.0155550136473902,0.33822230640248585
2835,-0.00735168733748354,0.012777126094617675
2836,-0.05859563370861326,0.9966567377578658
2837,-0.07351463186061186,-0.745976917789699
2838,-0.020461642664381646,-0.9774510152228565
2839,-0.030049449887593952,-0.6787408246725294
2840,-0.044524848949318976,-0.7550341404861718
2841,-0.06498490769558647,-0.7736606866529703
2842,-0.04847032672305482,-0.8686546130590398
2843,-0.0529097108724743,-0.8588881936166666
2844,-0.06134321537212141,-0.8282563520826203
2845,-0.09007176176864556,-0.9050615675048264
2846,-0.14295985235371328,-0.7274674631109604
2847,-0.07754476492028148,-0.9806673177383334
2848,-0.14111379325024134,-0.32640650319861797
2849,-0.10690126452194165,-0.7990509822796263
2850,0.09698062333196722,0.3042548535057028
2851,-0.23635819293035842,0.08253083839544739
2852,-0.08162415662636305,-0.7794192782535228
2853,-0.226205968345349,1.0601589155672557
2854,-0.05911477487434186,-0.28557035061282904
2855,-0.02804208195390648,-0.9556447299389702
2856,-0.044601706600057106,-0.9477221160967348
2857,-0.06212492291477201,-0.7962661094760504
2858,0.052336400807693584,-0.5105965220759916
2859,-0.039507718485283366,-0.570969692921905
2860,-0.04413649368071988,-0.9051735648385394
2861,-0.05150842752967935,-0.23804756793749188
2862,-0.12703489786430822,-0.34078468258306305
2863,-0.009246829969571383,-0.9499867751891038
2864,-0.016559093921229204,-0.8754187456037403
2865,-0.08146344336019376,-0.5006768732373433
2866,-0.06377934382202428,-0.949249434322964
2867,0.010635067923533952,-0.8677643220883879
2868,-0.028698811367444375,-0.7914890951759008
2869,-0.03717948192207668,-0.8333516442709896
2870,-0.07939125412711073,-0.5229803321511215
2871,-0.02446001513080186,-0.8171335821992622
2872,-0.09722925092166224,-0.9054255119799174
2873,-0.07923344361968743,-0.8366632241009718
2874,-0.14605165184830793,-0.3957405517648852
2875,-0.015402424866945489,0.21664757478842456
2876,-0.41086220116172806,2.363697946661444
2877,-0.015737626044671663,-0.7942207416280708
2878,-0.05042324679969429,-0.9063954934040979
2879,-0.10588015766075892,-0.52303917717392
2880,-0.04329028699720455,-0.7115866895537065
2881,-0.007416101877064898,-0.9516422555586357
2882,-0.31559265361169,1.2982264190466646
2883,-0.07692865974472433,-0.6568755333143206
2884,-0.08594263491651169,-0.5461777591730645
2885,-0.007611199046091231,-0.7414252768194983
2886,0.005342945612656299,-0.7544763686249427
2887,-0.16757370003298466,-0.4317291443219669
2888,-0.31369494420704574,0.412414174220903
2889,0.00017361990970973448,-0.16150422181858537
2890,-0.2577133652181426,-0.22440544048020916
2891,-0.06603924629557137,-0.3658539499057265
2892,-0.021337267299363184,-0.710485149589942
2893,-0.04718179249828515,-0.9859204763126669
2894,-0.01569444747800815,-0.8500937937255706
2895,0.010206252508763124,-0.8036620021591016
2896,-0.2274664301718164,1.4643105380441401
2897,-0.1498345478158653,-0.6817840906396773
2898,-0.0967795577379095,-0.8850973460921394
2899,0.08241664937426615,-0.9034709721907919
2900,0.02070122762484144,-0.9829790109698743
2901,-0.017390177260582635,-0.8272794279967702
2902,-0.06496394476634054,-0.9372673381122814
2903,-0.10810169071370608,-0.9255917324066177
2904,-0.08863518301777826,-0.1580290072838394
2905,-0.07364750764833769,0.12258575218343148
2906,-0.12582908340711885,-0.15844197634171187
2907,-0.04503130772256171,-0.8912133551520796
2908,-0.005368511547528574,-0.3491849439234148
2909,-0.010519267444851061,-0.9018388846375947
2910,-0.10550435414396503,-0.4102293116832186
2911,-0.01729094188337939,-0.6261854547183333
2912,-0.22554228454985015,-0.3890962451039146
2913,-0.029743021835240777,-0.9041433585742359
2914,-0.04476147662016172,-0.14191618517845894
2915,0.021271690441373833,0.810055048150578
2916,-0.0916907449839604,-0.7616059749416862
2917,-0.24077073005077126,0.4457574272988679
2918,-0.02987629258690094,-0.9364050199475754
2919,0.04884430642574164,-0.9001512427454598
2920,-0.0519077364447202,-0.3435540687016393
2921,-0.04462694380066813,-0.9723234564564482
2922,-0.14353667955781862,0.4376389081764579
2923,-0.07975194885743159,-0.5514081281391454
2924,-0.18124817997891796,-0.6459424373663573
2925,-0.04094118697404986,-0.576710110203564
2926,-0.06263302329992865,-0.996793058943971
2927,-0.5338909056865777,1.1502759173509078
2928,-0.11183464468796639,-0.5973172399652317
2929,-0.09186232233792055,-0.2442170167786859
2930,-0.08462664973073729,-0.6820760175410465
2931,-0.07849352065703508,-0.3241237655424732
2932,-0.017420222230811955,-0.9090599632394112
2933,-0.06951681973939294,-0.7315860530410684
2934,-0.07639510808647137,-0.8827607922301796
2935,-0.014980727498189076,1.965775396057691
2936,-0.03444755299503091,-0.8701268552772612
2937,-0.2572086929957203,1.4499938060039224
2938,-0.012215529429207717,-0.8579745498873841
2939,-0.014112569506969017,-0.8020485815181506
2940,-0.05455353917436501,-0.9870131768888317
2941,-0.060489078141526695,-0.7434479439596753
2942,-0.10838369686996023,-0.22772956240522846
2943,-0.036219028456930105,-0.7391436880314181
2944,-0.11063423581989848,-0.7446831329611229
2945,-0.056033552952092905,-0.9623857328730697
2946,-0.00845450106072446,-0.7575868792335145
2947,-0.09109353641602662,-0.8739993755721664
2948,-0.011552424676123527,-0.40231820120522965
2949,-0.14423395829664637,0.8447585645963157
2950,0.05521635108806633,0.9460662191857151
2951,-0.008297356458398606,-0.6875254653852864
2952,-0.028178450456391103,-0.9697485849727934
2953,0.04086806160462721,-0.8086616113309534
2954,-0.030447318101822805,-0.5052621251992024
2955,-0.004005119134937746,-0.518752804659419
2956,0.11142983982859488,1.5014787221953627
2957,-0.08419464317029217,-0.9837677400662134
2958,-0.0341144922908464,-0.6135936422533049
2959,-0.05981948662870243,-0.8617393727108179
2960,-0.03538177082389382,-0.8830529932932042
2961,-0.08806235662682563,0.8407293594256279
2962,-0.0011214384297399162,-0.8640029878492471
2963,-0.010460888275803232,-0.7647110879849048
2964,-0.054538769337484055,-0.8151234568565567
2965,-0.03914166369287042,-0.23865525276134314
2966,0.050849161272061405,-0.5431175803385667
2967,-0.024046480563132955,-0.7830831532763224
2968,-0.0038017790701119804,-0.3213992099745202
2969,-0.039754931827590795,-0.8016302366403858
2970,0.003553853615857385,-0.5120786021108172
2971,-0.008520257954275402,-0.7141375386575781
2972,-0.13428876425276218,0.8452341459808798
2973,-0.013295028563488614,-0.7209690931814345
2974,-0.0006965191297604624,-0.9686519122659237
2975,-0.05960064087255908,-0.33737724518348355
2976,-0.022651333367147076,-0.7492633158409238
2977,-0.05277224219341471,-0.8244697793322178
2978,-0.08154225725810452,-0.37900214734402804
2979,-0.03496255511204101,-0.9842875362437147
2980,-0.21725089281220294,-0.0705277770829621
2981,-0.017785595048956746,-0.7759221872788036
2982,-0.07137093040280702,-0.787483161920969
2983,-0.08241968340310797,-0.9657943136411673
2984,-0.3210484023594274,-0.5038390232369001
2985,0.04390892508724906,-0.19604755235893156
2986,0.0023850233146475545,-0.9161193033408259
2987,-0.062258024425375535,-0.896109710418238
2988,-0.24026546320801256,-0.19103891126589018
2989,0.05437365991376508,-0.17512157386755478
2990,-0.09154276759574695,1.1221948825257657
2991,-0.03027525803653532,-0.6379492546678123
2992,0.009720710941392912,-0.9341423304518912
2993,-0.10764779646682804,-0.5367694163092157
2994,-0.5221713164558077,1.919457011495635
2995,0.002202159289387936,-0.6412073401776088
2996,-0.014523350417273592,-0.7341693699166458
2997,0.002925715530093017,-0.8750149952838611
2998,-0.07360238911444267,0.21019044860963843
2999,-0.1457674758195594,-0.6707655374137083
3000,-0.02900855263991051,-0.8606236815717687
3001,-0.1021576863168124,-0.7304695740593599
3002,-0.24206344048068262,0.4552378905603124
3003,0.0024005031785152113,-0.8851312841934189
3004,-0.08104388761756401,-0.7668824681530396
3005,-0.08624972392570315,-0.849173765916289
3006,-0.1475625346857292,-0.4522831283298181
3007,0.05808803640594665,-0.146786167110749
3008,0.0071919220020578815,-0.6882299433174861
3009,0.09013322341127278,-0.10123310722964873
3010,-0.05286988291340919,-0.7863140051312945
3011,-0.019679095393283722,-0.8795942863266515
3012,0.011861850271361742,-0.7593319613024407
3013,-0.14787790532464734,-0.7219611903249968
3014,-0.0603055079790764,-0.7807294915586418
3015,-0.14848001236629915,-0.7391691077010967
3016,-0.0001769474373722081,-0.21997236275895415
3017,-0.00834666834440376,-0.8524692788781173
3018,-0.05920505265804993,-0.9193116236735651
3019,-0.06726148060157842,-0.8213060030914079
3020,-0.06302581627288578,-0.8375200101317012
3021,-0.03817017261403295,-1.0006584152687013
3022,0.09766305091345649,-0.6220316803442613
3023,-0.08591914602299361,2.0449139789829425
3024,-0.15544345950263655,-0.33991864304277997
3025,-0.07720918210226074,-0.8290168183717704
3026,-0.05285120805545854,-0.3839357601505309
3027,-0.03994098616872359,-0.970869763231377
3028,-0.06243625572539663,-0.841349824809436
3029,-0.015185442768147876,-0.6138742295989765
3030,-0.0592956019986222,-0.8910768520246395
3031,-0.05222404095444336,-1.0046920372702886
3032,-0.04990852143032766,-0.2803170848136587
3033,-0.012073196637832257,-0.6639131019243159
3034,-0.07997621597996925,-0.2218603628622614
3035,-0.11289517788620207,-0.6460187335901922
3036,-0.019829976723130322,-0.9149222376529248
3037,-0.09591695243024814,-0.7885202344368913
3038,-0.025031763425531404,-0.9585755361327128
3039,-0.006717414440364371,-0.8469377891128775
3040,0.03592754312431212,-0.04233862253433607
3041,-0.10389516628652715,-0.820197956015898
3042,-0.1695095884262084,0.6926934956505478
3043,-0.07064470479722879,-0.8613171889484786
3044,-0.07003198056866772,-0.729079285961025
3045,-0.25847992573624456,0.5530573154420698
3046,-0.4344860809415186,-0.5026676271342343
3047,-0.2754974529019793,-0.6236506768305687
3048,-0.061037613995187284,-0.7969112312561332
3049,-0.05695162269130355,0.3390876976869355
3050,-0.12244556397481016,-0.6712684426157556
3051,-0.07215260613850495,-0.8586343967522876
3052,-0.13243693951428193,0.5255575365555641
3053,-0.08913835105350121,-0.19509742908293481
3054,-0.14560975453477315,-0.3810927032414584
3055,0.022665391606709048,1.058407338519269
3056,0.05890890651470837,0.5819770154154561
3057,0.03512303444150994,0.15076423824917196
3058,-0.08510255095701019,-0.2911887531410764
3059,-0.01885139018298986,-0.9598353629704643
3060,-0.09736512917088778,-0.8331468673578213
3061,-0.0426250194832902,-0.9747317373662172
3062,-0.17233887023122696,-0.6852602675991075
3063,-0.06654497468339228,1.1160725487792509
3064,-0.005187432122672048,0.46912832718680664
3065,0.007014251704270013,-0.6041141310570388
3066,0.0013451265954677431,-0.9014514222231689
3067,-0.22363639215054626,0.09246061362053493
3068,-0.12895035182376588,-0.7917763850793396
3069,-0.023634844212949663,-0.8116958838111921
3070,-0.0847995382020987,-0.25249459869444374
3071,-0.013411858939124058,-0.6278725178861382
3072,-0.09591392260387756,-0.8887940117524376
3073,-0.025363258670700845,-0.7381080965088832
3074,0.004337435441365802,-0.7165491497072765
3075,-0.0977696801952547,-0.8508890730698025
3076,-0.11248023743359004,0.9144559742653907
3077,-0.04104621316384746,-0.438665163657701
3078,-0.17545020363330263,-0.3406361843704694
3079,-0.19663733710810066,0.2946749610469591
3080,-0.061892175492879994,-0.9544328877792765
3081,-0.01566102605525196,-0.7946188473865874
3082,-0.04358313040774431,-0.8710580579310123
3083,-0.055921199035466176,-0.9311616525753065
3084,-0.19204747405096734,0.40635174133378305
3085,-0.06212028806454614,-0.8569777709914156
3086,-0.0023207453886240938,-0.24358365788845715
3087,-0.013404405130261785,-0.3429107589719873
3088,-0.04558342914418825,-0.8813885553901003
3089,-0.006976773736959322,-0.8305805547428029
3090,-0.009616428983007696,-0.7221700347238152
3091,-0.019797888255140148,0.17889243687218348
3092,-0.11324827177372565,-0.7123260322890252
3093,-0.08443537833637904,-0.7249540146192609
3094,-0.03891379811509878,-0.4916585758172839
3095,-0.012027572516505092,-0.804418879765053
3096,-0.15742817299506706,-0.3655023232720533
3097,-0.1072615457577232,-0.9851688370593528
3098,-0.08650679415315307,-0.8693769325301075
3099,-0.03386624768248486,-0.9122044243314902
3100,-0.13493944315389977,-0.7367163633301833
3101,0.013873217050156452,-0.3371942683701087
3102,-0.38262511634580637,0.16709985660844073
3103,-0.03464084697307969,-0.8140554212659135
3104,-0.016824379816226327,-0.7060747544203693
3105,-0.11814245100798115,-0.09861060911618869
3106,-0.035187104692807655,-0.7969963028230086
3107,-0.044443139323522424,-0.799258640392251
3108,-0.10313788701190822,-0.4783187689168281
3109,0.04646111928486052,-0.5431678134074247
3110,-0.042528001956830264,-0.8190833200620907
3111,-0.11737878776491345,-0.8352409645035261
3112,-0.11167585749774381,-0.809384339525316
3113,-0.05468855419750972,-0.7196241393470558
3114,-0.06505066653801991,-0.9968566341830263
3115,0.07740888260405668,0.43323866758747764
3116,-0.3481060711337984,-0.08169802183934516
3117,-0.12219785054860069,0.017412339156528844
3118,0.060395712959611714,-0.11213385715160207
3119,0.0818411430683855,-0.7115717566421602
3120,-0.041634210222364756,-0.869165256069173
3121,-0.19632753848490095,-0.11891637156115664
3122,-0.16431291525996988,1.3688510683369302
3123,-0.3834067266780316,1.8973808760206392
3124,-0.09886144121641993,-0.2846304758226915
3125,-0.0346706853865828,-0.8976079850483913
3126,-0.0651555737823559,-0.9431505586510328
3127,-0.024643401395512302,-0.8034202886226472
3128,-0.10873724567637146,-0.3769823920590645
3129,-0.035537611384445,-0.6617547080387088
3130,0.015853367938465448,-0.5471208962524613
3131,-0.029979459261146927,-0.8139553149099912
3132,0.04355243110120954,-0.894858010426618
3133,-0.0313978482711923,-0.6437069330209284
3134,-0.038310309414576596,-0.7454227464058761
3135,-0.06691702475629922,-0.8632844871983594
3136,-0.0031064641859016064,-0.8698653452140472
3137,0.0070726475636961154,-0.38166636328945536
3138,-0.08913516993602669,-0.4366576445783237
3139,-0.04625876176849453,-0.8197793230664856
3140,-0.22839067813075425,1.4370922787925569
3141,0.017340099893466267,-0.6851114675692912
3142,-0.11047314028011337,-0.3716873042728883
3143,0.03563138903612771,-0.47489746638832225
3144,-0.20858924751249983,0.9102408544344286
3145,-0.17893139778456246,-0.5771701390382836
3146,0.012505514263920641,-0.8456905346322512
3147,-0.0013850172412284735,0.217324846667994
3148,-0.002059716181515906,0.6408555020074472
3149,-0.04487046192754254,-0.7652397113680443
3150,-0.1188186198370558,-0.783733647222928
3151,0.07943643628830047,-0.1594326533616559
3152,0.02383008424071958,-0.17633639122434125
3153,-0.020508263835928107,-0.5009076613783041
3154,-0.07403515921634596,-0.8487927215853303
3155,-0.1317627741524935,-0.07349931985025304
3156,-0.08202233815582971,-1.0286103978766654
3157,-0.012044063328459118,-0.5682014893455807
3158,-0.11312975880395659,-0.6867105863613502
3159,-0.25173382499895497,0.53196237130136
3160,-0.035654685321940605,-0.937422941118245
3161,-0.12514645317309445,-0.7653709987539935
3162,-0.08572127391968007,-0.8793892735067865
3163,0.08072103406755976,-0.6683673941404176
3164,-0.10042820952352942,-0.23423698107044622
3165,0.05093462854173279,0.21907718522679387
3166,-0.03515869638268325,-0.9796915914696164
3167,-0.016305651594153803,-0.8429019398225964
3168,-0.056124918357458725,-0.2904574426294753
3169,-0.056361041480475924,0.5409587679669096
3170,0.05029847884334654,-0.11523648720122348
3171,0.05022097068890766,0.10308490267785508
3172,-0.00840868939185201,-0.9709270141162828
3173,0.12604781661145073,1.309230976372485
3174,-0.028252810658282255,-0.7816150256153978
3175,0.0012554400283179383,-0.7566699370685832
3176,0.03958645991625698,-0.6536902657957517
3177,-0.012640474479557216,-0.8254447701584706
3178,-0.02064445222583138,-0.7813978436554725
3179,-0.02326459428554688,-0.6533610507084165
3180,-0.2515422960021138,0.9100064537218396
3181,0.005138595166498585,-0.9599758859537698
3182,0.11950220339331197,-0.08888846420782337
3183,-0.08702316098035903,-0.800563923231429
3184,-0.06893069836359597,-0.11576258541684814
3185,-0.11811605918091239,-0.48637278107409726
3186,-0.02922649822616594,-0.981361110690548
3187,0.0033976843777741815,-0.6111294651068822
3188,-0.0006349258331476391,-0.9205523237931253
3189,0.025068663877433086,1.314252827751694
3190,-0.08034850254906892,-0.30409636324214095
3191,0.04675147344422684,-0.6621377604401358
3192,0.056108034206013305,-0.7821749734035427
3193,-0.09894190724960686,0.22359449755261163
3194,-0.07883607875159893,-0.903289501931225
3195,-0.0900653227078434,-0.09517491042395165
3196,0.020624242277796464,-0.6340615282827965
3197,-0.1160242075928268,0.7585659198958589
3198,-0.009385789398266665,-0.5811220505107011
3199,-0.15582848787009618,1.4388299855321884
3200,-0.060855214804163754,-0.7829014568454945
3201,0.039485489894877934,0.5858562401993573
3202,-0.14182361362555299,0.3328661412339379
3203,-0.0242229961269667,-0.836074747280174
3204,-0.02857909699990979,-0.7913441842564443
3205,-0.14794447440899172,-0.7220059548763423
3206,-0.06071825600188693,-0.7694569403181407
3207,-0.11238659893514197,-0.7548413091701026
3208,0.011498543234803964,-0.5540417787914576
3209,-0.03410054265712159,-0.4998735782759418
3210,-0.24843844573668228,0.4979841182516288
3211,-0.33290225091252706,0.14867312792331377
3212,-0.02617440326379625,-0.6606502806397765
3213,-0.03730081721633981,-0.7789533220271674
3214,-0.06022728705261812,-0.3106059264593287
3215,-0.18527890939343622,0.0485873843840916
3216,-0.14437379550475765,-0.8225710465276493
3217,-0.06862115970918174,-0.6133072143050357
3218,-0.05534244471874669,-0.9421237542128602
3219,0.039662494188135514,-0.44516662231073156
3220,-0.07818584810489368,-0.7415089997561939
3221,0.01296185380157448,-0.9366166279190726
3222,-0.0572031639087503,0.2094291670868259
3223,-0.02805598279748776,-0.9323634329586066
3224,-0.04608378895989536,-0.6481632257930807
3225,-0.03934129306598362,-0.7642201549807774
3226,-0.037747057205080994,-0.6184458210777922
3227,-0.08607360103506848,-0.361572186506872
3228,-0.06573267119135781,-0.3138946829789353
3229,-0.0233810444464309,-0.7773730197595559
3230,-0.05390228347318515,-0.9096160156807469
3231,-0.1313847233449813,0.04799195813155577
3232,0.008134188347846846,-0.24818972208852397
3233,-0.06311109766416098,-0.8161729078648923
3234,-0.024966858827483982,-0.8170944694827447
3235,-0.010502091458403088,-0.9534360285819589
3236,-0.0020404099876735783,-0.6143816411383722
3237,-0.06515768085016169,-0.8966436345984711
3238,0.004352740409711547,-0.9018391065479789
3239,-0.04542199912456754,-0.8902630602285173
3240,-0.16684419799415665,-0.23610903478289463
3241,-0.02787308038425163,-0.4630527405877979
3242,-0.044107084156058046,-1.047880457675871
3243,-0.05566874126789448,-0.7879040179384296
3244,-0.09252375495250975,-0.9241800091909025
3245,-0.11640710926294875,-0.5030467185768907
3246,-0.08032888416043082,-0.7372597674104754
3247,-0.029280968094410147,-0.8092133934657978
3248,-0.08988965644955296,-0.26310038916899353
3249,-0.02722406313983085,-0.7369729714604383
3250,0.06741019824858092,-1.032888475832231
3251,-0.053207761178280064,-0.8588877190110068
3252,-0.10673918245600855,1.0247327150324979
3253,-0.16056048746214707,-0.8561904641172109
3254,-0.1839246144743042,-0.39681386163234383
3255,0.1546111229125849,1.279958496721569
3256,0.008612033005796448,-0.9165731398138086
3257,-0.06327253590433607,-0.6453445894547398
3258,-0.03867623931527617,0.34288799624037447
3259,0.02785348200071427,-0.6273226762474268
3260,0.07126552792160751,0.020226458697652494
3261,-0.002544799509573561,-0.7146599397027761
3262,0.03243921204924671,0.5724967364618586
3263,0.06233983891767522,-0.4418402460896419
3264,-0.1588803567571209,-0.6203253187631906
3265,-0.04307801693222864,-0.7697923496273995
3266,-0.07019882512148368,-0.1590126556246867
3267,-0.05108747117271978,-0.9616559465566925
3268,-0.058128307529847545,-0.8115943871818426
3269,-0.006927161599680157,-0.2618433468280038
3270,-0.05034879828909389,-0.5228339072054786
3271,-0.016576555043440664,-0.37205695023698876
3272,0.17899343703382586,1.0456711528900309
3273,-0.08209512975050165,-0.5025696473465526
3274,-0.0658542444688578,-0.8289270527013287
3275,-0.029811356862248183,-0.9011851949582876
3276,-0.03572913281549761,-0.7808921806766543
3277,0.02906842079070927,-0.7816717880816128
3278,-0.020310697815263155,-0.6446703145804802
3279,-6.510458520046086e-06,-0.8878300300815525
3280,-0.09493759058620468,-0.7840617844639659
3281,-0.05646682857804716,-0.8041710125272966
3282,-0.09951912349044824,-0.7737963373717871
3283,-0.031908628490871574,-0.8886564801358086
3284,-0.35611602092177536,0.3185183104014917
3285,-0.048594836804228464,-0.8695642284746455
3286,-0.04340469044808723,-0.7367684146857361
3287,-0.15078430716120145,0.09682193273097317
3288,-0.025258604009065436,-0.8161571862991324
3289,-0.0468408895986378,3.6316884899005655
3290,-0.04211685362200941,-0.866190397869645
3291,-0.008038072161089625,-0.5199576606581924
3292,-0.046425300739744255,-0.9118456217473951
3293,0.0055118843926397175,-0.7785683265030992
3294,0.10813418075924852,-0.6242672787532817
3295,-0.015298408701295844,-0.3069688437661637
3296,-0.050504974975228836,-0.6862207744455388
3297,-0.14072737815215258,0.263942634384281
3298,-0.07359750564520637,-0.5898787900275785
3299,-0.044214150443835296,-0.9245483204882832
3300,-0.004936560100693283,-0.907584273061522
3301,-0.05170150179628316,-0.7252328551928955
3302,-0.09327667038946441,-0.7837696046638248
3303,-0.06268652688097762,-0.692643540006359
3304,-0.003883905099276417,-0.7424771075183597
3305,-0.11397868550896764,0.17822985103031241
3306,-0.10169298774524432,-0.7838737672440663
3307,-0.08579433972618036,-0.6870216190194124
3308,-0.09299474848280435,-0.8526567811387004
3309,-0.03877112067574613,-0.8343808630370554
3310,0.06124141343770091,-0.7507697976524695
3311,0.09429746066594975,-0.13631756455446464
3312,-0.17117412954890546,-0.38300110549641264
3313,0.09120322392141456,-0.15513837253084606
3314,0.006454779442399538,-0.8114070632403858
3315,-0.08469729518981126,-0.8325452606372525
3316,-0.10175645862179708,-0.7321551787522596
3317,0.010533809495820164,-0.5544761102267118
3318,-0.014195173883240018,-0.8469969374567189
3319,-0.062075078009318024,-0.917765690510064
3320,-0.05073520001528245,-0.029830980849114175
3321,-0.033264100307384734,-0.7874223684364028
3322,-0.020842544607344447,0.6659430116144719
3323,-0.057562223473035606,-0.9815745066779233
3324,-0.06950037633563322,-0.3130028560861336
3325,-0.0578110692982368,-0.9273302108179455
3326,-0.24763765030549428,-0.5897169179103668
3327,-0.026819009245126525,-0.893646914328706
3328,-0.2587266146503873,-0.058047779702277036
3329,0.02726048165430339,1.0890097210547136
3330,-0.18652268991819554,0.27820604022169937
3331,-0.014737875385050631,-0.7434803661459758
3332,-0.02743811835355101,-0.7770309944096981
3333,-0.008216255957619604,-0.18427449102409216
3334,-0.0661675977993299,-0.9243249015400614
3335,-0.18069292154641886,-0.45722453935609875
3336,0.088895059515711,-0.14931210646185833
3337,-0.05630620395486424,-0.8452587860173855
3338,-0.1304721976022892,-0.799543154393464
3339,0.03697217158835783,-0.7612808672922885
3340,-0.005459725863460777,1.3942566821099596
3341,-0.06624904231495676,-0.21354183231244572
3342,-0.179970443905212,-0.3831317915871987
3343,-0.060611559209946875,-0.7713736721417245
3344,-0.05642438986786878,0.16234922416294495
3345,0.01318237941810593,-0.8327635380407845
3346,-0.11551912946874318,-0.9234092246723372
3347,-0.04332732631464835,-0.9402253551755801
3348,-0.04439185484551078,-0.11837995054984607
3349,0.03033384701415592,-0.6003647950640177
3350,-0.013752426260227425,-0.7233071956526964
3351,-0.12961249477348036,-0.20555764406282684
3352,-0.03274829896240061,-0.8844392559092386
3353,-0.119599040533662,-0.3381687705214339
3354,-0.09730566909564535,-0.7679513809738585
3355,-0.09941602574188252,-0.8732897665909256
3356,0.0004388643181043282,-0.7614571945812424
3357,-0.24736917740876202,0.07614160856262175
3358,-0.01672502062180044,-0.9447916613086587
3359,-0.09785276660449041,-0.7136405704466027
3360,-0.07265137138376468,-0.3728590516640645
3361,-0.2352804754559784,0.050665440390547545
3362,0.0873173681596233,0.056525024876211916
3363,-0.022146546463617082,0.5412907011906872
3364,-0.06770993896259819,0.17776408174713232
3365,-0.091061518867664,0.40357772847367646
3366,0.06013531201229273,-0.6477023921561396
3367,-0.020264263775842024,-0.9270488373908561
3368,-0.0711373529237887,-0.6756093287734539
3369,0.01851756053838188,-0.45270938517661335
3370,-0.08901323242873901,-0.6424995171148589
3371,-0.1813604624958822,-0.10940968798266715
3372,-0.08883003413563384,-0.6141490822949686
3373,-0.06376634899797728,-0.8999840029686174
3374,-0.2419180541420491,0.6683154323612072
3375,-0.0028757354465186076,-0.5471875638838262
3376,-0.07676280727368981,-0.9632606741646067
3377,-0.07523922319967295,-0.7858915954140371
3378,-0.05929703405719061,0.9825157522181606
3379,-0.12172550605616533,-0.5027255743394136
3380,-0.060612479406353836,-0.40576863361415816
3381,-0.00618185025265439,-0.7516349840422427
3382,-0.028602374910621033,-0.9639086230391753
3383,-0.07403202513741686,-0.5349036374187077
3384,-0.04206470230186164,-0.8484687393366117
3385,0.04435938144670366,-0.817020380978125
3386,-0.060062017584629965,-0.8697951831116858
3387,-0.1461531850280683,-0.7521454809498601
3388,-0.28241152250083307,0.9344999541278892
3389,-0.018091382050418953,-0.7338599246607438
3390,0.02686130476651016,-0.4409006997965135
3391,-0.06549029617592242,0.8286806276533317
3392,0.024431062856398466,-0.7881137889937672
3393,-0.05676584413976826,-0.8401940423081466
3394,-0.04374194764034213,-0.45059104438308034
3395,-0.0039724969966487035,-0.16221942232915854
3396,-0.032820677010687804,-1.0274961866806958
3397,-0.03461787289865796,-0.6753066785675688
3398,-0.050292687178482925,-1.0078800834922172
3399,-0.051626366581126806,-0.8280903468793556
3400,-0.03565218472028438,-0.8818182762722423
3401,0.03988507150784981,-0.919249385412704
3402,0.14066290989393798,0.28202090781557
3403,-0.07707725260079314,-0.7290603625640906
3404,0.04522605022212872,-0.042201052805228456
3405,-0.14589917963685844,-0.7592558600647248
3406,-0.05722000962060496,-0.9152423774545608
3407,-0.14061619349830876,-0.3074162331315282
3408,-0.11500510310827344,-1.038530459979375
3409,-0.02429564312594779,-0.39351326649468277
3410,-0.06259387834814953,-0.270956059566239
3411,-0.002648716779294822,-0.8419504279836911
3412,-0.13423966834728973,-0.7011771622430759
3413,-0.03059786837371024,-0.9540670299539122
3414,0.049918407231886036,-0.48051784521460916
3415,0.06255907525828154,-0.9440497476770373
3416,-0.06259309605145005,-0.7210574983877328
3417,-0.04291263056071987,-0.8290173134919407
3418,-0.1293976447830304,-0.15370195182878377
3419,0.04100079084895042,1.6280051179733488
3420,-0.03578066192993079,-1.0029969066059397
3421,0.011347017418037935,-0.7057821616389046
3422,-0.1612686523846245,-0.804772405953099
3423,0.07523357123068806,0.34497665234903396
3424,-0.029080085075404393,-0.8041570283590115
3425,-0.0008682075031750149,-0.839987082113988
3426,-0.23687348170196915,-0.6583757113212197
3427,-0.1369899205646169,0.3806815669931528
3428,-0.05248335588147042,-0.6023262496582433
3429,0.014764820027409722,0.10210762340597002
3430,-0.041686349319599914,0.32556965339024346
3431,0.02480009393684973,-0.7527326887270243
3432,-0.09906685041868556,-0.7739011369125997
3433,-0.05830314646877466,-0.9374973579472656
3434,0.014513712488932792,2.1335152704997102
3435,-0.013710501815975749,-0.8634687718414592
3436,-0.05027034003775656,-0.8180450078117136
3437,-0.021683246473859278,-0.885326964042651
3438,-0.12849300753427795,-0.4181042452404073
3439,-0.011758897038757949,-0.7673959824924689
3440,-0.015512303976413348,0.20698474030985559
3441,-0.061662873613887614,-0.9344478972417793
3442,-0.1634137300813372,-0.8975782761410742
3443,-0.002980212870122071,-0.6786935139923054
3444,0.15522958887038443,-0.12578734711387696
3445,-0.00860868257650078,-0.8835359739008973
3446,-0.009915180095608395,-0.8706644028469921
3447,-0.1655862376852964,-0.3903288212113138
3448,-0.11606708815722519,-0.6498320028572754
3449,-0.04437635767905794,-0.8216365318166817
3450,-0.04033006599419674,-0.7788152741070815
3451,-0.018121501214790305,-0.9412459917278834
3452,0.07758363993074416,-0.4639053026595591
3453,-0.003137618227293016,-0.8732342579444525
3454,-0.04244857580901719,-0.5239391081338345
3455,-0.09959095308590232,-0.9201216804907716
3456,-0.020663145959903737,-0.3693732260138537
3457,-0.05579204079776029,-0.5796638202660352
3458,-0.057129351099440645,-0.8524090809466
3459,-0.057297127689094146,-0.34334188115879116
3460,-0.001940733348248267,-0.5867560932884126
3461,-0.09853417056774788,-0.7974097016432216
3462,-0.062368236982166314,0.2915527043239199
3463,0.21448348278038726,0.522279514970237
3464,0.021312773301690523,-0.5888077790335771
3465,-0.04190496802317881,-0.8108912315202479
3466,-0.1981442375414239,-0.6786621277460169
3467,-0.07161424407065665,-0.7703314356806253
3468,0.03521800204702302,-0.7740570408691885
3469,-0.05940202251454928,-0.8993111436802936
3470,-0.1692896535883867,0.9301429962563893
3471,-0.056915637685294354,-0.962182403784529
3472,-0.03767620333729224,-0.8235742856063232
3473,-0.04938777549464987,-0.9325903265275388
3474,-0.06097692680292416,-0.8131894463490525
3475,-0.01894601561672592,-0.6837940295314893
3476,-0.034737566663193276,-0.763076215359108
3477,-0.026788779632087287,-0.7712162627298819
3478,-0.28638831836659273,0.37497616776270204
3479,0.05855328234126725,-0.3281710417000643
3480,-0.04925964125813001,-0.8863033820776977
3481,0.03390221097100529,-0.07142089469421287
3482,0.016700890296134027,-0.3797917337308376
3483,-0.04945074203134642,-0.8297017862453344
3484,-0.0603497129858631,-0.9489470842556349
3485,-0.08403963466532743,-0.7262389714200748
3486,-0.06809257577193654,-0.9131932398370752
3487,-0.01925192328139302,-0.8653844374463515
3488,0.022401125364866045,-0.7939811840397997
3489,-0.026029427394980407,-0.9900408651532263
3490,-0.024148273951976305,-0.9340623321096291
3491,-0.21522048197861693,-0.17577855069567405
3492,-0.04772179776996814,-0.6940768918355171
3493,-0.07074518395068322,-1.0013911573367542
3494,-0.04710824004219945,-0.8012561336963904
3495,-0.06376640243621667,-0.818917252622951
3496,-0.01020919327589057,-0.8545404137640819
3497,-0.36510952505604033,1.9023990015523622
3498,-0.034973881246475644,-0.8631152801025491
3499,-0.09439803478703385,-0.7678932803517662
3500,-0.027478665627800217,-0.7657748353612114
3501,-0.5083818864093427,2.17433353161208
3502,-0.03518350430808814,-0.8280544333072115
3503,-0.004149587106620143,-0.2293348197276905
3504,-0.0216287657485351,-0.8382312040389466
3505,-0.033686817156122234,-0.6806529950460075
3506,-0.027264387507085045,-0.7317062811832074
3507,-0.0636312237842008,-0.7646143843403023
3508,-0.023764515772576603,-0.7088114494140835
3509,-0.003954795951280513,-0.9138301836625491
3510,-0.26399259760645327,2.065835670785632
3511,-0.05148077203891763,-0.4213782232779928
3512,0.02886960684897027,0.23990421022214925
3513,0.020275156212467612,0.5585116915990974
3514,-0.07451095213961839,-0.5510175034912594
3515,-0.02788844778239426,-0.9097302407839412
3516,0.006022731799429092,-0.6361543051260025
3517,-0.05422985274909156,-0.7286272617987388
3518,0.07507013257896594,-0.6051549275079435
3519,-0.11088504516383246,2.040184721840476
3520,0.009909069190446453,-0.7551956680628544
3521,0.03446093985815882,-0.25047283918459395
3522,-0.15233307704296672,-0.7534789414370338
3523,-0.10984135416818933,-0.9464208296930507
3524,-0.1642583175368004,-0.7999904416576874
3525,-0.011476329409086609,-0.7658510376289991
3526,-0.06878000910655177,-0.8759065032807382
3527,-0.05879695669867374,-0.9376246884276978
3528,-0.06785591160896834,-0.91826129371244
3529,-0.10896114852480068,-0.695271363053364
3530,-0.1295362218334214,-0.385851004750869
3531,-0.0851258521946234,-0.11485558470625945
3532,-0.2984057816125539,0.40568007166700293
3533,-0.11633820258514538,-0.5083605157114539
3534,-0.054339597991765964,-0.8794380584429822
3535,-0.033060128173289446,-0.8074860531568383
3536,0.03408427290407101,-0.18780974671715467
3537,0.005792087207783122,1.210663044483498
3538,-0.1834505265156165,-0.8724796061078413
3539,-0.015784587973951558,-0.8063671800041783
3540,-0.05759093076573846,-0.9974833437441011
3541,-0.0750526028748192,-0.49301475320540655
3542,-0.031141323825623245,-0.9154194758805012
3543,-0.0023176835186813037,-0.9316730445126047
3544,-0.012492622302925142,-0.5204892833780428
3545,-0.14377809354734047,-0.7818216210070636
3546,-0.03604982032092595,-0.8428596320939128
3547,-0.0009793368466586329,2.0994044550318147
3548,-0.21728783325947507,0.6678940122949159
3549,-0.33116684657355816,0.16685006999542695
3550,-0.032391257587078184,-0.8433118304350585
3551,-0.07395813775066325,-0.7066548307127126
3552,-0.10284137082482639,-0.9258193638094732
3553,-0.04495554196236687,-0.8513146121731547
3554,-0.05750267692171697,-0.9955583705158652
3555,-0.07800121677005598,-0.7881480664974085
3556,-0.08115164765260144,-0.93475841912475
3557,-0.17182637564865666,1.7312583402065824
3558,0.009483426386727386,0.236186934096435
3559,-0.07000525228291334,-0.9079622872431558
3560,-0.018830658368258976,-0.8467126233370167
3561,-0.07622267128020685,-0.45240672855427544
3562,-0.09006512546316278,-0.5796646741877007
3563,-0.14122455529505035,-0.5999015896526362
3564,-0.28209297244436876,0.9706412917417814
3565,0.14349610298615068,0.4427037097664074
3566,-0.060641252915139804,-0.22108539264365146
3567,-0.03998016930370735,-0.8713593069971812
3568,-0.031696454515784026,-1.0056962224153867
3569,0.008991792858835303,1.830343620887024
3570,-0.13608430619345427,-0.15789200456341834
3571,-0.19540826469430805,-0.41153253833426323
3572,-0.04314288916556401,-0.986001413567246
3573,-0.05786125595299768,-0.7285593177049356
3574,-0.0049548113990014915,-0.8198239054595247
3575,0.009982319083697063,-0.5090827458661062
3576,-0.10276879286006828,-0.9833563893483594
3577,-0.01518822326529529,-0.8349081321730507
3578,-0.05319044119610933,-0.993673147513604
3579,-0.12568894636917038,-0.639891597490753
3580,0.004368774412054629,0.2988027697212302
3581,-0.0704531191316358,-0.48209570971411375
3582,-0.016781400578583464,-0.6155096197432572
3583,-0.09313718419783087,-0.7462935415726258
3584,-0.054563143738913814,0.4146596857068138
3585,-0.05344304587333526,-1.0032768685379667
3586,-0.08986823689644365,-0.8906810071142925
3587,-0.07055006637685116,-0.732362244845028
3588,-0.034054551422368906,-0.9301863651408986
3589,0.04352342689240957,-0.02076659664255709
3590,-0.17578204953801596,0.36075277753509793
3591,-0.027828567666504347,-0.6604605584714338
3592,-0.10789683921188185,-0.24412235090055512
3593,-0.1126340452901167,0.09087107134501926
3594,-0.07027226279257746,-0.825796766868305
3595,-0.05328291176214078,-0.9154954108332839
3596,-0.24573136419277292,0.6293009285815631
3597,-0.05029075565453421,-0.8854205688669896
3598,-0.03550503982404406,-0.964532717474325
3599,-0.12844842993196737,-0.5188795652259315
3600,-0.13802123468195174,-0.794350234558669
3601,-0.030386404953894924,-0.8989518608501305
3602,-0.5278732203214377,-0.4237936648735988
3603,-0.19509215696370852,-0.16480181202759808
3604,-0.06295368378824262,0.5152702142874953
3605,-0.04101523786923085,-0.8224816611352304
3606,-0.18270691391880936,-0.29220766802396103
3607,0.08344363685657774,-0.8119221943149578
3608,0.019918134012297636,-0.40348009404630014
3609,-0.24432982684151094,0.7159718790013266
3610,-0.1339384804112382,0.7118729780109047
3611,-0.005605907001453098,-0.7045431901921984
3612,0.07439565711128135,-0.25762380115495587
3613,-0.03136570714232911,-0.42040387679393637
3614,-0.06740616675299596,-0.7661047563076373
3615,0.04579175568099947,-0.3552141350287792
3616,-0.0030944516602027135,-0.6204235362203234
3617,-0.029692198947006008,-0.7670441552698912
3618,-0.1848064957928915,-0.40206468338997486
3619,-0.07728863260164943,-0.6314570312951514
3620,-0.09166310675267372,-0.7573267125837517
3621,-0.04183941575011757,-0.9076422174424634
3622,-0.0393210728555894,-0.8356847498494611
3623,-0.08674083704240582,-0.09724745352322828
3624,-0.10813014283286454,0.7102465218887678
3625,-0.08850126873701131,-0.8547417251844851
3626,-0.03452028220983658,-0.9274233443300068
3627,-0.0035007161478233274,-0.7467521868299293
3628,-0.06403350598637275,-0.6025988923218925
3629,0.09319823897550591,-0.6606722800678388
3630,-0.28238826840685466,1.351147699332786
3631,-0.028250753871637942,-0.8903874305608636
3632,-0.1411532410107299,-0.4680415381900854
3633,-0.0638007253002397,-0.38011239699848426
3634,-0.025324487230407925,-0.528949704959532
3635,-0.09411365024819945,0.8623986916843475
3636,0.023585598678999727,1.9323358342433443
3637,-0.05191593376313933,-0.8701260403095472
3638,-0.051518976451608814,-0.7856909189367318
3639,0.06414468706595483,-0.7884998820061593
3640,-0.05070459439745496,-0.5419134662413261
3641,-0.06710217158348047,0.3056378541054152
3642,-0.027988831041968937,-0.8325846486422991
3643,-0.020724062213028586,-0.4552287388508037
3644,-0.06597562055939618,-0.554840691272604
3645,-0.04127273296945,-1.0289919563713923
3646,0.14331738497148755,0.21819049564622905
3647,0.010044790309094716,0.5775859789034362
3648,-0.045070694522969745,-0.5861101921236753
3649,0.05419351808799561,0.005901996456762926
3650,-0.0780811501456824,1.111458485975506
3651,-0.08364764408167129,-0.8784138481077152
3652,-0.06512050410279983,-0.9583514268290475
3653,-0.31305179703559977,-0.20780039123538757
3654,-0.07091527500228637,-0.8219604835560078
3655,0.03212453941029396,-0.5007083377848657
3656,-0.039743130099951146,-0.8288633972521028
3657,-0.031076984905754976,-0.39503041058184857
3658,0.04446709720423431,0.546493744069925
3659,-0.026139149260715196,-0.709291722770149
3660,-0.08545534396616046,-0.8423058578445424
3661,-0.08114690987567949,-0.8347062655154124
3662,-0.058118598526800486,-0.9805476683394626
3663,-0.04697045132641023,-0.7447692946035103
3664,0.026508772105534675,-0.7677207658340415
3665,-0.06421027377073224,-0.9665688414920282
3666,-0.13387188239364536,-0.166820733346776
3667,-0.024031131037217757,-0.7366982786985798
3668,-0.03758218311422212,-0.06707917684865161
3669,-0.1946573903096657,0.450128845168524
3670,-0.34174353322124945,-0.06431143596000499
3671,0.04762857289427849,-0.04356959009470385
3672,-0.020200929698264137,-0.9138351020917703
3673,-0.07015589807776683,-0.44792248167103244
3674,-0.004267130358198274,-0.9343685887552123
3675,-0.029916786522518616,-0.6592867139919791
3676,-0.18476827721185202,-0.36465003840957855
3677,-0.06702380266970681,0.5640221486353042
3678,-0.03780265795071901,-0.866168259201904
3679,0.03021911105971024,-0.41937159986449657
3680,-0.038129592895264866,-0.9753003589671596
3681,-0.05274396473061253,-0.7775628798486105
3682,-0.2153118683822144,-0.1606091447956688
3683,-0.004907669203921262,-0.6579423066756718
3684,-0.06979627391671794,-0.4799559812417263
3685,0.013866827227353048,0.7468642595668734
3686,-0.0823347466048916,-0.5497786963204394
3687,-0.38368407912954006,0.24911175069452918
3688,-0.07506537304238312,-0.7055116931441243
3689,-0.03620877148727794,-0.8899802510452597
3690,-0.12946189453880363,-0.3309708976241801
3691,-0.19925787594087824,-0.6531844564421606
3692,-0.10275389754842484,-0.5362964553587596
3693,0.0007041634589391409,-0.6120762231487399
3694,-0.11760079228995193,0.17450867090382827
3695,-0.05569338603507998,-0.7719772692333786
3696,-0.14488964415428013,1.023398054382751
3697,-0.16855666017624932,0.02287793610204336
3698,-0.08292563373275974,-0.7109543495806092
3699,-0.06922005635694967,-0.5614252994626447
3700,0.010380806699548824,0.5315099561686635
3701,-0.12157195713252833,-0.7362667876349545
3702,-0.08650167742326706,-0.08212629880642308
3703,-0.0631913679181165,-0.4345091714681345
3704,-0.16241843871607808,-0.3606091463056677
3705,-0.0779896995696906,-0.9034760505719295
3706,-0.10612954361361854,2.127667960532185
3707,-0.05480068703410118,-0.8517263896540014
3708,-0.10595667354466917,1.208221543071335
3709,0.00933173114850058,-0.4445863489020796
3710,-0.17130246796829215,-0.41031185557292343
3711,-0.001077363329354989,-0.5785491764221918
3712,-0.09796903815847202,-0.8499502129624964
3713,-0.07447850821234682,-0.9191880708713674
3714,-0.20783814686419688,0.6779692119079009
3715,-0.01548506929853569,-0.6610940625014224
3716,-0.04433597203853687,-0.7870472441072187
3717,-0.03388337496985959,-0.9357457699723497
3718,-0.1865971065689353,-0.3379360294306188
3719,-0.10447990429740714,1.9854934507755937
3720,-0.07343549555114207,0.3948477856171909
3721,-0.03270061805743635,-0.9141741698101254
3722,-0.05507113286725396,0.46654884053328105
3723,-0.0203115593116554,-0.708266582391205
3724,-0.043345598950491906,-0.8415899035965588
3725,0.029960161252073705,-0.29516705821236117
3726,-0.04229288433201757,-0.8297545321210895
3727,-0.08529685006646319,-0.5628220213721424
3728,-0.08071926606892127,-0.7174106925127948
3729,-0.05842975452459896,-0.5135410309342934
3730,-0.005847915937797325,-0.5406466830377751
3731,-0.20178803523700312,-0.7723672439884027
3732,-0.0987685364575902,-0.9083300693297254
3733,-0.03535580625740792,0.04902495565538545
3734,0.0017283462024564288,-0.20869754595419454
3735,-0.06552126938280625,-0.7109676344112398
3736,-0.18044721542693837,0.6857729813394574
3737,-0.07667739223842247,-0.7814245222394174
3738,-0.07350891748197291,-0.5692579197476465
3739,-0.0755649517431104,0.43461327556880136
3740,-0.052337745146816175,-0.9833687364206596
3741,-0.02141170183861611,-0.7974592081344747
3742,-0.04011885504622413,-0.8749862608084717
3743,-0.00029115893980852584,-0.6221988367351664
3744,-0.003302965241013294,-0.9760740165046218
3745,-0.09849147738003039,-0.7319414649724406
3746,0.03185484013176204,-0.5060778249605817
3747,-0.18013853153358206,-0.6609379909423757
3748,-0.0996619199195864,0.849224221124493
3749,-0.01614088602448394,-0.5240546563771741
3750,-0.014360743517261274,-0.7361789496724559
3751,-0.13320612207952076,0.2626931968742313
3752,-0.11958403858146024,-0.5451828914046496
3753,-0.09400521103175719,-0.5395639458476335
3754,-0.03317931784558939,-0.9859217928541855
3755,-0.12416840695067727,0.38926681705366917
3756,-0.21340034481684922,-0.11867478015316069
3757,-0.003114264158862904,-0.5672132886486955
3758,-0.08221540766899876,-0.806667516113924
3759,-0.026145155432956844,-0.7052927113931535
3760,-0.3225049970947133,0.16124383858341373
3761,0.01338682285234077,-0.6526162912689242
3762,-0.11829675364178244,-0.7535013494276728
3763,-0.0802383551647681,-0.7293687120953682
3764,-0.31036697272699443,1.1512026378637144
3765,-0.048956988351419095,-0.9010072337441044
3766,-0.06533946329883991,-0.7997464524365788
3767,-0.05839521439096185,-0.8897947536471063
3768,0.02854396797422885,-0.8335887376731609
3769,-0.28134223613564097,-0.30098438206899303
3770,0.058183232982492145,0.05074949300113851
3771,-0.05404928228977869,-0.727526927746337
3772,-0.02516773180825946,-0.4550312631477407
3773,-0.02669525795686437,-0.6006831545971737
3774,-0.02107994674708039,-0.7349215485105254
3775,-0.0002512783832065747,-0.8362426973878132
3776,-0.149179755703274,-0.767241795136809
3777,0.034039147842406636,-0.7851939510494813
3778,-0.09103402312609236,-0.6015567059956285
3779,-0.0090615561373702,-0.6207309226560858
3780,-0.2048350707668498,0.07632749841465569
3781,-0.1731301467018284,1.3047881339350225
3782,-0.103785463701706,-0.5060583090077171
3783,-0.043616644404217336,-0.8003223551250578
3784,-0.022975659507183725,-0.8989561337314105
3785,-0.09254485293771236,1.803869282068642
3786,-0.047819244663617366,-0.8006660573414801
3787,-0.03905838984878693,-0.9622469911595272
3788,-0.1843059549656813,0.45179939853846973
3789,-0.04394145280464486,-0.8477098048291378
3790,-0.10206509644268479,-0.5769740966690462
3791,-0.05904978923859505,-0.8903444015442492
3792,-0.021146469473192122,-0.78484328732622
3793,-0.07688496029444034,-0.6057519371611835
3794,-0.0236525032490767,-0.9891300289954835
3795,-0.07488764594349583,-0.8271038069374449
3796,-0.05837993536696673,-0.1128226742713857
3797,-0.10032140591088579,-0.6788846957995867
3798,-0.08187660629080724,-0.9071553811825297
3799,-0.04017647845449737,-0.674730550264424
3800,-0.09797036404775901,-0.6416461019379445
3801,-0.09222768106032883,-0.8985185024415685
3802,-0.16732139006103317,-0.11850804786157709
3803,-0.10957688730380757,1.5220771832423
3804,-0.15872910498984855,-0.5641509404009242
3805,-0.47949807489471774,0.24984091726475632
3806,-0.011657452656604648,-0.785620792241245
3807,-0.09866017386523582,0.9864278059525221
3808,-0.09859115108214074,-0.7482475199961959
3809,-0.0897947013754042,-0.9184706689721335
3810,-0.165510961712222,-0.7078420382068111
3811,-0.08299115731774061,-0.8208024006840609
3812,-0.04583008371629349,-0.8807285770480177
3813,-0.010378913354890263,-0.7596130974908749
3814,0.03607119504404879,-0.6288829192466272
3815,-0.06144405875706868,-0.7617421034050741
3816,0.012242032646605266,0.03450515559085021
3817,0.03448670489979275,1.8554247116446718
3818,-0.09675175596321903,-0.7262341842978615
3819,-0.0623044452185639,-0.6607751527368104
3820,-0.008359882228538704,-0.7029834686393773
3821,-0.04734341668722396,-0.8944137604694418
3822,-0.7526959454822646,0.992749480294875
3823,-0.11929762609006184,0.46435492101327747
3824,0.004727128618243256,-0.09432878780933118
3825,-0.04186491272572704,-0.7320556776046534
3826,-0.01708380757930481,-0.4349869167181575
3827,0.07731450879245275,0.881986193965799
3828,-0.15229140383304351,3.613911423862086
3829,-0.06645159638211648,-0.6457508828690829
3830,-0.08521416349893635,-0.16883103198322796
3831,-0.05732230253016338,-0.722758940816949
3832,0.04903118807705255,-0.3702202882276133
3833,0.03953203506626238,-0.5534007969513284
3834,-0.06708640597423139,-0.94913180529451
3835,-0.04634946575652177,1.4930349205394444
3836,-0.0039554873124361435,-0.8196777211972225
3837,-0.16638684647170726,-0.8221102819887287
3838,-0.034696142125312746,-0.9516423557856564
3839,-0.0566072686427216,-0.82764853627423
3840,-0.08309317544227937,-0.7294091391077829
3841,-0.07920655043218655,-0.9850936313880163
3842,-0.09608159093728744,-0.7953187994426723
3843,0.04176425504122931,-0.46111015728428584
3844,0.17293803277481098,0.463954497995693
3845,-0.06693896378224237,-0.8249971214598408
3846,0.17052209093846277,-0.7986786238872758
3847,-0.10880611158669785,-0.8285301540601357
3848,-0.03575175037151905,-1.042852991489165
3849,-0.09338502502885643,-0.8122637438159361
3850,0.00021418199347887287,-0.8000626193272099
3851,-0.012581564901084408,-0.7746834020993155
3852,-0.10846537139176642,-0.7075248278175812
3853,-0.16952549896594898,0.013712914187339442
3854,0.08063735015253608,0.3584441298964999
3855,0.03170818019878009,-0.3485241488953652
3856,-0.021244723596112163,-0.9824724579779249
3857,-0.05515316639454754,-0.9648445555774301
3858,-0.10038005909414911,-0.7836386796657971
3859,-0.046071301682845844,-0.36305116692621103
3860,0.016995453955077826,-0.944198855364649
3861,-0.07465796379111767,-0.9687578166151889
3862,-0.08904236089424866,0.16713654737077932
3863,-0.03699787931104977,-0.9212648159150586
3864,-0.04145408617990615,-0.9564446538792133
3865,-0.04722580684159071,-0.9324594219708245
3866,-0.05091112127284972,2.1795427269973713
3867,-0.012266897205852365,-0.37258594603402717
3868,-0.021971517291465268,-0.728927380593615
3869,-0.029586896439595906,-0.8811982002738658
3870,-0.024378445811941655,1.949567656151134
3871,-0.08044017531427697,-0.9199295426013278
3872,0.04523631281559591,-0.3298408715493786
3873,-0.21669006376816216,-0.34021439904324424
3874,-0.00399065060241845,-0.8137357101806434
3875,-0.025318186354897996,-0.20519764986643418
3876,0.033251836918028826,-0.5895490493626322
3877,-0.1012517395911407,-0.6387264796116077
3878,-0.0018570872832592046,-0.9359592923210913
3879,-0.0025029564981238657,-0.33583230753811455
3880,-0.18440425714146613,-0.39105133221468813
3881,-0.012711448362906958,0.34838285349937326
3882,0.07193507829240282,0.10703695967062388
3883,-0.20506838960554016,-0.6425676065153594
3884,-0.07700911370624308,-0.5600288999485379
3885,-0.031282639261018985,0.30607991311366267
3886,-0.047138287358864966,-0.9203160088430712
3887,-0.10907558294740699,-0.07460751160370871
3888,-0.2541773697829048,0.36421465716499324
3889,-0.12947210731015835,-0.8143551990647946
3890,0.004741453838683473,-0.693308886009479
3891,-0.037547268060153655,-0.7671102219252973
3892,0.04562416426499159,-0.6972362571607372
3893,-0.06518431665650207,-0.8287419281905406
3894,-0.06192208012820091,-0.8727555865281601
3895,-0.05151441641232654,-0.9465301627052807
3896,-0.059109932772940826,-0.9311403301300125
3897,0.005493885390297406,-0.6792151280207663
3898,-0.05669605526169155,-0.5628627188658686
3899,-0.06322334766899873,-0.2570307144298446
3900,0.2325113447140434,0.8689673310344809
3901,-0.00999121952530738,-0.7565477437207315
3902,0.021255338912873633,-0.5830925339908162
3903,-0.041028571094691324,-0.5683854213264922
3904,-0.11762431333487333,-0.9378788547081645
3905,-0.052534264835883096,-0.8651702438441176
3906,-0.07663148930240123,-0.5423378807367082
3907,-0.15322251315889962,1.5260667952838314
3908,-0.10776326732406988,-0.7642865720533851
3909,0.06624938097010227,-0.042232584361532766
3910,-0.034088275805951876,-0.8569642977029649
3911,0.06028494006411747,1.8583192658232983
3912,-0.10815724619276668,-0.7732108245235411
3913,-0.19562518155559921,-0.5042391124689302
3914,-0.013766570383283678,-0.7559280967070025
3915,-0.04190922352259302,-0.8551528724836948
3916,-0.05757522363307786,-0.8173811096077261
3917,-0.09827435725876964,-0.7429255794330237
3918,-0.0022633696288379447,-0.3828623913357136
3919,-0.117592194355684,-0.800843051758463
3920,-0.029570826471695028,-0.664118295137103
3921,-0.07886591235546309,-0.9521131005629861
3922,-0.029297044477137383,-0.9257821278271882
3923,-0.07399887181082085,-0.641214648101653
3924,-0.04469233558714543,-0.9452686862727009
3925,-0.017039341231853206,-0.7894057711954143
3926,-0.19558621803430912,-0.6279115024556288
3927,-0.1631345424614413,0.44786714719717613
3928,-0.02201280039596808,-1.0066056609328173
3929,-0.0862108160541841,-0.8651188585571873
3930,-0.02054378730065196,-1.0284167320320639
3931,-0.11045029211241764,-0.8564153280519922
3932,-0.15895254926293875,-0.7669174751390627
3933,-0.090171462155037,-0.3124503856284183
3934,0.02401453166705612,-0.9585438315361616
3935,-0.013856451773014273,-0.834641193850387
3936,-0.06621241530708538,1.2254325759447813
3937,-0.027231750631723898,-0.8167838518100019
3938,-0.06496007268825721,-0.2838398954717363
3939,-0.05358100558179542,-0.8127282276132699
3940,-0.09447409217518327,-0.28636458444103813
3941,-0.28527003559055925,0.6172621556567938
3942,0.03180802141891648,-0.9418838161759013
3943,-0.039172444138798834,-0.9879459732697751
3944,-0.2746900225094624,-0.1564947457907333
3945,0.030571182317338682,-0.6906982420755944
3946,-0.0476097797110704,-0.8611378134076703
3947,0.025843496491122064,-0.768370515507847
3948,0.03662095060516091,-0.9403620341044442
3949,-0.1512251306185043,-0.5846812028973363
3950,-0.18987636379629377,-0.7323566099343254
3951,-0.1226065413815215,-0.4336688279089938
3952,-0.01454891607976411,0.3247140399770181
3953,-0.08120313360507786,-0.7936964911978845
3954,-0.0757265156779866,-0.3967463893167616
3955,-0.1085030110884159,0.07824664385391478
3956,-0.061586213090527364,-0.9195187817959241
3957,0.03813666138296826,-0.861355534194999
3958,-0.02447627132995882,-0.7207653004893649
3959,0.007224250287485339,-0.508131756651363
3960,0.00983146652407486,-0.8021527590334409
3961,-0.09164107541443242,-0.5144517260171535
3962,-0.11327341888732576,-0.37144746370620063
3963,-0.16017764826441308,-0.878692416280418
3964,-0.3180369424317092,0.8616159948144827
3965,-0.06448522595480619,-0.9104966519234629
3966,-0.04076476291904227,-0.6424157615445384
3967,0.0034472871631110284,-0.39585694118723963
3968,0.046524348008960145,-0.5020466466071996
3969,-0.05733566981046562,-0.9032889860178077
3970,-0.0355786285934474,-0.5343648771761189
3971,-0.14929640219771195,-0.05073292862164103
3972,-0.40114861664223084,-0.4046355178951397
3973,-0.03342974842272557,-0.9314295497845544
3974,-0.08247506202634447,-0.8412382646690171
3975,-0.09015995818433725,1.1676092895361991
3976,-0.04844270582224028,-0.9585442899703839
3977,-0.016267353165179455,-0.8094691104268937
3978,-0.315825552928164,-0.13041674668315573
3979,-0.16936698613561435,0.08019063806126747
3980,-0.10387662465767797,-0.8824000825342458
3981,0.17133350681160384,0.7650791945631042
3982,0.011017966477885163,-0.5975582093933258
3983,-0.05773093421058639,-0.239873941444309
3984,-0.05040953866793989,-0.6676549859744338
3985,-0.2575504875750275,-0.06935971234680272
3986,-0.0718138223731574,-0.702099939015519
3987,-0.07665685697182374,-0.8797941844530023
3988,0.05416251138827652,-0.9152042112079777
3989,-0.21519135637496145,-0.3712149809706962
3990,-0.02948302539352003,-0.8329898151551427
3991,-0.031166922759175635,-0.7622147712450726
3992,-0.10926060801264625,-0.23749881264104572
3993,-0.20625047663801643,-0.7093394885652301
3994,-0.042207794841167934,-0.790511558052077
3995,-0.09439112821141624,-0.5804044052206341
3996,-0.0623463755488253,-0.8631692513221426
3997,-0.09337244156864967,-0.9672617018986922
3998,-0.178878649710057,-0.6161702912455316
3999,-0.2477853030511213,0.3948729525406477
