,Y1,Y2
0,0.08514808507878849,-0.16912048748855799
1,0.1255355952766645,-0.1478555914805553
2,0.09758594004251894,0.48102185790075414
3,0.1249326618389119,0.13596372211174118
4,-0.5582015408438191,-0.06536019296922087
5,0.1510601019141205,-0.0924053686515357
6,0.5171964627399758,-0.11890693062712657
7,0.35086294208362806,-0.15007578235021407
8,0.22203685243307908,-0.12415886562174352
9,0.18129795588648429,0.2094461494903066
10,-0.11968424322700177,0.17267547383561768
11,0.15721108687302138,0.026149409532139012
12,0.14684860886078646,-0.1485201979721627
13,-0.18991893427973655,0.10808503810054289
14,0.03187288718284649,0.15732049752602145
15,-0.07125165987105217,0.13265019005116313
16,0.21279272998256366,-0.0598043256338189
17,0.6556398541568453,0.9716027162632461
18,0.2048031931041851,-0.27560230655769435
19,0.16361920119972945,0.14920914417619352
20,0.1940928994987443,-0.050689988711677215
21,0.43979061559537963,-0.20646531597781484
22,-0.010781215013712913,0.0833237662903244
23,-0.1775279998838229,0.5039631334950299
24,0.42679245670463006,0.293371460012746
25,0.22334049978146,-0.21982650177136512
26,0.005157147984402477,0.06572884081086017
27,-0.6143477132947581,3.7394733828037707
28,-0.22844796617134738,-0.07907711609409121
29,0.1040135363498691,0.528349804654717
30,0.07801017506951664,-0.24016430151846632
31,0.016399024198384064,0.33901804237651023
32,0.3255753987723317,-0.3704279959454513
33,0.4766376716476162,0.0569006043499916
34,-0.04987548024465474,0.24235048480549026
35,0.49048596274075107,-0.16329781285215417
36,-0.049094450730466456,0.3453099500340998
37,-0.11470554869762309,-0.2039633336021867
38,-0.12343759688225493,0.3483726814537828
39,0.2833743430144608,-0.1420558732507583
40,-0.12568475527820244,-0.13043758404892927
41,-0.2364983212995057,0.06166976738547094
42,-0.03387054923349983,0.26292830454672644
43,0.06668752767306182,-0.0720926239043566
44,0.09789685524068929,-0.1441242557728736
45,-0.037178297006122824,0.003096782347204688
46,-0.13976505178943804,0.6447744857300133
47,-0.660318420108783,-0.2779286330719065
48,0.2780249908074056,-0.32278170684930096
49,-0.021664283997092748,0.06035535439512289
50,0.3245301766172387,-0.02590689770498088
51,-0.7618572945472272,1.0540418619734138
52,0.38888504440603644,-0.24681168305079498
53,-0.04021080227788804,0.1618693571712413
54,-0.08721761604019812,0.7275339207301126
55,0.38743438737799146,0.21151231429466577
56,-0.07471835133181695,0.48725328364947307
57,-0.036298351399121756,-0.2115959343594624
58,0.06818770894270601,-0.12611243234923988
59,-0.20974838766454962,-0.15314458440538176
60,0.16522930999988103,0.09034621293921012
61,0.579093258142622,1.1853731557724916
62,0.10214574470755977,-0.015192392677513645
63,0.32255047785555335,0.11575043645057548
64,0.38109701089873205,-0.14429691731531305
65,-0.07038143797148202,0.2941440967910621
66,0.04905515548967325,-0.14813496539796173
67,0.051786325075311355,0.08478797854403193
68,-0.2739134053152072,0.19224201437869964
69,-0.005442563572046377,-0.1689484743804841
70,0.04436503798534811,-0.12494084919561381
71,-0.24576795794707124,0.407765046922312
72,0.4140848435308979,0.747450608485129
73,-0.06392397697325455,0.1720465238842247
74,0.21350009457416258,-0.034308736482430324
75,0.6011718491367575,-0.21233804837303843
76,-0.31521482319772287,0.6075123148085201
77,0.007395911139069814,0.20009344424958
78,-0.16145837846013847,-0.05851500537061542
79,-0.33271033258675653,-0.049883036703094505
80,-0.04536326688562366,0.1419672905338322
81,-0.13879547979552598,0.06182223306275284
82,-0.08870371011664879,-0.08073280037444346
83,0.06555267822777804,-0.08097588097789779
84,0.07781572122619966,0.24743768800950505
85,-0.24727873479872872,-0.01292404828033501
86,0.28457529772722767,-0.2237034303360374
87,0.367132881170687,-0.22491092229475132
88,0.46646115809036787,-0.16682768451299823
89,-0.017048959995636485,-0.11183188356145728
90,-0.06168553843151785,1.5449448051127992
91,0.10069450613958977,-0.03501871861779823
92,-0.4060017326843983,-0.14625600687866763
93,-0.020522481642465267,-0.17187889300253165
94,0.12091982892600557,0.06266454058194715
95,-0.31912697747209817,0.06572904711882481
96,-0.26357814479320274,0.28248256920788395
97,0.04249669222588581,-0.18440560540756118
98,-0.07065448350217189,-0.073934870536362
99,-0.017185201342472763,-0.09990497450478193
100,0.2101055034981601,0.26366649651934904
101,-0.5158125008948936,1.180372644248185
102,0.08773667106102567,-0.30281300851037046
103,0.6387123752277105,-0.1107524989162735
104,-0.07742680161747702,-0.1072034919178589
105,0.1840697754105237,-0.12611665595811258
106,-0.07309542448112102,0.12289506419093191
107,-0.16436183915773436,-0.20905405889200418
108,-0.5774132566811299,2.344013038120496
109,0.01231648675863433,-0.007647778152625182
110,-0.22523378458498744,-0.20266806934308595
111,-0.019810227980439476,0.10712756028462782
112,0.044015277873881944,-0.09356479325653298
113,-0.3023040790118086,0.1565520005872963
114,0.11716899790542183,-0.16668322964647148
115,0.13010472318798122,0.27591867334771897
116,-3.0122282223313883,3.2956781420871257
117,-0.2040453345833177,0.2250681098166032
118,0.08554951478864278,0.16736050525442542
119,0.36462266075721306,0.16095244417646656
120,-0.035825693161764635,0.1754147470936045
121,-0.10883105024846362,-0.12511356536555931
122,0.39802523558110403,-0.21961256843727753
123,-0.2835120446071756,-0.10331807217742257
124,-0.035596610522502556,0.5304864137621401
125,0.22420613632368697,0.0010812040379293065
126,0.5425527163434252,0.15775716392320502
127,0.14656281368302065,0.1896965353641718
128,-0.10498516234555513,-0.29409559096908283
129,-0.4717645776097014,-0.21990593867883756
130,0.2052227241026671,-0.10892981749559782
131,0.3119717929418114,-0.023409063678404406
132,0.22266812802457095,0.04141280362231093
133,0.015237902583850327,0.10169077943626943
134,-0.12078488126228533,-0.25191011216080045
135,0.37015627043432386,-0.03000519923523969
136,-0.02742701404616954,1.242225605441925
137,0.16876473522390606,-0.16070818260286274
138,0.22023902692264324,-0.10116657802311413
139,0.20491061522180848,0.15888334569837775
140,-0.054746982738474406,0.16726523463151904
141,0.037059408606672846,-0.1754404593132458
142,-0.3025045604242242,-0.20940222299951597
143,-0.08318599765673593,1.1360142378018057
144,-0.0814300355280041,0.17369412959871103
145,-0.41062232951792116,-0.24912021714294036
146,0.18168375095060446,-0.14262828522734056
147,0.011248581381613354,-0.19813244863228413
148,0.1727123572894543,0.1991177293800511
149,0.2946999848277068,-0.19710632664834823
150,-0.20854129260092447,-0.3575273550326284
151,-0.09721866194651374,0.05002416139804733
152,0.1527998925183375,0.2645725461909275
153,0.052517638909678845,-0.3031701819342086
154,0.10841201260417102,-0.09757696631556513
155,-0.04174553343902093,0.008372616074802946
156,0.37403630098498847,-0.3361772739620943
157,0.28662358444599817,0.31303460708396924
158,-0.2936358476443422,-0.146762689556355
159,0.6369158501922458,-0.11106538127142578
160,0.12569899912880028,0.015555974125064228
161,0.03538192913229361,-0.18624566111698035
162,-0.08031871500325341,-0.06459914518542839
163,-0.013979366832720608,0.39472735490503863
164,0.04147787873807574,-0.14854257021699596
165,0.20672723259105993,-0.31019389634781447
166,0.3301151202883177,0.2681511716752115
167,-0.016765003152886433,-0.22431966496602612
168,0.21027663172474242,0.5297044486218041
169,-0.10322507369340003,-0.14379155333772606
170,-0.08160385685114067,0.20980649860919715
171,0.1426071033976257,0.035496879939938754
172,0.5270197379425409,-0.2577447780553823
173,0.26661656551880847,0.08286570382150993
174,-0.091008708796243,1.10653170629047
175,-0.08197295383699982,-0.053715805775592526
176,0.27443489240801383,-0.09458422800795693
177,0.1574371329107556,-0.17386177751878912
178,-0.16695231339196054,-0.22723049536624268
179,0.03352249662903577,-0.30882465236943246
180,0.20986404395200683,0.08728909501759176
181,-0.040811588077102966,0.2889331744298843
182,-0.2874803929805322,0.10117197402621478
183,0.007690295505064969,0.36151448498396743
184,0.18859825033170285,-0.16769461677699976
185,-0.09216630379447695,0.040020921037888624
186,-0.05064938422658891,0.19871475945052208
187,-0.20537245738963375,0.22567640200025735
188,0.17438030178320013,-0.2562447147650647
189,-0.020395882085665874,0.10065696187645205
190,-0.17314141405034866,-0.03013591468747944
191,0.35925726470644526,5.050319454285362
192,0.2130460423822798,-0.2189210019946648
193,0.04430939034805617,0.008102791535502474
194,-0.051137596336929804,0.2473293686391722
195,0.5750836348366513,-0.17242337544935657
196,-0.014543038064774777,-0.043406839026286226
197,0.4196830602218363,-0.15754672385178634
198,-0.03203286303147141,0.2938472822560043
199,0.09177222983314048,-0.10903737776492903
200,-0.008767772772518697,-0.062140047476778794
201,-0.10517331116981674,0.273754533864507
202,0.2996895399018834,-0.10246308191886608
203,-0.07534829356121604,0.5415073716737594
204,0.2979688526356565,0.153202026054222
205,0.23973633723271473,0.09568920096954438
206,0.6562479234456976,-0.029081219230206207
207,0.09399781856005163,-0.25225325477330196
208,0.18883275329869678,0.25937811969088004
209,0.4822083989166108,-0.18246420867108107
210,0.2624873937735714,0.06487275340691732
211,0.4331862316525716,0.3117107514452852
212,0.3772387667356998,0.21346936150865575
213,0.04453100064183831,0.37254009003861555
214,0.03598149369074115,-0.3067410622181681
215,0.13626301069404284,-0.16368673197590894
216,0.45045419979495877,-0.2642880102315157
217,0.08649699887531148,0.3789551381731039
218,0.1322373858320503,-0.3211249694927951
219,0.07505129549067276,-0.2310124223747218
220,-0.04861848190019452,0.2607282508349692
221,0.30603773962525044,-0.2712063297832778
222,-0.048969768770447196,-0.19717518865449715
223,-0.07551504080775841,-0.25246811524714796
224,0.04509631654931514,0.30959738912943063
225,0.1309769009277723,0.008738621668873226
226,0.7792524680800909,-0.013103278078634706
227,0.3562272696787203,0.17797391423640413
228,0.3828339831428892,-0.2155593254927834
229,0.11296975587658238,0.23973274491923516
230,0.041328057611283164,0.07561699507052479
231,0.08856131588499042,-0.1513250399106548
232,0.003902842017026348,0.013798599593030886
233,0.15539918188210083,0.2887593672261497
234,0.3362949715692564,0.33215353993746766
235,-0.20368609441124805,-0.3240255871980948
236,-0.09932499464756908,0.07580574725387237
237,0.3169721073217698,0.20433315585169617
238,0.17277337249769625,-0.054467175604232664
239,0.2297551497315678,0.03340010194745123
240,0.314696599822468,0.16665721534710345
241,0.032515539771671764,0.22021669659531992
242,0.004691753264473554,0.04555643792564048
243,-0.04917619325650055,-0.054173971192394144
244,0.08531168961843312,0.08016097305410665
245,-0.38066228820668424,1.0191656287400437
246,-0.5644837923305719,0.18931271054996318
247,-0.2086345108859001,0.37859788958761653
248,0.12121678767287698,6.2735333317209125
249,0.1344532027513694,-0.09704829337780646
250,0.1332077598626352,0.1768238814689449
251,-0.17384597679995678,0.1125616862395515
252,0.12143328599092314,-0.19462542161645122
253,-1.187787293191399,0.2595942684701493
254,0.25480812196885916,-0.2096354769553276
255,-0.21354225826418477,0.1164330415381993
256,0.19725721963136417,0.26613583597063395
257,-0.010822143426241776,-0.15138079718152553
258,0.6126610266263534,-0.09364005996101776
259,0.14196636239641652,-0.08645698126119791
260,-0.09049838583474432,0.5773792985352024
261,-0.0935802993901424,2.1173570491732905
262,-0.13461894742732075,0.30467066921759456
263,0.3949555045669463,0.00842420859470847
264,0.3758569660097716,-0.16792476133112477
265,-0.08097079225020344,0.014491022879622445
266,-0.04291261716273106,-0.19148397859387625
267,-0.5161615514882821,-0.28294292702569124
268,0.051241235645150596,-0.16507043607186067
269,-0.295479244432794,-0.2090495763254534
270,0.16761467919660272,-0.42469968205255376
271,0.5893558511761794,-0.3090257888084763
272,0.20197685213303868,0.09672367271419179
273,0.21330504230139152,0.11877849292399009
274,-0.11321357824171299,7.590147517855492
275,0.21558929694594658,0.2644261732325851
276,0.004824343268933329,-0.24050922361502333
277,-0.2227853470164145,0.13198801878299124
278,-0.12029600956248214,-0.02877461541485347
279,0.411925284742256,-0.01179353369566962
280,-0.422389929343418,0.05373504846613928
281,0.09956460753072857,-0.3065424695988302
282,0.03186555390487679,-0.14115903560622892
283,0.3061362701722764,-0.1499050116764164
284,0.06501567091346619,0.46967793742422986
285,0.18822792844727507,0.22288678113836777
286,0.166930499821565,0.4154427692045477
287,-0.03267182879250066,0.5854018944744456
288,0.43006575696102856,0.19331072294914597
289,0.12518525706819067,-0.11724126777683033
290,0.2285275992137962,-0.2921473408566312
291,0.1849608430878452,-0.1307853036519418
292,-0.08394726519057842,0.10932600943386221
293,-0.15796141184554907,0.8508980526980288
294,0.32369583600761576,0.5898206710582523
295,0.6544666655961653,0.06739782188732209
296,0.1707717003702282,-0.08294492260462608
297,0.12899742433969297,-0.11549172748300521
298,-0.006139745647059611,0.3004362231281533
299,0.17389708904716172,-0.05199950894813732
300,-0.11545680743748807,0.2749904186237155
301,-0.08550737091995117,-0.14276347424414298
302,0.14030747267238794,-0.23565397295596485
303,-0.10100669280945504,-0.04864646625612834
304,-0.25570102037529335,0.2821647525859607
305,0.04237696404198885,-0.0859980322077141
306,-0.09972076346903094,0.15647641308732443
307,0.00017266177679441385,-0.05368409152551916
308,-0.03805109959030096,-0.03744321064811918
309,-0.0455736543287836,-0.19632067575839846
310,0.5550401197785281,-0.1401539834799032
311,-0.012906970131743373,0.191930128333771
312,-0.17251224603867343,0.19418314957695276
313,0.16658452436564386,-0.3905921856021891
314,0.47282107373116117,0.7279663793967064
315,-0.7667901944108351,0.007225406121704708
316,0.3758650538465106,-0.1914478507374636
317,0.17683264652430353,-0.23030760736928016
318,0.16509765583338284,-0.15451895390188836
319,-0.12793483193053387,-0.25694361556820267
320,0.10036039834828114,0.0927486285112216
321,-0.30709357397898834,-0.11095506612970889
322,0.03359718440625556,-0.2459953414030803
323,-0.027012005023226444,0.1388858251161739
324,0.1037239538781131,0.3617867435945625
325,0.22695426002263536,0.0191848399437215
326,0.1578653521103783,-0.25691384518250454
327,-0.2142351842033019,0.3981645229183804
328,-0.8320676587676867,2.2263994685575845
329,0.09117180248494612,0.24030786364806014
330,0.39629965188492566,-0.3626702355198715
331,-0.23008285855904723,-0.1718922759897809
332,-0.23859895693940308,0.07975194929864998
333,0.05613986570469014,2.608230813957417
334,0.29468249095756655,-0.20773810319359348
335,0.14380557533977598,-0.19615890187154345
336,0.18905794683245675,-0.04545877304773077
337,-0.061242286804848126,0.34854747745851
338,0.4526454924054197,0.24267913674933722
339,0.016457003670736055,0.5625099782041715
340,0.022155991589913736,0.8069574292293963
341,0.06953636590118076,0.33901804237651023
342,0.12775883421485512,0.8723480982089973
343,0.09289740601045605,0.008906627260073931
344,-0.10926872894280512,0.20252700624765457
345,-2.100279198039887,2.0134806623868204
346,0.04387017820617127,-0.14953874118103366
347,0.6394423870223088,0.13847146344199648
348,0.053469451035478954,0.21890225142937964
349,0.050031366023956345,0.35864265289507324
350,0.43125839443508396,-0.33826289469780674
351,-0.5297387636007423,0.6490172535508731
352,0.07099371157007794,-0.30324035316593945
353,-0.0477380509213519,0.6825570946320136
354,-0.1374041438150479,0.2699266986377859
355,0.2689216174295862,-0.2213163188104966
356,-0.008808032223997652,0.19011419617691244
357,-0.07045950525829255,-0.24896076702660608
358,-1.609513252610623,0.7223091992031101
359,0.23889900891746266,-0.11193901698265629
360,-0.5094574237722562,-0.19385351540820772
361,0.20966248508178875,-0.12063844710385936
362,0.04774904666347758,-0.1389625570455538
363,0.0674904311009041,0.293371460012746
364,-0.06406648988041493,0.03092526799849224
365,-0.04432853099659991,0.2964074487883605
366,-0.6023623097210982,0.12250097215655946
367,-0.025534553118030268,0.22534777240506845
368,-0.005616070822538841,0.1707762529070119
369,0.28257017260840295,-0.016206308132592776
370,0.12947523079921539,0.2632957267079085
371,-0.2856163750197003,-0.04994678372963336
372,-0.07973363818712438,-0.12093718145722329
373,-0.19108568484536398,-0.2573199188291772
374,0.2861448603563508,-0.1699801363154228
375,0.07705111723622952,0.0650072955752044
376,0.34565260166606515,0.11420800204931425
377,0.28186285364196945,-0.17008017553694355
378,-0.36962646755585415,-0.06460220380406462
379,0.3755478183350149,-0.11120538300440419
380,-0.03346013721741638,-0.06897999783831599
381,-0.035621682788645824,0.1301442106902856
382,0.4278527898441403,0.10159801347706014
383,0.28973507700895995,-0.204387463909481
384,0.4683150383167936,-0.05058341000522053
385,-0.057891200783504224,0.3078486932630359
386,0.5724511344462245,-0.15288014358029067
387,0.012674796619902595,-0.22278672345683134
388,-0.02081631560983046,0.3033142445973031
389,0.08468675834893144,0.15556989775061297
390,-0.1033479234412357,2.11319673015745
391,0.16690579865060484,-0.15928175306959014
392,0.3740416246292664,0.18851145254656057
393,-0.4038134009532053,0.053145930553088305
394,0.05351319612604295,-0.22476415946966277
395,0.30116957642642334,0.0907728687898143
396,0.40311613918540434,-0.3096563140096355
397,0.1898020553680421,0.052983979989781035
398,-0.13633878487089612,0.1115134907241605
399,0.14752282180592685,0.11543349497145343
400,0.21796186509494767,-0.16822321957720426
401,0.018237323890791492,-0.07454619540787441
402,-0.2893503012729548,-0.20067675352206135
403,0.4398922563497692,-0.2405581228090457
404,0.2173722511879414,-0.2594782162949292
405,0.0712031632564182,-0.12727721429790181
406,0.24421695464663498,0.2182479063710822
407,0.22480669301426529,1.1501432971679766
408,0.32830751958533855,0.26777686903445297
409,0.20359117687132602,-0.11033180065877772
410,0.5604694429043582,-0.14248416818575801
411,0.07383335095080053,-0.02901861591198812
412,0.02319984191783366,0.2719355635981368
413,0.07040602488215708,-0.19255421549434332
414,-0.0191281647057548,-0.25704473044042714
415,0.03259649775178623,0.17129393348163074
416,-0.1129041028286532,-0.02971023554330717
417,-0.03332654233345468,-0.2603587791494067
418,-0.1945822309010957,-0.07602822037836729
419,-0.08778605673576326,0.049202182514115365
420,0.26398867800618436,-0.16527802942535808
421,0.24095457443237295,-0.06585144907526855
422,0.06481177741290316,-0.10129240511786
423,0.16280826343812596,0.3413656255858051
424,0.3769257839965606,-0.11757054338250494
425,0.17337734522818093,-0.10097929264089592
426,0.054447894091870785,0.2182526512945257
427,0.19107738911347422,-0.195964608365145
428,0.165713222396133,-0.1353134351774319
429,-0.3100561717038058,-0.046197222772187435
430,-0.39123195623304124,-0.18227550888993466
431,-0.01916769881887429,-0.4227842122930395
432,0.35277662228698087,-0.0880242448958801
433,0.0664853628932117,-0.24745313145269693
434,0.03865022457495239,0.13785252497944284
435,0.021099168797712554,-0.16329192606613255
436,-0.15684054934909836,0.22098791898855086
437,0.034350516529860514,0.1564495583816722
438,-0.1721725648722987,1.874695914303563
439,-0.11947624056415398,0.09075760640931971
440,0.04921400247916894,0.33901804237651023
441,-0.12396981787840466,-0.15926153688902916
442,0.4496581004730773,-0.24048073976208023
443,0.2395790732351152,-0.2054807516021711
444,0.18632712837528737,-0.12218265143491074
445,-0.21544447091442662,0.05739017804763404
446,0.028502912850826477,0.12934890541087246
447,-0.017445297541940148,0.11536813724027165
448,0.27347583519606333,-0.07456372258687018
449,0.14639701746434972,0.007814459357830927
450,0.11187659844245697,0.13724354284954773
451,0.0387742406419012,0.25681621755711626
452,-0.6539155617667773,-0.018872448557156467
453,-0.08765332076922408,-0.09611386557349272
454,0.012020079890501046,-0.10182753594073932
455,-0.1789248905633076,-0.052035453208533
456,-0.5155962836343109,0.02537102201296637
457,-0.36486522990894876,-0.18200122056095114
458,-0.37905076652131814,0.08673286790938935
459,-0.006647640950201386,0.08173580616665346
460,0.09203852191402999,-0.2778409108021066
461,-0.02249913259390653,-0.15330400505045932
462,0.4005865481871445,0.01013857455026706
463,0.15031005729660243,0.04326833435847138
464,-0.3394828424420401,0.5633299018106847
465,-0.021630059719239397,-0.1155333476004456
466,0.218240639360256,0.33901804237651023
467,0.29241356731118234,-0.27453053514886927
468,-0.11902527716594313,-0.08241945505404966
469,-0.032272031803588695,0.05707468892143416
470,0.4456623281391884,-0.08464418071982541
471,0.30055796370939064,-0.1827564121229294
472,0.27671692156874556,0.25293461742373535
473,0.05824545636450575,-0.26625400785865494
474,0.2535329839279122,-0.1436033910852016
475,-0.3791310703379557,-0.12818595705291042
476,0.02883638402789095,0.25655280744631925
477,-0.162772476848616,0.1844165709172012
478,0.031894885724924604,-0.03114359010382866
479,0.05638174215526992,0.019240901455989206
480,-0.10700081896807542,1.1982436301461754
481,-0.4240557345826936,0.03149698517437283
482,0.8134268808607403,-0.1443975567531518
483,0.0652541484850181,-0.04160000139104282
484,0.11923698598262919,-0.2683022272903878
485,0.004013020379746895,0.3665433483979634
486,-0.033526516345780424,0.18538837454201532
487,0.3254522080115697,0.0017542110968809532
488,-0.28660620713377,0.036498718345265836
489,0.03178578377426872,-0.21424027801812057
490,0.12816540720017428,0.14645291327603416
491,0.015650381518428173,0.25395168973220067
492,0.17482403955843867,0.09445805740395188
493,-0.4398720916948653,-0.29166095318674
494,0.32839487348020346,-0.04009305668153242
495,0.05941396034632433,0.34310987765258666
496,0.4458218760972805,-0.23473075719467712
497,0.18610902911617933,0.22841606820930851
498,0.1913383350996282,-0.057130199102036906
499,1.1703245713473898,1.0263288601804064
500,-0.3553618718980444,-0.10921867346742356
501,0.12210456194845679,0.2645725461909275
502,0.10209038371994487,-0.10664615456951343
503,-0.09241792825566018,-0.025603453185875324
504,0.2195077277188046,0.04517695498671641
505,0.09023938930747451,-0.07938293261189497
506,0.07649226128056745,0.27315674353099045
507,0.22121975504013935,-0.14365357428438133
508,0.22146673714789888,-0.03511191642721841
509,0.15545420952123637,0.6756677657815725
510,0.04746286653274945,0.10537124963471085
511,0.23168654044850112,0.2849320802060708
512,0.26150508605534756,-0.1193563181721468
513,0.08561212546956763,0.2834846102923611
514,0.2524169379530491,-0.14422356218326776
515,-0.001596431490852368,0.13168979718700516
516,-0.020197145403473303,0.13649931584773597
517,0.2043822706991806,-0.18920802120248587
518,0.1925334650962637,0.5892160438972984
519,0.29854381729076396,0.045859596897247334
520,0.14415281970234686,-0.1449009954518606
521,0.03599626676029845,-0.027683667989353723
522,-0.1444458529472999,0.22187672669913933
523,0.08535167527640439,-0.1327046035033162
524,0.0971724808462393,-0.2619308229780153
525,-0.11510179154621214,0.05772083171704802
526,-0.047509547330838474,-0.23003139361886554
527,0.02861965163356841,0.27873511939394396
528,0.22544043866437202,-0.01480331119886758
529,0.027347735097339832,0.22225624502764382
530,0.050292444478837316,-0.2570876098096351
531,0.2795895968575314,0.3079876899077696
532,-0.05942292023158593,-0.14817715296400386
533,-0.022997200853196693,0.05363409518448525
534,1.1917304116865863,1.9795990039878943
535,0.17912589461405276,-0.1182449369262962
536,0.03797468634190722,0.13079103128869676
537,0.19632461355249814,-0.24843421339582003
538,0.14426379177509427,0.04980610420577716
539,0.04284996963805575,-0.24851391207713083
540,-0.319761148492983,-0.22166318858376313
541,-1.6051257508228225,9.82356427356473
542,0.29977760157982103,-0.1686352912718861
543,-0.36810214882350445,0.18140994895697665
544,0.11749439423156696,-0.2672024754235545
545,0.0020576209043771166,0.16963916179984956
546,0.11117031874573216,-0.10477048477641007
547,0.08633684842027267,0.0008968745554640278
548,0.09541498228561503,0.22523726424072793
549,0.2086587439097353,0.08938653900210658
550,-0.016750081777557067,0.20829925285728143
551,-0.05066943516734943,0.4249495340772252
552,-0.15592372188853926,4.8264454343255324e-05
553,-0.03219627262144115,0.16942861637048373
554,0.7687036140031271,3.2617263572704744
555,-0.22496588232816986,-0.07518402504819166
556,0.040974172952334645,1.609100007918014
557,0.5380441214229316,0.10443311445576983
558,0.9560186580275035,-0.08306337502044754
559,0.07660927111106045,0.01906685747048876
560,0.27757408170726666,-0.12197769208869413
561,-0.01960062603439346,-0.21834664937235596
562,-0.07953482716155791,-0.032446801604800304
563,0.09717040290769315,0.22714513022736033
564,-0.12382806619690553,0.167287927754746
565,-0.13679968798079373,-0.18898012474698314
566,0.21447995878658954,0.24040285476237866
567,0.10642917328684072,0.012125641098823008
568,0.013824783075605435,0.25759397200020356
569,0.15245737363557382,0.18994092561593606
570,-0.12278174538253768,-0.17884777778017164
571,-0.2823612511016508,-0.30301222775835923
572,0.12036941221279847,0.47036508083113515
573,0.11854907278350184,0.09260697816554278
574,-0.08676187151469847,3.2581136989530877
575,0.26718650511950254,-0.3662071133473065
576,0.15306968940481674,-0.12168203859726316
577,0.05349036972158629,-0.12993473086444365
578,-0.10255101144144155,0.26310812521470583
579,0.07001024529982268,-0.09824686479338934
580,0.29338024482038644,-0.028595307937163056
581,0.048704734793298274,0.001960979287637606
582,0.008451442650402253,0.24146975968767692
583,0.01861784282855646,-0.337446214884512
584,0.18452862065579476,-0.4012314396073453
585,0.19061810672426147,-0.11378182053783241
586,0.22708000484568558,0.21583939159720716
587,-0.3359952287179659,1.2709308159462958
588,-0.028216070341253962,-0.14835190380602398
589,0.2215261871909097,-0.3793202396211427
590,-0.11864613158450113,0.14778615589736338
591,-0.09273421814789165,0.23838873611986794
592,0.2735561841986099,0.8423974010061948
593,0.10213035067886596,0.021853661576670236
594,0.21723283180736766,-0.16712159710945934
595,-0.11134003461667726,0.2390387354426223
596,-0.11308141671211831,0.44002401447367784
597,-0.09719948002113388,1.1660618187369636
598,0.03017326529749287,-0.25191977358930523
599,0.25584216077712274,0.03727022841178247
600,0.028634867357511008,-0.02854734605122054
601,0.22333804808919594,0.2777024088694541
602,0.05338983282818118,0.305465400012778
603,0.11490858216765407,-0.4214003800206627
604,-0.00025093903276897643,-0.017023271973679737
605,-0.3624040052021942,-0.05455845686862778
606,0.15730665348686285,0.23544307343049628
607,0.5735871433520596,-0.06013636571578919
608,0.003022900303817258,-0.21126249444513184
609,-0.00827619021752663,0.5921677496623513
610,0.14277621219439768,0.10712093622470935
611,-0.1140384542636009,0.024351751191330394
612,-0.3519271989697784,0.09295548248155712
613,0.39656339672312424,0.11806137832287007
614,-0.4556312590716747,0.06820600411439473
615,-0.26098218990809097,0.3766843771687079
616,0.0005065592226386973,0.19876807200253296
617,-0.11137277977341789,2.54278441366304
618,0.17098492568326945,-0.13807190238812989
619,0.09836766769168653,-0.2362685513170347
620,0.1671188119756995,-0.1288445195909443
621,-0.1883113752568122,0.8692942243239175
622,0.22327942654019237,-0.1676712687017246
623,-0.05021087154997582,-0.026974430613783802
624,0.18260329997287605,-0.0742169733173704
625,0.04990154413804924,0.13358687415669784
626,0.704563679337194,0.1331795337255109
627,0.2055913592603388,0.25805622077331325
628,0.18481555470755132,0.24503362372323126
629,0.031317518937843666,0.17753130954515267
630,-0.499966333978305,-0.2151698344794541
631,-0.035192101836959214,-0.1272430177500658
632,-0.198319999030764,-0.18255317198785698
633,0.018799234856966267,0.11747230665454858
634,0.012726135724500588,0.31365072115909026
635,-0.13789398636287467,0.25678476435479036
636,0.10344002673759736,-0.2814606627362847
637,0.24119869621777582,-0.16685485275542594
638,0.11083609215992732,0.25681621755711626
639,-0.14729777845121422,0.2634890166503937
640,-0.14405420584196124,0.09942392708581342
641,-0.24383439268125023,-0.12923101761565758
642,-0.07997850234402706,0.1317888436391856
643,0.20884268194381111,-0.26399838183127367
644,-0.023676964009613166,0.2976890203294681
645,-0.12892441519871814,1.2798129063563948
646,-0.08761782419290247,0.7680795338790816
647,0.24291023764425462,0.06636399487853002
648,-0.011599853723713072,0.10671339330163172
649,-0.33035964977749244,-0.01102963516350632
650,0.026528681542805677,0.2591034704868269
651,-0.050796460069275295,-0.17760880191920833
652,0.30305593909068873,-0.06231564856574816
653,-0.1310406409045973,-0.23379034130675871
654,-0.30379582752260237,-0.10200259741026882
655,-0.1314528819397129,0.12268263994664133
656,0.13333060465437505,-0.08245325214021818
657,0.08600377617586294,-0.037844276285552335
658,-0.43473480740507586,-0.035711568438093824
659,0.16487045432927888,-0.08261171776919182
660,0.14516003574749833,-0.07381014642909499
661,0.41742812758977044,-0.08273230108807575
662,0.0098227920307353,-0.1865715173363243
663,-0.07571103056238215,-0.32934493270383236
664,0.022556077571410815,0.0318049018710097
665,0.18456376998723273,0.2267145168188139
666,0.40228764093914443,-0.16609286471265103
667,-0.040198165645118904,0.23626572964242726
668,0.2735155415685985,-0.02720136189601169
669,0.5367765387848218,0.2452659110123469
670,0.24872104979831783,-0.2270716089018737
671,-0.5913227680223729,-0.05170341764947326
672,-0.10493661403353119,-0.0674972922200182
673,0.30193374568766795,-0.28758675264053774
674,0.5176417401944551,0.03884761694173724
675,0.29497202777483716,-0.1947778164309844
676,-0.056374796086651635,-0.1133291767527207
677,0.08955808222688852,0.2871836470840855
678,0.1612052895510659,-0.06532160461808553
679,0.0591118555819368,-0.16215204444831394
680,0.2679957910515073,-0.17133175356577374
681,0.23134608762398376,0.24849810504974537
682,0.251742713139088,0.1666941864842153
683,-0.028737482881855847,0.26817287659967654
684,0.5001451805264333,-0.22693647247692197
685,0.14443106644152284,0.2075280917689108
686,0.21417627201717088,0.4033198345909108
687,0.046712817337273865,0.23973274491923516
688,-0.1154770478266766,-0.012759274790437276
689,0.12757810294369526,0.21549023862487598
690,0.14350339436052026,-0.09631317391050434
691,0.288081029392534,-0.17475455521080727
692,0.1308370374254569,0.20484418292175777
693,0.5371356883664097,0.0506233537879787
694,-0.06148313239358907,-0.1693492336762711
695,-0.24597889888140528,-0.09795452253099658
696,-0.08181955583371388,0.3261608490318739
697,0.01173366357828819,0.17258895085547596
698,0.12321879990899746,0.26113136985630253
699,0.5244521621289998,0.1699054507208828
700,0.08884125138628567,0.21678094595097477
701,-0.4518130166351484,0.7653490042275422
702,-0.1570689778143431,0.3620386409484241
703,0.17337329038572652,-0.2694835832931598
704,0.11603776324766975,0.6043459694074855
705,0.003384121105065896,1.1074900606896596
706,0.2615446406777315,-0.09023648238665348
707,0.43740303630902294,-0.15574664769446744
708,0.18341093277628467,-0.11080777923083054
709,-0.03146703597327873,0.10314265639739935
710,0.14450738157006987,-0.30093578143626926
711,-0.056791397558499455,-0.08173498893021436
712,0.083875245220524,0.27633084633305927
713,0.21096717753397914,-0.010108160909282163
714,0.016410918419946633,0.19466646542090732
715,-0.041211289095822404,-0.13895994367064063
716,-0.0919125838840507,-0.10538590214675073
717,0.2505994061812038,-0.039533487544016636
718,-0.31950521078194727,0.3400694009355264
719,0.09699105992555343,0.2244244192304293
720,0.13839544697721012,-0.32740265857901213
721,-0.07009131465524251,-0.2030081897973946
722,-0.14083429108761752,-0.06789797517831783
723,0.2043054720904823,0.39425993666404274
724,0.57426063583084,0.6529850634908729
725,-0.07696960646915589,0.2058069201668728
726,0.4681868558119634,-0.13941195700115877
727,-0.03672832142490273,-0.28026336579239375
728,-0.03383344863918064,0.04573245172472956
729,0.24113328307184423,-0.25089999295948723
730,0.055220110605896225,0.10247406002929069
731,0.13873736865123337,0.2708220447086342
732,0.05630447824881564,-0.32232478331588416
733,0.08660392637897303,-0.036270735966466815
734,0.0050142499888385485,0.013893478396555626
735,0.0779071786307083,-0.16469256346413344
736,0.18182815364859103,-0.1763568254433293
737,-0.11230718063833822,0.29546906065280865
738,-0.0011474929231539699,0.35987726169737977
739,1.0831381841784853,0.27255233355193986
740,-0.13666160214268971,-0.22189284706509582
741,-0.05064670246655485,-0.23683655973072662
742,-0.036504955169246504,-0.17334243014910616
743,-0.039896701145060685,-0.25684821374079786
744,0.04098232324099331,-0.19347121715460217
745,-0.08719131192146685,0.04774838693166509
746,-0.12642207567824676,0.13241963574582638
747,0.2210518123363891,-0.12995124100301028
748,0.399678461383061,0.05978172314643335
749,-0.2527440535779686,0.07528231847976193
750,0.12757940265817597,-0.22428743640335816
751,-0.02733851698643782,0.570070719876398
752,-0.05086120714404533,0.1045303361091962
753,0.1885685228724195,-0.170102652537917
754,0.18635289370477587,-0.09131743351062546
755,0.24101529284010445,-0.050672825482154495
756,0.05375316455214455,0.2424243867425268
757,0.028741779622176156,0.0651625079793694
758,-0.5080534747783233,-0.11187269979386909
759,0.3179887157316149,2.2383970913875038
760,0.12779053960490966,0.33901804237651023
761,0.274782254854479,-0.08035472468307929
762,-0.13348247044301853,0.017411251492887823
763,-0.05068987211538063,0.043484614596974176
764,0.19137782501227601,-0.17827618114090027
765,-0.3820223474939288,0.21615963285017953
766,0.27445883652870223,-0.008206709130302945
767,0.21039041421714674,0.33901804237651023
768,0.03399241588387789,0.06811197716853785
769,-0.2674636312341363,-0.27349439939754494
770,-0.08865612870701278,0.05792827946519856
771,0.06969008997135621,0.337513817571979
772,0.12791636941426474,0.18622682913543204
773,-0.14376139677052743,0.0948370345683254
774,0.13033531874922547,0.411200165578489
775,0.1501442010043333,-0.19607421065690422
776,0.028245212907553552,0.09335959507120073
777,-0.013017397634308137,0.09551034660573136
778,-0.46301060260794297,0.03600608487239215
779,0.300359395142881,0.6013554853991596
780,-0.1520825692595707,0.02312217826290697
781,-0.07288412467601346,0.3549930888214804
782,0.048188522447927526,-0.13741101740587386
783,0.2933500937978707,-0.0010187662701603955
784,-0.46464061407206625,1.8762892171831655
785,-0.037374881943173066,0.47665376928763764
786,-0.1635718465857884,-0.06177770027415713
787,-0.0193051551941666,-0.11334245308291475
788,0.012995895461614948,0.05006454329873816
789,0.12271474356360297,0.2481744435333247
790,-0.07963653064354355,-0.20942894957786576
791,-0.05438929173845589,-0.13289652717507167
792,-0.19618513165256352,-0.2761873072958866
793,0.21340726387241213,0.25967832807034413
794,-0.07854447236396825,-0.11790846616149146
795,-0.29651534216906705,-0.1991159323272507
796,0.09634725803712064,0.11854162380810893
797,0.07219345033497213,-0.0927666811416545
798,0.14845274370217593,0.8144977743783102
799,0.3031638933681534,-0.1460780699995629
800,-0.1923847728138713,0.04467174829433455
801,-1.3355080540692672,1.5858409790224093
802,-0.21903631479930405,0.8638904655715246
803,0.06147060309322716,-0.044211833788252705
804,-0.17092921655302667,0.5429201147760689
805,0.3207636476975607,-0.09786432190587427
806,0.0335484242419849,0.000541378015247182
807,0.06632726269829879,0.3996000150726677
808,0.46228528662530516,1.0329320810963183
809,-0.0006940336137154391,0.2672429010429721
810,0.5961052576581471,0.04483438478980058
811,-0.045599804044232715,-0.08878771120849967
812,0.33615409421817233,0.11183224778416231
813,-0.07097507388560491,-0.08657755457394535
814,0.37348987405327033,0.10170926117219628
815,0.02424191464604899,0.15708755551170706
816,-0.02117437177323369,-0.31721130790961116
817,0.16898617039285613,0.06256179159475844
818,0.07850248471039552,-0.40147365849844335
819,-0.06547560981172695,-0.25649434175493646
820,-0.26376902261169793,-0.23197270440296075
821,-0.02227058928745329,0.20354191693329304
822,0.13115864720023418,-0.23507606165851663
823,-0.36984893678987707,0.2093107553816494
824,0.2969004277560706,-0.02411914093529018
825,-0.26094547334951423,-0.287166822149029
826,0.27919233570671886,-0.2626056560146801
827,0.21430599816163348,-0.10001675581363415
828,0.06691943135579528,0.07621640523397079
829,0.3137384277641904,0.13235919849949027
830,-0.07995423240682008,0.13926984618396882
831,0.04571746907311867,0.30250616241309525
832,-0.04116964614065718,0.25242924655265175
833,-0.22542195470435028,0.28389070368946073
834,0.4560907659718474,-0.1449336856045053
835,0.20494607212396826,0.0011448029956572653
836,0.2681298346734244,0.10342140238525147
837,0.126552039975724,-0.12186227003948405
838,-0.18722034837185522,0.2545255445226043
839,-0.02665421664464352,-0.21247385108601807
840,0.007082456168092966,0.05984503527544831
841,-0.15651063688974481,-0.01294688321494358
842,0.06479190651755629,-0.34192455825148554
843,-0.3771857373170506,-0.26862426596360006
844,0.2628181143262956,-0.1583361825013382
845,-0.4499675833954626,0.1854935996123044
846,0.048850886245222346,0.2225680603556246
847,0.13563194337722728,0.27722851338264765
848,0.08176214656329776,0.04557821460354122
849,-0.858848482043183,-0.35105154882078277
850,-1.5838604667742124,1.1589995324112676
851,0.05001539846250763,0.300636518516747
852,0.3892003314509318,-0.025050850671081086
853,-0.04375537917529142,0.05457008074379571
854,0.3100958159077735,0.13104605498696856
855,-0.017883482624225157,-0.10611513657501921
856,-0.12500410903044654,0.11903130123805797
857,-0.12750356735714657,0.37037709637994265
858,0.7317424523214545,0.07164022759186581
859,-1.0974161763785717,1.1228265553675654
860,0.8698518089355483,0.03390214204964747
861,-0.32392222919072333,0.09485660029529688
862,0.13060912625446414,-0.2279431600281845
863,0.4173990475193616,-0.2715965583224795
864,0.24762764041216972,-0.26995793751558805
865,-0.012825499610150965,-0.16973091102955887
866,0.30785979067793884,0.13602942988072217
867,0.12290373007560187,0.07195630311306449
868,1.2991998778394878,0.35377651085223233
869,0.11487216163213736,-0.03145701087699984
870,0.0901972451228196,0.27969581834284046
871,0.6428859584529566,-0.05412500665721327
872,0.04097250389912392,-0.18869746729515535
873,0.0018564762163438692,-0.28144264239840644
874,0.0628546116702308,-0.0980962174072276
875,0.1161511306722968,0.1615986255705743
876,-0.1447572340865539,0.19778084258204515
877,0.05307169916671719,0.0981522041061707
878,0.021493975144193413,0.21361645553293473
879,-0.18014214627974048,0.9366803182625407
880,-0.27888782973941534,0.3689737916696999
881,0.3022055754455034,-0.24089434858246256
882,-0.37235531656565996,0.054237032517603444
883,0.33939072481969323,-0.06696965991380316
884,0.17965134270911218,-0.005586465263440548
885,0.12182921493372081,0.23028918903488518
886,0.13991005975790533,-0.11469420246758717
887,0.6432479964605597,0.61555699643795
888,-0.13272581940002573,0.28414115255078576
889,0.1731809882259673,-0.14198173414693693
890,-0.11377305875016881,-0.04327880245536557
891,-0.33061145321353136,-0.139153709780002
892,-0.0345264534010023,-0.2743850096602967
893,-0.04226198255541419,0.2584992707514582
894,-0.11090259873829407,-0.31704303787730503
895,-0.17727893272400858,0.08304241764245104
896,0.19445441282705245,0.0667036683728367
897,-0.17437437079802307,0.29064451641638483
898,-0.12686399609430582,0.34379859486091263
899,0.39266138363418285,-0.08813334562453842
900,-0.24293813333582204,-0.2433737461138421
901,0.2711307742178999,-0.25391942400533196
902,0.44160041197182354,0.6706477391732821
903,0.12974271656091513,0.5165350454280191
904,0.2050130228452119,0.5125782358004225
905,-0.07697217178188717,-0.13340328129600243
906,-0.01804113309154329,0.1960410064997442
907,-0.14523415947378804,-0.2095986717519871
908,0.13738215418006394,0.0642522241894569
909,0.0858873541432322,-0.29133382755529946
910,0.0457168836103395,0.07507082012833285
911,-0.09026500497536974,-0.026578714178320594
912,-0.031121211834273504,0.2661460390661877
913,0.2240383211607969,-0.3104088811185301
914,0.08757432378199316,-0.11506621844476939
915,0.3478156648300244,-0.17160282792685438
916,0.08368581410150018,-0.21240758903781995
917,0.23774804957417248,-0.031844715280068915
918,-0.058697423828214065,-0.28174851418556235
919,0.3318791993925702,0.27101429485773165
920,0.40148106411570056,-0.02502468546456845
921,0.5573563506908867,-0.2554415839987531
922,-0.11407266296024014,0.666924824781141
923,0.4162274087820248,-0.1938687836561201
924,-0.15419732996650543,0.34748759132485085
925,0.04856128954256385,-0.05621788881014975
926,-0.08501083027866638,0.19433762005751312
927,0.07867493974406578,-0.0012236139300185688
928,-1.6220823723515747,0.6643235323738281
929,-0.08971413467987019,-0.1005994538816265
930,0.08737940190399905,-0.12053729277487613
931,0.2325105942394758,-0.18028241737911838
932,0.08825025342266506,0.4035293376549367
933,-0.38409289891751874,-0.06552048158388576
934,-0.016129107079354194,0.2967625472967946
935,-0.031250871719162666,0.7954630629492853
936,-0.2744811161966785,0.28761922734930845
937,-0.3704202531711646,-0.24170472186408434
938,0.08144299688259651,0.14433439684101357
939,0.2130008543902097,-0.10265365459382562
940,-0.15411203543754484,0.29060499658517924
941,-0.16567501731134412,-0.29656911485661713
942,-0.0056821590314792515,0.013646081159890994
943,0.23027852075376698,-0.2019377781655939
944,0.16076560595150777,0.2889331744298843
945,-0.3806774770844058,-0.028218580137932207
946,-0.14388900766395862,0.08969907626103121
947,-0.8150709345024157,0.7876980807334332
948,0.25793904984437294,-0.2627095216284999
949,-0.19114976694245134,-0.24923738679824722
950,0.10415828346704847,0.06739261323302168
951,0.10028525619735962,0.14567321738137534
952,-0.35835698106268277,-0.1458764277427883
953,-0.18244024476124207,0.5538774566273902
954,0.020126362315294473,-0.13088050404382218
955,0.13523599597177824,0.04267695505492906
956,0.1489975909968156,0.32985956193560895
957,0.2238980582568401,-0.09767989439569104
958,0.2764334390452,-0.21483560334682555
959,0.33075672442659915,0.12355779181496093
960,0.4263269385641505,-0.045041374099558704
961,-0.06142363691338171,0.29668950306369557
962,0.21782337800576768,-0.18353668388652494
963,0.30328169492067686,-0.07371111097300707
964,-0.0034164849023104724,-0.04687203695299345
965,-0.14752932688505366,0.07075990100168755
966,-0.024612216307065338,-0.3462642297547216
967,0.2134046759979517,-0.17740860571040293
968,0.0665142900246745,-0.28050126138908527
969,-0.009681880324939551,0.26165889580083207
970,0.017207714493571606,0.01327357468632743
971,0.21684574580055466,-0.1940055741288323
972,0.6711477030598318,0.45176634505285457
973,-0.0734324914784984,-0.007927648352836537
974,-0.1783479236766841,0.04139225610237322
975,-0.09247477803233389,-0.14698981444026665
976,-0.0016426608118423058,0.8120748084963465
977,0.24392454396978072,0.16403539047467305
978,-0.17259003221914518,0.3375957091378306
979,0.032780118795129945,-0.2548695851546414
980,0.36027584155881553,-0.27949309293153585
981,0.08945861425171255,-0.13652191983454398
982,0.18422476406967112,0.2856387888952533
983,0.07380502984956076,0.23442916103179545
984,0.18988488623754002,-0.1621356264076629
985,0.2281476386401471,0.3899531419183694
986,0.0770961135519381,-0.09191731597122321
987,0.32322077542908023,0.14798711158213215
988,0.7895408936803531,3.5114055251545686
989,0.6569776730187096,-0.14235461639744942
990,-0.013181126628639827,-0.15921099174651818
991,0.16621976350053677,-0.1487271626467051
992,0.059354423047886004,0.011836881993576931
993,-0.03075180197164431,-0.044264515236564064
994,-0.18143560800693004,0.22276025976290376
995,0.1380341281065454,0.19684749939558838
996,0.0281526939392076,0.22547170122684665
997,0.19932442391814806,-0.10528966526348796
998,0.06463727685413385,-0.17351057371652762
999,-0.149723860235828,-0.14583566773004972
1000,-0.23766234484856472,0.2351414595921939
1001,0.03850865278714642,-0.3200920243789122
1002,0.041141333980467536,0.2027527572304222
1003,0.3127803757763425,-0.05208299188454779
1004,0.03548614141629136,0.2844997320339383
1005,0.23593798572543784,0.2147751228709524
1006,-0.04860550760061428,-0.13953981826828862
1007,0.26719964580446276,-0.32764228752845054
1008,0.029235110272215138,0.12157767984279715
1009,1.8167374691380922,0.13946138167988795
1010,-0.00992560447711621,1.3421557952406633
1011,0.03442239664406049,-0.0834214110720807
1012,0.30498036639368314,-0.11952895431754793
1013,0.4635320228956125,1.081012070338901
1014,0.22445002574233364,-0.24577169719786815
1015,0.023940090299086416,0.2535564524815898
1016,0.06216836199475604,0.1941742452427193
1017,-0.06710031500463827,0.1820298897005738
1018,0.09619513693718644,0.08037199467967368
1019,-0.10507662951137284,-0.0994300399708282
1020,-0.025528433761829634,-0.12001136926544556
1021,-0.660144848583551,0.1803708004194259
1022,-0.07871563818870533,-0.32444929025146146
1023,0.019808125511308505,0.23468430386477865
1024,0.22702738145201629,-0.19282288368467285
1025,-0.17664504402397965,0.1948995545152438
1026,0.7330161635729086,-0.15823710550499664
1027,0.7641372879954629,-0.27953380860153443
1028,0.007823696321896107,-0.18082291802833164
1029,0.2081688543332581,0.1935545697529268
1030,0.044410647413740074,-0.1022659836909396
1031,-0.13997792097706346,-0.054740603021341185
1032,-1.1319433135875037,8.436938175395163
1033,-0.7499990471008637,0.0764754139034305
1034,0.32261716892985126,1.1745954440978497
1035,0.16466884714697877,0.07035413026552241
1036,-0.3788839305036682,0.670308329097215
1037,-0.09568069806010474,0.28554314802749253
1038,-0.031167452319437017,0.33853053916154596
1039,0.0308764025983278,-0.37061654930839644
1040,0.06747282727751532,-0.2938501837394495
1041,-0.07892574490129727,0.11854237665983265
1042,0.25551193087118007,-0.10975702279060306
1043,-0.47649417501565833,0.45772080393759157
1044,0.018999754117978284,0.33690394542120755
1045,0.12767495826727016,-0.011887816712493981
1046,0.12518253926791342,0.50814516239364
1047,-0.01217596304249777,-0.10647393655828648
1048,-0.058393859612673314,-0.09934353400477898
1049,0.2451389967500172,0.0835277562549829
1050,0.17901349637252412,-0.04366300022371587
1051,0.024276484814029407,0.24690391887598578
1052,-0.16353357912855843,-0.20728320673571968
1053,0.36210380965371003,-0.3230239803943165
1054,-0.038578204320429896,-0.2644328358157652
1055,-0.03496674676416632,0.29447715065014674
1056,0.40484349989066315,0.23432394183129862
1057,0.2709416648589852,0.18749499267582553
1058,0.43003755039795094,0.27703398185684147
1059,-0.13875767766594935,-0.2170576875836247
1060,0.39704215333650883,-0.065508233194528
1061,0.0372486798954727,-0.20876925054413958
1062,0.09520141977047107,0.21207638554485375
1063,0.0829808553359668,0.24012083039206664
1064,0.14545748382719342,0.2769531067451048
1065,0.1221490543637201,-0.1269277767772367
1066,-0.516121279449326,-0.06622062373416245
1067,0.12082255425500901,0.004744652658749934
1068,0.5034201756922869,0.7370791280620377
1069,0.20807154526158195,0.08799692650608515
1070,-0.10123702681842664,0.5926947063342228
1071,0.028202815435867494,0.379066999430916
1072,-0.07570853871957602,-0.2119670058898245
1073,0.30162826945841054,0.21780394835107852
1074,-0.8082961436545608,0.9030837388078593
1075,0.33676114891782677,0.3279589203706881
1076,-0.09434168601759459,0.15492673114390187
1077,0.37889928975582443,-0.16837320455133872
1078,0.35718561703148255,-0.13983270714647442
1079,-0.3591364614652663,-0.18741585459625765
1080,-0.15371705517792278,0.15064900061239211
1081,0.4155529624912332,3.5984643613887193
1082,0.13956917766630572,-0.26233668500497515
1083,0.14441303426010993,0.17422387100579692
1084,-0.2991738510675328,0.06405572800097611
1085,-0.05273094203178521,0.17553802108839958
1086,-0.4044578343965536,0.028202705922718174
1087,0.015322645150423374,-0.02858253013853248
1088,0.6033017769020208,-0.08175009915525365
1089,0.06386372211846189,-0.026027682628479588
1090,0.30958208837225587,-0.09106137659739941
1091,-0.13355003172589064,0.10233159787329131
1092,0.1443112462743755,-0.1624318387582728
1093,0.17105911454331918,-0.0624711834746979
1094,-0.12872293135198992,-0.17677828153764874
1095,0.1834021882848596,-0.11791465634706233
1096,-0.09841427984520283,0.2342977767181628
1097,0.03377259729935033,0.3281814520095726
1098,-0.19690998783679967,-0.319467927885104
1099,0.26619587490056984,0.06697738596690091
1100,0.49092591428073745,-0.1297971420264879
1101,-0.15393925801514824,0.29459498779409
1102,-0.09089279864883013,-0.08290882599605418
1103,-0.04438351961658897,-0.1523688752060253
1104,-0.08478134165654613,0.3203125275401266
1105,-0.011188261209522099,-0.2345503781195736
1106,0.11345042081311188,0.244893356882722
1107,-0.3393585879738169,0.12016723015293804
1108,0.17265377507874596,-0.13734016230064514
1109,0.3535235244638221,-0.24600291670249028
1110,-0.07513426423128748,0.06536734431197408
1111,0.37952561211780866,0.32713541396983703
1112,0.06516332753573043,0.22994278637451965
1113,0.02874020368977399,-0.24952611132264974
1114,-0.02732944569221827,0.40628021896608335
1115,0.09754147918532285,-0.08790740830992094
1116,0.7155051033519679,-0.0437674949692876
1117,0.19619854155045563,-0.12292950757398916
1118,-0.21063782505035852,-0.32942847617140125
1119,0.05966726559318225,0.014920310661315158
1120,-0.013101928844258245,-0.019559142256095983
1121,0.31893225420748134,-0.12516800561945282
1122,0.007109018113794763,-0.24796892579473157
1123,0.01955201797828036,0.23111979135752048
1124,0.0671715530577414,-0.14141318941752373
1125,0.03764465627918291,-0.23025229085566154
1126,-0.07213263303789198,-0.21456370583098444
1127,-0.37786140137960006,-0.18363010383653966
1128,-0.09833079579566516,-0.28105790246978596
1129,-0.08791423334964157,0.357034312389411
1130,0.6078447974619986,-0.07118429174624132
1131,-1.2051176492680327,-0.08274035080308305
1132,-0.6446290624428326,3.2950173253712194
1133,-0.8930718424015446,0.2523881083430034
1134,0.2918161794223491,0.21606087808620913
1135,-0.010497757745431185,-0.23473857282364247
1136,-0.059608152761267665,0.1859063346307166
1137,0.08037054486367086,0.008020247039504713
1138,0.2875856206207312,0.14791887311643725
1139,0.3762392322405883,-0.24969076887163943
1140,0.09824102867971289,0.28658099602931736
1141,0.06786890176229568,0.13281922205382238
1142,0.21364901524205396,-0.1631993942414626
1143,0.4413393694164557,0.029828480916470314
1144,0.16015625023435873,0.024548501513200587
1145,0.30212607538311503,-0.15398508602691985
1146,0.14363361251829485,-0.20477778912619793
1147,-0.16008737001196932,-0.2736195454887138
1148,-0.06588032590357557,0.34114381823636275
1149,0.20394787898058425,-0.17604292843636116
1150,0.40590124950134826,-0.017084140183981338
1151,-0.4145155493870605,-0.1197136170983016
1152,-0.061892701172311736,-0.07193918836417224
1153,-0.2181739171175492,0.2235450069433984
1154,0.177793152686706,0.2597689482568267
1155,0.3223326910045567,0.14554089008730048
1156,-1.0297840439471404,5.417213330012104
1157,0.019153492682572982,0.6669529764919323
1158,-0.008032214682077094,-0.3165940165442275
1159,-0.15173844248590385,-0.058628215785620885
1160,0.4273067103185828,0.6432653498460724
1161,0.15603745451860082,-0.24696199559824641
1162,0.05897028080505027,-0.20616701277379285
1163,0.4914262919368507,-0.19388696159857152
1164,-0.2566170464864528,-0.222970300717192
1165,-0.07927673023232071,-0.23648708004701655
1166,0.09138228040955412,-0.02497607860445657
1167,0.027190998587573657,0.13243638345820224
1168,0.3640533587438822,-0.2695065404957753
1169,-0.003703458986030411,0.2935989095264587
1170,0.5655721681441126,0.11359230650877791
1171,0.6040357513981143,1.2731250538168752
1172,-0.2301157692745721,0.39746415772171867
1173,1.1118258951304358,0.21358089787156484
1174,0.33230097975582984,-0.16612353380803252
1175,0.5394989493587983,6.405100933799285
1176,0.0703850173691796,-0.2723122775135867
1177,0.5200405262576184,-0.22910797712761846
1178,0.03391609282966989,-0.15021492624306634
1179,0.026610754559552037,-0.285454951676268
1180,0.07719884388806549,-0.10054749646842664
1181,0.24062086651650652,-0.26079378611770465
1182,-0.29553726766588995,-0.029248144360783823
1183,0.00804801929104953,1.8608484625089758
1184,0.2588769504735432,0.038777788650369294
1185,-0.16005485144818943,0.20579526951419283
1186,0.14067920490647154,-0.36781361191098777
1187,0.1229576909979861,0.01381954230083986
1188,0.035669777798735355,-0.2882948494040464
1189,0.21887576916321314,-0.09818517673806729
1190,0.05095118387130295,0.1607726109885699
1191,-0.023012200100685432,-0.1083825955109031
1192,-0.30660049268771217,-0.2096141684220631
1193,0.08266912571779092,0.17695494642286932
1194,0.10790418895637147,0.2317198528821948
1195,0.05959181578305363,0.08209254672919182
1196,0.5108487337886183,1.497654287254512
1197,0.17253344219459305,0.17221619897892806
1198,0.19016905781455273,0.294081367285065
1199,0.6769662960673414,-0.3823507881932595
1200,0.10231206403737521,-0.18493271751828877
1201,0.47065574919050207,-0.14540998988028464
1202,-0.11636310437481093,-0.01919324765088306
1203,0.2568696347910047,0.24058318732619405
1204,-0.13051895026304475,-0.25306046638593066
1205,-0.21130183852554327,-0.06021019784987165
1206,0.05081993024348793,0.30580043963549414
1207,-0.6867072252501474,-0.07227127159243796
1208,-0.062368671622095875,0.06432063559936402
1209,0.07111519905768156,0.11812577852791298
1210,-0.011674956292440353,-0.08948727134912664
1211,0.03169968385028673,0.33514296705438473
1212,-0.1052849393017073,0.08724207953186659
1213,-0.19504967494710929,0.47831019949214293
1214,-0.44418367135513925,0.10044068878770598
1215,-0.2841727690843844,0.05700136227292287
1216,0.001362939552101855,0.3459228028628601
1217,-1.4338525620227527,4.158233205342123
1218,0.1239875647052627,0.012731819399243564
1219,-0.01178649439664362,0.29933212098267975
1220,0.10688564170681547,0.30690108550374207
1221,-0.3787284192285195,-0.31534473880818464
1222,-0.16578081448929596,0.2436016222925331
1223,-0.011502301571523715,0.21154249421593424
1224,0.08770035025615061,-0.08479053159691097
1225,0.03724637598077726,-0.2598164895602186
1226,0.019909750969009,-0.17136891124461817
1227,0.30400135100827796,-0.11145244186374285
1228,-0.15101170119171553,-0.09439216963935923
1229,-0.2313406931441464,0.16746579324131156
1230,-0.029900873260193084,-0.1228391392025073
1231,0.05105941070688027,-0.21817940867748903
1232,0.2632397301827486,-0.30460834142394233
1233,0.2129294566090731,-0.014971165607305137
1234,0.08464819737919896,-0.10811622929524597
1235,-1.3251712129282198,-0.0126545919032495
1236,0.3010245507061696,-0.3177035946452643
1237,0.2503038357353796,0.050883926460999096
1238,-0.027639400723553496,0.001163512502712194
1239,-0.14919697116950667,0.05595809476929263
1240,-1.0235933671024933,0.7839589873449351
1241,0.315171908939863,-0.19614702405883735
1242,-0.04409747010316349,0.767498718167827
1243,-0.029017928617787132,-0.07410100245902897
1244,0.0465738407437339,-0.09084691115375544
1245,0.48380972494556473,0.1256830255537725
1246,-0.21661557859380326,0.2586727089715096
1247,0.021966005514094066,-0.2302751364784486
1248,-0.37232982530687125,-0.11419580315460867
1249,0.045840845384741966,-0.1217011250365609
1250,-0.03360656674650307,0.6725993268807956
1251,-0.09655888037935142,-0.04455566031574005
1252,-0.381337857305342,2.0358687972836425
1253,0.08938246526361923,0.28156290422270275
1254,-0.25066057239874867,0.1087241996643038
1255,-0.03495490468194064,-0.2487031959166084
1256,0.25126101131667766,-0.0075537262857005546
1257,0.1611205272947966,-0.04257798776765509
1258,0.08843678435042404,-0.07496959007437291
1259,0.06734305724600846,-0.09212098671926305
1260,0.637963881202378,1.1008362779747336
1261,-0.34894740942188346,1.057761231961074
1262,-0.45380872699327357,0.08924274627727108
1263,0.19914767599894873,0.3222635756084352
1264,0.05647613764514466,0.1203456931246163
1265,-0.5452111678899252,0.4937501525338791
1266,0.21573883135727717,0.6964433400099368
1267,-0.08698957561984175,0.26458886034655926
1268,0.018858172055595295,-0.031458602572509445
1269,0.17561242807484595,0.3228879950471614
1270,0.04609192341254155,0.30892962532187307
1271,0.2979572211729028,-0.24047365025877823
1272,-0.08008120847040884,-0.25842973063735863
1273,-0.1058633880366822,-0.14455422947069485
1274,0.3083148505437849,1.3436196659675463
1275,-0.0857818280701818,-0.07222422659155064
1276,0.35590975237359873,-0.1634440783361876
1277,-0.12363421308210047,-0.1000817768803918
1278,-0.06553971510866241,0.271392543557946
1279,0.25272068063689956,0.5272052414054748
1280,-0.0032006310736920744,0.08525118562334763
1281,0.05235234060508202,-0.13253297458783359
1282,0.004793136332482173,-0.21056075209291641
1283,0.12251178048536734,-0.12750630995652618
1284,0.10769958587669066,0.06097766122888224
1285,0.006514069707339013,-0.12633765622197776
1286,0.046699616426301285,-0.3648659724403966
1287,0.10053823558407522,-0.18641163933102983
1288,0.13693026748655474,0.2776754368779858
1289,0.25892755932506667,0.029345806486510702
1290,-0.14401644037050815,0.16812249485137967
1291,-0.15099805479482162,-0.0037457473660901077
1292,-0.8679278974896917,-0.0803070783164821
1293,0.09384275261627668,-0.270845772590856
1294,0.0959803724702654,-0.16624518656220366
1295,0.07264904406083716,0.29174094509097664
1296,0.1582986075022909,0.06459089562885109
1297,0.009596897487558676,0.22354118821428504
1298,-0.12576069460894743,-0.14460023213754475
1299,-0.08142438013593216,-0.1335799158499406
1300,-0.010948704309379265,-0.11664825765173129
1301,0.28384338066951065,0.009741662913780553
1302,0.06954876645264957,-0.43247131107771325
1303,0.16069239582085176,-0.23499535100929192
1304,-0.06564858515764889,0.13129341431473862
1305,0.2480478239704674,-0.19699272981475718
1306,0.14198579717728207,0.09442489642941494
1307,0.5504492328716968,-0.12097374913802439
1308,0.05346408906316515,0.20483971084016978
1309,0.13254584766117145,0.11637699089151265
1310,0.013639819366409978,0.3900948007080539
1311,-0.15215356751500336,-0.18940116953586922
1312,0.24501836287037393,-0.3308294251436963
1313,0.004468876938140742,0.09205184337998426
1314,0.6748110425245227,2.626873329383895
1315,0.17566810453233722,0.13839908698929118
1316,-0.036786390791491756,0.24382930577127696
1317,0.037864285224520976,0.13582483530033965
1318,0.19256310164360965,0.15439372740388652
1319,0.09957453162879684,0.16638012638582986
1320,0.19359563244956207,-0.28670357764839305
1321,0.04245001271349332,0.2761796940799388
1322,0.45826531915761953,-0.11905209121527296
1323,0.33955652475297415,-0.037104289812892204
1324,0.17566251579395284,-0.21806759670195935
1325,-1.501537513982099,0.17246747460638448
1326,1.5475727995587794,3.7157081972646053
1327,0.15854618487789907,0.03572673492317515
1328,-0.19701906411750328,-0.16171472003553636
1329,0.3165774718489375,0.16470597271320778
1330,0.23338666759441198,0.15790653690631556
1331,0.14190842638809498,0.17444346703797153
1332,0.1147835026018131,-0.2297939047575069
1333,0.19531397185965632,-0.15190223478745887
1334,0.05571211686648059,0.1632897986452952
1335,-0.02154059890738692,-0.12454998267743345
1336,0.25482138335185034,0.07359625936480607
1337,0.39945743348187135,-0.14788936789533672
1338,0.10659131359310922,-0.0842624086934745
1339,0.2702423745675002,-0.08635045934397009
1340,-0.348179421888299,0.08733147653107388
1341,0.16501348862623194,0.41503919015980656
1342,0.06968062097929677,0.2672429010429721
1343,-0.48165177784538143,0.31171713879835977
1344,0.020791200574343322,-0.1775888042388722
1345,-0.07579779570169805,-0.4013918313652275
1346,-0.02979586659354345,-0.06751433561037776
1347,0.010718073468199491,0.011890780846313226
1348,-0.051541627500538034,-0.18917624309669057
1349,-0.29285284172896636,-0.057362196266543077
1350,-0.027048445938023507,-0.2768565595183271
1351,0.2248916697589472,-0.2789745341821887
1352,0.04168144258282332,-0.2680047407571885
1353,-0.09406824171862356,-0.1817744715064315
1354,0.191703178770392,0.470585361653263
1355,0.05805745656709345,-0.144263850800682
1356,0.28173290207617807,-0.040567323033239996
1357,-0.06435435287771112,-0.24747094238947592
1358,-0.15733895750944776,-0.04304454995410082
1359,-0.017581896731174336,0.2506998761746554
1360,-0.06959762153938906,0.18897059912193176
1361,-0.14148632361235672,-0.10830784999133673
1362,-0.0875151789013184,-0.1321220640567446
1363,0.19275984692890233,-0.021543594956599417
1364,0.3295114300936624,0.11079552740954153
1365,-0.12158011020679593,0.40116471688908073
1366,-0.6616952190479439,0.14977436040808917
1367,-0.2985408661673491,0.06574771640309676
1368,0.12788598764534007,-0.06362280838073188
1369,-0.1743619045628943,-0.3253061416934444
1370,0.32423433792048306,-0.38980718941929166
1371,0.2100022685837038,0.14323890186673044
1372,0.12895005940159082,0.2726852842255374
1373,0.4189152902935097,-0.23211385556520986
1374,0.46013547595871085,-0.11669543031553746
1375,-0.024287043788337744,0.03504293454526301
1376,-0.5384787468465938,0.6622368814126987
1377,-0.04576488424556804,0.1500003975095216
1378,0.09037878094827821,0.16601789461119298
1379,0.19162861151816885,-0.23119286994711263
1380,-0.2531347524386318,0.652762967179189
1381,-0.022134384050965364,-0.050616174270706124
1382,0.18764212530564942,-0.14031529256775252
1383,0.6207771771405963,-0.2797157031844064
1384,0.2125543000724442,-0.26208542987120187
1385,0.2808321738289089,0.09086395344379775
1386,0.8926267050308176,1.3798647794711028
1387,0.06524472011536606,0.4788019938517566
1388,0.22156840371364042,0.3789348633776938
1389,0.2374370397771032,0.1990072500547584
1390,-0.12402254531185782,-0.2732222038716986
1391,0.03591471531551223,-0.1319833403276313
1392,0.6028021916651535,1.341782650037453
1393,-0.20486924127083928,-0.09920020651834087
1394,0.1560094664533705,0.22565486788110883
1395,0.09255864422557344,-0.16656127085871003
1396,0.21649528871984186,0.41615508830975967
1397,0.2758799847645432,0.04633484896478153
1398,0.1998547249589333,-0.1104239315737063
1399,-0.23408538391923503,-0.02616153102165391
1400,0.2997836869350546,-0.15511902060846675
1401,-0.04976241120143317,-0.16603422946234792
1402,0.21866993688414524,0.04690324590373194
1403,0.015561746553884764,-0.09310320136336733
1404,-0.10325356567562363,-0.40884742132402374
1405,-0.24922600088850938,0.009504825419018273
1406,-0.06540696881249361,1.1914303415792218
1407,0.03218084827912095,-0.005916423516611815
1408,0.033322314857416435,0.11672075018788715
1409,0.08891834648409735,0.06478362256210177
1410,-0.15154172034643637,0.11047836318747768
1411,-0.3835413934800512,-0.26090266192850375
1412,0.21607234911357126,0.00556742342245588
1413,-0.05319902847190935,0.23626322014601056
1414,0.5666921907652341,-0.15260622707239113
1415,0.8386438679058417,0.8159721176022021
1416,0.09759471419772568,-0.2314212635658767
1417,0.09040499058749506,0.29491000484274144
1418,0.04682481190005387,0.2813098364553396
1419,0.022907375733117998,0.0478891631977653
1420,0.041629393644950094,0.12119202741271617
1421,0.6684995130789898,-0.04558667260245998
1422,0.0714092593115376,0.24103978665822234
1423,-0.7341732955511531,0.08730887109555815
1424,0.047420091663283634,0.26103795037887567
1425,0.052280628221177496,0.08182157864261508
1426,0.17441149455293414,0.07905084382739251
1427,-0.005112592117390175,0.2444557656792755
1428,0.1470846815834714,-0.11270128853404784
1429,0.39430047760399534,-0.35189552578062233
1430,0.15647037374294054,-0.036105694645120714
1431,0.4313526238818369,0.5986234067339005
1432,0.3435478961360711,0.03481177085480207
1433,0.5661405668824139,0.545754577042037
1434,0.07725633304227635,-0.10911961260396849
1435,0.24407371103725567,0.170439062687042
1436,-0.19971409097196208,-0.3396388711198597
1437,0.3876276856092853,-0.24516001024653783
1438,0.020573865931353973,-0.26317618204418064
1439,0.38269360965496413,-0.13818621520070426
1440,-0.01632368406932933,0.22370751092275598
1441,-0.011039016651391408,-0.11998090313032139
1442,0.415563363552767,-0.026812575296257614
1443,-0.07231284994059133,-0.051142345799559966
1444,0.20460895131369847,0.184871719581996
1445,0.1366355912815308,-0.1734325961030297
1446,0.08548726867854003,-0.05657327678031958
1447,-0.48114942754017365,-0.1869621567114682
1448,0.024372786432002205,-0.22331515797434326
1449,-0.013804618148209264,0.10104023672760672
1450,0.14004647389226438,-0.009825117945378358
1451,-0.0871103495862954,0.06364190920584141
1452,0.24613284457136347,-0.16481849028045029
1453,-0.16581650846340218,-0.22067223090509938
1454,0.4934160548935492,-0.2730088729726928
1455,0.33016762733573846,0.17663603200665784
1456,-0.026211509539241208,-0.19480916641996668
1457,-0.05662759001238392,-0.07829388482722863
1458,0.19986303369382044,0.26113136985630253
1459,0.17607220557838238,0.2263162478834456
1460,0.1844224028760141,0.34087852747172687
1461,-0.5470603489624077,0.052254454613119374
1462,0.5755776774725534,0.18011887722256514
1463,0.0811740291788243,0.11476894358256015
1464,-0.43882085307790186,0.3690803908728193
1465,0.1528929838954299,-0.11849582440400645
1466,0.06497921169760347,0.2290506914694676
1467,0.0038319721656318987,0.14090329764891946
1468,-0.3062022556847207,-0.1584706961231689
1469,0.09641032404414243,1.9056827437646469
1470,0.36518163441883644,0.18451038977023249
1471,-0.08616295637792677,0.2179744969810792
1472,0.016525906562047787,-0.09193193769502897
1473,-0.2531652074145766,-0.40141275031868134
1474,-0.007527296678961381,-0.22295146142182673
1475,0.4552514576784093,-0.10732479035935287
1476,0.2299272205790576,-0.20138400821121874
1477,-0.2989413024070007,0.3258694680953473
1478,0.025456328683771935,-0.33198699217232924
1479,0.26340477860715816,0.7221676226761945
1480,-0.07461176539212544,-0.0960711020590111
1481,0.22133574462342986,-0.03401687408894226
1482,-0.0002814150880130595,-0.07863278761569067
1483,0.07606971651828408,0.0652080458878613
1484,-0.04093853348004082,-0.050356921295082915
1485,0.039281428151170875,0.46496150773783357
1486,0.5805412833297883,0.049333332113790665
1487,0.12720859631273587,0.2591638950610958
1488,0.11439358495502025,-0.12128923627573399
1489,0.0794740943166368,-0.1910940875453789
1490,0.37655055415242156,-0.34127120586226806
1491,0.16296698955923133,0.2734851341601624
1492,-0.30997632513271145,-0.18151162495968728
1493,0.052460094495184295,0.07491733821002018
1494,0.0370751585515712,-0.1518303132277957
1495,0.06867267492429582,-0.11037206340085773
1496,0.40755703318173336,-0.11090327860047167
1497,0.018912603875627813,-0.09263660899805919
1498,0.32372535906109656,0.043229748332804956
1499,-0.4305716786365113,-0.0069395681070651746
1500,0.0922618746706296,-0.20755281596411823
1501,0.013478760244931314,-0.014601521085793748
1502,0.18355944911924427,-0.08407469978031841
1503,-0.013647605497871243,0.33901804237651023
1504,0.9930831173549141,0.9199469804394947
1505,-0.47749863179221264,-0.23221405627689667
1506,-1.0406258528980539,-0.014661487464026101
1507,0.8898615209826171,0.38592835670527365
1508,0.07340088369958504,0.36583952954089527
1509,0.1207104388253136,-0.0499059434498235
1510,-0.19703775450508954,-0.06283203922670523
1511,-0.07631737606553092,0.34165032894961905
1512,0.6002824436769731,1.3963536831710595
1513,0.1956045481565467,-0.2859515502114467
1514,0.04169825522803805,-0.19391449033344413
1515,0.18816802136722538,0.08859784918901599
1516,0.1008032981763469,-0.27168320722791556
1517,0.372663561154698,-0.11498410885716832
1518,0.08700355211591204,0.053634076795358185
1519,-0.1304087902049694,0.050573150967961854
1520,-0.4201526903263346,-0.16914490366292154
1521,-0.15211385542685618,-0.13945532332996624
1522,0.0799347112561291,0.08709962120016101
1523,0.1460376967417845,-0.019996812565578507
1524,0.2506463574927622,-0.34084484975965135
1525,-0.9358285437511513,0.09846467540420036
1526,0.14826674305094867,0.30690108550374207
1527,0.18428791295722663,0.19791677521820195
1528,0.07455493642403328,0.05893119212203816
1529,0.3917450793552465,-0.21445610779120808
1530,-0.14502326403558136,-0.11730674843361169
1531,-0.22963551380953087,-0.0009551815000160724
1532,0.06125566826962965,0.33901804237651023
1533,0.06902329703060228,0.3404391630382073
1534,0.3991665033674593,-0.14709578761757508
1535,-0.03512924851476653,-0.1330307612922243
1536,0.3481960148223676,-0.18592440640130806
1537,0.02706860513830851,0.3311557959740362
1538,0.19143080280707564,-0.024983842877285126
1539,0.29734199588465715,-0.164844491557234
1540,0.10778132042618849,-0.2297215041103513
1541,0.409151586368213,-0.14183172931746255
1542,0.009302356459968719,-0.1794819468458005
1543,0.02971423543280357,-0.09609704038519891
1544,-0.03704207817129744,-0.12976420865842356
1545,0.06830588207904079,0.3070997010498184
1546,-0.24325169506800476,0.06252359032652308
1547,0.34656611279669836,-0.18851686027215506
1548,0.007512045233644229,-0.1300533023807912
1549,0.230516954560097,0.07849230699886924
1550,0.14617252638767303,-0.1762162121203003
1551,-0.1456947542735252,-0.3138204525458338
1552,-0.10434500686852019,0.1519723139537562
1553,0.08294294912987095,0.17502366106072673
1554,-0.5554911413613494,2.3087186399099826
1555,-0.015188628605070082,0.6329280564025381
1556,0.173790747926368,0.27682684663535007
1557,-0.04272638194483123,-0.11147461850050873
1558,0.3891933293611133,-0.19146324070927934
1559,0.05134165988456103,0.19738936362236603
1560,-0.012734560732119971,0.0033144282595267667
1561,0.2604608120038089,-0.21859710027313609
1562,0.15572831552608488,-0.25534404676931605
1563,-0.1599473008098949,-0.01846955808788305
1564,-0.08786326335445208,0.19077819636960788
1565,0.35345105251674463,-0.03911992122383138
1566,-0.2222348200046617,-0.026166014608755773
1567,0.4195649982845489,-0.0029438643585121493
1568,0.056519466353705264,-0.08541308877695766
1569,-0.21574007696402503,-0.1381017110579968
1570,0.25492592814146264,0.14374782944062264
1571,0.0613978615974663,-0.06470559936796234
1572,-0.83574949105924,0.2614904328704764
1573,-1.4661247133481672,7.421251515379088
1574,-0.0893298868167168,-0.20934032719563261
1575,0.02430252228809408,-0.3489857922850967
1576,0.3565139395668572,-0.09731502546294102
1577,-0.07523501645889123,-0.03400873933564282
1578,-1.6516936912880928,4.479596798494259
1579,0.36754531650893413,0.09198915479274726
1580,0.24024560006789036,-0.3576000303081716
1581,-0.034938633968660496,0.2821304900962221
1582,0.0061099099773310045,0.2675153369141635
1583,0.026200041799784406,-0.02609075113090862
1584,0.10582157446372073,-0.0969419647685769
1585,0.022285297811108228,-0.2415094209009648
1586,0.04876018462601598,-0.1944819426587033
1587,-0.18621828035090177,0.4670686613980415
1588,-0.016013402342635187,0.0324812575195245
1589,-0.06257096757972916,-0.00892920256538544
1590,-0.12788710273870874,-0.09201945944894639
1591,-0.22181458941151438,0.058800345285082864
1592,0.07373995798021234,0.13122540809208147
1593,-0.0981849638737404,-0.17813444665685088
1594,-0.3295256461600742,-0.19695560225031722
1595,-0.18855353785101037,-0.10969816693254038
1596,-0.27084603503117977,-0.03889882477963273
1597,-0.4197469449339433,-0.03798486246915008
1598,0.007852078138485642,0.22019249968557944
1599,-0.08138335946976495,-0.19336567492605977
1600,-0.10687514865036771,-0.13298406563935278
1601,0.05062342895369992,0.2540454660391869
1602,0.07960061751624806,0.3288411682959825
1603,-0.3543869539981189,-0.1924353874184935
1604,0.27912267601535456,0.2644014173453093
1605,0.012590459267444471,-0.25950360391846816
1606,0.1526587589367617,-0.04680644189595533
1607,-0.15077077937495242,0.08437505699661775
1608,0.3970895159987209,0.26355874497866905
1609,0.09121791418929627,0.16713504279268035
1610,0.11888297397581082,0.11483786334219726
1611,-0.058079422035714354,-0.19878783507808964
1612,0.40620752935614135,0.7657903692459097
1613,0.22890335032773707,0.2188891474383418
1614,0.2741228440643111,-0.19807262037814843
1615,0.07936695389362941,-0.005011632425926285
1616,-0.010766469734431499,-0.15668404009732334
1617,0.1237881480821009,-0.09629481919974445
1618,0.11115521616420983,-0.057625616616707245
1619,0.06488327131892682,0.25652213228515147
1620,0.3342875051196029,-0.16003939575981702
1621,0.3891530695700215,-0.1347886918352223
1622,0.12438619951619308,0.13850648526256995
1623,-0.049784704776768884,-0.13465402143258048
1624,0.10039222675095191,-0.3117259831722856
1625,-0.044483006734442214,-0.2525946339114031
1626,-0.007482665672638081,-0.3987616808415219
1627,0.49700801048075477,-0.2984029938430647
1628,-0.11091892960122554,0.21474251520137946
1629,0.20283666165310182,0.2109380708232642
1630,0.32260826265210363,0.16407802433832247
1631,0.08395304511152199,0.4313635000214668
1632,0.17490760740991645,0.17335881239210274
1633,-0.10440225870587139,0.22895094312115397
1634,0.04587689255567759,-0.08608436632963365
1635,-0.15504124071557673,0.23875128247932706
1636,0.5057301095288816,-0.19528254596485523
1637,0.3794503299656329,0.051822651012964904
1638,0.0942864052940724,0.3549930888214804
1639,0.29386673218956216,-0.19877439525605517
1640,0.06472687187721772,0.09507470302435142
1641,0.046162677696995794,-0.2962499862497017
1642,0.2746623800717654,0.12411553186134663
1643,0.46680051073359274,0.0491792562192068
1644,-0.20816574263353682,-0.1712480412629121
1645,0.35984611295309676,-0.14058537639474214
1646,0.3076863977043863,-0.2434511876090392
1647,0.0854439754778977,0.26886445881544674
1648,0.1052179249869307,-0.18743235541861705
1649,-0.10159329592567308,-0.2895478196931916
1650,-0.08904929748062633,0.10602686572051734
1651,0.34601394439678546,-0.09149297440077911
1652,0.14395839910233468,-0.23440918639160518
1653,-0.021847608479516327,-0.1233214778183043
1654,0.199362891124362,0.244514282082749
1655,0.2390316283168775,-0.11412889389713692
1656,0.17877140524214571,0.15321641958918358
1657,0.06512860697486188,0.0328875561017881
1658,-0.3417129696551203,1.5529261697156431
1659,0.49579041074120767,-0.28195207805759387
1660,-0.1800567151934472,0.19975399195945873
1661,1.4866242767137388,7.1667758222922275
1662,0.23579764082842347,-0.10349490313605159
1663,0.08028677329545242,0.08488364770938021
1664,0.1313271356426898,0.11900570398725885
1665,0.11953792437666029,0.08238606224298613
1666,0.25927859422528604,-0.02308033606726991
1667,0.23655337802780024,0.2326205097408037
1668,0.07788236405982135,-0.09527490320610917
1669,-0.07352972614283745,-0.2540856083764153
1670,-0.08221811528549491,0.33901804237651023
1671,-0.08744877245384414,0.16699416931656308
1672,0.21635935363276668,0.3311557959740362
1673,0.3565984893872442,-0.18518663340769076
1674,0.2034627232551677,-0.14137972123974973
1675,-0.08518093782654898,-0.17164086710479828
1676,0.4005532270247098,0.206614305433437
1677,-0.14793916365901527,0.2839267144855661
1678,0.41172262854404595,0.019003112578530202
1679,-0.09115722094785297,0.09643320707124377
1680,0.04500428549532904,0.32930910356995446
1681,-0.003796395327289792,0.21839257128142148
1682,-0.08543724984017272,0.5746301654222765
1683,0.4707974356179002,-0.19558355566665048
1684,-0.15340101285366786,-0.04160280853955815
1685,0.04143755762263958,0.22714380569543002
1686,-0.03945929136669325,0.24238182652489507
1687,0.14017807497341056,-0.36732050024158713
1688,0.09184708371750408,0.2577762423841644
1689,0.12277726345589175,0.16454553785022208
1690,-0.17892696460611418,1.1343037715613433
1691,-0.2707459025917294,-0.2889341944117495
1692,0.28233046685656304,-0.22733775122632638
1693,-0.8553336607373154,-0.06818224112275775
1694,0.031099343185921963,0.02034979329008666
1695,0.0810086607297842,-0.0915492741467087
1696,0.17428661597623085,0.1881589246041467
1697,0.2600431486666187,0.33523210400557796
1698,0.4998670457787841,-0.07338496811836392
1699,-0.28207283760052115,-0.059721897664173615
1700,0.0780968698555043,-0.07609203740675771
1701,0.3274975859879946,0.6542432398891183
1702,0.26549364103415884,-0.11987764913219319
1703,-0.08400840370491372,0.21029501345338053
1704,-0.2714374288933582,-0.24846921488327026
1705,-0.2850829304164356,0.22085843284170345
1706,-0.19318334022838882,0.24596568187350462
1707,-0.2183327706502916,-0.2170545788114783
1708,-0.3435164429900171,2.5558470999512353
1709,-0.017533362376088945,0.12299900641135905
1710,-0.4831671977853575,0.0592961670144723
1711,-0.4032753954983227,-0.09911555758526029
1712,0.15695554471684586,-0.08355510334447433
1713,-0.0021319227259628316,0.2246764914929093
1714,-0.1396627206647983,-0.19504116318971904
1715,0.2735234061951052,0.09345596480454922
1716,0.018434991847302705,-0.09379024722749207
1717,0.45303377120843324,-0.060959275531585165
1718,0.1977418272849828,0.2731023072875308
1719,-0.00882772987030499,-0.08482615285991328
1720,-0.8873367541162265,0.7660203709879095
1721,0.16907105177752618,0.2218568872690026
1722,0.33906764441743753,-0.22443349020260234
1723,-0.9232131101594924,0.5245818811954538
1724,-0.04492729020190399,0.33901804237651023
1725,0.46177869527975857,-0.2740654694626058
1726,0.02245547246675873,-0.2249503485461724
1727,0.7995475691137168,0.5317391743851979
1728,-0.08837992937598078,0.1131321692842447
1729,0.5292515391536669,-0.33275334789739325
1730,0.0176788627063739,-0.10519438540536366
1731,0.4510090290465255,-0.16211295238651208
1732,0.11942901161183431,-0.20361501277792904
1733,0.19008429792140222,0.22633970465590467
1734,-0.09867604839546269,0.203182602611583
1735,0.014370194701710104,-0.151483327662585
1736,0.047854475377296056,-0.03523063769603263
1737,-0.044819684088499054,-0.10799523805346915
1738,-0.7139681652787242,1.1241695119281203
1739,0.02920281195245523,0.1849425833804615
1740,0.21666573406873116,-0.1931295440893625
1741,-0.1642972187615733,-0.18018874496657294
1742,-0.8134557519025133,4.218815472313262
1743,0.22683622299298994,-0.23405161751273038
1744,-0.11771513516556338,-0.10320948225693746
1745,0.024023294738143307,-0.06298375745563722
1746,0.03149929361854729,0.3244287738264191
1747,-0.08006590664986246,0.32336293944509537
1748,0.07333809289038844,0.27633084633305927
1749,0.23314225916942738,0.33801674778523394
1750,0.004138753700511477,0.36128499647907003
1751,-0.03323706862524493,0.25792489612764563
1752,0.1691803378243994,-0.02089915628683682
1753,-0.27238709934465966,0.3449405040036089
1754,0.5820055874799923,0.35095979545615513
1755,0.2940623120191431,-0.15389115861688016
1756,0.17070870642432998,0.05279002638079554
1757,-0.23937163961507157,-0.20231978189705843
1758,-0.027492660318896613,0.25909155903394937
1759,-0.38331143893448816,1.3314284614772698
1760,0.19696192719840067,0.06112988456897182
1761,0.032874001577199455,-0.13699928474927212
1762,0.23880961227181804,-0.0599481639393908
1763,0.5883393967336861,-0.10110995713935822
1764,-0.12752994581626703,-0.13008009367038204
1765,-0.028298501427026102,-0.10966052270104525
1766,0.10916642450354548,-0.03878107679038693
1767,-0.08139081969571484,0.9978153691195011
1768,0.20710188349460967,0.3310662384587626
1769,0.25295982614958223,0.0408451778241112
1770,0.14439126286234555,-0.18399579037765484
1771,0.6033604720984285,4.526593616744455
1772,0.2201424254857811,0.09436063884215853
1773,0.21359158359218222,0.14128094133450247
1774,0.8677664083767613,0.09330700420989016
1775,-0.2704416626961493,-0.0012429176706711092
1776,-0.183423515593339,-0.1363587834158289
1777,0.26191758579819596,0.03638977562128597
1778,-0.1574439080423209,-0.23826215240188958
1779,-0.17446795299930457,-0.07762781042435359
1780,-0.15770418370508452,-0.15468461110069173
1781,-0.1870328454059989,0.03535420911200998
1782,0.5531006519875463,1.3752804572115434
1783,0.39525705779986964,-0.12131744445755141
1784,0.7316598920208947,2.7846557121450104
1785,0.021808433173565574,0.19239646024247253
1786,-0.4491021684952555,-0.11218749336676917
1787,0.24664257155239314,0.21258828771639054
1788,-0.008864078566210886,0.34494727000436565
1789,0.6293384535823334,-0.21952399880922863
1790,-0.23984216112241086,0.3714737763773711
1791,-0.015857736830027645,-0.14551297416531045
1792,1.0860725389311257,0.5520692148916483
1793,0.1334495393914185,-0.2753323258986061
1794,-0.12102626227690985,0.18836211214280685
1795,0.04485936281298321,-0.11806370754111013
1796,-0.07784658671781344,-0.24641908321483658
1797,0.10023281065627469,-0.15598758263419485
1798,0.05541110719235751,0.03569357975994765
1799,0.11258923367931997,0.2570104463643406
1800,-0.006659602741749204,0.3549930888214804
1801,0.06247567509424655,-0.26204978749785524
1802,-0.2783432760584108,0.22213511484885742
1803,-0.07916880384435163,0.2535072701220969
1804,0.015983092731692385,0.2652887482749125
1805,-0.130215683210011,0.20553706074041242
1806,0.22794117616706916,-0.2897168088514802
1807,0.13005675333274178,-0.011803454371222644
1808,0.19870922286806597,-0.0876058422472892
1809,0.8334554355746542,3.0553361265989825
1810,0.06355933923325961,0.1589134468037572
1811,0.15599413628038689,0.05784020529074303
1812,0.3898195324922458,0.1638040904434869
1813,4.891747118778433e-05,-0.09460323293582013
1814,0.022690895645540183,-0.03133279604226221
1815,0.312556970825178,0.33802487851649593
1816,0.2838349925934064,-0.08154285493819495
1817,-0.17869519637526876,0.346442314914018
1818,0.12474160324105459,-0.035000704340317865
1819,0.2346071984952959,-0.22213872764346582
1820,0.01508925596511731,-0.1968694904538955
1821,-0.20860307324713429,-0.17915606873533887
1822,0.12588892790457423,0.342043993310588
1823,0.006603043499155303,-0.1282326374707558
1824,0.11026857923229343,0.2540338379132351
1825,-0.14414327995529497,-0.24803849066675973
1826,0.06678492311827748,-0.09148390182736396
1827,0.25606212115366284,-0.3156143609009944
1828,0.3481870028584172,-0.10506922378855026
1829,-0.893996950150642,1.590216293277199
1830,-0.04489772700639054,0.23896666021965415
1831,-0.23689752353729693,0.045499151594291014
1832,0.2333276916266125,0.009873980744362364
1833,0.1547472564009233,0.7109088455731947
1834,0.03017999768755255,0.27582561705342734
1835,-0.029024563300720833,0.1711774788778277
1836,-0.10174218194098217,0.07801925745684697
1837,0.3270100416104203,-0.27762255122265855
1838,0.4636739953416715,-0.12432020852552035
1839,-0.0398143036182211,0.050818077031221244
1840,-0.5490895782662841,-0.09378676946648809
1841,0.014865535429430515,0.17558586402094778
1842,0.013264900296083178,0.04622600364236914
1843,-0.10944958977805104,0.2516292741612054
1844,0.14256344065803356,0.3315714123231087
1845,0.23694885515645633,-0.2744723408232596
1846,0.35380996160109923,-0.150898525955928
1847,0.13058462698717135,-0.18652985377104855
1848,-0.03478414966500374,0.15674386294330864
1849,0.2099427373367563,0.025349858343328657
1850,-0.04564801056206572,0.13606229793604332
1851,0.1328551571682683,-0.15974825017982683
1852,-0.08817828640965586,0.19583390750480248
1853,0.3544406899121363,-0.18388701072080643
1854,-0.07176600984000528,0.05585750530542374
1855,0.3812479950387851,0.10226633830073317
1856,0.020514087887510073,0.2880343894138965
1857,1.1098891012711467,2.0455625747490287
1858,0.06945786928449087,-0.14624376647345105
1859,0.5727929339055186,-0.1354332842954145
1860,-0.24615081609487932,-0.1414635499109564
1861,0.12052145481528406,-0.20375271677731144
1862,-0.23070197263782938,-0.24352897450316835
1863,0.06945981813163879,0.2076421670794102
1864,0.13799839160244604,0.24167185918875864
1865,-0.006135553058401339,0.14206502349439817
1866,-0.12093471409192924,0.2619613390389338
1867,-0.0035128405203000146,0.24271596992364905
1868,0.03746698979815692,0.10808434750445942
1869,0.15409985724335834,-0.09041832156073167
1870,0.004896156583018163,0.09528580952699069
1871,0.03936287409761441,-0.06654296102368942
1872,0.062215872103204985,-0.08683064012711711
1873,0.0018293358803016524,0.33124761638104344
1874,-0.06457141465505574,0.2817994233660925
1875,0.16752649717607873,0.07520001806338329
1876,0.18941450722440936,-0.14972394240324277
1877,0.5254509075346165,0.27476734674630665
1878,0.2178556987903182,0.2136994251261423
1879,0.06913293411252168,0.04325615991330696
1880,-0.17682605735594767,-0.023263598930206002
1881,-0.03274417660274376,-0.21636927488668095
1882,-0.015132805555513768,-0.13995467197296252
1883,0.04633326993244803,-0.13401919763740905
1884,0.15146390108649277,-0.22427796382477605
1885,0.15049399469378405,-0.1864315753368356
1886,0.272615393441234,0.44226137538562327
1887,0.08911799552761723,0.3941336324878385
1888,-0.045399377968256695,-0.2142165073119419
1889,0.140874214439527,0.21468489379563405
1890,0.09330928318705596,0.1773713182584329
1891,0.04766393605066675,0.0005099044985951262
1892,0.2311247731018499,-0.15183585778147973
1893,-0.2741040444771955,-0.004031395428090856
1894,0.09621733845994483,0.08706865412194516
1895,0.0646949725548377,0.45711699806628314
1896,-0.01603723295996369,-0.05103645885984148
1897,-0.20555052847478478,-0.12439877072069727
1898,-0.40033422419513337,0.03851166102219193
1899,0.20175456884586618,-0.33208632012009204
1900,0.16991467391221632,-0.1251661341318246
1901,-0.0352719725346514,7.21503434556841
1902,-0.4529054199987952,-0.23454084284581006
1903,0.2729412767946572,0.25165124868343086
1904,-1.392854866353198,0.008877107048425991
1905,-0.15621105861650514,-0.12211624907962637
1906,0.07638395547287388,0.022181560523368737
1907,0.1650626831747241,0.019148147777854535
1908,0.12323561283778783,-0.19128358853271418
1909,0.08426802007710193,-0.17727190328877815
1910,-0.15483577829643833,-0.16490733558391413
1911,0.03180893088905772,-0.21519144694839198
1912,-0.18353336018258326,0.3410592659444408
1913,0.3370506849187146,0.6267917999981283
1914,0.4649936297809451,-0.14277723168095807
1915,-0.08261062879537817,0.14573460779215788
1916,-0.02701574908933633,-0.09624526423621597
1917,0.23050269299083945,-0.2280638311706285
1918,-0.20537426213380652,0.18450241716228982
1919,0.11582613364172367,0.3475188022952148
1920,0.01815924466813354,-0.3096410902087804
1921,0.2024556475354468,-0.231218651009244
1922,-0.22947179505227142,-0.15731945337603034
1923,-0.16616849828706384,-0.11545292047175719
1924,-0.20975082956949018,-0.2780397616961645
1925,-0.03357331719332256,-0.12264703716467432
1926,-0.13170174772277488,-0.09926187316540076
1927,-0.03808677202943418,-0.07438724568757646
1928,0.582561387166006,0.6706265449780984
1929,0.1124984464597328,0.3154761462312793
1930,0.051354088735571124,-0.024785367459283354
1931,-0.08237676330402798,0.2206768501685954
1932,0.059279580541762134,-0.11977180433851012
1933,0.20362536163840583,0.053080501275690084
1934,0.24020065722258907,0.06286655006342345
1935,0.16553968784957734,0.1790785823907038
1936,-0.07579773049533464,-0.22799350308613361
1937,0.38546005500093916,0.8497993709295788
1938,-0.030098914532496225,0.3466579196562287
1939,0.7087145293393916,0.005849364658854569
1940,-0.16768996740088152,0.009478711505840927
1941,0.2793612094836211,-0.09209301406812645
1942,-0.06316407127659544,0.05748974051779308
1943,0.15001300643087645,0.3311557959740362
1944,-0.144474626096806,-0.062065422515072355
1945,0.10430700999750835,0.23137528856109424
1946,0.18092761332069385,-0.21401470333048755
1947,0.2870102731863945,0.2387644961252088
1948,0.07423533681792764,-0.01440024243877534
1949,0.013650175953659072,0.6466700607576982
1950,0.02197504876279608,-0.20938004561547213
1951,0.09060011867177242,0.0743052198011485
1952,-0.2810160414629037,0.1400747018079918
1953,-0.09042914533883879,0.15415017308113413
1954,-0.3339700218019088,-0.20668210019184058
1955,-0.36684714508120075,1.641242872443798
1956,0.20277113464552105,-0.18044932017004456
1957,-0.09218997673092506,-0.14747992820623074
1958,-0.17920570726387614,-0.3601820077522535
1959,0.012976924290121945,-0.023209145819333702
1960,-0.6776424110330124,0.42703089817741385
1961,-0.08284014143862742,0.14929092419881748
1962,0.01083838299465174,-0.10165263645389151
1963,0.039505942780960104,0.2448391048944199
1964,0.1760171291723942,0.12760750850849106
1965,0.2654505103020751,-0.24552567983475915
1966,-0.16553888156721444,0.021492425141163556
1967,0.04942371035475206,0.14893302830785685
1968,-0.07280086797504919,0.104246522246244
1969,0.13920086038963433,-0.1615901406330848
1970,0.03801740025888154,0.03214887569790674
1971,-0.04436143183901283,-0.05749669045518198
1972,-0.05216143657270296,-0.043972885143430354
1973,0.509545070393296,-0.2688128708325121
1974,-0.10492269544940633,-0.23506869368086103
1975,0.0224139797638399,-0.12487723887381497
1976,0.11061082378756013,0.33071067817466876
1977,0.006531635125197363,-0.15859184063545978
1978,0.27327225687587736,0.6137214016858328
1979,0.1520790692301951,-0.11898461320885301
1980,0.3354267933847931,0.29437100975401176
1981,-0.026045471408100974,0.0494559229372072
1982,0.5642165883108115,-0.14429677176240782
1983,0.033194796185707996,0.3453099500340998
1984,-0.17464907910136168,0.14197289556821352
1985,0.25818109943057066,-0.227530682575795
1986,-0.1651174171910422,0.26361245007755124
1987,-0.07437298139901341,0.1187640684630262
1988,0.1314094813433943,-0.2086413858210759
1989,-0.3211115175172761,0.7796137647723531
1990,-0.091447839726849,-0.37451512373308304
1991,0.4387807299653216,-0.07544994921174875
1992,-0.0958308120346051,-0.14065939710148592
1993,0.34826823029116244,-0.030855838841551596
1994,0.12731823812013396,-0.12432133276046053
1995,0.09943450989536556,0.1667781866292778
1996,0.0138050163529335,-0.1860089336256678
1997,0.2316089159414784,-0.3727951743316697
1998,0.38908651038560693,-0.23606277936132244
1999,-0.000199801640477848,-0.19423258100950433
2000,0.05211041317789089,0.24406273720717073
2001,0.1245633179535488,0.16462087554175392
2002,0.040282823633854555,-0.07588822683732248
2003,0.14927272108745654,0.02153827133126905
2004,-0.029557799258617862,0.11352555578519208
2005,0.09666402531802089,0.10744906345453042
2006,0.06510035550562776,0.25681621755711626
2007,-0.0813477408470244,0.16795654279451727
2008,0.08200188407652774,-0.22504356717344018
2009,-0.026272222989041423,-0.12259865635622771
2010,0.03284559736091782,0.15267782187451934
2011,0.3292064840074776,-0.04335020527178331
2012,-0.04268251795331758,-0.2700462786351782
2013,-0.07202333332495549,0.27571857916530124
2014,0.8788468678849881,-0.2148878327459832
2015,0.008895575927732791,0.8359359385853382
2016,0.27150741908812026,-0.06690777874694474
2017,0.08272614001336183,-0.14577621091336337
2018,-0.39490079995947763,0.13479498918362945
2019,0.6892805900334591,0.25539203755043394
2020,-0.39689988098685713,0.37237686167187384
2021,-0.33079582819646836,-0.09820760045799982
2022,-0.12985857833873377,-0.2179083915384535
2023,0.43121379647134817,-0.10580504181914022
2024,-0.31939950742006884,0.10379989630580048
2025,0.2792251031597259,-0.2843520737825961
2026,-0.0829316837350911,-0.18552720662929506
2027,0.20767069496946117,-0.09287976982502902
2028,-0.6034858362681516,-0.04629427480675719
2029,0.04919686417609918,-0.15995733388626313
2030,0.2991490053481144,-0.14286797900006845
2031,-0.16723287798190783,0.5886703230478318
2032,-0.003264186274567815,0.16538599010248625
2033,0.013876490744892719,-0.11550511250399935
2034,0.4266108230281837,0.3974134186845725
2035,0.1377611728834855,0.3453099500340998
2036,0.01743161659784721,0.1465253036763519
2037,0.1743568420263573,0.20452304954396844
2038,-0.4023371557275124,0.4057662862810738
2039,0.28412281368700654,-0.13087878591800128
2040,0.16076560595150777,0.25681621755711626
2041,-0.19271536346127596,6.583230317562643
2042,0.12197166309894907,-0.08716722377076705
2043,0.3373566185683405,-0.16036811084423075
2044,1.5289646576924052,0.16469009656241768
2045,0.10089342821460312,-0.04606487923133313
2046,-0.13741582626710253,-0.13392104748573816
2047,0.0609901903294815,0.3612004027578695
2048,-0.09240477855438486,0.19653784489644335
2049,0.3846604575484643,-0.007063546658971978
2050,0.023729225932963463,-0.02744289166343956
2051,-0.1434114989720475,-0.3526770643039367
2052,0.23445323199961904,0.3524726612559854
2053,-0.07287209073283092,0.308500844134669
2054,-0.06421194028792916,-0.1392039213632805
2055,-0.3656853955851334,0.9084435332036473
2056,-0.03886379385731866,0.3940863405999753
2057,0.12905370867116991,0.24683076928656988
2058,0.21227376035340853,0.030232168657998004
2059,0.04983192819356601,0.12966287828367157
2060,0.30626472136753286,-0.18050755708419103
2061,-0.06258512554069759,-0.2082943566268331
2062,-0.004073223439294599,0.04618862239350935
2063,0.5596938521064411,-0.07020586816702017
2064,0.23214384071351796,-0.15356070894142887
2065,-1.024500018303549,0.40346912085627185
2066,0.3759119417468696,-0.038024084183344756
2067,0.5330404384620089,0.4636673587315997
2068,0.3472005445142846,-0.14683148108456243
2069,-0.0905541589162686,-0.054891103436901026
2070,0.2560400826457182,0.5528584971721024
2071,0.3166778361387276,0.06283314323506424
2072,-0.03514727131177934,-0.11468479171206288
2073,0.4332259333314711,-0.0032524936667043093
2074,-0.05101228873215502,0.0841872689319374
2075,0.07288057611719848,-0.2024190015729735
2076,0.08764241849388567,0.5499423066572333
2077,-0.0087291317272909,0.2124254520397293
2078,0.15563632813150963,-0.007582995012582883
2079,0.2459489076592991,-0.10075302282465151
2080,-0.014072461164059955,-0.14716256615751408
2081,-0.005658462700192668,0.26582693930930346
2082,0.23160711368805043,-0.12083731150363883
2083,0.4058896917802756,-0.014284381103632638
2084,0.048502160757087326,-0.17724823061594544
2085,0.12644165362988316,-0.07899947711062266
2086,-0.0825256674557534,-0.14772244508425117
2087,-0.665993813679527,2.241661736296622
2088,-0.008439943776046213,-0.014747776652451427
2089,0.46659557078745095,0.1017958254771428
2090,0.06469033057819643,0.2637999779511494
2091,0.5666926172255143,-0.18932806712319222
2092,-0.44967629232611667,-0.13267137661453582
2093,0.3201673127014312,-0.14938695567363194
2094,-0.04887150423390426,-0.01942756301059028
2095,0.3319789299183453,-0.08930298144055372
2096,-0.0909745279149385,-0.2756828327118989
2097,-0.010918225252272118,-0.12498867882860183
2098,0.3775144527367241,-0.14193547224653838
2099,0.19551584251214504,-0.15574879752290494
2100,-0.3682057332087101,0.4886779942655517
2101,0.15374004271329594,0.20680371029608507
2102,0.4778332059606063,-0.09898101822481238
2103,-0.055820416311757604,0.31974513154699513
2104,0.09562425434642338,0.33901804237651023
2105,0.056638876243918626,-0.06035992614316711
2106,-0.006460701334405269,-0.35563192283632167
2107,-0.22876284739756653,0.07187374816971301
2108,-0.048307497049621236,0.3626172037902286
2109,0.07281505239940181,0.29935778153803205
2110,0.046047919431243166,0.5149626033156612
2111,0.14090504651534383,-0.24221231450794792
2112,0.14672254869543738,0.27121966650809465
2113,0.09756689481729253,0.12755359357390414
2114,0.23779082524809528,-0.2087758462867138
2115,-0.7351361913215035,0.16587566656762293
2116,0.08201811944218591,-0.21215752074688637
2117,0.49653591334093194,-0.049074512518192906
2118,0.2707600130520367,-0.22128143467185396
2119,0.06929352462437109,0.23777825430493021
2120,0.004914250134708298,0.2774511870597693
2121,0.052577176563211904,0.21708603301940235
2122,-0.023230681145349735,-0.0711640269282626
2123,-0.07892712338297717,-0.219187164266406
2124,0.07040495487887835,-0.14525582645865018
2125,0.38911022290189046,-0.2667254837942389
2126,0.2753066254199319,0.02005525677341448
2127,-0.026650173237452758,-0.031422873122523086
2128,0.20318712530481525,-0.18991166145492389
2129,0.3043328385092803,0.08495186826018677
2130,0.11559568885861453,-0.24035617894507827
2131,0.2412684964798732,0.29902312746389625
2132,-0.09409513004545275,0.6822460917302069
2133,0.258804083145991,0.26220898563529765
2134,-0.0602441632456686,0.24850595337751194
2135,0.12912178688327808,-0.08221836733218604
2136,-0.009180441850702914,0.3007294537408153
2137,0.2422926284986596,-0.2926296386237383
2138,-0.0834601641266482,-0.15428552224865014
2139,-0.009641677635391411,-0.22994457562547882
2140,0.23846958330445167,0.1689784222419874
2141,0.0933544076764476,0.1891841103136075
2142,-0.23822778185818533,1.2485650010907654
2143,0.3158170824647017,-0.20548573790997482
2144,-0.015232623876371466,-0.17393221102251116
2145,-0.23285774931265002,-0.0826236059115973
2146,0.3815817394584957,0.46989996640795884
2147,0.49379620798321255,-0.19127419757657593
2148,-0.008721928882474802,-0.2023196628232662
2149,0.6793045403711699,0.009807991782102945
2150,-0.09500816786985893,0.2612171520338523
2151,-0.0958304990176198,0.019455682129242785
2152,-0.2569948635324179,-0.09348357764470867
2153,-0.041219778795816994,0.2518794568253947
2154,-0.24222760861348086,-0.09196450512546823
2155,-0.1260938393581245,0.035248919789045964
2156,-0.348322710704576,0.12097262403730338
2157,0.0508286195515701,0.1853996449650415
2158,-0.11235905541442155,0.158042530877634
2159,-1.228799907448879,-0.2611173309577692
2160,0.4641930195705144,-0.08467171491286525
2161,0.2834428264458855,0.1999704388659457
2162,-0.09430066675486577,-0.15445093717982278
2163,0.0032826343375235156,0.6339856004539471
2164,0.24732499427162868,-0.14760279665708348
2165,-0.009333000090224641,-0.12704419290194305
2166,-0.09564774887357104,0.2962725018243201
2167,0.033353248080891254,-0.21805861899513354
2168,0.7093222563998858,0.2361314409071392
2169,0.39053296086461964,-0.19270359072233356
2170,-0.04492842888977314,0.1419672905338322
2171,0.3339538420901349,-0.07240073870795133
2172,0.3419759718079073,-0.12565750021276037
2173,-0.002213617123139064,0.004382392584015416
2174,0.021357372432012533,0.03721899017003367
2175,0.1632040041543114,-0.1230460159491275
2176,-0.6730088492292707,0.5457252984027285
2177,-0.04877600028548067,0.5221238748244585
2178,0.2848661220988534,0.3262387215202753
2179,0.07867922841887207,0.2923796225020196
2180,0.3153078149475454,-0.1442699044658325
2181,-0.7035640709393389,0.6912819389240064
2182,-0.3998084399421371,0.890393626079932
2183,-0.30213004626279905,1.5845607518574936
2184,0.15261971787535397,0.3557060943911646
2185,0.15416261134374984,0.6398707973899654
2186,0.466651450165558,0.22932544977429553
2187,-0.12853800200177262,-0.23767549595396192
2188,0.15030550072157878,0.21966932347692225
2189,0.27054961356042895,-0.13936942065685637
2190,0.5852213196719881,-0.24974155194149392
2191,-0.39649482910451017,0.014417164062804595
2192,0.1195014251162628,0.2574885959822521
2193,0.398627959372171,-0.2507428971846944
2194,0.1834598024170298,-0.28498087991053345
2195,-0.05470497255586322,0.19925862024268626
2196,0.004680516034394122,0.30934822989314614
2197,0.5587265671130112,0.18702148758496875
2198,-0.39459949316024734,-0.29134989839587017
2199,-0.01868550533211239,-0.13255608868686397
2200,0.24576621450736633,0.16678427480241007
2201,0.13412222101041396,-0.3334249995761671
2202,0.24420827155239885,-0.07692700518424919
2203,-0.12195326228418861,0.506259218538889
2204,-0.11251890940990532,3.787609598602896
2205,0.07872319436012769,-0.16573613641339008
2206,0.14124228507200415,-0.058565970792276364
2207,0.018179941152297673,-0.08684694131666455
2208,-0.11491054680481634,0.10790198482119165
2209,0.04078801634246445,0.07774001348103163
2210,0.25075135548473554,-0.036354555285252305
2211,0.24174980585818737,-0.31927668021396366
2212,-0.27771275908813353,-0.13008983720239728
2213,0.4259871636596174,-0.05903386855395728
2214,0.12805039739788493,-0.1512880620227808
2215,0.39892156786454336,0.0556614105301703
2216,0.0435270481593362,-0.3050138371380521
2217,-0.5394017318168391,-0.1942138358040896
2218,0.004261495030479473,-0.46335249886722074
2219,0.03690916330391434,0.07739160392433062
2220,-0.06265333156211328,0.3438415374845395
2221,-0.37861393579043207,-0.16017560408871195
2222,0.04699608866634135,0.30690108550374207
2223,0.2177171283849856,0.647248537101437
2224,-0.2177782371307025,0.6031912490271665
2225,0.35224607565121147,-0.19927137936343747
2226,0.5190709851008171,0.32316640600588475
2227,-0.13899513093048355,-0.0602543986482287
2228,-0.08584636065728718,0.04855035734608
2229,-0.0702102992809388,-0.2317537631137368
2230,-0.1465252005595712,0.16208728553227178
2231,-0.07331745254373886,-0.1829100189657932
2232,0.3311585352828044,-0.401106720076446
2233,-0.08485366288932375,1.9801720205261173
2234,0.2065235020953752,0.3485055260935669
2235,-0.015611049036203034,0.7925680711856551
2236,0.33155051054788964,-0.019840134270765388
2237,0.18408951506462565,-0.01817363272629424
2238,0.2591709972227768,-0.136143634024615
2239,1.1146861423900418,1.1592670803560092
2240,-0.03391331507730366,-0.16341950673127642
2241,0.5087745588655691,-0.2008181018183047
2242,0.5551390941770721,-0.22397796233541828
2243,0.05841007247917361,0.3464515300994482
2244,-0.0712153564230237,-0.13588570471526995
2245,0.043752107345598104,-0.15648995314092756
2246,-0.022200309235115546,-0.1597593795944587
2247,0.15182182344726602,-0.15210668661431712
2248,-0.22943759250180357,-0.1396769855191627
2249,0.2856382310794361,0.21934951327131014
2250,-0.045640766842886794,0.17204366787125588
2251,0.2511334188583881,-0.2518312758135138
2252,0.15644220950310114,-0.11080032471161246
2253,0.2533546775604603,0.010506232028316515
2254,-0.08617319764162497,0.4395391463820607
2255,0.15872694072241422,-0.11163134405612965
2256,0.33592604724765773,-0.0962918498191805
2257,0.41263953683267307,0.3261952331093255
2258,0.33325691099314103,0.1600379247896039
2259,-0.29731456851496735,-0.12954945334983048
2260,0.31113204864743993,0.3485055260935669
2261,0.019207477477872333,0.3049099443102845
2262,0.007514037315046587,-0.12572140162175865
2263,0.18441319191003705,0.20587906210792575
2264,0.41042159067652706,0.399977437957144
2265,0.083814941154908,-0.21709056571941182
2266,0.1359685587877647,-0.3993160340186345
2267,1.5359484544629367,0.638011562445487
2268,-0.20363332861493627,-0.2397274307378527
2269,-0.03831691952852091,0.24877701715943457
2270,0.11750688414233741,-0.13875124405739736
2271,0.29062504122904864,0.17304242455704605
2272,0.19224998361132584,0.08807685231139603
2273,0.07816149087217697,0.19391291196815091
2274,0.037467274160567415,-0.00784405760533367
2275,0.22272197536890803,-0.05347100654346147
2276,-0.46725093608930407,-0.02318074145427634
2277,0.37721893716692456,-0.05096388708299471
2278,-0.15477178967812408,1.3913252274325933
2279,0.03466697823047799,0.11620636780265188
2280,-0.06303667792566575,0.030904023102299828
2281,0.16691859969661993,-0.13321609409405227
2282,0.0806522690615499,1.5807959911569827
2283,-0.08468229777430322,-0.13842198683794987
2284,-0.06253878793002007,-0.0804500900033289
2285,0.61134057929382,-0.17060834295484248
2286,0.23503754986244774,0.14855443235575677
2287,0.14116594040540092,0.015379206505891132
2288,-0.32887066354485595,0.2535648495031781
2289,0.03351670502494723,0.271392543557946
2290,-0.0829093120292373,-0.23808927292969803
2291,0.22285564830779464,0.12117597929412885
2292,-0.1254818804638665,-0.07555241317753492
2293,0.33225592927645003,-0.18207678631268207
2294,0.2869835817147181,-0.11181424388002384
2295,0.37600365626514964,0.2004231510784606
2296,0.1575121014638811,-0.0718545643099563
2297,-0.2675675184194772,-0.10862132093466419
2298,0.37827513972152893,0.06146863972450049
2299,0.01937529937972156,0.09897490803648436
2300,0.2087979853706161,-0.11920799235493491
2301,0.29309132772632107,-0.15737010686728742
2302,0.26004500169442124,-0.30964456802718276
2303,0.19180433518966686,7.27234909907115
2304,0.10477155742331745,-0.17120126778473665
2305,-0.30034339309762537,-0.20818343562631272
2306,0.044506941847046455,0.3163703836544555
2307,0.36959330528277423,-0.09037484611110076
2308,-0.14843040828917253,-0.1967356341952295
2309,-0.16548603051954777,0.3940863405999753
2310,0.12145930234407036,-0.23303345424711747
2311,0.0632936863270406,0.07385356505139469
2312,-0.2001892157506524,-0.3616869982439699
2313,-0.6937888694293962,0.17034746342276202
2314,0.17164827996456197,-0.17353352372488023
2315,-0.12979404777520398,0.20705690499695656
2316,-0.046272746675383815,-0.03798792299681084
2317,0.3362928106950821,-0.20669479667289004
2318,-0.1254712721931776,-0.22994101935749173
2319,0.6879924796895339,-0.2293658157427756
2320,-0.04781154542272239,0.39525627304163946
2321,-0.09689916592079399,-0.1457854425819094
2322,0.3581289492339942,-0.2786939843997033
2323,-0.22367492588144847,-0.23888606167011223
2324,0.09137848623739327,0.0942344837341155
2325,-0.03805459554207232,0.2819125352749451
2326,0.2530825600641825,0.23112265593613918
2327,0.06374384417136733,-0.1135986487496227
2328,0.38503604770736566,-0.10892040924705342
2329,-0.004757489951970883,-0.05861249236241559
2330,0.0025696988867573156,-0.1188958090234216
2331,0.10899084293050923,0.33901804237651023
2332,0.22172705275346552,0.19924445008127695
2333,0.08281978966800718,-0.07150359147850253
2334,-0.1244794024447264,-0.1180124101814829
2335,0.05718044011062504,0.20809414606975993
2336,0.39643623951411994,-0.23193962054536654
2337,0.03510011477083116,-0.37283660253412665
2338,-0.013627195157115154,-0.2510707702505164
2339,-0.18943704704005251,0.2594686309529444
2340,0.14506641281519053,0.19704093699628103
2341,-0.007238214992506403,-0.1807891526742934
2342,0.06504490493110164,-0.07877723451016672
2343,0.15913886900488422,-0.09625199492461388
2344,-0.24491026693439832,0.15527150253001915
2345,-0.20273158192132593,0.024888046540246726
2346,0.3023050922763289,0.2503322031876463
2347,0.11720103942647966,0.12989278643755206
2348,0.371109055122132,-0.06174708552257722
2349,0.1089328814859307,0.3649377892748281
2350,0.04769870587565996,0.34850919223744287
2351,-0.059029237167157564,0.48827710595617085
2352,0.1108100795799322,0.28041113410824436
2353,0.17975544914095756,-0.19226118741819787
2354,0.1944884419281026,0.23155683542484445
2355,-0.32727073331718326,1.1144713426755704
2356,0.04600680864315247,-0.027347769853832797
2357,0.12032554497830202,-0.07488385342906387
2358,0.3355611288228708,-0.24997247333996347
2359,0.11711666220785341,0.30690108550374207
2360,-0.22179034501212752,-0.19492574097190246
2361,0.1818287121020053,0.5472842984223399
2362,-0.10695934321572875,0.15375560373075034
2363,0.12113477262224608,-0.08139008603526224
2364,-0.08370051026618171,-0.3270016509592196
2365,-0.08438944463669187,-0.17429366476844504
2366,0.04873340416341769,0.06418757042983024
2367,-1.3375470429224703,3.4952159720731792
2368,0.5379668403614263,-0.0404005919704824
2369,-0.08325086909484575,-0.2151327887472434
2370,0.38198989513012,1.3427676263243522
2371,0.13099454089262919,0.20009344424958
2372,0.024924521571269623,-0.1438297235585961
2373,0.5634736646140869,0.47213186560959175
2374,0.05195455374839909,-0.13120646575008948
2375,0.13028471783475082,0.22469201163957903
2376,0.2682069319455236,0.13623377583284002
2377,-0.004200248510457305,0.3947064435062088
2378,-0.1431564678834017,0.023675690111331978
2379,0.08993817505983026,0.006554899993180732
2380,-0.0019185349347352221,-0.24413942465367997
2381,-0.12691412667616161,-0.1852465600638618
2382,0.13515803275078714,0.252751021559281
2383,0.17575216962336068,0.14009086856574554
2384,0.02782972934521467,-0.21959661336249062
2385,0.07991057406676647,-0.11551388039305366
2386,0.07194214555094984,0.0004661806805587365
2387,0.393370781992101,-0.2607104187588207
2388,-0.18172700110490353,0.6622926024794311
2389,0.2836967240130191,-0.1519247567977199
2390,0.002831320004540505,0.26692009768035363
2391,0.08904291519450633,0.00032019554014415944
2392,0.49389055075784666,-0.03165628886756823
2393,0.13010185312014602,-0.08136976144764152
2394,0.0028619971880150473,0.4146500409057767
2395,0.08669656537558064,0.2540454660391869
2396,-0.009112163603923107,-0.21970591189813754
2397,-0.85471073056482,0.4511668006839441
2398,-0.04807376432070739,0.324526162892819
2399,0.32287206294475707,-0.24565214951551306
2400,0.17531356874150997,-0.04734541736062514
2401,0.17116590327406428,-0.15205947777423756
2402,0.506530327995635,-0.05514404819276688
2403,0.2125975393791542,0.11765808777616553
2404,0.31961964264076714,-0.10757930962541522
2405,0.5082643404815703,0.6650806228188365
2406,0.2718726274968421,-0.36534309322007286
2407,0.06431711376306368,0.18396994094443314
2408,-0.3365141199635958,0.1749775884846383
2409,0.047149945372996084,0.1798899628284475
2410,-0.13546770256584617,-0.13390775043286965
2411,0.050086848773070444,0.2778273870962645
2412,-0.18081348900048427,-0.1528446233674779
2413,-0.6825312702667865,0.03263467890970468
2414,-0.5637875962609767,1.470007400646296
2415,-0.03268599132171774,0.15109428192210483
2416,0.08006788690599528,-0.20191843388670874
2417,-0.09453933432626478,0.30285512471951825
2418,-0.05840979454568059,-0.09258366376278644
2419,-2.0620930982950756,7.682680947951541
2420,-0.23194033284475252,0.022620579504459882
2421,-0.11153519140207631,-0.25978829574959167
2422,-0.004577844633690981,0.2591034704868269
2423,0.7398899484988183,-0.08884756482840175
2424,0.025599865333291387,0.273754533864507
2425,-0.03010185615494036,0.25885135618272176
2426,0.2471833334704694,-0.24540091827592825
2427,0.1577461500721231,0.24243082981652728
2428,0.023428186805937962,0.15925679387747144
2429,-0.312079940443681,-0.23109016658509823
2430,0.47102191449110054,-0.21538903903551715
2431,0.04663672061856733,0.054971077532490066
2432,-0.03749251908763512,0.14463456636983268
2433,0.08877480937814894,0.14686354682700858
2434,-0.052190138141631634,0.015415573467463703
2435,0.09294512402645988,-0.13994246480464845
2436,0.4727668322657129,0.07175248199641665
2437,-0.10865643471078021,-0.24775908698475937
2438,-0.07548212881542182,0.1778283595876989
2439,0.15426383862389795,0.07494348974168989
2440,0.0567989481407231,-0.08763573518105805
2441,0.26783815280526524,0.4150078987871666
2442,0.006217025942115051,-0.2658082454710349
2443,0.1991855099664582,-0.10435975604303545
2444,0.1854350218212008,-0.25667943390404924
2445,0.039087064718596035,-0.21139948128296715
2446,0.48882953167543997,-0.09085526205465806
2447,0.1401791474463126,-0.1292107958472309
2448,0.22325763927048942,-0.08877691003237569
2449,-0.15431193371426624,-0.24596516660332873
2450,0.008242269502580692,-0.1940937499574356
2451,0.2755262759352561,0.09857376341112108
2452,0.21799086377336435,0.1572285141148244
2453,0.3275232523322125,-0.17716333913633114
2454,0.07961133408619478,0.1658278028630116
2455,0.17198948066879657,-0.008538928335697535
2456,0.1256431644171244,0.35276267253533283
2457,0.10257759441149053,0.3119320980715939
2458,-0.08786219511321348,-0.10015403863886614
2459,0.11589322353574223,-0.06466676126428664
2460,0.3076763465709565,-0.23412269129851154
2461,0.17068680593727778,0.42730282677215553
2462,0.13253197675171752,-0.03489635559660377
2463,0.3116216370961201,1.9734780677670076
2464,-0.8160405923427717,0.14577248528138823
2465,-0.13646924710443742,-0.2514929117928265
2466,0.10642563399164677,0.1996028960094267
2467,-0.46002732561621035,2.231874981259202
2468,-0.40073842294341844,-0.2611960380209301
2469,0.20296042834795305,0.07987044018594529
2470,0.2629592804194814,-0.11985482413429734
2471,0.032374627599769217,-0.16544725127625598
2472,0.18090343322518482,-0.2436534067587531
2473,0.2643382803111411,0.2954126835806766
2474,0.8472739033236071,-0.12542595508219936
2475,0.07708359041427741,0.35799725598651955
2476,-0.07312019058731907,0.11220192141284753
2477,-0.0013582633850843212,-0.2698861254993751
2478,0.16599076574393043,-0.10553682396167882
2479,0.20343830475764174,0.293371460012746
2480,0.06852820606610348,0.3070957453256537
2481,-0.06470171849003636,-0.24861498783839697
2482,-0.555172787189836,0.836211422420558
2483,-0.0705371107432484,0.22103501286744676
2484,0.30303679292832164,-0.19048525772899044
2485,0.3528767314294735,0.18082848348078448
2486,0.06386447309145146,0.2022444750106857
2487,0.28721926785779733,-0.18827580812010764
2488,-0.4160170506237805,0.11389545921232751
2489,0.35488713637243335,0.23916076877771184
2490,-0.22216545307484353,-0.11681946189514536
2491,0.3952677321621352,0.22332977380415003
2492,0.03941015419673744,0.13502714329062776
2493,-0.36685887618095936,-0.15761901759621816
2494,-0.04462893746537437,-0.14031217236410232
2495,-0.0032658154434956677,-0.12970956159996955
2496,-0.17068507064835076,0.04779653739330932
2497,-0.15317578817106478,0.1895695787718466
2498,-0.03697989787889626,0.5005130892759336
2499,0.047080670494726126,0.06502443285950296
2500,0.03448571399796616,-0.19403188182088554
2501,0.18229105225110961,-0.0564104759237556
2502,0.49565799871994365,-0.20490954084450896
2503,0.34057190032617546,-0.1339712912139363
2504,0.1707666495145001,-0.13675056378231804
2505,-0.06175893522662666,0.16078615539181257
2506,-0.06562426012176173,-0.34329505295883816
2507,0.12490594084957458,-0.20374720848750258
2508,-0.12612355364703057,-0.13132083870433434
2509,0.6144097286097201,-0.14253470804770524
2510,0.30241755291268446,0.05276573686343202
2511,0.2436898591084339,0.2533364933955914
2512,-0.4104346971713966,0.9992536134058122
2513,0.058915585412103365,0.11971019727361902
2514,0.12407318268168033,0.03144188668043244
2515,-0.07736204467857573,-0.20772755972327053
2516,0.031123830818803277,0.09334423639841952
2517,0.2270929360076895,-0.20271687376053027
2518,-0.26464799671091077,1.7913485996430782
2519,0.06029625024221032,-0.34662352996638524
2520,0.7047440523186772,-0.23994268396349225
2521,0.12505691372710065,-0.2693521599485618
2522,-0.7035452688807983,-0.27616535284468063
2523,-0.16512151530806507,0.7792825603934648
2524,0.06716872446764978,0.2078387441010033
2525,-0.16291599616692903,-0.08835678355811358
2526,-0.06354196756765335,0.0046779170709183625
2527,0.05623327229974182,-0.13771690135452444
2528,0.2235418683613236,-0.2162815044027533
2529,0.21681266156011048,0.2658261185669638
2530,0.19161510220928482,0.26105964524057146
2531,0.13744247641285923,0.00539550396557964
2532,0.05011150863222941,-0.15433579169987807
2533,0.22792803945716544,0.3796794773344759
2534,0.13875206110908217,0.052532785940212254
2535,-0.14383067886971873,1.0468559829110078
2536,0.09564695722044796,2.042378829867032
2537,-0.24995934653295154,0.34221811291532245
2538,0.4604501107205145,1.7256319402934381
2539,0.27450557494476074,0.293371460012746
2540,0.16568566141593724,-0.1311389168053729
2541,0.05622064676737777,-0.2503948646611696
2542,0.26039186737420217,-0.28744679024287845
2543,0.5886355291754489,-0.06359988046569105
2544,0.2343540073411639,-0.28891530665221754
2545,0.03815803065378181,0.13859359525937043
2546,-0.10507264483590117,-0.3006276253611658
2547,0.17301721436621428,-0.29273343713715344
2548,0.8165403940347448,0.947777909097781
2549,-0.05158388276501526,-0.13739110960999842
2550,0.47666417836281605,1.3680492172791208
2551,0.06580756610618688,-0.08856670889115681
2552,0.4400309295608137,0.13620938338985578
2553,0.22879869104199008,0.027904658397061737
2554,0.2311188649459171,0.0647062297282387
2555,0.25156203233952656,-0.03382544106035627
2556,0.2978826345176278,0.011936746121870179
2557,0.03979767817509254,0.25385152275051154
2558,-0.022703206511700613,0.22250978799440863
2559,0.07015518223056147,0.24194596465644497
2560,0.33312529352603887,0.0969896286959721
2561,0.4564418412186595,-0.3293430739761584
2562,0.3536140227759437,-0.17942577825318223
2563,0.2612857493535166,0.3403770475963962
2564,-0.3121499243778611,0.27137136999861283
2565,-0.1922964618588306,-0.2636965970210941
2566,0.2325527127854806,0.17742924144078956
2567,0.12735739583645533,-0.05505520364803531
2568,0.4180784709713478,-0.07532344244142826
2569,-0.17363973174804456,-0.04004483585330639
2570,-0.08273995414514815,-0.02303100371079402
2571,0.22846642684344923,0.7172144350597288
2572,0.0047822980357693275,0.2109939167382766
2573,0.20408948221735113,0.24764580020290144
2574,-0.299972310408639,-0.08009729859423302
2575,0.08509164614539172,0.08416124161617386
2576,0.17065571318735717,-0.21822237595005664
2577,0.10094993238108022,-0.15968846981369875
2578,0.3106634604430007,0.19956262459567248
2579,-0.23590823538732003,0.11910492232082619
2580,0.32505897636768616,-0.21637172711914854
2581,0.2865909757067002,-0.2952843653999833
2582,0.64458350346255,-0.24933745532817603
2583,0.5100742285527207,-0.04230344600241469
2584,-0.3533540625636068,0.3058312616954222
2585,-0.00455436796905963,-0.22098221637628895
2586,-0.13937169958200016,-0.13199269767853888
2587,0.14218095067583547,-0.12817130158286122
2588,-0.10896822213810524,2.4077182836468918
2589,-0.04004567784652116,-0.17943305331287918
2590,0.18437838165263587,-0.13995121410528072
2591,-0.39374643760520917,1.3714946887822177
2592,0.03364018851763763,-0.22221529561483103
2593,0.08905646450802965,-0.24925655510731315
2594,0.3059283092255273,2.433283402576469
2595,0.11415523550840397,-0.28412997772698706
2596,0.16717063646693972,-0.07882783969456757
2597,-0.2646686615466508,-0.1999102014847357
2598,-0.18132576374165987,-0.17881232138400444
2599,0.01552999371084679,-0.13137555736497297
2600,0.13466608700867727,-0.1938667079806298
2601,-0.20831388135269152,0.12327090960071943
2602,0.18286205225731453,0.20704172675924032
2603,0.15440829864846217,0.22635729007295788
2604,0.09669786175158038,-0.2510323028042321
2605,0.1621885077697935,-0.1128276046939872
2606,0.6012177245105937,-0.05487045155753092
2607,0.09637131694475894,0.1524411471210459
2608,-0.01954659211101307,-0.14841580737199495
2609,-0.3965097869666276,-0.0734394409072858
2610,-0.0497877088307682,-0.3012502663424219
2611,0.36991099142543754,-0.11662368187990775
2612,0.1434283595124818,0.10532549185964113
2613,-0.0027881709587834645,0.32336293944509537
2614,-0.14753841816328767,0.2597821928529108
2615,-0.23253328164015596,0.07687659513091352
2616,-0.40617822870257403,1.3761030596819983
2617,0.25499695477427353,0.14588636108723754
2618,-0.24363582483285753,-0.26569607492415226
2619,-0.021299401502850913,0.268712325139114
2620,0.14007849079208462,-0.3776161944012557
2621,0.17392262031857594,0.20037683477094131
2622,0.05747021736300385,0.255275034260848
2623,-0.0020093566416025167,0.2223593333831598
2624,0.061828626587397864,0.4026609249360682
2625,0.40187915294853205,0.5176142010063807
2626,0.2899328162907838,0.26807371552626225
2627,-0.3455045002255039,-0.3625940658391053
2628,0.32571028543540786,-0.09059671106598474
2629,-0.0337324338002326,0.1374916084357326
2630,-0.2245711435223438,0.9816145640737215
2631,-0.12419674539836179,0.6344581298676232
2632,-0.07501401603717983,0.28091022953835887
2633,-0.0014843995122706733,-0.35083222123578656
2634,0.025910540849381786,0.10697162622614065
2635,-0.17549997596031947,0.2212281378875311
2636,0.133041836104347,-0.2078333538851141
2637,0.05601826153018328,0.24900484740364554
2638,0.29059942184752263,0.18746710094302863
2639,0.1340810222889264,-0.07648862434276549
2640,0.2128844432293925,-0.15586608537467767
2641,0.1187875783956965,0.16124205414251427
2642,0.14137513919643865,-0.1299327046708271
2643,0.047951399917864165,0.2170115632364884
2644,-0.05705984724386063,-0.011641129203127093
2645,0.06917440546166359,-0.08214880805449051
2646,0.12795991382175417,0.0709190316080583
2647,-0.0511779610473279,0.3314101704792488
2648,0.21564639720220394,-0.1604503758002361
2649,-0.028454306468281586,0.25182685660336973
2650,0.007917662012350358,-0.14479436381906213
2651,0.16002127191816592,0.11017566783628581
2652,0.5436255565297371,0.3969720387856959
2653,-0.16930932150516664,-0.02430439620815581
2654,0.03167512017872428,-0.030424330723653047
2655,-0.06344802316738984,0.0356713835664763
2656,-0.11986336906392743,0.0633843302337019
2657,0.07346319791353166,0.2265696836568883
2658,0.21090672928752213,0.23627365515808302
2659,-0.02114325559324278,1.2283991058301917
2660,-0.016107849739003623,0.3288065374593582
2661,0.10478819913991669,-0.17816318621094288
2662,0.19116808885517833,-0.18837604062889352
2663,-0.29314616472034727,-0.2806957218008565
2664,0.08299797270414185,-0.10416445756028178
2665,0.30171471078395856,-0.19038078115187315
2666,0.38177979121479233,-0.3879396194776224
2667,0.13356450083208765,0.10186449143678959
2668,0.24795488324545042,-0.25649671261636764
2669,0.009937191950148755,1.2361110841498526
2670,0.12756789141458308,0.6135632729007912
2671,0.35343400749125997,-0.3251492843827386
2672,0.2799713318624709,-0.1062106785679234
2673,0.5805024556981511,-0.23787757319267197
2674,0.04640414881696762,0.13903060835236944
2675,0.15406635016995873,-0.1601988842947495
2676,-0.016815711175425435,-0.16560878869135492
2677,-0.27541243833277973,-0.12731255743478403
2678,-0.009365002453506386,0.2434869728461166
2679,-0.002598376266103786,0.21926261268790376
2680,0.2524490849057071,0.3222188879440634
2681,-0.44058909402884827,0.3346768751203133
2682,0.04094334766438766,-0.05986953393183061
2683,0.3002188519079627,-0.14910268598931814
2684,-0.3227878900694876,0.09046429049245948
2685,0.23509705025637412,-0.14023790978419232
2686,-0.973065520249064,0.9004402588197925
2687,-0.6466928666327811,1.194905254595631
2688,0.4686005287879419,-0.29245100475374
2689,0.208022015812384,0.06997391543281657
2690,-0.808005151801364,2.0563386702055113
2691,0.023027269977532995,-0.08784660082359691
2692,-0.49492729127296586,-0.06688891607241124
2693,-0.045043696227388755,-0.025685858882592137
2694,-0.32502480100365927,-0.1783958567054928
2695,0.394834556346694,-0.22953632770350801
2696,0.22448995120044063,-0.17099935598363566
2697,0.08764510942810626,0.22368617242371086
2698,0.05764682103786929,-0.14600117264849036
2699,0.048908293302864635,-0.3624651637076518
2700,-0.10622885901049953,-0.1117472373224945
2701,-0.41839126709858593,-0.18334986010129453
2702,0.11361821564200818,-0.17664341221322424
2703,-0.10337594734019122,-0.163380962140314
2704,0.38061477762918366,0.03608994233515659
2705,0.08627089147168601,-0.1533452335469614
2706,0.36178068327747515,0.7801155576962975
2707,0.07658670834143155,-0.1668161393911116
2708,0.01372749867826607,-0.09907844902782662
2709,0.19151585239416788,0.3366988266117098
2710,0.07383031759637768,-0.19893955651727943
2711,0.00978812109040617,-0.10526423308145909
2712,0.10423705974939548,-0.2653637181954599
2713,0.18273910847781397,0.3899531419183694
2714,-0.02350872883925348,-0.051642828263593586
2715,-0.6184462821813466,0.43126094513888746
2716,-0.10539913470039446,-0.24693555023742747
2717,0.39018244435274096,-0.15978848099581752
2718,0.014384331413614448,-0.27490714560704277
2719,-0.22695774222406806,-0.28553249035835643
2720,0.04824499361683045,0.053659373676058365
2721,-0.37465774486351777,0.15080993856918962
2722,0.2610546326726853,-0.11982029833247602
2723,0.05352011065321276,-0.16092836824839266
2724,0.09438102033441528,-0.29376560429744414
2725,-0.02360074098222877,-0.12844703986221395
2726,0.6207769261081459,0.2477823140797752
2727,0.2314384014944772,-0.24446824933938155
2728,-0.23495186426104236,0.22600564512363905
2729,0.059394407422128724,0.11137428614213693
2730,0.38124555432279694,0.6749980720470639
2731,-0.07597525400902229,0.22325364378472168
2732,0.16368573520139668,0.8026685402724295
2733,0.3898323403108072,0.12306370355108413
2734,0.41787797766645446,-0.08585414633941887
2735,-0.1427856106726292,-0.08974002642191321
2736,-0.20701486621181803,0.05510454518594341
2737,0.36354852612812366,-0.2103194084120478
2738,0.23134595312959827,0.3119583610074259
2739,-0.01552808003228456,0.18056935695880516
2740,0.07658567250884138,-0.08212047918611956
2741,0.6852385552349813,-0.11071913821661225
2742,0.10797780254994713,-0.05348985883239375
2743,0.3230619027456513,0.30199122277124113
2744,-0.10471814047632481,-0.1280434204037567
2745,0.7684537855402451,-0.03647164818573659
2746,0.05499828673271381,-0.08692657980626832
2747,0.16658233252418803,0.22300734081982188
2748,0.20845364772116862,0.19938335459834455
2749,-0.056631244629834224,-0.10257769928781713
2750,0.2517154095431868,-0.007959752241250817
2751,0.16028440070630823,-0.2818683531563521
2752,0.026085180191745855,0.27372275384570555
2753,0.24239224048476093,-0.03496619307449053
2754,-0.0054567918616585335,0.2761796940799388
2755,-0.25227622964159413,-0.18947639929029667
2756,-0.06182043647737997,-0.1521278798919937
2757,-0.021015053811846353,0.2057098869864274
2758,-0.06389154228666631,-0.019516923560805397
2759,0.025047087839229088,-0.11988497119543946
2760,0.12597350506355132,0.13341885204236803
2761,0.050423093450622916,0.07179654013864005
2762,-0.21988027159320409,-0.4078173767414082
2763,0.05844751625751956,-0.22653777479252996
2764,-0.1953322747817644,-0.22977557677106067
2765,-0.041105576932101914,0.337199057057353
2766,0.42950989669540574,-0.14206131857298768
2767,-0.05134928155315667,-0.17180995305429447
2768,0.06715202834552667,-0.10640714896297307
2769,0.055596189819251074,-0.1552918276324226
2770,-0.0063331472364921955,0.25681621755711626
2771,-0.39226347539463996,-0.17088744286909766
2772,-0.4784136425311464,0.23945183679688822
2773,0.17841896907543625,0.2843744019629257
2774,0.9923758997273044,0.15563388444675239
2775,-0.014717699848251182,-0.2615653251711569
2776,-0.07122122441740997,0.22076919731055794
2777,0.1439866428849779,-0.28746669124894647
2778,-0.005717676282361289,0.2456562868149831
2779,0.053087072988476924,-0.2502823381670803
2780,0.20844297746162826,-0.14282678208449764
2781,0.3451723201329731,-0.21602873313126536
2782,0.0030694769317201275,-0.14784001052716877
2783,0.15053973614322663,0.22313889914277354
2784,0.2729093187610405,0.021775192528247146
2785,0.33325329320141356,0.2941240013740552
2786,-0.3447090328738458,3.18007751414199
2787,-0.4887572226338802,0.41056410427210926
2788,0.08913098086069277,0.046671964978679675
2789,0.01973984401892386,0.20123387119091518
2790,-0.8658540837256734,0.3715188407863283
2791,0.15818551926627436,-0.0772841271380995
2792,0.11697167517633951,0.2950662354366801
2793,-0.13945588117497087,-0.09371763039409653
2794,0.09159223534325348,0.24884625138142197
2795,-0.0714433152150726,0.08221472351914953
2796,-0.48935815430670243,0.25508927948709076
2797,0.2219921635635615,-0.0349736638306131
2798,0.26674704201741617,-0.13591783771762195
2799,-0.4562710178121234,0.11842549323473957
2800,0.2609614322317187,-0.028208366150022313
2801,0.25953823461943043,-0.05452517705017451
2802,-0.20042741877234196,0.5029334361951175
2803,-0.0919635251435463,0.34629522471685215
2804,-0.03238667071815503,0.03876660522312978
2805,0.06881934811470163,0.32613826759001346
2806,0.1191925723294999,-0.15670447383821925
2807,-0.38723481197884946,-0.20126354312878977
2808,-0.1100665728197062,-0.2609923863772423
2809,-0.19572329014054102,-0.23362955488499879
2810,0.07040889747845108,0.2504340115612744
2811,0.1778602775579672,0.007496087321053469
2812,-0.14933071047660246,-0.24805025084280197
2813,0.015698435844775628,0.10530787795694545
2814,0.13404302177467683,-0.14367901664264351
2815,0.01777942405742971,-0.020385999635662455
2816,0.22791875923157306,-0.2566405892826652
2817,-0.13954698167463098,0.5452619604912192
2818,0.0019961728529195475,-0.22382510703722414
2819,-0.0880033723067938,0.24944650480170766
2820,0.05660235627075425,0.2517483048965766
2821,0.3834917819115573,-0.06348260979193139
2822,0.17758706717590886,0.27824968677516737
2823,-0.24777374818173756,-0.25872414994646664
2824,0.10919109953221837,0.3311557959740362
2825,0.1375022743796708,-0.13491764283198357
2826,0.0770051564702315,-0.16667734974825926
2827,0.017379412819284762,-0.0634604249975718
2828,-0.037562651370876596,0.1349220630768091
2829,0.031114721801855906,1.1288277733875909
2830,-0.055097205891898815,-0.24555179404528568
2831,-0.16000943882404642,0.6869398041371667
2832,-0.1388922986464209,0.011666668054636356
2833,0.11559754584730801,-0.22443777353788086
2834,0.4428882911483686,0.514511362801146
2835,-0.05759916681269724,-0.16562394741728906
2836,0.6934851100114132,-0.027898721754865026
2837,-0.258383308947259,-0.26208989210619515
2838,0.30073608634237414,-0.18744386716773834
2839,-0.20559173553925508,-0.024929667437381193
2840,0.09225998328641052,-0.09216536148776469
2841,0.36246695019768543,0.35996054924386095
2842,0.09299908530365338,0.17768796368348827
2843,-0.06982936803024328,0.3359695911659472
2844,-0.040463103038012434,-0.23946910110091232
2845,0.34776601868368234,-0.1277586368822807
2846,0.06023959677438044,-0.13839246061726565
2847,0.2660814282231054,-0.15233140897272066
2848,0.21977908385144101,-0.22686196878911966
2849,-0.12730627422354285,0.017687437621215267
2850,-0.07591625699427162,0.10767375148798472
2851,0.5636487278791955,-0.027475915438763366
2852,0.2100250664962071,-0.01671044400679666
2853,0.043738749690863755,1.2647523762654695
2854,0.03580020272132362,-0.32349604563522355
2855,-0.15356349916097056,-0.10634703846039861
2856,0.160101993673519,-0.16261771319184343
2857,0.5187193172373872,-0.18950021557913652
2858,0.31878571325044935,0.049970301257752994
2859,-0.22410672555019423,0.08032129247611144
2860,-0.08105259654690686,0.33901804237651023
2861,0.23631431508570463,-0.08153931826670086
2862,0.28285047442255495,-0.1525716083616309
2863,-0.07564911007271855,-0.12997197493980756
2864,0.2178556987903182,0.33523210400557796
2865,-0.024809554522750108,-0.2273193249741925
2866,0.14273797344303096,0.2676058477559891
2867,0.30747595651956977,0.27703708156451834
2868,-0.006660239849861227,-0.13475825628676974
2869,0.1555293389602496,-0.1862740515884786
2870,0.5219804826604828,-0.1650946755910638
2871,-0.19120695161042855,-0.21084718936657332
2872,0.07382843432040134,-0.015277045495602468
2873,-0.07446736104031908,0.10790805317625111
2874,0.010481831030771572,-0.09050658310987178
2875,0.2179138346436475,0.1480863743385718
2876,0.38810519586253706,4.706117128135834
2877,0.12372048077813272,0.30092898883420555
2878,0.20779525827969705,-0.2677280604494121
2879,-0.5124008791511642,-0.28281290334309406
2880,0.23915609791521897,-0.3118279137023999
2881,0.0249896887904947,0.37122854080846546
2882,-0.0011112465833094942,1.503183688884936
2883,0.5385977689039918,-0.03339980302659399
2884,-0.08826389456415358,-0.12992401484646543
2885,0.03983453042662808,0.33901804237651023
2886,0.15137537172338342,0.060017025733797594
2887,-0.1283417829075958,-0.1470562125518096
2888,-0.41844096109474754,0.5583493313016492
2889,-0.2508203521477498,-0.10757460922421305
2890,-0.2585100061434691,-0.15246128736500072
2891,-0.032552899614917905,0.5558296995362907
2892,-0.030224635526374465,-0.2441764010744934
2893,0.19807783575691126,0.25022546588727534
2894,0.09532213664566185,0.2672429010429721
2895,0.1191761127253902,-0.12859066358330673
2896,0.32622886857790695,0.6542415720561997
2897,-0.05744774654700986,0.06957324104541193
2898,0.2764435625576548,-0.19686014074279848
2899,0.0919292777995762,0.00973018135681131
2900,0.11450549061963063,-0.14462376046958084
2901,-0.018319474942509004,0.30979239375075396
2902,0.3367490437277692,-0.19332254360064116
2903,0.097022900154965,-0.12828936405037444
2904,0.40039765642150404,-0.05191746158528252
2905,-0.7142525374215533,0.7903533857854002
2906,-0.46262948924271974,0.13792275009906646
2907,0.11486456776207839,-0.16345558816102357
2908,-0.29127648106727744,0.008231000444341764
2909,0.35124945751928394,-0.07686941989954206
2910,-0.6022376219580984,-0.06405027808038621
2911,0.08465368060728926,0.014587337030582483
2912,-0.17768307167916342,-0.17702422849542937
2913,0.07133607662279288,0.2930254965061794
2914,0.15626954822552824,-0.08569750706629763
2915,0.05287587394767458,0.6177724597623745
2916,0.6282666108241319,-0.16181717601567253
2917,0.0688128843200037,0.4900477338748841
2918,-0.14063903963250574,0.23885257730144888
2919,-0.033763548295684176,0.15991551129306245
2920,0.009517204397578038,-0.16220419718717055
2921,0.09871684078513183,0.03505445124437511
2922,-0.6228774344484178,0.6749285893896494
2923,0.043205584299908666,-0.19974905303137316
2924,0.20021390958899907,0.1970762684863525
2925,-0.14186038319972633,0.07217848346755219
2926,0.060657042388239636,0.31615684773429203
2927,-0.0501252399939379,0.42257751997892284
2928,0.12206931596451058,-0.12563908754758407
2929,-0.20581925508613813,0.04189564558708277
2930,0.3150574587627061,0.4204864894941768
2931,-0.23252215866029013,-0.3412681628569698
2932,0.12523187174447203,-0.10097539476420911
2933,0.3680994212692852,0.06472667386099101
2934,0.10675148691704617,-0.06913021930543847
2935,0.7166949898227275,0.7096461174741947
2936,0.2129080578288803,-0.08954523795999549
2937,-1.1889861398543882,0.9051927768839455
2938,-0.059717063608036525,0.1947441481205276
2939,0.00585476257240084,-0.1775372190571697
2940,0.03938414869540464,0.22499517871607858
2941,0.09090118198220698,-0.2161178191345782
2942,-0.040177957538867506,-0.18378126612616735
2943,-0.030549238823327884,-0.09889528834744366
2944,0.28953698402508615,-0.161246310688469
2945,0.15427929273612884,-0.0989857672633124
2946,-0.19412732402764518,0.13423048149825695
2947,-0.08507669778214079,0.3159177924753603
2948,-0.21374367918125534,0.026178719410189167
2949,-0.014063528264116087,1.762078797938144
2950,-0.7419883521029654,0.6682426563931857
2951,0.38851140114459803,-0.16414575767216627
2952,0.011008460349926124,-0.04219797458376799
2953,0.056277599012539745,-0.21351908074500722
2954,-0.004945686909141084,-0.12597106360223514
2955,-0.11863333232580105,-0.11219324352024707
2956,0.32103320371809013,1.0024022434942454
2957,-0.1380221280182226,0.24899252384857545
2958,0.09816987163903704,-0.2671477466057592
2959,0.20449965852760946,-0.22536292962200513
2960,0.18633215549272406,0.148708050159718
2961,-0.2631047306865589,1.98594816068143
2962,0.23395177716631302,-0.13156303727609672
2963,-0.056259376594312405,0.14686228795226727
2964,0.04603988129591393,-0.1090417744422292
2965,0.18104762443782346,-0.2178815803351159
2966,0.08832088106848132,-0.3881933289367429
2967,-0.004832772881065761,0.25410710299967565
2968,-0.14803893137797366,-0.3559705762835473
2969,0.223114866707338,0.033014118127791
2970,0.02096760805516594,0.018190034295048438
2971,-0.04935999175315266,0.11519170464544337
2972,-0.20500832176092243,0.34292792686605705
2973,0.22141879033688744,0.160194194081602
2974,0.1562669752628982,-0.06136895374640281
2975,0.1321540556478338,0.1355601061588967
2976,0.13878740215868227,-0.21994801100784458
2977,0.05270558737185009,-0.2675679186264402
2978,-0.13702281599335314,-0.018604751890420546
2979,0.18602601617815592,-0.1251626082916292
2980,-0.5564754089692475,-0.15582803391937677
2981,0.41820407569754103,-0.17131918952622902
2982,0.1443114996982132,0.016362213170016394
2983,0.1392511711637256,0.244514282082749
2984,0.0789348198556185,-0.09635406909057728
2985,-0.2496375411811349,0.09071929078501424
2986,0.15579815421790763,-0.1595978889712056
2987,0.10595278652651455,0.30137462743091975
2988,-0.06262147117091602,-0.03289118496200064
2989,0.1901403351174288,-0.18365161781039488
2990,0.027256860304270592,0.8553041986175012
2991,0.3597163821499322,-0.0834761599255012
2992,0.3797843546810347,0.06027047634348389
2993,-0.20207748487506166,-0.14544895770568345
2994,-0.09324657699131349,1.2097247849211419
2995,0.03219948966081397,-0.3399419563710848
2996,0.46231480100498157,0.637784236431507
2997,-0.03471749679514835,0.3191063239111944
2998,-0.07629174499507375,0.11548812694383907
2999,0.32463193893676423,0.5463238869993856
3000,0.30581438100152436,0.24443964485282893
3001,0.25467816948334365,-0.03412183244000894
3002,-0.14697598515509258,1.6090405385848154
3003,0.10390434653653405,0.3503693214875959
3004,0.17850291622325298,-0.1160467093939348
3005,0.446113077430785,-0.2043283540216095
3006,-1.0544698160376638,-0.14363457960860893
3007,0.15247313438103058,0.17600261187392122
3008,0.12611051276899393,-0.21724651018118685
3009,0.2967443250771609,0.1468686979698916
3010,-0.007539672080967404,-0.1062803307595706
3011,0.009153649177284456,0.05312347290928075
3012,0.29671439862588544,0.03568920880819723
3013,-0.1216866793483766,-0.06704871904284296
3014,0.6065240247758413,-0.12541592481164096
3015,0.02655608717124579,0.30065859941024775
3016,0.20292462373617565,-0.22074422835133248
3017,-0.07189068498211161,-0.10705712431313674
3018,-0.07795452714591167,0.28071445661872535
3019,0.46064262120554494,-0.06432538378172845
3020,0.1482217056770629,0.19656186959577077
3021,-0.03756882029506061,0.3453099500340998
3022,-0.15799208555734678,-0.14449412322727725
3023,-2.1048318270501483,2.5802749340164093
3024,0.2487120363213103,0.39967406406937583
3025,-0.31576149914942164,-0.28619612971327724
3026,-0.13756254835917306,-0.04814326611715078
3027,0.08869218996484754,0.26863649631076264
3028,-0.053257422065367876,-0.01648314941942867
3029,0.0741711075735148,-0.32147563208200125
3030,0.01796986533395335,0.29229068705991545
3031,0.18344783646674656,0.27759502911385203
3032,-0.03885939059935481,-0.21863846790173724
3033,-0.2069223382681363,-0.324237507963563
3034,-0.04429949895512007,0.06880102201515222
3035,0.509400911983081,-0.213624140601005
3036,-0.0612475684086754,0.2808562432729228
3037,0.5605983398292962,-0.12305327971457711
3038,-0.06359648581370365,0.29447715065014674
3039,0.0665802416181156,-0.32727474398484196
3040,0.04339623525996309,-0.07529958867865152
3041,0.005475398519963481,0.10377942863117988
3042,0.5770879308082237,0.8883613647358974
3043,0.09667619005030889,0.1889778522800607
3044,-0.08373001556068213,-0.12569323450889455
3045,-0.2700077758394942,0.07563851756493563
3046,0.4780636867498463,0.04976724461657386
3047,0.13625269579332794,-0.19476864851754577
3048,0.20131306773950963,-0.22549436199282652
3049,-0.1020500127377985,0.051054065783719724
3050,-0.1231260808116144,0.053449650573283616
3051,-0.13495419021615995,0.05258781003684807
3052,0.6971033483167688,0.06154074491479113
3053,-0.09288371970148979,-0.1441041842622221
3054,-0.3213735356195596,-0.04557766739983228
3055,-0.8854656398534988,0.7987546207989005
3056,0.10039106305108066,0.5714632055744919
3057,0.63233676131738,0.3924880366630688
3058,0.0533276405106773,-0.11944242713770273
3059,-0.058272965049429845,0.2672429010429721
3060,0.16122460280368478,0.14778596065837046
3061,-0.044870398994597535,0.20809414606975993
3062,0.19205172092319295,-0.013961556976813205
3063,0.6558031585970467,1.1198486414863333
3064,-0.15608980681173293,0.5549462031034234
3065,0.3734858671179399,-0.18964544819219045
3066,0.22778622814025057,-0.10676106261537258
3067,0.014264201881159306,0.08671452704761054
3068,0.5349312550187774,-0.1315492531911167
3069,0.25806591280906843,0.19888558331941183
3070,-0.0005280330736233795,-0.20344598526671542
3071,0.07048641505803013,-0.07424682760804083
3072,0.24192652453184138,0.052778488288500916
3073,0.045955708681206464,0.2614341235607115
3074,0.11232283848320748,-0.05724876303491613
3075,0.10939604808097218,-0.09701628284967079
3076,-0.06949297653327212,0.7538428629735945
3077,0.16095139846864814,-0.2536780751514095
3078,-0.03128334217675881,-0.04156915875946522
3079,-0.15551686129376438,-0.09004112918864157
3080,0.3534506064776398,-0.13309279138051616
3081,0.1341300961380536,-0.21030782569776899
3082,-0.12412157288660237,0.1920461187799647
3083,-0.052717946517664115,0.31639963202600435
3084,0.20981784011894825,0.07884698688386431
3085,0.303350639545925,-0.07287924684102887
3086,0.05645926469221376,-0.08367032551860867
3087,0.07113011509107027,-0.02646185318601399
3088,-0.023098309112801266,-0.42762576197690516
3089,0.12466949020284072,-0.1536149807776831
3090,-0.013925814969847971,0.136103805332618
3091,0.06511641622597233,0.04998856318448387
3092,0.6204883892501102,-0.1049000986306767
3093,0.17289423945649202,0.20239891836080473
3094,0.1399534098729913,-0.15947662781651767
3095,0.001297870341558427,-0.15014351679039986
3096,0.5296315320580137,-0.14368800213609864
3097,0.3084127848125592,-0.048986387011975094
3098,0.17544706762111498,-0.19825398863470237
3099,-0.10435618820260535,0.26148195265369056
3100,0.24054400694101746,-0.16746271228690762
3101,0.2751463577369597,0.28729561589678887
3102,-0.2586056202246537,-0.26687325348936136
3103,-0.13944253102867693,0.19368909770379272
3104,-0.16818356956146402,-0.22032755255397213
3105,-0.31291751116318883,0.1603124520521062
3106,-0.034055898186933435,0.3201829197720198
3107,0.0671141307453459,0.16652583852831934
3108,0.2954831434617887,0.4939353174755774
3109,0.6660106101140848,-0.12037659976656216
3110,0.12207377098823198,0.26275289316096206
3111,-0.2829230112877955,-0.13393525296522643
3112,0.04412881250209571,-0.025737320826738
3113,0.11545794076834155,-0.19919841714895106
3114,0.11517664245571071,-0.03156650948115493
3115,0.04501655396123706,0.35017253921770647
3116,-0.38291963197866574,0.13627168938750825
3117,0.07269143753823937,0.05432654220072215
3118,0.10603953099847138,0.03502473104950675
3119,0.10064563956468461,-0.17244257847577169
3120,0.06268248022647196,0.22830804060910345
3121,-0.848571992487579,-0.0999871542893769
3122,1.5080184982261275,1.0372942445870539
3123,0.2896221108386424,1.6279310152253683
3124,-0.054404651441089344,0.08416826854235887
3125,0.24737332584963373,0.2626841285760134
3126,-0.08635678899182571,0.19284464237765633
3127,0.47273882608355156,-0.180851146279374
3128,-0.11828376496108235,-0.25266918479164063
3129,-0.14060229799121765,0.0020895617331117165
3130,0.12969212514671757,-0.2512799618202494
3131,0.145961314743682,-0.07521581695932592
3132,0.28392214593684184,0.14389765260902945
3133,0.388972968418444,-0.032510972599459224
3134,0.1440054873890974,-0.12257759997222188
3135,-0.046121865086475554,-0.14483410203969843
3136,-0.3175071285225112,-0.27463484855819253
3137,0.2842590486874564,0.2022810217112465
3138,-0.2555547665903363,0.031695095400368356
3139,0.20731409599196887,0.021207703901693676
3140,1.7109999805884466,2.1258772099479657
3141,-0.05812578412657243,0.14713859483864575
3142,-0.08611597762085439,0.6089615702354312
3143,-0.16646431187012567,-0.13034818297219147
3144,-1.2135270286627424,0.5610058232577517
3145,-0.23093897984737702,-0.1532181806802199
3146,0.024805025322772394,-0.1437260189132023
3147,-0.5289349144578576,0.3602119946780785
3148,-0.8278057716088171,1.3433332526993484
3149,0.3337296066083243,0.14102979982054079
3150,-0.012854085300057369,-0.015309021922730523
3151,0.2697053774859892,0.0355864909128868
3152,0.21648338505934278,0.1694521289121539
3153,-0.005693600007260135,-0.28691476022940055
3154,0.4267900467944935,-0.24136643944625988
3155,-0.003050572032930088,-0.316118160138956
3156,-0.1398914658744741,0.25336840358157653
3157,0.1751386273410092,0.0918153405569577
3158,0.06637796614010791,-0.13227026926649246
3159,-0.075346467301123,0.1643030356606645
3160,0.1837982099547572,0.26754641079756747
3161,0.048383354729829756,-0.07139367722407026
3162,0.3821694289686942,0.11259446427567946
3163,-0.04663491460176765,-0.09957649151800782
3164,-0.03878951853995591,0.04180646325015419
3165,0.26274964385604693,0.592405411400253
3166,0.1858298346223957,0.22378779885417174
3167,0.17580354630553033,-0.13621272970768725
3168,0.2808853376422869,-0.16601485944951128
3169,-0.051352996594788355,0.5581354042041863
3170,0.06158447700662438,-0.20225286828674433
3171,0.32645090642345176,0.07706469453547397
3172,0.005131211223863246,-0.05653492972666091
3173,0.0036061056670963986,1.3240370235538061
3174,-0.07515444931527476,0.15935074959955492
3175,0.18185616876854532,0.09894749904318746
3176,-0.04034720406109839,0.19888618169135558
3177,0.4410311506435651,-0.2700857469509412
3178,0.25957235700265563,0.17577528209994975
3179,-0.0229127156039275,-0.12679415711454728
3180,-0.334564728993709,0.2476461475752887
3181,0.04958305845553731,0.27880368976956954
3182,0.07173688026011982,0.08192545596343433
3183,0.3579161724504323,0.26428273744116815
3184,-0.1709579006475603,0.21320936867952364
3185,0.24731864428757477,-0.19495980545237007
3186,0.05810965613984698,-0.15865075116346913
3187,-0.0692046130723171,0.15314213817645517
3188,-0.06373103796084546,0.2411049100332699
3189,-0.25277341832086686,0.7272137613844298
3190,0.2058777762789378,-0.16904868194609807
3191,-0.011897852210810194,-0.25263062328735414
3192,0.1746117931278674,-0.09824664620428156
3193,-0.0007145459261335086,0.5583195956850138
3194,0.12327221325030732,0.21468489379563405
3195,-0.21871042710477448,-0.02935124013009066
3196,0.3800047293729502,-0.267745473210801
3197,0.40285003330896874,0.996677327780848
3198,0.028714871815348035,-0.21980399680173326
3199,-0.030279144380244462,0.42956784068987564
3200,-0.09024474746559359,0.2265170622819163
3201,0.15713438393738044,0.8961077768539079
3202,0.08312495748863541,0.6044685896374055
3203,-0.27748978440078376,-0.2835689086212526
3204,-0.040271395542889235,-0.16950829838154308
3205,0.3256231789984013,-0.08712999988124578
3206,0.26760174005770515,0.17491485799758683
3207,0.28714326711571897,-0.19303868501523222
3208,0.24333162811551157,-0.2340070582808619
3209,-0.05894290964137282,0.5088205722613408
3210,-0.24001109197015502,0.19716761133493793
3211,-0.03779760501787938,-0.17352761010319664
3212,0.2918299949596158,0.4213769823912103
3213,-0.5593803682244446,-0.058304943117063
3214,0.055372382897633264,-0.17917848799145067
3215,-0.1020348550857878,-0.21100928798679308
3216,0.6203670625162496,-0.2818213372462396
3217,0.0604693631614938,0.032014894234762406
3218,0.03614236530558208,0.23947658385320736
3219,0.17143925869296422,-0.0232264943345135
3220,0.43617308170332514,-0.29246640921711364
3221,0.19379420872309616,0.293371460012746
3222,-0.14617531636344266,0.0662618831342082
3223,0.15581620626369103,0.21126592416512438
3224,0.04891539790350959,-0.23897756900332695
3225,0.3451748974111428,0.009712617676821833
3226,-0.005640909309067116,0.17235718339547962
3227,-0.01073835206002774,-0.005397202281731675
3228,0.02186033138187144,-0.07357690951511711
3229,0.4504874092641785,-0.04756848563901209
3230,-0.1691735012541174,0.34099101829215844
3231,-0.2827922654760805,0.38950600505968275
3232,1.3579315991939092,0.01965180679378221
3233,0.744238964122525,-0.16737600530250432
3234,0.17641341546024014,0.1686253741915204
3235,0.5761882327972614,0.1610914450751179
3236,0.04749005414420943,-0.08891837769828789
3237,-0.08050997268599507,-0.23720303164867396
3238,0.42437192047038896,-0.11457999812027912
3239,-0.04670472705129845,-0.21003192525893843
3240,0.35483655265835035,0.263128771017956
3241,0.14980628004241323,-0.026998892196316644
3242,0.012673448865586861,-0.09603193407950283
3243,0.09267748436371377,0.029370074627869135
3244,0.16891255955944023,0.001577394525965839
3245,0.11698675849682214,0.15438853693866633
3246,0.025401525217338426,-0.1652455042667959
3247,-0.13653242579314445,-0.33536064077288574
3248,0.08202159908190257,-0.1497841936824696
3249,0.41637876180921685,-0.28715266872668865
3250,0.26199053530479754,0.30516773932367697
3251,-0.004981699444146956,0.12960315518594373
3252,-0.6001251622351639,0.9201027924724242
3253,0.352503825369127,-0.19938036209491514
3254,0.32719318023743016,-0.04094854337402861
3255,-0.33490442382759034,1.7043326516782347
3256,0.15399816186865228,0.3740416970831045
3257,0.18434267860056852,-0.042902238621266
3258,-0.13473190672998805,0.0075724923690759895
3259,0.4061718065803633,-0.1688307959049408
3260,-0.03533992432034714,0.443945796865523
3261,0.2877419185046888,-0.2461087069448935
3262,-0.10151118918167726,0.5188261295147049
3263,0.07969431263735896,0.009584902463967062
3264,0.32892849781483124,-0.17990458627655742
3265,0.12185575912202332,0.03268907938012204
3266,0.043697807450431836,0.05354469767443497
3267,0.02700276927903217,-0.16067071072091454
3268,0.11179620576529117,0.1422774887311292
3269,-0.20020963733339836,0.4828916752151014
3270,0.03495078515141471,0.04721329686900372
3271,0.44748354891996256,0.34618850577335747
3272,0.4567170990403463,0.9652034394570563
3273,0.30171501293743525,-0.10119666871978297
3274,0.056290253724876185,0.15737205878067267
3275,0.11426853073518388,-0.03640384374416039
3276,-0.09236254983897171,-0.12982022465858406
3277,-0.14361148710916177,0.2912636009237618
3278,-0.03667123665245356,-0.05476185724637991
3279,0.31158740690024567,-0.22342290780218574
3280,-0.10194948445305893,0.15640458588251538
3281,0.16102447016694182,-0.35125953265500975
3282,0.3484716505223072,-0.007400845900797903
3283,-0.1198311487298952,-0.15368592606169265
3284,-0.44138075580676717,-0.20843807384078805
3285,0.14470781108645828,0.17744851573645373
3286,0.11561233546602981,-0.06922992109227315
3287,0.8050226956868016,-0.1566608258026785
3288,0.16313497541503125,-0.16435093954472593
3289,0.916003361761436,4.523971465520002
3290,0.059206405032209176,0.30945899186940146
3291,0.06973494970476724,-0.0002759581399353478
3292,0.23479985789454458,0.2612545031399779
3293,-0.10921990840882752,0.049137228068391006
3294,0.25689945320012564,-0.10285442878368382
3295,0.1129750597631011,-0.008197017011448775
3296,0.061211626702517175,-0.14274190099059786
3297,-0.9786194985368185,0.22926232836929272
3298,-0.026543530318207397,-0.19790691870305507
3299,0.04383503227821719,0.29883544596300754
3300,-0.04015686671339368,-0.12017923347309252
3301,0.3999331842181415,-0.26259526116236664
3302,-0.1509775725095885,0.19658567877639516
3303,0.18252333883650243,-0.20115894949287197
3304,0.2982759912698113,-0.1257907912898397
3305,-0.3880472328429639,0.2615233249065171
3306,0.035395873713361024,-0.22142556106933062
3307,0.21018591141850135,-0.291350292761944
3308,-0.13518813824772832,0.2433020316051409
3309,-0.1465920410912755,0.2728710972491747
3310,0.20822346272379266,-0.33947711093870964
3311,-3.348705659558041e-05,0.06797073042170801
3312,-0.07194456617498553,-0.12065170199432004
3313,0.2032699532711597,-0.1204588868330119
3314,0.21354685427344172,0.31696557906857803
3315,0.0512275367621563,0.1091345364532321
3316,0.3130542315027516,-0.17292622940910143
3317,0.06748292599246378,-0.15630482427655396
3318,-0.19993325994184027,-0.05576891938118737
3319,0.40518926997130916,0.22648724502709516
3320,-0.10629293270441931,-0.0581787569493961
3321,-0.06954872141995797,-0.09191853215619418
3322,-0.282256408728893,0.5248397799718517
3323,0.3115401538164007,-0.1488035532462526
3324,0.26069974312592986,-0.1124915256151398
3325,0.008741621420630803,-0.03494057298503681
3326,0.051234097149471095,-0.27017763168550946
3327,0.06595501472914964,-0.1702152058131489
3328,0.06234310152083812,-0.06866671744113483
3329,-1.432724304328512,0.6945132605110661
3330,-0.3085631519031874,-0.2634173897999182
3331,0.030842182555807163,0.11033441870486652
3332,0.04228199781451232,0.33901804237651023
3333,-0.6569649787410385,-0.19767521173209293
3334,0.07748792541992719,-0.04602147376535254
3335,0.4010441047454192,0.2471335003804341
3336,0.28307385178863687,0.05482643667734647
3337,0.15139743663703237,-0.09601492937434855
3338,-0.006718268867211441,-0.06954065536122674
3339,0.042181889040461176,-0.012879690476749958
3340,-1.0984415259715141,1.4203444879941467
3341,0.01614470024882772,-0.17073175791929168
3342,-0.5242795848092794,-0.08386488108268512
3343,0.12307671022413828,0.09796547372323834
3344,0.22773887110567426,0.5771232193424509
3345,0.12776156991008397,0.2831371990211706
3346,0.27463175468348217,-0.22831423382352609
3347,0.3047499098015715,0.29903883910126805
3348,-0.3582456314420142,0.048438363853527046
3349,0.37552219799900327,0.03860918986717941
3350,0.12430171496758735,0.1858770615045915
3351,-0.8482682008888377,-0.14117853289114085
3352,-0.04441693450744196,0.24349519776250378
3353,-0.24893426572226524,-0.036552365838016375
3354,0.18056690448347726,-0.00325697878976029
3355,0.3104868189980789,-0.18775847083096525
3356,0.11931524436699117,-0.1260145597482471
3357,0.20740111251479387,0.3678400685028043
3358,0.15655620438905649,0.3123401317971305
3359,0.3305424296933307,-0.19614209137555852
3360,0.2187365246945454,0.6558789979577784
3361,-0.468774934224326,-0.12683578414496152
3362,0.17339904895544053,0.3365648635669488
3363,-0.050300234846497274,0.7332043352465776
3364,0.6784292859812486,0.21473689904368348
3365,-0.2415085552519824,0.6503777462560727
3366,-0.032959795665279915,-0.2801970468575277
3367,0.12185013168787336,-0.06912753927907217
3368,0.03375761648156419,0.052198647037727496
3369,0.059208446470731355,0.0037194230410093317
3370,-0.28792539001452255,-0.14794604487714033
3371,-0.24609583460888768,-0.11541512487070522
3372,-0.1388763571337108,-0.24696731255763868
3373,0.02159071954050943,0.05171146386834428
3374,-0.26008771844257,0.15451849415674296
3375,0.013722221124368768,-0.28314159897697555
3376,0.2127126544765309,0.24830837120439347
3377,-0.07226213921855448,0.20457295528641345
3378,0.7078090285163763,1.3760487847905896
3379,0.21890413002530576,0.0005949104118936177
3380,-0.28545591651397934,-0.1650862638133433
3381,0.22537219260473634,-0.15195953126992726
3382,0.04749032570386722,0.3453099500340998
3383,0.09467798137478094,0.055568723259473506
3384,0.07593615469342299,0.12269292316853735
3385,0.0981605506791334,-0.08119840973357675
3386,-0.043900762568104205,0.08000701855182459
3387,0.24005070670581158,0.1368181814275822
3388,-0.059330747510996276,0.7470165663993728
3389,-0.0667885650899234,-0.14921039189863922
3390,0.11563334381570722,-0.20914455633285534
3391,-0.5897542961286404,0.6035216414733896
3392,0.24795469533321887,-0.15951180653664881
3393,0.2200121187383806,-0.15089123358168513
3394,0.3669433511080169,0.14854864815256583
3395,-0.4948198052988905,-0.028870413574235154
3396,-0.020606179179021418,-0.02324538240649211
3397,0.06879187236806093,-0.43340070404282116
3398,0.17561812704123808,-0.15457190033540064
3399,-0.0787573094172134,0.21440392972603392
3400,0.19096571478182775,0.28079913125106565
3401,0.2107317476691148,-0.1343581193165147
3402,-0.09158396527636128,-0.12475342671507894
3403,0.38872329518562404,-0.10736424921796969
3404,0.49260789795330834,0.05971662451048101
3405,-0.3945703786222715,-0.15335745355355407
3406,-0.06263357792091247,-0.08941588561861692
3407,-1.0197443705091342,-0.11486399247301396
3408,0.3630288985743101,0.2477823140797752
3409,0.3615508318734867,-0.2040990897168098
3410,0.2028640697371408,0.16862918834202248
3411,0.1859804560945352,0.287863163547361
3412,0.13732052743112994,-0.186012546082515
3413,0.283312519013983,0.34431678617408557
3414,-0.21660857877231798,0.17229684794921368
3415,0.21396746030510486,0.3693031751501448
3416,0.2776985730399295,-0.2399496758145528
3417,0.03286007906286422,-0.1347956554522048
3418,0.02578913576427775,0.15027641585085288
3419,0.27564181318339886,1.25841532296033
3420,-0.016981068480755025,-0.08372625767362318
3421,-0.06799371885323327,-0.10768031203541124
3422,0.05375369968121154,-0.13303405770023832
3423,-0.15604064387482566,1.223600687219105
3424,-0.19731033566412032,-0.1541543060881887
3425,0.19359648814771205,-0.2816917917191577
3426,-0.11369820863719741,0.0763607156117277
3427,-0.6923731643819188,0.3186901892827977
3428,-0.20605487610586432,-0.22840637993686017
3429,0.22619618751419432,0.1414176129620341
3430,1.2891759344813032,0.3121066278392065
3431,0.018428838189104804,-0.13802484703264772
3432,0.141637122924895,-0.17807436716379643
3433,-0.09488730408690035,0.28543176551179705
3434,0.18415650841156098,2.493086869245845
3435,0.43619213087066233,0.12890446423460886
3436,0.2273852611380493,-0.1754136210034504
3437,-0.0846004720007072,0.32398304235132885
3438,0.32464483365590624,0.2807650542290426
3439,0.060354946725328304,0.30525886843103733
3440,0.10869313729548424,0.0034108161829539295
3441,0.10647504976637139,-0.08573110691157998
3442,0.2498033239800018,-0.09134670243076168
3443,0.14701292433201543,-0.2402336768193476
3444,0.32403025979103545,0.3265420464687287
3445,0.0002891446834708378,0.33071067817466876
3446,-0.20057109084628197,0.031326273568984896
3447,0.13157676766208048,0.21942603890819584
3448,-0.3267312279235358,-0.16523729083166622
3449,0.1539077046334143,0.34375026975176026
3450,0.2623946196987198,0.0748062786102873
3451,-0.20777409648748177,0.3830264348634521
3452,0.004179267218227733,0.055965016495874084
3453,-0.13611455338281722,0.2773723741791107
3454,-0.20590729833967844,-0.19141021304904346
3455,0.08867292332969434,-0.12905536752710817
3456,0.15366280236350377,-0.3135472505573305
3457,0.33489014649467574,-0.3642058300785659
3458,0.0016417767375550285,0.18514425291984987
3459,-0.09732841929538827,-0.1250938953258532
3460,0.08191932929486934,-0.14950773244536128
3461,0.06600636869395352,0.11757481079670737
3462,0.06513395610662451,0.20289485557522116
3463,-0.5342875499882713,0.1352037364287092
3464,0.11110496270656338,-0.21098513453668524
3465,-0.018399572922279256,0.18734531026903373
3466,0.23161976067677764,-0.10826752782532753
3467,0.15926229574506387,-0.2664165652381666
3468,-0.08581236524795198,0.04717107371601752
3469,-0.06941595529470782,0.07464226078112997
3470,-2.395520127644161,0.5820415185890978
3471,0.4234119115662466,-0.11428797928079897
3472,0.17853778697868555,-0.24935535204957912
3473,-0.03863919972928434,0.16012566572331247
3474,0.18683094565525998,-0.11362276405505675
3475,-0.01806920938481163,-0.11969793582005392
3476,-0.059038872409128154,0.2553572192850212
3477,0.17357152735695816,-0.25578793881918277
3478,-0.3631493203078259,-0.08704434675384395
3479,-0.15521248560338347,-0.0823895567613072
3480,-0.027253770195164635,0.24786807402001437
3481,0.046659727018741645,-0.09066672583398222
3482,0.09298518010663093,-0.1506385974912935
3483,0.3356269581086167,0.33979534358118274
3484,-0.048019559930769916,0.2048468619254807
3485,-0.058663426359643965,0.16359303492578403
3486,0.16760293594518835,-0.15860137527132603
3487,0.09771506458014342,-0.16343718666981435
3488,0.38732581540467004,-0.23555111785202637
3489,0.06860237493130084,-0.05818739658820672
3490,-0.10863024716643813,0.2735348087005617
3491,-0.2543722401803499,-0.19097573944243987
3492,-0.04966176659997139,-0.27033987658116954
3493,0.03682754214557973,-0.1552987576038158
3494,-0.06284728685786244,0.1627344625617681
3495,0.004537005806702346,0.1687507700326411
3496,-0.0884630402419738,0.12606756286719292
3497,0.01520304091705913,1.9134207369728458
3498,-0.1450192192477794,-0.19283523216797793
3499,0.316347146635113,0.1416459141469607
3500,0.3604916510275823,-0.14993946297901115
3501,-4.236157744374912,4.2517553919550375
3502,0.5917977619749599,-0.2326725339632009
3503,-0.026811586915401392,0.11206544258496876
3504,0.3569414148532181,-0.12666333783954437
3505,0.21458204177799828,-0.15473534490553492
3506,0.04088107360383547,-0.03819747114159346
3507,0.21004135108531702,-0.15556959943867138
3508,0.028838724697325274,0.13015052270820052
3509,0.27131696440851616,0.2766751200129024
3510,0.617449271256165,2.4115564290482134
3511,0.29352969295389775,-0.08919161258784272
3512,-0.048228158997604666,0.30900376232896176
3513,-0.05315658906270315,0.30482436776593513
3514,0.34830698691832096,-0.2537841646070058
3515,-0.010716496005419615,0.1091186586126014
3516,0.19359928698168463,-0.09599537705977465
3517,0.08058975648547281,-0.06437083189174135
3518,-0.04580838252085731,-0.1646063563154569
3519,0.5023011323164,1.5734974895331422
3520,0.06497476517884064,0.15031806026844582
3521,0.3409159549976625,0.03689483133784129
3522,-0.19113377862036268,-0.19208889135904045
3523,0.014936169974537844,0.177548634011142
3524,-0.012859708275498222,-0.25134373498082113
3525,0.1024347546866766,-0.19188547377880183
3526,0.32395606557028167,-0.18143274029896633
3527,0.10435801818173895,0.3021282666958127
3528,-0.10215607328542362,0.17158539326573768
3529,-0.0460701696777262,-0.0901007051222176
3530,-0.14892453945656703,0.06305126600841619
3531,-0.2133340569399933,-0.19102328725571507
3532,-0.16555901648702523,0.25505826737601633
3533,0.20182491735677227,-0.1683042594024859
3534,0.1280037081306586,0.2481165372752517
3535,0.026540272334569164,0.16726523463151904
3536,-0.052105355780594685,0.03013831670512493
3537,-0.1058489692267179,2.3822749868773094
3538,0.17395645628576117,0.2768580748203201
3539,0.14856218155269488,0.005190627191282671
3540,0.27469826966230776,0.22378779885417174
3541,0.3157847036866337,0.1144545241129361
3542,-0.10721654489167098,0.28171162286154566
3543,0.09899750675348432,-0.10938369214747327
3544,-0.07129951775782531,0.03376536639542551
3545,0.2385285334977601,0.10302469983827636
3546,0.04375451248961243,0.26155945734167896
3547,-0.22103905958283213,1.68111853686401
3548,-0.7294520893317433,1.073590136660043
3549,0.1291600781007949,-0.16194101323731785
3550,-0.0027077162178342994,-0.19135709117946925
3551,-0.020355131880314254,-0.08074861998749172
3552,0.2587380681216776,-0.15971771750437458
3553,-0.08906902796665547,0.2813098364553396
3554,0.1694904291182458,0.21233880880650738
3555,0.2582986328681739,0.15791810753718122
3556,0.10204889366146017,-0.135327109570294
3557,0.5291310296431642,1.8739361132509011
3558,0.37006303485011394,0.6048970301661436
3559,0.2224242712747763,0.3707462819402692
3560,0.04625146346941094,-0.2793231075252839
3561,0.18103237722536764,-0.07028817014122742
3562,0.029039708403904595,-0.1966738147150715
3563,-0.09423472720547023,0.08981897499098206
3564,0.24168195898359784,0.19099957239965357
3565,0.2094933559459598,0.3228658963694614
3566,-0.028977901883268535,-0.19366494107089
3567,0.1817535144413732,0.08218601546723883
3568,-0.0995243841563436,0.01830699480493482
3569,-0.5254897080409735,2.836946827173629
3570,0.12446335323175743,0.37826730400671893
3571,0.06128610256390847,-0.10232135691674349
3572,0.27489040689871025,0.2218741107389782
3573,0.05365557814651443,0.2872777802452093
3574,0.222893803184038,0.21826411505447138
3575,0.5357033443965367,-0.2816388610744939
3576,0.25372287310716535,0.3190586283330059
3577,-0.3024268463293886,-0.36065501170797304
3578,0.38264438738550205,-0.12838339483652478
3579,-0.4259148267816161,-0.08827303963993197
3580,-0.105181716974482,0.30506343301790406
3581,0.4059629341167275,-0.23891518656632776
3582,-0.14831663160438258,-0.2198541595214838
3583,0.4039822787963761,-0.18854043880995477
3584,0.3892018507082032,1.530196244637476
3585,0.10065979519402882,0.3405913415971471
3586,0.09819378845809286,-0.12969562464001183
3587,0.09156532321447264,0.42898228175035785
3588,0.013278318439712732,0.33901804237651023
3589,-0.12889630513050543,-0.3426513422150233
3590,-0.16633146311146824,0.9327665833533902
3591,-0.14465968746340974,-0.03797536838086744
3592,0.05733282311929563,-0.15416592904561666
3593,-0.8782604281642608,0.004790255505604389
3594,-0.036569798149161684,-2.7036616196668418e-05
3595,0.08279256321209053,-0.1673005801045339
3596,0.056480877382507885,0.8149899755334401
3597,-0.013702097886316511,-0.04052793936078669
3598,0.08974669572053601,0.20228233669807377
3599,-0.04760131892576711,-0.13343781103975666
3600,-0.04055796605135657,-0.15984851291061072
3601,0.4890383869577753,-0.18750208035340782
3602,-0.26935052086821243,0.517192508308546
3603,0.5765360040052723,-0.16381659283102243
3604,-0.43686873994041164,0.22486282212388695
3605,-0.054791250030735664,0.3213731462236426
3606,0.604309605221437,0.05813347170815547
3607,0.36523216930993907,-0.1196977205220767
3608,-0.07097656482196296,-0.2786228112723609
3609,-0.3678924159189572,0.5244111936595207
3610,-0.18107324976653388,0.03151705408423872
3611,-0.009929323610889274,-0.0032588183352141335
3612,0.0021687043244970894,0.22781831899446522
3613,0.08109121745452523,0.025373202650834835
3614,-0.030456892405855873,0.2123675593883841
3615,-0.0740884437141783,-0.2694380400994121
3616,-0.2041694656465903,-0.1418733605911599
3617,0.15866139874990498,-0.14663236947858685
3618,0.004316354720529802,0.20425421768557808
3619,0.07922705383008885,0.15860264936153542
3620,0.33146588627087253,-0.21322451684173255
3621,-0.2097865495270827,-0.11376606909523171
3622,-0.000586916309541502,-0.13136041073243393
3623,-0.29346419541616886,0.21031630359180684
3624,-0.1775408697156981,0.507398558230114
3625,-0.036685205910964004,0.3990328523421964
3626,0.032731637518393183,0.27178697676824176
3627,0.141412501893212,0.07217365566887349
3628,0.029304843530252922,-0.23339464666835008
3629,-0.0684318480204728,0.1489809811330333
3630,0.5379481704116361,1.6645783256062898
3631,0.14944098535699119,0.2809760963961808
3632,-0.056931243292469666,-0.0876290584504721
3633,-0.05142464708792286,-0.2148063857888502
3634,-0.2773884120516164,-0.229489930286873
3635,0.661036591861957,0.500963500044999
3636,0.41295914811962736,3.172900953068536
3637,0.20354716766206948,0.21595243493459887
3638,-0.013424270624600807,-0.18224845527748618
3639,0.2643042965137494,-0.1507835856826661
3640,-0.2343258680796087,-0.22114504000392152
3641,0.15550407340576097,0.6298609696212856
3642,-0.14065139675815522,-0.1869135471006506
3643,-0.006804249456751094,-0.1799445655835188
3644,0.32975010259452986,-0.23381723704071583
3645,0.11403826575530403,0.25681621755711626
3646,0.06812079955633224,0.7232869362289498
3647,-0.13148980256672502,0.8883123825375565
3648,0.27966038488210987,0.05501189505561958
3649,-0.2074308191947012,0.3568864891905979
3650,0.42051995236871037,0.948777450674873
3651,-0.029775931569625026,-0.14907844612808935
3652,0.07996096174209835,0.20741343694419995
3653,-0.3516470574822211,-0.08341627202138528
3654,0.2210235383788345,-0.17820462006416862
3655,-0.07464591662717567,-0.07182253612300435
3656,0.21451698969793095,-0.04910083356511427
3657,0.3152282151001302,-0.2588270218869226
3658,-0.5966734136385785,0.3305695076069745
3659,-0.007787864740225697,-0.22604646318000396
3660,0.3510273381998724,-0.10556434558297438
3661,0.44752623363986366,-0.20000708577712573
3662,0.2993128646501294,0.23462954276905973
3663,-0.22724577616016212,0.12712166949837894
3664,0.01686011157938578,0.024384064187504394
3665,0.05730010234418668,-0.10316586521649371
3666,0.27252359453269254,-0.24018209861917042
3667,0.28592898991621746,-0.05034074585760158
3668,-0.2821835558880405,-0.18117738334417907
3669,-0.38591091165884106,0.09615739867409834
3670,0.11025880375824011,0.33517947660332115
3671,0.16484152343265204,0.007176343718816827
3672,-0.07889892375518094,-0.19743778814026064
3673,0.15543754755458636,0.3752929169856897
3674,0.035584506510965806,-0.01975298864538576
3675,-0.15430542197380986,-0.15333202752734673
3676,-0.7782347982116864,-0.07558534614717438
3677,-0.13297531670190446,0.6293160055179527
3678,0.3401791826138131,-0.1922237684806037
3679,0.3032053758326424,-0.047066432875412886
3680,-0.0027670717995067736,0.25681621755711626
3681,-0.17993883063036326,0.04442931636490867
3682,0.011214050004895226,-0.024991969494953525
3683,-0.034562082911003406,-0.24653351616264368
3684,-0.04153058629692671,-0.2112281328921529
3685,0.1604699579683579,0.6381459489586796
3686,0.4183771930085355,0.2961112242741718
3687,-0.016628208878206728,0.07380991179431065
3688,-0.22891907669892145,-0.22100388869785698
3689,-0.009231595349807175,0.1185151561811878
3690,0.24387458858836752,0.09389503493006411
3691,0.3767670510558637,-0.2069703851396763
3692,0.09606570155223734,0.40110819863954816
3693,-0.12440878386680532,0.09202304707355347
3694,-0.29307847752961286,0.20587684672224177
3695,0.04476350615994382,-0.1310201731876951
3696,0.4453021329551071,1.8087419281788737
3697,-0.9683042015513876,-0.15239198526292236
3698,0.16350280549916532,-0.33995428146087414
3699,-0.05196216086212235,-0.0800967871048271
3700,-0.26715094233643627,0.30921264029343204
3701,0.13577755574612635,-0.2360665551793903
3702,-0.612514876611576,-0.034630922092720444
3703,0.020402593573312856,-0.22916936364890234
3704,0.1126935321910155,0.07232967763230334
3705,0.32075150614640513,0.25927997564261096
3706,-1.7710435637672166,3.2331921322040125
3707,0.13673201960493833,-0.2225491402689626
3708,-0.9240279093293587,1.0674127471721673
3709,0.1352208217310567,0.08558900694609875
3710,-0.14116668353512485,-0.0126096217123963
3711,-0.02958893306391692,-0.19958341590185302
3712,0.13940371591726802,0.08268032344144108
3713,0.2476224502532995,-0.09384766345641712
3714,-1.8578227173826203,0.6548907958074999
3715,0.03687452458747958,-0.025639206113472805
3716,-0.012199030653611826,0.11129350154701592
3717,-0.21257629198094627,-0.14614223618121142
3718,0.5675052971749858,-0.1235579215863614
3719,0.1297661127521712,3.444070026560105
3720,0.12140188201608418,0.48971060368699054
3721,-0.013441844808799463,-0.08417474720889617
3722,-0.18817604355764195,0.04319802926344791
3723,0.18521907918083008,0.04881931395708685
3724,0.11668082633388624,0.18643606421238368
3725,-0.14714086395808365,-0.01701504946010168
3726,0.2152844425831816,-0.25478728062887235
3727,-0.10139151388463408,0.22161136283915384
3728,-0.08599280274776169,-0.0007016703632227895
3729,0.04029155964293366,-0.04710918098730356
3730,-0.06121515735573142,-0.3393114479695765
3731,-0.009435231625061316,-0.2550911722182768
3732,0.1277551507715029,-0.04496991896249537
3733,-0.5424199080176473,0.07645991616036871
3734,0.28773755597855927,-0.12979498987591664
3735,0.2105316583006191,-0.21852252381916165
3736,-0.4497721827688155,0.004213419875299248
3737,0.09229250287818792,0.20150640124864455
3738,0.11589858866280342,-0.20472472912624134
3739,-0.2696379623229056,0.6808355410841482
3740,0.1431339943704221,0.21994730360482664
3741,0.03588843183881482,-0.07868665011566202
3742,-0.05576015154487277,0.27953652442702726
3743,0.03975521877893518,-0.004582752487793965
3744,0.06331436572793492,-0.05219445759169352
3745,0.7361306012731645,-0.3027086295246031
3746,0.06963841353593163,0.11477098520788842
3747,0.22207032946906718,0.06191099599165746
3748,-0.5259551248727036,0.33853969272021434
3749,0.0744703341779186,-0.23577828926488925
3750,-0.03549821367343638,0.24073274728684463
3751,-0.7047642768538053,0.5870170567530393
3752,0.22984302004511453,-0.1965755375928743
3753,0.49357644188526884,-0.22991466301422264
3754,0.21539693194987514,-0.13793063890706977
3755,-0.34725689382602304,0.4009262748223546
3756,0.026106803875138085,-0.1621040659174407
3757,0.328938606012865,-0.12071633103336762
3758,0.0638301535191199,-0.19861234655298224
3759,0.45098965251118306,0.19787777624676622
3760,0.29081613671468454,-0.05496234184393971
3761,0.6632441549069659,-0.24220755945076636
3762,0.017498392821614386,-0.33285505346287914
3763,0.06517914694038693,0.2910432985324819
3764,0.4374645902321019,0.149293464943492
3765,0.012104647052166814,-0.1065597120975587
3766,0.3658149179517521,-0.06096654546331683
3767,-0.3057151977954303,-0.18798728926334785
3768,-0.17056627983881684,0.14702272886974738
3769,-0.48166910254871176,0.23574687407635114
3770,0.02099653782968517,-0.11914372484579334
3771,-0.04294006003029251,0.294742746150359
3772,0.5681352957835262,0.08587622376352941
3773,-0.022744205527251864,0.13766055473240832
3774,0.21239974744886542,0.09811039644257248
3775,0.14438180215777108,0.23269167375594052
3776,0.03228842399659724,0.2181497270852734
3777,0.07609824550928115,-0.14705679775720001
3778,0.0018565316386618736,-0.02200605195620984
3779,-0.2335208454439786,-0.42295369350563145
3780,-0.6043321553570593,-0.06987170335255685
3781,0.6603851400407994,0.681703034308257
3782,0.04416891390983524,-0.18360240181574883
3783,0.3427985367515288,-0.019335479383311326
3784,0.14559011961613813,-0.0161034457066877
3785,-0.6823985743122158,2.3148374667279414
3786,0.12153262526110128,0.33138961423098745
3787,0.2118232594724022,-0.08756479886361335
3788,-0.10148542650468037,0.34769728550018775
3789,-0.10150398685026885,-0.3969362954183314
3790,-0.19796075418272982,-0.016175254094216166
3791,-0.1298750840218018,-0.22990127873598737
3792,0.11004090429849953,-0.05517335864703873
3793,-0.054018572502349274,-0.17814894665900538
3794,0.18296253585639172,0.2563596182250879
3795,0.055907287768625455,-0.13937839169205374
3796,-0.7077649513132613,0.40488564668771776
3797,0.5685265212385244,-0.2675238266698631
3798,-0.08178609460801904,0.251965834065775
3799,-0.03765383221652784,0.19031836870149807
3800,0.3451723906542185,-0.12047966498646581
3801,0.5602634599358083,-0.20338549467703665
3802,-0.5090153376540437,-0.026485421732666502
3803,0.8188226363957583,1.5555243628670583
3804,0.3880918393179239,-0.03851477212004718
3805,-0.1280581480131908,0.15583260239477364
3806,0.22921129405205742,0.09064423306751074
3807,-0.737281220889715,0.6894000603647988
3808,0.12173585277006913,-0.18012498498428783
3809,-0.0915044415373117,-0.34168078977536986
3810,-0.07459948634940824,-0.32948290088042187
3811,-0.06399261329684298,-0.42132006691612
3812,-0.017526389105371513,0.2571619530404884
3813,0.13989580468925406,0.08431823176824087
3814,0.38722245745518613,-0.2575337711692065
3815,0.03984306697946076,-0.3583995873530634
3816,-0.33281091207570085,0.851464415419826
3817,0.3949091769648743,1.5371047994875762
3818,0.29976542417612484,0.42293838629254515
3819,0.1931659776113836,-0.1303128888696978
3820,0.5496150656810961,-0.3010037442713275
3821,0.718867712859075,-0.20617942601348477
3822,-0.7727239358563178,0.17509543469026845
3823,0.06076222992267115,0.9523208654651377
3824,-0.3191099036485884,0.0415468791356428
3825,-0.0896805087245014,-0.004737909068483942
3826,0.19827136580181826,0.0054762021164223035
3827,-0.13517750013970337,0.5712060173089146
3828,0.5759935471235531,6.81716599587425
3829,0.13905233751168816,-0.29077377705783236
3830,0.11491945560246855,-0.05477008482802548
3831,0.23310800331661782,-0.264493512969714
3832,0.11751455657569607,-0.1454541169411121
3833,-0.03048097423091133,0.030335127747465336
3834,0.1417152810821819,-0.1833156202158014
3835,-0.5307443803718622,1.2950218625556922
3836,0.13124637984846516,0.2745842422401871
3837,-0.21249860686552932,-0.33667357893941835
3838,0.20647770147999545,-0.16524639611783315
3839,-0.0194169475174585,0.26142559689460176
3840,0.16058674389844602,0.09121427221136214
3841,0.0754884469083088,0.2503696081672938
3842,0.06376591769050363,0.12060418740594377
3843,0.2579436151912756,-0.08275868600043645
3844,-0.10299866156024189,0.5424689825365132
3845,-0.012310229388360955,0.22168647974343184
3846,0.37098317151478477,-0.15992535874827704
3847,0.10437342749081231,0.13057697437192775
3848,0.06277378969488431,-0.07862991744478101
3849,0.6420030664966798,-0.1634677143484392
3850,-0.011303944767055379,0.3453099500340998
3851,0.024245194717835376,-0.2664498162443
3852,0.42510846195492347,0.05155423102627611
3853,0.2920151520247349,-0.041905231366723736
3854,0.39590008566722473,0.3926775473590554
3855,0.1580978942337637,-0.2944376013660191
3856,-0.1031824971421281,0.28177660185313413
3857,0.07547469205203425,0.2791067003881221
3858,0.14088331937620802,0.029012920577953193
3859,-0.03563435601882825,-0.02281297471193374
3860,0.18387847414423972,0.08154768667418145
3861,0.2104297729329807,0.24547807224108395
3862,0.16229513643847687,-0.12175655626249111
3863,0.10848948728853296,-0.13748363775352926
3864,0.1094423925904909,0.3159857676722497
3865,0.1850648665275968,0.26093501428572086
3866,0.5534785346816605,2.161875297833357
3867,-0.010767024260162184,-0.026796613589840423
3868,-0.16146648339224767,0.04103538656819277
3869,-0.10944964762826734,0.21436825550506064
3870,1.1589045459217064,1.0498661099194062
3871,0.19805424097534824,-0.07356153357140852
3872,0.08500044953608765,-0.04156534487493376
3873,0.11971370973456405,0.530953214073271
3874,0.14110643724679045,-0.023261521829655872
3875,-0.10352263445694787,-0.010916134926641067
3876,0.5092076929147271,-0.21548864554827457
3877,0.524199946292815,0.19289234405514916
3878,-0.0074520422533028265,-0.2418840267197965
3879,0.09254599721083298,0.26618350944033975
3880,-0.2416785898327179,0.006860169000924447
3881,0.060209943265730835,0.37061530032473794
3882,-0.1860561577435658,0.24940702699436854
3883,-0.5395835364504797,-0.2237140316983654
3884,0.029812467256341048,-0.2809045459717407
3885,-0.6058700568182258,0.2567976342715713
3886,0.2060927308202075,0.26720056777981666
3887,-0.044437891014503586,0.20004671604446211
3888,0.801908125105685,0.18489764941585268
3889,0.24552891609686855,-0.29092246430594154
3890,0.045031951318347176,-0.30785527423632747
3891,0.2708072569437466,0.4008434973451166
3892,0.04484306780934218,-0.18556845504631708
3893,0.4404514556418775,-0.2642392724860937
3894,0.3435416219122319,0.33760983907953823
3895,0.1639220142643812,-0.18014789126025402
3896,0.02538731426154548,0.20042957060277006
3897,0.29784759334691785,-0.11228515679778912
3898,0.4710206091559475,-0.1603535604214011
3899,1.3231469918560472,-0.16540730131785947
3900,0.17083157784784636,0.7140117011879199
3901,-0.14001669178626167,0.1832442709291021
3902,0.05980495871558712,-0.021363196207324898
3903,-0.225813705574814,-0.14613644358722205
3904,0.5835338375783238,-0.23251852227304304
3905,-0.020133132949216186,0.18264579450470805
3906,-0.12582906772898375,-0.1122788847211019
3907,0.7775701506287905,0.2123678880718279
3908,-0.0010825856161748415,-0.15493999832274521
3909,-0.05810017928026997,0.220495187956323
3910,-0.011961218318549927,0.12379509142223984
3911,-0.23007744751928905,2.8296202032520967
3912,0.08322511818147003,-0.131412170677691
3913,-0.17908807783536845,-0.16600000327479605
3914,0.1887073083501791,0.256726795911031
3915,0.024937077213049535,0.24897901858047183
3916,0.2781789390369212,0.05372123256172975
3917,0.4033161588280949,0.14801455242678446
3918,-0.12575240680106486,-0.4236364910356425
3919,0.14545013635260545,0.11088061099229973
3920,-0.06841308602044376,-0.11295649816874043
3921,0.04549446415060419,0.2731146259384791
3922,0.08305391608981427,0.19828513368559136
3923,0.2634924799816693,-0.31648745023486685
3924,0.042735465164387414,-0.2160498343784468
3925,-0.012784519243474679,-0.19478946347908624
3926,-0.18539438502124833,0.021668429433184304
3927,-0.1276043746532876,0.4155053890494183
3928,0.2732011375006582,-0.13796933568007536
3929,0.10480464807582598,0.072787845978011
3930,0.05565341526484433,-0.05418161911012802
3931,0.011202496694750702,-0.11847755562775827
3932,0.05022222328948199,0.054948145239968646
3933,0.20514063304421307,0.2949415257571807
3934,0.3196438836502896,0.3491360515812719
3935,0.15645330073662664,0.13338569170477585
3936,0.8102278347437224,0.9245827275048482
3937,0.26572420562738064,0.12149888981230246
3938,0.18435333438824048,-0.23007152018651209
3939,0.0025940621696519616,0.3079641193917712
3940,0.1569895835327252,-0.1035290629954213
3941,-0.1937306682585234,0.5374593559533547
3942,0.07953010584426401,-0.10237374368488292
3943,-0.11483833681929098,0.2107273135250661
3944,0.09089873638859,-0.33420009023280006
3945,0.10668067710422915,-0.07708093647784578
3946,0.13568114429286676,0.33901804237651023
3947,0.10597953564991344,-0.137078519231304
3948,-0.11653078639730727,-0.18780171145925867
3949,0.15832605458867988,-0.16749564364084554
3950,-0.01747572389946167,-0.27278909963277764
3951,0.1747490919896064,-0.12364938311465741
3952,0.04818270978815485,0.22329427899520837
3953,0.08631900656340455,0.07565797955149503
3954,-0.11645134372340511,0.110171970971219
3955,0.05800065032149595,-0.09424660851586256
3956,0.07903111415217415,-0.10849378675444514
3957,0.12848681390989686,-0.20308468135694926
3958,0.14270872503404952,-0.20040382758006955
3959,-0.012754322652444089,-0.2402421359377238
3960,-0.28354278422781326,0.29233671606222955
3961,0.13739542455886605,-0.1083346334310464
3962,0.4836774954369519,-0.10297950513471825
3963,0.03415930209096459,0.18534206257064695
3964,-1.5704180822192069,0.3714284752431839
3965,0.46721231264243696,0.28287031009224933
3966,0.20346098923620426,0.08717328731298106
3967,0.1649687598531069,0.1274236648368376
3968,-0.09743492009497862,-0.19859921096310418
3969,-0.04265238111298129,0.016004347059649128
3970,0.38218612939366703,-0.010828572921222166
3971,-0.2867674303401346,0.28567285878721604
3972,-0.21513003069380834,0.09379888355526927
3973,0.034242975700746706,0.33901804237651023
3974,0.07127331811420981,0.13310298199625023
3975,-1.1490987377469422,0.5710862644817848
3976,-0.05756533168091096,0.27625183200769954
3977,0.07729324800668094,-0.123711693355034
3978,-0.05080597089374472,0.2234620935094545
3979,-0.08440289144520971,-0.05090292464516134
3980,0.18266747716151607,-0.11473392023611442
3981,0.1960372361121489,-0.10415842741087104
3982,0.276581299590352,-0.31598476635622214
3983,-0.32373757121536906,-0.02487366739886891
3984,0.2698897419496723,-0.24388454854933922
3985,0.05003624968932,0.22325057004129073
3986,0.1661674072753167,-0.2588013336293669
3987,0.136372356567351,-0.17123333366713483
3988,0.11549623807808033,-0.15588290326846918
3989,-0.05289166241585276,-0.2027286822875191
3990,0.055002594516791695,-0.17658792642388754
3991,0.2501772037900504,0.07539403142225745
3992,0.04533322793655083,-0.1932110929769274
3993,0.10173222117661185,-0.10508199029818226
3994,0.25754736791502514,-0.27654087175730896
3995,-0.1487591722865234,0.2589092694131235
3996,-0.06940659637298496,0.3604657680612682
3997,0.5707962985901301,0.029173818397379796
3998,0.28137093051499706,0.051020942921913795
3999,0.8212149722959385,0.18683162757619073
