,Y1,Y2
0,0.32864066452535956,-0.3555190368951817
1,-0.15844890201496617,-0.39690540249852524
2,-0.12981234778732106,-0.30031167289081395
3,-0.2858503548616174,-0.14082697248835985
4,-0.7578210227014136,-0.22561015406656354
5,0.28171774432175817,-0.23745376023429549
6,0.8856593717263805,-0.2291640539553813
7,-0.1317239404610574,-0.3348605464979367
8,-0.5984646442058243,-0.3047514807606386
9,-0.8455194162423478,-0.2894943758088917
10,-0.9901116087066002,0.06846970424314472
11,-0.028164776585794082,-0.24815869353070133
12,-0.4367200405603461,-0.15580043613521952
13,-0.15320444907229275,-0.18479918241605456
14,-0.06052903655764763,-0.14171551808521538
15,1.0991560727769756,-0.25461808013827264
16,0.6873624948215833,-0.3611484411945136
17,0.8506512903279642,-0.19503235667473384
18,-0.35604646280203356,-0.3134203268200155
19,-0.6243951283146995,-0.3312083108339688
20,0.5115069146126094,-0.3262327785773693
21,0.5985762937694594,-0.21707988644768295
22,-0.701277866358424,-0.3846424495475492
23,0.5515220175969175,-0.41228397933606403
24,1.069151240623964,0.23414388170642303
25,1.003997239233482,0.8075648003083821
26,-0.5341627478061578,0.22191557267842738
27,-0.32903027047693656,-0.23275270272905715
28,-2.2084619751480017,0.24942841253701975
29,1.8681751902197068,0.5180269377312329
30,2.493063717355106,0.13408387684709983
31,-1.3046779986462582,0.04117052213259764
32,1.1609537137441217,0.10300557202893335
33,0.9138427262959863,-0.004292071672666001
34,-0.2236447122938015,0.05036317364954507
35,0.6542617562539568,-0.06739570849558572
36,-0.43366936547708745,-0.1726519997621701
37,-0.307215677033609,-0.29199767879563265
38,-0.3598649985105304,-0.2433072338590727
39,0.9906765431967698,-0.38034026935075066
40,-0.6505334991766002,-0.31950101401942865
41,-0.34360937421762244,-0.285177226222238
42,0.6996477827774894,-0.3596206640307747
43,-0.4168515266593186,-0.19427367716674665
44,-1.8767241376497459,-0.10486605595441509
45,-0.04944791237122904,-0.09047227004802662
46,1.2450589210877843,-0.23494226496087217
47,0.6400437080499607,-0.31876967943997037
48,0.3183298464149735,-0.22913441919990343
49,-0.3461244170444161,-0.3060798685163658
50,0.2604695513016029,-0.38770573054977675
51,-1.1510849606397373,-0.3789349655461278
52,-0.3080072029340043,-0.44289741424314505
53,-1.0568821255082712,-0.26971407760588256
54,0.5849786780288386,-0.4048113914420941
55,0.45803129874439413,-0.47936922625040573
56,-0.13966110373495016,-0.5094494596528234
57,-1.0541710628184604,-0.3724225607956385
58,0.665515953291885,-0.44474347490624455
59,-0.11410167616729858,-0.4665540722364876
60,0.14608996009797526,-0.4338758791556069
61,-0.2922896470771403,-0.4806911547119456
62,-0.5842552823710798,-0.18597165253845743
63,-0.20369184342352342,-0.2680285569552656
64,0.017231633420364156,-0.4096722410057304
65,0.3385320861727909,-0.43572316441730996
66,0.46559296929434035,-0.2984723442428864
67,-0.6661890656031242,-0.32476677721545244
68,0.3209903008211075,-0.35795205048833356
69,0.0783793869223014,-0.169105481577324
70,0.02150698396258994,-0.1477334908820599
71,0.6026353970972943,-0.3580560482080343
72,0.17779161115355696,-0.4017901417793406
73,-0.1776751395622392,-0.2029773465112879
74,-0.4768638103634522,-0.2818947636421988
75,0.42977792671187737,-0.33691533455680855
76,-0.5433916425493123,-0.3719954800302653
77,0.35848729093208376,-0.4277443375944644
78,0.6226629484449879,-0.4330920180295701
79,0.1554869032904974,-0.32598055838832063
80,0.23825628242273472,-0.44540682416529936
81,0.612425339872363,-0.3620480130130581
82,0.3100111835558891,-0.31166290472568026
83,-0.36575866985455663,-0.2998554216196766
84,-0.21834965559541303,-0.3722138118058199
85,-0.03922996338652099,-0.4361598555383021
86,-0.17551902729807958,-0.441329806674105
87,0.2877752713319711,-0.48183121244547267
88,0.3888039402760211,-0.3669438216241247
89,-0.13525791954968566,-0.43304090318276
90,0.4184500582421807,-0.43277311702311216
91,0.4619501456440614,-0.29813460021394034
92,-0.5441845877375705,-0.43391866501928467
93,-0.5990655503896747,-0.3995437156391277
94,0.12586604576471477,-0.3234451095664938
95,0.501828622971976,-0.41028162472744806
96,0.8037198526833395,-0.2565117807906012
97,0.17612349249757212,-0.3988740805336505
98,0.04401258708429121,-0.331893540132395
99,-0.2102955812353762,-0.39084074536435626
100,0.25314705969422946,-0.37230777430749507
101,-0.3612850270524771,-0.3511678956401772
102,0.9819767270327189,-0.25039103009147173
103,1.2544960715661315,0.08223906703032044
104,0.061811563156277276,0.1916564650111824
105,0.6249597574589438,0.027634019262479548
106,-0.02856272890202418,-0.0053092500921069485
107,0.2654652950061026,-0.17377601925188801
108,0.3403998873202827,-0.3003566770728939
109,0.016016331459444123,-0.39354501233887235
110,-0.45775872860818045,-0.2858404598843958
111,0.25472985728165864,-0.34491979254731886
112,-0.8120854948747084,-0.08316790551885504
113,-0.4186249338344683,-0.2055911421651827
114,-0.40010110972621865,-0.07369913663381218
115,-0.1381558882497469,-0.2730256799296925
116,-0.4711582441094824,-0.16452396541893533
117,0.046487408592643685,-0.34226175069233533
118,0.911714710044623,-0.19098290838382387
119,-0.29548395308401865,-0.317014694454089
120,-0.9557075660503616,-0.20312158655282708
121,0.05913247794346105,-0.26712023317744654
122,0.5232828781077252,-0.3374174910787143
123,-0.046855831296864374,-0.3466505803093237
124,0.11675578082389818,-0.13407904008476784
125,-0.22802533470103606,-0.10472881173401889
126,-2.554455292796714,0.8092040321509121
127,0.5992728974307375,0.2042053160818852
128,1.5473540826301508,0.12025949523602236
129,1.6340640756851648,0.2646786051139072
130,2.1395588502858693,0.2359056646159815
131,-0.38833083965515625,1.1937313371059695
132,1.2973094005261574,0.539210391684094
133,-0.035511721168126904,0.16982679441905468
134,-0.6174435999774877,0.19796805294006087
135,-0.7229133125068921,-0.10664701405633845
136,-0.0564818364508628,-0.18967230583640693
137,0.3398849102733094,-0.023205558967965875
138,-0.1076304658095165,0.23652135167682053
139,-0.1285099521495137,-0.14728516274398956
140,-0.11796773912344727,-0.3171750088572487
141,-0.0665422565591216,-0.297770556174038
142,-0.8783946463586589,-0.22763619677058702
143,0.0129407477043739,-0.2993547961963786
144,0.5375212491218465,-0.3875472060937936
145,-0.11759385812049264,-0.3239476506143172
146,-0.06516698520777871,-0.38900580225311493
147,-0.6954151456724416,-0.4097762207554075
148,0.20087737920361642,-0.37938870728350194
149,0.07008254479322397,-0.37622997839067873
150,-0.052409547485320264,-0.39733669945942013
151,-0.3734100397855643,-0.362247767938115
152,0.25533198699973175,-0.430977821602066
153,0.7842000899458799,-0.36351534368314775
154,0.32925235790044277,-0.4328749512597879
155,-0.28523867235535977,-0.4686315741501574
156,0.3043376200544296,-0.43873134958380494
157,-0.4360157452584616,-0.5043331151959692
158,0.46245489557082875,-0.4264145178302829
159,-0.15928151384934874,-0.42425362966675206
160,0.05640946603904736,-0.3313317250495956
161,-0.40213681885102165,-0.43441843035512745
162,-0.37996355855298325,-0.39522833198579216
163,0.9535202807314584,-0.45360607042863427
164,-0.15533345762811385,-0.34940072617121354
165,-0.3766184667280467,-0.4709874746185092
166,-0.4177709564634369,-0.38205862413279157
167,-0.24235032899528092,-0.3970511041640773
168,-0.11449640024190119,-0.3847851278520545
169,-0.2872515610453637,-0.3390507475285288
170,-0.46037982795230303,-0.29133542258531187
171,0.04752351336198605,-0.37098141442863136
172,0.769491615207586,-0.3598433594349659
173,-0.2629537639415756,-0.38704765184301926
174,-1.581320102454155,-0.09779157718791864
175,0.24924064559931175,-0.24059504908203816
176,-0.3353116298915625,-0.32915096438044816
177,0.007747959570802579,-0.33893237718190095
178,0.6828256466643865,-0.3808162585782866
179,-0.22924776399468005,-0.4212843323793658
180,-0.32294996384092883,-0.3176476972425068
181,-0.23020713256032307,-0.4110910060495096
182,0.48512924387500816,-0.41618465549978617
183,-0.12639216429521388,-0.4463689077752331
184,-0.604820001407025,-0.40791874961466934
185,0.4665135862297364,-0.39855617400772475
186,-0.9668158056301999,-0.34279451552197787
187,-0.623596619950423,-0.20839008608276047
188,-0.0014557946773079509,-0.38190276886262675
189,-0.5169645580103489,-0.29414272724829155
190,-0.02178656812546518,-0.3373681046020176
191,0.4677417757001521,-0.34786151873880444
192,0.5014502758782189,-0.40397847751288807
193,-0.8531100096876423,-0.3528110597208919
194,0.030614804878073602,-0.43670036087333897
195,0.24762821684427827,-0.37819208846487024
196,0.4929003381616102,-0.1169003148908597
197,0.5130147653838426,-0.2711688951324192
198,-0.14986981010689107,-0.3531146465151511
199,0.9898062237518269,-0.13668913633201762
200,0.24457898473737982,-0.34125212104611374
201,-0.20171487143756855,-0.4042812638461139
202,2.027099613481217,-0.1713137357011199
203,-0.7929327594879639,-0.26462027075177497
204,-0.32975841874757794,-0.3405875058157425
205,0.09378003861386419,-0.40492681932621155
206,0.18345011223039687,-0.3415515995281273
207,-0.06237842445805783,-0.3555830223665851
208,-0.3645128458721873,-0.3778658064844431
209,-0.4602689946844775,-0.4256486662212513
210,0.127723601092414,-0.3753420905657483
211,-0.13685089130410527,-0.43165936817781814
212,-0.28181913575572215,-0.4415167990384131
213,-0.5450788337814282,-0.4643236723169033
214,0.4030165805792113,-0.2788746530711651
215,-0.6884857043252209,-0.34574531665425234
216,1.2684527690006366,-0.29092791650794925
217,0.49404260563242197,-0.28552737469274375
218,-0.8282945982224824,-0.3392050845576807
219,-0.6675725235457289,-0.3505500422196632
220,2.427125345342733,-0.048973242880419335
221,-0.5782004761711728,0.3640416831072904
222,0.37854279588744827,0.02137551175117726
223,0.9881168896684487,-0.1778748811550774
224,-0.41944274884467786,-0.30202962613183304
225,0.7502211099883238,-0.18807661722530095
226,1.1051653073504197,0.369683517193797
227,0.8138677234976288,0.17007296640517472
228,2.312688697617838,2.3008185524493534
229,-1.3701354061929945,2.447878138517521
230,0.4457384005105161,0.37406669195117975
231,0.08975857756193475,-0.132458300573089
232,-0.19121596899106516,0.024288555034481796
233,-0.025455005971456113,-0.098786610426684
234,0.43796870350616385,0.14944881764467802
235,-1.5865429216261329,-0.05341339682599319
236,-0.5925872982606212,0.10425484572890345
237,0.15599037141900204,-0.2267301329767319
238,-0.1559934799006646,-0.3390979395725019
239,-0.5457342772990313,-0.39126163895817323
240,1.0448285255642247,-0.3725344513193114
241,-0.7926494735577017,-0.39593676624840674
242,0.04879971664960312,-0.3822087768802669
243,0.08797943558262725,-0.3818651952257308
244,0.15001784042655208,-0.43472963676692317
245,1.2527996457796466,-0.3031162869580287
246,2.5268766377728835,1.4761606243584793
247,-5.268874155842246,3.748452835666244
248,-1.6868759400487396,1.190966465863831
249,1.1906501157679301,0.13277267772456358
250,-3.307983281107013,0.4074903394171474
251,-0.07366175760814339,0.10737621029223351
252,0.4943209592879988,-0.2757156188730062
253,0.43809943896068954,-0.324892875287826
254,-3.8369391454829307,0.8053729193604338
255,-1.0554949661253172,0.4752878503462461
256,-3.0408671293813705,0.9160640582786742
257,0.46541407066389046,0.37915554916583616
258,0.1457375043232088,0.564550781486483
259,0.575075102088615,0.312143223596083
260,-0.16957070229056734,0.05263813393036093
261,-0.7788934214713953,0.2280925298484937
262,0.9598911540021345,0.3626104175565743
263,0.6076341834704797,0.35928888697293515
264,0.9952406234962992,0.18692138130333535
265,0.20486622598267518,-0.25917636744448524
266,0.453749327266986,-0.17890609187238157
267,0.2922862451286411,0.09805281824253709
268,0.5265996871036457,-0.14503112506217417
269,0.2630807884965008,0.1991879792196642
270,-0.07438588938193147,-0.20449626990644448
271,-0.5784175963925893,-0.15277637555905382
272,0.6248559162966548,0.03979967050270883
273,0.4415115278573132,-0.273097877723415
274,-1.0595789478391013,-0.22432848079509737
275,0.3215404978489592,-0.23841691908961066
276,-0.7886548201635109,-0.2066219746822778
277,0.42008288280885947,-0.2778417786846815
278,-0.07845286720307967,-0.3295704520319639
279,-0.3173482990881982,-0.4064661568910385
280,1.3249877669709098,-0.2421552665304491
281,-0.3931549953621546,-0.434579943944197
282,0.2523714627376868,-0.2122584595191115
283,-0.32449198327098205,-0.333896962136352
284,0.023446420795506767,-0.36068096433452246
285,-0.6330173582428361,-0.28454696673661306
286,-0.017274617779204922,-0.31607990621900206
287,-0.22456818517953034,-0.25450157021383646
288,-0.4975648251066164,-0.1844186873866886
289,-0.6201517367307549,0.10150889845237707
290,0.019096873231922634,-0.1750067473608865
291,0.8566656165083152,0.08693511033390494
292,-0.6899953676579822,-0.06926250364859589
293,0.5042701605764467,-0.14641274250493116
294,0.5396109410526638,-0.02958649636358747
295,-0.35418120597850195,-0.1477490887334213
296,0.2668537977388488,-0.07512303437110815
297,0.02794051232068602,0.036043326527239294
298,-0.28268379077727435,-0.17547443302230475
299,-0.00968304267988838,-0.2939088667745038
300,0.46937175845218354,-0.3649758059084147
301,-1.0125427320057916,-0.2537636373577197
302,0.2331971180020811,-0.23983301886812125
303,-1.1621900353180714,-0.09501385303543083
304,0.042239572429853996,0.4491134294010022
305,-0.7228553323678492,-0.15455098128997813
306,0.574570845799701,0.004604521216056687
307,-0.8312594426106056,-0.2882495156868925
308,0.2749775077424404,-0.3145859080265685
309,-0.38029735171795204,-0.281878196885257
310,-0.1381453154296553,-0.1416632644907804
311,-1.4767776439803935,0.0425150838061151
312,-1.4161154608326156,0.42272931053304896
313,-1.1927798394708247,1.0503781752037855
314,0.02466255562540222,0.1803827116432522
315,0.4853432882106271,-0.006893689629885569
316,1.2807908960396241,0.47541388839541443
317,0.2359441788833503,-0.01436353437080247
318,-2.2996422957246705,0.4114010479607553
319,1.5552599204580755,-0.023217411537404503
320,-1.6196510903694414,-0.000625573517426134
321,-1.0864906903381737,0.3630901039704142
322,0.9008786849801728,0.05019929619569488
323,0.5029808418309242,-0.12863261725126895
324,1.067198925691397,-0.13225375147373764
325,0.044418885339121326,-0.1621037107037291
326,0.42607279296092426,-0.09037751330382651
327,0.4548471859159436,-0.2708176638670551
328,-0.8365662919296906,-0.27462606045169646
329,-0.6213291263768344,-0.2726596221649118
330,0.26172230737245245,-0.34507841000270306
331,-0.15120049615907355,-0.3595371505761363
332,1.0846204635677639,-0.2889847636946995
333,-0.7951691322528095,-0.3592419697859123
334,-0.5220654728404617,-0.24001210266017628
335,0.31927847249649005,-0.14929515530427756
336,1.5494899637033723,-0.00947005390123272
337,-0.12693316904791638,0.05111934824493031
338,0.468329567789797,-0.2973203480093222
339,-0.9347442972685783,-0.2834341470887126
340,0.8612138496786047,-0.3950186262365285
341,-0.6862106216705115,-0.3502739988499981
342,0.19982990987517446,-0.27529091912997394
343,-0.7524241891848156,-0.38440846050695315
344,0.8166119487982901,-0.39635954612925917
345,0.8362684770616323,-0.26487951456117176
346,0.2833848836495872,-0.3221651882618303
347,0.15445492708041686,-0.43431765146902485
348,0.09417446457601605,-0.4463490104087364
349,0.7640008453565331,-0.3806423366681696
350,-0.0853038354407768,-0.3396394829053669
351,-0.06881691688165589,-0.4070457365486717
352,-0.006162986612069937,-0.3898857935200241
353,0.08731713563756703,-0.45000357887611653
354,-0.6613344222312459,-0.34554354994126824
355,0.5989149268211271,-0.46835381226555284
356,0.23291114022200388,-0.4245431272956145
357,0.9305850800976433,-0.3017465100100022
358,-0.46307723603053313,-0.21174219588714482
359,0.8117587327119861,-0.3494124732401869
360,-0.22588639458036505,-0.3208821154213958
361,-1.0194305107608532,-0.3333826748095148
362,0.5025809729085172,-0.39783512574320257
363,-0.3344121829357154,-0.4179162844886536
364,-0.5191492623202908,-0.3902957569317982
365,-1.006188524295967,-0.2409965240243328
366,1.5108245606218296,-0.32966146582491995
367,-0.4319248328333059,-0.3540415224978031
368,0.10038642917682936,-0.42440741288195427
369,-0.12605345780386204,-0.3680605233683288
370,-0.2140117629945289,-0.4145535099085124
371,0.31228963655202135,-0.42176710092700237
372,-0.4239624891948445,-0.43709249108571896
373,0.27447061208427054,-0.44962145761392636
374,-0.4423485925077006,-0.4142252060874028
375,0.3317252787312822,-0.46125960968838425
376,-0.29457883050639616,-0.376748752814436
377,-0.14810990103784533,-0.4473416137587619
378,0.36195536261271677,-0.37154280776919946
379,0.8522974966466443,-0.4110453927552016
380,0.5507311417366634,-0.35487029592564356
381,0.05794121403725427,-0.0652334092673985
382,0.15212751478019826,-0.08993943834517489
383,0.016397494182769194,-0.3064360882781863
384,-0.6040020402627649,-0.4347664021566803
385,-0.24606143995351143,-0.39464674194098215
386,1.6675225537117677,-0.1284458858923202
387,0.27605797160987433,-0.13402749547361556
388,0.32560561951295103,-0.22936616306914479
389,0.7818794476431915,-0.12384098687688325
390,0.705737235283368,0.01657881084977153
391,0.20369196472353507,-0.19510778653367028
392,0.4169114764269414,-0.29967734128333373
393,-0.34050015165247516,-0.16455047947454937
394,0.0011271940521117643,-0.24928208533141544
395,-0.2272474004812924,-0.3456489131769627
396,0.49875647451168775,-0.2860270913206502
397,0.07223078040844902,-0.32834841138427584
398,-2.4955869459463735,0.06180718333363211
399,-2.322297466363851,0.5258933124257055
400,-0.5318147979490992,-0.009665299226003357
401,-0.8588497865164275,0.26018749304350897
402,-1.0931379205725158,-0.023633016443704816
403,-1.5749156948323697,0.09775485104472431
404,0.44475109571885796,0.026587756753989528
405,2.3358727990803203,-0.14624052180957245
406,-0.5919553240057905,-0.13364048789613311
407,0.06668450440986026,-0.20338659374231838
408,1.1634046668904685,0.9691665759450591
409,0.47191787808576613,-0.1719120330128772
410,0.1465822315045919,0.02555152992915581
411,-1.1349705457209378,-0.19011057024076788
412,-0.7950644285207755,-0.06783933316258448
413,3.2530837974814806,0.22468515189494476
414,-0.8828486207916109,0.08435777258807814
415,-0.5117606581182744,0.0010210645160093484
416,-0.9800173275400391,-0.0842158687285954
417,1.0983536743479108,0.2059028238298698
418,3.0411424335700032,0.924662864616327
419,-0.7975374294175674,0.7373452568420776
420,-1.45623664235925,0.5307878379998893
421,-0.04708091803708452,0.1434346965813009
422,1.5031392795386593,0.37262409794615414
423,-1.420470621974252,-0.10832478923461779
424,0.3169340801457121,-0.20293725521691802
425,1.0639653636220465,0.2758289626350709
426,-0.9383309123347883,-0.04137248956863451
427,1.0756056616945333,-0.10272887004633888
428,1.7995010045449287,0.35194395847248716
429,1.037118970843381,0.1638888593929076
430,-1.3030067004475048,-0.20168452266879888
431,-0.10333786215574535,-0.24133754548330388
432,-0.24962341363221818,-0.2212303998978896
433,0.009032028619814123,-0.34302518986016495
434,0.9111732975202909,-0.3358697422086857
435,-0.28455091459828186,-0.3671204906561847
436,0.08106288407060178,-0.32691911895335235
437,-0.5829801148328638,-0.33939864407508696
438,-0.3294033527511184,-0.35157067679982096
439,-0.18623598692038376,-0.3601112523961675
440,0.8731609159694369,-0.29329141403839576
441,0.25209602458936814,-0.38100794661451287
442,0.27621181162404523,-0.36500806541347175
443,-0.22939139059804362,-0.4041317187820148
444,0.7038401174857375,-0.37696780134802393
445,-0.6055219714266754,-0.3929792909645837
446,-0.014336606546046958,-0.4255005054044829
447,0.06923024695774974,-0.43707082039634526
448,-0.26294456436359753,-0.47047898272940003
449,-0.13219162594958775,-0.4659117115234908
450,-0.7538791358421094,-0.38365022406077853
451,-0.28839786857259403,-0.318753716069593
452,0.22589608896103944,-0.4202204840982462
453,0.2929063463358304,-0.4455687376902664
454,-0.46712494812286176,-0.417834761310435
455,-0.0025095422351972788,-0.44305743316047314
456,-0.7031943181793814,-0.39060430402357077
457,0.943250862014368,-0.4378408461879872
458,0.45785172800468055,-0.3875659561712036
459,0.5750397349900706,-0.4269312160834657
460,-0.3356285780461027,-0.48430775439671225
461,-0.3313441095510331,-0.492363048569037
462,-0.3012021924773986,-0.4285819558510239
463,-0.3345411488572618,-0.3901838024821388
464,0.7562339494618966,-0.40695581627926636
465,-0.3951884342049478,-0.49764416428328134
466,-0.43775878650813244,-0.4561695017690324
467,-0.29113147384923244,-0.452759668715912
468,0.0011602467542040384,-0.4740653657760428
469,-0.25379843533658325,-0.4545465784240542
470,0.47427825471087026,-0.4109969203666679
471,0.09949008723280753,-0.507836084214155
472,-0.39142444906010254,-0.4440860434332589
473,-0.2699770880751566,-0.4104589570579449
474,0.18632034601490613,-0.46304557655413625
475,0.369786322225053,-0.489951602126093
476,-0.4308732462029517,-0.49793326659004233
477,-0.20032777934121487,-0.4920878087928572
478,0.023042440593726732,-0.4902073787943865
479,-0.13667630104058814,-0.494084056262243
480,-0.7509684305292014,-0.3831754499190804
481,0.286035661868182,-0.4182412201663918
482,-0.2474963892395067,-0.4240868272769736
483,0.506743864321216,-0.4491374348403072
484,-0.11084931577399103,-0.44329418104745594
485,0.14898962045812847,-0.44594330688635964
486,-0.08261162754414184,-0.4844359198087379
487,-0.2801801725645372,-0.4485418996638064
488,0.4104301083814059,-0.46337767926463563
489,-0.09556391786978664,-0.4729353615403892
490,0.7187968682987385,-0.44035343275230576
491,-0.0753732145917354,-0.4188596916455114
492,0.11936643724685533,-0.45034372634180264
493,0.19050601565400724,-0.48624874763113257
494,0.06928862976337692,-0.4648428055872872
495,-0.28740129081959626,-0.46679612830184947
496,-0.42066668084572284,-0.44937478336476516
497,0.05309215080338078,-0.48217068374679284
498,-0.4079050303172488,-0.3211803933390796
499,0.31295713838132816,-0.3776242905626816
500,-0.3439781530198978,-0.41084978879043565
501,-0.03809253806304831,-0.45450653636139604
502,0.0028457989694756092,-0.4537626914748172
503,-0.21231269182623339,-0.39022529818378654
504,-0.8268120593068756,-0.24436579238748596
505,0.2813295018561254,-0.29897807085873074
506,-0.6444667925047478,-0.3864694424812518
507,-0.8656766146823534,-0.17163848907894108
508,-0.5896919285010288,-0.31203391741033193
509,0.1353383547229618,-0.288798332450521
510,0.16434329303776055,-0.25620328978263895
511,0.3078827363129266,-0.19368073803232666
512,0.1144995731122313,-0.34632113593120795
513,-0.13835615529904327,-0.42351894140742585
514,-0.6632525963730175,-0.3945462039830975
515,-0.17453175814936714,-0.4297589888423884
516,-0.8488602729000134,-0.30669377737820513
517,0.7368873246518498,-0.40922673611917293
518,0.3578482431498914,-0.41993005213001294
519,-0.1061409317370278,-0.43612463744921426
520,0.40630809363761605,-0.43241427219633694
521,-0.17457853787156818,-0.4750498367779985
522,0.02482566617509565,-0.4870900848239309
523,0.5352038181835063,-0.45339023165341985
524,0.08748884131775152,-0.4616909302866507
525,-0.2806423062162724,-0.5152656460652575
526,0.6672957152061635,-0.4945965864031574
527,-0.28066018608336557,-0.44204689097546584
528,0.08105697970699205,-0.5026031326472601
529,0.1631902107148579,-0.5132497589861277
530,0.006086498669155385,-0.44646709180050526
531,-0.18418737468058688,-0.48517164432374826
532,-0.3756993597261599,-0.4569757620821878
533,-0.27883978221932604,-0.47594091841332015
534,0.3804089393059732,-0.4780880023727007
535,0.26059813467021725,-0.5017845261021066
536,-0.02377488474178651,-0.3845154212339517
537,0.057607178483243655,-0.43673081239969785
538,0.17456516371935077,-0.4267021963029158
539,0.239441160279667,-0.4910475912059835
540,-0.5558103169144716,-0.48319875089034797
541,-0.40417979485087935,-0.4988379719053248
542,0.406305053606466,-0.49021593531905744
543,-0.1403220363643258,-0.5198762290421287
544,0.2835613078599106,-0.37701229430481514
545,0.33052195197042133,-0.46248637117915853
546,0.10947773756784442,-0.43307281160649375
547,-0.14708654074821517,-0.4628677724469063
548,0.38665011113730385,-0.49146096520667887
549,0.6274602728929733,-0.39710099129133253
550,-0.3289343902028129,-0.4153694477368412
551,0.31194495343740625,-0.5013010859220058
552,0.03406483973729743,-0.4374808507165726
553,-0.13161181788259105,-0.4437409133650101
554,-0.044830431084413286,-0.44700462599019486
555,0.353518070541052,-0.4686956048166454
556,-0.595108114331872,-0.4264813661127289
557,-0.19641547410106658,-0.4578453679398086
558,-0.21295324064263693,-0.42315966597833027
559,-0.06656972283852232,-0.4225916005787047
560,-0.09277298721617562,-0.49184185937226327
561,-0.29403127816739205,-0.5008288738839834
562,0.12289867145850591,-0.4182782191589885
563,-0.25250725568498983,-0.44944038527639363
564,-0.014696219436658121,-0.4138851681807527
565,0.30416449922222427,-0.45606910148273205
566,-0.2224745377417814,-0.41224505298412073
567,0.24756471421554443,-0.37448795284517733
568,0.09781474302795364,-0.4835811358742022
569,0.19359488034619596,-0.4767605581100243
570,-0.1385484848287127,-0.4356652906492595
571,0.24804644036579437,-0.4778434882466501
572,-0.33316475053452427,-0.46428900093341857
573,0.2886133902136039,-0.5180830190510923
574,-0.22173466438470774,-0.48653676180434763
575,0.008287283883548699,-0.47541678437378976
576,-0.6238569662770425,-0.42754365916733394
577,-0.41403176396746794,-0.4253084997911212
578,0.15675945799571095,-0.37580104313136564
579,-0.37806756926708174,-0.4140624216834299
580,-0.03652173454662131,-0.3631056032163425
581,-0.19492779381489583,-0.32508597179401943
582,-0.5797706452374778,-0.3589122120176302
583,-0.2635779046517192,-0.2807802092396598
584,0.7013367167938308,-0.3834008949274312
585,0.23280539294371025,-0.4882789771829438
586,-0.3243341463283055,-0.49848985965600445
587,0.5684973680394799,-0.4536708549849857
588,-0.0983585919213246,-0.4459659023593263
589,-0.12395792194869917,-0.5019244176791827
590,-0.4392548269870195,-0.4716398602532996
591,-0.27201476409295744,-0.40684153218710517
592,-0.08441274085087211,-0.4479579944904134
593,0.34474995012728127,-0.477878380620574
594,-0.5356473771224782,-0.3973433005946574
595,0.20890623323211263,-0.4162763497061812
596,0.05954486417598467,-0.3968205435310916
597,0.27321113254542284,-0.46837789403105423
598,-0.13237981395750184,-0.44802279281479906
599,-0.026334376021558595,-0.4374623108181457
600,-0.5788687991451834,-0.3292405001506374
601,-0.4092318081011798,-0.2785047619164162
602,0.1122597350963804,-0.19471063168752276
603,-1.0599891819733245,0.17717986260885105
604,-0.5059569563246913,-0.13062928691564346
605,-0.7624349311985816,0.26443650438341204
606,1.4733307257135233,-0.05456182419333816
607,-1.030853856208763,-0.18193972979508133
608,0.7703638142294355,-0.2532786111663311
609,0.5123578915096393,-0.22269920674881502
610,-0.508538483082766,-0.1950861796238508
611,-0.5396920574363665,-0.36286841519086
612,0.7211887201381697,-0.3681811215165728
613,-0.30499223139648673,-0.39111152720751574
614,-0.4892975430328169,-0.31806455349104695
615,-0.053470820752315816,-0.2463171130059023
616,-0.9218392357869113,-0.3013443423081365
617,-0.6312571615644205,0.005786194901020322
618,-0.921182071890179,-0.06303573804987544
619,-0.47699501996533455,0.1281863033860939
620,-1.8213710628621351,0.7550195110289851
621,-1.0221812269104222,0.4909219319140543
622,-1.466882949566121,0.5306578967380596
623,-2.6386944414619187,1.8288326759302649
624,-1.372860489649647,0.6904382914613716
625,-0.27673925475540057,1.0797363323401217
626,0.6753331210894238,0.8412016895887761
627,0.3245422558900829,0.4117390109753427
628,0.04031700524736181,0.06037208486720924
629,0.5044787695177261,0.10578108358272692
630,-0.5374356185949186,-0.02416427479568478
631,-0.35870306805569463,-0.24732015203643418
632,-0.6011778468818559,1.6777140516091222
633,-1.7135272200117069,0.15191229002196932
634,1.7583413273551671,0.24523605060607356
635,-0.2742333305687233,-0.04346953917929176
636,-0.19470231027098409,-0.1729836305272909
637,-0.6548308189889149,-0.35120051117302736
638,0.31740070343616583,0.9998750931801855
639,0.18361951026042084,0.10924090819553334
640,-2.6431846877068743,-0.05753960008430391
641,-0.5401075557450383,0.3070847504986096
642,-1.0181960092620697,0.6594736000691499
643,-1.403860601994683,0.7245688664657685
644,3.4586957421157374,0.32399136469581474
645,0.23221331791087454,0.061532201947842396
646,-2.910194609485822,0.3551773229547904
647,2.609247984397779,0.09904487625473396
648,-1.4007401286734644,0.1780388461131992
649,1.0034399230115745,0.06824529912768049
650,2.042707677032803,0.11310971014076338
651,0.9693727625703275,0.6639240149040554
652,-1.3641761602364892,0.08790255235387273
653,1.4125883724866475,-0.1252256033366792
654,-0.5461126933722487,-0.18213281656888197
655,-1.5150506152636154,0.19508272591813147
656,-0.6032848147726129,-0.14398223795493598
657,-0.16925600599810986,-0.13827677389755463
658,-1.4567511797992327,-0.08565877906772475
659,0.5709483144275331,0.2979257659702803
660,-4.743052990328972,1.4079584237973481
661,1.6196798302741382,0.4946434121869985
662,-0.6738787513979179,0.24878569397320488
663,0.5320128648462903,0.1306047919724917
664,-2.2513577796662645,0.1158021851282825
665,0.7386451956688407,0.2926492107067742
666,0.2836630202823427,0.19835832531100994
667,0.2135459319555108,0.0841496314383467
668,-1.1498522106625146,0.2726874724515345
669,-0.30227745077500573,0.19419686725415963
670,-0.38488097227439494,0.05954246791052073
671,-4.514194778840778,2.3482850223159213
672,-2.9565971321623294,2.581848647277191
673,-1.6594311208626553,5.419952002754925
674,1.895450487641592,1.7763116945901674
675,-0.0183267950824419,0.7961680990306591
676,0.7889991851557027,0.5911104737163516
677,-1.1564936168837816,0.45121607823314624
678,1.2275541073226868,0.7643856468658434
679,3.6941327613149646,1.2834237007318476
680,1.7106105747859182,1.7559452790845356
681,-1.4335547774249024,0.6314565581030539
682,-0.7070846137471126,0.12605251242581544
683,0.6027742164560019,0.2380375335195321
684,1.4849024681044303,0.12698150134326056
685,-1.4718013664357654,0.22345917696960538
686,2.682095662024479,0.0918757430134036
687,0.8297830665736923,0.6343497147240301
688,0.2610683992380041,0.30504980156017714
689,-1.5829608787381957,0.05544477315384738
690,0.5613139530965706,-0.04502381457321471
691,-0.3279874655246091,-0.040854397584376166
692,-1.8531569551942388,0.13198538767207205
693,0.36889334557261994,-0.15032260800778155
694,0.22176342162935767,-0.0041013268903220546
695,2.9794590295544596,0.3954339378047803
696,-1.8524293136145906,0.6580895845802758
697,1.7340032868457258,0.5573526514598123
698,-0.4920696502719085,0.5538878702728335
699,-1.1910855100846593,0.28183595596321154
700,-2.598734201893204,1.1884661353927188
701,8.988347386740381,4.012139374159805
702,4.384725372981404,4.091876707534837
703,-4.841631072826157,7.5794622744766675
704,1.5980301445124905,3.16812483595645
705,1.4195416624373716,1.4343105233954927
706,-3.572524731418733,1.4043739762790364
707,0.05691227143802907,1.8045762913981376
708,3.226484168239736,0.5550138195659847
709,-1.5466171000627447,-0.01844672282106942
710,-0.7341196662621217,0.030018838813010873
711,-0.10543614174078787,0.21995968790150133
712,-1.335744067184913,0.1436080243908631
713,-1.7134791134442715,0.07360065154763704
714,3.1713760297445837,0.5384655855820065
715,1.1763028126179538,0.0035965588707797813
716,1.4517322824625398,0.10858262421076964
717,0.0949487971863578,0.27137802605339123
718,-0.9310986114390549,-0.07219543545662055
719,-0.6163698795378206,0.01339107092162295
720,0.9158296980251166,-0.07609106902043108
721,-1.4477038574624381,-0.1694895508767851
722,-0.5039504484742503,-0.09132517550399133
723,-0.18379567425388757,-0.07002247619022534
724,-0.11575392499442765,-0.15313668548678447
725,-0.12544899853999025,-0.20095143076617436
726,0.5695615115922206,-0.30468044457261806
727,1.6327552693359177,-0.2879594539012878
728,1.5031156661780383,-0.2127176070026446
729,-0.6797185886798017,-0.2814038226786491
730,0.3369560846367857,-0.26107274392817803
731,-0.7639422101006038,-0.3021443059328135
732,0.0715652793074543,-0.4182656362992944
733,0.8878948046628912,-0.1542336889121462
734,1.2057646385170517,-0.28043202012968876
735,0.7336978246552751,-0.23581162026034527
736,0.17560734969799632,-0.27888006630931095
737,-0.22259023832875674,-0.2529158677668672
738,-0.6871249089107926,-0.1910376451428864
739,-0.02805372131522079,-0.26183830468481395
740,-1.5937703486776194,-0.1825687581712366
741,-0.2574273616730303,-0.29393973960895825
742,1.1808534273830673,-0.23032728521228935
743,-0.6179075538907922,-0.31773647478245304
744,-0.1371826542813219,-0.26968667261214074
745,-1.1334152114218965,-0.3166653347148349
746,0.7783505989843539,-0.2674993498293513
747,1.8706574324575267,-0.10437206681732095
748,2.337756190237111,0.11993601382681685
749,0.4736264249004713,-0.05920987466200745
750,0.6702468969215385,0.016140724519045788
751,-0.6622219175265668,-0.130831852204833
752,-0.6689713707355921,-0.0789275796004703
753,-0.7379537463784015,-0.17263504594945528
754,0.08377989473752787,-0.34551646394938346
755,0.5309587085637067,-0.21176171733940352
756,-1.1604581904247253,-0.3027852061258989
757,0.17473873291618783,-0.3157013804072635
758,0.6112878846454879,-0.3698056435295708
759,0.6829464553054014,-0.3400087871296838
760,-0.11329528247605372,-0.24892458859531497
761,0.1657319398222476,-0.24921574848527522
762,-1.5818665487051633,-0.2735464171202261
763,-0.8487828168486977,-0.22350314019235298
764,0.36646664782580357,-0.3840081935651814
765,0.45508175264799366,-0.34256821121218317
766,-1.3499456024837657,-0.03246022894157466
767,-0.28431228652922896,-0.25127625741956433
768,0.32651113712796376,-0.26370145866449457
769,-0.5177127392613682,-0.3128651789605391
770,0.0920373586321148,-0.2998782817520029
771,0.43393646192466684,-0.27322691275521904
772,-0.24697570550653933,-0.26357586944247297
773,0.23153218985136897,-0.2399170895856668
774,-1.4683664242364383,-0.21404216821934352
775,-0.36218940054754667,-0.1389576416593249
776,0.9965829145008411,-0.23477256491953163
777,-0.12343012541612078,-0.3552307998913854
778,-0.001645166611985431,-0.20321600180204807
779,-0.7609600048477551,-0.28992700438501284
780,1.0683636431370218,-0.24564920665957293
781,-0.8547216284957675,-0.3103461935214083
782,0.07251428634124399,-0.3797922933711993
783,0.30105904174712084,-0.4208270930902508
784,0.34260035829774876,-0.3037023273115034
785,-0.31875163737095047,-0.3932841346586861
786,0.585292929368178,-0.2547810362077676
787,0.9406958606475844,-0.3005791024933692
788,1.0549574015640952,0.19678755752393928
789,1.3720854735874506,0.24386034024494785
790,-0.13680348206012294,0.36210713882765655
791,-0.44846896166437167,0.35029008391402916
792,-0.8325775200564235,0.13188881587420165
793,0.5189784661231069,0.401201022705153
794,0.699119785793346,0.7280017162834819
795,0.6869955896357054,0.12811678150599567
796,-1.262334992218527,0.6604901619484881
797,0.35692895647908557,0.12375276244835201
798,0.41321268481016477,0.21320647955791105
799,-1.757356327585288,0.007205520589078557
800,-1.3180978543507684,0.1154039374756935
801,-2.0138264032304645,0.37119478224309077
802,-0.3502622516073369,0.16777726147132632
803,-0.30967447778514895,0.21338098064458033
804,1.1145082000599538,-0.12836490025224856
805,-0.4339111276308824,-0.214658336497322
806,-0.9313912190113605,-0.14179415365200837
807,-0.22727824682755934,0.15781694032748922
808,-2.5372453992060957,0.24998092479886014
809,-0.6767584570691154,0.4744663926626085
810,-1.4083147243762433,0.44509617361974474
811,-1.4735981169742538,0.3650426305667923
812,2.464052203062374,0.6864029846226435
813,0.27679748585782765,0.14900075444804667
814,-0.7287128903329007,-0.02433124732984228
815,0.8530836940709529,-0.0670565677637228
816,0.09024442945549577,0.5068091735274933
817,-0.5951448563633889,0.021518953317462022
818,-1.6268401753642954,0.16856608021924285
819,0.3856760388953187,0.146974969015332
820,-1.7976030695181315,0.18521043210619276
821,0.930812047352374,0.46516626008129813
822,0.29650078282372067,-0.1724789759778141
823,-0.6036802816650534,-0.26816292630318567
824,1.9259484896107104,-0.07061097099614838
825,-0.19216183483074284,-0.2787629249344947
826,-0.5401394128450765,-0.2971059840837342
827,-0.7111882662762683,-0.11771274773966467
828,1.0064523439925457,-0.2778921262713666
829,0.1344598435669902,-0.45015448051388557
830,-1.2523560899379713,-0.30613019549662845
831,-0.303132695698529,-0.16050573134062968
832,-0.6243289230311146,-0.17319955340222773
833,0.7614674145402089,-0.3111868715216788
834,-1.0204079898637568,-0.2369932076454182
835,-0.5228574707149823,-0.1405553020571211
836,0.09670214863510443,-0.36537542802178374
837,0.05083202295796537,-0.2323694094349014
838,0.8454435210281999,0.07290240850573998
839,0.0031837661541984953,0.016445473608550837
840,-0.46646327550363237,-0.0790335145245548
841,-0.504507543476991,-0.16473167633614588
842,-4.555436137399926,0.5948394989789841
843,-2.5231236710554534,1.4777132220672495
844,3.6029927973316354,0.7120342352561234
845,2.2568128504121026,0.21928705549808336
846,0.8094360874422941,0.171428984121064
847,-1.337068047052925,-0.09195942811526778
848,-0.8359774344478424,-0.15771945353503378
849,0.045964433662735255,-0.15971540323896125
850,0.2587937662610107,-0.2167796304923429
851,-1.1382065959178411,-0.19828387879218665
852,-0.5225449285664695,-0.039332415078010344
853,-0.4700065425041643,0.07286260784390317
854,2.4344359182170052,0.5229745078390321
855,-0.42880982526569705,0.02559283455635554
856,2.88514378384959,0.3879194634653965
857,-0.5739975907407348,0.33013820740808725
858,0.27221351325569243,-0.14933142781919356
859,0.7880927080043207,-0.20770002179260663
860,-0.32156556596536295,-0.21001953607022247
861,0.5035864447967354,-0.3627017943881475
862,2.08646157505766,-0.04280014895090514
863,-1.3783771297537037,-0.16659687715822216
864,0.7497441738106759,-0.2294269595752646
865,-0.9838193567825182,-0.20554325626019185
866,2.811087510313831,0.7937868686794463
867,0.20226758359678781,-0.10266527758215913
868,0.6997341306980183,-0.04269640913607402
869,-0.7850925138044679,-0.3060551912998625
870,-0.9633350503347772,-0.13910588985993474
871,-0.00805650774736716,-0.21878339461203222
872,-0.2826461828805464,-0.20111756710606446
873,0.3842214369445125,-0.23735685045376465
874,0.08535963469444567,-0.3571979267093885
875,-0.5236951283156503,-0.3237928325873761
876,0.4145129433313835,-0.2880430863908542
877,0.12027107456731939,-0.21097645322624198
878,0.15269818142795277,-0.13353165653360405
879,-0.9344256326888174,-0.37380594333794626
880,-0.4051682296248477,-0.25732409938654155
881,0.5803374748263657,-0.07127013072104847
882,-2.277232184702886,1.3880496479612492
883,-0.09585841845960523,-0.02849731704708327
884,-2.391328857741429,0.24719199428273153
885,0.8118304307795803,0.31288236878382336
886,0.8566448901969722,-0.1301557423224065
887,-0.92307475836553,-0.0784801234831222
888,0.7156539366822444,-0.09695333637333337
889,1.0147174254569036,0.14783412815343522
890,0.5630171551783851,0.08040018237083937
891,-0.5470469672098551,-0.23228583559679017
892,1.868321356097423,1.1090432071161103
893,1.0893848548226013,0.19611237197866993
894,-1.1094919397405694,0.3404214272919902
895,0.9711697871572549,0.06310627616898357
896,-0.46497353015038523,0.16863342636291506
897,-1.9726126435179618,0.13542493929384128
898,1.6618280301146173,-0.09942960583913206
899,0.07114866985813191,-0.16433441343483926
900,-1.0312311926605056,-0.21287041958179298
901,0.4753126239796347,-0.2053244801239444
902,1.7851825989158228,-0.2173833516052752
903,-0.6024340922127167,-0.23031101756540054
904,0.9586760811990642,-0.11938129895233551
905,1.3690736707335425,0.2222620272613387
906,0.5456041824809694,0.5201839795449176
907,8.090526888737728,7.334719049013041
908,1.1730626086754967,4.652515803752783
909,4.500397936064124,2.4730926264959483
910,0.31331153147762975,1.8686037707811933
911,0.38972195517546165,1.9406169166475133
912,-1.5026767583908274,1.1510437403021383
913,-1.0323407851563078,0.7157640253062517
914,1.6364847511376508,0.42582371481300707
915,0.3167470568112819,0.15484064456087093
916,-0.42746263594426404,-0.10511578028818928
917,0.04776748433456507,0.02569282645084625
918,-0.20794356540522788,0.027035364677562637
919,-0.3268419554825869,-0.10817215546113379
920,1.7830135607156306,0.17901672492477577
921,1.2712792753997133,0.128923807149866
922,0.8027891175142234,0.20098127829392726
923,-0.5443473397125276,0.13630070658694426
924,-1.1067919519092468,0.023553399252727494
925,1.0160579877132745,-0.1272172857864044
926,-0.22981811936148255,-0.12027340536482568
927,0.3189000191961467,-0.19948903634290271
928,-1.0348438524523274,-0.15391193308829224
929,0.036747946046374866,-0.22415498520667568
930,-0.45703573589497404,-0.10770864196855477
931,-0.43605207305505445,-0.05030915828885727
932,-0.05856017056348954,-0.24051754836189926
933,-0.4361889935179817,-0.2268327773090305
934,-0.6605403888028496,-0.0925221899222525
935,-0.40128577743388827,-0.20815580051761637
936,-1.2615764296652119,0.11185719346934217
937,0.969241879670927,-0.18639921941524493
938,0.15889712425889088,-0.10892166514099672
939,-0.49055748175938335,-0.29532449001729905
940,-0.19015109708241415,-0.21348836387319098
941,-0.12507794010220963,-0.20435609418395217
942,0.7916686584183468,-0.28826060894693906
943,-0.1723265077057198,-0.08029765467597447
944,-0.3819302332612683,-0.3533229715405521
945,-0.48644086044653256,-0.1869175521431543
946,-1.8725493327308742,0.005053501791176029
947,-0.5493634569986724,0.08821632032352866
948,0.4794932625172439,-0.18465735272579248
949,0.251592671510954,-0.3600107642189079
950,-0.23595989265259568,-0.17999084131794915
951,-0.3907923833246099,-0.22486704815582265
952,0.705815061295527,-0.16600979487936718
953,0.7004922609815459,-0.2858919590630691
954,0.4041748711349078,-0.23869632285932313
955,0.5285324010771609,-0.2302500461357001
956,0.01855829457480323,-0.2335291887260214
957,-0.1481160716356359,-0.33072313587107766
958,0.47979189533845934,-0.2316637949155251
959,-0.44694205316473884,-0.05775132181503484
960,-0.6331424019983944,-0.09088312590199547
961,0.6556671609919784,0.07661706652523448
962,-0.04845181550254117,-0.19473380382255473
963,-0.7157605542426508,-0.3095113485011669
964,-1.0994900219245374,0.24251650919448053
965,0.1749397947136147,-0.26183280831231837
966,0.34282207996199593,-0.08552126992875073
967,-0.08533725733678109,-0.12898541538988784
968,-0.5433387849448139,-0.08450675469138327
969,-0.1575097783517706,-0.3175872623886221
970,-0.11927171916831017,-0.31489184824898003
971,0.669139581091654,-0.20355777484160326
972,-0.09609872831073177,-0.23985784418502665
973,0.6573934962790648,-0.28363189982693954
974,-0.09745973264597234,-0.1993851908015738
975,-0.9833802430425571,0.29004456862336936
976,-0.5972950999232619,0.09195949333993172
977,0.6759823932589921,0.20949663878852243
978,-1.029193607640853,0.0031951654109859118
979,0.19779691726792137,-0.21086676150980876
980,0.7133155187887494,0.12315420895986193
981,0.16475660898021768,-0.25580861236481583
982,-0.48541484661701306,0.5194321790146769
983,1.63035728913882,0.25163093721841656
984,-0.7358195200834722,1.1027167599222967
985,-0.661597914893732,0.0814573673072381
986,-0.3692645917757527,-0.07428128120635698
987,0.7658426351507736,-0.15615170696486205
988,-2.862353157064953,0.7037918817207857
989,0.2241292738362693,0.011940454291913871
990,0.4788137005590895,0.04979652507094698
991,0.8033308561734726,-0.09435241659070188
992,1.0337660533119473,-0.07707701922793267
993,-1.2690282509786996,-0.21911778534307472
994,-1.6931073355229052,-0.03790316751394291
995,-1.8923735078578279,0.5313146473066436
996,-2.9220232294177673,1.054935725334154
997,-1.0920227794521469,0.557426047449661
998,0.6471324028335352,0.4136826750578355
999,-0.6223022613375631,0.2733882281216866
1000,1.3081152898624002,0.08068630502556251
1001,0.7490334406142806,-0.04127968714472751
1002,-1.8292649563881607,0.2919912455244047
1003,1.126078493554979,-0.10325281956852483
1004,0.3901578183867677,-0.15064528896105303
1005,0.005736590594010344,-0.22023946379159848
1006,-0.10185705723138827,-0.19742640551839047
1007,1.4942402145666256,-0.24002117558981084
1008,0.16140804038524703,-0.18934046790874964
1009,-0.48292758133394625,-0.2920632576245512
1010,0.14103715955679264,-0.34041445855655356
1011,-0.6982925330573776,-0.2459196155612891
1012,0.000563913465896888,-0.35626364354165785
1013,0.9669735433826565,-0.22224265899667467
1014,0.8867523924819988,-0.2655996253199676
1015,-0.8483246362184046,-0.3422460622491578
1016,0.9466960712677572,-0.346822405966386
1017,0.19382136404380668,-0.31381652320163533
1018,-0.2743892717223666,-0.3441919210624533
1019,-0.2272594969082904,-0.3757505249611219
1020,0.13571865768137775,-0.3646990205727007
1021,-0.3705718932050576,-0.47142481442473694
1022,0.24936826447361005,-0.31274871159539785
1023,0.08835880703225937,-0.3535571565268524
1024,0.7016747655029477,-0.32451241115498514
1025,-0.6557267381730433,-0.45612447376135545
1026,-0.5394228680743223,-0.4395821027723311
1027,-0.15360237440076172,-0.40723668670847124
1028,0.5830750197340058,-0.42151641357225733
1029,-0.111458429823629,-0.3951223697294301
1030,0.5309667390495177,-0.25655846848544106
1031,-0.8015974843986396,-0.3889707545650114
1032,-0.08244758486115493,-0.3327859037573293
1033,-1.086682225853597,-0.19314688239452804
1034,1.3300178781333156,-0.2719457041565442
1035,0.36594181171901513,-0.32356652603146846
1036,0.631788836884269,-0.07552164112015228
1037,1.936093548222404,-0.1500708074006484
1038,-0.590338892101885,-0.3726798552447971
1039,1.409716028739934,-0.2616299100403814
1040,-0.8821067650157057,-0.19359448108707727
1041,-0.39717787995522685,-0.3478029567685337
1042,0.5966554093483845,-0.3270764418784804
1043,0.48968684999833456,-0.31017412747549056
1044,0.3713055891896269,-0.2579435846139425
1045,-0.015382514914777635,-0.3858308858671507
1046,0.4680587977726942,-0.2942386118551271
1047,0.03257060798586458,-0.38581138951476374
1048,-0.6791008029713568,-0.3738302556066949
1049,0.23851729306538827,-0.4388087165554404
1050,-0.8743770475257864,0.13543158610134315
1051,0.44811862613323755,0.07481560264223058
1052,-0.30814426249622956,-0.349912056702916
1053,0.4776199526058729,-0.3478209672406954
1054,1.0011394022529259,-0.04487321733472342
1055,-0.4711296335863652,-0.33952662165358616
1056,0.3662207520236807,-0.20196978875874114
1057,-0.17559406070209155,-0.2281880007969151
1058,-0.2925460279172876,-0.3518807992669557
1059,-0.5186737440846931,-0.34888020376612516
1060,1.335725652864492,-0.31958856996881246
1061,-0.3979373142517486,-0.38886149844824114
1062,0.3131195691948817,0.5055504992687322
1063,-0.40076940670168965,-0.06216645990601766
1064,0.7086105418326538,-0.24723176300802435
1065,-0.002467304058651384,-0.07582612039682901
1066,-0.43556177307336946,-0.2800016690975975
1067,1.5751227026635635,-0.2044221949649487
1068,0.46736472396741535,-0.0393457678419335
1069,0.5975500047846496,-0.19425729543920683
1070,-0.3841672192311806,-0.2468489284732034
1071,1.096703969278314,0.5877418624435878
1072,-0.18572634501201885,0.14736485338228228
1073,0.0857120526233702,-0.21208872783723687
1074,-0.4381596741017246,-0.0968602145974352
1075,-0.751598573224968,0.10031123406656528
1076,-0.2950549738903296,0.08515988932995205
1077,-0.2976142897632917,-0.2732966117451116
1078,-0.3995039721776806,-0.2516088131835911
1079,0.6846474107403064,-0.30686910023947334
1080,0.1905084711794054,0.07575312955546465
1081,-0.5262941878756847,-0.24433735135449436
1082,-0.4569054221927259,-0.04008115389032142
1083,0.4188853732333155,-0.11384319454750769
1084,2.3831802811780722,0.6943025444930595
1085,0.051479279482798575,0.08761613153499151
1086,-0.9255339693572737,0.5837328837365402
1087,-2.954610840693762,0.22337053162855403
1088,1.6268373084573464,-0.18534293983974776
1089,-0.3188201702053314,-0.2083184403825527
1090,-0.20794480111352767,0.018222548546119932
1091,0.795539147057321,-0.17582537553886943
1092,0.926953578080399,-0.16991731829983098
1093,0.015520870651537096,-0.3386773952934883
1094,-0.721921124661239,-0.33363336984689784
1095,-0.010884866952443778,-0.3200450240910854
1096,1.911449688714314,-0.14810291456883717
1097,-0.5114733432357161,-0.25950336932021073
1098,0.476392238023486,-0.28340920979918144
1099,-0.040422500642861854,-0.20735896003776863
1100,2.749308691313498,0.29400953908088134
1101,-0.11706583668220363,0.05795525227754281
1102,0.19569298339366514,-0.061399102961618324
1103,0.1055661021372122,-0.17904200572465384
1104,-0.44996591208675274,-0.3426232503404432
1105,-1.0091858074731166,-0.24983588963700382
1106,0.8013952222493363,-0.32620871796161444
1107,-0.4823152734753782,-0.3166432869002112
1108,0.18366769833866825,-0.44831693106748943
1109,-0.008889706065077607,-0.38271174100253863
1110,-0.254711882007191,-0.4560451086459502
1111,0.5994255471816365,-0.36724475788439326
1112,0.16614407231308206,-0.2734264344593754
1113,-0.30786172528567013,-0.42274028001279795
1114,0.3015581030384743,-0.3369381594678789
1115,-0.12524747828550273,-0.31537476043155177
1116,-0.6645820413568032,-0.293964102283027
1117,-0.012160670210955831,-0.4554933961262263
1118,-0.20027183374463486,-0.400551945198588
1119,-0.13034569404344135,-0.3952226108949906
1120,-0.3389772994330098,-0.439324834504323
1121,0.02118684715129042,-0.40114938958928337
1122,-0.5855356936388123,-0.4006779036572597
1123,-0.3206783824130981,-0.42102852974072014
1124,0.6770356572806121,-0.40125442429660196
1125,-0.0161294290818164,-0.39770174003582537
1126,-0.4946087747453888,-0.3212232970472407
1127,0.3123271858967543,-0.36662167442636273
1128,0.4201057502869675,-0.3731681157521103
1129,-0.5096005998405208,-0.41207846563920497
1130,0.016100108610041762,-0.35252932526406167
1131,-0.5786172444116694,-0.37569028385184433
1132,0.4416765044651353,-0.47404987658733533
1133,-0.2028657235602889,-0.45910180451969385
1134,-0.29822091845539306,-0.43739766567670324
1135,0.19402426100373293,-0.44919899973993277
1136,-0.03825586749292268,-0.3958807823402535
1137,-1.2747991788229687,-0.27221838328221076
1138,0.4498030258268862,-0.4117124734846943
1139,0.3188940074808362,-0.44276289420425796
1140,0.2990374741480626,-0.42071371046584205
1141,-0.3709207669390572,-0.4233327717698308
1142,-0.14870904000345,-0.45557146967819917
1143,0.884056521058428,-0.37838435469950915
1144,-0.07596136546253152,0.2490349871270296
1145,0.4211002469422761,-0.32251055327027245
1146,0.36141266619366785,-0.3416240460194728
1147,0.1649457642268197,-0.3352031296254724
1148,0.015077721026120603,-0.37285887022431596
1149,-0.08073572859755293,-0.4230154813817072
1150,0.6665093505805259,-0.24807879752002854
1151,0.12698075985228985,-0.3142248563373198
1152,0.4335021742099838,-0.29468128357991286
1153,-0.5806111002911085,-0.2491890295914623
1154,0.20213502966390473,-0.36951778879002944
1155,-0.14952589624459905,-0.35550785794509854
1156,0.46704899182041854,-0.2220604030004941
1157,-0.005216128109727497,-0.05021454503519779
1158,1.144614551371355,0.010951858937574221
1159,-1.3664636549220153,-0.20637633177229758
1160,0.1320222533791616,-0.2644466298320882
1161,-0.1476954504451647,-0.3582434341090293
1162,-0.35222988063267247,-0.39286431111664155
1163,0.05968024960356041,-0.4049913295415088
1164,0.43211066663318926,-0.45211283667514446
1165,-0.10951039056562759,-0.4027876302475265
1166,-0.16329043521958775,-0.3762967863977815
1167,0.006585514514636072,-0.34406522658425476
1168,-0.6514498595476235,-0.3588333125409438
1169,0.36610605547032166,-0.43333479678800046
1170,0.4124724625493309,-0.39032034470930593
1171,0.18457764011157168,-0.35806679888995513
1172,-0.2804124593248352,-0.36903908773268496
1173,0.04553105447522388,-0.46189642092273364
1174,0.453819950135876,-0.35843362396794015
1175,0.18849857063943504,-0.4015425278176424
1176,0.3497264312502938,-0.006180610416817625
1177,0.14639260994403192,-0.3629559922815992
1178,0.7538901480859226,-0.11153487577851592
1179,-0.362339057013349,-0.07096737524881669
1180,1.0352487940840858,0.020616163012038516
1181,0.9747829055350758,0.6180860670079024
1182,0.40684531153708164,0.40013312576176974
1183,1.1910027129456446,0.6015307233072981
1184,0.11090382008535657,0.5030582256923709
1185,-0.08954312137365605,0.022830997945144302
1186,-0.5165157759722039,0.05811839939223701
1187,1.5684863246128675,0.2984018861587755
1188,0.3155549188067794,-0.04938680050809586
1189,-0.9689267146569049,-0.14990883093401108
1190,-0.40634148631798794,-0.058578452954034764
1191,0.275771782675611,-0.23560555167386527
1192,-0.9575467486649896,-0.11253922946184486
1193,-0.14647080286385308,0.09992841631335725
1194,-0.9447798524222993,-0.04868414454959046
1195,0.4415824312627413,-0.1892404928361429
1196,0.6767564194750929,-0.27043889427957524
1197,-0.3734677642346536,-0.41621497345539865
1198,0.36280323836007744,-0.3879280940608001
1199,0.5507540371573907,-0.31870616730767276
1200,0.18427176950168705,-0.4024457131086068
1201,0.39598281485934655,-0.30863455965878056
1202,-0.19771677219129932,-0.2648405449995643
1203,-0.3445177787905919,0.01439268890258058
1204,-0.3365174753375185,-0.3234130594159904
1205,0.13131741446390852,-0.39245235519916954
1206,0.49902613806315715,-0.3343725487814584
1207,0.36530610098833344,-0.4616364302937955
1208,1.5121912399986346,0.019582877217615605
1209,-0.7763543859247805,-0.2093355627547539
1210,-0.3848729640840489,-0.1591899117740187
1211,0.10267075735628983,-0.34949229411280736
1212,0.28618624665446035,-0.3361955022010257
1213,-0.26707414776777216,-0.339413926566779
1214,0.5443293606404437,-0.3438665739292736
1215,-0.1027235360334317,-0.3753909844648622
1216,0.19985249608910755,-0.3435993503016852
1217,-0.6290686596542717,-0.43269983133330053
1218,-0.353956295368655,-0.2356417407619535
1219,-0.08261010657196824,-0.3307075026676292
1220,0.09345479455072714,-0.3772845576933173
1221,-0.03960625053734305,-0.33055191093662506
1222,0.5158999879576934,-0.4103593459433686
1223,-0.9293827941715758,-0.30254516316018404
1224,0.24097350515368104,-0.29027008034578755
1225,0.6533623576446271,-0.33751448410888985
1226,0.6289616596958366,-0.25038753016590637
1227,0.0733926866906987,-0.36876967553924095
1228,-0.4457843835100707,-0.1705767996945224
1229,-1.537491094127812,-0.10379248542960204
1230,-0.24614888813471242,-0.2724592455443845
1231,-0.8163714982909521,-0.22020044413829745
1232,0.7917196016462804,-0.3237883339387725
1233,0.5631644156340346,-0.2766496550204036
1234,0.08707422786504058,-0.3040110280793924
1235,-0.3817400375770585,-0.3414391796806672
1236,0.5362391624762857,-0.36361248346135466
1237,0.017139714864217025,-0.32301410846094314
1238,-0.8933473078695465,-0.37634056723410053
1239,-0.24605099598824604,-0.3658693519386295
1240,-0.7401941523918782,-0.20248655769405582
1241,-0.6329190092514089,0.015636169616330325
1242,-0.6589782464385974,-0.09150619394016979
1243,0.6668674309638051,-0.2611722142170257
1244,0.3237278113274268,-0.2949274891445608
1245,-0.6701183401810069,-0.3705225004122711
1246,0.3852539473989718,-0.3601416117105984
1247,0.13487694716782564,-0.3660102085926257
1248,0.16583649756343735,-0.3848342985062034
1249,-0.4296032425194094,-0.35487186673810134
1250,0.4838031007887908,-0.42736721476277506
1251,-0.33399419645630973,-0.41992662638139605
1252,-0.7300251698304734,-0.30336763962683344
1253,-0.0288469048850111,-0.42166213392756324
1254,-0.4393174945738712,-0.3041579582387668
1255,0.9352706582699148,-0.275720183429068
1256,0.09937516729912771,-0.27614126132675787
1257,0.46354540955935014,-0.3036722752728392
1258,-0.21589078718814667,-0.3427983725119289
1259,0.7285625245146504,-0.28167059418088003
1260,0.3233457555481185,-0.3573870122854034
1261,0.6771738554083091,-0.025099887684897598
1262,-0.6325825126526968,-0.11295088250009755
1263,-0.7794239045426113,-0.049965204524034704
1264,0.19245864986872105,-0.20710020055129186
1265,0.44646575914057224,-0.15113067067337654
1266,-0.039788027352323695,-0.15671574626015544
1267,-0.9014390742086522,-0.03648891763545789
1268,-0.2985139314182954,-0.26474934991915006
1269,0.20305855606501708,-0.19024454042765954
1270,0.31925710304018773,-0.2796414433642168
1271,-1.183974309843387,-0.2298784079818438
1272,0.1936310611466575,-0.37770676026693994
1273,0.3404902868648942,-0.3914401458147628
1274,0.4240798841951221,-0.38306184664333054
1275,-1.6255650417473184,-0.15620655319103074
1276,-1.0879742542676072,-0.0775117174197436
1277,-0.7270185901320831,0.33252450204387174
1278,0.5686560496761849,-0.036970118139050163
1279,0.22204678541841993,-0.2946568763424755
1280,0.49893844334064114,-0.20955628355313108
1281,0.20091439530960964,-0.3425893131820192
1282,-0.8569084536259155,-0.20025623611474946
1283,0.014136435868350007,-0.28009855517933213
1284,-0.1265390608942692,-0.24539267400961867
1285,0.46099561702767683,-0.3977328181448516
1286,0.6368946096955034,-0.21169407435661353
1287,0.6751491856255286,-0.2681100088321026
1288,-0.4204314395169415,-0.29890790126518246
1289,0.20303178673781658,-0.42972711549661813
1290,0.9690139764045975,-0.33507961241633266
1291,0.7254014085155146,0.2726645741893874
1292,0.5434907081241219,-0.1933244511557295
1293,0.004809969542742628,-0.16518212111740813
1294,0.2104119643488966,-0.23854211378069612
1295,-0.674845046583713,-0.3339918705669061
1296,0.9209415441389432,-0.27267141513853443
1297,-0.5418772853278283,-0.38717499891670093
1298,-0.8967429236347061,-0.24307268053848913
1299,-0.3023434005057622,-0.3513743609933308
1300,-3.4789880594543865,0.7111503406912832
1301,1.3401543875186972,0.10583498799658408
1302,1.1355106835017765,-0.04462988557059959
1303,-0.319090226726772,-0.31611193788561515
1304,-2.2383541009126997,-0.04412332637285804
1305,0.14954642930376322,-0.2556902219985278
1306,-0.3659151362095629,0.0016880712059472586
1307,0.7060307981547038,-0.3614666841056235
1308,-1.3678202558249668,-0.1633384535392711
1309,1.1277010298906258,-0.30535478083660794
1310,-0.7655444665194823,-0.27779508093225846
1311,0.2469596434105785,-0.2373376800350696
1312,-0.5598753051525296,-0.30948320989603206
1313,0.010309766923526096,-0.4074508807360483
1314,0.7721588820045618,-0.2998471156879283
1315,0.3426507503084431,-0.43700157219983216
1316,-0.6024942498085337,-0.3774457671956768
1317,1.0047678069726813,0.2324711344950552
1318,1.2743377908419302,-0.24786498775252763
1319,2.111877146674544,0.18906135333218127
1320,-0.17804801376682572,-0.16068649820342984
1321,-1.3611698684090334,-0.24857947969527022
1322,0.28598170870385553,-0.25269309991129585
1323,0.3350211421538303,-0.368869725571451
1324,-0.26272397615446635,-0.32013869756468605
1325,-0.7945516617339087,-0.20600721511175002
1326,0.4489003425222081,-0.3793821921376995
1327,2.187268425998306,-0.05360991372247864
1328,0.6289816247668387,0.719703988885053
1329,-0.47148049841045125,0.002466202122911071
1330,-1.0549483884237445,-0.07573894297981495
1331,-0.23291479936106174,-0.19313843863064312
1332,-0.14321141515988323,-0.2689993879319801
1333,-0.37716221513864945,-0.2635898994752981
1334,-0.17435948803336332,-0.10391086799576403
1335,1.1474926663600624,-0.22304389665908128
1336,0.5698960423000199,-0.28213649271353236
1337,-0.23078332627584236,-0.32208107401863995
1338,-0.42183822374521585,-0.2815308695032081
1339,0.02239059023778281,-0.4270230746859331
1340,-1.2713502501403737,-0.28337013781713905
1341,0.5966079765015119,-0.38114012466964753
1342,-0.5476766195313908,-0.29395857601557857
1343,-0.27582999110049494,-0.42142843842708744
1344,0.5470261758476193,-0.4105954079028085
1345,-0.07023386492159395,-0.4098252847491667
1346,-1.0931753372472175,-0.10023054956509397
1347,0.6422587173013111,-0.25084141154300865
1348,-0.06409866101664816,-0.33298150014318006
1349,0.6179025249997904,-0.3994194834982247
1350,-0.3304994316574527,-0.2738601823371554
1351,0.34901104843843656,-0.36219870106658525
1352,0.6347083861709998,-0.36406860205186575
1353,-0.2224029198672661,-0.3595658343512777
1354,0.3175417858570277,-0.3654038130253531
1355,-1.2231978328775193,-0.37121497831711203
1356,-0.4409918005824323,-0.3498761760719418
1357,0.26723800991690966,-0.3024181279613862
1358,0.1382916217418726,-0.2123839348596122
1359,0.8891555718634206,-0.06832279774588396
1360,0.7563783897892207,-0.08423049334538232
1361,-0.19727049516348005,-0.22230241056015104
1362,0.4681457129504136,-0.11836820166499692
1363,-0.07070063888987242,-0.1832162713778951
1364,-0.026668841773149883,-0.28624467403966425
1365,0.4259854335177278,-0.39138082808068214
1366,-0.5267814912854253,-0.2076132725771723
1367,0.6517827816820241,-0.3426147885791732
1368,0.17985220012977712,-0.3392130175358862
1369,0.013356362585655786,-0.30763548296161347
1370,-0.12471575262703796,-0.21785492883087726
1371,-0.5637017992910672,-0.2804015281480857
1372,-1.8779304243661854,0.3624447310478457
1373,-0.10601566960007988,-0.06491307026294778
1374,0.5632837555078579,0.030979337233332155
1375,1.3838176222254686,-0.2990948639485693
1376,1.2262525946043192,-0.0034198347259705997
1377,-0.10915407436052024,0.08310171968235769
1378,-2.4991969179362115,0.2813802308640804
1379,-0.3962640647878377,-0.07942495364071663
1380,-0.9602611911621536,0.4409784036149451
1381,-0.7094557263643859,0.15416026333842547
1382,-0.1393850967349389,0.06638223241016888
1383,0.05657655010709716,-0.0021816037280193434
1384,1.4252999570334028,-0.03249991801445469
1385,-1.1559540081172055,-0.2887765607335505
1386,0.4642993319817631,0.021364661037479693
1387,0.5433507133014222,-0.28864040258257373
1388,-0.054437456538699795,-0.36539593457656233
1389,0.7995441291418628,-0.37037674622441313
1390,0.21214856248638145,-0.3171273728010647
1391,-0.22535257298930222,-0.386001555127942
1392,0.012053129151650533,-0.43221686039276197
1393,0.28356694204141525,-0.39665774481245675
1394,0.38414474709732144,-0.2498781103591744
1395,-0.2823322251136632,-0.36570105316060736
1396,0.14072893535174208,-0.3292425338165659
1397,-0.40388428023101824,-0.31387831508336117
1398,-0.3155308057951288,-0.3321156769276582
1399,-0.7371991346191193,-0.32567408796868613
1400,0.03707213461442212,-0.4063727950120082
1401,0.5515519485123218,-0.43024999593639957
1402,0.17330070262357217,-0.43258373289335966
1403,-0.532696989565196,-0.42742782460612433
1404,-0.6806113191536696,-0.2767965327112568
1405,0.5685421935216887,-0.4296860304108841
1406,-0.41055766169083857,-0.4187271467835322
1407,-0.2963958906090919,-0.4184705676217333
1408,0.49289199952478696,-0.4573087158533089
1409,-0.42268232680122847,-0.4734402856279123
1410,0.24138793019216268,-0.413863756434625
1411,-0.03266589651299429,-0.4363313694072909
1412,-0.6220811325256308,-0.4256936644011442
1413,0.38111057865429715,-0.43266856871904
1414,-0.6292633683797282,-0.2491915691372239
1415,0.6253203372375846,-0.32456986725574605
1416,0.6082422491352444,-0.4087414192067983
1417,0.17832745772141423,-0.3987970790953153
1418,-1.0674423774996042,-0.3553964813519246
1419,1.0618639808175343,-0.37306915247785843
1420,0.18389045905420193,-0.36350828432438853
1421,0.09782131577680511,-0.37138784069191255
1422,0.38398573752803455,-0.354558899345192
1423,-1.1894161428070702,-0.31469623345073355
1424,-0.0627737414233848,-0.3282275120244002
1425,1.0257299168756246,-0.3644399917447483
1426,-0.23788445590997304,-0.18791330060868205
1427,0.41352612976406483,-0.20569430605443512
1428,0.292763770931664,-0.32104698594848446
1429,0.38400922560554196,-0.16096928666122237
1430,-0.539138707367547,-0.36862247412797977
1431,-0.3844472639024407,-0.37595230140735275
1432,0.5389060822545322,-0.4330777320613223
1433,0.6001771478561997,-0.2938548359797017
1434,0.38106776648051083,-0.3477667295772006
1435,-0.35582237898636704,-0.3165235368208105
1436,0.7139190177123487,-0.07436265214619686
1437,-0.7483646861105295,-0.3972443527094865
1438,-0.25698048902698617,-0.32764586314147437
1439,0.09582207757972463,-0.425060519629029
1440,-0.03799529926000227,-0.4749879538731918
1441,-0.4065669215854964,-0.4476255051502037
1442,0.6350679829570879,-0.4149273908429311
1443,0.5186322934076146,-0.3984901155511846
1444,-0.06677362756978342,-0.4028813078153423
1445,0.038101660653064445,-0.4743108044196609
1446,0.4707626935524617,-0.20955084000218038
1447,-0.15366480679320715,-0.35101913698766074
1448,-0.08801523104649009,-0.3343070298122795
1449,-0.06407100833384018,-0.3500526731595039
1450,0.49017730633496337,-0.23666542293310372
1451,-0.01777884166724141,-0.25881426395837914
1452,-0.4070987081718528,-0.3245775360937252
1453,0.5895054330557956,-0.21260525143845732
1454,-0.8786869316720071,-0.12381279897558825
1455,-0.18018974960200457,-0.09478285226117253
1456,-0.8346967080606881,-0.10106573474567918
1457,0.4435351047415117,-0.2991456316108687
1458,-0.30220185627297175,-0.3351490702857154
1459,0.04849829599236714,-0.3465563228921519
1460,-0.1143136540687344,-0.3543468788576009
1461,0.13448488050062818,-0.3575625519045145
1462,0.3870951173731733,-0.32893397112528944
1463,-0.8730294941431032,-0.30950073015639656
1464,0.16914647446384046,-0.3984451137677535
1465,0.8145125052148823,-0.35211171826440874
1466,0.03050661965646039,-0.3391912760384239
1467,0.22054003201224487,-0.3601855475338817
1468,0.7607513505554744,0.2695524897746723
1469,-1.4259599057166643,0.5089278335715807
1470,0.3468647304280761,-0.04582187618679123
1471,-2.6012827173427926,0.7427969382865193
1472,0.9243132887448148,-0.059442597604608564
1473,-0.4558739532742014,-0.15556777325353777
1474,0.34026593837269015,0.6616577824942236
1475,-0.05962212787377446,-0.2684610998531691
1476,-1.1998599560299827,-0.1027448940112457
1477,-0.0484309377514757,-0.04891106273498092
1478,0.27784644025411215,-0.20272610592777934
1479,0.25216293051090644,-0.3156615596864206
1480,-0.20139031065409096,-0.4088954037511837
1481,-0.5061327014658229,-0.39496072083359945
1482,0.485692245414596,-0.3788366846432667
1483,-1.0802146949183735,-0.23326344292841367
1484,0.3813859300127202,-0.2935202574218122
1485,-0.8904684752076679,-0.14347112727611835
1486,-0.05830639291850727,-0.27401843026500616
1487,-0.5143291077466072,-0.03733134829514873
1488,0.645579280599675,-0.3602829563567142
1489,-0.6255601055007433,-0.3606358475061462
1490,-0.032653950716187354,-0.28397483056365314
1491,-0.2937198908057293,-0.27722020043124446
1492,0.025147614622869345,-0.4209961610108952
1493,-0.2028021381861011,-0.357546651020228
1494,0.5104635334908522,-0.3992415490277759
1495,-0.4332143547934017,-0.3270985214027491
1496,-0.005030982031298712,-0.431683934975794
1497,-0.28762139452192903,0.019193483596768257
1498,-0.02419607949774292,-0.35989775402381796
1499,0.3266273404456457,-0.2793312853441499
1500,0.23479484242407145,-0.34941684425336506
1501,0.024606519859771997,-0.44870001965347617
1502,-0.9288473889213648,-0.2724326095772128
1503,-0.1794465399263454,-0.31548788828982055
1504,0.021182817913899844,-0.36939456610642263
1505,-0.3909068013390249,-0.15040791682764962
1506,-0.11649742607134123,-0.3834446702542037
1507,-0.07800899391775427,-0.37539214116545727
1508,-0.5187462586608953,-0.1548058760442922
1509,-0.02858288937020318,-0.2538694344424402
1510,-0.9698427143839055,-0.044581096358341676
1511,0.9621730135090171,-0.06781873028816124
1512,-0.5422037108874086,-0.3253447809391328
1513,-0.7651004368725801,-0.29445174372360877
1514,0.6631975857677939,-0.1987063944471552
1515,0.8994846321246723,-0.2396862726779819
1516,-0.23515331719313398,-0.3422106537826032
1517,0.6096591542142297,-0.4018247897140045
1518,0.5065733897067569,-0.31177623658391856
1519,0.09736598692242973,-0.3035325325573631
1520,-0.5757921123941737,-0.41418194951908927
1521,0.6104981850120916,-0.3751218350443294
1522,0.31176559142582677,-0.3706852969235488
1523,-0.36586908222572817,-0.4401661222829511
1524,-0.241690841414251,-0.45560054724511584
1525,-0.192588629475222,-0.4586195321436679
1526,-0.07947846998101804,-0.3919971164611525
1527,-0.49625785470276124,-0.3587834243119309
1528,-0.42111138518231145,-0.31798274183224295
1529,0.5984990949530775,-0.3909907499758698
1530,0.4742651173434437,-0.38824322572972775
1531,-1.397855297236032,0.0061030586623277705
1532,0.23848145306813406,-0.2921731712665779
1533,-0.27518560503802664,-0.3102697501230147
1534,0.4673558582714199,-0.33698380826698926
1535,-0.14685067097016222,-0.3899133580247348
1536,0.2690003836561911,-0.4032733550655853
1537,0.10128872854699085,-0.3873101598474008
1538,-0.37139245127297293,-0.3909677542272687
1539,-0.6730832857356809,-0.3480943849510094
1540,0.12668965819693923,-0.3704400361600776
1541,-0.278118754041349,-0.3609227034291061
1542,-0.8741244826020511,-0.02059081174910503
1543,1.376009866834608,-0.17518427187225538
1544,1.1171231475987724,-0.1245289567427484
1545,-0.5105676939794019,-0.3062497545284976
1546,0.1665477251214449,-0.3127207989064438
1547,-0.2774030260673708,-0.3189696810212513
1548,-0.2283176570750918,-0.4057885478479198
1549,-0.7255274113837771,-0.3198287478456546
1550,0.6315707926536852,-0.37886450179921405
1551,0.5573797845039422,-0.3374712485350855
1552,-0.1087018238151291,-0.4336076723014884
1553,0.2038173367226987,-0.4230138342659229
1554,0.08088812248260668,-0.3935819762042101
1555,-0.49900325006405594,-0.40377203776222764
1556,0.4965992375323046,-0.3508404933093309
1557,0.3684213944390464,-0.19341428478455458
1558,-0.2326711140875824,-0.38654694655465993
1559,0.704343787679355,-0.3237042615428105
1560,-0.926831760748093,-0.33195237998239674
1561,-0.6042176605216075,-0.3098835831254593
1562,0.0026405638041053095,-0.3268715814065375
1563,-0.1956760849921028,-0.26532941988817615
1564,1.1174471504791583,0.0516577031726812
1565,-1.108792555799294,-0.14558493602016856
1566,0.8219402828290753,-0.22943898081389624
1567,1.3635768321673598,-0.08067209888388434
1568,1.0498086781512634,0.05992053550538834
1569,-0.2875116541348967,-0.10733627122231434
1570,0.5568005215234775,0.22934253180735242
1571,1.078075778230396,0.31213444507967225
1572,-0.5420022401871958,-0.11652190533325493
1573,-0.5801012450928416,-0.3177964812236636
1574,0.4324557870873056,-0.3413537903041449
1575,-0.698694964878614,-0.26897112317751926
1576,-0.13843599316456887,-0.19369893342695063
1577,0.8228337481220408,-0.1943623986176559
1578,0.41256692071635176,-0.3002200346557281
1579,0.7143138449962904,-0.0688236934752283
1580,-3.1394639126528037,0.720177430586725
1581,-3.4492136973762215,1.0021553196864512
1582,3.287400783702665,0.8156282851819101
1583,0.7262698688905774,0.027586791134651262
1584,-1.8753599390585587,-0.05174847751695086
1585,0.8396396718517569,-0.15390702818890026
1586,0.5311407060308502,-0.09090243377527596
1587,-1.1448141797725582,0.02359817030192958
1588,1.0902937413526261,-0.19608985741123267
1589,1.2503271615890352,0.7893931890763272
1590,0.3872859941980371,-0.07306117060048821
1591,0.5829994156076335,-0.0916113804710311
1592,-0.7704947190820378,-0.2285350488499387
1593,-0.566292955046782,-0.27628635007570235
1594,0.6883087573249516,-0.03260788555272065
1595,0.4707994104176522,-0.29537313722470604
1596,-0.3569899217960269,-0.35487301901469653
1597,0.2279996945953629,-0.3972924455835152
1598,-0.4898814976197527,-0.38129614725590893
1599,-0.19975718651757504,-0.431007423728361
1600,0.4380530805526943,-0.47536783590238235
1601,-0.13508365641809622,-0.5062196248244324
1602,-0.6677204407602868,-0.41545715533307104
1603,-0.3457410996067725,-0.46424237072026464
1604,-0.43551645635895947,-0.34042371385209536
1605,-0.046606416356906044,-0.3635253445515448
1606,0.007242803489058716,-0.27434742143795
1607,0.06709115754670239,-0.32720770633350094
1608,-0.00922922866898254,-0.36777678809512304
1609,0.47039173331913525,-0.4266239493565818
1610,0.3673139846167962,-0.4284024023728607
1611,0.31410310085883175,-0.4096109732244835
1612,-0.2806560257983622,-0.4042373619332629
1613,0.17687442631924033,-0.4419985931600451
1614,-0.7756554337435237,-0.4192574051050288
1615,0.20822873978350226,-0.3283975428771564
1616,-0.3548812725357755,-0.4452481853290575
1617,0.49520543829997454,-0.3717498632367647
1618,-0.2932754232646373,-0.4136181010547254
1619,-1.1927299288129762,-0.330660355785449
1620,0.22933361577345973,-0.44307190673222685
1621,0.41688708022895443,-0.4306611126866365
1622,-0.32641692179785775,-0.41903981813625196
1623,0.28561857759381026,-0.4330005267665026
1624,0.16186868569104063,-0.427686394150168
1625,0.5472441234703674,-0.40976479623742024
1626,0.2887724141499292,-0.3840974576731795
1627,0.14573010303069805,-0.35015111918967623
1628,0.6500833554287562,-0.23037852541888712
1629,-0.15049868331692565,-0.3217250832064707
1630,0.12125217694315549,-0.3243602642809065
1631,0.929437202665458,-0.09624819810813931
1632,0.4312487098726076,-0.01341516232798308
1633,0.043520634395490615,-0.2302895780241105
1634,-0.22057056838805916,-0.3365747017091408
1635,0.6587585947630555,-0.20090669575725784
1636,-0.6605939616827201,-0.23001675999684273
1637,-0.19822501786361282,-0.4153865331778366
1638,0.20030212697363708,-0.3030561103720426
1639,-0.4734944493141441,-0.37825655495068994
1640,-0.058124776855527645,-0.37468079751517247
1641,-0.47714077388054177,-0.3588738304307147
1642,0.1641472176296896,-0.2631231946963645
1643,-0.225768221531801,-0.30866982450895764
1644,0.5947211180579404,-0.2621455423072438
1645,-0.2068238998790508,-0.41631048086387856
1646,-0.7972186354452454,-0.43175634215959036
1647,0.45888086724222377,-0.39331229337869167
1648,-0.20828267426953573,-0.4775576316834942
1649,0.27045379420955046,-0.49632549842723883
1650,-0.19849388720156388,-0.2919197684308761
1651,0.4815270415517607,-0.46483171752655356
1652,0.5499639182054514,-0.44365582717132035
1653,-0.37061223963308493,-0.39909326446530025
1654,0.21043922065679144,-0.1022014700168718
1655,0.42006116411524896,-0.3408566577097447
1656,-0.031096793065835814,-0.29709848547646645
1657,0.009505220474929625,-0.39000654322476025
1658,-0.4516771264755309,-0.2789201005201336
1659,0.0003258897065871475,-0.3971659965155213
1660,-0.20321398342508937,-0.3006540540090464
1661,-0.27883035488869173,-0.19898497843305785
1662,-0.9817030709336696,0.08273739836585114
1663,-0.5471222912584334,-0.256891828751066
1664,0.34468070270028967,0.01894820631504268
1665,-0.29512416450962614,-0.27918332983425065
1666,1.6975222443571372,-0.09335163766097711
1667,-0.5731844605143831,-0.25667982517147453
1668,0.5872077434867258,-0.2992893420013491
1669,0.037920481563964166,-0.3233445895579652
1670,0.34749045356991975,0.11085541426570009
1671,1.1811802045949216,-0.016614603466275357
1672,-0.6472358625759538,0.05180004486694584
1673,0.4861114166236511,-0.31089624860995774
1674,0.21838132858699427,-0.2706375796609955
1675,0.004133573598818796,-0.35219230851446826
1676,0.1622885418123901,-0.1841966155057524
1677,0.12140628510509698,-0.32418946266675397
1678,0.330382385567035,-0.30264278250924226
1679,0.008208174169350059,-0.3303897220552905
1680,0.22703349087951055,-0.4477425417373666
1681,-1.410626761120188,-0.1783986546324628
1682,-0.10394636691841337,-0.34482153629163953
1683,-0.9876642246494978,-0.14415873908178545
1684,0.25352664700097677,-0.2148529485081403
1685,0.35229287307480883,-0.26884135210792076
1686,0.7517823442986563,-0.3751478003999653
1687,-0.015135057031838072,-0.43963734090958584
1688,-0.16145980991331557,-0.3748314847943298
1689,0.32543095352394,-0.37315647489757303
1690,-0.34557417963028814,-0.28917325117564047
1691,-0.3176943125718224,-0.4203450238433824
1692,0.20739447096574315,-0.44073408074177134
1693,0.19567714055949006,-0.49847262544098436
1694,0.11067161368993897,-0.4786024904109716
1695,-0.19753678709810504,-0.4565219805580808
1696,-0.3359593913412799,-0.4717326893479168
1697,-0.7474942024142895,-0.3853454417027575
1698,0.6756570646336341,-0.4227301791568039
1699,0.30726338980352813,-0.4865697730229708
1700,-0.29332445735688534,-0.48485034637302965
1701,0.18212186214835527,-0.45938106966259595
1702,-0.129798409850588,-0.41418044678748
1703,-0.10877948462721436,-0.4037582274787498
1704,-0.34395935870647687,-0.46476319459483706
1705,-0.21519359788402753,-0.35617413825838284
1706,0.8554108027123335,-0.3131515604801494
1707,0.2716644816041821,-0.35242366479289255
1708,-0.6422824882678482,-0.32491891942770657
1709,-0.05485595903835361,-0.36510871917577814
1710,-0.39642277921974706,-0.353894375319041
1711,0.5679147250358719,-0.4423918419621204
1712,-0.04986988227426511,-0.4332793268248604
1713,-0.04807830199841527,-0.3351955657756493
1714,-0.3742789262316862,-0.42816336593270354
1715,-0.19506208295363298,-0.4196966170163489
1716,0.48110860198205707,-0.4268976564099226
1717,-0.08325655645125934,-0.4678138498732896
1718,-0.6503207149654616,-0.39359155676606716
1719,0.3239601561902857,-0.40805453693853877
1720,-0.017929192900498155,-0.4399172761919822
1721,-0.051421351222167275,-0.40918038272230606
1722,-0.28235588894267505,-0.42660218244512693
1723,-0.16197284174828858,-0.42740137486354446
1724,0.371010679709535,-0.47735349241660696
1725,0.34352282455830585,-0.4470460613960925
1726,-0.01487405447427508,-0.4222090875486103
1727,-0.21266833855167688,-0.4121977129998319
1728,-0.20970410738397022,-0.4291786403755745
1729,0.22302214540023427,-0.35546692206400454
1730,-0.5336260248595663,-0.40085906245866504
1731,0.07029902228600099,-0.34081783040573743
1732,0.3918094936975936,-0.38049948015427426
1733,0.022708985012025652,-0.43733566735368085
1734,0.32046521075767,-0.3267493734074377
1735,0.062091495036877116,-0.3965991791042298
1736,0.06041736165442762,-0.24499180221354439
1737,-0.4305258846735464,-0.3908832947771799
1738,-0.23929867931934823,-0.3772753954454292
1739,0.1221237916399252,-0.3840958083416844
1740,0.19507055521098557,-0.4020411228518671
1741,-0.13350738570142553,-0.38113021166241434
1742,-0.0895955744608757,-0.38666785192174496
1743,0.18148859817281127,-0.40358889262026776
1744,-0.2966297437474294,-0.4484425956429618
1745,-0.10659456901428581,-0.3676016410791002
1746,0.24552991175492822,-0.23656686303410476
1747,-0.26036566979163134,-0.3485708732232343
1748,0.2527247992845834,-0.43013892088189654
1749,0.35405540720127976,-0.45594568320932616
1750,-0.09964088925117875,-0.4295359030210697
1751,0.12705391860227513,-0.46505795745215556
1752,0.34618578197885863,-0.3150498445578374
1753,-0.24109074278303455,0.013382377798894951
1754,-0.4262472697372981,-0.04968311307338799
1755,0.08916792092120782,-0.4064862340897011
1756,-0.2128906586056305,-0.4205574459486223
1757,0.36105003363540145,-0.4700323194051357
1758,-0.19185831612631762,-0.41441396130561914
1759,-0.17353403437828882,-0.36226469509834713
1760,0.23625271918003493,-0.17549789946598823
1761,0.02742114233855736,-0.3268371847698573
1762,-0.42719480567988677,-0.06048861549559306
1763,-0.34781613460170957,-0.37276663014559536
1764,0.11883428322927746,-0.43619406989879034
1765,0.11016347197627298,-0.4484637084072157
1766,0.2853186429071943,-0.428614260859021
1767,0.11959836720339379,-0.36526670730098887
1768,0.042672250465622695,-0.40563330783802964
1769,0.07016452809891376,-0.48798786666610916
1770,0.10503180313709859,-0.42358737358401
1771,-0.2633072531616438,-0.38656999198341496
1772,0.449577308391745,-0.3956684268471371
1773,0.13058645618632564,-0.38472458975950885
1774,0.05371166443897828,-0.39144260745731096
1775,0.14713628165627488,-0.39389159960990067
1776,0.001518237675168327,-0.4055022005671766
1777,-0.16527400304310694,-0.47427708366563515
1778,-0.062270081843085155,-0.47520997710779167
1779,-0.026322650203916782,-0.410736960952255
1780,-0.2786065938004431,-0.43028517167689373
1781,0.05847523646444481,-0.5036805479413089
1782,-0.07887235898565667,-0.4040179431798572
1783,0.004961407866745484,-0.49123831928498746
1784,-0.20576875564171956,-0.511363810775673
1785,0.17865025876583174,-0.44984573897532854
1786,0.04753671645449981,-0.43383322123694446
1787,-0.018816431163226933,-0.47224937384816346
1788,0.5582580530766896,-0.23150790017852826
1789,-0.114314460927692,-0.4528043964130746
1790,-0.3119829730463671,-0.3658779957633603
1791,-0.2012668662346349,-0.4629930050000247
1792,0.1007294624998146,-0.440457733714925
1793,-0.1548530872879389,-0.4919905102926745
1794,-0.4668514497352779,-0.336601345444115
1795,0.013086251357805933,-0.4282404555331928
1796,0.1912281802516436,-0.512353854838035
1797,-0.18882156904959796,-0.44107819257566255
1798,-0.1264648844529754,-0.41419256499890844
1799,-0.19964547549010445,-0.5026974517908694
1800,0.28308987029286276,-0.4775623373800938
1801,-0.14643038446293813,-0.39703368450887105
1802,0.44214785115192295,-0.301484959984031
1803,0.2484217716122118,-0.4168474616878688
1804,-0.24847014458362102,-0.3669737383884797
1805,0.14261172787132442,-0.4381835414291085
1806,0.5353684011817631,0.1223361019349358
1807,0.2859923785978587,-0.03628759483466988
1808,-0.26673467792807803,-0.38670315736517513
1809,0.3852170205471094,-0.3988723951937435
1810,0.2210206511397549,-0.360270630347734
1811,0.11865891458235821,-0.20899752769396523
1812,-0.35626910445492366,-0.216520494658358
1813,0.3917398565115389,-0.36348745509952907
1814,0.16377934645911751,-0.36933794086047783
1815,0.46073783638608723,-0.33724631507697633
1816,0.2176158922080397,-0.30423314845902083
1817,-0.5612576800231573,-0.3358974701431
1818,0.0015063652494390171,-0.42774758411165853
1819,0.4516828618142138,-0.36821991135264825
1820,-0.23748692658383375,-0.4727827355501859
1821,-0.178824858327636,-0.4738060905159801
1822,-0.3084480741752383,-0.36458278684679574
1823,0.055710973732371306,-0.48908862147190635
1824,-0.37051716962824743,-0.40950555219064566
1825,0.038250823830638006,-0.45933747444797973
1826,0.14555972687456653,-0.4540100143244499
1827,0.49134020017894237,-0.4183625283228942
1828,0.212878360937785,-0.4081171051623288
1829,-0.0968183200608492,-0.4170956574138772
1830,-0.33473024050766614,-0.4087273651977277
1831,0.31896503604110965,-0.45364935130236156
1832,0.18598469581152982,-0.4202728035438999
1833,-0.02955071149194955,-0.4517461342135613
1834,0.19608760695245955,-0.3573490754385842
1835,-0.25413934031713625,-0.40306324417365813
1836,0.05929953251437816,-0.38979539414568437
1837,-0.171068538942325,-0.40638425675548173
1838,-0.20770146951160842,-0.4040687238563087
1839,-0.21673302370227363,-0.34270891781180585
1840,0.00670218844481779,-0.4205388232874038
1841,0.04125915152647882,-0.4190136382140676
1842,-0.0782658790292493,-0.46201103790684805
1843,-0.11625293719755941,-0.4623984625827652
1844,0.06518285343691027,-0.4074967686815266
1845,0.04220902221746823,-0.45085030735529236
1846,0.06788888157384848,-0.4283490559448212
1847,0.03459218287612578,-0.4222506684500169
1848,-0.1889308904864744,-0.41536356228533655
1849,0.025835171424277735,-0.46384693862486115
1850,0.155014221939073,-0.41067531042683664
1851,0.1384058499620544,-0.4385019279279013
1852,-0.13970829845639315,-0.49055090530071765
1853,0.23259120675124664,-0.38924804548803077
1854,-0.29584949570835456,-0.4061395030543282
1855,0.09425179677801866,-0.26761118441386234
1856,-0.34908092689267184,-0.4584992289808572
1857,0.20687315312892338,-0.4403002599684977
1858,0.13265449770153168,-0.44415342890355136
1859,0.34708827993237196,-0.12897110134626472
1860,-0.7972627262278474,-0.21663119661838603
1861,-0.22403639526032626,-0.34051357557188966
1862,0.156733568652918,-0.38571386494002685
1863,-0.41169193012844385,-0.12150592041119677
1864,-0.3495852963117534,-0.3488266831095184
1865,-0.4858828864479725,-0.31600785428246436
1866,0.375215589071902,-0.36213082731890706
1867,0.2614655265457617,-0.28132964481674655
1868,0.4254630203368786,-0.3070907175102521
1869,0.3033310291474695,-0.33352438908411547
1870,0.2222269975791289,-0.3585066088256177
1871,-0.10582021048790081,-0.43573200417052455
1872,-0.2076587635260279,-0.43311306682694567
1873,-0.20025371895617428,-0.4664649739190218
1874,0.039971124164875665,-0.4556478153405745
1875,0.0027548578828285424,-0.48789888909975576
1876,-0.0791270061979058,-0.4673058273607732
1877,-0.011297660028011327,-0.47957833087505924
1878,-0.024556927896494378,-0.4090073603585672
1879,0.26813685704530604,-0.5069225648786766
1880,0.21464162421341174,-0.47536454081156665
1881,-0.14395610683443966,-0.4712336261247405
1882,0.48528051194819494,-0.3482094252874264
1883,0.034149545805999756,-0.43534462886454317
1884,0.08448740031095577,-0.4244971888783515
1885,0.13608097277221975,-0.4941464784465884
1886,-0.018797815273058627,-0.45140042697020855
1887,-0.10592452556167214,-0.4616231288776553
1888,0.1894960968338011,-0.4157325167961624
1889,0.04590354515614354,-0.45131753122492224
1890,-0.22088599583028345,-0.4007873627354301
1891,-0.2048339077576974,-0.4637497866709289
1892,0.11280645419645757,-0.4815027343268912
1893,-0.13970988388931488,-0.47458781602166655
1894,0.6963078348887687,-0.12027251973008117
1895,-0.10924120219276165,-0.19184227752760238
1896,-0.3831916928938075,-0.43372990537104783
1897,0.05605021305885873,-0.4221034281193384
1898,0.45547391856516084,-0.39972065459698924
1899,-0.13411029114668088,-0.4584462337905666
1900,0.15679124523606305,-0.38089535090398075
1901,0.20110477592881892,-0.4080648983194502
1902,-0.2685043905951525,-0.38710147529437494
1903,-0.17581679666641115,-0.3227842916663696
1904,0.34422503852248243,-0.4171347748213546
1905,-0.26121224988927966,-0.442425043009628
1906,0.015796040598809465,-0.45521543798492325
1907,-0.11469524576832313,-0.4437161962295425
1908,-0.16573462194339544,-0.45081716530029536
1909,0.27802629091811076,-0.4418074550279111
1910,0.011272352685122526,-0.40943386261283327
1911,0.21276721117448552,-0.45885878797780366
1912,0.2615661584216679,-0.38594724308917006
1913,-0.07596021933575482,-0.4334270772193495
1914,-0.11245903840025523,-0.38904672030902715
1915,-0.021952423395680265,-0.43012056999766035
1916,-0.0647202680172664,-0.39774509991892276
1917,-0.12060384917066065,-0.4339050868304152
1918,0.17172636245210587,-0.39485739535426634
1919,-0.3293476706316736,-0.43911801398900796
1920,-0.27740073046243374,-0.3773549573864306
1921,-0.17329948071994236,-0.20125778826215876
1922,-0.42014990724989687,-0.14830213142977167
1923,-0.403287080261085,-0.11855200902569488
1924,0.03081301684817487,-0.3283836599337849
1925,0.22003088702107082,-0.47963657773057716
1926,-0.12643549636248286,-0.2869183991902281
1927,-0.23545588132128634,-0.4396099346729152
1928,0.025714479238169413,-0.3976092734049986
1929,-0.34061620193206615,-0.3539873335497305
1930,0.006947869619217036,-0.4445652368439357
1931,-0.11757528822188254,-0.442859693805855
1932,-0.4182894446694406,-0.3508916772334076
1933,0.20727775015006886,-0.33291821841223856
1934,-0.18198539663534946,-0.3818239980952078
1935,-0.18788797800207424,-0.4102380684041401
1936,-0.5558414819939631,-0.14369592141125165
1937,-0.5221717771816881,0.06362255017378388
1938,0.23663574723670153,-0.04101215007455518
1939,-0.7279059560418945,0.6439473102131468
1940,0.023449122780481217,0.20184675016716452
1941,0.2171270815895106,0.2757198195715881
1942,0.5519872149915572,-0.1830435949064449
1943,0.2138367785552367,-0.37602592218111464
1944,-0.07823288584683827,-0.37634805327302134
1945,-0.05341599099765127,-0.4504231627303052
1946,-0.5431010806760708,-0.34879805555088006
1947,0.49052475756411157,-0.3051958844143988
1948,0.2988527853170663,-0.34069614169366447
1949,-0.24060593807206318,-0.4354400744001332
1950,0.6923624792585839,-0.3199119285991327
1951,-0.07772650209474614,-0.3314103786134272
1952,0.03522912606100499,-0.39852933377486627
1953,0.21032570577810017,-0.44815075905369894
1954,-0.3523011124675772,-0.3423317631521683
1955,-0.630535071830013,-0.3650997980041253
1956,0.41889037269952556,-0.3769589755988315
1957,-0.5246821576881996,-0.20701334510840425
1958,0.39804917203563794,-0.2744579546266299
1959,0.3096274237752327,-0.3181325798729303
1960,0.12319567235642132,-0.4101204028303628
1961,0.3408187979082359,-0.40639257872461554
1962,-0.5738263865982676,-0.3931792675363471
1963,0.03830605054849552,-0.5167527880381505
1964,0.12248199504572743,-0.47137688866578353
1965,0.14876430888557385,-0.5007395359960842
1966,0.04266530528206724,-0.4944768155885706
1967,-0.13667199994387655,-0.47099217444750174
1968,-0.21284587019054932,-0.43628283413956226
1969,0.23505787534582753,-0.5060978378530914
1970,-0.17882156119786674,-0.47836636840112395
1971,-0.024396855238286518,-0.46800171742918517
1972,0.14367148688253203,-0.478570923929275
1973,0.3846405907790685,-0.4209827232412594
1974,0.9309807663164329,-0.3275009755784972
1975,0.4754964480866661,-0.2469019908114571
1976,-0.031988457134799045,-0.3244528543828021
1977,-0.2219030624355122,-0.433015560640346
1978,-0.3326534725185407,-0.39610507756367735
1979,0.014609748725695005,-0.4748929875672662
1980,0.2529038488476892,-0.4593558290856802
1981,-0.23636153915361408,-0.49105099298929644
1982,-0.49029987721425655,-0.3850708705529259
1983,-0.6332394453266372,-0.42019816436628316
1984,0.35980477760042634,-0.46436359456014276
1985,0.09016475590188047,-0.47635218635784937
1986,0.8374091307201793,-0.4772823019582654
1987,-0.18290797414342086,-0.4185888007735537
1988,0.10727860647163337,-0.4501873402645278
1989,0.09447841245086666,-0.4773360152966226
1990,0.4971695129287729,-0.20936657778035983
1991,2.709959052166203,0.35286614460276666
1992,1.1835805956444663,0.7112540399648045
1993,-0.28695473136729344,0.13200950201285921
1994,0.7145238765252976,0.06671790594402413
1995,0.3273423500798277,-0.22910912398925648
1996,0.5440200629923131,-0.13521837497367584
1997,0.10515511197417281,-0.06088331506291287
1998,-0.12726759370407714,-0.10983736988002736
1999,0.24430980587905157,-0.17334666501848583
2000,-0.8287448636701682,-0.10297925937601676
2001,0.5353353220588353,-0.33072984531834837
2002,0.10933068175074029,-0.28723591061982134
2003,-0.24662177845121566,-0.28517777645348474
2004,-0.23956493356040537,-0.3097458559393438
2005,0.002082817205192095,-0.2565926715247454
2006,0.1976149974301563,-0.2763545181189198
2007,-0.2766629573803185,-0.3427599317055268
2008,0.2299140228920233,-0.3483079951645151
2009,0.4457107899259046,-0.22942444053299627
2010,-0.028785259766695243,-0.2727961627919018
2011,0.36789693316836974,-0.4023745224207389
2012,-0.0235055444628922,-0.37642843506835866
2013,0.4150089818460286,-0.10389698747108572
2014,0.1313193993995173,-0.3033715135019388
2015,0.05528760485808009,-0.2149606740924462
2016,-0.33448616010801463,-0.3102739895471321
2017,0.0539020653629603,-0.37942918907528683
2018,0.03696258708828971,-0.3268730787367084
2019,-0.3251631499999893,-0.29773077721770314
2020,0.43880650623990414,-0.38105034509420277
2021,-0.3021685958940053,-0.3996338048925573
2022,0.3712971100833595,-0.19571103949516544
2023,0.22460722521389054,-0.34104941887557916
2024,-0.20495951566750964,-0.38711836493335144
2025,0.0609182079946858,-0.4056990241638151
2026,-0.2521465174168265,-0.2754676768660178
2027,-0.4876279367129244,-0.29521096322426893
2028,0.02590404796342651,-0.350455014342282
2029,0.28774433556564716,-0.3366898413532431
2030,-0.30352671856272667,-0.3807010238165882
2031,-0.40631704916174505,-0.4115804613582927
2032,-0.04559742838367548,-0.3488738175255547
2033,0.19298203439584913,-0.2130462666931648
2034,-0.6498119297958456,-0.424702555265495
2035,-0.9243876175963369,0.1971825305885343
2036,0.2666576795972308,-0.34609978068543945
2037,-0.0029721117890867564,-0.37792489915450916
2038,0.9586979987477146,-0.23614550770389212
2039,-0.10589468541310565,-0.3101030107221341
2040,-0.4522430271524958,-0.3400684749462295
2041,-0.4142121840209679,-0.3607644850339477
2042,-0.23260039472477725,-0.14136355197260553
2043,0.8542362626235007,-0.3302534055156816
2044,0.3653234598724516,-0.14787216582375043
2045,-1.1872912978836034,-0.1941514309400445
2046,1.6414442020189968,0.07331667241946246
2047,1.9653627471960975,0.4706545171566965
2048,-0.7701772871152411,0.248129459513734
2049,0.15108891824675577,-0.16058596253751906
2050,-1.0909112984839302,-0.03748357196480809
2051,0.7998388787536863,-0.29075901175769614
2052,-0.4368242967925834,-0.2664953301906281
2053,-0.31261560065383237,-0.18781334692656712
2054,0.2256376772858432,0.09611868235570528
2055,-1.1519357537552857,-0.03873501532461375
2056,-0.5324903114534117,0.14094187035242944
2057,-1.5107198013724936,0.5759727752585587
2058,-0.9211317027289254,0.5745215615365763
2059,0.6715217453104363,-0.017920502235333813
2060,-0.6230887319401222,-0.18905450651437022
2061,-0.13439924102207396,-0.2769297505855402
2062,0.06702378004108549,-0.2389717288038287
2063,-0.1872077723064587,-0.3457903681151831
2064,0.17634084197041708,-0.24110484557794964
2065,-0.38540985462589344,-0.37959373282088665
2066,0.725767779654255,-0.3180207443001274
2067,0.7137103555837697,-0.22172685003476972
2068,-0.04275957572234919,-0.25953067070316654
2069,0.31794997355982535,-0.2004376685007566
2070,-0.7914734699038688,-0.37183036098869704
2071,-0.13554650190060394,-0.3984438263381997
2072,0.4585459023247467,-0.43710633483765626
2073,0.2264463326489924,-0.467286530531245
2074,-0.536260542437844,-0.4335531844424343
2075,-0.15158873058263192,-0.4237565267787664
2076,0.16240963065337308,-0.3856289554665817
2077,0.1929309913494589,-0.460815715076411
2078,-0.521615630063579,-0.4072015177825814
2079,-0.320920530631333,-0.4437009840151273
2080,0.302985357782599,-0.4137510748998103
2081,0.17097056207377462,-0.45676158944052203
2082,-0.039256920366358056,-0.35668972293397844
2083,0.3870554913036511,-0.4390325866952649
2084,-0.25303806930862954,-0.4462428495692097
2085,0.6609650007498423,-0.22774970238324535
2086,-0.20455407261936975,-0.3816927861535616
2087,0.3043431654003592,-0.42815860329975086
2088,-0.6734875964258612,0.10991406717548877
2089,0.8610245701717975,-0.3478543584871704
2090,0.2912194505801328,-0.26985694706765095
2091,1.5853765977427954,0.28558768311900706
2092,0.394946604314787,-0.23836931674059736
2093,-0.19727700783268384,-0.3515198443241983
2094,-0.33708119326206004,-0.28814808874379905
2095,-0.8024282047666611,-0.2973004496104591
2096,-0.42312513191253726,-0.35893057902774944
2097,0.5980695002230352,-0.35736376688470667
2098,-0.7521018109396348,-0.28739266427683685
2099,0.49006118535323384,-0.33139066492067676
2100,0.2998886490489069,-0.39384181772605936
2101,-0.10944199062124402,-0.43100208593274997
2102,0.12054144585033079,-0.2832519928822772
2103,-0.000569953748190884,-0.3928394116711409
2104,-0.025912366354904792,-0.41379369650503683
2105,-0.6600799658810557,-0.4082844846349895
2106,-0.1558024497828145,-0.22817752071824632
2107,0.4287667455022958,-0.4584912407768017
2108,0.44098136578872565,-0.3674643330331329
2109,0.1739744508834748,-0.4096881875952272
2110,-0.30821806639471255,-0.28398429414052473
2111,-0.6221772460783187,-0.26427400372320903
2112,-0.07175827239054323,-0.2365978943195154
2113,0.636169727212583,-0.3967223506022094
2114,-0.22420879660726722,-0.30849603778204204
2115,0.6642035013949579,-0.21010251887729658
2116,0.8275671193335488,0.1306284763210471
2117,0.0667860856277295,-0.25401024377774123
2118,0.4371040829658182,-0.1790495279809379
2119,-0.5087457918772482,-0.18533126260380367
2120,-0.1156532911021957,-0.3761292940896965
2121,0.13883067087416592,-0.21897831006839785
2122,-0.2411451208323669,-0.23120803960381578
2123,0.5994263955121193,-0.2085093996703507
2124,-0.18104169409762383,-0.36389050935580447
2125,-0.06438649729053575,-0.3430820136453323
2126,0.250216513254404,-0.3123479485847183
2127,-0.6858214362308106,-0.33018037165019526
2128,0.6168204535245646,-0.35252318661166504
2129,0.03932465331328698,-0.3803875402654072
2130,-0.04071532886497215,-0.2609230134591863
2131,0.4489749709679882,-0.31406919251634396
2132,-0.5064853668028015,-0.17982979773229352
2133,0.32065018937704554,-0.3129710689024836
2134,-0.044643751604330685,-0.3767179481116917
2135,0.4374617437222737,0.005410802668356571
2136,-0.3510197969532635,-0.1661141367254306
2137,0.7069274045351659,-0.09978446830654789
2138,1.8161087794769117,0.27101937034856227
2139,-0.4696383972869488,0.30671446859945
2140,1.433307785357773,0.4288157693582697
2141,0.3895766049422135,0.8265549761084632
2142,0.7730377647805728,0.43800697195110994
2143,-0.534280625700538,0.2726563829527603
2144,1.3773046767101156,0.3729731037952928
2145,0.3289594517290995,0.4200096178902121
2146,1.5775974454488162,1.1599673568251276
2147,-1.0919897428319942,0.48341190270571543
2148,-1.6878105772531085,0.7906071450766031
2149,1.4006445623538835,0.09216208772723061
2150,-0.2846157867693964,0.32723473412815013
2151,-0.2668356515922942,-0.1377756711529642
2152,0.20227053309933216,0.21956756722877901
2153,-0.3265667910566,-0.10149566687494094
2154,0.3717323606717526,-0.20128760741039756
2155,0.23093234331157667,-0.14392004193377184
2156,0.7293889819161052,-0.18800859076915333
2157,0.2646029087033869,-0.3046907767892807
2158,-0.39648878501198953,-0.15465828908779217
2159,0.07875171892675319,-0.2929395256186283
2160,0.5709330229130675,-0.3551712235485421
2161,0.11202952243244982,-0.38075344087432783
2162,-0.018287192162043886,-0.35469414386915005
2163,0.0789933270054852,-0.30018487443268094
2164,-1.0968893588400652,-0.18600445269217475
2165,0.6486176101340329,-0.33579463978998225
2166,-0.3302310098190934,-0.3699882308279798
2167,-0.035837096160955366,-0.387547275228042
2168,0.04868717258308546,-0.3851263499839634
2169,-0.1585024013694325,-0.4255067785448733
2170,0.09548016488724301,-0.39844479618813683
2171,0.7711233855643904,-0.02114474405726441
2172,0.9620628742622792,-0.04229890888700896
2173,3.5214034571576516,1.5389625342224558
2174,-0.3649852291648328,0.3956036257699612
2175,0.07568390221107033,-0.03587377551805295
2176,-0.3305876143948828,0.021271811699480142
2177,0.28179795549532105,0.2677327838638305
2178,1.0532534929716875,0.31425555057046517
2179,0.6383572302526082,0.23946923230335054
2180,-0.13187280984565364,0.03572415376575412
2181,-0.07569793368754807,-0.0882424128319564
2182,0.1788079534802106,-0.055826717871041466
2183,0.16925296711749527,0.2350657607340897
2184,-0.8584558503294031,-0.15025984991655023
2185,-0.611370689516659,-0.07721149896586121
2186,0.9042693214444173,0.039563104556108036
2187,0.36576677266244445,-0.20131005569111127
2188,-0.8606887054508414,-0.2130031685046802
2189,-1.1581247830834687,-0.02123313517993136
2190,0.7129357471253128,-0.18640014038522246
2191,0.550471658036439,-0.1863935238539285
2192,-0.055031394378485095,-0.1945984539646038
2193,0.06790558622130002,-0.13082298735005346
2194,-0.621653084899573,-0.298351338902555
2195,0.64428235826324,-0.31747153028297714
2196,0.4422630827724927,-0.2468742422009434
2197,0.43383828079203457,-0.2668440085494397
2198,-0.0933016676847988,-0.2752674119285592
2199,-0.42020221637235616,-0.30060262978079266
2200,0.5049243551546517,-0.15224699038026857
2201,1.6565386676423974,0.17272182739880831
2202,-0.7460620360635649,0.009961973464793022
2203,-0.3550021655973277,-0.19463833848579598
2204,0.024126106869196202,-0.3049406410599301
2205,-0.14091485958077446,-0.17713675435663823
2206,0.7787486757010054,-0.19682221596205707
2207,0.016324324823426516,-0.17709247768347253
2208,-0.14966448136720104,-0.2922536763330171
2209,-0.13317126908908455,-0.17768988630868549
2210,-0.4323061428340785,-0.08268012757284084
2211,0.2599356905668467,-0.26451785900783864
2212,0.1395506197999686,-0.2507379442422006
2213,1.1885547833636836,-0.19567802727287434
2214,0.5690407519051428,-0.03940378210147274
2215,-0.38796744832703167,0.22940532226637667
2216,0.38167401446037874,0.0249459227301968
2217,0.06861438369547912,-0.09275101205687031
2218,0.31678228690258703,0.07821476063620192
2219,-0.6218415848785752,-0.10182618502156579
2220,-0.3718243035574563,-0.21400826085490732
2221,-0.5410858401999386,-0.11308878102808703
2222,-1.4460228397064574,0.3702728012682368
2223,0.7598536241186782,-0.11786014232187808
2224,-0.23234394917827478,-0.26378623088954445
2225,0.7031759948834841,-0.24953678394507417
2226,-0.08712865075688736,-0.20217021367629667
2227,0.06737730543611087,-0.23237785886565607
2228,-0.5441354584883824,-0.29541949668726086
2229,-0.17736112423515252,-0.269801614076653
2230,0.957401362188645,-0.03125043401381318
2231,-0.22853331692690163,-0.27633810365127176
2232,-0.3065081889898734,0.07193404153588337
2233,0.41172702261142724,-0.32594987339200926
2234,0.7381285525026218,-0.17968286259248464
2235,0.12065451415305466,-0.11976894754740905
2236,-1.962682618885153,1.9492344813897717
2237,-1.2808983476409708,0.7433617001904644
2238,0.9254669399167128,0.3256795393914641
2239,-0.4463152717835657,0.5364475663016827
2240,0.33592957825718844,0.07752644371675349
2241,-0.9671312197134997,-0.1629869467283603
2242,-1.0280398529589323,0.32114940660620916
2243,-1.5027294848522945,1.4057695344727517
2244,1.2566514448314103,0.21308331883557718
2245,1.5813919823472478,-0.09949898952117858
2246,-0.2510172327472909,-0.11452799226243134
2247,0.35123569196019705,-0.10260810661348774
2248,0.6590948850687111,0.19014667590530177
2249,0.1963532497187182,-0.24739516051611768
2250,0.819786945395489,0.0694860653878962
2251,-0.4742920420353247,-0.30638780068285376
2252,-0.08269749055873135,-0.30986600281381554
2253,0.45346320295190334,-0.3353282054695933
2254,0.6308197495117467,-0.16029025062053365
2255,-0.3552034137341506,-0.2542351438722979
2256,-0.6734878213903073,-0.40972523804287564
2257,-0.17315037291072288,-0.4171281362074837
2258,-1.235468504912535,-0.24020315073705056
2259,-0.7368741457930668,-0.26457044145220404
2260,1.127674598997497,-0.34288179748862396
2261,-0.03910616672557524,-0.25843705974932324
2262,0.3144167930553284,-0.3733352617664858
2263,0.5076771774229651,-0.3390902259974674
2264,-0.12798594217797857,-0.4421738520886773
2265,-0.026712961532259792,-0.402328347646934
2266,0.28429138040232904,-0.4377313077367384
2267,-0.16848637960331092,-0.4530300493628388
2268,-0.6136578952935929,-0.3330982468401666
2269,0.11642685016514398,-0.4409832503517544
2270,-0.5568702762428166,-0.39513235384176226
2271,0.3838839748491078,-0.431126027177117
2272,0.8211053867368381,-0.4164351873552913
2273,0.283891635555844,-0.42140813965897794
2274,-0.022841234093711874,-0.4304871515244287
2275,-0.3007036402843549,-0.4427530055948389
2276,-0.40348153826514627,-0.45998402630703716
2277,0.18873916204575092,-0.40104163260049186
2278,-0.5813411129077474,-0.3292337335012623
2279,-0.5953349567450366,-0.307600423122029
2280,0.8782398141943298,-0.3306971909557557
2281,-0.7970342314843023,-0.3442717778744004
2282,-0.5089971089783277,-0.20685977309208695
2283,-0.013250933322121185,-0.23878150327860326
2284,0.5382720224640514,-0.41764312730598957
2285,0.17093143432417632,-0.35774888812043604
2286,0.41916069121774147,-0.3414228806057204
2287,-0.07378009913757903,-0.4309776104989918
2288,-1.0163747271373489,-0.36364892375764957
2289,-0.7320705763705753,-0.17490218053180517
2290,0.1665550231334239,-0.2617832370357983
2291,0.6616950005311885,-0.29977822004577265
2292,-1.5332486385548865,-0.15858952376003374
2293,-0.6267339017538003,-0.1133924607170225
2294,0.14358264957069422,-0.03133845202852248
2295,0.14810596879269378,-0.23381639863799125
2296,-0.41333103972377105,-0.33554302665768343
2297,0.4253292707392203,-0.35373715631718866
2298,0.6003036058066219,-0.3845313207964711
2299,-0.8978614476962506,-0.3630085741786213
2300,0.16184092799460134,-0.40974728710493075
2301,-0.15196482290694674,-0.41147029931747947
2302,-0.028846083130560377,-0.3664440680909893
2303,0.6663711372486545,-0.2840442212690224
2304,-0.739305332715618,-0.39895249310505293
2305,-0.2884984982405087,-0.40477225859275934
2306,0.8867506572591138,-0.2086163157458513
2307,-0.8094221966663981,-0.30194891659026335
2308,-0.6316854661377832,-0.22978021619032718
2309,-0.2228608949156832,-0.25017996821200217
2310,-0.2936226829858236,-0.2013149211086592
2311,-0.6815686804137995,0.06869798527548507
2312,-0.5221399193243632,0.48882170722552654
2313,0.18366976150859438,0.24454957785858572
2314,0.9480565906430226,-0.17275392763118416
2315,0.1377807795226482,-0.27274407667778827
2316,0.10026520225360187,-0.29306746404778633
2317,0.3730407380039573,-0.3498739639243373
2318,0.0013348314767580877,-0.36581700939879785
2319,0.45505011152141506,-0.33048055527619075
2320,0.2428237669054939,-0.36774287277506096
2321,-0.0832456039395158,-0.32442977339080814
2322,-0.6319545304143879,-0.2749238062146465
2323,0.2520556066030509,-0.42892612689740295
2324,-0.2201775681524598,-0.1422615169332264
2325,0.5203161899714807,-0.3201335156750665
2326,-0.161231770588074,-0.38630061026243007
2327,0.10775780721806373,-0.24213014265755678
2328,0.2517561140984413,-0.3092109410309366
2329,0.46777623395578555,-0.3362642963753378
2330,-0.15936188312990568,-0.2872056359940197
2331,0.2508575295290366,-0.400728097300895
2332,0.09136593395803831,0.698924138798099
2333,-0.08952053585697073,-0.219525945909387
2334,0.3700005759587031,0.2983123469029408
2335,-0.04026056961019161,0.13510002401904359
2336,1.1117274680605465,0.047920026020632056
2337,0.0764244988770455,0.08386349966925302
2338,1.4175926881962058,0.9248146800918672
2339,-0.606527926564926,0.4432655939159379
2340,0.11395113229216632,0.07117454946217938
2341,-0.3635709876322813,0.4918147972807463
2342,0.8266180938829689,-0.1605867316091789
2343,0.5501937704219098,0.11098340445499016
2344,-0.0008402214827622446,-0.011505918572823251
2345,-0.28446469819429904,0.31332200582820385
2346,-1.4137885883555457,0.06353393229481327
2347,0.21994799616569274,0.04476170880041508
2348,-0.8260020235178004,-0.19733134008361733
2349,0.8084405359879023,-0.06663285838694707
2350,1.008172677176783,-0.2341976106303883
2351,-0.4563506515847436,-0.2177666005726444
2352,0.3261790485700933,-0.23772342476823202
2353,0.22876207146977018,-0.33757489566402765
2354,-0.6092613765445486,-0.29063589914511456
2355,0.730325587466391,-0.38162502804382026
2356,0.16249802493346932,-0.4432521036521193
2357,-0.03388096520407025,-0.3390477297541931
2358,-0.18318149772953327,-0.21242789177610444
2359,0.04471231719251134,-0.3975502248064813
2360,-0.024493140064029494,-0.3843358832672965
2361,-0.060709912276806256,-0.37743322239282245
2362,0.3429626717918402,-0.3143644354754249
2363,-1.1433525234551682,-0.25652499756843483
2364,0.20357427884722284,-0.35659480006256633
2365,0.4740361396876094,-0.46077819198935743
2366,0.41185997638776856,-0.3955361026043308
2367,0.08047879281450127,-0.45085917943851106
2368,-0.180920560771687,-0.4227590773721057
2369,-0.2926723490183803,-0.36379174833586575
2370,0.22351030134723004,-0.4280957372706454
2371,0.6383849698014569,-0.219981657639582
2372,0.49623317540153933,-0.11150493320830729
2373,0.2416181610054626,-0.2544200135810717
2374,-0.5894883738641323,-0.11744593360657904
2375,0.03311954388955288,-0.22289801310877916
2376,0.6311330470695493,-0.3354147199219126
2377,-0.09307670372901791,-0.3356826681966336
2378,0.9857044209893964,0.1341188856491097
2379,-1.3345213393984985,-0.05992481230560924
2380,0.5613945940084859,-0.20872483184267276
2381,-0.6845397144794678,-0.2720731195618222
2382,-0.454121831345769,-0.23264213828446154
2383,-0.8595334858990458,0.15431895029379247
2384,-0.3553073880270719,-0.12238898283535263
2385,-0.6909771755616693,-0.014893179865474268
2386,0.3780370385966666,-0.3074555182923906
2387,0.09150823713447055,-0.3441063056810828
2388,0.638231046529058,-0.35689637309543254
2389,0.03601935127952677,-0.4037003200197741
2390,0.5967694177468499,-0.3561060527809259
2391,-0.709798993045882,-0.31067257832362855
2392,0.14120978779965465,-0.2516447524801131
2393,-0.465479016577467,-0.37449246149298565
2394,0.8697022879391871,-0.37757033680119434
2395,0.3233518332453114,-0.3561898508240551
2396,-0.4497161129115839,-0.32517034004014517
2397,-0.061388264634196214,-0.3854462051089356
2398,0.5700988508236488,-0.2018017361769513
2399,0.30460263719640696,-0.27917694457106185
2400,0.30370364512401016,-0.2807887967094631
2401,0.10485355176139136,-0.22020357793719797
2402,0.06445836502873552,-0.11241601409622784
2403,-0.37690817895797796,-0.2495675653423805
2404,0.3954330219102748,-0.22947842914201735
2405,0.26859201648983105,0.09348965716462848
2406,-0.3689293029012035,-0.12106105292445549
2407,0.4618346215658664,-0.24463035594057786
2408,-0.2118691186536453,-0.2879637747569954
2409,0.16410341072029314,-0.24628754741026532
2410,-0.24394054993472122,-0.10509311805409435
2411,-0.2172495255211201,-0.30429065526153887
2412,-0.05177042712246994,-0.29872192156126776
2413,0.5265859346695374,-0.2410564232997739
2414,-0.518633441276725,-0.09908717815745832
2415,-0.3383991106732884,-0.056084938660014336
2416,-0.2975399647260977,-0.1671739825909357
2417,-0.10768442611332334,-0.23933104605433053
2418,1.1056395704211714,-0.2222282076464835
2419,0.14811656507831789,-0.10883785172100585
2420,-0.05032988676935438,-0.2469865146737688
2421,1.0296768726922079,-0.1363478517364222
2422,0.6579606246919444,0.4732421311987961
2423,-1.1944288045347722,0.3211527658880792
2424,0.748589939846338,-0.19802334677743483
2425,-1.3188551692697101,0.1911696224338345
2426,-0.18861232105966355,-0.12149791761499332
2427,-0.5478201511337016,-0.18690726376459035
2428,0.6254633361126776,0.3702104879884105
2429,-0.19359503393493707,-0.156269825620362
2430,2.57392816732719,0.4135866650910923
2431,-1.6633181511151132,0.3011350438045487
2432,1.4972743912644473,-0.046051965663548966
2433,0.6199480155370383,0.6450096824613519
2434,0.15978531901954027,0.17735062382937639
2435,-0.5359148486573041,0.022768297380192704
2436,-1.0175713869593408,0.1529280637671821
2437,0.2900949315645248,-0.1492928066613718
2438,-0.7229863561831804,0.043781819583356446
2439,0.5205186008700518,-0.11187274690825291
2440,0.9394648642293226,-0.11277958665799846
2441,-0.29265182890584956,-0.27506607589116594
2442,0.5543815752131932,-0.22678167200719324
2443,-0.17749277648535292,-0.33753240124775635
2444,-1.6657042282044008,0.05215347557667843
2445,-0.7231447850743068,-0.04712194350585307
2446,0.3918900342389246,-0.35334718477485694
2447,0.5398058230933951,-0.42313309944883815
2448,0.6936991218030331,0.3924783719509926
2449,-0.7261443432601393,-0.39470947349682106
2450,-0.15999259439153884,-0.2967311284385147
2451,0.19029947142767042,-0.32937397795836687
2452,0.14785583239350475,-0.36992548984363854
2453,0.4415063249415636,-0.334906588292351
2454,-0.5484348437185892,-0.4234684281702792
2455,-0.19483343363691039,-0.3666125314462626
2456,-0.33276438420295634,-0.2937962729698714
2457,0.15867103623391055,-0.43856320690441253
2458,0.33817226380642923,-0.4097641131817155
2459,-0.8411898809717352,-0.4171787602646667
2460,-0.002708189820786756,-0.41819359308832804
2461,-0.5192024012339357,-0.09314360926036996
2462,0.5849140198583136,-0.42045103677341744
2463,0.21278451250278177,-0.38160807186902107
2464,0.477744427047696,-0.41561373704369
2465,-0.15660992632659337,-0.4040848032477364
2466,-0.21664555567375876,-0.3692647171957101
2467,-0.2600785849896348,-0.43180849070738614
2468,0.038678435979342694,-0.48945600278568563
2469,-0.2951644954903691,-0.2637541679296581
2470,0.6922061679746518,-0.3195084067179378
2471,-0.026723147951798976,-0.303769137161256
2472,-0.41036573887435857,-0.3802483684117396
2473,0.9054036383327861,-0.19374491113589112
2474,-0.3215401558247854,-0.2899492089673351
2475,0.5535291154932392,-0.2334854633558643
2476,0.6819821051709021,0.16156224404450353
2477,0.21524530564265776,0.053626498748106155
2478,-0.9062152098675871,-0.0030160104561545026
2479,0.2634241924287078,-0.355681781554036
2480,0.514357868917843,-0.3475821370878614
2481,-0.333166770764798,-0.3405238801783401
2482,-0.12809412752432642,-0.14157327720479565
2483,-0.8400157636677059,-0.31377961581613667
2484,-0.13575826260103357,-0.2808318101373388
2485,-0.0695203232481558,-0.3555286521404283
2486,0.14253713666361126,-0.2550733245967925
2487,-0.4863459502949283,-0.4179843846370331
2488,-0.021788062883745372,-0.37800535753029935
2489,-0.49852461891018834,-0.3926920320431901
2490,-0.07651938116251347,-0.3226447410571581
2491,0.3075733470451377,-0.3800917018333023
2492,0.2397996834595209,-0.41548245637162606
2493,0.015608168123740792,-0.4742796556224418
2494,0.2891022940771892,-0.48715226782777055
2495,-0.15015573796404566,-0.4892885306671152
2496,0.27668827417648884,-0.2099576397754579
2497,0.07071375983353616,-0.3558770847128795
2498,0.4849910825194071,-0.3108856093806273
2499,-0.10917123302959589,-0.3815051037394066
2500,0.05837873271731978,-0.3059180287712747
2501,-0.7125355508617577,-0.33952881819287667
2502,0.1306171805316039,-0.3408964332667584
2503,0.5051951987734954,-0.2605783898008418
2504,-1.1204632852452563,0.03700026132396875
2505,-0.35812238799546753,-0.17795195754552184
2506,0.15094374709668146,-0.2956397499055964
2507,-0.45635180901716144,-0.28787780683284536
2508,-0.45506475229783205,-0.149761912765004
2509,0.3828639408770732,-0.34346626734114394
2510,-0.053473513281932505,-0.3593947702856838
2511,0.1944402301962343,-0.37879424140626006
2512,0.36672811822802837,-0.4229382169089587
2513,-0.5703271512506973,-0.36984385839624573
2514,-0.2860634086511849,-0.2612245682839724
2515,-0.22476256942974487,-0.3577745406410837
2516,-0.4002290889240256,-0.11052907311839726
2517,0.042666627559906724,-0.10382235275799351
2518,0.417352496148561,-0.22841238796273527
2519,0.10958395681607891,-0.24032291252925217
2520,-0.2970144413848113,-0.39951524963901963
2521,-0.1237999023117104,-0.3694343819571463
2522,0.09635688496994636,-0.4098910461912619
2523,-0.6271746531751106,-0.2808098713985176
2524,-0.30519457012752477,-0.21539616680797197
2525,0.5497615247740625,-0.2061833010262645
2526,-0.21652636380150275,-0.2920508283297604
2527,0.19379993379698285,-0.30992252127947884
2528,0.46543368691578424,-0.35129023386039737
2529,-0.0288627485557107,-0.29058690555602606
2530,0.4631433702151118,-0.3526848582659773
2531,0.2995483258830645,-0.3433583920832916
2532,-0.35911393347063825,-0.38418697333831725
2533,0.26618531472983653,-0.41108443071029044
2534,-0.33197335664086236,-0.4012539587586649
2535,0.31211645794372384,-0.450993868428298
2536,-0.7034510935309307,-0.36153529103883003
2537,0.42228523922923944,-0.4434265545193079
2538,-0.18808994032037865,-0.4278674920559606
2539,0.3226001664217693,-0.4450535942166586
2540,0.03037384427442895,-0.4554978828761709
2541,-0.09905369131436093,-0.46412100363980746
2542,-0.2254557231933242,-0.4534626607428363
2543,0.2505706775191047,-0.4887742129791737
2544,-0.23282477147710706,-0.49798908695865984
2545,-0.26823510462780137,-0.4275853082960521
2546,-0.023858423236617507,-0.47306721379291217
2547,0.266643135135265,-0.4948694227611462
2548,0.06554093822146781,-0.5139619122745078
2549,0.18244294110024523,-0.4745494607175115
2550,-0.16115162188555304,-0.4862446571034579
2551,-0.15186248677415914,-0.5189382970037884
2552,-0.1488411941487884,-0.4591260937430063
2553,-0.4280812505948381,-0.47825489950739414
2554,0.7166435412021639,-0.44982067665902253
2555,-0.06367997223609251,-0.46749115256158263
2556,0.1102471360836609,-0.34129405851578226
2557,-0.028675148778570587,-0.4525498242240515
2558,0.6808528464891024,-0.4222449207356038
2559,0.046925130899066116,-0.42319163120896275
2560,0.2839413751294381,-0.4856249747732254
2561,-0.16730469352009456,-0.3175615992328147
2562,-0.34948492655025953,-0.43296596912005303
2563,0.17732656325649018,-0.4643860293035743
2564,-0.20037729146613711,-0.47426725463095837
2565,0.009403859371803368,-0.46601284443520097
2566,0.39245872121386494,-0.4061889253605907
2567,0.5885886078439738,-0.08591354447064944
2568,-0.06307608085520866,-0.40467443889139515
2569,-0.29299160634285626,-0.47634844868415716
2570,0.38679986533564836,-0.2639810235102324
2571,-1.5088039553051744,0.23328184105345812
2572,-0.6042523872528249,0.15295202022716758
2573,-1.43899352806285,-0.14960475150155567
2574,0.9977464498226765,-0.235081333372462
2575,-0.17699485971232215,-0.4194199021489122
2576,-0.2489334500664599,-0.4155500547880394
2577,0.16560821851302177,-0.3734891588384192
2578,0.02889665196297464,-0.4251433406011573
2579,-0.36377321430311516,-0.4684558060686739
2580,0.31031036287121283,-0.4705144143128474
2581,-0.16891077577115376,-0.4372045965384088
2582,0.23775789749223022,-0.4755815179537616
2583,-0.3023217181076773,-0.4805597048833403
2584,-0.6125429627437177,-0.3262142172713144
2585,-0.26296920902104215,-0.3553905967282866
2586,0.11518694526917547,-0.39143707044166165
2587,-0.9465943901648678,0.00728440092318533
2588,0.5433641107909087,-0.3197059506560772
2589,0.04469664560279941,-0.43773983432655195
2590,0.3414842307858011,-0.45188039867064633
2591,0.08020590548375639,-0.4363050467216391
2592,-0.26563373860791895,-0.459538230485493
2593,0.18575471548414313,-0.4105153417931945
2594,-0.08791236507857918,-0.4061147378308858
2595,0.3376226694682679,-0.49554020381231306
2596,0.008530590158295001,-0.4454480279180878
2597,0.007309807892985187,-0.40431281836676236
2598,0.1431405019805223,-0.4139529546289834
2599,0.186663139033724,-0.3957961492809938
2600,0.24882592782103463,-0.3924437236306838
2601,-0.09598454917387705,-0.3959200207719554
2602,-0.4002535758713727,-0.45472429564630834
2603,0.10605301566232266,-0.47826163184835413
2604,0.3871143023687382,-0.4671573609304356
2605,-0.2522067885427872,-0.4323682378094901
2606,-0.17964716368093997,-0.44701114198148356
2607,-0.2989244828189748,-0.46611937996933633
2608,0.044370490442952805,-0.3774466078073982
2609,0.08975497190088193,-0.4566952679853929
2610,-0.2881158480606961,-0.45999697905162723
2611,-0.051420358461723666,-0.40855063739067576
2612,-0.13214378767886692,-0.47127837541744866
2613,-0.13362788214690124,-0.46726900645532915
2614,-0.4279599993089108,-0.23632493808847194
2615,-0.17175850189391542,-0.4012652075028117
2616,0.3426131321430748,-0.18685936935259123
2617,-0.25678514727591034,0.03534438070993148
2618,0.1641601910647198,-0.1313578331739102
2619,-0.1577351982716075,-0.1803946251437814
2620,0.6818394245722842,-0.22121501980772942
2621,0.23768033674796119,-0.323324337507521
2622,-0.40043983627599633,-0.3357161085781637
2623,0.4216990654086182,-0.29165180053811157
2624,0.0147114528872059,-0.4021246317770739
2625,-0.17936947016339672,-0.42236194110768943
2626,-0.5241921726494398,-0.41243062896853977
2627,-0.4225145798445306,-0.35726886864387586
2628,0.20544797085387428,-0.4037177337612303
2629,0.12923837443822286,-0.4627912730361759
2630,0.06329723457210562,-0.35584552160351246
2631,-0.4704162571303547,-0.17947448097109778
2632,0.176497076966608,0.06778638027952233
2633,-0.09952870114817332,-0.37759240248842635
2634,0.6839391358590424,-0.3258992067590504
2635,-0.13388604343256974,-0.38349379418366436
2636,0.006929957856232134,-0.4204737357995906
2637,0.10743255805009166,-0.4482069503690411
2638,0.4288790213338938,-0.3125982381506145
2639,0.16880622022533784,-0.3547223677581207
2640,0.5528584601301384,-0.39256829836317897
2641,-0.2670924726914138,-0.3064139169103435
2642,0.20384345156913797,-0.3978880914925469
2643,0.410357660445112,-0.3623757878386218
2644,-0.040666736141820654,-0.37983071915333094
2645,0.31161256484543587,-0.4014702803269574
2646,-0.350921330330415,-0.3521976833949986
2647,-0.34548873619620873,-0.39986037035823524
2648,0.1893634796063484,-0.34152145299822123
2649,-0.2110686403189996,-0.416185275526751
2650,-0.2566190429571492,-0.3844800192075523
2651,0.6279430229795712,-0.4477079099167256
2652,0.3239752497506835,-0.36117340413740906
2653,-0.3299388586730077,-0.3663905830112193
2654,-1.0873880702145102,-0.23279996282219487
2655,-0.1965512688728572,-0.28220329693394147
2656,0.3699324793601841,-0.053218568603467895
2657,-0.22111109037712026,-0.3164498265822446
2658,-0.6466079394497799,-0.3622179519994028
2659,0.2264409423418036,-0.4293892156693463
2660,-0.27706484059316877,-0.4541918762767552
2661,-0.016786232920326702,-0.4620989103276112
2662,-1.070074358474739,0.048178668295398075
2663,0.6181564680058866,-0.2567706796009127
2664,0.17576634231478,-0.26790181882627556
2665,-0.6245660028623483,-0.44007464199010693
2666,-0.24847319357765446,-0.2797354065403156
2667,-1.0753218632523813,-0.0861795684662539
2668,-0.9137017753821242,0.20744398724485602
2669,0.1728862666127325,-0.2149809354522855
2670,0.42618052871113155,-0.20806435051753133
2671,0.9051364557063063,-0.2688292222337503
2672,0.2919522170038441,-0.29238074283955395
2673,0.48432852100481066,-0.39615182185704034
2674,-0.18974469464625957,-0.4171520218832875
2675,0.8514610170096005,-0.24525535080527894
2676,0.7227046000721584,-0.13079887101143056
2677,-0.1090970303777208,-0.44922415735528076
2678,0.43284835263021104,-0.34180711471308434
2679,0.6663871886878948,-0.19477698743190863
2680,-0.519985323198046,-0.28568541669437486
2681,-0.08870471955720302,-0.4012228659170176
2682,0.2852491884258628,-0.39159238010047726
2683,-0.07853382874055216,-0.3752691253809298
2684,0.057632806270148274,-0.37753109515335703
2685,0.24637295408002233,-0.3720119565626101
2686,0.5962043648294076,-0.396382582539706
2687,0.1491512723511777,-0.16002912723496518
2688,0.7776818212556984,-0.21503890381686352
2689,-0.15487691046425633,-0.30011899605472914
2690,-0.2750344580418084,-0.3508562008975493
2691,0.7297009471877647,-0.20181545287719188
2692,0.13465926910278636,-0.22476582027556735
2693,-0.09018919146322377,-0.27847785447408224
2694,0.33171767600141533,-0.1710153867679906
2695,0.08269344194840923,-0.3194582898395408
2696,-0.3186636633819216,-0.27432240460614027
2697,-0.1100617560854382,-0.31559371919295276
2698,0.07477496989224028,-0.06781535494006372
2699,0.13492979830261193,-0.34633153523093246
2700,0.20944244898850237,-0.3644072982808799
2701,-0.43595077581318725,-0.31429376274730025
2702,-0.2324777101958103,0.46572902308064845
2703,-0.4224236605067266,0.3100071044541147
2704,1.8629012843760884,0.21035900859154816
2705,-0.5291283111358741,-0.2709741057036373
2706,0.2790670229246629,-0.18679102865819286
2707,0.7936932553206654,-0.28813812696803176
2708,-0.17914808653355532,-0.17711809401255668
2709,-0.33385157146578043,-0.2902242774977696
2710,-0.7909963250498095,-0.2186556992963922
2711,0.4068967598435967,-0.3650242277630645
2712,0.5514292502894199,-0.2724616501124624
2713,-0.6346473344277614,-0.24834838778476315
2714,-0.16287593628738417,-0.20124273317797428
2715,-0.6907380160316093,-0.3726212458368458
2716,-0.6299965214652837,0.07608865443365959
2717,-2.17840045126186,0.3089016049306365
2718,1.4354216541787967,-0.14186645030298556
2719,0.21022726637441358,-0.13269315583470517
2720,-0.16730175649453996,-0.2210992272653998
2721,-0.7159456477615334,-0.05427966494588074
2722,-0.9220987949176531,0.18519688588505362
2723,-1.274080521765391,0.03904336598493191
2724,-0.07327936327826041,0.1697437959527353
2725,0.42253003031337616,0.12482947088536522
2726,-0.836497100664392,0.006101969533099966
2727,0.5456827958944637,0.17338940756660204
2728,1.041796030591445,-0.1264953247158059
2729,-0.8265522063358818,-0.10972446104029612
2730,-0.18794211727153837,-0.15932476085188157
2731,-0.1276252263722881,-0.3554388064282756
2732,0.9850752726529356,-0.3498618475909318
2733,0.7239740917706934,-0.3342701380988048
2734,-0.8739826572078716,-0.3203664001820403
2735,0.31503630672402483,-0.38373645193012584
2736,0.3293672894591468,-0.4227938337266823
2737,0.4553218327796637,-0.3557555225485714
2738,0.8110037786223336,-0.1491399068123882
2739,0.7662139357804653,-0.2506423836611784
2740,0.6355367297235148,-0.3574529927110478
2741,-0.3791724827371605,-0.3792364193238388
2742,-0.727820361619048,-0.3510836992013967
2743,0.33477103694252697,-0.414556243694772
2744,-0.6920821645829366,-0.43212841195261686
2745,0.0379776325799091,-0.40005381159771636
2746,-0.30179379612624596,-0.37911626194555104
2747,0.11233094810456005,-0.4501852161929774
2748,-0.06580390578428644,-0.4392116027487655
2749,0.6032794974284866,-0.41945224089849575
2750,0.23633993104378814,-0.3028456241320612
2751,-0.3893916774015578,-0.3651812227295554
2752,0.3440337981540533,-0.49166372166366146
2753,0.38479934554232326,-0.41508778991726786
2754,0.19289207899547192,-0.4221089528551495
2755,0.04297572016985741,-0.40412563997868317
2756,0.31246843052109524,-0.41453355329635533
2757,-0.20151080273511873,-0.4419584646732345
2758,-0.198702747108022,-0.36150150701393846
2759,0.41426654231901083,-0.39818500730136386
2760,0.5438834211420324,-0.38807402503263455
2761,-0.19041354459612525,-0.3194480658933449
2762,-0.21810457221926108,-0.1583527596112879
2763,-0.1246097037847446,-0.2707172976509446
2764,0.5700699758785758,-0.32053653087001704
2765,-0.8578525309728771,-0.28201217305043114
2766,-0.2438730771345974,-0.22195893347472076
2767,-0.10984215171625374,-0.38779736489937094
2768,-0.20261522019893785,-0.41313310574561557
2769,-0.3536186171881618,-0.32621717991002463
2770,-0.12976917774794353,-0.37076726106941027
2771,0.4928195408332248,-0.46512267629108606
2772,0.13835746324545833,-0.46483205781526926
2773,-0.13944243412116003,-0.47066218349820826
2774,0.3217011950022775,-0.4101034205167292
2775,0.19993323790623943,-0.42704116341297016
2776,-1.0701735519073383,-0.3726814900889268
2777,-0.5369266740985219,-0.24215670931403158
2778,-0.23262128398631376,-0.30722650486874536
2779,0.40518101192202954,-0.37731794640938265
2780,-0.14717515226684022,-0.34244447163746006
2781,0.016209747466318168,-0.35671103828633854
2782,0.7960162743881266,-0.2952193721850845
2783,0.6215860365055993,-0.16447549496510042
2784,-0.16264759118200395,-0.25772308159712576
2785,0.5075586616352832,-0.30415445774827704
2786,-0.18809383147145825,-0.28674111286563686
2787,0.3680824061976155,-0.3209740495984946
2788,-0.3317972654111745,-0.33112069447987
2789,0.27838280332753973,-0.36514837844459136
2790,0.1726243556334989,-0.2587939769079932
2791,-0.22361332068841688,-0.2541845824007417
2792,-0.28031283478259117,-0.26348271830500447
2793,0.44886821193850057,-0.2769907882124305
2794,-0.4563562546260822,-0.322279761924945
2795,0.09257586823346342,-0.35634598648615773
2796,-0.11754387987650018,-0.30158113701086364
2797,0.27331948956960267,-0.29940042294933467
2798,-0.033927614953102335,-0.17518906083609026
2799,-0.3058423321075662,-0.29054765516365827
2800,-0.43165150503826416,-0.3259055036362527
2801,-0.2449764681487294,-0.23890219233897234
2802,1.1101654043193137,-0.29089783059326463
2803,-0.17665375107733414,-0.2294720220644988
2804,-0.4415545825461527,-0.34313216940212127
2805,0.2845812871282606,-0.38184614806005174
2806,-0.21305576734514337,-0.3121425553926592
2807,-0.6283377987908441,-0.29346058023408933
2808,0.3083573185457535,-0.25424817893678586
2809,-0.7751657719015635,-0.3097637254038149
2810,0.0617596774566097,-0.2791356782694816
2811,0.13556935566554829,-0.15717259017685908
2812,0.06353348962072229,-0.21843215983004377
2813,0.005817311095090863,-0.25200944977877027
2814,0.4171614801592147,0.060685419569465326
2815,-0.36472022993327247,-0.18587355591731283
2816,1.0167991615799803,-0.18712013852246265
2817,-0.3498835950065165,-0.31795815737198563
2818,-0.33669935598305056,-0.32930977781119997
2819,-0.3170170821774926,-0.3160692633167993
2820,0.386796816606669,-0.3202714095454321
2821,-0.36280914469538483,-0.32997452823578166
2822,0.20051601071995093,-0.2929609550349994
2823,0.5317870489565119,-0.28839463920607716
2824,0.8579857197215917,-0.07114092948591057
2825,-1.3066543999479139,-0.07179064083294356
2826,0.10321158393040564,-0.1366556979737054
2827,0.34116740674637314,-0.3801995651074601
2828,-0.0790613057857202,-0.3366310684956869
2829,0.1465872211049968,-0.28902520786878516
2830,-0.284273874777299,-0.24122899873935336
2831,0.6042558562106733,-0.3055751202529283
2832,0.05802275878740505,-0.4018244869114289
2833,-0.026740868617150193,-0.2759502076594549
2834,-0.14018099151702373,-0.28190372875039915
2835,-0.13979098873696247,-0.359544477405066
2836,-0.3302053182507399,-0.39495112058556103
2837,0.057635711148657946,-0.41469871477137565
2838,-0.5506093167093732,-0.39092464138544786
2839,-0.5563188408241169,-0.37333264223816776
2840,-0.013394347795484932,-0.26109449068264934
2841,-0.2084346014695819,-0.4343753287011516
2842,-0.7286656164416907,-0.11058465304935058
2843,-0.2960871686147642,0.06395204621597472
2844,0.21248259283186394,-0.19288813493413623
2845,0.24756279256435454,-0.3658594364976002
2846,-1.1278206013791903,-0.23569538983629962
2847,-0.28146811236992303,-0.24768330232592542
2848,-0.35202045476392163,-0.20256342609986508
2849,0.25552847628268544,-0.43505118709218515
2850,-1.1000252470338063,-0.04012209950773876
2851,0.24600789482075605,-0.21245534365190546
2852,0.7013539600021288,-0.2813288560395132
2853,0.5098119075614883,-0.2336261596156385
2854,0.3082630764093695,-0.17561472346832901
2855,-0.05135858211950154,-0.20989816841907177
2856,0.29705314657833837,-0.2747211698668246
2857,0.024604835608032873,-0.45134303964553485
2858,-0.6446619742807962,-0.40904394056425164
2859,0.5783217510599251,-0.40489925263547744
2860,-0.7687379384689863,-0.3843587954492451
2861,0.6031220642751985,-0.270880631233513
2862,0.15592063813086696,-0.366586761065142
2863,-0.0004676378415674736,-0.35334252215246054
2864,0.5847163558681213,-0.4061376311757743
2865,-0.19312821570257455,-0.41458411791686156
2866,-0.13889452008475134,-0.38793797831385324
2867,0.18451563690437148,-0.32865241687747176
2868,0.14734729040619848,-0.41489675268387405
2869,0.8219761812066921,-0.30334424658334924
2870,-0.16221372738151632,-0.3764404603560624
2871,-0.26726915623189584,-0.446991356691241
2872,0.029216962108302928,-0.4741958469745354
2873,0.38811974761780604,-0.43350399048389865
2874,-0.3100542160320861,-0.45576634981335123
2875,-0.12500932120016195,-0.4568869573875812
2876,0.0711905505723654,-0.4708247998416458
2877,-0.2981512088538296,-0.4120082402647689
2878,0.09797502370614491,-0.4204480732010992
2879,0.20737615739791437,-0.446453223471212
2880,-0.5437672977147447,-0.4489314117831274
2881,-0.1471364992670324,-0.43726979355418927
2882,0.1296267958154742,-0.41908048475146836
2883,-0.2371325344198723,-0.41626394985577614
2884,-0.6211252968009324,-0.3036033497958455
2885,0.2122609912455048,-0.29222905330236265
2886,0.1935226712185081,-0.35427502868858585
2887,-0.6145622965586398,-0.3838899968682594
2888,0.2647982582023274,-0.4484866934569862
2889,0.08331156334564907,-0.4235136222896495
2890,0.13594489027868784,-0.4309220500570582
2891,0.3353454704906557,-0.4401518812189871
2892,0.446725113154589,-0.3444017342838095
2893,-0.11236371025183758,-0.44409812067982307
2894,-0.05588741290016364,-0.2817736122271393
2895,-0.12246081127432262,-0.45674818145219076
2896,0.24180102319821217,-0.45738400490352676
2897,0.0730642785673686,-0.42560287995697327
2898,0.11254956160853931,-0.42687714838237556
2899,0.3008613256191053,-0.4557817313726552
2900,-0.0027972204297452025,-0.40551061568481683
2901,0.1262233284986651,-0.4340129691767737
2902,-0.23377051053165526,-0.3987144861117209
2903,-0.7556795830104789,-0.3048416073436772
2904,-1.3417112026549887,0.522253786732241
2905,0.09354146822012196,0.20982628372869527
2906,-1.3336178777402157,0.14637909553494932
2907,0.9078145508013502,0.15242368959940625
2908,-1.676088922271222,0.6809671781363383
2909,-2.3874169055804635,0.5743602548624848
2910,1.4050579168670028,0.473915421959583
2911,1.825218503069789,0.23160740618520048
2912,-0.09809485687372999,0.09121599966906374
2913,-0.9078940822062415,-0.21024871026044473
2914,0.6152139257104817,-0.33522652537094244
2915,-0.23492844035775984,-0.23929386043339293
2916,0.7073641746645525,-0.28006729031906485
2917,-0.5651768293248022,-0.3799268906741432
2918,-0.8085636934749159,-0.18492666569134242
2919,0.03894386293032689,-0.2976450560265541
2920,1.0059249095487468,-0.343095602821752
2921,-0.2039264366149961,-0.3969161080158126
2922,-0.48810022125491415,-0.3241319597769371
2923,0.6741628096183337,-0.4334021641592806
2924,0.8217090526392642,-0.2673534337392716
2925,-0.2882843513905604,-0.31214429234951824
2926,0.6980456443893355,-0.09669313293039451
2927,-0.5643673567950247,-0.3143772350770707
2928,-0.2859572662786821,-0.42403753504910224
2929,-0.042806943362045914,-0.4263360283335964
2930,-0.0017356610790027482,-0.42666286020369
2931,-0.9178762213686416,-0.3987524238807043
2932,0.5856607014573825,-0.4476119957423106
2933,0.5936755990413327,-0.39915486874294076
2934,1.4596223565751125,-0.1208031249227139
2935,0.2799598894253874,-0.14747232458651865
2936,-0.32799464588152744,-0.4091983717441378
2937,-0.2577234856402761,-0.4214287935818579
2938,-0.06460408252909752,-0.3951749084170062
2939,0.25533925869984225,-0.5024218427260347
2940,-0.4354027190560939,-0.3884304724404883
2941,-0.2882372087449801,-0.39372575242302765
2942,0.4704223048322332,-0.4540887704658324
2943,-0.5366828812190011,-0.4589950840788202
2944,-0.26821061434846455,-0.39290528329276386
2945,-0.29179449568659915,-0.43606418316419715
2946,0.42267205467865054,-0.3414065837435983
2947,-0.09784971733145839,-0.4385692417217207
2948,-0.23294521655021447,-0.4914666989777925
2949,-0.06698128285345649,-0.4662781538658498
2950,0.4466121643710561,-0.4185024734910715
2951,0.07066834967060041,-0.43792746271442573
2952,-0.025365527366498608,-0.36288759117711084
2953,0.30520351012158947,-0.3878253163274066
2954,0.4841705363107256,-0.3639194691917891
2955,0.13442392389452487,-0.3901280475825246
2956,0.20864938516836382,-0.36614553209264744
2957,-0.054807753609938885,-0.40844799587595537
2958,0.06491160422293879,-0.318943991210496
2959,0.5936708572776064,-0.2770741311130852
2960,-0.1380920649917457,-0.3847303211160724
2961,-0.32900695365424837,-0.2789670198822056
2962,-0.17141820240657776,-0.3022993870825381
2963,0.20088210503629442,-0.4418887954557307
2964,0.09455767798642821,-0.3122340874106991
2965,-0.30485455680856166,-0.4586202610483669
2966,0.040605989179603,-0.43301664627487707
2967,-0.43537454320363556,-0.4646233954355161
2968,0.30113218360503236,-0.4212197355317161
2969,0.26135555645200875,-0.4707495343865714
2970,0.30483324160127956,-0.46066675861429485
2971,-0.08255549170717667,-0.49085295447673427
2972,0.5021651096557515,-0.36954076672143793
2973,0.00235118300051092,-0.43903837710909244
2974,-0.2753500187675841,-0.47320402678661677
2975,-0.14824805240061031,-0.4641002910342229
2976,-0.40229920948125253,-0.4796296794286449
2977,0.12254257892531514,-0.42653034037454596
2978,0.2378190253982377,-0.4819662363840804
2979,0.06672610722336261,-0.4599596780141348
2980,0.2606322342455504,-0.29189929781529467
2981,-0.11878130607320192,-0.1863722693407632
2982,0.08779517170556841,-0.4252611666549062
2983,0.5558167352977721,-0.28127998089743944
2984,-0.1663194634767617,-0.3347077721436442
2985,0.4097267787598354,-0.3971607260834394
2986,-0.10677637111800403,-0.369229906354995
2987,0.2938496089544627,-0.39703525403712725
2988,0.39476902759364946,-0.19126209556397838
2989,0.1915565528280689,-0.16297304886686537
2990,0.43222851833026893,-0.35514445511628734
2991,1.501499922990493,0.07783077919673168
2992,-0.5443183792715047,-0.21237134962324
2993,0.12282928123041781,-0.3184585022829414
2994,0.0782419852895001,-0.21319262783154652
2995,-0.6938940595397395,-0.31264761576689265
2996,0.40255737775703826,-0.32712670720232995
2997,0.20588250487029755,-0.38819597243208775
2998,0.1697843205818502,-0.3256348132379557
2999,-0.3028796678826609,-0.35812543313922274
3000,0.5607061001915065,-0.2758285107169031
3001,-0.18101379300274748,-0.35498282823259975
3002,0.3540180636090191,-0.34361765040742215
3003,0.22300949241124202,-0.13311903778243983
3004,-1.3758588838817791,0.09447908207132599
3005,-1.135281730410106,-0.02533222069229281
3006,1.192763009088383,0.1068479409592493
3007,0.5507903401064121,-0.011258037944463797
3008,-0.1376109964130711,-0.05998180727201674
3009,1.3039930473314019,0.02967617219254748
3010,1.30738194440678,0.156215903935374
3011,-0.692482840049426,0.09330500490646187
3012,-0.5736878180621707,-0.18254859295978018
3013,-0.5575423676699144,-0.17011945154720365
3014,0.6805542173333836,-0.2382448478910267
3015,0.22798207059128228,-0.3428362042401583
3016,0.5625464420814842,-0.31235984796341537
3017,-1.0009125734327688,-0.32434692627839656
3018,0.28993061622611277,-0.2052754854843422
3019,-0.4591304032397318,0.008747355998317441
3020,-0.9092022846404616,-0.2006847043989173
3021,0.4824916710245132,-0.08378421161017452
3022,-0.7379580142714486,-0.3216676516426362
3023,-0.19102828425896604,-0.33371645615851764
3024,0.7691214485301684,-0.3201381041872285
3025,0.3571164122168946,-0.337462853491617
3026,-0.8491581285978946,-0.39307750319980267
3027,0.2189369840322189,-0.38703177471677197
3028,-0.1803926747283883,-0.4509512921886606
3029,-0.0816856732801974,-0.38457975770437336
3030,0.5662021561515324,-0.33238924428932115
3031,-0.05110204792564855,-0.4089989311708991
3032,-0.32771444179669196,-0.3998533256497322
3033,-0.2763652819392545,-0.4401684243678516
3034,0.7857076621920525,-0.3907596849265243
3035,-0.2785022974185972,-0.4364244163261087
3036,0.439061633208569,-0.3902554401663689
3037,-0.6830028392584111,-0.3634953475315926
3038,0.3508507575796503,-0.3840609585376265
3039,-0.15907368465970007,-0.49081059619412043
3040,-0.41800387910713105,-0.4113311529243341
3041,-0.12901537482518194,-0.44148802032277645
3042,-0.26574696790833835,-0.37933070560695203
3043,0.3447076969164706,-0.41126526142536235
3044,-0.525383399897844,-0.3858387228362632
3045,0.47390281113518073,-0.42864008883122906
3046,0.11626164907173263,-0.3287832657015999
3047,0.8906096722438936,-0.2865519532594415
3048,-0.17559441274859588,-0.3196945407587336
3049,0.6203026017548021,-0.40469154429789356
3050,-0.03152175219453106,-0.2860974775257893
3051,-0.16315512202074747,-0.4001534635708639
3052,-0.5106264548653145,-0.18403351061682213
3053,0.3727643470901542,-0.4461245121389491
3054,-0.16322888316128295,-0.34895128772985085
3055,0.6764577647318964,-0.29313992727632115
3056,-0.06784223952592316,-0.32186633376409896
3057,0.29833976880821583,-0.21711156182073815
3058,0.7065823879516356,-0.10782443897956144
3059,-0.7156835330864001,-0.2936230712017799
3060,0.24003863113014184,-0.3738734278772365
3061,-0.32847470697994935,-0.42034131477560915
3062,-0.05571395578611268,-0.3387787173029023
3063,-0.2463993312888389,-0.30303886774696565
3064,-0.6149156996920737,-0.34278158254689817
3065,0.1053720306154322,-0.4101244728856268
3066,0.0210124742836251,-0.44088665750049966
3067,-0.40160179893521125,-0.2785487266293628
3068,-0.09798483925998881,-0.37694460137552843
3069,-0.2595529960577403,-0.29074046872661263
3070,0.03515663365065777,-0.3917985418960515
3071,0.3679270477706241,-0.3408098898779519
3072,-0.5974164400078077,-0.22965569450273587
3073,0.32528284517548645,-0.4516896481258834
3074,-0.6027599965148159,-0.23394878993066315
3075,0.18331963340163587,-0.36515111457558286
3076,-0.4205926830880949,-0.2463194485325383
3077,-0.37646389444038975,-0.3943993674334926
3078,0.7801929358409541,-0.3790841636318244
3079,0.21219957884516652,-0.3666460011246194
3080,0.16000536465932524,-0.442705859971512
3081,-0.14126668921379718,-0.4649697574981814
3082,0.41842257996902915,-0.4123819201046364
3083,-0.22192084982536003,-0.4586738715101486
3084,-0.456321048419493,-0.4793936333509743
3085,0.030037038579874477,-0.44827491608708747
3086,0.4287627103236632,-0.4277913984738603
3087,0.03345879035103119,-0.40028870501649977
3088,0.0806397418806935,-0.3988753923471854
3089,-0.11471953271413701,-0.44002638412922446
3090,0.4917186905386182,-0.25856516255528916
3091,-0.09775813061709653,-0.35959281074537375
3092,-0.05249378861325174,-0.41034641647741527
3093,-0.27017305502475175,-0.4282271746201214
3094,-0.2852417237309904,-0.401357790943624
3095,-0.09126169666215966,-0.3753473645897135
3096,0.43840167651094475,0.10014065099616282
3097,0.7437498766610029,-0.30287997603174377
3098,-0.9624559356442831,-0.26516000083293345
3099,0.34529873924065896,-0.3725712125416665
3100,-0.10438087822632483,-0.23012524811676072
3101,-0.3739539562007343,-0.33833150069303675
3102,0.28504414656184696,-0.22325825657435028
3103,0.8179985435956862,-0.3085842600255369
3104,0.3847789929296939,-0.1027429200138999
3105,0.8476250475624423,-0.22315388696215677
3106,-0.6872794406339102,-0.24750289465199632
3107,-1.0899523047264554,-0.277267603316239
3108,0.7970144236367851,-0.36230024498263586
3109,-0.3090613450415189,-0.37890515107482015
3110,1.01354769916268,-0.17440154404759534
3111,-0.13999356941713273,-0.3090235129214689
3112,0.1835206285426766,-0.4100099962347185
3113,-0.8929922076487576,-0.3882383836591379
3114,-0.5951328033813716,-0.2713213312288362
3115,0.2980917981068753,-0.37595497411964834
3116,-0.26398444655673114,-0.44627448280436605
3117,0.2883421395523987,-0.38627011754911544
3118,0.3554622839778217,-0.41006665222448024
3119,-0.3909940907046428,-0.34962457191680885
3120,0.3058510201495952,-0.42149811829585104
3121,-0.8656882883231635,-0.3823437589926337
3122,-0.48275416242468455,-0.20778085733324125
3123,0.19040174236043098,-0.32946331736700263
3124,-0.633534808194426,-0.3198953100679406
3125,-0.006626004581758169,-0.2653536763471731
3126,0.3281256753563759,-0.3273069532322828
3127,-0.016691646242009958,-0.4257522204659073
3128,0.2003101871265762,-0.4584540061068135
3129,-0.010464018775876315,-0.4234728189518723
3130,0.2799734616090242,-0.4369253557475646
3131,-0.22904167436235742,-0.48938375081170543
3132,-0.30360969764001006,-0.43722207211106473
3133,-0.40475107399809696,-0.41426506504140126
3134,-0.1473945738972035,-0.40920069274466836
3135,0.16392660232710424,-0.44638027222771914
3136,-0.15842018242542097,-0.46604715604198244
3137,0.04861431096103076,-0.4925359782715336
3138,0.2147113579891905,-0.46256885737520803
3139,-0.11666288486973514,-0.4736787277094789
3140,0.26437784469908565,-0.5209622835961658
3141,0.10672553739861942,-0.416341690439341
3142,-0.21646224324981572,-0.37286037413029754
3143,-0.2297279627217319,-0.44375149407555325
3144,-0.2577330627125237,-0.4812920042065957
3145,-0.01129521359076077,-0.3848248200964748
3146,-0.4529166586884375,-0.4337474193697231
3147,-0.0044199407380275234,-0.3297196297785442
3148,-0.2689561280393685,-0.40187918418508367
3149,0.06894737723701141,-0.4609218151900239
3150,0.4439399179509819,-0.4647746813333635
3151,0.21898583074116437,-0.4706257396370248
3152,-0.2602950804747153,-0.5113756668401892
3153,0.0011664414525143505,-0.5042261385890747
3154,-0.012924794837661352,-0.438536232009056
3155,-0.3090667840058182,-0.4032556187116755
3156,0.07618009834827971,-0.42834332291743366
3157,-0.13893730240873897,-0.48163123921452367
3158,0.30530576080118116,-0.4822498812871522
3159,0.026322156489261124,-0.3990529032715304
3160,0.25895421130769797,-0.4906135536189905
3161,-0.06499898053292197,-0.48543366134720456
3162,-0.3609359091759309,-0.44507241826314037
3163,0.3035234988448849,-0.4176110409910031
3164,0.2565079763528195,-0.45763697901786726
3165,-0.4689049044053094,-0.46613330800333175
3166,-0.33244732765709334,-0.40427956968936174
3167,-0.4553686220547087,-0.4095275198343419
3168,0.39620112647730565,-0.44520729467159786
3169,-0.269269675471756,-0.4583977543743523
3170,0.14260850626064123,-0.4601697537055208
3171,-0.24319488569736739,-0.42777741160521293
3172,0.35672258778760185,-0.4691272575369439
3173,-0.06592608010387146,-0.4586694316774352
3174,-0.5878481004224754,-0.3834362475828778
3175,0.5248258334890837,-0.37585489838874087
3176,0.15656818272195333,-0.35042875625226255
3177,-0.22061632393727956,-0.45783265466503476
3178,-0.24506361289092207,-0.4169628180169245
3179,0.19722692131284875,-0.47527041043245766
3180,-0.24563315953797996,-0.44418159842394955
3181,-0.0007573155486721387,-0.4081199119355381
3182,-0.357167215274377,-0.3720413766014532
3183,0.017065797614744346,-0.43262616198632414
3184,-0.5519317410749449,-0.3199898704503047
3185,-0.2651080314854141,-0.1965711587735425
3186,0.28183495472127634,-0.3935423980847322
3187,0.2587202191639761,-0.40233859838893193
3188,-0.22153705901843082,-0.44388958986737764
3189,-0.005535494389662502,-0.43938716606150685
3190,0.09460983290271173,-0.40503186205640235
3191,0.4270000913612272,-0.4007933009947675
3192,0.270768994053924,-0.40768120399103913
3193,-0.14229707427657476,-0.4574565050426131
3194,0.30730481604263793,-0.39196626867856366
3195,0.276435287126365,-0.3389625660708911
3196,-0.14386623942446458,-0.2778007711222372
3197,0.17710677169138642,-0.37675584906244886
3198,-0.09276416785634345,-0.31558871264970173
3199,0.08018248072718248,-0.35804113343539523
3200,0.2391644826638869,-0.1945806577422414
3201,-0.007865170654732327,-0.017850055306978863
3202,0.3998660064859777,0.05417209576105009
3203,-0.2046812297161552,-0.0114446103739127
3204,-0.06250265921283393,-0.23885768181283668
3205,-0.11316324913721149,-0.11677631924807488
3206,-0.41557038528199736,-0.25143088011006237
3207,-0.13277649304479694,-0.2971208043353732
3208,-0.5192013822826841,-0.021296128498780792
3209,0.17280219223438334,-0.34544522423909935
3210,-0.8180493984901052,0.160977096204015
3211,0.26428380345726865,-0.16901667169910414
3212,-0.279999204911473,-0.4200811418492612
3213,0.6182227558114082,-0.38809794909099515
3214,0.1670319565780562,-0.40416970184829026
3215,-0.12165872028737772,-0.4310055531638381
3216,-0.5348093465341,-0.4588897192908632
3217,0.0704985938747533,-0.41281109173273445
3218,0.21383903667676185,-0.42913605566611224
3219,0.3283832404814099,-0.46249831160449517
3220,0.026937916834563348,-0.467149082222171
3221,0.2643567860570515,-0.46680120644737094
3222,-0.1738571993901904,-0.4553699339328079
3223,0.09792988044477573,-0.4491256250144186
3224,-0.24041968590745028,-0.4499015391824296
3225,-0.041494113723721034,-0.47024208996280664
3226,-0.3236106843192841,-0.3672599876306988
3227,0.6525210707501052,-0.4251234163289658
3228,-0.4394913126709035,-0.4513349067259076
3229,-0.14750735536724627,-0.44194222885075307
3230,-0.2237392511116457,-0.35823634663852433
3231,0.0786459839260905,-0.4968779223106765
3232,0.3007849056853549,-0.4520520580660736
3233,-0.2959288863540294,-0.5005330074236924
3234,-0.18413742228030064,-0.43010433919386026
3235,-0.5980025959707967,-0.4041636480762695
3236,0.08152526425639765,-0.3996819015034757
3237,-0.2551250609842606,-0.4308545942012876
3238,0.29496279644001594,-0.33306107044673783
3239,-0.3479001055552031,-0.4379561489716947
3240,-0.356094296313702,0.05924023441825707
3241,0.16634907491233575,-0.28597973047828085
3242,0.344162947733082,-0.4240634549338075
3243,0.1262220116388909,-0.4182359846489603
3244,-0.8020981903550588,-0.38453522300959775
3245,1.0324871896836827,-0.28937220542348135
3246,0.6634417380707321,-0.3265112869328693
3247,-0.2494228972455061,-0.46110212069642076
3248,-0.9024776042680267,-0.41490608441821386
3249,-0.09200544991603996,-0.4910139517116393
3250,-0.580629662482074,-0.36924251627188925
3251,0.25576100249713507,-0.3850912396112248
3252,0.048377382221687804,-0.4629904019125882
3253,-0.33906725907114094,-0.39403109978692336
3254,0.23500464548035346,-0.24268882129344413
3255,0.0748518899437855,-0.37757206343136407
3256,-0.539730538589907,-0.31383544574068656
3257,-0.052847715665413644,-0.34686799464807205
3258,0.5097786945333698,-0.35578679069799124
3259,0.13954541433800866,-0.35966564403174495
3260,0.15994728142916262,-0.4302354152848454
3261,0.16056694843508781,-0.10909909504030674
3262,-0.23132411351748924,-0.3825298554388029
3263,-0.355732982119564,-0.3974701140364239
3264,0.15468044898657535,-0.3967021924480182
3265,0.012048224388161685,-0.4506010494348407
3266,0.24825390605661724,-0.44232236846809925
3267,-0.4623531242219899,-0.42487035578309823
3268,-0.3401097984456502,-0.38883501436648626
3269,0.30045110826050525,-0.2801185861506954
3270,-0.07407272209550675,-0.4426793831542839
3271,-0.48544227402179213,-0.4013008920606423
3272,-0.4702629676578287,-0.17238700178925773
3273,0.05935897309392229,-0.3882790093947591
3274,-0.1901607141533529,-0.2061842747772009
3275,-0.43036546496277284,-0.3642861184890424
3276,-0.008075952343161802,-0.42796068116514113
3277,-0.06634095609039614,-0.44056220903016996
3278,-0.08385339606613933,-0.41205107422299675
3279,0.18316523296794684,-0.31851854152994485
3280,0.18680674198215605,-0.3978144092046418
3281,-0.24875725275034175,-0.412922227882475
3282,0.15196138167739504,-0.25720043147202837
3283,0.12520479118316483,-0.35443000920935747
3284,-0.146418556843707,-0.4126595363123503
3285,-0.16999284737885154,-0.4294343683290036
3286,0.20211918598470774,-0.43628920905826063
3287,-0.21283210363379373,-0.4509779588348919
3288,0.17829348052492652,-0.4898260904016907
3289,-0.25402796866996863,-0.4599335084574642
3290,-0.06756353641108288,-0.4792601116346485
3291,-0.3083121762070937,-0.16780863973009585
3292,-0.5851380253396018,-0.3815626657592982
3293,0.4772246214421059,-0.36256295180913256
3294,0.35714096068287526,-0.3486665156344288
3295,0.39544570360400283,-0.3714782435434138
3296,-0.06019370743413798,-0.37007077192020327
3297,0.14401458398796232,-0.37759984154142023
3298,0.12822434608235772,-0.29999061460252535
3299,-0.2746284287934193,-0.326342244694807
3300,-0.5227595845555997,-0.026104157438130604
3301,0.14858464715484368,-0.35782285324730334
3302,-0.19248092686961604,-0.19080246299830186
3303,0.07429836405550272,-0.3144365265122264
3304,-0.7195143190608416,-0.21406529489121182
3305,0.0799078848930597,-0.37218474102705673
3306,0.33729274118473873,-0.38014155310375264
3307,-0.5407345167929622,-0.40393403472880013
3308,0.1778760390767678,-0.13923917423200366
3309,0.17067485331845952,-0.34153687767258245
3310,-0.16887325970741277,-0.38238064379071324
3311,0.38937362412531923,-0.44110308180044167
3312,-0.08182719476482182,-0.48174635925619347
3313,-0.3048333228816406,-0.409024842676435
3314,0.004792553355435804,-0.4508489301957114
3315,0.27971987564059486,-0.3971757480887294
3316,0.4808899729060244,-0.44075773605988144
3317,-0.21414722387573432,-0.4947009810484042
3318,0.2225490953167058,-0.44529170522814915
3319,0.3749396848048216,-0.44445859817847416
3320,-0.11743130259032367,-0.4791881565414427
3321,0.08667316316984401,-0.49364286511637245
3322,-0.5359628111256094,-0.43257457078676864
3323,0.30874875017718273,-0.47441070504854715
3324,0.2342947643377203,-0.4711349261510596
3325,-0.11329899524273734,-0.5270574160339353
3326,-1.4063175833691894,0.017557522097006256
3327,-0.07894615570275683,-0.3682496588599764
3328,-0.8490081619389692,-0.1629764798767942
3329,0.3783942224695383,-0.3733403158604976
3330,-0.5323235829540193,-0.29058481361174
3331,-0.8976659252318304,-0.15992565514594304
3332,-0.5165406202210258,-0.2349360861242818
3333,0.3740335163085587,-0.2362569689097554
3334,0.4674962611071023,-0.22289236671061044
3335,0.8675312917172744,-0.21761643474708017
3336,-0.18223758759264086,-0.34110960980293153
3337,0.25436477447759676,-0.4495295312418064
3338,-0.5753559049097565,-0.42404465382726464
3339,-0.7631194129036721,-0.28929803212148975
3340,-0.8079559389571537,0.12863960564316967
3341,-0.01730657002485709,-0.3449591920068603
3342,0.4941548730604402,-0.00755681135360034
3343,0.8176970554422041,-0.24600396759332144
3344,0.08118486017885654,-0.3167955950936536
3345,-0.09140480473099405,-0.4156582043558089
3346,-0.32603062275610845,-0.4293465173911435
3347,-0.23256797984239033,-0.41758825501407715
3348,0.4536317030660463,-0.46218500107122906
3349,-0.47216494075289916,-0.48739264764881796
3350,0.286569220239207,-0.2462797209685485
3351,0.57926892369539,-0.4016303065258776
3352,0.3368827782484007,-0.3294155496456761
3353,0.009235020390655399,-0.43965551297434463
3354,-0.29689422711714747,-0.330600152072971
3355,0.39327537242732064,-0.4662760017782974
3356,0.13670101902604795,-0.427603285959395
3357,0.8552150399195608,-0.3134038780793834
3358,-0.39253650629761444,-0.35499374663660643
3359,-0.12261117719480538,-0.38746111791666316
3360,0.1940844366433414,-0.437574076508314
3361,0.08258313481948618,-0.4694473432878885
3362,-0.43788987371354043,-0.35101077777237255
3363,-0.011140884817557728,-0.43147332045751735
3364,0.3999229983474898,-0.4041930588450746
3365,0.08723397604113717,-0.4456033146525898
3366,-0.19134343137245752,-0.3564448645068121
3367,-0.21123733077795454,-0.39067314728109137
3368,-0.005196435930086575,-0.4038412322930044
3369,-0.06919559109973075,-0.4223243140417894
3370,-0.14496571241402142,-0.4237590696906614
3371,0.3658422341438338,-0.44387777799016037
3372,-0.1867357231688169,-0.4471411025997174
3373,-0.22113040244674775,-0.4528875163547162
3374,-0.5045045894216815,-0.25588579785908133
3375,-0.47844850378079606,-0.2668942012925042
3376,-0.39056736201484366,-0.10868796110637341
3377,-0.06817435000816854,0.021475777065183554
3378,0.26349029837866883,-0.19578941435695252
3379,-0.7106329019211988,-0.06506784217905467
3380,-0.29291504229844884,0.07931445273222945
3381,0.24721126512959754,-0.35846596530108055
3382,0.5232637253499425,0.017345159810192107
3383,0.33254443804883727,0.07489047292844439
3384,-0.03257176858269479,-0.37152195178300396
3385,0.03288727923092202,-0.39518414045709066
3386,-0.43356178439267706,-0.1910208899149021
3387,-0.14089098160632202,-0.3653421503500254
3388,-0.7592008222536901,-0.05929468928560611
3389,0.9937805219155398,-0.1859263588216387
3390,-0.4811855429456941,-0.11658356150001423
3391,-0.08205710894762712,-0.22549188867527706
3392,0.3276703416073097,-0.23401805194501424
3393,-0.45717599614418575,-0.33795871131258914
3394,-0.3057004735107429,-0.3610329869168427
3395,0.17142629303153967,-0.4130467125170387
3396,-0.5563346378182142,-0.32064567747375894
3397,0.1279940763667491,-0.21356578138916393
3398,0.5075581505545959,-0.2714524212925822
3399,0.7480172536039087,-0.27133280041847946
3400,0.138410600688124,-0.37351599892524734
3401,-0.17931907603713815,-0.4186970237402078
3402,-0.3046087513339733,-0.2838857990176461
3403,0.8198692325300486,-0.43292772484842235
3404,0.3578379160490066,-0.2648260765717457
3405,0.17119067097888818,-0.46308858002514575
3406,0.45185163819280183,-0.388253111482447
3407,-0.23425483010876597,-0.42490607867455266
3408,0.7719295365891528,-0.2747066640477981
3409,-0.2456567520330234,-0.4007997171085284
3410,0.16079997047445857,-0.419823982900151
3411,-0.5175800717268909,-0.35525170080687396
3412,-0.49164693512064456,-0.4146976548359673
3413,-0.36624150464581495,-0.4188626918836421
3414,-0.46381061611201785,-0.2895098084105576
3415,-0.1227580770132496,-0.4362201237264044
3416,-0.6708199579185863,-0.31092633818515036
3417,0.6235288860146619,-0.4415222080164303
3418,0.8338828393735925,-0.39993959721038147
3419,0.15426907885385086,-0.4789700136681728
3420,-0.29357833786218146,-0.45966563888341644
3421,0.4435221495285622,-0.48091013823113865
3422,0.30913552570770464,-0.44899019988063815
3423,0.12619173134761735,-0.408964462455898
3424,0.8543276438731437,-0.3805447001333787
3425,-0.39041853664285064,-0.46662763474251095
3426,-0.21641971799273244,-0.447952144247631
3427,-0.371558375667529,-0.39078754299247515
3428,-0.2273970748174307,-0.46600885414288873
3429,-0.3046725200967707,-0.3180950771125231
3430,-0.1049026032339491,0.012753997901421302
3431,0.2992781806782543,-0.3729733096277472
3432,-0.7632395201336802,-0.30526762186314754
3433,0.31295797537373765,-0.464880805606293
3434,0.33738762596429456,-0.434920335503155
3435,0.1860579337218611,-0.43709449864207595
3436,-1.1822526417355865,-0.3712107321848673
3437,-0.2543952120982082,-0.41266053134409897
3438,-0.27741379729266236,-0.30652726482559284
3439,-0.5541031231420617,-0.19004094336768126
3440,0.28590735312395704,-0.36547351085354335
3441,0.6602158288728366,-0.3367654366677915
3442,-0.3423775969257503,-0.4145468584774178
3443,0.5110204580495898,-0.445982524540003
3444,0.3494986859038983,-0.3939697933777092
3445,-0.06350154684901937,-0.4260509306809735
3446,-0.18406023230236124,-0.49497263561798155
3447,0.5001897224584662,-0.4543653852116988
3448,-0.22549074965823238,-0.4597361401283923
3449,0.23070723759194947,-0.4776593323670483
3450,-0.17560040015975245,-0.45462751435393756
3451,-0.4318984017643998,-0.41645887812071913
3452,-0.15465693553450133,-0.4746556572807869
3453,-0.1586845021517863,-0.37843803613329946
3454,0.3839577610305685,-0.46176254907704756
3455,-0.0934465095695413,-0.4583288949448675
3456,0.22188047451083517,-0.47142711417554983
3457,0.1582935387633084,-0.4397972995896434
3458,0.09370398836716565,-0.2710567249698184
3459,-0.38183621127435763,-0.4085388637961214
3460,-0.10813238846306948,-0.384171848413118
3461,0.01110484564572489,-0.3955550244328488
3462,-0.7181904292022196,-0.3506288598230998
3463,-0.6394924282891632,-0.13329003135319573
3464,0.7747618526035787,-0.36410679742508684
3465,0.30276282581724256,-0.4605607749209053
3466,-0.5376295734754712,-0.38841043976811057
3467,0.01337915293314486,-0.22678755082738272
3468,-0.38891652146360534,-0.24289346889483018
3469,0.3321257370376546,-0.3608901223258412
3470,-0.282377942775509,-0.2765961574461788
3471,0.054696766139531984,-0.3181873005870886
3472,-0.5626404916633563,-0.3038903082043778
3473,-0.40942988248635187,-0.12362088954002808
3474,0.2674455157395162,-0.3286113231956999
3475,-0.3959827366181179,-0.24740580207668755
3476,-0.1551499204103479,-0.19033995487721922
3477,-0.29906148633711355,-0.1676362095602663
3478,0.23100302556929214,-0.2056248411130524
3479,-0.17347966833047665,-0.2993268503597075
3480,0.5792011995066383,-0.3669437046005961
3481,0.019057886060397662,-0.27987397886567555
3482,-0.7209215308100174,-0.2349612102223867
3483,-0.15356243166504144,-0.22966460303203262
3484,0.801490676433939,-0.15410043636928117
3485,-0.8585891775770901,0.06665171782818799
3486,1.3249452759968672,-0.23992500309895948
3487,0.8107888783353406,-0.09305034337626027
3488,-0.2599893945666332,-0.3412460201668146
3489,-0.38551686930568635,-0.3719183109997963
3490,0.4338703734507129,-0.39162039516151453
3491,0.615189618297583,-0.3899906538487183
3492,0.008960407800125048,-0.3375745810550069
3493,-0.1691453469290262,-0.4037266786796994
3494,0.6699752829077834,-0.28665784622945495
3495,-0.7415220505674178,-0.3597256568138325
3496,-0.19149259402867982,-0.3454119074396653
3497,-0.8012406227070985,-0.4092942544041104
3498,0.9575931485483424,-0.3408172511541288
3499,0.6687367251157319,-0.41171009093200517
3500,-0.46871820052157226,-0.37157728180982447
3501,-0.015527947246677902,-0.46685881928022743
3502,0.3090293936029451,-0.46417170546176306
3503,0.9236920308625686,-0.3667428234842074
3504,-0.3458399416525565,-0.42627485558765293
3505,0.9022890733807941,-0.3289873974134919
3506,-0.11528792878912725,-0.27657562594764706
3507,0.139160030807741,-0.416491487660851
3508,0.0005648273175442933,-0.4570986908853481
3509,-0.49760975592253914,-0.41701946058775413
3510,0.16231094953830028,-0.43281988083404865
3511,-0.793286624148707,-0.42242068253599224
3512,-0.25442789804025867,-0.4137649835757838
3513,-0.03885393409394978,-0.4565405343071133
3514,-0.18309757592585035,-0.3950077819293077
3515,-0.6387498364144398,-0.4165607369130593
3516,0.48709952847146104,-0.34676893177203344
3517,0.11964748584441653,-0.40935428071807023
3518,1.69239948811298,0.06669925501069868
3519,1.182021229752667,-0.24227682254966978
3520,0.6197687008101118,-0.2655894886663671
3521,0.511354952520054,-0.14147818151254563
3522,-0.40605704297765866,-0.23290438228613988
3523,1.0306599433168493,-0.26316395701055567
3524,0.6746627855176399,-0.33321471551395854
3525,-0.0602916568991867,-0.04515878403335144
3526,0.42177897433191647,-0.19641579067707926
3527,0.9170411270074502,0.15191301249299188
3528,-0.15355480184001757,-0.21138759565643028
3529,0.3004451940291159,-0.313625478291265
3530,0.21228985012723972,-0.21233954033667235
3531,0.28266744138746897,-0.3691057318474421
3532,-0.724936044000537,-0.3752874047419688
3533,-0.2298380864228034,-0.37642513886484386
3534,-0.6806895909349348,-0.01326167402487638
3535,-0.2409632193529706,-0.28540319880047926
3536,-0.598007314065264,-0.3785138142437281
3537,-0.2248899833713138,-0.3207257845129752
3538,-0.5366946721937861,-0.3667899663747388
3539,0.1617925362132267,-0.29966935728585165
3540,0.1366329357228395,-0.40189656706955545
3541,0.06451695139066817,-0.45994956712440127
3542,0.6100637371181648,-0.4145448537741025
3543,-0.32975236257705626,-0.392223900168072
3544,-0.1649978717000456,-0.4430408485317502
3545,0.19951503149529412,-0.4244583264005321
3546,-0.26646304292846407,-0.47084882355343427
3547,-0.22270262853476572,-0.42839629984555916
3548,-0.1901373964294803,-0.4008744266861559
3549,0.005193930688561671,-0.4036238243069341
3550,0.7699340280660634,-0.38912840870761034
3551,-0.3836234179997756,-0.4013256025689619
3552,-0.17370115716927806,-0.4419395810374268
3553,0.28997520011483474,-0.42574637480125727
3554,0.35232443400451424,-0.42806132791180845
3555,0.4057979009944345,-0.37900895432008225
3556,0.2738410361905784,-0.40874816739933484
3557,0.271478714867206,-0.3735622329105447
3558,-0.50996496918842,-0.3752085034746674
3559,0.24299099314153622,-0.44903247144285896
3560,0.313043306413494,-0.28956558904607965
3561,0.05342917966222264,-0.38101884695214394
3562,-0.04586586194977204,-0.26873474058936175
3563,-0.21106956878262,-0.40997526101960907
3564,0.3174272572820879,-0.428633732460633
3565,-0.1255139047761747,-0.46462623295782834
3566,-0.12489643985553017,-0.4008135158062924
3567,-0.38064771465993863,-0.4043610303156445
3568,0.4902389699919567,-0.4676402159310733
3569,-0.07534458307439257,-0.480244968608473
3570,-0.017506838161870313,-0.403484787357971
3571,-0.2392747820390455,-0.4148180147237176
3572,0.2760954064761999,-0.4952408185859818
3573,0.0057787646333134525,-0.41848463909932715
3574,-0.11439016548013242,-0.25810667721840774
3575,-0.11627999645202562,-0.22753788782191064
3576,-0.24118919708136743,-0.36912758729221884
3577,0.09828811525082265,-0.39930052166423236
3578,-0.5069758047539895,-0.3153647508960767
3579,-0.3231255730905303,-0.36645344789980383
3580,1.3402823948545755,-0.26510684837999965
3581,-0.6369578441233759,-0.3187577123529165
3582,0.28547600371635506,-0.32981769425929586
3583,0.6600582270651894,-0.3951777774220311
3584,-0.4360826142822417,-0.3840447858984959
3585,-1.0079210516909347,-0.2757755847192534
3586,-0.310542619909276,-0.3385303120876176
3587,0.15024489058922888,-0.3254847930972938
3588,0.20890366915437633,-0.2999248882755102
3589,-0.505833794733021,-0.3997204523451689
3590,-0.3260031510387616,-0.3377634089118447
3591,-0.8665967368713369,-0.2857660116796078
3592,0.3941488264998367,-0.330674605407998
3593,0.6433470462919255,-0.3758307476279745
3594,-0.19561983107415887,-0.38224334016271116
3595,-0.42856805833485256,-0.467204542768178
3596,-0.052228448781759286,-0.43239841293068926
3597,-0.52434895399839,-0.3104354576875543
3598,-0.1844089552957066,0.3038434873206378
3599,0.8623427697855829,-0.23060796948109522
3600,-0.2580830458865352,-0.1840444901707402
3601,0.5440604334728248,-0.25026867552381127
3602,-0.49980975761262586,-0.29416234587451306
3603,-1.1586013785023037,-0.36615515340541543
3604,1.3358208444305808,-0.27882183220125145
3605,-0.8820788362632681,-0.3213581054751564
3606,0.46648786484109545,-0.4353926405066129
3607,-0.34525586274350334,-0.47800607706524145
3608,0.13235811993193747,-0.4711352988642922
3609,0.8784559452838725,-0.419374349681162
3610,0.26094152793415826,-0.45581900191102626
3611,0.9129035023489868,-0.38753084470211574
3612,0.09308479884487535,-0.39308302032572506
3613,-0.24566674770488336,-0.42309686751520303
3614,0.333308558954485,-0.3730047392180603
3615,-0.3197013953389772,-0.48183629108247844
3616,0.5629276216707108,-0.37770874830997603
3617,0.0159731971105355,-0.30434556775475374
3618,0.47245852066949484,-0.16791332612527723
3619,-0.44750284586389955,-0.40905470168522734
3620,-0.37253192882035563,-0.39653187742358287
3621,-0.016598328798787237,-0.24449689757352389
3622,0.12867407671393002,-0.41574499497242573
3623,0.17006925869443074,-0.42345185544462316
3624,-0.6209638570420463,-0.43832698884835564
3625,2.121681822163672,-0.1754833876671894
3626,0.3462191697624064,0.33119915107092673
3627,0.35705798306634556,-0.20179131807107234
3628,-0.40824627018135623,-0.2715268360818634
3629,-0.23847912282943012,-0.28690153730275864
3630,0.7035036219450475,-0.3415486164975978
3631,1.5842426224413553,-0.09078856268671735
3632,0.4164933048220101,0.4377652559665838
3633,0.061679901099066035,-0.04042498646842363
3634,0.5322998368858934,-0.00717435797556229
3635,0.24803353394394623,-0.1990353621123121
3636,0.8995242305197482,-0.060801862392903375
3637,0.18659404102197788,-0.0031987908568812257
3638,0.4993840472041103,0.4329911255709563
3639,0.492376820846621,0.10424528942371722
3640,-0.7765102004086387,-0.094694234460275
3641,-0.5311548128056058,0.33695376609466576
3642,0.0685718559100226,-0.06221490420797032
3643,0.0587422303589562,-0.01911322755645846
3644,-0.11333985987513127,-0.25917086388370686
3645,-0.26826929903695185,-0.30105995762281434
3646,0.6309893480987813,-0.18534557988341532
3647,-0.22805483033408333,-0.31958112308772896
3648,0.11550190531216299,-0.20394373960996914
3649,0.20405883417721127,-0.245319681056343
3650,0.3205408597972664,-0.11822017058668213
3651,0.5406672907429512,-0.1985794387742429
3652,0.10687113308361604,-0.00936711927779714
3653,-0.4272072972703167,-0.15422609036268475
3654,0.818153361244231,0.013375165790577292
3655,0.1511817954137995,-0.2425893607972925
3656,0.33353064675003513,-0.21273847479173386
3657,-0.09825397219576212,-0.2018593880684474
3658,0.00012983011003436969,-0.2360278814981221
3659,0.09738878124460164,-0.2921095242491564
3660,-0.11100644397805855,-0.3058946415363154
3661,0.8153755167171366,0.017839757219429125
3662,-0.11239466329817753,0.4226047031640501
3663,0.2813951771411518,-0.1824088483149968
3664,-0.34322301137400424,-0.1113372453101043
3665,0.33052141118246925,-0.09696436465757892
3666,-0.4985363801105412,-0.23727588476842473
3667,-0.5267799100892379,-0.06836604274985084
3668,0.039254204169902836,-0.16397678742732885
3669,-0.19157417288731726,-0.2701109827149633
3670,-0.0206691512304195,0.05041480528190567
3671,0.33763464742479454,-0.2306545114447345
3672,-0.46634018261094684,0.020784175798691004
3673,-0.10456064314613012,-0.2621751014559959
3674,0.12160224596840666,-0.27008436498484495
3675,0.35227042284468507,-0.2802359998317838
3676,-0.2481728795919855,-0.020692725506837928
3677,-0.01940127501099672,-0.08940407621825432
3678,-0.41644633233952316,-0.20231143486813347
3679,0.9206824720017683,-0.07597168222673518
3680,0.43419311115712667,0.12467276669947547
3681,-0.353008658471986,0.6418146801619328
3682,1.0494593793165914,0.01545483309876472
3683,2.0191123524281025,1.604947711979944
3684,1.6183182895799848,1.3821184616386404
3685,-1.3528597387671244,1.1066528383971246
3686,0.553117233197146,0.4013220905256476
3687,-0.31605122163920146,0.08149190585943991
3688,0.7845108686243851,-0.08848869718911
3689,0.11954241562175397,-0.25271277502869677
3690,-0.3136740085100919,-0.1031856218773455
3691,0.6532727590070656,0.2094828558517497
3692,-1.294971405458827,0.38485635081001734
3693,-0.1261779492228338,0.28270671082156124
3694,0.5655058009373435,0.1371589304352224
3695,0.06912854189931515,-0.10876339175520693
3696,0.14242226293934074,-0.237165764503241
3697,0.06692056017388631,-0.31395300152700534
3698,-0.6283600331425585,-0.2843237310364305
3699,0.42526190229126687,-0.06890852960087684
3700,-0.17491552539722227,-0.32015821835473013
3701,0.5616843222647189,-0.0236653993101016
3702,0.02092875787484389,-0.02725308747800969
3703,0.6392381832364131,-0.31642453942718274
3704,1.436542511875241,0.3154279186884831
3705,1.803383291658234,0.8982988087708809
3706,-0.4497201884758526,0.10141848275886634
3707,1.5522746292935965,0.8276366643992793
3708,-1.1198203244505431,0.5067050858169645
3709,-0.08291391328557697,0.02600260196473965
3710,-0.7538727668264913,0.08417180865377724
3711,0.5293759416700082,-0.22423172200825298
3712,0.9001461134642028,-0.24224317263346437
3713,-0.36158801889775155,-0.30315761466634966
3714,0.020448220865437648,-0.26891433010078064
3715,0.08995174922821385,-0.07435609906421062
3716,0.7653487309068199,-0.1133307961354293
3717,0.5720509312965191,-0.037621786911567964
3718,-0.816397536259393,0.07049144060686299
3719,-0.5162980415106273,-0.11952086495173381
3720,-0.15324499748307321,-0.1391316129279423
3721,0.3414883659199316,-0.27192489908707707
3722,0.2827526387169276,-0.030783247724783053
3723,-0.00997126026990664,-0.031404218783565294
3724,0.008490565727457378,-0.17708148582357885
3725,0.726691875335814,-0.2010230784263845
3726,-0.42766666625381505,-0.1307489485574396
3727,-0.5495061365410988,-0.11126508740728033
3728,-0.18942368858105005,-0.02764975015207126
3729,0.036037874260310826,-0.07418013317739505
3730,0.7102786171815697,-0.1556446787343921
3731,-0.0571394513781232,-0.259963642395292
3732,-1.0754786129953013,-0.0940041968201659
3733,-0.35582397356469936,0.003023948061599821
3734,0.701032307520114,-0.2302448130060219
3735,-0.3658849140044923,-0.2580165791697026
3736,-0.1842706865965429,-0.27585758841376795
3737,0.47547279591116515,-0.3686213874874318
3738,0.1505390151050899,-0.2830505107088367
3739,-0.03040897976214227,-0.35662263112427317
3740,0.49989895552453406,-0.3552720219507689
3741,0.16093435957338215,-0.35837315846415585
3742,0.02302267045702302,-0.2735447382530466
3743,0.7084810313465594,-0.0873463195787454
3744,-0.12666254722907105,-0.027782591180701033
3745,0.4862080542305429,-0.278101813426589
3746,1.1702902667776256,0.4159420135381685
3747,1.12460259412854,0.4615554118860353
3748,0.2762578893574094,0.6628379141026707
3749,-0.5604367218965047,0.8019142206236571
3750,0.12174017566689621,0.4735874664615929
3751,1.4025113565326626,1.1194321338569098
3752,-3.332720473755667,2.826463779526207
3753,1.03584361261816,0.8005210231340374
3754,-1.0325939472620362,0.8569227269974883
3755,-0.502552765162079,0.49641691326461046
3756,0.7290641029556334,-0.006383065257059228
3757,0.2843822490539403,-0.04912990308504707
3758,0.7915925529747808,0.20035102621183082
3759,0.0038994764079841194,0.10592237750258748
3760,0.8132540771415523,0.0708372861698362
3761,0.7594110950251555,0.9151205080460446
3762,0.077157946647397,0.5337212530034138
3763,-0.7278734984446237,1.7883514537120275
3764,0.6607705370830531,0.21415434820099177
3765,-0.8419888439907938,-0.1506532359974896
3766,-0.44857724163991997,0.2090808160540949
3767,0.6460025316833753,0.3405561953030174
3768,-0.3267020254666789,-0.14423739377762465
3769,-0.12675486836812844,-0.2035461580090443
3770,0.6344270960180133,-0.11156265390593684
3771,-0.49953333573271896,-0.12148554744699437
3772,0.9113984827723409,0.07482271627746112
3773,0.8137295574369778,0.2452187011889161
3774,-0.283601280178962,0.30247148127246304
3775,-2.885600946949087,0.9631411741483707
3776,0.5974187283964042,0.9618294127790955
3777,0.4800159520641854,0.16358288713672287
3778,0.22117751419765003,-0.03756560296275102
3779,-0.9051493216312677,0.05770696837760847
3780,0.0870610565391756,-0.06489541644228966
3781,0.5365105379859058,0.31253157455691755
3782,-0.23884233142035982,0.11624000355653563
3783,-0.2758068252907344,-0.2118041014096745
3784,0.29009118831914077,-0.21713479585728604
3785,-1.0924261277145533,-0.10146696145513318
3786,1.02451450547945,-0.14321040674666818
3787,1.0536224011623432,0.36667288942278364
3788,0.28787656193024774,0.045623540987552974
3789,0.35281151111692943,-0.2563598052807852
3790,-0.5222486978507838,-0.21509965642515316
3791,0.0897655383300401,-0.2967769764432629
3792,0.07758020026585956,-0.35658196672995857
3793,-0.3374835410577849,-0.35120361459626603
3794,-0.28026494450955614,-0.33604550297096186
3795,-0.12168740741967246,-0.27504229122491
3796,0.11784379838291609,-0.44412157158054166
3797,0.18338282859066343,-0.3376915105477938
3798,0.21356883438284893,-0.3087639395746523
3799,0.220590630303915,-0.3997323680150565
3800,-0.234534755820896,-0.35099465716331857
3801,0.32653712536803714,-0.33595866007505076
3802,-0.25619329192478985,-0.36227753211219993
3803,-0.5626044953558749,-0.21211875588379914
3804,-0.22086528816834822,-0.395338940143263
3805,0.40783096543365677,-0.45049943707561857
3806,-0.05174469632090625,-0.4254361834091538
3807,0.3704717272052701,-0.4362953210568599
3808,-0.015448661567969186,-0.40801991235659335
3809,-0.49550222816914424,-0.3582315597406881
3810,0.4561830097223793,-0.23119540119986756
3811,1.037834231762388,0.14859375902857208
3812,-0.08439705173463483,-0.12045859983636141
3813,0.2452076132239048,-0.357681409701744
3814,1.1492844042721255,0.17543553218634544
3815,0.08900690058040532,0.30249151161222554
3816,-0.6700810146663856,-0.05697008023655026
3817,-0.8598026176360096,0.0500837771916538
3818,0.4956932070180478,-0.1411703743342846
3819,0.8810333789178079,-0.16583032488574123
3820,-0.18604028989335927,-0.16323869729570378
3821,-0.2231376853760667,-0.2866417009533594
3822,0.41315290235010554,-0.14209811944541656
3823,0.07939068422529869,-0.19631452920317857
3824,0.7663791718929549,0.26797987238514803
3825,-0.04363241004196377,-0.1656333044307322
3826,-0.7955416144999369,-0.01495596182749423
3827,0.05577530111939944,-0.32472794205533195
3828,-0.19281291566778075,-0.28332811843736866
3829,0.28935810842023785,-0.20023192999395428
3830,-0.8860426323470963,-0.06966658493173271
3831,0.20589414651729712,-0.27806568433482853
3832,0.09554927148612412,-0.37668874840658156
3833,0.5045252075596656,-0.14756268195480896
3834,-0.35934186980500166,-0.30844725867618306
3835,0.11973442318025565,-0.3091438438462575
3836,0.20901006058192,-0.3531419694358825
3837,1.0537162755425424,-0.027862168829078063
3838,0.4550688795956479,0.2632506972661367
3839,0.668383706431761,-0.0583773690548285
3840,-0.2779002665903351,-0.14834927628404804
3841,1.1704337104895706,-0.006827508392499848
3842,-0.6269669801322506,0.12036118569125467
3843,-0.2131849735372531,-0.18198121377016319
3844,-0.0052077318703272115,-0.058335081895700885
3845,0.35426088705568465,-0.016769502109618417
3846,0.12478881056095623,0.23784039132829865
3847,0.6049496196410371,-0.1684111439987709
3848,-0.4726246217796989,-0.14540552948775454
3849,-0.7089297610235383,0.18821475041010016
3850,-0.545792171675671,0.01719960591319407
3851,0.4696970515736177,-0.22659658519191656
3852,0.6217121063640183,-0.08308950548956319
3853,0.3007307220953373,-0.23671460844905173
3854,0.30085082491849874,0.4311470712402491
3855,-0.4036779020767957,-0.1252546639941189
3856,-0.06968771451526849,-0.1205473443081952
3857,-0.9786184697138309,0.04600472624652835
3858,0.6361408415167034,-0.06560458331869809
3859,-0.7720320067654007,-0.1914301639844429
3860,-0.9110233820451275,0.12747393139207694
3861,-0.29045690492734405,-0.057887094158736954
3862,0.9330608909736675,-0.028220675258780255
3863,0.25464729140938497,-0.169998553117704
3864,-0.6597391269421884,-0.22807289956214616
3865,0.4759412140564989,-0.29134372125860847
3866,0.17113118118025888,-0.19024299728557725
3867,-0.17915471271601927,-0.264229371456051
3868,0.170534538897484,-0.1995502756644173
3869,0.10371627921559312,-0.1522664101995204
3870,-0.3210933070142834,-0.10334237932348216
3871,-0.21071254986265556,-0.08248602404680168
3872,0.2606688258884781,-0.38464304753042144
3873,0.24168491547079435,-0.30658461747530497
3874,-0.32266521990204283,-0.141036732071414
3875,-0.13554305387088703,-0.19583645301586694
3876,-0.5006782068881458,-0.03934917327899545
3877,-0.3122889593497534,-0.15788374403334907
3878,0.3676474925538093,-0.2227625295569675
3879,0.47326395086500345,-0.018593033481695317
3880,0.3313795707255092,-0.149799983539844
3881,0.35276295130763663,-0.20664286864505454
3882,0.4113724668180643,0.2775104979151364
3883,0.4577459882449992,0.3056011889958132
3884,-0.06690048641260739,0.1621413046270483
3885,-1.262572743329539,0.3764957337037853
3886,0.4366725913620693,-0.1818939676497227
3887,-0.4854069875797374,-0.32499656230603385
3888,-0.18485668400843291,-0.25924482072536337
3889,0.4826596290261271,-0.20252029414100223
3890,-0.8349058940069733,-0.303388584183653
3891,0.5157534069387125,-0.3181786045229482
3892,0.32457112645235153,-0.32451913375319197
3893,-0.24411449322198983,-0.36889374149137355
3894,-0.09189945602795255,-0.20654170833525654
3895,0.18428628200171263,-0.29711244404053194
3896,0.37272281970636656,-0.34787044817416696
3897,-0.054974940935895396,-0.32581429980209275
3898,0.14058115995237877,-0.3149773439128663
3899,0.13699384701528666,-0.3061447296891232
3900,0.48177927191869385,-0.32002479267219347
3901,0.7952498639235339,-0.15959933618648434
3902,-0.6303948170199458,-0.17173248029284777
3903,0.259558629953001,-0.3177714865775019
3904,0.6271515617365767,-0.021658691684619993
3905,0.08056954552146635,-0.04907305861092546
3906,1.2666196606821851,0.3353114530569222
3907,1.6143424061066878,1.029592341034141
3908,-0.5167596383921251,0.2958268360196621
3909,1.136014513066557,0.06437397591569599
3910,0.3456391388538062,0.7977491461141838
3911,-3.9941537277701413,1.28991769817259
3912,1.8393867374523853,0.37222945863522455
3913,0.41620694440433015,0.34875052821479785
3914,0.08082710801356514,0.10645587502604248
3915,-0.6550234154979042,0.22752347056715438
3916,-0.13590946421973082,0.2723635721539941
3917,-1.1822199788633974,0.46001354802098804
3918,0.13360415351330712,-0.04812443400057292
3919,0.338153679091275,-0.22197724563752913
3920,-0.20538464443477056,-0.11190437683999285
3921,-1.0040064300413538,0.17807638925632308
3922,0.46156351736220214,-0.1277554386882378
3923,0.6585225735206546,-0.2802502718362355
3924,0.12825966916944076,-0.28172386036842456
3925,-0.5313640335496717,-0.20577896772334603
3926,0.8930499829526617,-0.16777300283058333
3927,0.2171834444661231,-0.2353349524733786
3928,-0.2451008515911746,-0.2084365714674828
3929,0.1499196626532761,-0.4123234106619599
3930,-0.24726770946727195,-0.2139892713698388
3931,-0.7197806198256985,-0.30134919446754294
3932,0.4028010885115232,-0.3713546763342033
3933,-0.7555023992621186,-0.3111580411822207
3934,-0.5816712796217108,-0.033686882154217335
3935,0.6742210267054849,-0.29021154366820795
3936,-1.129749521684096,-0.00972622021259592
3937,0.18492986567719039,-0.05303853845844771
3938,-0.7937776861193377,0.39512642510245466
3939,-0.3486585583397658,-0.0906828636648581
3940,-1.3211984891072015,0.2979293313062914
3941,0.5433922087603978,-0.08318317576968179
3942,1.2376470342397432,-0.23332516649517568
3943,-0.24757585155408712,-0.2623817389436971
3944,0.0753657423791579,0.005999509799747338
3945,-0.5732485820381037,-0.306200162810269
3946,1.4324724641716473,-0.1537471955716978
3947,0.32047247006970797,-0.16862432876435132
3948,-0.13278826976175323,-0.3441332217455255
3949,0.13395298686386703,-0.36490880097829853
3950,-0.16262180106755228,-0.17468787916034886
3951,0.7328703447835279,-0.2893423239551082
3952,-0.4824339447696074,-0.31588429644200566
3953,0.6310952806499547,-0.3309820358555086
3954,-0.4310799001173472,-0.301194123716108
3955,0.21451468476023694,-0.39188729927031246
3956,0.08090326323548871,-0.39163353149549335
3957,0.2540513893121308,-0.382688700680179
3958,0.3691598349649867,-0.14574545949769593
3959,-0.6758928708163887,-0.2168485743064646
3960,-0.19755836434938714,-0.23680708701231745
3961,0.24702194276799258,-0.39034302651348995
3962,0.13437924961869419,-0.3243886368683309
3963,-1.2523120207904146,-0.15958851926127304
3964,-0.3688405940423905,0.25063384885012924
3965,-1.1844766904460726,0.22364227764839534
3966,0.32628114857206886,-0.156357280156861
3967,-0.03420366076477064,-0.15130303391513036
3968,0.8737199682893,-0.19131780378253424
3969,-0.23746600638887555,-0.3674018253005421
3970,1.07550015991625,-0.2196476808823996
3971,-0.7015160481455861,-0.3134933640060119
3972,-0.35563931434759766,-0.3684260411116917
3973,-0.608422870298114,0.131235266294689
3974,-0.5820757380529368,0.08148973064647996
3975,0.7362615742749998,-0.20554022330754432
3976,-0.3662790388791277,-0.36407132686297283
3977,-0.07046693284514643,-0.34131618839661837
3978,0.37856314536395824,-0.2371459865044952
3979,-0.04709371385021496,-0.17706071042567156
3980,0.554795082735786,-0.2937703355926502
3981,0.19709592694798989,-0.20095838333854876
3982,-0.40804744377717034,-0.3723401136903277
3983,-0.07153300151753007,-0.4056879989345785
3984,1.5625474971705853,-0.015010476590137559
3985,0.16430041902083473,-0.11089583409031403
3986,-0.003478448497874969,-0.32888399614218455
3987,0.04897708434940904,-0.3909353293629412
3988,-0.2588046870678926,-0.3211897662042939
3989,-0.2557794317153853,-0.31610552005601317
3990,-0.028366099059464737,-0.356974367904372
3991,-0.08294774324565979,-0.44603911069239544
3992,-0.3511034602438594,-0.395433677829209
3993,-0.07426272876750953,-0.428881020181785
3994,-0.6688687129635181,-0.3656447946275766
3995,0.5533940014170865,-0.4260570661541405
3996,-0.14480568612083208,-0.44249568711207055
3997,0.8150823146447229,-0.40634834232348027
3998,-0.6510579302334689,-0.1295441798197713
3999,-0.4511387987639281,-0.3843990489808076
4000,-1.025153713451305,-0.310560516541953
4001,0.8208199158632281,-0.4178272871603532
4002,0.36768756208557196,-0.368024704783567
4003,0.0047717913785217695,-0.409253289439387
4004,0.02515127049719939,-0.430907181493737
4005,0.17024387356151258,-0.42337271309537905
4006,0.8128813618630546,-0.2624198925263642
4007,0.2733376424451324,-0.24886618434554628
4008,-0.15375335604329662,0.053450813409857106
4009,0.6210306079714731,-0.272013694346096
4010,0.6100112233315813,0.19793784629897743
4011,-1.5641115497100186,-0.13366863032110787
4012,-0.9211665943992535,0.11996888578869533
4013,0.1474620239542657,-0.261507680847138
4014,0.32094605740683474,-0.1425203617213915
4015,0.07048272805251406,-0.1606386987726667
4016,-0.06507653576891333,-0.18916899325689007
4017,-0.10665592662906219,-0.11027239447866222
4018,-0.13359104790717766,-0.2334602083896348
4019,0.3319829906318257,-0.13495577982563184
4020,0.14898345637043012,-0.26573951466622203
4021,0.5967664572776931,-0.28967393949513087
4022,0.11225231738364444,-0.1708508544517396
4023,-0.6742226249523076,-0.1165368494751988
4024,0.7394658487660751,-0.1811475837921922
4025,0.14034627367697822,-0.17574046053893172
4026,-0.517797761865211,-0.2707789462443866
4027,-0.6577144869565849,-0.1579151598497306
4028,0.44671958168181436,-0.19419823187997287
4029,-0.23723103712982901,-0.3415575470036881
4030,0.2658320098998504,-0.24507907421928912
4031,0.805119406372135,-0.20528917489861495
4032,0.18597417162930485,-0.26503042668497434
4033,0.22364866037644326,-0.2654917590264438
4034,3.471930874273186,2.2402313259090056
4035,0.38329669046009157,1.092876820598892
4036,-1.6965196969798841,1.2550185906020483
4037,-1.1647331803203789,0.9064916890301393
4038,-0.9342911504959639,0.40187579332540946
4039,0.06265213758379284,0.1049747299781944
4040,1.430060169608197,0.22303862303318506
4041,0.4410137738657009,0.32761445177233073
4042,-0.4674434163403071,0.05244738553666933
4043,0.37182000348010147,-0.02301522344997771
4044,-0.028403292301628365,-0.12595013297330143
4045,-0.6426445333109422,-0.19344667102495666
4046,-0.1826852767104691,0.0533282235260579
4047,0.19950564318892922,-0.16756310223951568
4048,0.29722468344312397,-0.15943157758628107
4049,0.4652549873867226,-0.30818352774835767
4050,0.5112237111496374,0.09591130627562755
4051,-0.36159998447420044,0.19034336339229851
4052,-0.6768311471410811,-0.007761408529777802
4053,-1.3064927963978625,0.3975196030149229
4054,1.367596188714624,0.13646168861783556
4055,0.12019008629561168,0.40124500942150393
4056,0.8703894272445002,0.47730404062646714
4057,-0.4977374394712109,0.32920777553256914
4058,0.941157309284685,0.3421709400063272
4059,-0.5405853405662218,0.42314128645154636
4060,-1.5893371147830668,1.0732416755277128
4061,1.2532071520855124,0.9313305928549672
4062,-1.1180328092089866,0.4918632259291077
4063,-3.2977428998592124,1.7623046697056766
4064,1.7989766130396092,1.1473492765845728
4065,-2.223577632420273,0.3707890254487091
4066,0.20500580195904636,1.2447373236923633
4067,0.22792055501032474,0.12962229223461524
4068,-1.1091754447025777,0.07767554105932473
4069,-0.21583674855625798,0.12076360407729858
4070,0.5895875108881178,0.250474386790728
4071,0.7613393040902947,-0.07154834850770025
4072,-0.114119125698245,-0.15371614261802047
4073,0.08101992813440233,-0.12595468263063384
4074,0.4572102469624741,-0.21861931011872465
4075,-0.5471967704675416,-0.13577862576346145
4076,-0.9160030263817982,-0.22771158619650494
4077,-0.8544448373847036,0.3723926250212278
4078,-1.6286936674364088,0.5960350767500294
4079,-1.286342634321713,0.18678094389872468
4080,-0.9260828595444941,0.561142797788741
4081,0.7326927648098575,1.4822690987005949
4082,0.9746626109731198,0.3717552545924882
4083,-0.44819952741622027,-0.14272022067940623
4084,-0.33042139838509055,-0.327085938189764
4085,1.066376225992335,-0.2305857610236114
4086,-0.3466519201720116,-0.3248471260252127
4087,1.1885840549429811,-0.3223419930802332
4088,0.6797835052000984,-0.2279495789487571
4089,0.33897754927616314,-0.24228777869248913
4090,-0.36720465233305105,-0.32459891480571756
4091,-0.31324231594297725,-0.3330018382798138
4092,0.5500963328448282,-0.3701823316465293
4093,0.009860572585834866,-0.33874385595692313
4094,-0.08044022155513122,-0.3000291030942197
4095,0.36146947418697417,-0.4109551512252999
4096,0.3243163431166571,-0.3101265093042773
4097,-0.018202506562025537,-0.34328186985378717
4098,-0.026848766107984236,-0.34417248736190775
4099,0.675072866292993,-0.34781441431268884
4100,-0.8424811573791524,-0.3878979146960423
4101,-0.20962572464167975,-0.38907323450849196
4102,-1.0070187979229326,-0.16011447966729414
4103,-0.15350590977592504,-0.23197910362937235
4104,-0.9993258356776488,-0.2720562479817563
4105,-0.05218684945993838,-0.18723066693386492
4106,0.2699323154597393,-0.12146750241099624
4107,-0.3413088356981322,-0.21799642667848237
4108,-0.8581656511198343,0.04322583727618201
4109,0.5474778941059971,-0.2530037270915807
4110,-1.4630732113760267,0.4948986153944036
4111,0.6664368771768266,0.41932745817662065
4112,-1.3655175379758435,-0.13109930423797586
4113,0.4404362301765696,-0.1265948049633287
4114,0.22312650843596288,-0.24152629748608373
4115,-1.6914966094133592,0.03859762163937669
4116,0.7585707267275205,-0.04769144956670396
4117,-0.6320399910745454,-0.08937587193227259
4118,0.4451857227103006,-0.046850816663949676
4119,1.5276789646672118,-0.06290567732247813
4120,0.7690055435353599,-0.12734663248427636
4121,0.4908775229258055,-0.2595476010189687
4122,-0.11700653033540045,-0.21228086282916275
4123,-0.29777591381732876,-0.2781473045111692
4124,-0.7667263089478168,-0.31999111134596014
4125,0.6919220973093414,-0.3876027835263159
4126,0.8036889230102465,-0.23095782939889853
4127,-0.8083928821639952,-0.3066900966566937
4128,0.6380911717348025,-0.40710982706752574
4129,-0.30302395076628935,-0.410524451436149
4130,0.6226277587050871,-0.33198843302005354
4131,0.234993427106166,-0.1601259492722621
4132,-0.4395471216251148,-0.34351365085232655
4133,-0.133026080464539,-0.391142022452006
4134,0.4792059138955458,-0.34659644203930867
4135,-0.9770550326579183,-0.3105979039912674
4136,0.5828281776643723,-0.3617875086943999
4137,-0.1588737323910461,-0.3475291138029652
4138,0.8045624759187698,-0.3001305200265269
4139,0.9895653994484154,-0.1600859407252036
4140,0.03339216199207404,-0.19770826456437232
4141,0.4042170169981584,-0.21874560249441422
4142,-0.3504137655916681,-0.2824161555567369
4143,0.07476137096617488,-0.3096516199638579
4144,-0.05918183560622605,-0.3207376334787695
4145,0.17887950780980666,-0.34212427030103987
4146,-0.23169719038023942,-0.3304604228286878
4147,0.5497389549743799,-0.3261663411475402
4148,0.550784978931136,0.2357165508715648
4149,-0.48465587319935977,-0.23071197372316848
4150,-0.7648029537963993,-0.18465877988973864
4151,0.13935955764737498,-0.12310231632929848
4152,1.0478507914350614,1.3573519807174788
4153,-0.17011349292550146,-0.22210393791858296
4154,-0.31551802649852484,-0.16046272251671434
4155,0.8664493735118508,-0.078501703233244
4156,-0.49127471208233053,0.08376327425357666
4157,0.13986523567431103,-0.15594415549378499
4158,-1.6570829479882285,0.06203333842310027
4159,0.6874367661760948,0.17104476034074884
4160,-0.7347156266177153,-0.27527119113755305
4161,0.04290979987646544,-0.14809464455341909
4162,1.4566413281935031,-0.11930949090603325
4163,0.058851888594488755,-0.27989305614800275
4164,0.01787593672265888,-0.20534976091691542
4165,0.305707383543405,-0.055327093383639586
4166,2.2743618479538057,0.2939214321241698
4167,-0.16847478271540128,0.454010779953112
4168,-0.6291941975221568,0.2376754455240277
4169,-0.6285831704510386,-0.1314021063286759
4170,0.5244820527935447,-0.13399848501899037
4171,0.0958372722035983,0.02048165653085872
4172,0.4805559456816231,-0.10670373638263875
4173,0.3018822416111006,-0.15882483796983446
4174,0.4069567057514885,-0.23504505723383298
4175,-0.011704804317861516,-0.2771307220192112
4176,-0.5361171908592504,-0.05617560992507701
4177,1.0047787329961988,-0.18221700982559952
4178,-0.3011481089923828,-0.13235560929124526
4179,1.2762634371545911,0.23747197723389857
4180,0.7953460084257679,0.4293721743243083
4181,-0.6987364930338429,0.9399992464032355
4182,-0.7374249664229598,0.11228616202669972
4183,0.18466238946995736,-0.13410706143784062
4184,-0.04064484465762502,-0.19001996012232011
4185,0.19309841770178676,-0.2648324219406033
4186,-0.8834502595139591,-0.2749171593084949
4187,0.6618658181435696,-0.29105026019902835
4188,-0.6174426484230742,-0.31365858909351024
4189,0.25934919306256293,-0.417145671524045
4190,-0.44742302512840654,-0.2867671391971825
4191,0.1991255562109243,-0.322986003431854
4192,0.17497391676541413,-0.2957877005360343
4193,-0.38583599468174784,-0.30603876268821256
4194,0.23327011112404383,-0.017259326649291168
4195,-0.3425662285532525,-0.1482439306748782
4196,0.5378707418726966,-0.36539245642259466
4197,-0.28430702613241093,-0.2760750146791855
4198,-0.2821911000286927,-0.10624295291648025
4199,-0.2460943434863119,-0.13761548620827094
4200,-0.2623334658863941,-0.3004242455071227
4201,0.20502402411200132,-0.21077720636446912
4202,0.641784679110318,-0.10640428202513655
4203,-0.35680670225667016,-0.16182927835116823
4204,0.48610000008247406,-0.02577822496357067
4205,-1.1859302460568286,0.016271901365261715
4206,-0.6086645379979146,0.310685543154515
4207,-0.5195964884726413,-0.15723183332605573
4208,0.7555006517926791,-0.29750806047586065
4209,-0.1484997736976742,-0.22509685847181754
4210,-0.09565910732488579,-0.20402929300419223
4211,-0.46723657671883434,-0.2934984037916777
4212,0.41901644534569166,-0.19538938724331034
4213,0.1086431810894391,-0.3804099961210662
4214,-0.3585426815425277,-0.3725183327762574
4215,0.43482398375824005,-0.29170472731267
4216,0.7620904525119272,-0.25097500991384447
4217,-0.08481304304094545,-0.369244955080792
4218,-0.14082420866798642,-0.13910144178170236
4219,0.04070494880382019,-0.4061116019631178
4220,0.33452987017764885,-0.34684588783994114
4221,0.33489427027002566,-0.13648479336069919
4222,-0.18388661964699127,-0.27874514274171414
4223,-0.18870759530061543,-0.2817776654267746
4224,-0.20980676382173924,-0.3015180454359341
4225,0.16191143468928204,-0.28720019642456873
4226,-0.5348418330612746,-0.2843085701101793
4227,-0.9269223490843432,-0.15159932287928643
4228,0.47134441986152026,-0.10678673027762489
4229,-0.026955306284154837,-0.1995257983221565
4230,-0.5803110840061021,0.1225252169311522
4231,0.31090942060823734,-0.2542661331408026
4232,-0.011119162157380728,-0.07955462840761894
4233,-2.2597301759658217,0.799025971779149
4234,0.32551487996489475,0.2791768294890521
4235,0.5811388505312619,0.3432529435685071
4236,-0.20541282034751948,-0.24576113087216545
4237,0.6245218757929198,-0.23741156447105743
4238,0.4278914217734422,-0.2526238246590209
4239,0.4840358790600209,-0.14675482478318844
4240,-0.09758317943947803,-0.24611058458116236
4241,-0.43885138156155284,-0.2941852790972645
4242,0.8274312060834743,-0.3415540915848761
4243,-0.03709555071083816,-0.44416197518724787
4244,0.7518125569358041,-0.21570103793901038
4245,-0.43345802853888343,-0.24140623755328067
4246,-0.06755718324511983,-0.23209838697578472
4247,-0.07297441592305884,-0.246011247500241
4248,0.16982649988422205,-0.3088366447584978
4249,-0.7000954577551501,-0.19621288471152348
4250,0.12268981116376215,-0.15108499963860747
4251,0.0932437509624248,-0.060658030711255875
4252,-1.2437595845309177,0.21108490650479067
4253,0.7276775524534492,0.27140595577328663
4254,-1.3371952639290232,-0.03335478697537747
4255,-0.9569023735318034,0.2590496324349362
4256,0.751108009395831,-0.1491882905009278
4257,-0.26891937127764554,-0.22792870622009256
4258,0.25253973579551175,-0.010603992319133587
4259,-0.09721479299415842,-0.2004073025848242
4260,0.07563639770959638,-0.11473286061617838
4261,0.28828638680198,-0.15155623313737898
4262,0.38881018985156884,-0.3000038482009097
4263,-0.7291535700165123,-0.3756021529319945
4264,-0.18909155609382514,-0.2569680697196203
4265,-0.0520063486858613,-0.1762023672832588
4266,-0.8651331925529308,-0.2053824423748522
4267,-0.4223177630031188,-0.03875951375956422
4268,0.6484368639098519,-0.3266507599163144
4269,0.41166762456380535,-0.408288847594145
4270,-0.1657909553443849,-0.4039434692808059
4271,0.26024045589162925,-0.29086602977599185
4272,0.10014268455393369,-0.40705348580852396
4273,0.5578090446838553,-0.4322157237829542
4274,0.050889061679938,-0.3692109526862214
4275,-0.13769842468660698,-0.3782610986078975
4276,-0.09680226682486377,-0.4442849508759711
4277,-0.23126986700782506,-0.4115284331565123
4278,-0.031211078029691176,-0.41114311455559166
4279,0.22623451906720113,-0.4310377043360536
4280,0.035001252099612586,-0.45797418694476266
4281,-0.008418126875423804,-0.4208427736216348
4282,-0.5495040747659259,-0.39300994453915133
4283,0.3882952078839506,-0.4641369249135128
4284,0.16082728396779342,-0.4383656910994339
4285,0.35522990192489706,-0.47563774767766875
4286,-0.556876198904436,-0.46534073399879766
4287,0.02175405546529608,-0.4366315277737348
4288,-0.32207723672345195,-0.44139387893488313
4289,0.021933118732456416,-0.40324863570734315
4290,0.032106365284034453,-0.4253921162809432
4291,-0.058305218132173896,-0.3835071538803466
4292,0.13753181830724054,-0.4798253358411465
4293,0.03990799843827955,-0.4475185707234175
4294,0.634745232268205,-0.4167270195818649
4295,0.2323349482899939,-0.3005778543931848
4296,0.1960120220571871,-0.3569615022201557
4297,-0.10309451828650494,-0.3970103091776197
4298,-0.791166155253847,-0.30934829666102837
4299,-0.4711913766852266,-0.3009849710851644
4300,-1.0013697783879956,-0.20094724250133902
4301,-0.8070401047395037,0.18180182140212237
4302,0.3873093891981109,-0.14093503522998158
4303,0.2169044518613247,-0.30040914057980994
4304,-0.3112650055727808,-0.37262643794387074
4305,0.4408967766458792,-0.3888989033221293
4306,-0.3552857572473774,-0.34890172268159336
4307,0.3449507911313646,-0.3405511697198155
4308,-0.29109890786147125,-0.38243031095509766
4309,-0.6475468341876501,-0.32418479061347993
4310,0.061646080573644645,-0.17270784834893071
4311,0.4002990628338477,-0.43300103509027693
4312,0.05010904283163354,-0.4200324098866405
4313,0.11820202694581987,-0.46528141268807677
4314,-0.8508213092225574,-0.3436749452865342
4315,-0.016455746774554653,-0.3370705160176771
4316,-0.2749842735826176,-0.24954268215873696
4317,-0.8312313011462661,-0.14108532495022313
4318,0.6656992319192383,-0.15776744062276415
4319,0.051352717799495386,-0.33643466264356764
4320,-1.4990085467513132,-0.2349331102536034
4321,0.5585586086633568,-0.28285469018430076
4322,-0.9027415607343353,-0.12708118415180553
4323,-0.8036015546944465,0.06965873703471501
4324,0.016009756864843697,0.16171398960215638
4325,-0.5161211124859333,0.2690441930825453
4326,0.8066007951807349,-0.13233295636843717
4327,0.6902873058391231,-0.1256751218492731
4328,0.38403813326115394,0.004448871700813525
4329,0.4085651629568628,-0.3112420703956892
4330,-1.003128780494942,-0.20789516919253925
4331,0.04224843868845103,-0.36524805158998586
4332,-1.1671998362088698,0.024896218398960834
4333,0.48034540847027757,-0.10411466806157854
4334,-0.5105361658411973,-0.1200946889036681
4335,0.3717256629794235,-0.32291841092097506
4336,-0.8272836419448785,-0.18966030036731948
4337,0.592065696877905,-0.10910228487692397
4338,0.571568473714069,-0.2550255834824219
4339,0.6523065528062258,-0.3139206213509855
4340,-0.04719571157566834,-0.2969561339875943
4341,0.3420821603750431,-0.3359617301589445
4342,-0.32485999889875106,-0.20785652369489876
4343,0.44035797091346324,-0.23066197921336612
4344,0.96587078678278,0.3757508616876111
4345,-0.8295631578503109,-0.19040569182772782
4346,0.6402803289645731,-0.26388873990245176
4347,-0.546007780344515,-0.1098811033644519
4348,-1.0861589820598305,0.20119457568794724
4349,-0.5526747581892449,0.18239458503620543
4350,-0.4075648068257397,0.10181505324142293
4351,-0.2585769914785289,0.13829525975621454
4352,-1.3496827583398472,0.3702744662704902
4353,1.0881301194020072,0.4028945805678594
4354,0.24636106995840432,-0.024556921599438508
4355,1.3179370643091899,-0.12060787047411076
4356,1.4047348648852065,0.07152706730252245
4357,0.9034866507402239,0.18291527309743116
4358,-0.6291420825990869,-0.09240438319071179
4359,0.15577166649926424,-0.2156047019724613
4360,1.3794784681405778,-0.09431038729873237
4361,1.009611013407892,0.13287413589459895
4362,-0.5906005487613227,-0.21972279817011733
4363,1.0532500293211409,-0.13612716708013314
4364,0.12381749569031658,-0.23002417096563543
4365,-0.6571166580464769,-0.11214082897808837
4366,-0.05596386204902794,-0.20378766059470924
4367,-1.5591595308743085,-0.19517651383433082
4368,-0.7435016352589325,0.20540178527006392
4369,-1.6102272310952337,0.07624190964223979
4370,1.1515851127936803,-0.31793146960800367
4371,-0.9762376130741743,-0.14144708095487102
4372,0.8883112546002082,-0.28493266454246186
4373,0.20242398830001546,-0.24605135753996274
4374,-0.7432897071383607,0.1299673187002725
4375,1.2069826240176795,-0.1576281816341744
4376,-0.13870658656540658,0.09084291755174731
4377,-0.1486613978785541,-0.4407137844149835
4378,-0.7034259070999874,-0.30892365877449224
4379,-0.6968128773606512,-0.12979028926091962
4380,0.6321103098617687,-0.31174290233051505
4381,0.3047719656330634,-0.4050842747976565
4382,1.0713907856939797,-0.28063699101362194
4383,-0.16697253988724678,-0.3769500623933597
4384,0.11382315644634775,-0.4321697614335323
4385,-1.161797214411989,-0.3091341969098448
4386,-0.6983195738979682,-0.15929847155585425
4387,0.05295702044795447,0.14484300434242772
4388,1.2640373723097564,-0.2766454462277252
4389,0.07073902836159954,-0.39889582056965056
4390,0.692451156310197,-0.22495692601356515
4391,-0.5433453723905508,-0.31018814746110024
4392,0.8595821547362261,-0.2735894870196264
4393,-0.7311168227137842,-0.2734261109031687
4394,-0.5608365723170881,-0.24701755685328214
4395,0.45108697829497985,-0.13164413674286396
4396,1.0272812006293317,-0.2426652347096055
4397,0.056789880144148874,-0.31538337087810164
4398,0.9544826000719382,0.052230993670405845
4399,0.0727774299339662,0.14005065904902764
4400,-0.3869821084093786,-0.3358024849802641
4401,0.2004533507464763,-0.41331946571403194
4402,-0.09673045258197263,-0.3355226916403134
4403,0.40399050891209515,-0.2589807971397271
4404,-0.4799812541932575,-0.35415999167387413
4405,0.038701705193365014,-0.38206174025015716
4406,-0.003604491471650253,-0.31829511230805296
4407,-0.4659340607153994,-0.36145092123276784
4408,-0.5195558518046981,-0.2379716555653124
4409,0.48525890691027296,-0.4349713316731393
4410,0.46219085523244363,-0.4159922532987674
4411,0.181712041578859,-0.3980858905263284
4412,0.019642020979677426,-0.383563771405632
4413,-0.3755005462185767,-0.4035951887163033
4414,-0.08576460447182188,-0.3734486727883813
4415,0.13781878152015287,-0.4145317681373579
4416,0.12208770927631189,-0.4108134535314706
4417,0.04996894069749936,-0.35942359797514467
4418,-0.40421266064120925,-0.27683159514043654
4419,0.6724751218812232,-0.21023911407065052
4420,-0.9882770506012294,-0.3646939938482056
4421,-0.1624265435250412,-0.4027633342602154
4422,-0.489902763628781,-0.3347619152722517
4423,-0.8725972930682562,-0.10897431416861234
4424,-0.13452919773001204,-0.133406257020187
4425,0.24062821807835671,-0.34539074738579756
4426,0.8118977014300397,-0.19772581094059788
4427,0.344052729974982,-0.4150757362279666
4428,0.08596595972251236,-0.29606874546749645
4429,0.5195072583050355,-0.313068347363082
4430,0.0532234971522979,-0.26477301270517484
4431,-0.36281209548277804,-0.383163233769228
4432,0.28786923200486647,-0.36077916005276495
4433,0.26720709280573335,-0.27134069657226423
4434,0.004818517671174008,-0.005880578001532258
4435,-0.6897567401756227,-0.2554848748783098
4436,-0.21123190434995742,-0.3533902320248464
4437,0.2990037265199793,-0.40958903937715135
4438,0.13847561718183243,-0.3931029604714836
4439,-0.505476628646464,-0.3418276404722056
4440,0.0039300483834103644,-0.433727484605391
4441,-0.3379582221769302,-0.4133419285571276
4442,0.6223104981014921,-0.41239000753680866
4443,-0.39003442825647916,-0.366962285403399
4444,0.6087805307841607,-0.24763695001109234
4445,0.7173837712760904,-0.1986782324758464
4446,-1.1387029955708132,-0.02654027323584432
4447,0.46398154018838134,-0.1977103668556574
4448,-1.615525911077768,-0.17262492576114227
4449,0.6187338630797004,-0.2968099856771197
4450,1.3815971084862055,-0.2395886847814703
4451,-0.7363635868687609,-0.2830923474827921
4452,0.3789708005583706,-0.18077144186917932
4453,0.46857809469009676,-0.3615131325369303
4454,0.12317705281430916,-0.23996350031555946
4455,-1.0157890946132129,-0.28670534324918545
4456,-0.30879711787941067,-0.32511556405162095
4457,0.7918236051829893,-0.3934322546582878
4458,-0.15310993700375033,-0.3799666384165439
4459,0.38795034199885364,-0.4328808397772575
4460,-0.8776185991528737,-0.38818275381023226
4461,-0.4673267287370696,-0.3602999189519927
4462,0.4249112508864222,-0.38913160744417674
4463,-0.5550790982084239,-0.3891476614625179
4464,-0.04043416508811424,-0.42317397360661396
4465,-0.20256553876905786,-0.35175169119830396
4466,0.08970104609631298,-0.38325649402913353
4467,0.07026711763833007,-0.42506388230508096
4468,0.14622074693754622,-0.4518861676428721
4469,0.5548355209476272,-0.4597880544773133
4470,-0.39974834306485557,-0.4277279693102124
4471,-0.38079095180418804,-0.4703776825120031
4472,-0.986931969182832,0.20307725436362017
4473,0.5242122000672133,0.04987297345834249
4474,0.42004061912429347,-0.4052404886607024
4475,-0.6255878269206055,-0.49582231160000456
4476,0.48200326571469687,-0.3677834114855041
4477,-0.5156013588649812,-0.46598532066826015
4478,-0.731578064720599,-0.28249944239762986
4479,-0.10479958785551338,-0.29502717154647146
4480,-0.1815045735152917,-0.3962976141175097
4481,-0.005499548275160925,0.05881934236907388
4482,0.7227344238018549,-0.30921676741828674
4483,-0.0944900219981951,-0.43903159617707693
4484,-0.1983541477328301,-0.42960264360562433
4485,-0.351760997767774,-0.3990176660853345
4486,0.30927543324782647,-0.24526522092302427
4487,-1.2284693783587541,-0.14062445082839342
4488,-0.35398562227433694,0.17177030843351293
4489,0.38399685995352845,-0.27119107674616977
4490,-1.2916347998672457,1.4306913515643727e-05
4491,0.19209113194322916,0.0446326311732565
4492,-0.253485251773149,-0.1274538046505257
4493,-0.5099969607718436,0.22723047937795304
4494,-0.6401578554037478,-0.027044593501330434
4495,1.5159267257635187,-0.20959213276057923
4496,0.39320303798635764,-0.2737506458767432
4497,-0.06181372686356947,-0.33932242731456685
4498,-0.37474988447888624,-0.41317026000579826
4499,0.24200086076526695,-0.3520219895106992
4500,0.694558320474669,-0.3699133833123099
4501,0.3000468975595479,-0.34996518226650675
4502,0.006243017895450443,-0.3750346051786485
4503,0.5886234895491382,-0.32501836249982513
4504,0.2880526689902879,-0.39134640907324375
4505,-0.08518415173381613,-0.4176757786581896
4506,-0.2063620647288055,-0.36331504914722246
4507,-0.0944289779212123,-0.4212412921026397
4508,-0.2764516269501839,-0.42785296720792043
4509,-0.5690152514148807,-0.30197225569374636
4510,0.8575559874164824,-0.3722994044482261
4511,-0.5963636497191092,-0.41101464557098627
4512,0.4357632552138739,-0.4214870732537098
4513,0.19517373438700156,-0.3871902490085778
4514,0.42668610860936323,-0.2526357253599383
4515,0.22172918846605985,-0.32350671779131385
4516,-0.8317500765337087,-0.30254453116753216
4517,0.08859160733502963,-0.34059864056817685
4518,-0.3112026814252138,-0.36066768018987655
4519,0.35171516238947587,-0.22410757211750174
4520,-0.1858545867215804,-0.42102134239268474
4521,-0.4140737016537342,-0.3756230530468694
4522,-0.5360899436876242,-0.3017028377978354
4523,-0.6481514653217717,-0.23446743472487785
4524,0.20491981250363978,-0.28842966093441924
4525,-0.061761456462351864,-0.3607213873663566
4526,0.46722968267013465,-0.3666127054523134
4527,0.05955296532806368,-0.41653946824829224
4528,-0.6663866826477702,-0.4103295545717562
4529,0.1774948014159828,-0.44152286244304295
4530,-0.43931660931914734,-0.3637873389621819
4531,-0.1611120006640365,-0.3926817643573801
4532,0.736907719083538,-0.43426266258333523
4533,-0.14948197743791813,-0.4673276502234718
4534,-0.3037715048666057,-0.4349491750305279
4535,0.30260925454856424,-0.4275282520118211
4536,-0.08231949315607809,-0.4636705101180354
4537,-0.33824376775084414,-0.42929573160764983
4538,0.4392168230989423,-0.3543831266813833
4539,-0.6140970241984787,-0.3956768353332646
4540,-0.7151291540808513,-0.16260133999468304
4541,-0.1292373338935728,-0.2933286723401386
4542,0.8006483440072469,-0.3643877153148051
4543,0.5019860331959494,-0.2715072996953547
4544,-0.06738007065562202,-0.39999262566414207
4545,0.37769373243954063,-0.397822749051071
4546,-0.16888461385920886,-0.40280592347674243
4547,0.08914208497071506,-0.44174431183480045
4548,-0.06177163030828122,-0.43787906639275126
4549,-0.6068795301749115,-0.44537921533526437
4550,-0.04932493775566577,-0.4148816529023127
4551,-0.27098899867819326,-0.16984426136798622
4552,-0.845422599509372,0.11248614042553734
4553,0.3433001735844479,-0.008679511120873118
4554,0.5829281425106244,-0.33983563274599904
4555,0.4954254644790159,-0.2740873907061034
4556,-0.04237313403418616,-0.3364151151688848
4557,-0.6373109769382455,-0.4361195514773593
4558,0.49561031223395,-0.11847134061889447
4559,0.2667029150514803,-0.22142257689650516
4560,-0.6031403144507305,-0.32289010383566485
4561,-0.608855379787489,-0.41791112258569046
4562,0.415038834853281,-0.4196014052538377
4563,-0.11981343718576636,-0.4590044337614201
4564,0.15285263207482783,-0.43918201810246116
4565,-0.30499217050648963,-0.46720283327777
4566,-0.3461384034844959,-0.42360877173490274
4567,0.40169760020741196,-0.3141217763510833
4568,0.27523027332874744,-0.4103718530942431
4569,0.9241110363232176,-0.11736704417693211
4570,-0.3282628753417131,-0.34165228477446097
4571,-0.3582921142215613,-0.4219805177441547
4572,0.054226539700723185,-0.46265069210477305
4573,0.09869469005055839,-0.4728796500254179
4574,-1.3243845461710815,-0.20588326357384867
4575,-0.4840520777892713,-0.31852722521659244
4576,0.5607840146521991,-0.3941420969423966
4577,-0.058518328866754586,-0.424835448585849
4578,0.4833947272312423,-0.38229956875982907
4579,0.2592520864418206,-0.441207079170587
4580,-0.23395854772191205,-0.449603777836423
4581,0.047288141186293264,-0.4627462504622366
4582,0.25334129121179866,-0.3746298318056922
4583,-0.024960259513382148,-0.48190613893613155
4584,-0.28375488532748083,-0.42995340590615694
4585,0.7408815027624858,-0.3593318671993305
4586,-0.41047827624863076,-0.4531401066335344
4587,-0.08888925461420136,-0.4579014842722016
4588,-0.04224434323822819,-0.4741439184615725
4589,0.4442019485298345,-0.42216029626586116
4590,0.17603215341296988,-0.4922684674048094
4591,-0.2557083880340724,-0.5062007355650342
4592,-0.21406273413896287,-0.48057343852375156
4593,0.2061196088936503,-0.4691394194777425
4594,-0.22476567140328885,-0.25999807609544173
4595,-0.5387221437463665,-0.4061344299292874
4596,0.7256621739916658,-0.36579398988658995
4597,-0.15968254653838512,-0.47355865743956416
4598,0.31787112742875573,-0.5026490465617043
4599,-0.014397210609643867,-0.48584314658487116
4600,0.3806494319443392,-0.4193140765776675
4601,-0.10470225612370954,-0.4363432201462859
4602,0.36541150512124476,-0.326886731292401
4603,0.3994236959079019,-0.2876293349963954
4604,0.0299861101069437,-0.4338595189277896
4605,0.6808848405752777,-0.27567188303681195
4606,-0.0899194536233955,-0.3266765951222944
4607,-0.4644044736867775,-0.40829918704382245
4608,-0.06626636728338023,-0.3669294875157697
4609,-0.12445632309886921,-0.4551573778209246
4610,0.3911589555625068,-0.40243428929470354
4611,0.21452712817491534,-0.417632498090572
4612,-0.08620789355353177,-0.4553838982439519
4613,0.8632988507341757,-0.2798910620566506
4614,0.23457585213265367,-0.06156703646502808
4615,0.44508059222718616,-0.2984985631355052
4616,-0.38953212326339204,-0.32032715449421734
4617,0.1607769511576124,-0.34963110197517083
4618,0.33651486324164365,-0.3572783837427755
4619,-0.3375543064469036,-0.33437404291692335
4620,-0.5812524262489732,-0.4128224220408082
4621,0.04400510133989399,-0.3839880823360682
4622,0.3411709090377841,-0.491270716204186
4623,-0.5316158480557504,-0.4356075807702484
4624,0.07562980162024513,-0.4905924566603258
4625,0.191920192143266,-0.4724494892634437
4626,0.017510895338449933,-0.4410272933138654
4627,0.0617997983391315,-0.44072072111766947
4628,-0.3186610565096025,-0.42444112957953795
4629,-0.08911226595391838,-0.480894368577158
4630,-0.2813331283862584,-0.38751520674250767
4631,0.48177599144935507,-0.4502066637777295
4632,-0.051257629279180005,-0.4779209569576567
4633,0.40601226412060437,-0.45646928879420257
4634,-0.13661972016290813,-0.4724359706160331
4635,0.036556257482673896,-0.4189813817683298
4636,1.1903963319037736,-0.12522590672696823
4637,0.7963304027943192,-0.15108507512509292
4638,-0.5677193252509242,-0.2067061746922811
4639,0.6327862876335035,-0.3024320868801101
4640,1.1628939484286622,0.28637635592242994
4641,0.28398623059499584,0.21698561453122184
4642,-0.23203730488165547,0.033709021315781726
4643,0.5816392151054135,-0.18241196495522644
4644,0.6198545495121236,-0.17914644700837337
4645,0.36929584066165255,0.014465706003918513
4646,-0.2036422994935636,0.01415537548788412
4647,-0.20871547688677022,0.012950238307563103
4648,-0.0234325323048466,-0.074558017871521
4649,0.6793574046368546,-0.18741986342294373
4650,-0.15633005774849754,-0.31252136804090125
4651,-0.869971334368727,-0.08365990432534126
4652,-0.28415956208666765,0.06705837246446139
4653,-2.1191874075813795,0.10880954772528312
4654,-1.6453825408799272,0.6705925609550706
4655,0.8729342671274343,0.45693304904045273
4656,-0.29460611533341335,-0.12733403871937576
4657,-0.33558040566729325,-0.29322778880144734
4658,0.3615265975167531,-0.35817269280710473
4659,-0.2209488385745436,-0.39147685898575324
4660,-1.4519616938800568,0.13179386229163323
4661,-1.3076553153682677,0.15875040431954643
4662,-1.1065225076711735,1.6645591944156424
4663,0.8679851070187421,-0.023576112116204084
4664,0.9965431105550291,-0.12791679721077986
4665,-0.03444502895015409,-0.15152667565418043
4666,0.7862552270112059,-0.27198980033690007
4667,0.43870361356537985,-0.395646499432084
4668,0.1561796481612291,-0.29103845045595994
4669,-0.9100272222297756,-0.3763019314396858
4670,-0.5296401188884527,-0.2498677208266193
4671,2.3330269352658237,-0.22594862988036798
4672,0.5902638590204804,-0.17777670811611718
4673,1.8030805768429023,-0.05359746868353111
4674,-0.6942539659794302,-0.1368862425714093
4675,0.7707337033518307,-0.29439363847663225
4676,0.03448445491305667,-0.09567141760037344
4677,1.9224813540201255,0.3089348274397633
4678,-0.16797015689227823,0.19482591094354818
4679,-1.4668314561782427,0.22053887050813037
4680,-1.4401170303139352,0.1293616502607762
4681,-0.5360091666243375,-0.13882048370276404
4682,-0.7406111870092613,-0.12243103946093761
4683,-0.09541141266827076,-0.1902262458413202
4684,-0.36291721761513845,-0.3063605935821958
4685,0.1651511034580693,-0.4092699648948228
4686,-1.5318413404192162,-0.06301296757566531
4687,0.9841796693438856,-0.22325465220374774
4688,-0.2617815845010017,-0.30695702505536004
4689,-0.4049351456634059,-0.23941254766878967
4690,-1.3089407148492074,-0.16491587880945136
4691,0.2033315631159741,-0.32058670534988043
4692,-1.0503768290637256,-0.10404376766819247
4693,-0.3588696099995907,-0.11180879203205465
4694,0.5579832372595243,0.11559252567773237
4695,-1.1674543448569514,-0.08132097738911444
4696,-0.3197536486642139,0.18854742794672197
4697,-0.9427106243796597,0.18317454319895832
4698,0.08095565898225401,0.08954709503129465
4699,-0.5702406886103736,-0.2654340409537435
4700,0.886599393344763,0.2771111007293502
4701,-0.16278806915234706,-0.23451426364347944
4702,0.5375260107508094,-0.21813837022012997
4703,-1.309978953953447,-0.14321485127556885
4704,-1.0303234548023326,0.32415225589394525
4705,-0.9234870113363821,0.00706122259426574
4706,1.623394555234379,0.09688827836111297
4707,0.5913634225217318,-0.1360567511215654
4708,0.8434838532965261,-0.2067507809983413
4709,-0.11570337339409377,-0.24133621821919854
4710,-0.25105020811582046,-0.16144652131448417
4711,0.13703784376554262,-0.26290517587102735
4712,-0.7278579830347421,-0.3583895075112023
4713,0.7195120760896109,-0.3332773480980328
4714,-0.2851768286259917,0.19002628856212722
4715,0.4593691712412081,-0.32209018620519525
4716,0.13303367354847845,-0.3044580287085589
4717,-0.5582607714066727,-0.341097152092888
4718,-0.6179875356412933,-0.28725981331425754
4719,0.6742869915740354,-0.2554897408948276
4720,-0.017496115763049824,-0.3878979526440773
4721,-0.1293959762485322,-0.3816936627354546
4722,-0.19061912029321665,-0.3384255365699423
4723,0.47978545033857223,-0.3997432669478411
4724,0.2874949594627196,-0.3681013788018969
4725,-0.28600529723613427,-0.42893026029435566
4726,-0.9127293123228529,-0.28888238746637235
4727,-0.06638509665448693,-0.2578740624441528
4728,-0.7107887696892627,-0.2151746448964333
4729,0.08240277220563395,-0.1894649495528999
4730,-0.25949216530729313,-0.30232147142063553
4731,0.7326332588454338,-0.38980686376417495
4732,1.4616348382251445,0.17946626183285397
4733,0.31407578686185894,0.1790792664214798
4734,0.33239484111200085,-0.19341007525472756
4735,-0.061598965824176316,-0.2282315200445004
4736,0.8034499615612869,-0.2524409845038812
4737,1.1543334940929102,-0.13074831089590422
4738,0.8392786107816338,-0.18979877558262992
4739,-0.6226174009837777,-0.14983446713507328
4740,0.9747924315430875,-0.20497432858843107
4741,-0.3066781506779466,-0.2638472877314528
4742,-0.7797330308980812,-0.1744014241314611
4743,1.4792482605108936,-0.22078661714400866
4744,-0.40858716533615425,-0.2629571575995939
4745,1.285594886493802,-0.05299098119886599
4746,-0.5284224551868681,0.16951113064660606
4747,0.4821442525982389,-0.1812001380076328
4748,-0.08213144560160714,-0.17547900083439522
4749,0.14536215979654113,-0.3903043597760877
4750,-0.1985300435120195,-0.30780758433634703
4751,-0.4998777849264577,-0.3082811955137824
4752,-0.08601666937141308,-0.11914588904317075
4753,-0.5620395802233629,-0.38180620846038144
4754,0.2566896104428322,-0.32589546088060095
4755,0.057581483207183225,-0.3278627600476002
4756,1.147764272735869,-0.14135502084131452
4757,0.2584139451589425,-0.32657241840050183
4758,-0.465263304603095,-0.2468544506018837
4759,0.9323859635894212,-0.34035557790727883
4760,-0.7846193182690059,-0.3947176535850835
4761,0.11855172630522567,-0.42646445861244026
4762,-0.11934372289362154,-0.39178484210426406
4763,-1.1015790584283116,-0.41284807315859745
4764,0.6948800120580881,-0.28758416888564675
4765,0.47736625568771035,-0.43027536760321
4766,-0.3639746295538179,-0.35047819877619063
4767,-0.503255228107757,-0.37177776815590885
4768,0.5639008477609612,-0.34726126393546897
4769,0.20877766717525031,-0.4440324869629554
4770,0.356743001503462,-0.3533592682848743
4771,-0.4621889412876819,-0.46969654891845647
4772,0.48791399241350825,-0.44311229116623396
4773,-0.08512740099321445,-0.4426664543173948
4774,1.1728408978375209,-0.27256297438402566
4775,-0.9304181643893039,0.17821830343796496
4776,0.3808224556252468,-0.26590661215153627
4777,-0.5508028149728175,-0.3152103522946259
4778,0.41640465379495073,-0.3022204948627069
4779,0.7071362171342483,-0.2594595808309194
4780,0.7016056337304992,-0.04390816851642017
4781,0.2270972622004654,-0.12908546637261661
4782,0.8647380633640632,-0.11861093980608725
4783,-0.4202753191667768,0.1870550103142663
4784,-0.4859525608694041,-0.12182397623073907
4785,-0.4458788928032233,-0.11328134676918628
4786,-0.4982812744295235,-0.1689212434105005
4787,0.30797303280572297,-0.26745554602911603
4788,-1.0242562251876521,-0.11506004699927301
4789,0.17095487019125208,-0.3981521852396833
4790,-0.5336477114553205,-0.3283352001501304
4791,-0.09744754180286294,-0.35493422223822246
4792,0.38508677715597195,-0.4227929027600904
4793,1.1164645753370785,-0.2897232829477499
4794,0.33002583683965425,-0.3587103524703782
4795,-0.015773171592607316,-0.39111062985476286
4796,-0.5862787485966869,-0.35088055784936456
4797,-0.10706935266341343,-0.45348199363070707
4798,-0.8117611854630468,-0.33349318470475253
4799,-0.6630708940917183,-0.24163613555721594
4800,0.11327697822344132,-0.36333842018914464
4801,-0.020341510484075176,-0.39388965973545464
4802,0.2736044710033988,-0.2171860827262851
4803,-0.4582261586601834,-0.3742167401428357
4804,-1.0227837620674127,-0.3328758164036608
4805,-0.21331913179209533,-0.2728054713371778
4806,-0.48148780710378963,-0.10864317875255022
4807,-0.08757723506799216,-0.27881343158134086
4808,0.7750036604832395,-0.3523848587634468
4809,0.2045991368670041,-0.3786870781622717
4810,0.07373258536847967,-0.3411347818212143
4811,-0.12824080373470967,-0.3584218748318616
4812,0.19555879740084878,-0.3002701317021439
4813,-0.27078190193879476,-0.47619169810223577
4814,-0.16343007130499587,-0.29087011035167676
4815,-0.1626444756375453,-0.3110180377366051
4816,-0.14513735875758102,-0.36151434132207894
4817,-0.25836572662427826,-0.3867246127299363
4818,-0.412137570305398,-0.38791718708163725
4819,0.4035826074000974,-0.30191676616419205
4820,0.5994231402772136,-0.35707177707499504
4821,-0.3773627953597917,-0.4290022631770596
4822,-0.4472916807652755,-0.32251867019561403
4823,-0.5308779025721706,-0.33032685849280596
4824,-0.2624287760854193,-0.2141117905258328
4825,0.3094784813245897,-0.29213206899659927
4826,-0.5095098088868439,-0.28719542810947707
4827,0.20932767742134428,-0.365162715978851
4828,-0.8358789989985012,-0.16578499179921433
4829,0.31032157523195864,-0.12426033614947841
4830,0.02036420273371685,-0.21680942403710396
4831,0.506669798172672,-0.3694518081482796
4832,0.35033123835162183,-0.3635348395139545
4833,-0.676265383129347,-0.3509449649695224
4834,0.7303587104599054,-0.39304597473498826
4835,0.7637537862286278,-0.40993837507121733
4836,0.03977222629504233,-0.17160835480422792
4837,0.4618068784242129,-0.34856599762884344
4838,-0.6067366603771064,-0.3493347076126133
4839,0.05905558308387127,-0.390248257534289
4840,0.3683556253556686,-0.4246165104653672
4841,-0.4906988437149076,-0.39849260076391446
4842,2.078007364949197,-0.14823582871214167
4843,0.0859619997977476,-0.3592317224445076
4844,0.2730794254755302,-0.39558685421662015
4845,-0.0008643968788255314,-0.24650825227996498
4846,0.1492704484017336,-0.34995627851935357
4847,-1.4993114436394734,-0.17657210162749812
4848,-0.17294379166768645,-0.27084092124404835
4849,-1.1806953842716839,-0.16582777540590649
4850,1.3650523152665262,-0.3154751992352023
4851,1.0949232755023568,-0.32623668049981247
4852,0.4403622834066754,-0.33296024637011523
4853,1.2188179352612212,0.07879445838156174
4854,-0.7333337346692681,-0.10858230671977241
4855,0.21646903274695906,-0.34336128202973737
4856,0.2274703188396364,-0.34663362598758385
4857,0.5666887671826403,-0.20704633369084785
4858,-0.8257779703628856,-0.08030918566560179
4859,-0.24020633997612476,-0.3181991429847211
4860,0.5043529627713466,-0.3583532197422894
4861,0.2933884243294594,-0.4424542591294309
4862,-0.6732812240515759,-0.37102387579335155
4863,-0.08401992158990959,-0.30571365897093744
4864,0.361053641239495,-0.4107169684629925
4865,0.5175272956848319,-0.42942606246373694
4866,0.431514701165856,-0.15959354372477136
4867,0.2044753758987785,-0.24774049857162617
4868,-0.7144930531336344,-0.38500305703198623
4869,0.2573278152129133,-0.39509732032733585
4870,0.4459184510438766,-0.27174249782286186
4871,-0.9132980125748591,-0.2152784686436003
4872,0.10795884561894148,-0.31408910648423816
4873,0.10771927088562497,-0.4033171439968453
4874,0.49474071458476093,-0.31817600864878104
4875,-0.34973783084204946,-0.39088165765016847
4876,0.11468979351632382,-0.38249629047221606
4877,-0.8603472943712834,-0.38612900910506753
4878,-0.31785886268114877,-0.07255445083198098
4879,0.2258596125338056,-0.3377618371094152
4880,0.7570942291316941,-0.2872297846558645
4881,0.361483786432621,-0.37463057042558445
4882,0.536107380202852,-0.19456276601130879
4883,0.3037963925977681,-0.11926412103364001
4884,0.20036747263135518,0.07332450559349624
4885,-0.3852001212149858,-0.2956870048799796
4886,0.47827836038724886,-0.08593109171881254
4887,-0.3382646234164407,-0.2649780541806797
4888,1.6865123749130049,0.186673091062732
4889,-0.769246172794025,-0.22102123491331116
4890,0.30256508602739735,-0.20488725062357743
4891,0.5448934755477581,0.048170149540166685
4892,-0.2833894647507723,-0.2453588481032758
4893,0.2168580796007717,-0.2899686906387391
4894,-0.520148715280974,-0.2144143289718431
4895,1.1296877429076704,-0.24296108652147583
4896,0.1586669800875433,-0.16555887347806025
4897,-0.5077703158947519,-0.284702571789192
4898,-0.9768090741485103,-0.1702842756146342
4899,-1.2476575978555189,0.11513974214714859
4900,-0.7242946050798139,0.1384983448855206
4901,-0.29011047583862465,-0.29922188222029306
4902,0.6655159165681144,-0.28479933562425064
4903,-0.9897490658319178,-0.30065066440529514
4904,-0.14626620964077205,-0.27737006454087126
4905,-0.24787682944637893,-0.32277779155212316
4906,-0.1655673802164322,-0.2735041335933308
4907,0.0180080378616405,-0.39845733866795413
4908,-0.49513686912209726,-0.38023694573082517
4909,0.25646937428363187,-0.3654549740123177
4910,0.568005429128827,-0.3481384425332746
4911,-0.45381161416921795,-0.3790164537589328
4912,0.44559731971036387,-0.4006483245843383
4913,-0.007725040383133931,-0.3871991048986806
4914,0.6957754466983157,-0.18674350862792424
4915,0.42843375715877074,-0.32301601703395394
4916,-0.3368216214574747,-0.29606394952561166
4917,-0.1576250069163247,-0.39174811219843764
4918,-0.22802768441730256,-0.386330291916797
4919,0.9804853242720072,-0.31333664582187926
4920,-0.5821081490657367,-0.3810805831111152
4921,-0.19651113293939232,-0.420208200764391
4922,-0.6354835337148065,-0.3354514021904721
4923,0.15710801841582803,-0.3245601562004442
4924,1.708152613752033,-0.18073763029837736
4925,0.13188592230389481,-0.09178965972792909
4926,0.37851760083327357,-0.1122628438667199
4927,-0.18301198633174057,-0.19866051849414318
4928,0.7827248413895326,-0.1657017898886965
4929,2.7102490714967766,0.5964713350764721
4930,-0.4443087150282119,0.9427991898291993
4931,0.2956986594446387,0.24971697497089707
4932,-0.14491864575807778,0.6544966109806425
4933,0.41157608763283765,0.10249190882035314
4934,0.44185285307260164,-0.025287121976300383
4935,0.3836346948978659,-0.04717064490786249
4936,1.6268290348791863,0.7409875809012637
4937,-1.0986930983890129,0.39694257637527286
4938,-0.496186548909458,0.344730559544231
4939,-5.388639409424176,1.7707394557307117
4940,-0.7061103520734716,2.0152830337808014
4941,-0.020698846185573674,0.6088116326837116
4942,1.0068747733957868,0.2242342457041302
4943,-0.545442578901648,-0.14024837242725258
4944,1.8578226381613947,-0.09747194311549857
4945,-1.1274428675607349,-0.029904415563178216
4946,0.16492838684709804,-0.2793250005540251
4947,0.32730773386299444,-0.38121708329497406
4948,2.0599116942640716,-0.07193620897851351
4949,1.036657718538602,-0.07993394712698072
4950,-0.7701352908731287,-0.2564087378465443
4951,-0.002438736811291498,-0.3725823326554255
4952,-0.5503830774489166,-0.38233613294819296
4953,0.5702926058531543,-0.31866547430945286
4954,0.28714230366111265,-0.38174653415298576
4955,-0.7413360466804003,-0.42763214503113056
4956,0.7724723283915256,-0.44430489560010755
4957,-0.08891786352439375,-0.40876902372541785
4958,-0.08414274703324398,-0.3619857855515122
4959,0.705262571152495,-0.34285516459294774
4960,0.59997289342955,-0.244743624097264
4961,-0.08775099256597545,-0.12836898972239869
4962,1.0304955495294774,-0.14260757274223845
4963,0.9720315843551266,0.9453094080164074
4964,-0.37744584074287346,0.0939155928489313
4965,-0.16630720560149434,-0.1163052087162129
4966,0.8051892812495773,0.06167285063337244
4967,-0.2507729651470822,-0.144020094997852
4968,-0.7867007779804815,-0.06484925004595618
4969,1.552619664551598,-0.15443532758340395
4970,0.4194890938968362,0.08881491245101547
4971,-0.1825463386944815,-0.0929191705682958
4972,-0.786907852471642,-0.04989878045684333
4973,0.18905801159107274,-0.26091578817527517
4974,0.48494921896500126,-0.055708223390234374
4975,0.7739234940276382,-0.15479174323846134
4976,0.1853378409002535,0.05411989868672534
4977,0.025493662403504598,-0.015505562961272146
4978,-0.03700153440971812,-0.20360379266435788
4979,0.77854576302796,-0.08762349077076642
4980,1.2238348940608172,0.06297255114304509
4981,0.6586777827831475,0.6537319138951774
4982,-0.5502812715589264,0.0705489324193716
4983,0.10042420060440037,-0.17011383066249214
4984,0.5172682536035123,-0.16844987121937965
4985,-0.4480893998278551,-0.25260101968067356
4986,-0.48956140932578857,-0.1382329121383786
4987,0.443849842935434,-0.24846121881843056
4988,-0.26251372808599477,-0.24154125997606019
4989,-1.3750620958253221,0.018227533330292048
4990,0.2549961174801745,-0.21222249610211047
4991,-0.5013449839457496,-0.09417385687356286
4992,0.12883178042995125,-0.24540729211421589
4993,-0.5579645701847269,-0.22765073294513466
4994,0.5889443814685338,-0.30048166879656885
4995,-0.24186832782914233,-0.11714944283698965
4996,0.7596219726523036,-0.04323772224955783
4997,0.4679363514682076,-0.18479987519707877
4998,0.1195058501587801,-0.20090077867143744
4999,-0.08683387219717917,0.1591597244509966
5000,-0.4189836294192635,0.041544532755377284
5001,-0.1367812591980818,-0.137857759325565
5002,0.2582598008871136,0.17107402922344084
5003,0.831678527356004,-0.0614981331961794
5004,-0.5327512852757573,-0.03901248264574635
5005,0.2152660666558868,-0.14244867211715523
5006,-0.5077720364919572,-0.09661006562275501
5007,0.43444901430198785,-0.29288103642407504
5008,-0.07364601643777682,-0.30056078499276545
5009,-0.3103537062088851,-0.24670543294559816
5010,-0.2811326805401973,-0.1285902364780252
5011,-0.43314093175695156,-0.26173941362608943
5012,0.7113261202523695,-0.3419940454570129
5013,0.4338252908046934,-0.18008131010144518
5014,-0.4987824630800492,-0.2926293529853693
5015,1.0794418375152524,-0.25817292577096396
5016,0.13552927052312014,-0.060580363501467754
5017,0.42920196905276464,-0.29387446714788756
5018,-0.9818375990633006,-0.12091260744520764
5019,0.42219187254626134,-0.3121806946673808
5020,-0.3334792936115394,0.0590506868435674
5021,-0.8879758789865557,-0.07586266248739733
5022,0.04071485102899503,-0.18265636074618496
5023,1.0314005155840296,-0.14743485732163325
5024,-0.4330717804806068,0.06404542572618066
5025,-0.11358535314023384,-0.11070195392598833
5026,0.21507181944457449,-0.22389198152187847
5027,0.24756531874102428,-0.14544021910672847
5028,0.6382879507430251,-0.19804676925479286
5029,-0.6568044961866202,-0.20929931538350738
5030,0.6331976355889742,-0.3006715128529309
5031,-0.8616181603465453,-0.08266603751150722
5032,0.4902952691971909,-0.212549994717954
5033,-0.6686028854875844,-0.29659170451138384
5034,0.18171865895656963,-0.40275880787705737
5035,0.8316120895454925,-0.28133402905978755
5036,0.04160222116181552,-0.3726550026462819
5037,-0.5083492003539766,-0.3715898600124732
5038,-0.15077149559428116,-0.3746837392827941
5039,0.6498763612292685,-0.3545156088812417
5040,-0.003611829376398765,-0.33106627229824914
5041,-0.08951295704321463,-0.3810826015375135
5042,0.017462258726160855,-0.3623384308845681
5043,0.13233705539606855,-0.4257945333731578
5044,-1.100232418379787,-0.317691441932836
5045,-0.2993380758285138,-0.1824325717248531
5046,0.4193632450132892,-0.34751949305214347
5047,-0.5512382540402306,-0.34060306805182916
5048,0.062237992831396034,-0.2923902627835572
5049,-0.1260944187407427,-0.2901840027026743
5050,-0.16108942247273128,-0.3402489463804138
5051,-0.45231861649074306,-0.39207483021137424
5052,0.5259279979694291,-0.45028788694107674
5053,-0.2484105825758041,-0.4916899396483609
5054,0.7343341371082828,-0.2795238925303152
5055,-0.005155628394110051,-0.3860394244946583
5056,0.3562294226762347,-0.38363708418049935
5057,-0.5650435957326371,-0.3650983419781988
5058,0.6518393896284387,-0.3753758402196436
5059,0.1378033965986204,-0.4613265457678448
5060,0.3721612897013449,-0.30903741062724865
5061,0.5715618570755394,-0.3108768913590054
5062,0.3676517026614047,0.08503260802619816
5063,-0.7324699312553347,-0.0011711233768604279
5064,-0.030786451086918687,-0.2935057737232368
5065,0.36706995787793,-0.2888872303994757
5066,-0.38995706956265686,-0.18583100722086388
5067,0.236485564151791,-0.08063083279106918
5068,0.1414871251791568,-0.08233949864856763
5069,0.16866055614088168,-0.21131030043420412
5070,0.9812230316866187,1.1702705294641484
5071,0.3212574855868953,0.36021445377650985
5072,-0.36394689406112574,0.33177431572097454
5073,-0.21810886574882288,0.02920662326481395
5074,0.07038383097533321,-0.2370017842615562
5075,-0.3512498919508429,-0.2047108522478484
5076,0.3076874367623336,-0.27673430048613806
5077,0.07809686053903551,-0.12863757018114103
5078,-0.5976699748555351,0.022465392587334723
5079,-0.7185917882981192,0.2443410175796949
5080,-0.6991181142994789,-0.02679215314263851
5081,0.7257673293914156,-0.2046288061965734
5082,0.14963721369447125,-0.24562069370358539
5083,-0.8118453807860828,-0.16754356788482588
5084,0.21433876897120985,0.01919677975612835
5085,0.26368610723337793,-0.2155818430112952
5086,-1.0202375537141188,-0.05779589829466922
5087,-0.13177591179756049,0.04430955111216642
5088,-0.03154058719279465,-0.09669608803098034
5089,-0.5372157219079546,0.1686431948054119
5090,0.899194487650369,-0.2127033940300752
5091,0.20329984043060603,-0.3026484843742741
5092,-0.3702617462652161,-0.2250840208662924
5093,-0.35499159185732093,-0.16664950062380263
5094,0.5190750114095753,-0.25288836562316835
5095,0.20948760362625304,-0.22070408134744027
5096,0.42299548952563504,-0.0029757762150206396
5097,-0.07469558052752825,-0.22052984235786255
5098,0.3534932848555375,-0.1949340510263731
5099,0.2356775265170452,-0.12604336181765013
5100,0.2082437908223822,-0.31016353474659286
5101,0.39137772944021243,-0.3451663347566605
5102,-1.290704040729072,-0.17452974536471783
5103,0.0945831147212382,-0.2349014409058019
5104,0.09580201410804894,-0.28395751683702886
5105,0.012626224367304333,-0.3906508577070536
5106,-0.4889182311638855,-0.3188730006944944
5107,-0.3898069863312982,-0.09740418444662748
5108,-1.2981354824986842,0.13667631558033913
5109,-4.063161027913416,3.792011886309773
5110,-2.4886051499189934,2.548964131791553
5111,0.5730743788411568,2.276305170419212
5112,0.2149199984538137,1.056759163147412
5113,-0.3123303085128993,0.35375551818490886
5114,0.048814109645104346,0.5507472834408005
5115,0.8113834262527193,0.04234034498466033
5116,0.9988421410659603,0.6989170729464939
5117,1.465913574981981,0.22703249922000063
5118,0.4906820972430973,0.1947875990472996
5119,-0.7504801707032315,-0.09289228278961338
5120,0.6014368831334628,-0.10556253301740914
5121,-0.09247669616291714,0.14788039279981435
5122,-1.1766477998617186,0.09124383615095355
5123,0.6332818759228795,-0.21385386426337813
5124,0.13231795953265074,-0.2220613056254929
5125,-1.5395291777898596,-0.07126183883244454
5126,-0.5812972736725903,0.06728173559947895
5127,0.4512038477494626,0.40576638724957237
5128,-0.6105416355458401,-0.14755289139818256
5129,1.0986942738861964,-0.3247637802580342
5130,0.9739536485982582,-0.15120592703495583
5131,0.5845347341097904,-0.2819448380995455
5132,-1.1807155231068174,-0.33610913889959415
5133,0.4105037375913148,-0.3711599332373087
5134,-0.4504027512671014,-0.3723276379758753
5135,-0.39636057405430697,-0.27061584556504176
5136,-0.22274422025072632,-0.3816602450959216
5137,-0.6130046213746483,0.028302075597527634
5138,0.866896536707298,-0.1999283964114969
5139,-0.5400555924316335,-0.42221868702773685
5140,0.12208229548207929,-0.4460387578611443
5141,-0.6623407285802794,-0.35385472456716455
5142,-0.8009440995989902,-0.19030411142876957
5143,0.5037397270644278,-0.39628613994403283
5144,-0.8401031897131646,-0.2290728604192263
5145,-0.38824722227718916,-0.31237948721691383
5146,0.1426979603279022,-0.20226647149216062
5147,0.26017773420185314,-0.11357408539324185
5148,-0.029013082754133113,-0.3498894656085187
5149,-0.4848312520622647,-0.3141786486546975
5150,0.6573867341552723,-0.3463432845984279
5151,-0.5419679352680005,-0.39682099808378785
5152,-0.8836865756866444,-0.2439616095339435
5153,-0.6298300037246976,-0.20273611055642304
5154,-0.27823360894929045,-0.019231817359018688
5155,-0.9572472214571013,-0.011964769411467596
5156,-0.9969160859909345,0.4061297855831778
5157,0.5210005891272748,0.02336794124944147
5158,0.6203888507120495,0.007568961581192732
5159,-0.5247140942525884,-0.09745599045898995
5160,0.6627213751353698,-0.25020320191772916
5161,-0.6858180039682484,-0.13351161463835334
5162,0.6628042070799611,-0.22867469613168903
5163,0.4956661103722012,-0.26049977724856166
5164,-0.1794950854861196,-0.33922941054171085
5165,-0.4814381585430718,-0.3707777336259064
5166,0.5756390823433595,-0.29816847185643974
5167,0.31986276644344247,-0.3718991210021245
5168,0.3268808205940863,-0.39984262674906357
5169,-0.11858203197815438,-0.45191922932567546
5170,0.6592449581715066,-0.28429482570024395
5171,0.5362437902927262,-0.2928630299560413
5172,-0.5638861297632315,-0.2876519378778094
5173,0.4186332689619866,-0.4324023191704026
5174,-0.05495366876459423,-0.3921068517077955
5175,0.37338547943306516,-0.35785057989362945
5176,0.087301647809926,-0.40194024095766134
5177,0.05847999625184702,-0.3853210433689158
5178,-0.48616529706640826,-0.3339034006923628
5179,-0.04272989371297012,-0.2959826231990201
5180,-0.2580255798997784,-0.41204662880741494
5181,0.13506606575661745,-0.39005707280458074
5182,0.033700914076598816,-0.3968067540930719
5183,-0.1668001153716002,-0.41754529631209836
5184,-0.6476572150584572,-0.187128096607713
5185,0.1987215194310412,-0.3279115344865552
5186,0.5281156771000383,-0.30704511133715806
5187,0.187357650585222,-0.39583819917532015
5188,-0.6856836681223626,-0.3905909559081692
5189,-0.7086712387917486,-0.35711490087192416
5190,0.5341247889609845,-0.3219447873269681
5191,-0.06462736072906133,-0.3530577312572335
5192,0.370226058368127,-0.4293915360893248
5193,0.496145562242928,-0.3655382184702983
5194,-0.1905887580993446,-0.3385468923046755
5195,0.35574669704812983,-0.4335719638136956
5196,-0.21914298858048956,-0.39347790751949346
5197,-0.3036192819995513,-0.37886799723093006
5198,0.033026263163912405,-0.37845874107494476
5199,0.6057035893676976,-0.3002362002183776
5200,1.1556687965618258,0.0015786147624907432
5201,0.28429334538948703,-0.15672339202542113
5202,0.25762064578680377,-0.16272772477300249
5203,-0.030870667874855998,-0.23335574345145788
5204,-0.44545691557929423,-0.25843266122499453
5205,0.05408962936583314,-0.44189270783314527
5206,-0.5829193576974233,-0.25690198381202384
5207,-0.048407644459754616,-0.33822825298275483
5208,-0.06935842651360688,-0.4353211755198609
5209,-0.03654981834408385,-0.38676425823319627
5210,-0.3876737416889711,-0.3295594391996186
5211,0.3158274054814143,-0.36160799333927834
5212,-0.4296036525102953,-0.3360530795597709
5213,-0.40016517563584175,-0.3085678543154689
5214,0.38698637182016465,-0.41986415482046635
5215,-0.20938492087804875,-0.44613734530767685
5216,0.43961012270040184,-0.4246456292464427
5217,0.34864289213301924,-0.4263127762277984
5218,0.3464804148501716,-0.3642308842354174
5219,-0.6555622764768114,-0.43294017946899216
5220,-0.1973260143715519,-0.3945382859682043
5221,0.20057573683577154,-0.4491044903375423
5222,-0.6244182121752385,-0.3066839315453094
5223,0.1488136342619475,-0.3900480627702356
5224,0.2930851039292878,-0.44621209944575135
5225,0.39876788035855953,-0.3632181311971098
5226,0.3647136534942276,-0.3844352749525405
5227,-0.4018210317742228,-0.46204943418056443
5228,0.08160831714260948,-0.4555005956327113
5229,-0.1488576126659153,-0.462960964482087
5230,0.4301090018937744,-0.4638180974926466
5231,-0.10704342654924,-0.458271774635252
5232,-0.27792654705516556,-0.4906833947111058
5233,-0.39241802490942795,-0.4229163942732104
5234,0.0739258501400472,-0.4015353778181485
5235,0.05733853572983912,-0.43582263359358137
5236,0.05066700101473407,-0.42907846286859985
5237,0.25947533340861334,-0.4696527617326196
5238,-0.03089979622071449,-0.40063455139382864
5239,-0.07159115955241638,-0.5160276909422601
5240,-0.04451896925939651,-0.46815005846407626
5241,-0.2530774984266633,-0.44823695696181065
5242,-0.19607925173106597,-0.40843151439362063
5243,-0.4607406712799852,-0.3141310943818595
5244,0.28293747147874343,-0.4580825745518109
5245,0.1295954752635908,-0.4715440268717723
5246,-0.38553780240245444,-0.40152257344464215
5247,-0.48099897349407233,-0.3115386710331744
5248,-0.48691171317197246,-0.44126325275743805
5249,-0.3878312354618424,-0.3848333857307158
5250,-0.15830564188864565,-0.19002639256577689
5251,0.03650372274020863,-0.3085564019815353
5252,-0.6832465523551701,-0.3340615081765971
5253,0.21403484478371784,-0.3446487054663312
5254,0.20527673909062139,-0.22061456445639052
5255,0.19926568067670256,-0.392097283276058
5256,-1.8413382146185944,0.18558572085514846
5257,-0.26862729015845616,0.08580262757657364
5258,-0.4987084795886956,-0.055106142266643385
5259,1.2299154272530273,-0.050800257389532394
5260,0.20852413850901988,-0.34619582520043884
5261,-0.6839889098209928,-0.41500637663147927
5262,-0.2699001309453953,-0.35509690410593064
5263,0.7369851801795515,-0.3579654231139189
5264,-0.20855086799825373,-0.33352613115778873
5265,0.6526588229832544,-0.39160993476088274
5266,0.5134477555876076,-0.3870956085066938
5267,-0.024184037707864314,-0.43302797555482586
5268,0.21829213251075993,-0.3760888155036578
5269,-0.30382356645994063,-0.43596898736489836
5270,-0.4686392107376491,-0.42905890287904136
5271,0.09227420811116123,-0.41606927418563283
5272,0.48097001863548683,-0.4493977087504264
5273,0.3264908895013245,-0.4587458748175992
5274,-0.3674109795097331,-0.4893209484383028
5275,-0.11553739527620632,-0.480592798236594
5276,-0.17604481107216335,-0.49025212238176424
5277,0.3151690218281102,-0.48015597498585255
5278,-0.34657519680306675,-0.46209407473826125
5279,-0.05090975607035473,-0.4832061949228439
5280,-0.08591273994866647,-0.4764480350453979
5281,-0.031982531973591834,-0.4292579988822346
5282,-0.7329424246035713,-0.39861659283585343
5283,-0.4494610637506933,-0.08904981096436154
5284,0.13576769447691966,-0.40628787051495857
5285,0.2063796535070796,-0.3872176186337306
5286,-0.7576664930583097,-0.34872993990709716
5287,-0.3108518877639836,-0.23895673805239198
5288,-0.18683578735106732,-0.3789759835991006
5289,-0.5317253061715325,0.0424787865050357
5290,0.12402011638061064,-0.15970427228067757
5291,0.07456718774362749,-0.15324751097349
5292,-0.6440045804470645,-0.19977569875397835
5293,0.6732011509047846,-0.2343187502227763
5294,0.1255025019439422,-0.326898189260234
5295,-0.3324039767682755,-0.4011543941081193
5296,0.3019605436486835,-0.44679623707835153
5297,-0.5637548835433518,-0.26255787330986147
5298,0.5163999994820172,-0.360997563519278
5299,0.2283511251733028,-0.3572521725627676
5300,-0.3028188422301084,-0.37691463817680615
5301,0.3667042911453805,-0.4289390978293245
5302,0.16207054122722986,-0.3926068237854483
5303,0.441282907365782,-0.3192699821206144
5304,-0.01059658074928041,-0.42229086514033193
5305,0.29056066506730055,-0.39688549832128184
5306,-0.34613764003180114,-0.3282409100080777
5307,0.47860800575316503,-0.2574186502763636
5308,0.25497927410977045,-0.3779701433286323
5309,-0.3024331472030896,-0.26342609950367923
5310,-0.08604121832659557,-0.3889022484530608
5311,0.22955899682809494,-0.4348794547592897
5312,-1.3113205000457302,-0.30719716383949447
5313,0.3448169971075324,-0.28174506070632904
5314,-0.4777228478157101,-0.25949512932262786
5315,-1.2889050059879619,0.3149003424979776
5316,1.031546245547264,0.04168701885228704
5317,-0.26260599865616174,-0.2770990292145652
5318,-0.23116635734204674,-0.2855470909419358
5319,-0.6407697968964429,-0.27748912286131866
5320,1.1363203673220488,-0.4089210278127935
5321,0.1530005336354742,-0.37862097211494833
5322,0.30768523404790316,-0.39043159492261
5323,0.03280029927450267,-0.4222210016604589
5324,-0.2385921451364065,-0.4078361470403765
5325,0.24096524974468753,-0.4578001563629708
5326,0.16502085453348297,-0.4419595525910218
5327,0.4975736412993525,-0.3903890871911224
5328,-0.41723131033817934,-0.4713063558672044
5329,0.01581936667923585,-0.4602565797815404
5330,0.0400184066042557,-0.361566473001493
5331,0.38589689356742407,-0.48272311368240506
5332,0.1770401772811275,-0.4554014794454365
5333,0.12919146921235966,-0.37069402813524294
5334,-0.47099494548518644,-0.40277562011324286
5335,0.09341284206625625,-0.40753431636119497
5336,0.2795003211939511,-0.4982214530780912
5337,-0.1891744788316932,-0.47142822356887487
5338,0.5549473701201688,-0.47279842507734604
5339,-0.9693893275276587,-0.47175620989532907
5340,-0.123653096565817,-0.42873924157507204
5341,0.00407881857332114,-0.47597380017507573
5342,2.103050079990279,-0.08924724963836864
5343,0.18538240500584718,-0.12906954934718207
5344,0.8558879203827483,-0.24494330065070669
5345,1.0477288540282728,-0.1471036405598945
5346,-0.5177267345585437,-0.2730092352662934
5347,-0.6461097226759014,-0.2876023380328845
5348,0.857421300806495,-0.32790078252863564
5349,0.16442391812430923,-0.38548712973248417
5350,-0.3337695344058926,-0.31139208374899147
5351,-0.21645005315432614,-0.2931086458326806
5352,1.0324103426138724,-0.22086021754084822
5353,0.8701627890949782,-0.17630986216860295
5354,-0.5412003935344535,-0.24428505255247693
5355,-0.15887096399737816,-0.21354523230624284
5356,0.7560842066669389,-0.36681796615321105
5357,-0.23792321871064084,-0.29013336730216316
5358,-0.1746527019727469,-0.353220015525493
5359,0.019122684757020836,-0.4003120293092004
5360,-0.583168353908881,-0.37151942096964546
5361,0.2168916374811278,-0.36799307648859947
5362,-0.12503064677446685,-0.4460650233585246
5363,0.8166696159436625,-0.34198089705959284
5364,0.21645886521732158,-0.25305826724388386
5365,0.021607426499168553,-0.24852087429493408
5366,-0.13816137939962853,-0.4076210316644457
5367,0.16247475545605483,-0.3631027613948044
5368,-0.10376604857452722,-0.3068944276553718
5369,-0.18684616920435063,-0.3820540307904613
5370,-0.25591145226856227,-0.44682499046886603
5371,0.40380096587534303,-0.3615810703587444
5372,0.025460427940746266,-0.38275851964535923
5373,0.08658377633663791,-0.45644627326105736
5374,-0.14285804581641418,-0.3682503762296401
5375,0.34448746218642345,-0.32974106279454257
5376,-0.4438023696841408,-0.38137191941793264
5377,0.8410753282088315,-0.25760053093660185
5378,-0.07310231487289891,-0.0873312329670081
5379,-0.013318140671240555,-0.28904347684548126
5380,0.3868254750432326,-0.3154815599781812
5381,0.2816150366433629,-0.38812598523024483
5382,-0.37563101419063327,-0.2988261613734139
5383,-0.3341642876970537,-0.38410646602511467
5384,-0.3955970397527348,-0.3266580552576672
5385,-0.1702716561112548,-0.32731097826704914
5386,0.4275250892061886,-0.412965216118687
5387,0.08199720812008751,-0.4499077374290177
5388,-0.629020798151817,-0.3097771913970781
5389,0.028953086876823922,-0.3630574284486939
5390,0.10755402487063681,-0.358730409045319
5391,0.2244148056459437,-0.432996996039988
5392,-0.07242317563247894,-0.5014494722947848
5393,-0.47826059308725805,-0.3873328674349064
5394,0.003989390915404359,-0.43658271969518003
5395,0.0771875702050916,-0.45187125128043315
5396,0.1452680331894571,-0.33701610040093516
5397,-0.09987728108994562,-0.3745360411653545
5398,-0.22969678372893237,-0.42696937982527
5399,0.11079970475682382,-0.4011861384823107
5400,0.060082857948141076,-0.40584826151885717
5401,0.39551106977538514,-0.3325835417895877
5402,-0.24205833675584854,-0.30336364306298763
5403,-0.018518872160154222,-0.24985909276928525
5404,0.002373806707284369,-0.2813298068036527
5405,-0.9212349061826853,0.0847810581412066
5406,0.4476122715736462,-0.2012338178236952
5407,-0.2986866836909838,-0.28223000628353473
5408,-0.32437459940319197,-0.24761036765227062
5409,0.33846069815763474,-0.3464072322529327
5410,-0.1634218872237351,-0.41462608383239885
5411,0.7727908851022569,-0.40112596133180944
5412,0.39391111829027103,-0.0532346996429523
5413,0.13137049009907192,-0.2674557346374894
5414,0.11755873436771384,-0.2537362077202976
5415,-1.873162801164208,0.046844012113983424
5416,0.5620363501175034,-0.2913140112063246
5417,-0.3919741698594934,-0.29977622664738574
5418,0.06740213370422612,-0.43402754001164556
5419,-0.40090715817149597,-0.29842782351717856
5420,-0.5471443095147291,-0.2995749377215681
5421,-0.15892805934784263,-0.26383393408888983
5422,0.45913988869795164,-0.40625875751137963
5423,0.12164384494133369,-0.4233798825939166
5424,-0.1335978541365947,-0.4747875817338931
5425,-0.5717029727715153,-0.46794949418461274
5426,0.020986171666480577,-0.40124903335067436
5427,0.149443703574389,-0.4482829504596109
5428,-0.27009385317428086,-0.45871239034533184
5429,0.1848354427362139,-0.4591920452653859
5430,0.37536598814920996,-0.4584475090598054
5431,-0.12702490600576335,-0.476621391716518
5432,0.57438297569898,-0.39352923641305837
5433,0.42139988138110335,-0.4167998033158672
5434,-0.609950133298771,-0.42208332651062264
5435,-0.05299904157354532,-0.4629230672881537
5436,-0.22937788779798488,-0.4712673013999632
5437,0.34092729755652196,-0.4940893878493121
5438,0.8351685655600819,-0.412041795759716
5439,-0.5352141304724319,-0.4309129556501673
5440,-0.15605021386256984,-0.44330490801641254
5441,-0.5448078015009882,-0.4351002928298333
5442,0.1969500863295297,-0.4881028133939877
5443,-0.20430271595789098,-0.4600424799837375
5444,0.39384433123359336,-0.47446401236295765
5445,0.27477579322622514,-0.4695954515919836
5446,0.24140828610011514,-0.4623435144904439
5447,-0.43424332955428063,-0.41628074831780343
5448,-0.4516815762949872,-0.49572462884204715
5449,-0.2884055975822255,-0.4272270530473321
5450,-1.30986175824677,-0.050142571316122556
5451,-0.6463079063921995,0.3596450271272552
5452,-0.09426209448628237,-0.2699497309855313
5453,0.24974956067972698,-0.3800639033668231
5454,0.1664381710748813,-0.37118743835820023
5455,0.5963023699382531,-0.362365510975557
5456,-0.07886124136902316,-0.43247502446444364
5457,-0.4693434957639706,-0.36537922661052114
5458,1.4357113300147575,-0.25504372162858435
5459,-0.17409551151985198,-0.3469186550588927
5460,0.16296021968706917,-0.4333492232828649
5461,-0.18413640747848975,-0.503913877409719
5462,0.13322152622773273,-0.4389274883939675
5463,0.306063066238279,-0.4750813948944613
5464,0.07783280349489902,-0.43882724951910834
5465,-0.37758673308384416,-0.257133751528543
5466,-0.16291727331507683,-0.3905163835993053
5467,-0.5412181797885507,-0.3907598207854918
5468,0.424049248700798,-0.43191918914365013
5469,0.4504089486010208,-0.4557093545294925
5470,0.9573291447252489,-0.2200183971413996
5471,-0.030940899323525457,-0.2765912614556174
5472,0.483500658700385,-0.24658850222307643
5473,-1.2794378100158477,-0.185068561506265
5474,0.7390259100597115,-0.3799190901593129
5475,0.17933373731746688,-0.44018759263315244
5476,0.7823850792816652,-0.284992342692616
5477,0.0960554714430526,-0.30270960158221505
5478,0.5701855975487709,-0.14789538397232155
5479,0.209055336417814,-0.2457553267601728
5480,-0.2786797787440854,-0.25728543292014494
5481,0.17446055193868698,-0.3421785668532308
5482,0.07878946212884527,-0.31007765748060345
5483,-0.5845196463690407,-0.2437131313885421
5484,0.2053115244404577,-0.3566370134557734
5485,0.4514541296876877,-0.30071425659511714
5486,-0.1236849672109244,-0.3316127047928721
5487,0.07098751191784682,-0.40188126039922284
5488,-0.32201559988087675,-0.3376535048028565
5489,0.08453584540907286,-0.4306704038124535
5490,-0.217401511550524,-0.3640602611564616
5491,0.004698846033179944,-0.3309936447707652
5492,0.04730002882382304,-0.41345832171235825
5493,0.14486738743808805,-0.3703186801732462
5494,0.04141589655377,-0.3658817861778812
5495,0.4589008224465758,-0.3755280107239972
5496,-0.8062021860071643,-0.4032489081625922
5497,0.3997931838682403,-0.37164067259105527
5498,1.6941293490804399,0.2296776546446156
5499,0.2201409868267032,0.36223203185155894
5500,-0.6738777370689807,0.12029428632985598
5501,-0.734305148306956,-0.08114321812542363
5502,0.9519000268652175,0.07595503319089944
5503,-1.4054483895086598,-0.04285511931098169
5504,0.047150945740579896,0.3858989556716298
5505,-0.5640266227362745,-0.24342079361382604
5506,0.34445188417293826,-0.16361805687065167
5507,0.4559858499417476,-0.2035014659072134
5508,0.6443912025790853,-0.285120077889662
5509,0.30178888679477295,-0.2484428198630609
5510,0.045161144717807106,-0.25405760301436076
5511,-0.22713573450067617,-0.2784455441955613
5512,0.8204509233975432,-0.31299463487196494
5513,-0.4352106132103102,-0.31194022033838936
5514,-0.0037480797279889327,-0.22243721631763747
5515,-0.17728372320391161,-0.3789219067196207
5516,0.5366894574257971,-0.31497306367889494
5517,-0.32178331734349613,-0.22324417765957183
5518,-0.17964765781439984,-0.35450401186306146
5519,-0.4025779144287562,-0.3464541037457965
5520,-0.25339209657892675,-0.37032777213742746
5521,-0.12934797723316274,-0.3919642563746835
5522,-0.1478692611122867,-0.33720923968000066
5523,-0.190661617171358,-0.4353965612074513
5524,0.4070268216199813,-0.35894424277557047
5525,-0.2384174290483054,-0.4531384943182013
5526,-0.10500099661018238,-0.4373219588999946
5527,0.20213527061540604,-0.48007449524446866
5528,-0.35072502900491237,-0.4566966890489227
5529,-0.1629411808273405,-0.3764277913920331
5530,0.45160638767610434,-0.42333654939465726
5531,-1.4695213694856173,-0.36616382911644607
5532,-0.39365758548940366,-0.30696985502919827
5533,0.10129162674739171,-0.4328721216084748
5534,-0.3375237345883179,-0.33478997995778065
5535,0.09557078467697391,-0.3552423213053201
5536,0.24267335714182367,-0.4189835978213645
5537,0.021971683311603277,-0.44836044925862023
5538,0.047051940800381435,-0.4299461045788885
5539,-0.408186067264994,-0.47815684413172954
5540,0.2636776312729467,-0.3956353364879749
5541,-0.11719900708041735,-0.44804512035705013
5542,-0.7476873378800488,-0.3104306678907347
5543,0.8085930221804315,-0.37321857749363924
5544,-0.04993341629533886,-0.44420486929298275
5545,0.49999514814406204,-0.38717477726718946
5546,-0.5496737026465338,-0.411010129983692
5547,-0.40585735404997775,-0.39692593992072733
5548,0.05269453988462188,-0.3916958980621103
5549,-0.6121482499462746,-0.35594121039589943
5550,-0.14289449929564044,-0.24492951209641697
5551,-0.5343030879137028,-0.2336113940135205
5552,0.7984485455175797,-0.3633707659497382
5553,-0.37867566125089336,-0.36305152187369194
5554,0.42459161874169293,-0.38970953146726184
5555,-0.38874771437948086,-0.38791929392649654
5556,0.46620523005334813,-0.40341725216173724
5557,0.07582267490761276,-0.43037898922133594
5558,-0.34061837594775823,-0.4640556056456425
5559,-0.3378093691372931,-0.41442026650191865
5560,1.0233268917878773,-0.43526632417700367
5561,-0.08607071614925597,-0.41945300449593603
5562,-0.5012880479450317,-0.37716860033455135
5563,0.17012114648484225,-0.47800883048088527
5564,-0.010694649940607136,-0.3916858290478337
5565,0.015765254421500563,-0.44099384492223664
5566,-0.9703277079847196,-0.21040602937471534
5567,0.3509643442844717,-0.3871202304309096
5568,-0.1785098664496368,-0.4205554547944857
5569,-0.1673337356451584,-0.4448271799961296
5570,0.48929791540396245,-0.3791595367049126
5571,-0.05180639978660078,-0.44643196920857886
5572,0.4187074117000601,-0.39968336989918507
5573,-0.39840929066157454,-0.37904054870862164
5574,-0.2895615257197953,-0.2961010022494911
5575,0.4848993847832538,-0.41650465374754453
5576,0.5028190374170647,-0.3395112458719507
5577,-0.10855054896596249,-0.35809561217453506
5578,-0.6684699704283804,-0.33164952907253265
5579,-0.4583011152515104,-0.4088024894410284
5580,0.43434805097881857,-0.3255449726810517
5581,-0.04800175708000827,-0.4280423041187735
5582,-0.31564341054565503,-0.320875561255957
5583,0.16285004614549717,-0.39617161923587685
5584,0.3410714563038255,-0.35160242298591987
5585,0.30803837330244005,-0.2973049299245333
5586,0.08630244705281759,-0.3866296173267174
5587,-0.329513316492839,-0.38385203552646596
5588,0.35562831261479183,-0.3890639317725826
5589,0.29343049750112765,-0.3408261248882324
5590,-0.09133565229902024,-0.2835729238212504
5591,0.4928178089369461,-0.24976450989002427
5592,0.16591343564510816,-0.2434252797124724
5593,-0.47049416437189573,-0.30127935056693644
5594,-0.17657603487673101,-0.3074584767824677
5595,-0.3220490486929992,-0.2784834687518547
5596,-0.6305214320751144,-0.15535405309924755
5597,-1.154849017821215,-0.10849719446988927
5598,-0.46237873645797,0.08036907775015872
5599,0.2650563229909287,0.12250396115590945
5600,-0.8840889721605062,-0.043031059775878566
5601,-0.42821674347555794,-0.10886040854658711
5602,-1.094713566371661,0.41422708458195545
5603,0.6254819196312407,-0.13655692295182326
5604,0.3019558274845777,-0.25180524987817987
5605,-0.8136321293999882,-0.2998858826855647
5606,0.42862829300987615,-0.2465513972788329
5607,0.5642428344127345,-0.27027091923797036
5608,-0.3655361551066575,-0.3984697745556978
5609,0.41036970236318365,-0.43361046484838106
5610,0.6989620881409518,-0.16231470048252689
5611,-0.23181798073835952,-0.40326333943868886
5612,-0.5988646066750494,-0.40178464800465113
5613,0.5720709936768601,-0.43949510821332455
5614,0.476042822284059,-0.3658863875178251
5615,-0.7988642886443527,-0.3860334754652015
5616,0.4045808886925015,-0.4375948719428203
5617,-0.8651657003433685,-0.35308928031979325
5618,0.5992846177535265,-0.4004906050338668
5619,-0.557018752087816,-0.40783641438340457
5620,-1.1981958316257357,-0.20821634878834266
5621,-0.2621592005374391,-0.13163128024566664
5622,0.30214954785232573,-0.41904167212802695
5623,0.5330950848362331,-0.2767261668009616
5624,0.445909098442891,-0.4335111993794949
5625,0.1514735084567092,-0.4516820004957245
5626,-0.10668012598319271,-0.4491718118259035
5627,0.08918071806262343,-0.42822052711265035
5628,0.42999885355517886,-0.48474787879508363
5629,0.12628172349374622,-0.4774790558712127
5630,-0.6239548795272637,-0.43101219739160224
5631,-0.2069117744439672,-0.4741647779787619
5632,0.17543057258831968,-0.4525020980415079
5633,0.294971645849984,-0.46749676947048513
5634,1.0828654845503793,-0.32438857368996654
5635,0.4279365288977497,-0.2084170437691188
5636,-0.07788574591011967,-0.3804414141983789
5637,-0.21366922458569335,-0.40572974777152193
5638,-0.546018911692214,-0.24543780631096912
5639,1.3569689136526808,-0.20018356237184465
5640,-0.38039415639356494,-0.27687765468956793
5641,1.3806351878125505,-0.10078899998112553
5642,-0.7436914578051799,-0.08314301533095646
5643,-0.340841478080074,-0.42063704123238355
5644,0.2288886427063425,-0.36871920418769766
5645,0.27476909277476874,-0.2814819503436401
5646,-0.5385622407551964,-0.43387914172807174
5647,0.556824679137192,-0.12782021349203807
5648,0.3516347471087589,0.0513911675107146
5649,0.7281294136881837,0.006751875277576924
5650,-0.6692035654947693,-0.10901670061317037
5651,0.014556165526091598,-0.2840896186702752
5652,-0.5972521638034181,-0.25361004596736014
5653,0.002260500307632458,-0.2754823332165426
5654,-0.5028863521270776,-0.3432932905388345
5655,-0.14819129799569056,-0.3065113273167141
5656,-1.3667134677522992,-0.03744777619680264
5657,0.36674259830722117,0.054221607676532
5658,-0.16084574207327654,-0.3032955694408723
5659,0.21238478181705545,-0.417233800239828
5660,0.4025830573771433,-0.43728534859696094
5661,-0.25144231341673434,-0.31271824519759184
5662,0.20292343505729699,-0.4070965258304533
5663,0.4683084048339334,-0.4295157382281906
5664,-0.12111551741673911,-0.42001364738503705
5665,0.055477013303745285,-0.47903811247116757
5666,0.10203049683946924,-0.3673691756002947
5667,0.15571795319295137,-0.43813436201265005
5668,-0.3504297882010956,-0.44912945111891855
5669,-0.0370589656606508,-0.4479132319747122
5670,0.20189011755653835,-0.2879011508299068
5671,0.3785595219523398,-0.3380920315156689
5672,0.03678131609040581,-0.3413377923628336
5673,0.5912217256744371,-0.39723827012437585
5674,0.030617922007624303,-0.3711151848984304
5675,-0.06743974335949185,-0.39437792957209705
5676,-0.12083148973239831,-0.3777610513125999
5677,0.2202414457312647,-0.4052874376981209
5678,-0.27565214577666525,-0.2940412893516331
5679,-0.12527176772559692,-0.4559265097837361
5680,0.19453353113127422,-0.45871389970713916
5681,0.4688137821519436,-0.35057314551562146
5682,0.14662234836839774,-0.38904897975622443
5683,-0.007103357160530304,-0.43044662429465674
5684,-0.09637210419004008,-0.42121408818737116
5685,0.1092991992840716,-0.40927094373343603
5686,-0.5264061796921754,-0.30427430082989004
5687,0.01531809271705273,-0.40793609428834543
5688,-0.8597714933063456,-0.2771545893864423
5689,0.18208104102754277,-0.35863871825540816
5690,0.370937650129032,-0.35570244175378674
5691,-0.4888562439158118,-0.3307154174399037
5692,-1.6313905123181736,-0.04316385001586365
5693,0.07741826735493271,-0.16779992372576047
5694,-0.583611983904674,-0.04673153111027928
5695,-0.9758012016479141,0.1748798020448249
5696,0.611071067179584,0.022973729075363603
5697,1.0338454680567744,-0.10332304079802332
5698,-0.4060419872698436,-0.32791944695535413
5699,0.14294787129879846,-0.4240815219730178
5700,-0.6972620466918648,-0.341985259182703
5701,-0.443329321984766,-0.3524788165551322
5702,-0.09893533411325725,-0.3103174905857449
5703,-0.21030700937570732,-0.38619996573364235
5704,-0.07152193399288151,-0.3447055832616912
5705,-0.4954876056622305,0.0029090702234498556
5706,0.03663354558690138,-0.3335921045421553
5707,-0.21445854594528158,-0.31351238721053154
5708,-0.749844281809948,-0.380118042615959
5709,0.5241365434286152,-0.1352960084296711
5710,0.5086486204501339,-0.36449260226687713
5711,-0.5102359800575739,-0.3505342707423593
5712,-0.6498486548273161,-0.23904827952144056
5713,-0.6896342641388625,-0.330783130150644
5714,-0.9019608212593826,0.4185526729864265
5715,0.5245396570844716,-0.11211362384328177
5716,-0.41164386287216764,-0.29374656788707393
5717,0.16866425534783636,-0.2685229395521553
5718,0.4165303500333834,-0.06874589687481582
5719,0.43124159722290845,-0.4049623273631239
5720,-0.5316699286329337,-0.3886379069800586
5721,0.6068789521217567,-0.34254369040015703
5722,0.37204228958760877,-0.30031741182874744
5723,-0.3796329505842821,-0.3784605824025816
5724,0.5695091446658448,-0.4396661768607554
5725,0.3976875797278996,-0.46876977604803277
5726,-0.37511345438872495,-0.4020606397432597
5727,-0.3210592589062631,-0.358722285029799
5728,-0.34492608590809304,-0.4624943855314431
5729,-0.5889481882316766,-0.3580970694941611
5730,0.08854296430709767,-0.4386310965242885
5731,-0.6659813593490064,-0.29082387861077735
5732,-0.07281467052166934,-0.4226243539794273
5733,-0.6779642499243218,0.08687979137146568
5734,0.9148885572626134,-0.20535505732961853
5735,0.018699611966858695,-0.352660476580867
5736,-0.8330986556736131,-0.08918899986649234
5737,-4.111618286695095,4.620071628201465
5738,1.944380436971815,0.9833328726260436
5739,0.6754947450809069,0.1469305890423206
5740,0.1459739174850077,-0.08130011527604411
5741,-0.6206698129555658,-0.1655408437287951
5742,0.7992486141127698,-0.13442125498438454
5743,0.24944832548390716,-0.16089948941397755
5744,0.33799361637538894,-0.22980081995777482
5745,-0.5578748838758288,-0.29456644636290763
5746,0.167769531022912,-0.2876362736372362
5747,0.3576162974101423,-0.3694079862396678
5748,-0.21094654468597387,-0.34416884988724084
5749,-0.2006497647130323,-0.40919733403388814
5750,-0.3839523768037013,-0.19990775391982307
5751,0.0031041455960093747,-0.3732951068135971
5752,0.22088453023378388,-0.3633294717632679
5753,0.2690559161211218,-0.39878617333838356
5754,-0.11213648028655782,-0.32546466558599607
5755,0.22934276492179004,-0.2815737715333875
5756,0.17015755211814793,-0.13576815755312077
5757,-0.2894357712756768,-0.3387429976599129
5758,-0.47264952142446753,-0.3066868755303366
5759,-0.5120179915230741,-0.15423349948362747
5760,-0.35432448457629045,-0.1932171987173677
5761,-0.2611713809799298,-0.11166212011771655
5762,-0.3721749789969884,-0.009099198390301003
5763,0.6003512087176065,-0.27002778518379933
5764,-0.9626894527184675,-0.15708430619044528
5765,-0.34745445500384803,-0.06921488854687796
5766,-0.08961278812296081,-0.15252737208448508
5767,0.6401642249741808,-0.3071745169093547
5768,-0.03248177905205204,-0.17153675601290116
5769,-0.1290179201339237,-0.3883656362115009
5770,-0.0725926232523419,-0.3174070586354074
5771,0.28514399651374905,-0.31090064352117047
5772,-0.8461663547459067,0.10541179281321125
5773,1.4884713856283802,-0.13111404959617312
5774,-0.807913151951723,-0.274756033768384
5775,0.9830684819256686,-0.3326099649522089
5776,0.071109501772953,-0.3916030878663998
5777,0.478974108919836,-0.3460400011488422
5778,-0.19782366506647056,-0.23605594218758605
5779,-0.2601313708311037,-0.36133338301685647
5780,0.07792317055484549,-0.3908698663405016
5781,0.3797805504401638,-0.3500202595120461
5782,-1.5747462644979184,-0.1148746299206711
5783,0.48608310012217226,-0.206588876132604
5784,1.1121723621522337,-0.3176973713957781
5785,-0.5485244420189214,-0.3045252957451636
5786,-0.3004082351094012,-0.28163853154631824
5787,-0.14881426960619093,-0.14234588398190567
5788,0.4421494561245765,-0.20298707030786595
5789,-1.1677316429401132,-0.1873111646835992
5790,0.35303856070268935,-0.06113562683108703
5791,-0.8471708766183143,-0.20647213009338744
5792,0.8695639820234264,-0.25297895253733726
5793,-0.3057319041416511,-0.26817554304385516
5794,0.6654079475797124,-0.2965677683476661
5795,0.4499924840500202,-0.4098860767087473
5796,-0.41231782003294076,-0.2868259922135116
5797,-0.5619643821591869,-0.3046776872697009
5798,-0.3361842992419426,-0.36498829608131894
5799,-1.8620001473444434,0.1287114054974028
5800,-1.0297041978105395,2.1553094556298826
5801,-0.9269251885311169,0.18053917224232252
5802,0.5957821492620571,0.022136712389060897
5803,-0.26859651341376395,-0.21979641530090288
5804,0.2972511607122193,-0.1378498441010407
5805,0.29285133780527633,-0.2924101612941131
5806,0.47130265725669646,-0.2041472159611561
5807,1.2710373554044205,-0.0008667743849917475
5808,-0.08767754468552197,-0.24292915116149724
5809,0.47294479132881995,-0.3981463814836002
5810,-0.14449157537885746,-0.359827596689217
5811,0.1840199213376894,-0.30738162107397693
5812,-0.3490663108805179,-0.4177165255061922
5813,0.007908173517791247,-0.3957170641175139
5814,-0.628716897682403,-0.3454489212795785
5815,-0.07358685026811763,-0.40045857089689907
5816,0.7129963764148164,-0.44566087494668616
5817,-0.609541783241304,-0.4226945476253255
5818,0.3544359384915016,-0.4252295150668621
5819,0.04680416051386026,-0.4436036039689979
5820,-0.600177473025461,-0.4276301413327423
5821,-0.03964412270517094,-0.41078909372895367
5822,-0.07083125117420476,-0.21644535791480282
5823,-0.8548703679899332,-0.23760802989852225
5824,-1.5364560576338269,-0.13173218495005323
5825,-0.4614014422430816,-0.11710111078212988
5826,0.17395619940073195,0.05225118105494697
5827,-0.5558316826391541,0.19873128967817455
5828,0.04179327438153933,-0.23772340863102312
5829,0.36353895991013024,-0.30082075039655054
5830,-0.6012596591423749,0.003792056784259243
5831,-0.7577112345421844,0.7803622885954359
5832,1.4059634559349177,-0.15959375245684956
5833,-1.2506982932159,-0.29321856735436885
5834,0.38132615022930705,0.050203508370695205
5835,-0.9108836244963368,-0.18356772261818138
5836,-0.12337874753211117,0.8842729643571139
5837,-0.7093134769594619,0.03838297081174691
5838,0.8857406987843028,-0.07603872781134297
5839,-0.2917882552795168,-0.21160058990350458
5840,-0.5353345568453041,-0.22965675737706556
5841,-1.0379533456129126,-0.17671319991820952
5842,-0.11280553162970836,-0.07059142653523667
5843,0.6457649859411692,-0.025758214139300503
5844,0.21077421752906084,-0.24067626561066183
5845,0.4326340403452873,-0.27456830080190686
5846,-0.3493505602808795,-0.22569240381526112
5847,0.7568061572364922,-0.16391198063074436
5848,-0.0025584850840168053,-0.2700636538680371
5849,0.39465151064063114,-0.3879194543381942
5850,-0.3396453076169425,-0.35753929238656246
5851,-0.1072605207066333,-0.30504744617321855
5852,0.32233863471377555,-0.4136716792991228
5853,-0.7312665282594601,-0.4073865792832154
5854,0.39343295804938666,-0.40909677584144316
5855,0.35396931430963424,-0.4224608370659988
5856,0.5291120090903539,-0.38322454076948953
5857,-0.30224018431603067,-0.4388843025747176
5858,-0.48044579018416755,-0.39759121123140373
5859,0.16706907215647948,-0.42124323880681164
5860,-0.01707168945805745,-0.3662658378117642
5861,-0.10806450953013222,-0.3062017696066263
5862,-0.2538998209674156,-0.3367199728457143
5863,0.2712060174896194,-0.31893069453629624
5864,-0.4812433985995286,-0.2828604187650072
5865,0.3780134394378414,-0.3098595741933728
5866,0.02267410137611299,-0.41253933060793857
5867,-0.7013533277201235,-0.3951657474707097
5868,0.12063815315206866,-0.350628943441742
5869,0.05176006747487314,-0.3751349095790921
5870,0.28152392492358336,-0.23121641756405903
5871,-0.40628389970959805,-0.3374168495627837
5872,-0.5326437793298294,-0.34385474768146357
5873,0.3935986812669252,-0.34816294963477323
5874,-0.3943284813472813,-0.42842026224755914
5875,0.2256039640243273,-0.4563676399906792
5876,0.13794055885769782,-0.40258757655713173
5877,-0.011311281095494856,-0.40264919272042615
5878,1.1682485195618142,-0.28565061768175715
5879,-0.23155668928028414,-0.3115510183899788
5880,0.32463921674987956,-0.35953576295929335
5881,0.7839119457444439,-0.271697339897224
5882,0.457832344161992,0.027846591198539078
5883,-0.22140879282632048,-0.22022422574526818
5884,-0.10029417589111714,-0.3391122800845783
5885,-0.044661002621494694,-0.37477415302120515
5886,0.864043158347154,-0.11785851108994529
5887,-0.21494740524849934,-0.34093060087913607
5888,0.25250522578129464,-0.39737665364281016
5889,0.3186390371186433,-0.3765232178667557
5890,-0.03987880914958706,-0.35394042488525707
5891,0.6731549420424658,-0.22297740684424622
5892,-0.9267197747449323,-0.1900673913756037
5893,-0.02901318491113114,-0.4062777187828416
5894,0.34331505696718106,-0.30475966981846486
5895,0.3105221525310927,-0.3780046346594633
5896,-0.5766741434334058,-0.36190278136791076
5897,0.25095450467507063,-0.40804520458777843
5898,0.04866583621506525,-0.406849444112994
5899,-0.2480540028964278,-0.3367300427040776
5900,-0.05440220745002127,-0.4600465311711653
5901,-0.5460670251257442,-0.27603240910590926
5902,0.6067087802261619,-0.4915967608705233
5903,0.07497877261933147,-0.4700485189717547
5904,-0.3146542683427842,-0.4805712583158668
5905,0.21529867313439452,-0.5254426597127598
5906,0.5933676922509761,-0.3275812699089212
5907,0.17074740495990132,-0.4305489990806448
5908,0.017135035586293382,-0.4525588435335305
5909,-0.09977528041194894,-0.43828460697777266
5910,-0.3691282947035642,-0.41553885735026486
5911,0.3416959614521516,-0.4813999882200435
5912,0.045256366444104836,-0.46450061180461993
5913,0.2796803470788367,-0.4826402820126588
5914,-0.14742541911760731,-0.25646106598793794
5915,0.2951355773996704,-0.49164738749932063
5916,0.03067973024192696,-0.40669093223189834
5917,-0.045823500816559885,-0.476823025987825
5918,-0.16115200305229355,-0.4365872558770578
5919,-0.33470263923526167,-0.4769604797846921
5920,-0.0818436787060605,-0.4905423737975272
5921,-0.397743691130922,-0.44124738574250116
5922,0.44366374190166025,-0.33598075495122526
5923,-0.411581808921101,-0.3254040327924744
5924,-0.13256382473627512,-0.4764545828661986
5925,-0.11734654907828537,-0.4578745663098797
5926,-0.4754854664360196,-0.3726470937374494
5927,-0.322255612405947,-0.3757790276551406
5928,0.31532827946428343,-0.47488932747853985
5929,-0.03002070400705205,-0.4520858458588708
5930,0.19338152643010736,-0.4518237844293046
5931,-0.30958093375810836,-0.4074012429483593
5932,-0.6004390603583761,-0.3754260410345634
5933,-0.3177286367534159,-0.33613659840011423
5934,-0.7228124055336284,-0.30930176213908234
5935,0.7476795859797432,-0.4305814903712755
5936,0.26569478275254205,-0.4912504629203162
5937,-0.10841723414699264,-0.4170559059655539
5938,-0.48584334240740096,-0.375795292455997
5939,0.09482810837479545,-0.36877317948132654
5940,0.5037899211558491,-0.4597717349604064
5941,0.17867038746908823,-0.3850748079220985
5942,0.013681712100233086,-0.43873794558350937
5943,0.3234294581300938,-0.5011322967162141
5944,0.5297066661736388,-0.4405599062285286
5945,-0.14579578139064497,-0.43284607315298385
5946,0.06896786282999415,-0.36717505889864605
5947,-0.3147995090964517,-0.47130651769419313
5948,-0.12154162628492436,-0.4540702442711526
5949,-0.04716328771016041,-0.4732939493618452
5950,-0.6468084075666649,-0.3605556096571833
5951,-0.04586262450499639,-0.4360912463202981
5952,0.03927271171788719,-0.5314759660198967
5953,-0.24671606158595785,-0.48093677999314943
5954,-0.029981736624701334,-0.3895886767992627
5955,0.09503890102613476,-0.5008249500347924
5956,-0.242202895169606,-0.47649602863290963
5957,0.08339428552169578,-0.46710672273550813
5958,-0.33791574625614,-0.41022466180953243
5959,-0.09464831753473876,-0.36325556761720434
5960,0.16652957245361852,-0.4189287238674796
5961,-0.057292060334922026,-0.3449138897181299
5962,-0.4375339672906315,-0.3425460349470687
5963,-0.7122722083219798,0.022969597859720692
5964,-0.5095049467745235,-0.28290969195999494
5965,0.19789794760976506,-0.07638681499348408
5966,0.25790730130929596,-0.27214278823210647
5967,-0.11449232606997455,-0.355646591232647
5968,-0.36828219536799395,-0.3306350967773538
5969,0.4179445606213758,-0.4230281248171618
5970,-0.20031314839912978,-0.3956997098087172
5971,0.5647987203332004,-0.3907767379962659
5972,0.3310768563826496,-0.36018252326557093
5973,-0.18632074771250967,-0.4602813127275012
5974,0.17583984240048262,-0.4220414807712959
5975,-0.46413599944685086,-0.3333577681309198
5976,-0.5350484933768291,-0.25338619749567426
5977,0.11615611609505598,-0.4131613354333801
5978,0.6886529276699382,-0.4212614626449402
5979,-0.09083053786517457,-0.4238920860758835
5980,0.5411840739591066,-0.4269490887887435
5981,-0.283453715669651,-0.4302516101607945
5982,0.698979484966348,-0.3383245217393753
5983,0.8542318717842781,-0.22921314208132343
5984,-0.11743837147855749,-0.3238615356065825
5985,-0.34310565160733714,-0.3329514027252211
5986,-0.2893883319633931,-0.40155070900456186
5987,0.8058097864375842,-0.38396110607134226
5988,-0.10194001602571817,-0.4128800858852143
5989,0.027072949541677306,-0.4069697963981885
5990,1.2649067333351913,-0.008693681239211493
5991,0.04733980406842112,-0.1831159934819393
5992,0.36009288833277386,-0.26801350378114464
5993,-0.6265228887480188,-0.2844425720079901
5994,-0.06745811985179426,-0.3021279686554427
5995,0.04045673447958844,-0.46536272055885974
5996,-0.13514079356788863,-0.43195480588150026
5997,0.009651718147975752,-0.3690913422336557
5998,-0.3380412605492352,-0.31673873878917125
5999,-0.9338965157433142,-0.27116829317079755
6000,-1.0181617701088421,-0.1928933055982855
6001,1.3471526092979742,-0.2231347512693919
6002,-0.03455225476022585,-0.3027453194939226
6003,0.3851399989888551,-0.4927792271587398
6004,0.04633268192605507,-0.4400559205097549
6005,0.2877341628458102,-0.4641952051289443
6006,-0.46151462252051195,-0.37581925789839954
6007,0.5622002029776615,-0.4707823133043961
6008,0.39416545832145217,-0.44941407390177524
6009,-0.7939796386912628,-0.4207745271226792
6010,0.47933521535914203,-0.4129417659970032
6011,0.2098333875130465,-0.4693181675192847
6012,0.3585283751379082,-0.3903861622137216
6013,0.31401995261767096,-0.4923823113655633
6014,0.7166572375404028,-0.3535721086481217
6015,-0.7724285982781476,-0.36245079298143545
6016,-0.040409689291331104,-0.4240622418466691
6017,0.14519321152124967,-0.5014323756288612
6018,0.893259427252511,-0.3396092716169429
6019,-0.3659959696133549,-0.3951596531600109
6020,-0.14449029682873812,-0.4701506601396568
6021,0.0014026692997644793,-0.43958432869845876
6022,-0.02475440217993622,-0.3978983867051258
6023,-0.4557298172977099,-0.32106950504068976
6024,0.39243857007317207,-0.40116418940772414
6025,-0.3512523662688539,-0.3726533750024733
6026,0.7887350408773248,-0.3392337083497141
6027,-0.5070213092573139,-0.40998538182291244
6028,-0.3996840154135083,-0.3901625037179486
6029,-0.11013744678028566,-0.4444275794914365
6030,-0.3974989995001424,-0.33277458162312634
6031,0.06203839915970643,-0.3654366582588189
6032,0.005389709838493824,-0.4344618323161602
6033,-0.8040181993375193,-0.37542678101199756
6034,-0.7946991157640816,-0.17120488326447758
6035,0.08670598190546726,-0.2783128649795091
6036,0.3487917435937226,-0.4258504404477673
6037,-0.3728934485583131,-0.4544884367929679
6038,0.3188453206651607,-0.40985143031100313
6039,0.0029974750169450056,-0.4736029050478458
6040,0.00657794153434868,-0.4667453408461427
6041,-0.44185707241408423,-0.4238276988189893
6042,0.5423175131435338,-0.4530471835196465
6043,-0.28584274749825095,-0.4713774969853667
6044,-0.6147133916274484,-0.4264893052510367
6045,0.5311009850839828,-0.43859404107127953
6046,-0.1852863627705762,-0.40400305335625475
6047,0.4555930368732312,-0.41565859561093443
6048,0.579058011292696,-0.11699606722624858
6049,-0.18096398384153156,-0.43831428875357076
6050,0.49340326124258094,-0.3648311322692128
6051,-0.2269887772558998,-0.29499294989393454
6052,0.2880380462526533,-0.3956019563256212
6053,-0.2937793238442499,-0.4248839293286054
6054,0.13443847427780886,-0.36427008343907863
6055,0.6847070662028262,-0.3519743926523665
6056,-1.1307153060233912,-0.3048021718159625
6057,-0.3775759336412623,-0.29552597352418386
6058,-1.1576605028235394,-0.07903852448740481
6059,-0.12791214994036826,-0.28271869559897456
6060,-0.24862479888862027,-0.3769933791354162
6061,-0.15379032401737205,-0.3916915029375485
6062,0.3606881611397406,-0.21104813636787903
6063,-0.7074287687519418,-0.23840569448667404
6064,-0.18745258759807723,-0.3775718055861821
6065,0.21179636925492537,-0.4330207685667363
6066,-0.04155257078314904,-0.33458330673558134
6067,-0.2766870520540283,-0.3476797838868726
6068,-0.5637964163658308,-0.409938385455593
6069,0.10546422434400404,-0.37453752163429316
6070,-0.01747832807596289,-0.28135524472679024
6071,0.20454499755864486,-0.3898855727049843
6072,0.6381130611365513,-0.3062898173551352
6073,0.006829294409816373,-0.4055534098511345
6074,-0.1332507106592944,-0.35764962372926534
6075,-0.16325653881922728,-0.3831770580720482
6076,0.5470020989176474,-0.16817449111375904
6077,-1.180701111656459,-0.15089082990564007
6078,0.6847194473903853,-0.15697689213124605
6079,0.9892665072608748,-0.1837713470635973
6080,-0.32855159168817544,-0.36349411969911993
6081,-0.32374292396451304,-0.3050107899885214
6082,0.01114942635663701,-0.2972403557958577
6083,0.31333889100185164,-0.29748229262475245
6084,0.1925597021566877,-0.408549287141605
6085,0.04271177209292695,-0.43523135590775197
6086,-0.5220158092586018,-0.34160840637101975
6087,-0.38869090631774267,-0.398313304980364
6088,0.07753846018046139,-0.43592363216176033
6089,0.6385300190990337,-0.40232252018338444
6090,-0.4562466359765836,-0.3440011675157294
6091,0.7586471327079636,-0.38190152381507037
6092,-0.5494176386836902,-0.35251187749059554
6093,0.5353254610382904,-0.43299749532118414
6094,0.01834063041312789,-0.43124761185801497
6095,0.581049820512358,-0.3601417503847908
6096,-0.6166659505134222,-0.3931349025014866
6097,-0.20519832921318706,-0.3745152582618123
6098,-0.4649337001570524,-0.37540789551708126
6099,0.34456977222837704,-0.4555596065062968
6100,-0.7936599277488666,-0.35688633211123033
6101,0.8666721591924283,-0.43523050941444635
6102,1.378153703854419,-0.3614074553769493
6103,-0.07927330033676128,-0.39928553084642326
6104,-0.11542997772751619,-0.4310062598848304
6105,0.06123033374457779,-0.4537775932567575
6106,0.6677462779494326,-0.26002865438749306
6107,-0.5158404304970368,-0.4306594658106525
6108,-0.1355226199906863,-0.4624980004449768
6109,0.7346955603232899,-0.41534941584185703
6110,0.8101157601363078,-0.18541831344024656
6111,1.080753637898361,-0.2519280240087627
6112,-0.7289169033104812,-0.33934085581592344
6113,0.3863512964842537,-0.46073787620778606
6114,0.06355458262321342,-0.318067404012425
6115,0.36577349298317835,-0.31834605572142627
6116,0.15894329866419973,-0.34537525276825276
6117,-0.2300901027398571,-0.28988225439122295
6118,0.9011566274105678,-0.17509162233137393
6119,-0.080726174621902,-0.04278854543895391
6120,0.4032234655445419,-0.29884129280177557
6121,0.09097158869327049,-0.3745870431061494
6122,-0.07973343876200513,-0.19775430643436592
6123,0.7002573523298783,-0.1973656740453868
6124,-0.05956317360847997,-0.24102878189398683
6125,0.5865018355328121,-0.16362574013717096
6126,-0.4629659819653825,-0.13754774218032145
6127,-0.5825656438900232,-0.14861277106548176
6128,-0.0076415921035630436,-0.31647791771894995
6129,-1.022252562691451,-0.14973360857052215
6130,-0.7410712056781137,-0.20300772345218024
6131,0.02942434000555591,-0.3944053715148346
6132,0.19816112002411315,-0.36944815367244765
6133,-0.12916581133253655,-0.4255439852695262
6134,-0.39286052286664785,-0.4518963838938213
6135,-0.10236315483323005,-0.41366082785706115
6136,-0.1692589242872702,-0.4098211205700521
6137,-0.19907809852628436,-0.44254684396685484
6138,0.593172732455691,-0.4437117833507065
6139,-0.1938147328558349,-0.47640525762240715
6140,0.2564285565015885,-0.456042659327065
6141,0.3541288261013465,-0.3922632882056099
6142,-0.28280329167030616,-0.40321407678382426
6143,-0.37596700199712707,-0.4534186426546641
6144,0.1711391341513449,-0.43182590452571545
6145,0.5091404716454144,-0.39255395626048845
6146,-0.18463670571706287,-0.3879086131745156
6147,-0.4439299200538764,-0.35297621890176734
6148,0.12346013322881058,-0.4193419646457663
6149,-0.32043807207228875,-0.3628984067771982
6150,-0.5055241139924654,-0.36514059094729345
6151,-0.21877731184773178,-0.36126457840942744
6152,-0.07598561027756755,-0.3483132965498972
6153,0.41197320818629757,-0.463594492172147
6154,0.044383749810627746,-0.5166403737568461
6155,-0.23294122325215894,-0.4730629933043301
6156,0.686970661117186,-0.38640122880697825
6157,-0.10903000761393812,-0.41843177265297576
6158,0.2972494424234907,-0.3183247179439339
6159,-0.03256490504294361,-0.4505054115218934
6160,-0.02418801622139516,-0.3944069336635685
6161,0.01499606959370711,-0.4673990712730031
6162,0.11204658481455891,-0.37796983301936826
6163,-0.3477271264023602,-0.4395096671714934
6164,-0.1312976451905103,-0.47741605469548887
6165,0.09697441157868794,-0.43541745292895123
6166,0.19244246913469573,-0.35842845907040916
6167,-0.11857657985453382,-0.38556279245471203
6168,-0.23049164204334352,-0.3950819266849622
6169,0.0849546994249242,-0.4249950388852643
6170,0.3068585453675522,-0.3559070124409172
6171,0.24202619403182887,-0.33255869625448875
6172,0.0676041762246398,-0.12571266086457014
6173,-0.4510830147850869,-0.3073775542250512
6174,-0.7747860709460098,-0.11530638953309186
6175,1.5382486830048445,-0.22190263914307476
6176,1.245363574745169,-0.1557619766037801
6177,0.602703542719642,0.18448400941397297
6178,-0.5166771344746784,-0.04225504565813021
6179,0.6905749753577196,-0.20032193245839586
6180,-0.08745739720726994,-0.30391243168423093
6181,-0.32923513134930055,-0.2906780948716111
6182,-0.32464477195035096,-0.25553971923985286
6183,-0.5902208837035978,-0.2547904711835661
6184,0.13028680571523504,-0.377169259038062
6185,-0.9490422914014325,-0.2864973635567112
6186,0.3715103395681515,-0.3490278112854037
6187,0.5049430033153715,-0.35747241408576913
6188,-0.594178997995594,-0.4199162917974321
6189,0.17903758089758384,-0.4641699752390731
6190,-0.7658472219472872,-0.38848959150403006
6191,0.12865779549651388,-0.42785745480427256
6192,0.5486842251594534,-0.3961271028412146
6193,-0.016832385431184045,-0.454262961829545
6194,0.2782337182703321,-0.4379266707258157
6195,0.613468757946212,-0.3858053622577226
6196,-0.22503209809555688,-0.454771438506815
6197,-0.12543113500739267,-0.42264795106122865
6198,-0.7278373053242201,-0.4214857940858213
6199,-1.4486352735418047,-0.12531909375079495
6200,0.610788901791491,-0.15043739722766908
6201,-0.28271591715596534,-0.3399144624455774
6202,-0.36716074431141316,-0.3572486571222391
6203,-0.012081690997023222,-0.26621120014786526
6204,-0.5687343601050607,-0.40790646360935695
6205,-0.5463197663732436,-0.22573637982434114
6206,0.8818667990298593,-0.28341816125316793
6207,0.3371146412502662,-0.43230386734019355
6208,0.30969835068500023,-0.4226653168749487
6209,-0.22918996432145938,-0.40481593172485897
6210,0.001004607236758397,-0.3893154800565105
6211,-0.5534431598203392,-0.4744712459739464
6212,-0.34926687196981043,-0.428757909083479
6213,0.0920971647167917,-0.48897041530077306
6214,-0.010426953486206545,-0.3870880987420361
6215,-0.127367806233144,-0.3799757101589427
6216,-0.15368644448489888,-0.3661053944810081
6217,0.8387606428940171,-0.40999916147469456
6218,0.6682982346441141,-0.1803206667734083
6219,0.1156405489254656,-0.3703216315426574
6220,-0.14694646068740613,-0.38410570045061965
6221,-0.042823015003374605,-0.37947091568156666
6222,0.4671345821493096,-0.31211081122405576
6223,-0.3074420484670298,-0.4077497091806065
6224,-0.39207226040241644,-0.42187547033279094
6225,-0.1737536514042801,-0.45095117845499855
6226,0.6836690794014765,-0.37077797142988084
6227,0.015902620483758775,-0.35827921482855074
6228,-0.04595873944760101,-0.42078297922928376
6229,-0.27453448614913306,-0.3783609248307958
6230,0.21633026221261056,-0.4210783219648787
6231,0.08251859798587854,-0.3883215251195715
6232,-0.3601093167464703,-0.4576768032505968
6233,-0.11109968245360978,-0.4613741667042729
6234,0.15318275645609836,-0.3606471126896028
6235,-0.3919878043958786,-0.4264881416619927
6236,0.11490698235733668,-0.4224946633415834
6237,-0.12613868932705602,-0.4617459230169895
6238,-0.07767339891192436,-0.46462626755825476
6239,-0.03834832385270165,-0.4405410316627999
6240,0.3041248968376975,-0.43854238005165797
6241,-0.23112383303118292,-0.4297721063102473
6242,-0.047900580026583935,-0.4399369466671578
6243,-0.07711704903843977,-0.4594418085580381
6244,-0.048013623700405086,-0.4529668360449107
6245,0.1753572605595041,-0.4724151630690872
6246,0.21779727229672083,-0.3816725359907146
6247,0.2741670999597803,-0.3715564627665805
6248,-0.12949203143329174,-0.46069851432652154
6249,-0.23061679942662136,-0.4438200996055571
6250,-0.07960750499417112,-0.4483182483838532
6251,0.015883989981850477,-0.45779379039495266
6252,0.5062744877127877,-0.45217615534504874
6253,0.28306212661603114,-0.389987664276112
6254,0.30689420354010494,-0.34751835569219974
6255,-0.7512993364160738,-0.38642346415397744
6256,0.053180255645912805,-0.43098046841678694
6257,-0.29310777575295455,-0.41089644517370116
6258,0.040506297835899645,-0.4189036005558183
6259,-0.6923322403549339,-0.3075999564502685
6260,-0.4872860316495388,-0.330008260011388
6261,-0.31684640429716576,-0.3171999505525951
6262,0.22548006366411744,-0.3604155443762984
6263,-0.8093356892276022,-0.07601947298088652
6264,-0.09999627992970925,0.6945131816499825
6265,-0.0024265370409609346,-0.24125295235695515
6266,-0.28185618921291566,-0.3846713399554224
6267,0.07637698073233154,-0.38668882484351313
6268,0.35503723647178187,-0.3008907630406177
6269,-0.6305203980641277,-0.40749836603858264
6270,-0.6853268275639408,0.03672570890245047
6271,0.2881605046758778,-0.3028754409780057
6272,0.27067765082111317,-0.3983814698819664
6273,0.9434480381531554,-0.2869156636738789
6274,0.03886682653481594,-0.3593663114832079
6275,0.7413766267511797,-0.2518665111548652
6276,0.14444406828782133,-0.28168679039290345
6277,-0.314094618098477,-0.3392315850795504
6278,-0.28712006293213105,-0.3737042069560889
6279,-0.3020282347914907,-0.3566079142886974
6280,0.42006240170107406,-0.49027449557095126
6281,0.2975412917761733,-0.4469020968285247
6282,-0.39566524498771055,-0.35918803948663014
6283,-0.681242348537795,-0.4161067529511739
6284,-0.2365720652581902,-0.2830325709713321
6285,0.06833701628349491,-0.44688810409407176
6286,0.07162948573240437,-0.4572735620819083
6287,0.29787557247623847,-0.4804935038780439
6288,-0.21823537664985962,-0.4684141428953238
6289,-0.5536037723695506,-0.4444217939753969
6290,-0.2252708417196557,-0.3878547255209174
6291,0.0007001337694151535,-0.4638477840012487
6292,0.4196455880239341,-0.45567602084167724
6293,-0.5555823902726387,-0.4445641464177237
6294,-0.6787616065663122,-0.25367483792327505
6295,-0.09633341019594067,-0.1671758095025851
6296,0.05348817299021231,-0.35930494974693467
6297,-0.40421590385335904,-0.25071150490641503
6298,0.25848662784645543,-0.10930353820947612
6299,-0.08088247312419976,-0.35638896651130364
6300,0.6501061753228444,-0.16971509731075918
6301,0.15486485079486909,-0.40216963501180997
6302,-0.2445667724459122,-0.3412539441608623
6303,-0.43650471361766147,-0.41853279571429386
6304,0.28690701319090905,-0.4061880984562396
6305,-0.3701598956933589,-0.43434799839890353
6306,-0.24389177749572793,-0.39512726397760145
6307,-0.1382275179178243,-0.36331743694431956
6308,0.31746389573241945,-0.49360333434293435
6309,-0.34058363213812165,-0.3827867058437121
6310,0.10998515958745862,-0.4201672000942342
6311,0.2508519990636222,-0.39747261390027283
6312,0.30584647039971863,-0.4203000127944837
6313,0.1289493000357644,-0.4480071504007198
6314,0.3219897770047854,-0.41984029252993055
6315,-0.31254780879324406,-0.42529988515010453
6316,-0.2952509242768185,-0.48982444536788383
6317,-0.16745684044387116,-0.44301330605715744
6318,0.676606105628573,-0.4585866422136077
6319,-0.35524346921030286,-0.40096772064827085
6320,0.7118855331023346,-0.3088022143386377
6321,-0.5840088708323578,-0.27923169880917764
6322,0.04523406339482509,-0.4373521952366045
6323,-0.1747300100508713,-0.5123220089770998
6324,0.20573348095100874,-0.4451619311686438
6325,0.14997457590665586,-0.46204936223235576
6326,0.2641328354241925,-0.33778761427373566
6327,-0.011679761234723288,-0.49453527237196193
6328,0.19660732054429125,-0.44692886986263597
6329,0.03558392014163577,-0.47917095808280785
6330,-0.3750769394855871,-0.15682210364403046
6331,-0.435170525710736,0.09147983005077873
6332,-0.49901211536346757,-0.303838262153558
6333,-0.06966497646887432,0.016671313256481163
6334,0.0317165029588626,-0.41202473847413
6335,0.35015771807271745,-0.3825526734906677
6336,-0.9486803416840571,-0.36060645937759583
6337,0.11616564446363974,-0.4260331002997689
6338,0.3470087970146619,-0.40626257070108845
6339,0.3848902245568847,-0.3532435679169904
6340,-0.4557565435771164,-0.3510462705265683
6341,0.01992707096792814,-0.42622222851175484
6342,0.21183864463155608,-0.3763636521328431
6343,0.08523926725338016,-0.37468962776679715
6344,-0.17726207462104926,-0.3306937892514469
6345,0.13481433451054936,-0.38526791815380423
6346,0.3759249797106843,-0.3755084954159666
6347,-0.10298073851146979,-0.3797998305372016
6348,0.25819512065279493,-0.4116763614088919
6349,0.07912978560722604,-0.4087406499585515
6350,-0.20376626096595235,-0.3424995812122723
6351,-0.6032978562559881,-0.3895615845860481
6352,-0.28380049724588735,-0.24308592570150278
6353,0.08605518447341258,-0.33483432777629996
6354,-0.19486997671823697,-0.3334429484215393
6355,0.3983281806433198,-0.4422245587143966
6356,-0.029897775634393386,-0.46373290457568167
6357,0.12848506879003138,-0.44814830562319463
6358,0.8276855848623771,-0.323979843623431
6359,0.8111977979000988,-0.23126526340035997
6360,0.04149315561780263,-0.2706478677348628
6361,0.3108544979061572,-0.17769904019587712
6362,0.369322307140202,-0.3346858077906399
6363,-0.16987112620413775,-0.35745072290227115
6364,-0.8871016347995714,-0.18321073505731778
6365,-2.103798878793974,0.35997713993325464
6366,-0.45944465853207483,-0.08305462724024897
6367,-0.23933852563337252,0.29354710318139265
6368,0.8739556710785737,-0.05877617461253072
6369,0.20541471637672476,-0.1595960402706231
6370,-0.6794994443291199,-0.40462566282598245
6371,1.1875407816965238,-0.3290144923575353
6372,-0.2564859408094748,-0.4595469805579534
6373,-0.5493373900646051,-0.42454585632372405
6374,-0.653250967215245,-0.3685455800459448
6375,-1.3509699153998522,0.3327649638415732
6376,-0.6721361230997593,-0.10156219847731646
6377,-0.8795157131601551,0.09421839832425738
6378,0.4601528020154946,-0.15920128975388156
6379,0.09777872592570955,-0.33332433168281167
6380,-0.320209036774728,-0.3642349896308628
6381,-0.19438143762182147,-0.3569534467292054
6382,-1.4090541036106923,-0.08252782400926116
6383,1.325437425875114,-0.23087648653709758
6384,-0.6696886088649402,-0.3046802078450708
6385,-0.04254825259210339,-0.3536201287036403
6386,-1.3020356258353996,-0.2003761069006426
6387,-1.4182286308234366,3.2370785811664082
6388,0.004177253870838048,0.049784847478831995
6389,-0.7082388149907071,-0.07818741578816993
6390,-1.064235488611457,0.2395348212452913
6391,-0.9308257442778765,1.2396771583432895
6392,-2.523186484634474,1.156638983042218
6393,-0.9817865642354427,0.851049342664225
6394,0.3394543103557941,0.5310150663825369
6395,1.2846676389970266,0.023260906235251608
6396,1.7870441369346939,0.12574487486274133
6397,-0.1595663301249533,0.10428922029551108
6398,-1.4633419702534427,-0.025668516477837258
6399,0.5591734669995958,-0.11898210626424943
6400,0.7006362201638455,-0.2633469013320093
6401,0.11272396361394715,-0.2183831442939169
6402,0.36101754701290895,-0.2590310022384279
6403,0.35153141592226406,-0.13806571550159216
6404,-0.7385089499750364,-0.2869267989871754
6405,-0.22081004305020963,-0.25708843342034443
6406,-0.3919210713124038,-0.22688102479877856
6407,0.41902179947882484,-0.16655813068939163
6408,0.6786587744840795,-0.2695608730434953
6409,0.40915923472642285,-0.30679843797197776
6410,-0.16547358809612758,-0.3516591993581773
6411,-0.10006852045178113,-0.39655292292244
6412,0.2101273231675836,-0.37472177676299234
6413,-0.06363958546894838,-0.4081860331561613
6414,-0.14143476839435648,-0.3649715781335477
6415,-0.4057601689692693,-0.36268041795938094
6416,0.7407885895874649,-0.3536789580082521
6417,0.8463820820198148,-0.3240807885953588
6418,-0.19748898548346658,-0.34458296887759365
6419,0.6482074396551074,-0.3161603244004461
6420,0.5378366714089476,-0.29861934149569375
6421,0.23359102535171222,-0.30377098272623665
6422,-0.07141852815045388,-0.3322957766953582
6423,-0.050489977530858356,-0.31784431066765517
6424,0.52920315327288,-0.3486269890958274
6425,-0.010827062297054475,-0.337705940826316
6426,0.1402558509366998,-0.3308373121320279
6427,-0.617311940245831,-0.2927206189803105
6428,0.6132294417825103,-0.35995829383562206
6429,-0.0021397175240603526,-0.3722464639401934
6430,0.6350163699733075,-0.23930762884631587
6431,-0.48077282728157134,-0.3099287958556682
6432,-0.12291202693132201,-0.40101055992108053
6433,0.29016278830054815,-0.34596897736113685
6434,0.24292083956653587,-0.44920442724492704
6435,0.27933742977072523,-0.33747871557617865
6436,-0.5795275430855046,-0.33250460377722224
6437,-0.09842076864133556,-0.39849292068988407
6438,0.47588753526423794,-0.3767384354793741
6439,0.03743581985760818,-0.443310422604583
6440,0.1669140330084774,-0.3669337893329024
6441,-0.07273841697797105,-0.4414470043363473
6442,0.4249170733545071,-0.26593118854586884
6443,-0.04373720883278931,-0.2364318931876519
6444,0.17476597434175853,-0.4092038987764521
6445,-0.2768261777492448,-0.3864465267627586
6446,0.6697891543418797,-0.32200659481636007
6447,-0.04822214708078817,-0.33197529829165134
6448,-0.26119569308240687,-0.37039848282931026
6449,0.1830278256748059,-0.4447630023209549
6450,0.36325239187818525,-0.37721880664399915
6451,0.2659575135420765,-0.31019089784210185
6452,0.1219021077777852,-0.3090689604377388
6453,0.06325864611167262,-0.33956983819808967
6454,0.32020556827132873,-0.2460052649954214
6455,-0.07383849088182806,-0.30872598759100855
6456,-0.2241898102953292,0.7381090962829123
6457,0.08859872772979983,-0.33560536189390916
6458,0.8913322792390824,-0.13475391727417038
6459,-0.16604680831049057,-0.3314824971965801
6460,0.9510291459055065,-0.12326120025420978
6461,-0.6396564789400919,-0.2192958834059181
6462,0.5660373315236471,-0.28274130355349086
6463,0.4266369947793441,-0.3025783507666838
6464,0.45657963670171586,-0.25880136576725526
6465,0.06987276723309029,-0.15920719988837206
6466,0.7784984164060899,-0.1668517154240714
6467,-1.053540732474329,-0.19457330115712784
6468,-0.4836187847095123,-0.1634543921111077
6469,0.8844535027485861,-0.3054365923758323
6470,-0.13907650784004955,-0.38282033526664266
6471,0.06704169306154746,-0.3215856191450882
6472,-0.4557101016368465,-0.29897530705985165
6473,-0.42065819499626317,-0.34727527782567996
6474,-0.5582162702975969,-0.22738243369577688
6475,-0.17899134460544758,-0.30990095494332204
6476,-0.007846108507495342,-0.3441835298918062
6477,0.862017067783022,-0.3617708975582174
6478,-0.67739618364627,-0.36215405298790565
6479,-0.5459616178619774,-0.35089607245094256
6480,0.2612863001606829,-0.3699932772105423
6481,-0.3074851924800365,-0.4500514999191344
6482,0.26669166670612365,-0.41406204560813414
6483,-0.706067502181512,-0.4634800707234288
6484,0.12350941794009729,-0.4364314012619927
6485,-0.18803297038758057,-0.38024784533112777
6486,0.38778687060233824,-0.40885113661263384
6487,0.049586037470717256,-0.47104027696987755
6488,0.4662550062272833,-0.44062901055768383
6489,-0.41040867315069457,-0.4511445028863582
6490,-0.41182680973060953,-0.44515606167013166
6491,-0.036882918605453834,-0.44037021554742395
6492,0.5460512997824036,-0.4397859650784063
6493,-0.20122777193633018,-0.464072619922136
6494,-0.5539197334123417,-0.3487824594166231
6495,0.20068359003071887,-0.4663355746337575
6496,-0.1824814835959253,-0.4756132128878049
6497,0.37819042851350226,-0.41745448165254057
6498,-0.7794066288781618,-0.3884881775097222
6499,0.4155519969282734,-0.4031519615209908
6500,-0.025471700147628264,-0.4609587586024868
6501,-0.221627017474433,-0.4719130432652543
6502,-0.5955431936807887,-0.4022202164152505
6503,0.26585289749152635,-0.28200503960827106
6504,0.6039448463472815,-0.3425203642271757
6505,0.7030474460378957,-0.4114765919380155
6506,-0.0857276451668059,-0.41318534398751117
6507,-0.44678915271172115,-0.4361056148635392
6508,-0.014718342003229962,-0.4606512206335852
6509,0.13976860854442488,-0.46417588529738435
6510,-0.10885572507425564,-0.4449611426961543
6511,0.29693662627265255,-0.45359368614275136
6512,0.12132643577317863,-0.42880198444827694
6513,0.3269657155574403,-0.4339488289937453
6514,0.5959921259823134,-0.42897987626139195
6515,-0.0319203374309131,-0.41874730867258775
6516,0.24353577227423526,-0.4250116754888521
6517,0.14548098846939786,-0.4029195415933116
6518,-0.5176054400321533,-0.41923212317703973
6519,-0.02884875553046882,-0.4712045352655699
6520,0.2023762411467657,-0.4653579962466249
6521,0.11870427458449052,-0.45415677414471994
6522,0.16570733889081726,-0.36903674024119265
6523,0.11231577975482186,-0.4532537801990366
6524,0.3753359386800833,-0.39133963868290733
6525,0.013456832964450884,-0.40512950375347967
6526,-0.21079033349785406,-0.3947004486801201
6527,-0.1909430156350677,-0.4368268155204138
6528,0.4112317472309604,-0.4364421742720406
6529,1.1690412273430533,-0.18930762002592988
6530,-0.7755413197961873,-0.38180494924673447
6531,0.19016223270657628,-0.3228058559272289
6532,0.03970691184141262,-0.3828732187241276
6533,-0.16925358073588415,-0.43754807786597527
6534,-0.18300444019966855,-0.41173892623452774
6535,0.15177341056070787,-0.4617756550803762
6536,-0.2811808895661753,-0.43465503146588347
6537,-0.23111716422675319,-0.3182821950994908
6538,0.25124241638884265,-0.45318435652425804
6539,0.05955252639687515,-0.44766775929232094
6540,-0.5023673578047444,-0.4539671517914467
6541,0.1133292505466123,-0.4593937844994317
6542,0.39941302849649685,-0.44519244846213424
6543,0.46722409440257984,-0.4160333133971018
6544,-0.2958875351100544,-0.46712907399960457
6545,0.2720296033786893,-0.4597748580754901
6546,-0.009234905484527352,-0.4686126383810063
6547,0.21960898278997737,-0.4559399080542771
6548,-0.17569929599710699,-0.40732508994583894
6549,-0.1188337720621252,-0.44691681159065155
6550,0.26504870602161734,-0.47637437776394875
6551,0.11429879270838424,-0.4021689448877782
6552,0.6352119552589449,-0.24524000163328125
6553,-0.3902958520716179,-0.4284795913567383
6554,0.09129290440526802,-0.37337775968395837
6555,0.06010646674686577,-0.35914275225876613
6556,0.3459344178060344,-0.42068993092046225
6557,-0.2076003379464612,-0.3880945447537376
6558,-0.09297242853374449,-0.445711889730596
6559,-0.29264904428796246,-0.38389980974323196
6560,0.271424462215319,-0.4381345927918316
6561,-0.258932515735741,-0.4699287698963829
6562,-0.19583348119644073,-0.4279060218734001
6563,0.15496898402372714,-0.36774239182554974
6564,-0.25931586054393724,-0.42551201948990786
6565,0.30448886632581,-0.4850284027811943
6566,0.168177709705854,-0.3555979770753774
6567,-0.44519256945545854,-0.4193153982448623
6568,-0.1828818419240787,-0.30123144006837543
6569,-0.3609556334542883,-0.4495229184726549
6570,0.4074667075277832,-0.4191307049096742
6571,0.00027015753407164545,-0.4778135965776275
6572,-0.3120245903288727,-0.4442799586118181
6573,-0.301948867903173,-0.4500594603641892
6574,0.6449794530523977,-0.396310552315678
6575,0.28717355812953693,-0.4349903573676758
6576,-0.4979173711722509,-0.4658123294807658
6577,0.03250952059046163,-0.42309995421351
6578,0.3381332921438861,-0.4440012180774725
6579,0.3258430914414715,-0.4739569560772343
6580,-0.38637115986706627,-0.43566675101852137
6581,0.01773249142540507,-0.4798970882560301
6582,0.3505162679409134,-0.482560569990398
6583,0.060979749383559066,-0.4695774049558944
6584,-0.28190561049970936,-0.524349688492136
6585,0.18841907121070584,-0.47231901904652185
6586,0.0407833264495746,-0.4149536429672331
6587,0.08451951821708224,-0.48790779381869814
6588,0.1599372737390918,-0.5106917016322033
6589,-0.1670190456155602,-0.5018494566615077
6590,-0.17508527667652807,-0.47391252996557737
6591,0.14703031547962078,-0.5422232685016852
6592,0.18701011383511074,-0.43191102989975794
6593,-0.1845432804734801,-0.5130941713995786
6594,-0.4996124472719914,-0.44730087545741365
6595,-0.04694599965237694,-0.5158881356110505
6596,-0.23013327168614872,-0.44690113498889006
6597,-0.022513297852021955,-0.46796148334470467
6598,-0.5468656739600758,-0.4081353444337399
6599,0.06041046311293267,-0.41869798888531823
6600,-0.08218916083438715,-0.45926260594592055
6601,-0.016585835211550912,-0.4621573065926668
6602,0.05851763379065073,-0.39624291302101666
6603,-0.10014677913211315,-0.4823173567649879
6604,0.4591232414144705,-0.39069422571838985
6605,0.20359874186809557,-0.4887878004310261
6606,-0.5303501029990735,-0.4722782750993063
6607,-0.0279719290704427,-0.47552120253959507
6608,0.2380927199846144,-0.47219369895884
6609,-0.34085279380447214,-0.48135106715211495
6610,-0.09902865700758882,-0.45036040423099116
6611,-0.03783614704816521,-0.49701700987436126
6612,0.23791723026345166,-0.47187125395658835
6613,-0.1002044373877656,-0.4787062205781376
6614,-0.025112185762799062,-0.46361474142672876
6615,0.14744523211232483,-0.5090744544229435
6616,0.3525399054945007,-0.4468064193990864
6617,0.13564576196054265,-0.5157587425536723
6618,-0.3783369361365148,-0.4846724418357009
6619,0.32697788458669735,-0.4886347443713476
6620,-0.3259252344839708,-0.48867941567532774
6621,-0.16172947022890877,-0.5195421696624221
6622,0.43952716533122344,-0.4208364071678446
6623,0.06466809429363371,-0.4327767906140523
6624,-0.0970941703019634,-0.46365219678238306
6625,-0.281978456200445,-0.47080244936420107
6626,0.1981978493006622,-0.45055011466631545
6627,-0.2096613638012656,-0.4865614009861689
6628,-0.19095229582967982,-0.4596593031786116
6629,-0.07855238177321199,-0.41635186546941694
6630,0.08417220367924524,-0.46758030913050036
6631,-0.10732022000601493,-0.4446167837239195
6632,0.009289404767255443,-0.4402074621647383
6633,-0.12954225108086118,-0.4876093304856333
6634,-0.3780302877991843,-0.35327562276281205
6635,-0.5467990619076433,-0.12468174945111592
6636,0.07040286081948652,-0.3626016355995525
6637,-0.031207059081984137,-0.42347994600134853
6638,-0.3807257380100691,-0.4403398747690829
6639,0.14651364501887545,-0.4643022221419076
6640,0.8903003621800366,-0.3900340945159341
6641,-0.09010162045352534,-0.47782567738100423
6642,0.2840114274984892,-0.4233963761070391
6643,0.40340513628122165,-0.33269301942589985
6644,0.1793341204974614,-0.38843485382215664
6645,0.21294464211187503,-0.40208511107769435
6646,0.31426853728829557,-0.2978615159045742
6647,-0.3838686216715009,-0.3756947335973411
6648,-0.23281589145572668,-0.4196119409628415
6649,0.41888440457708354,-0.4464015425587634
6650,-0.07350944192257534,-0.45767340121548217
6651,0.14551702476098152,-0.4397733702077704
6652,0.7352081123379175,-0.0697191598527876
6653,-0.946825912485023,-0.06552334146378892
6654,0.2679652661421736,-0.3707819198634277
6655,0.03145345026377735,-0.3385508547729719
6656,0.1257569832874654,-0.418130641603762
6657,0.18310991728644005,-0.39399378837318133
6658,0.5186950301691624,-0.36385844329684114
6659,-0.11631338655967156,-0.4190065046654089
6660,0.010395891551117876,-0.47500938671602483
6661,-0.15257635125378027,-0.41291413106305364
6662,0.5684978256202579,-0.3296554759430734
6663,-0.08894996895613738,-0.2878265031065349
6664,0.19301006711042268,-0.39122898240833937
6665,0.09383401866458349,-0.4197719295296905
6666,-0.04739473965458609,-0.3316754512573976
6667,0.1747844597541222,-0.4033785501638576
6668,-0.17694084721872064,-0.3240549668723216
6669,-0.4591977501749107,-0.38309919205202225
6670,0.4735691686844498,-0.3299833925260797
6671,0.027796171206332994,-0.43539091153264864
6672,0.07075781005247653,-0.3800722345654154
6673,0.06829868683578344,-0.45039645524363003
6674,0.08627042434573892,-0.36622644579182206
6675,-0.052417702808450206,-0.4001919421925885
6676,-0.30677641290779245,-0.42961140827498767
6677,0.33201882830742485,-0.5090268663570432
6678,0.026237368744080905,-0.34342051958787695
6679,-0.06516428522928809,-0.40615256798559346
6680,-0.09427036944905302,-0.4682531348957285
6681,-0.37238404504039596,-0.4761034538058668
6682,0.3074421671670277,-0.4097758405933485
6683,0.10911953923697262,-0.47464337133742057
6684,-0.06957100207922078,-0.5232241606276368
6685,0.06589685206313273,-0.41270305015950864
6686,-1.040826223764111,-0.3063145531333392
6687,-0.013348610240327546,-0.3620664228011209
6688,-0.2131593992160647,-0.3122988232928376
6689,-0.3685274765211417,-0.3738712203034207
6690,-0.23995770496446042,-0.3793508491497704
6691,0.00404866810206271,-0.4584493942689379
6692,-0.005989715582643947,-0.44101068225058043
6693,0.10192080002716435,-0.4762026011938017
6694,-0.15346449534635767,-0.32648230372777753
6695,0.12361139833779503,-0.3643709148924882
6696,-0.0026867969449344328,-0.3684716906618596
6697,-0.11864409749556894,-0.39190185616921197
6698,-0.34923448580976785,-0.3821864692349701
6699,0.1783934967095889,-0.4278827412368102
6700,-0.39063325577410335,-0.4919769529627272
6701,-0.2463903545681146,-0.40148437504253975
6702,0.46356518457265317,-0.4373394777318295
6703,-0.10049841931432599,-0.4660463134432816
6704,-0.43371820625803037,-0.4023792628263032
6705,0.0434877442974774,-0.496077152845808
6706,-0.35997225847318975,-0.3500301463521654
6707,0.07579820417872797,-0.3415813237475187
6708,0.26011167676906133,-0.44205808640295263
6709,0.33179089457332517,-0.4712050240992046
6710,-0.033174911432020567,-0.43680738107504996
6711,-0.2615527439716136,-0.42026255622845404
6712,-0.22484977601159145,-0.4318548950998216
6713,-0.2756820740765494,-0.41833869056930334
6714,-0.09280649360509055,-0.3790846842312568
6715,-0.057927713901489555,-0.45740560656308277
6716,-0.20434385840812325,-0.45560923584039625
6717,-0.055755705519750426,-0.4603223286694945
6718,0.012509516889127348,-0.37621765140262076
6719,0.35567414548089316,-0.42619238677884125
6720,0.2212834316057994,-0.41218081533442685
6721,0.4070749057475961,-0.4026724996587664
6722,-0.35055858338395224,-0.32821859151204785
6723,-0.17775475431192692,-0.4497789678970202
6724,0.2541206672582575,-0.4778244391338804
6725,-0.12209461381389221,-0.35624228650435474
6726,0.045217800576761384,-0.3965255418900242
6727,-0.2656218460282933,-0.44418176603445
6728,0.5615938115237561,-0.3414975790042976
6729,0.5239554404129207,-0.36091278781958924
6730,0.0003760927055021712,-0.43957297004181983
6731,0.5631620965665223,-0.36423321366477834
6732,1.1967364917484558,-0.11479873047701417
6733,-0.04496045779716299,-0.046075772185519226
6734,1.3396770276906431,-0.08726083479186936
6735,-0.055058730750956415,0.17604790778631313
6736,0.22828791239917143,-0.22089818192251323
6737,-0.12269282307659234,-0.22183195325295424
6738,0.5136906498739979,-0.2932510534107824
6739,0.11761623620948942,-0.24594339653559733
6740,0.6263841069680506,-0.11201723209745401
6741,-0.17101935217078684,-0.2556745848823134
6742,-0.6017368214980799,-0.31254448513357874
6743,-0.07336338576178258,-0.23814557732106137
6744,0.8265659714163373,-0.29592903359763334
6745,-0.2688631914836614,-0.3306625554394294
6746,-0.41271509952543317,-0.09952903579287409
6747,-0.39872392853444677,-0.34249164124540254
6748,-0.343649461323999,0.024847345698344805
6749,-0.8428075100084447,-0.1086350773545554
6750,0.9652064777615166,-0.24943187145568838
6751,0.29605753855517536,-0.36156385336194197
6752,0.5572556787621589,-0.21752184282688325
6753,-0.48152979189436845,-0.30773195208842385
6754,0.7903399815072074,-0.23221230102182416
6755,0.15772419343814617,-0.37352248269356525
6756,-0.5201332203137207,-0.3377282117178541
6757,-0.16347473931973114,-0.3179587241799663
6758,0.6120099120713801,-0.42151796577277206
6759,0.4819864536590765,-0.07995727525517729
6760,0.14501343533076327,-0.22167055268467503
6761,-0.7330227432397609,-0.2738350150343296
6762,1.3765751495091996,-0.17808482056764896
6763,0.09533974071013938,-0.2002220767628798
6764,-0.180539714587288,-0.34572515568009443
6765,0.04684935969636283,-0.3665863660969374
6766,0.2835049100610687,-0.30135367644205396
6767,0.05874870814925481,-0.4269134330903891
6768,-0.2678319406853806,-0.3216509672638286
6769,0.23445282034280138,-0.3468389885343858
6770,0.06749257264045541,-0.36861042835243524
6771,0.2852762158795445,-0.32935338954439136
6772,-0.6847353312656648,-0.3211008432312782
6773,0.20959014189474773,-0.3334261569176173
6774,-0.07687170340060995,-0.33691492191395733
6775,0.645801332026432,-0.43262120207462484
6776,-0.047040666272921784,-0.45864025297180017
6777,0.08974192950951258,-0.44254815579933643
6778,1.4798618914979023,0.12431046453511826
6779,2.761532932332633,0.317789970420854
6780,-1.268357134843091,0.20945217598656685
6781,0.3201359528965468,-0.1976132519997519
6782,0.03069787359581836,-0.05127671386957594
6783,0.7456111330456208,-0.16478946430841954
6784,-0.03274713740476915,0.02601446847374342
6785,0.0023134782719331035,-0.22855686354720028
6786,-0.7158371819423255,-0.24877602456936548
6787,0.12277383929435398,-0.2363540188294585
6788,0.7443521314293845,-0.1975644049794285
6789,-0.06889744783430152,-0.2633625745996839
6790,-0.3127316849568521,-0.17740610130217677
6791,0.8941663361641262,-0.026930345653706653
6792,-0.47559815678069556,-0.22250706439472268
6793,-0.26880066099587935,-0.2611570685371891
6794,-0.3882087009864269,-0.2925617906754184
6795,0.30822821343956697,-0.3105591905935608
6796,0.12548211052711802,-0.30107527509241516
6797,-0.20733757705271336,-0.34404667172271813
6798,-0.5787350785859791,-0.2365022146586726
6799,0.03619822035419224,-0.37584680102661705
6800,-0.06252774517313008,-0.40080963469512354
6801,0.023691866973108128,-0.443836161099674
6802,-0.7271192488024179,-0.2193205100599444
6803,0.05480709588447367,-0.39920827873939807
6804,-0.13382320806053274,-0.38232113142768714
6805,0.14513237984848554,-0.40000984388926863
6806,-0.37705341390114205,-0.3642723033851485
6807,-0.10731907346138206,-0.40288384860681253
6808,0.26091324241346414,-0.39505667602836014
6809,0.07548696165490008,-0.3784478343998843
6810,-0.05768618193226737,-0.4031808732013581
6811,-0.5603918331131625,-0.2167764660312914
6812,-0.10068936513578383,-0.22963347307970142
6813,-0.23618147898728944,-0.34893998038467894
6814,-0.5781234368404244,-0.294427627574266
6815,0.6506105057121135,-0.37453652269241516
6816,0.4537626380896256,-0.35577052253475705
6817,-0.12144021867821378,-0.40000078140268375
6818,-0.3639270392897296,-0.42940516524145506
6819,0.34747178995929395,-0.32032242469653854
6820,-0.828523963260649,-0.29911553740486446
6821,0.17381846754672006,-0.37879980858747325
6822,-0.047626621486971915,-0.36609654181205986
6823,-0.34179826695453674,-0.3945891796273536
6824,0.14527186865015185,-0.4149166135240119
6825,-0.5272305461714736,-0.1973190725556337
6826,0.2571385466209658,-0.29235628502252325
6827,0.2857552256271583,-0.3444260242192289
6828,0.20654811697298833,-0.33787831258040624
6829,0.5422758326893085,-0.27873441914785735
6830,-0.0735607713530295,-0.20420859687910908
6831,-0.2818118294848503,-0.41333722862070543
6832,-0.6513147492840804,-0.31796411241241945
6833,0.3010795996330856,-0.3731516372473834
6834,0.2230754852797419,-0.2808597633095103
6835,1.2676004597390527,0.12943289159505872
6836,0.6661744911366202,0.3825158801695133
6837,-0.35068558569288705,0.1476443913747526
6838,-0.29416472101445146,-0.038661575228700784
6839,0.2783581087704869,0.04338137220679422
6840,0.5582529645141188,-0.057211112339098896
6841,0.373329209756852,0.06454626529322197
6842,0.1539091320847846,-0.14800940296790893
6843,-0.5429493382573995,-0.11821394540416642
6844,-2.0315300108932868,0.46918676055250674
6845,0.8096502183541863,-0.09889441430687541
6846,-0.4679748444094273,-0.1971256908849104
6847,-0.7238342462127629,-0.1794759367286694
6848,-0.818846468480677,-0.10556651962415936
6849,0.10805258682400688,-0.2054552069643269
6850,1.2294564268399764,-0.15395292846024125
6851,-0.1645781217547963,-0.2561435837799741
6852,-0.7940947638017286,0.0013756750053449257
6853,0.7074539429655275,-0.3120225206045371
6854,0.4888732036848709,-0.30085132953028965
6855,-0.24778981065108743,-0.3157218553305568
6856,-0.31975178417617695,-0.3106775717532351
6857,-0.3863757531210274,-0.32725471610905305
6858,0.7013885165552483,-0.3150263777298879
6859,-0.32205980533603934,-0.43059724290102847
6860,-0.07316838824077646,-0.44846856570990584
6861,-0.15165658331587908,-0.4494339189109766
6862,-0.15144667751407115,-0.45647181663236025
6863,0.5043297216660092,-0.4861462231340049
6864,0.4920561542930379,-0.4449304231131539
6865,1.0054046682136148,0.9621727335055107
6866,0.429088743771479,0.02328761127330925
6867,0.9442539480998833,-0.1002564112488808
6868,-0.09903571803729859,0.3378413310390459
6869,-0.885932889718095,-0.029530130218201653
6870,-0.5528947828275914,-0.21444632253235762
6871,0.4750058344271599,-0.29554829002185146
6872,0.31770492436242925,-0.36512662018444886
6873,0.6934593777641486,-0.27101232369354766
6874,-0.40189674966287,-0.16454664254193796
6875,0.17317173989895468,-0.10725680108612301
6876,-0.07940293775556331,-0.2547388164401977
6877,-0.08893091900152546,-0.45176737616893226
6878,0.8011275410738865,-0.0703793501326469
6879,0.17024208212158304,-0.2449122732690899
6880,-0.6747860427219994,-0.2387530028687831
6881,0.06719592738631079,-0.3129064536103025
6882,-0.10728594423017548,-0.12074909322616036
6883,0.3686759483739555,-0.22918605986190912
6884,0.6641321959129912,-0.2808642265434502
6885,0.21430499895857802,-0.29867679217474485
6886,-0.4733395629809423,-0.24240067141563862
6887,-0.4330796499874526,-0.17427086970095795
6888,-0.07785285235727807,-0.29597017526879915
6889,-0.2583965812339116,-0.32415161855104435
6890,-0.17813101413632593,-0.2659820970696765
6891,-0.3128104085895617,-0.3506395680810648
6892,-0.10860770089844862,-0.2942363287046569
6893,-0.17257863643831114,-0.2927641624768875
6894,0.5246171958312096,-0.2265758817982353
6895,-0.36203899417575347,-0.40041830308953985
6896,-0.03080318660549026,-0.3583903233109743
6897,0.11910819903189755,-0.42706370139748334
6898,0.5937845376666506,-0.33436126757574974
6899,0.06861699902040626,-0.17751780788257648
6900,-0.2422777949331848,-0.23421664635099831
6901,0.20239599568237968,-0.2205928633806663
6902,-0.4892154942790399,-0.2956379877702737
6903,0.13554471916165542,-0.38233703854322254
6904,-0.09147512825577588,-0.3691216829015756
6905,0.0003114963457418272,-0.41313880672080583
6906,-0.27259208188222395,-0.4077564366358637
6907,0.39979552760986137,-0.4361870227253319
6908,-0.36633713789413375,-0.4534399452681477
6909,0.006066309531991715,-0.4858505654116978
6910,0.39014921613341663,-0.3540885049460964
6911,-0.07113791923610752,-0.30696511788178527
6912,-0.01805157222214211,-0.3658719788799579
6913,0.38844678651075115,-0.2897236094899376
6914,0.3446558842860093,-0.08827642715268144
6915,-0.2036734287119104,-0.013341303018741521
6916,-0.028355528325723404,-0.2978472335746533
6917,-0.10026789466305029,-0.30931530718741584
6918,0.3485162384102249,-0.17629875525240413
6919,-0.3396143575819349,-0.26426068274290143
6920,0.15141256251363963,-0.28064378365389875
6921,-0.22395152699921556,-0.31529567292732724
6922,-0.17754329485476716,-0.3479981742830204
6923,-0.021766126445232716,-0.035511708420015234
6924,-0.5064298025665643,-0.27722406060368676
6925,-0.37017945242681033,-0.15797876317038162
6926,0.0023684160959189533,-0.1493319708367011
6927,-0.0130237508802971,-0.3583290802705294
6928,-0.05559919026306162,-0.3588580584772233
6929,0.27306664645032724,-0.351113618125041
6930,-0.2895622140732854,-0.39327428835308276
6931,-0.28504717550837416,-0.2965222282191338
6932,-0.23507309696588902,-0.34678225274489205
6933,0.2006381022757217,-0.3869559615938669
6934,0.2412860251488484,-0.18126308759257093
6935,-0.35483373112601657,-0.28779328215642874
6936,1.9898344926793667,0.7985404414881317
6937,-0.3901316955192007,-0.14632122037716885
6938,-0.221041196624685,-0.24197246077890894
6939,0.4809211736882076,-0.19664005077773242
6940,-0.5038686304696187,0.10511810429634921
6941,-0.16037913085228792,-0.34046787285985936
6942,0.8133017142693985,-0.2925342881141908
6943,0.8995498939827787,-0.001434423296150733
6944,-0.3810173238228181,0.23689899945428067
6945,-0.4487272950420004,-0.20630337720186193
6946,-0.547391671762242,-0.204577884705816
6947,0.2601394629166082,-0.2785668530178106
6948,0.06108823800043355,-0.133867204081013
6949,0.11253499078339685,-0.22197890913093565
6950,-0.7442890369861996,-0.20930284687620931
6951,0.49456978865855655,-0.31301721107845726
6952,-0.3881601155202372,-0.3740014847298937
6953,-0.15679341685124937,-0.288076382093464
6954,-0.02896727926022575,-0.29032668008285895
6955,0.38334128729839256,-0.42667420193111105
6956,-1.148585689192507,-0.17924094502462312
6957,-0.930270121771142,-0.023480229125474178
6958,-0.6414951428842341,-0.000975117475704862
6959,-0.18812107563907765,-0.07987878312204943
6960,0.6037042263767797,-0.31070901415870245
6961,-0.32826676393338955,-0.39384075571710875
6962,-0.02306352452600028,-0.24153805887841054
6963,0.15027222077006508,-0.38927076921863446
6964,-0.3465377793013061,-0.35961930936937747
6965,-0.02681445781162125,-0.41266240791714637
6966,0.13521692469024935,0.04741887181832072
6967,0.19451278575645586,-0.3609485966010325
6968,0.12069393690276838,-0.42200293863894356
6969,-0.21705631783728851,-0.4072732211663348
6970,0.9097556026539033,-0.40175527328807287
6971,-1.0566771335591134,-0.3936511555408925
6972,-0.7714933776287599,-0.06536650255168323
6973,-0.8012523663701809,-0.2185811458947869
6974,0.45909473436517906,0.11193621812591953
6975,-1.0415350251753523,-0.13383214491402526
6976,0.08097592264449026,-0.2901375770442792
6977,0.2958428247521569,-0.38819796130255113
6978,0.18441647880355008,-0.3411314962188531
6979,0.39765420400841806,-0.39857439592655064
6980,0.20254087048770517,-0.3679279342336657
6981,-0.08690129197621094,-0.4502548288318815
6982,-0.10380653546548403,-0.21325674588693966
6983,-0.3379044802295637,-0.3662883701717472
6984,0.4237277905752236,-0.32308233211971255
6985,0.07135197054794634,-0.4270965268554182
6986,-0.35867784722274093,-0.43975125673683785
6987,-0.3472535365247919,-0.4237902375682953
6988,0.2516582459672933,0.06715607027407283
6989,0.20057973932985007,-0.31125943953444934
6990,0.20035461098636484,-0.4289725432945367
6991,-0.2971888072945105,-0.35042408208378334
6992,-0.3381144626358755,-0.40344423518360306
6993,-0.08535595491333917,-0.2974944617905877
6994,-0.18641075804880153,-0.4093947443736543
6995,-1.0888348485631132,-0.098014214958377
6996,0.6209491062909642,-0.3256982627603608
6997,-0.5293152300500097,-0.340636185383124
6998,-0.33022430566222133,-0.37583988191878054
6999,-0.09259183949284876,-0.28289058524812
7000,-0.3546986972855985,-0.3086583631994768
7001,0.5506052163218874,-0.37411387276277175
7002,-0.28440499681118175,-0.33210915137702096
7003,0.5815803068332132,-0.4040175460743285
7004,-0.571309898989913,-0.42551470055058427
7005,0.3232509935092341,-0.459301653562344
7006,-0.10582147986397752,-0.44340712248544417
7007,0.020129112169098046,-0.35872204254479356
7008,0.501702512124406,-0.38494766511872164
7009,-0.2745471155502461,-0.452355198724413
7010,-0.08809376043714676,-0.4421343388260027
7011,-0.5381417728537873,-0.3880595918622355
7012,-0.3015489298546556,-0.10243986372354617
7013,-0.14607921417290382,-0.3524240555256324
7014,0.2356823086509387,-0.04386367008911429
7015,-0.11881220235458964,0.06202290874145164
7016,0.10058224600698412,-0.14205644503932122
7017,0.04979421680390402,-0.3968068836751693
7018,-0.23792422573124383,-0.41913551347420464
7019,-0.014124157776351936,-0.40661719489877846
7020,0.21902962542462323,-0.40238697147308683
7021,-0.1824899757650415,-0.4283784051687557
7022,-0.4644018131236149,-0.39384962097611953
7023,-0.2721323197769813,-0.2609245106010054
7024,-0.07503458824682578,-0.40471486542943114
7025,0.13650988579330167,-0.34661134684194506
7026,-0.252797815746945,-0.40807855398716786
7027,-0.8987207886381553,-0.13768902962083845
7028,0.28739610933332427,-0.2867985120586166
7029,-0.5128168023312448,-0.36718961790292637
7030,-0.10502460297250367,-0.30999100480753583
7031,0.3812548641139669,-0.3323499189726509
7032,1.1712795825248332,-0.08690700580598071
7033,-0.8789015792151612,-0.32370566281181057
7034,0.2735095286187782,-0.27099300656019065
7035,-0.4950690232646221,-0.3211968712878208
7036,0.7964621025787542,-0.235897800515861
7037,-0.1803385715789229,-0.3757864655968989
7038,1.0095281477075717,-0.24685516299083898
7039,-0.08315744834249822,-0.3213672002861352
7040,0.21314120855710073,-0.33773672565856094
7041,0.03216511073132652,-0.3572349478647108
7042,-0.13901945664075976,-0.37353550726321305
7043,-1.2221825293491648,-0.17647872587148478
7044,0.3627914885625251,-0.39363564213647967
7045,-1.2449164017122953,0.08083759809796484
7046,0.8258728575692565,-0.2255739100170756
7047,1.081957087234451,-0.26380904615442907
7048,-0.15145829078932993,-0.3959908936331504
7049,0.18745969655405026,-0.4188229578309039
7050,0.3233704904306528,-0.3867081966240471
7051,0.6455816084824726,-0.3289474286300602
7052,0.4137698398841254,-0.29498148451358447
7053,-0.14041934474169485,-0.3653376763305979
7054,-0.746427877332351,-0.3367296837021695
7055,-0.7941159125123995,-0.25189645987664555
7056,-0.5884443361719345,-0.3940964926126317
7057,0.0917544876686569,-0.33049526669383744
7058,0.3285461397574594,-0.28313337465233746
7059,0.017875069367864545,-0.446629236421139
7060,-0.7974833982304423,-0.4230884292335249
7061,-1.911501038681255,0.430335430787283
7062,-0.6129273022760928,-0.14989325594041797
7063,0.8505076093310612,-0.27676768722237755
7064,-2.258888217947164,0.26375705622890333
7065,-0.32201092295127237,0.6136317573021633
7066,0.37443983764680044,-0.02467178122478632
7067,0.8474423428650308,-0.08670524314423375
7068,-0.8322527944611317,-0.3124321463404778
7069,-0.6859314684831785,-0.4326727117922822
7070,0.7014581781154062,-0.3715054454160029
7071,-0.7562413914708795,-0.36728774439369344
7072,-0.20365740611696317,-0.34293116395601486
7073,0.2309412938892464,-0.3521190883652708
7074,-0.19338685367847697,-0.2976367218782152
7075,0.8775653019248632,-0.41641494561806514
7076,-0.04571480596816926,-0.429887581642049
7077,-0.9375979117767654,-0.3604586953699608
7078,-4.092176699969754,2.765481975020597
7079,-1.640140535234715,1.0844611591389701
7080,0.01580408587228281,2.278400925189143
7081,-0.16994666973164194,0.5033086718231827
7082,-2.812353709583086,1.5845172426057372
7083,0.9169395775220197,0.5852749881261863
7084,0.690509569609658,1.1244090658320864
7085,0.3748275323132356,0.08439733771584987
7086,-0.5372434633112584,0.041868952349416316
7087,0.21751165774601977,0.1519064940325242
7088,-1.598307362963186,0.34012566810746225
7089,1.376360593959311,-0.07543738326998628
7090,0.983209148817379,0.20818971869945285
7091,0.4335969584955868,-0.0011752434325982969
7092,0.2946442358749146,-0.1314746581506615
7093,0.5668913954396219,0.16892979541717557
7094,-1.0374314935175242,-0.14214186693853523
7095,0.2943752046103404,-0.23706236856051272
7096,0.9997465999040196,-0.279334759786552
7097,-0.3084556269405298,-0.34284733399742207
7098,-0.23465577571745427,-0.25850567524981943
7099,0.015990986578742657,-0.302911674269551
7100,-0.13675213229710897,-0.3164217612393949
7101,-0.386038226232488,-0.25240588804353037
7102,0.04277556568295582,-0.333832173836605
7103,-0.7889757680038963,-0.24726883993708074
7104,0.6399285182175307,-0.3065410058187023
7105,1.9562209129046184,-0.06349465590229211
7106,-0.6140327688966,-0.14188505092406786
7107,0.815336984967451,-0.13986200719047126
7108,-0.0833563666426262,-0.08239138109650058
7109,0.34679542663417146,-0.15383733541444755
7110,1.5253314108757041,0.11833497446136093
7111,-0.6710850217116038,-0.11452288133239447
7112,-0.7353168199306586,-0.17508202045541005
7113,-0.31050272223432235,-0.21875831642794763
7114,-0.11346054043271749,-0.07177171694482504
7115,-0.17530418366202724,-0.1427954830453331
7116,-0.21084888755842057,-0.29156375370883114
7117,0.38567204552476975,-0.2520678936568781
7118,-0.22274396682334915,0.11068228396211341
7119,-0.24318787734618108,-0.3280201624268314
7120,0.43253923615952333,-0.2399286450963221
7121,0.46648263238330495,-0.3051710034953051
7122,-0.1591648877580165,-0.18976959137731628
7123,-0.44539261003243036,-0.34625582348867306
7124,0.526610689585797,-0.3532577944873323
7125,0.44077026516450823,-0.3031309332121389
7126,0.23296402726802126,-0.15871764516182368
7127,-0.31175331281594915,-0.25626392665733144
7128,-0.6598457448473306,-0.32154330160528444
7129,-0.1519206249706591,-0.37089118340880695
7130,-0.078751597859133,-0.3298782838894826
7131,0.09943840845266101,-0.33336628983358574
7132,1.0994397382537235,-0.14757998573196973
7133,-1.214529528932174,-0.20307379073134413
7134,-0.6163176159339474,0.1858687979852407
7135,-0.8785494640854743,-0.053351094039139985
7136,1.2818944149268632,-0.23410013474343816
7137,0.615432366464467,-0.3265858149465541
7138,1.1678744892934245,-0.1298357851799691
7139,0.41676294262053726,-0.08832753470328795
7140,0.08882738201270998,-0.19043571429346048
7141,-0.6248159217177006,-0.25258638883970846
7142,1.2553780211173726,-0.09746611262595042
7143,-0.40280472755760544,-0.15517519837485944
7144,-0.5540892246275492,-0.2863303141859226
7145,0.5160302618921376,-0.25000691159126065
7146,-1.0195994774974824,-0.3082332821827252
7147,-0.7031647439827545,-0.22588940803725976
7148,0.15056340207180272,-0.35224911952953897
7149,0.6611860625907107,-0.3667026285343691
7150,-1.066316141806451,-0.2823342781315793
7151,-0.31069429695188827,-0.28745539624863653
7152,-0.627829355366028,-0.1778465458227987
7153,0.8429889154374296,-0.2671791736887437
7154,0.2569259234773048,-0.30280543141601823
7155,-0.6476498286394401,-0.3359877034943631
7156,0.032287139502866706,-0.4001101261763637
7157,0.18699423635011336,-0.3055704178027718
7158,0.651600774844829,-0.39195296241007316
7159,-0.004279783435724501,-0.4078926689820271
7160,0.864169573476064,-0.3268496613882885
7161,-0.23268273695670527,-0.3339231167183533
7162,-0.17186073460024448,-0.4030983699051773
7163,0.44474275626190063,-0.4191303399591531
7164,0.14807908987623888,-0.4433408742513407
7165,-0.047221158938098064,-0.39660783253290277
7166,0.2105641260738444,-0.3837023898783796
7167,-0.2459019565072447,-0.4994433523009889
7168,-0.07702456689791284,-0.47813642159238545
7169,0.43230649209941074,-0.4458380009870595
7170,0.033770006968772845,-0.367606477246925
7171,0.35866703619695245,-0.4611995163723559
7172,0.3248123798101235,-0.3563435840129062
7173,0.1504141652943345,-0.3939663330347033
7174,-0.4376256181504932,-0.36325484624014903
7175,-0.3470369895048124,-0.13837941956263833
7176,0.32937551094430095,-0.28032324729087543
7177,-0.34950909309691836,-0.31331860878806855
7178,-0.8753467812363187,-0.31427566884836056
7179,0.11529667810889775,-0.3617960353190539
7180,0.004050735465571451,-0.357055849181251
7181,-0.3688671511193474,-0.4641338127930384
7182,0.09557614345442039,-0.46086416324246426
7183,-0.21383299868638522,-0.4506115065663584
7184,-0.2661946388194402,-0.33779748643285257
7185,0.2191568422756537,-0.46924739239383817
7186,-0.09223473144584964,-0.3828118489666335
7187,0.2568628824854506,-0.41847967684135695
7188,-0.05576496848923521,-0.4663103580394037
7189,-0.2673655149071951,-0.45608790620837775
7190,0.13066914303449625,-0.3665348840867794
7191,0.1742152906531648,-0.3127040351491502
7192,0.021773462191021033,-0.3726159622015948
7193,-0.01588589631326752,-0.4894409691061943
7194,-0.3084045004446795,-0.4762811705743636
7195,0.09001219139624884,-0.47430593751664407
7196,0.1917303623225146,-0.5095335348506707
7197,-0.08977765360249046,-0.48157272557830877
7198,-0.253874465971976,-0.3971210257937754
7199,-0.31031725265848475,-0.2926665419457158
7200,0.12883617705871542,-0.3479959728735417
7201,-0.19140278740572725,-0.44414109072176705
7202,-0.5093528299705409,-0.32168596593010496
7203,0.16807205496214586,-0.28350009708727675
7204,0.49751066481667877,-0.48824355542703185
7205,-0.2112061694095329,-0.47045789159179885
7206,-0.5898145825188268,-0.4323928174358471
7207,0.32363048057991606,-0.4206942950587611
7208,0.14147228266388653,-0.4635003825254205
7209,0.014948842737299082,-0.5048340275047127
7210,-0.2683526091419145,-0.32410616802208997
7211,-0.15079106239792608,-0.45315471288299924
7212,-0.09807064348466073,-0.5255331954865803
7213,-0.35593150752653707,-0.4121312037884205
7214,0.33752977372997117,-0.4506301281158179
7215,0.06921945272408785,-0.4499820952470279
7216,0.0660539381651883,-0.42692452398779873
7217,-0.048475125621023504,-0.5162877950237751
7218,-0.02244440802051713,-0.4996942578191879
7219,0.08113585100109628,-0.4576171360019444
7220,-0.20749933283659666,-0.50358724929873
7221,0.338226055154798,-0.5130577441945396
7222,-0.3805727882794455,-0.4804655267465058
7223,-0.2423186816033907,-0.5055008271620811
7224,-0.1685593208580112,-0.4068348553300138
7225,0.6622055597187065,-0.45606179655831114
7226,0.03974443403467287,-0.4608767202058059
7227,-0.23339015574381733,-0.4345316778306499
7228,-0.15199498440155762,-0.44429307937381934
7229,0.1845368125041861,-0.4345644472138247
7230,0.008141701461721756,-0.41837013558341885
7231,-0.09343788978918116,-0.39747021093853274
7232,-0.38753784751422177,-0.32112139128330236
7233,-0.001696787999101058,-0.42485185844583384
7234,-0.09319967195165849,-0.48208703621466864
7235,-0.0936794275678356,-0.3907950130470931
7236,-0.6210031909217294,-0.08073535082065686
7237,0.3713783785227292,-0.23073703952311828
7238,-0.16175950826142663,-0.31528940816430656
7239,-0.4630120233612067,-0.31577307334657084
7240,-0.3387894299301556,-0.3535908420376559
7241,-0.5760001813469168,0.06274345745415838
7242,0.6118035700262138,-0.37593881974451565
7243,0.3738155814379606,-0.39230184673365187
7244,-0.5314925242015093,-0.4328002298092908
7245,0.3429117072188048,-0.4662274485249461
7246,0.6609994073841111,-0.4194637893361314
7247,-1.1281681376067505,-0.4330605257668097
7248,-0.4987130150579142,-0.3306700297643797
7249,1.163266793086735,-0.37189931649626623
7250,0.21891862805820234,-0.4153083370585605
7251,-0.09234325421436158,-0.45805653345030306
7252,0.10804410838568088,-0.47601935147631513
7253,-0.8881551533204972,-0.45713148485674704
7254,-0.8773585782912481,-0.3364016101548735
7255,0.7537234203465566,-0.42023153497576593
7256,0.5765641325579303,-0.42895321605326453
7257,-0.01966793328173442,-0.4739006156656172
7258,0.3039942389585225,-0.420462427372566
7259,0.6093010280817573,-0.411648025741585
7260,0.04465172066166773,-0.414358808838643
7261,0.3848054650499485,-0.395328404262055
7262,0.24626888498923846,-0.4477325965379214
7263,0.010060203454865977,-0.4461789497247773
7264,-0.5147234129383784,-0.4431804892730298
7265,0.35202205448047724,-0.46617830470067695
7266,0.08258422800781484,-0.46873444947906295
7267,-0.10046704212822044,-0.4798315816017754
7268,0.3064393717403741,-0.46216964472494315
7269,-0.22062165310749995,-0.4774914813793584
7270,0.05845730412321673,-0.437163665499195
7271,-0.044434301559213414,-0.39035320703366994
7272,0.11569006841842268,-0.49438259613765706
7273,0.3942701352306258,-0.43236446762770303
7274,-0.13100926058042162,-0.4497015855308627
7275,-0.4448607780500042,-0.4033867581172064
7276,0.0741421943908173,-0.4668202727106139
7277,-0.14305795933298512,-0.518742089333784
7278,0.5787649893707123,-0.46632899104617315
7279,0.06013729720418525,-0.5111430436268709
7280,-0.1918711105302438,-0.4890979980322839
7281,-0.16602177680999106,-0.5030330205308041
7282,0.1630454671113273,-0.4936017382455774
7283,0.12178717274743295,-0.4473823653523498
7284,0.034731251831838325,-0.5286986522116817
7285,-0.2066978592272316,-0.5224546159983681
7286,0.21396738812183255,-0.5249254667219334
7287,0.021304444814645218,-0.46939377958316697
7288,0.08598658247122905,-0.42618115456208183
7289,0.14736173193695173,-0.43730282581580554
7290,-0.22351516093204013,-0.518370177934776
7291,0.15806732275542504,-0.2929841507260536
7292,0.4986842260758289,-0.3450164271021352
7293,0.531754141491461,-0.15214129589152525
7294,-0.6883859001772403,-0.35247618599615
7295,-0.5248936362751881,-0.413826424085792
7296,0.05167959924341426,-0.4084475053787554
7297,-0.2583413866046441,-0.4798835044497324
7298,-0.06530890196658357,-0.3817317312906767
7299,-0.36799014106302097,-0.4601618919895566
7300,0.05158903045814961,-0.46519465842167385
7301,0.11823725292801766,-0.5047320689320987
7302,-0.4718438806362229,-0.47109829690259675
7303,-0.041017560372452924,-0.4546280807552743
7304,-0.02081211985062585,-0.486981487716035
7305,-0.05346603246277059,-0.5191015522387817
7306,-0.5895200091236718,-0.3505335319263795
7307,-0.1136219545842517,-0.36182615554104164
7308,0.08433614121469314,-0.4037168310053959
7309,-0.24256818611583894,-0.4772101650387711
7310,0.7691988952134966,-0.39645978537421744
7311,-0.2994459665825318,-0.45284950825332937
7312,0.3422291345392736,-0.4495082822514108
7313,0.07753713653533534,-0.4477528950760685
7314,-0.01642343879457367,-0.4778785964796426
7315,-0.35674918990223375,-0.5070182530171097
7316,-0.051746898672583044,-0.46649373789257553
7317,0.18739609132443838,-0.39317356326495984
7318,0.3243005939442651,-0.4552218327152204
7319,-0.29604836631042253,-0.4543191063306796
7320,0.20763370328249586,-0.4617124129965654
7321,0.6247769625366812,-0.41759845582253274
7322,0.18004035698950746,-0.32262216674938965
7323,0.07161044532485737,-0.4198359532999354
7324,0.13579936251573885,-0.32233532340916143
7325,0.13370026755841527,-0.2871885934694516
7326,-0.3477587426323857,-0.19026403766005365
7327,-0.19551191338652688,-0.34187071711121
7328,0.38543553449723683,-0.34924630712210203
7329,0.7245733262517254,0.2060616087840514
7330,-0.2178323913523199,-0.1328420925016075
7331,0.12899834029526067,-0.32690771996222256
7332,-0.3064703192791763,-0.3000034256571858
7333,-0.28763929604547905,-0.25948810251570165
7334,-0.10760095327945823,-0.3695137773959144
7335,-0.17883730501653056,-0.352299179824355
7336,0.3365272058601753,-0.36589488206783477
7337,-0.026223987998066717,-0.3977608857145142
7338,-0.333874510767507,-0.3900738702325054
7339,0.20917441097554476,-0.42206131335856045
7340,0.48289907341929383,-0.36394078146141495
7341,-0.16034687935592876,-0.4229402211612401
7342,-0.3431070034621921,-0.4407967090195986
7343,-0.15747063536587616,-0.38378809480947584
7344,0.05105621722383451,-0.47949087555696096
7345,0.07079161220853122,-0.45304424238590213
7346,0.22454738868008542,-0.3849793267535373
7347,-0.20532596727135813,-0.48031371963409963
7348,-0.9113877101366419,-0.3748442026178741
7349,0.3792327422185093,-0.44753655670279036
7350,-0.6286253883862334,-0.4118769288624787
7351,-0.53189506408596,-0.3471437390306733
7352,-0.8783761451726599,-0.15305068800504104
7353,0.2300276531187365,-0.3202573942058433
7354,-0.44268905154236143,-0.3312813682294814
7355,0.85207518333256,-0.39085370536865593
7356,-0.3185553867232729,-0.4416093063846195
7357,0.45250981504853766,-0.4866675365785688
7358,0.9756201635270476,-0.3238218400655515
7359,0.1342455699777651,-0.30573056817117567
7360,0.06984095116413527,-0.4104741432265947
7361,0.10214127328525127,-0.4144278253127078
7362,-0.10127688906340405,-0.43414974721160626
7363,0.3605299033984058,-0.4237365923440517
7364,0.49747451664592685,-0.4447015521537221
7365,-0.09468286950037022,-0.4296782809931974
7366,-0.23607921933927814,-0.335788738916452
7367,-0.11813007887084348,-0.3282113055156286
7368,0.06133193046164132,-0.43838074747831357
7369,-0.22189703096668967,-0.3969927828661064
7370,-0.9247669981036977,-0.25162571039078807
7371,-0.00787952374935684,-0.4090573283219903
7372,1.3461540894167787,-0.00524722773227973
7373,0.8773243674331954,0.203347686520706
7374,0.4623940476408106,0.1371339582309202
7375,-0.3969761658023954,-0.15863092064635015
7376,0.08416968524427856,-0.39466876261206724
7377,-0.0942473165845259,-0.3969783209362283
7378,0.12355247125855451,-0.4178377054795661
7379,0.18014379896614047,-0.386429832606642
7380,-0.13708981910793933,-0.4564173769478522
7381,-0.07103293414634351,-0.4423117972567187
7382,0.37579275315152594,-0.4048706567796436
7383,0.4209469640412221,-0.18481941812517128
7384,0.15070577942272292,-0.39043465491220364
7385,0.07581964636835657,-0.32390912985501563
7386,-0.13954797370784888,-0.35317799925901394
7387,0.8765171217775505,-0.28996297789287606
7388,-0.2137787702831071,-0.18582645327195915
7389,0.09672345146614245,-0.3448816106129778
7390,0.041697491486366804,-0.4200842587067131
7391,0.048429240556162004,-0.3683914944765843
7392,0.009918538751194408,-0.3385696341354293
7393,-0.21634684771755522,-0.40556738508649376
7394,0.47056508288985677,-0.24959239722705798
7395,0.1851964099575739,-0.35874656803566884
7396,0.6405281072157951,-0.26905290986608726
7397,-0.19273665264033857,-0.36112619676923075
7398,-0.04667243515792495,-0.36546526191934015
7399,-0.40790148560402134,-0.37865056282349807
7400,0.3898215047030354,-0.4127387479770305
7401,0.14900974412569862,-0.34709798655191987
7402,-0.3656629891798265,-0.3743526966951363
7403,-0.055804443165288306,-0.36882408844018877
7404,0.08123543491690292,-0.39166950145209006
7405,-0.15116987110979113,-0.38368436913804815
7406,0.37802978408871263,-0.4103756420208122
7407,-0.16204216567831825,-0.4400191072209789
7408,-0.4785405140396726,-0.42816902907823795
7409,-0.19530384332614664,-0.3214714554424806
7410,-0.25939450160189037,-0.3198875768156564
7411,-0.29817040813226414,-0.26193699607154064
7412,0.8971129705007307,-0.2443226435663864
7413,0.019468154517619116,-0.10271960372396918
7414,-0.21278154419018616,-0.3281646805686789
7415,-0.296146340030724,-0.35541737252520483
7416,0.24523349278004847,-0.377004985196012
7417,-0.10158493536459057,-0.3912111624283992
7418,-0.06830941274805166,-0.384551408562367
7419,-0.0180307704663868,-0.4169173817880304
7420,0.3812697316252645,-0.25676540379736934
7421,0.9711853130259265,-0.19940541539570023
7422,-0.31972464403112055,-0.08996420670143143
7423,0.7689409432342997,-0.2261553413920285
7424,0.5447770772238442,0.020481186323477354
7425,-0.39847061902471453,-0.23285224767599177
7426,0.2453342686073925,-0.29804068337585826
7427,-0.34698614043561554,-0.26249777397906693
7428,0.2339732264966279,-0.32188038536870567
7429,-0.4422219038053224,-0.3167638565654265
7430,0.9077761477625659,-0.28527967779167307
7431,-0.23848480092184235,-0.18985368094155447
7432,0.15938018684216554,-0.33589804277032653
7433,0.03319265302687537,-0.3513847927142787
7434,-0.08315030876954135,-0.38844215804440263
7435,0.2272389606436702,-0.35460136450438795
7436,-0.08331093306991853,-0.2839372387966818
7437,-0.2530922359428419,-0.4177517778692552
7438,0.40156647610953755,-0.40501948804407106
7439,0.3163275079966349,-0.3732034823138181
7440,-0.09626001195764233,-0.4422442597819531
7441,0.4165749593133418,-0.3638303547579381
7442,0.5635769688610164,-0.2439741999811638
7443,0.38746443391790475,-0.2713917213862686
7444,-0.6386935757633698,-0.37811131810314585
7445,0.2475219271582998,-0.4043916887298096
7446,-0.2368074874893457,-0.18950532684087995
7447,0.05935645369043999,-0.3782151020291117
7448,0.3021202841142445,-0.41679343936845126
7449,0.01994988667552259,-0.3478693545650995
7450,-0.5055961881405396,-0.4549528140347564
7451,0.21962047944754712,-0.4638263172623287
7452,-0.41646263958349633,-0.3545316691000968
7453,0.03844438134284266,-0.4560001324628357
7454,0.46201736520025166,-0.3975886758715121
7455,-0.2661987258530863,-0.519491733439285
7456,-3.4616856877434112,0.4803577749201573
7457,0.4795778040880681,0.6119249111101156
7458,0.5707654849078065,-0.16862994531947395
7459,-0.6973831152512565,-0.24857537499365678
7460,-1.0821698118028984,-0.163844682643153
7461,-1.219923878169559,0.21581227701404782
7462,-1.8570664478989947,1.074439369127132
7463,1.9589004078501155,0.3482492555752752
7464,-0.46644973577374677,-0.0800414058585301
7465,1.7755908100545434,-0.019475046109149977
7466,-0.3635001770392424,-0.2873134060268291
7467,-0.19933055102500524,-0.4665295954159646
7468,0.17111931533158736,-0.34696411393529564
7469,0.11955916970393912,-0.35143453285223786
7470,-0.21993908830139047,-0.43815532571636284
7471,-0.9026551544463457,-0.2617997832301178
7472,0.5165071660462587,-0.33531947228633513
7473,1.4766427525830568,-0.09781985338455709
7474,0.2833042849689906,-0.32790380810614356
7475,-0.5556879461186103,-0.3691423064050009
7476,0.18719202981108293,-0.4594524769059135
7477,0.17089000187223116,-0.41177457588679856
7478,0.0432209685718015,-0.343458327928394
7479,-0.40232152678633704,-0.4357293148967676
7480,-0.3464304451104818,-0.4355520315657634
7481,0.08363734095187195,-0.46896087550842774
7482,-0.09251059563732565,-0.46886535921556316
7483,-0.08333182486911461,-0.4180989176872799
7484,-0.06450695400633526,-0.42216453047871816
7485,-0.18656530654128856,-0.43121126965312784
7486,0.3370924709168047,-0.4248305911425554
7487,-0.3659486264355886,-0.40070160664897786
7488,-0.4281941191952157,-0.38555238511256995
7489,-0.073594755781347,-0.3853277127256871
7490,-0.16999415096234338,-0.37666313639663873
7491,-0.6758094605972657,-0.3828260740457328
7492,0.3876932656853245,-0.4108705336302013
7493,0.249276855885754,-0.33612915314203295
7494,-0.00595631776065371,-0.3836530751189957
7495,-0.06316467993177459,-0.3649131827112201
7496,-0.9691372961744185,-0.27812484970738066
7497,0.07983182303076938,-0.24545214055375716
7498,-0.14131176713008264,-0.28619356990372247
7499,-0.09818288982896861,-0.3177822987936763
7500,-0.3399206753205491,-0.3183029279270431
7501,-0.1242307404333663,-0.3281500252438604
7502,-0.41789637856168693,-0.26595106265733526
7503,0.08194282056788141,-0.3005500197106876
7504,-0.7425765209808438,-0.20467212302852517
7505,0.5852008574107138,-0.3332665166536647
7506,-0.6635815980882683,-0.36608254257598943
7507,-0.44647849017797503,-0.3222591966819301
7508,-0.08073283573525651,-0.3641605226774044
7509,0.33835570377453944,-0.37927697123215226
7510,0.3989708603795859,-0.37695986387334385
7511,-0.3577498085278017,-0.4339981816456555
7512,0.27894011123057894,-0.3858342323449421
7513,-0.7131833697700468,-0.3271260771126288
7514,0.16953386179443333,-0.3933532331668973
7515,0.4152121626970047,-0.2696108644350177
7516,-0.8856608345422762,-0.19278671410170023
7517,0.02181588087820408,-0.2874761752771221
7518,0.9355287396018589,-0.27232864089709863
7519,-0.7627990745605484,-0.40092163185009655
7520,-0.6937917554692384,-0.3152883202893912
7521,-0.6678932912448137,-0.14593598929703427
7522,-0.5405843036135091,0.3017463704040184
7523,-1.3169902904253465,0.4026393149585179
7524,0.6677111753912729,0.15637990842248134
7525,-0.6365623073381943,-0.19451063664730467
7526,0.09630846711847903,-0.050304443263277696
7527,-0.5115810033706233,-0.06146715245654022
7528,-0.27363317384252983,-0.1451438889325211
7529,-1.4919344853655914,0.38673395429329605
7530,0.048278241204993834,0.35004347774370403
7531,1.1470879996346384,-0.24590130280654288
7532,-0.15586674711835807,-0.1922542526012242
7533,-0.27250338297496224,-0.334550552154969
7534,0.3668299202229563,-0.38690910047185073
7535,-0.5611026106929569,-0.38269273361029377
7536,0.9930522996741302,-0.4061580646456863
7537,1.1540472400782669,-0.3302708459115431
7538,1.0054613751252524,-0.17177257652368708
7539,0.8238736784271696,-0.07931598855721383
7540,-0.5059795107140445,-0.30347040206875375
7541,-0.49020492901581886,-0.23098650989915917
7542,-0.22641864414710006,-0.3313499894022105
7543,0.011611929971256417,-0.30734113647808226
7544,-0.09303578223509296,-0.4888279377286749
7545,-0.548158297472634,-0.41231823025487063
7546,-0.1476331900469466,-0.2922825086180539
7547,0.3068497132030264,-0.30132626211815794
7548,0.5337530397642799,-0.278716995557452
7549,-0.5524462378348189,-0.43033828430012916
7550,0.23596727248257687,-0.42147591753980157
7551,-0.3541552940453795,-0.38618784781041543
7552,-0.16646168344291853,-0.42991976717810726
7553,-0.8064209761731601,-0.39309673605797335
7554,0.6762457738330051,-0.46281064729133703
7555,0.5079457336527954,-0.48075222223469205
7556,0.36243695075873644,-0.43073206484658483
7557,-0.5205707152366463,-0.421586840690926
7558,0.2503107792667701,-0.41920020738016894
7559,-0.4857434635153825,-0.3962127136981669
7560,0.9754882856276137,-0.38313804089525494
7561,0.21670962798521928,-0.40131040537552626
7562,0.3797531445368238,-0.3796378237574234
7563,-0.3616677684094892,-0.3528653568549359
7564,-0.012069374831162848,-0.3801822424245208
7565,-0.2820187746184872,-0.43736649683535056
7566,0.12439236790732025,-0.4182556825321762
7567,0.589525806536779,-0.3582261095279288
7568,-0.4589903744175073,-0.47372460048117854
7569,-0.15654787559434036,-0.4014482460742147
7570,0.3432841781789524,-0.42888390221668127
7571,0.12911613720903428,-0.4841076978103459
7572,0.44725000159643236,-0.36501788237431376
7573,-0.21016053025260042,-0.4759369854783436
7574,0.2527219655060595,-0.45019776339663686
7575,-0.15492298423663742,-0.4245345973187178
7576,0.49699280491449027,-0.4570026603939501
7577,0.1576243140392867,-0.3948443445006998
7578,-0.07604083652229295,-0.42986695314822043
7579,0.17660454225403457,-0.44458996363976633
7580,0.08020958188661291,-0.3157078539664531
7581,-0.309735212960606,-0.47747443983558424
7582,-0.08678194157103321,-0.29398919579764415
7583,-0.29322778550867706,-0.43537542089532716
7584,-0.537659956175225,-0.4047782755427583
7585,-0.2683257504440907,-0.3897353225891792
7586,-0.3232206817413438,-0.3873407883923193
7587,0.21972164961709395,-0.41662133158493897
7588,0.1497719056066496,-0.43443819938753897
7589,0.10766924481224822,-0.4099939081213779
7590,0.4766033857730171,-0.4186694913053656
7591,-0.48156428620820096,-0.4364147912673568
7592,-0.7443210282621444,-0.37117442543883805
7593,0.33246245707890043,-0.4520060864814502
7594,0.11205137391325402,-0.4251319421559897
7595,-0.26145551766541975,-0.46528901333577094
7596,-0.5364472944070294,-0.42020252338240605
7597,-0.10817557612275296,-0.33328278099724673
7598,-0.22437654014702013,-0.2639273144733897
7599,-0.5876038265844749,-0.31113952159737057
7600,-0.39965651587580975,-0.2038804850024698
7601,-0.7077951875093182,0.08750825741968965
7602,0.7443309984839162,-0.24674235725082966
7603,-0.042360043884634206,-0.4049552814081906
7604,0.517318371088478,-0.3929047272879725
7605,0.4306288464026279,-0.33048498338419235
7606,-0.08191297548100919,-0.35672122552137636
7607,-0.44264759365344963,-0.33574625869252506
7608,-0.6698471371687497,-0.32620229416806357
7609,-0.08717254415127486,-0.3169943322859325
7610,-1.1865601050082968,-0.07355414149673035
7611,-0.9423755585427613,0.48533850498511666
7612,1.042260386263205,0.20625538990210635
7613,0.64024092203184,-0.055935444003056695
7614,1.7746309987650912,0.26174706688046134
7615,0.2167342136856919,-0.05942296677596644
7616,-0.16122903823358503,-0.17613731027002083
7617,-1.4285700058438988,-0.05327357007389583
7618,-0.5307005319869327,-0.10554088679620915
7619,0.7215540858239831,-0.07892621547972234
7620,0.23809463229362726,-0.26254944285931553
7621,-0.20459482060684933,-0.27709790727821515
7622,-0.46102166994616806,-0.19602602041811154
7623,-0.709504885107987,-0.2515724564009669
7624,0.37843645777122226,-0.31570741039662387
7625,-0.30189853950845935,-0.30625900251625654
7626,-0.4565850151089083,-0.1948999720090672
7627,-0.29745158230071433,-0.3092913674941855
7628,0.6724360869508985,-0.033301747093793604
7629,0.19771104088352512,-0.25470285375045343
7630,-0.16280277931582593,0.3411724808416838
7631,-0.1893163440018565,-0.27804585473605803
7632,0.7232079896202817,-0.16887768101286044
7633,-2.224770188360904,-0.06403665386460039
7634,1.9074525728842326,-0.017355388597166482
7635,-1.2608898632527,-0.13062805521155602
7636,0.891847114149168,-0.35747137986302546
7637,-0.970463752424136,-0.23405281217991927
7638,0.031875560731021,-0.32803335306848025
7639,0.9640501195706389,-0.37856701238266427
7640,1.3946612135976297,-0.2675271606939086
7641,0.6134208698240804,0.02300038218354422
7642,-0.9759105392581876,-0.18820854980602725
7643,0.7266250460996833,-0.1650853058747062
7644,0.16076312611442664,-0.26872761111261834
7645,0.5898830236112279,-0.3670731889823837
7646,-0.5222170075181666,-0.26893488021772943
7647,0.2138447355357477,-0.41165079296715135
7648,-0.3211772287998632,-0.3561402585474605
7649,-0.13333102817665107,-0.4620609770616317
7650,0.19788634382579945,-0.410362904201489
7651,-0.36928634068913324,-0.4164655276520888
7652,-0.573476823058925,-0.29845942038682227
7653,0.6631482593134578,-0.3727072450358453
7654,-0.4057240465950104,-0.38644165137307107
7655,1.0322239948284138,-0.3595531964620208
7656,0.2727788025750423,-0.09419652076258503
7657,-0.7074763900441275,-0.26697687918159435
7658,-1.1964701942264924,-0.03538555741025703
7659,0.553194917455189,-0.3883688028555268
7660,-0.6041839776582709,-0.30132260564503976
7661,-0.009394710251951969,-0.25591917350674265
7662,-0.0955093346964415,-0.21614860907963435
7663,0.20710528204401102,-0.3393221995135971
7664,0.7901470914264485,-0.34715864472072744
7665,-0.78849209128635,-0.37165515022094275
7666,0.32969223810893394,-0.38999296672829276
7667,0.48774398323953605,-0.4140142170547728
7668,-0.1064265538259897,-0.44357441204967607
7669,0.31188247155888926,-0.44431272660515786
7670,-0.07124567864909284,-0.34049604747600104
7671,-0.5323315894241611,-0.4240745856621639
7672,0.18596998243075014,-0.36750687369606583
7673,0.41673314592569494,-0.4239478950980754
7674,-0.08353247707650546,-0.295007408773439
7675,0.14231160441160623,-0.3614785273581068
7676,-0.26143550005973676,-0.3392151100794348
7677,-0.34371927209682795,-0.12711174759259297
7678,-0.4661029365933271,0.004215521925668042
7679,-0.31259823285985516,-0.3359942843212286
7680,0.11668507236603237,-0.3933736210073642
7681,0.0032945612676601108,-0.40475354700687105
7682,0.2846378219409777,-0.3125482432393492
7683,-0.1622230200799261,-0.3969535741129691
7684,0.06856481919773608,-0.4328914788393087
7685,-0.2716501473092286,-0.4665961690298881
7686,0.5863015542736151,-0.4044417924361089
7687,0.043983594559105894,-0.4032263578906576
7688,0.008734945675935408,-0.37789144283081544
7689,-0.5306519614930378,-0.3932245338182069
7690,0.0213668313614006,-0.3816256883779503
7691,0.602972379084371,-0.32176560678266686
7692,-0.1496185320645943,-0.38488928373172804
7693,0.1493435132061979,-0.28679428909822435
7694,-0.07668601623534883,-0.41099892017923745
7695,0.2571965306317791,-0.35142007247551715
7696,-0.3115570163843272,-0.4409697196759106
7697,-0.16787464876256752,-0.4317896994734158
7698,-0.3095618988522284,-0.3722721530751225
7699,-0.07584304893288468,-0.45502765207018414
7700,-0.17259024965473824,-0.4281224942002643
7701,0.07272324521227105,-0.4220020122463449
7702,0.40357713451877014,-0.37712170551334184
7703,-0.2003491776998204,-0.3907241244112186
7704,-0.44746258365047825,-0.3879464259962293
7705,0.23274344386468973,-0.43770769065861226
7706,-0.1768346545545436,-0.38192123941498685
7707,0.3847844085920813,-0.3844778323676086
7708,-0.6892464216126581,-0.4030595017381632
7709,-0.7215429462439168,-0.21323340238826896
7710,0.4049934591239142,-0.33134450791280046
7711,0.3739625441245109,-0.3962873948707991
7712,-0.7817303294076788,-0.2817006729730521
7713,-0.567754153192665,-0.02173964985494234
7714,0.6524352761325206,-0.26169880971446435
7715,-0.23562507141762726,-0.36853722621722146
7716,-0.2626207740574888,-0.3852157604338932
7717,-0.358979059731467,-0.31269925356465467
7718,0.4080400823374133,-0.2288221800725706
7719,0.20149603968268318,-0.34307106671588117
7720,-0.33088382303723657,-0.3482880024676273
7721,-0.6508126402236526,-0.17626247326702707
7722,0.33491860029611564,-0.36914422782096645
7723,0.11928531127190754,-0.39900093224192884
7724,1.6152830187221798,-0.02466815886654322
7725,-0.30346320163037266,-0.2761912310476342
7726,0.5267232984400453,-0.28029705140676225
7727,-0.3995337309023995,-0.36820370571507677
7728,-0.25917572616419216,-0.4436925927407025
7729,0.1631548444053819,-0.46272858705552194
7730,0.019279573932993198,-0.38688983857009906
7731,-0.24458582783043087,-0.42534492412496894
7732,-0.38984949873721764,-0.44147050355486606
7733,0.24739002598528487,-0.5022539967344958
7734,0.2849900146268525,-0.4859696025559495
7735,-0.050979143756003424,-0.4593880460329288
7736,-0.5756027401166066,-0.452415518376887
7737,0.3114972554420676,-0.48227073741103765
7738,0.035821261912017364,-0.4523791635105233
7739,0.08874765925126257,-0.4131857334321523
7740,0.058777328229758764,-0.3191173612467352
7741,-0.07075554519670704,-0.48777148202022913
7742,0.594517779678046,-0.38864814074572973
7743,-0.05373864218707243,-0.3880162406601963
7744,0.4601253938245048,-0.3669767636604708
7745,-0.2668622808715794,-0.3697097780622213
7746,0.23185273578042398,-0.4070278347062567
7747,-0.31478435875159566,-0.41861594141743563
7748,0.2774991237905899,-0.42068743243812695
7749,-0.1791720167414826,-0.49620381193408486
7750,0.2115774887401814,-0.31737469966871934
7751,-0.4777099330751328,-0.437911939597443
7752,0.2869019365843498,-0.4898200357745478
7753,0.060739380617591494,-0.44178661920767454
7754,-0.416045763282101,-0.41082417259998744
7755,-0.44223452718862155,-0.4682002260991381
7756,0.4990642469487461,-0.38892470564714554
7757,0.46553147370486647,-0.42065111524544485
7758,-0.2614551367981957,-0.47892130263892263
7759,-0.11488644823256677,-0.4714742136647107
7760,-0.35673754262024543,-0.36892576289811113
7761,0.06913737867921595,-0.4464233320366832
7762,-0.16675920161821428,-0.44894048713354645
7763,0.30429963907914803,-0.4073239056528753
7764,-0.2640520038319682,-0.4667390983078275
7765,-0.06611426587278676,-0.4122258683948442
7766,-0.16632038199752042,-0.429236299782264
7767,-0.5697060921532116,-0.15063120066524768
7768,-0.383627849671442,-0.22911009854135714
7769,-0.27569301139509156,-0.23118524309861493
7770,0.3144700115827416,-0.33740459322157956
7771,-0.2688830636596626,-0.2514183171658907
7772,0.5662398286595516,-0.1612556592507086
7773,0.2587688844182884,-0.39447339795235015
7774,0.09083400173357827,-0.40092675591994364
7775,0.044544733587484765,-0.43437676071645237
7776,0.23450313708647402,-0.43886920196547285
7777,-0.17847660605217633,-0.38998077297024186
7778,0.11938560494725337,-0.4379576295676034
7779,1.1730719047438918,-0.20858957399609784
7780,0.6778447000887041,-0.0694989050835309
7781,0.7953784235082101,-0.14681848148032844
7782,0.9803316119710126,-0.024404696531747053
7783,0.18962226138000124,-0.07097453431463804
7784,-1.2214389772974006,-0.12461678722446148
7785,0.2256399009715268,-0.2834765310406778
7786,0.2162668447894207,-0.35311295034249873
7787,-0.5651571102995594,-0.33857001416724286
7788,0.13002089399470299,-0.3603825492792174
7789,-0.07565086999821667,-0.37318370469764894
7790,0.0072690717087793965,-0.33588484291252096
7791,0.2122379410769853,-0.36630057466742383
7792,0.3333339536171711,-0.36496289037912916
7793,-0.36029799393537154,-0.3728313588447698
7794,-0.054046183349622974,-0.4156991093071515
7795,-0.11558104298655145,-0.45144799748457165
7796,0.23846126486228908,-0.4709714393723776
7797,0.028670597292831494,-0.43844346169582904
7798,0.04670075561203331,-0.37928317426237546
7799,-0.05490008100721185,-0.47061143865295424
7800,0.17624824567086209,-0.38266779217215063
7801,-0.12290672188763255,-0.38850480607851895
7802,0.2092772435235996,-0.4090179414640708
7803,0.016178906840656593,-0.42394191627858313
7804,-0.42383649588321565,-0.2789420875164592
7805,-0.5786825768916353,-0.1594174364154057
7806,-0.4501261636477172,-0.2166643977697204
7807,-0.5356083904360888,-0.1552975146421675
7808,-1.0226357887431707,-0.19781695557560094
7809,-2.246890454213484,0.5063983206152687
7810,0.8851494430615301,0.05091804541637596
7811,-0.13631807356987685,0.027868874396772825
7812,0.7570749960982822,-0.20467381135615778
7813,-1.0705075894095148,-0.05803787688870768
7814,-0.49568480169410356,-0.05491439979313427
7815,-0.35981701147551576,0.29755695181850483
7816,-0.5960294661436573,-0.1101486250824215
7817,-0.2840348087445463,-0.1518320548378017
7818,-0.2924131063133509,-0.0596228590479166
7819,-2.300498155165997,3.2049805395273463
7820,0.19065679614672026,1.093314755939931
7821,1.242256828296929,0.9870961981000744
7822,0.1211551313739021,0.22585723442742978
7823,-0.3349181647917317,-0.006317082682338326
7824,0.14944321579544198,-0.27265125937765256
7825,-0.07449879202733496,-0.3425725556699325
7826,-0.6604598957603608,-0.27481973437477647
7827,0.2911776794609288,-0.33164067085579463
7828,0.5468983248770365,-0.2871036610844242
7829,0.16348405401501043,-0.2810435948212086
7830,0.9129108012499748,-0.31558755980381753
7831,0.11244907298120524,-0.29110790973301753
7832,0.18710059521341632,-0.3585301620386517
7833,-0.05418236881256865,-0.4237932731758988
7834,-0.41918797847978073,-0.37106121897915906
7835,-0.25044069232496136,-0.38947194554554
7836,0.2853358815693636,-0.4576350817035253
7837,-0.39828360589200923,-0.4533016250434585
7838,-0.6869389179054369,-0.32274728627042165
7839,-0.30737263732225406,-0.39507612662167757
7840,-0.16570697323180758,-0.328484607524524
7841,-0.009946686367318837,-0.4177865148108213
7842,-0.2195724038392854,-0.37900734110473694
7843,0.49965119109004313,-0.4007401474883288
7844,0.39135792729821844,-0.41546247600040453
7845,0.01795419555942595,-0.48620997394165844
7846,-0.25067623172887443,-0.4126656103158756
7847,0.6376383544975188,-0.42102580015667573
7848,-0.09505161440686856,-0.3751394215289255
7849,-0.26264742611001857,-0.4375846821054237
7850,0.20064663691218249,-0.4640829964645663
7851,0.2116345629577219,-0.4621713403325845
7852,0.4001569280101192,-0.3195012846928763
7853,0.07584125048123135,-0.2636816908126959
7854,-0.45963033830794914,-0.35817641975664744
7855,-0.12076083708116978,-0.4800057634516705
7856,0.2697844878472833,-0.49709224855972445
7857,-0.012009210565965838,-0.4965853821051903
7858,0.17432687519377346,-0.4873294206033375
7859,0.2531922163958496,-0.43267270255974566
7860,-0.037213194895769054,-0.3375111115837648
7861,-0.2138178173785087,-0.5054174116824154
7862,-0.18620406173947007,-0.43809477956229304
7863,-0.08991307622577002,-0.4569096964494299
7864,-0.0656282539934411,-0.49195510769103135
7865,-0.09994716551918245,-0.48978123712851984
7866,-0.06902174638463848,-0.35577564400581657
7867,0.4441990850253738,-0.28760554136913546
7868,-0.2737420212052289,-0.4631279034695545
7869,0.21537425470266525,-0.4840678246704935
7870,0.01721142357012933,-0.459541742657103
7871,0.14197639323341787,-0.25316034396458825
7872,-0.10418784416847235,-0.4404490931517698
7873,0.07839889477142035,-0.4482540712851806
7874,-0.658552879125111,-0.34936781968907027
7875,0.22511915357808185,-0.42360309354394243
7876,0.04663959222575742,-0.40504109946852973
7877,-0.06176991554081653,-0.4365883119339029
7878,0.06645955269726905,-0.48972611569884356
7879,-0.06700696887612842,-0.4739811621837059
7880,0.33336098046896273,-0.43866851074432
7881,0.6234825043289801,-0.32231624983224666
7882,-0.3982465861800498,-0.2611330549432745
7883,0.03704318376164182,-0.42676285048605395
7884,0.14619249757451652,-0.4028216433262459
7885,0.08820525680341898,-0.29240121056494894
7886,0.26803905918630694,-0.3471288919550225
7887,0.10061487737209789,-0.39189931350644325
7888,-0.31109639920529447,-0.30885774041584635
7889,-0.1355061314789498,-0.4007456040590298
7890,0.057422114475483135,-0.35713684404783963
7891,-0.013161825667071171,-0.4074137885156618
7892,0.08758361353921584,-0.45490238918059156
7893,-0.0680739470825556,-0.45718450096375307
7894,0.08149259008974591,-0.47193900233318015
7895,-0.24730106978064506,-0.38753423467942205
7896,-0.23334996262413657,-0.4378883929218755
7897,-0.2881285896426173,-0.3774302936071459
7898,0.08307809810706061,-0.4375029342932564
7899,0.008086381172572226,-0.425662135497894
7900,-0.7769196292710083,-0.3254713919957496
7901,-0.4782635995256949,-0.19404563492766116
7902,-0.05445349140083181,-0.3113515926352258
7903,-0.4794796610532617,-0.256485545235787
7904,0.7671566388563646,-0.26702311355633945
7905,-0.4843072266961025,-0.20969805543518666
7906,0.15683040138065885,-0.35558738733952316
7907,-0.7496254888375916,-0.24783125457821537
7908,0.32968046609163093,-0.32685051785223884
7909,0.28621380859565043,-0.3522178207542491
7910,0.014663832027112836,-0.4332963488521324
7911,0.265083865291337,-0.45667084446969397
7912,-0.7128583689558402,-0.3661914758643445
7913,0.1762407646151622,-0.4097603476767893
7914,0.2606193149947941,-0.3936726289053846
7915,-0.5359003505022397,-0.38930377201598687
7916,-0.593301761039293,-0.038383343281514735
7917,-0.19018935806389073,-0.2672598734595321
7918,0.4881423708083588,-0.3614416421014143
7919,-0.2308129639594641,-0.37422686533695537
7920,-0.02723551465523074,-0.31595704832721694
7921,-1.3766250918555039,-0.09227083236687955
7922,-0.14540809749011865,-0.062461345126309575
7923,-0.2029538347789677,-0.19382859703409078
7924,-0.13148077826383514,-0.1244983697108587
7925,-0.500739807979251,-0.36736236835081393
7926,0.6920504013209843,-0.2112769422285813
7927,-0.14496319451256473,-0.4066391518911286
7928,0.6281168805667582,-0.3493664488077976
7929,0.24189223684472383,-0.23480998006046264
7930,-0.8404667752839217,-0.3763447369877152
7931,-2.107832983236185,1.393808656266109
7932,-0.688574190870371,2.0838512660922457
7933,-1.0234443095202372,-0.05874725700264857
7934,1.3657039875916448,0.11096579277850399
7935,0.2018655291205616,-0.1800785957905313
7936,-0.7002374485326645,-0.22572109735804632
7937,0.32941100448554916,-0.3225630915871438
7938,-0.5208171456870022,-0.15834409704157207
7939,-0.5052280239594561,-0.16509384965118035
7940,-0.7567350329985341,0.26315249105549315
7941,2.5886592727858146,1.0267621673767438
7942,-0.4937627811164974,0.2642954997099909
7943,1.3259103928903666,0.058531266293988304
7944,1.1244229615910326,0.22839961868507563
7945,-0.18408444099212745,-0.20683031875283625
7946,-0.06444682943293212,-0.24318231359195444
7947,-0.7663895328231827,-0.23844762496151364
7948,-0.18995676272544998,-0.11848567495887055
7949,-0.7362605917646479,-0.2323631257487901
7950,0.08082905569071377,-0.10622374886420319
7951,-0.8113280780350753,-0.08188856558592195
7952,0.2032597976135837,-0.07829885037052496
7953,0.13500533321681538,-0.25950983261231797
7954,0.1813196740911818,-0.2776461734678704
7955,-0.8608506747821029,-0.2355130473007054
7956,0.2978712401307692,-0.2725369021933991
7957,0.3063611499433568,-0.2958448311614198
7958,1.0244248074298539,-0.14893512462992206
7959,-0.3009565094627165,-0.33123336375227314
7960,-0.3438042696484436,-0.3723445672808262
7961,0.4015152508251147,-0.41479619291027725
7962,0.4038960958215918,-0.3569895554322483
7963,0.24098413809776045,-0.3150427262439255
7964,-0.4781952457392889,-0.43071713041541027
7965,0.6328590735787909,-0.4087997489598301
7966,0.3560881587485848,-0.38499361576318325
7967,-0.2579685068931949,-0.43246344171827866
7968,-0.09896595042898451,-0.42729509289030276
7969,0.04816537040917713,-0.45053404352890836
7970,-0.37011026596711893,-0.406919437919281
7971,-0.006632493820979883,-0.4207841765028049
7972,-0.8766127898535493,-0.26542256896571537
7973,0.07424449081092241,-0.25662721725220383
7974,-0.09481140876784197,-0.24616414551603338
7975,0.3213156704115503,-0.4218391786067849
7976,0.10741179806034883,-0.35657102114230643
7977,0.03037365373597,-0.4125227383844791
7978,-0.07989603432436819,-0.27514020550384893
7979,-1.08105062769038,-0.18627492131996745
7980,0.2674344633986163,-0.21871988140385135
7981,-0.9991738149125493,-0.13875714909504486
7982,0.6374232034778347,-0.20706357260303931
7983,0.14714580180706116,-0.322553296597721
7984,0.47739536434193053,-0.4056723260806509
7985,-0.3349056406363719,-0.3727021366314947
7986,0.48032546513900287,-0.34793544788247727
7987,0.08861200034130556,-0.27467716419367216
7988,-0.10778848145209582,-0.4133762147371437
7989,0.18981710034916413,-0.35591853655309647
7990,-0.017804613963230985,-0.29084824511023605
7991,-0.45897994398672426,-0.3050161371988379
7992,-0.2736685772836978,-0.35591754700169953
7993,0.7220140304224819,-0.19097223640833813
7994,-1.4049235574179917,-0.06374964345916745
7995,-4.444215722992412,3.317266151788616
7996,-1.498084023150812,2.4693563940833054
7997,1.4816293537512193,0.5012219540365589
7998,-0.9775563613081676,0.4155594580950842
7999,-2.5222689925441006,1.8691284899573515
8000,-0.28619336021531555,0.9325420418921516
8001,1.9872399711442956,0.9066833996675455
8002,-0.7861234640047201,0.40700223179044637
8003,-0.8742864691298452,0.13952979364320361
8004,-0.08573647902547422,-0.13586277930852397
8005,-0.8819956289581091,-0.09883654092788313
8006,-0.015718124790963767,0.014056686995406825
8007,-0.3565374187211198,-0.126294249533068
8008,0.5064284617378161,0.11789501298933086
8009,1.5562317013407732,-0.16775919018576596
8010,1.1227687962956876,0.12593884944446762
8011,-1.4330930620264872,-0.1263819527205504
8012,0.5964214361503625,-0.3430341582531575
8013,-0.035167066799796996,-0.26419761890012905
8014,-0.42829292268898933,-0.276008414926329
8015,0.37715123220761665,-0.2823698366484688
8016,0.17461060303645085,-0.43707765798484466
8017,-0.8147042575127074,-0.34684316403133
8018,-0.6629087258314389,-0.3230802991469104
8019,-0.26037508258795594,-0.2935797311614295
8020,-0.22595194992555218,-0.4034177968783971
8021,-0.4024894404442467,-0.3048292274485661
8022,-2.1206677892660344,0.9786355237765075
8023,-0.3527986283512168,1.4769786124429003
8024,2.614430458886733,0.8262431567277853
8025,1.1243944601764715,0.02571820618023743
8026,0.003506948506205027,-0.07566287382756609
8027,-1.1099985178919785,-0.2180024900915202
8028,0.5664549837104312,-0.2632288799172038
8029,-0.6790482779112336,-0.37249705705084374
8030,3.0932491170375527,0.34341180908276825
8031,-0.12419158714459798,-0.11115428446152248
8032,1.8798114372348533,0.07560535396729146
8033,0.23490900524767855,-0.14040372218892755
8034,-0.5583275367738606,-0.160780989639914
8035,0.741365686914083,-0.20948161762560202
8036,-0.3952108835764569,-0.30039595248231393
8037,0.23584382281661576,-0.29683039970827135
8038,-0.6309479754558897,-0.06488539437753574
8039,0.36232227742470097,-0.10631343300003121
8040,1.265418473891389,-0.17700433024453416
8041,-0.9558149115928173,-0.056690329709389795
8042,-0.21583258341696376,-0.32805766276923387
8043,-0.6965131786819818,-0.4084595972887505
8044,0.6257856102810173,-0.39826793367209157
8045,0.9775011062548234,-0.2927395458688963
8046,-0.2951701028257513,-0.39256673130653685
8047,0.530322363374614,-0.3878306552536452
8048,-0.1225529602737819,-0.37976783775313083
8049,0.18764561542155372,-0.4187629491812391
8050,0.1380868555097478,-0.33918369443003216
8051,-0.4288310143318554,-0.4070019811173756
8052,-0.22307989020768634,-0.41256890363436116
8053,0.3133438492311685,-0.44217045002730526
8054,-0.17474806106166038,-0.38765049453725575
8055,0.6638537900173629,-0.3099071645719086
8056,-0.2500644795191569,-0.41239113712408704
8057,0.054296517749271994,-0.4440753645347739
8058,0.6370629246232482,-0.33790208231437957
8059,0.17388808659744256,-0.4212626554638622
8060,-0.013628147043728498,-0.4146678460092372
8061,0.7360307783926544,-0.15838548533030322
8062,0.3953906504469287,-0.28901279589598083
8063,-0.4152867856175532,-0.34088873000806463
8064,-0.13192049090793545,-0.19212752882876033
8065,0.42005405582930366,-0.2530118015934143
8066,-0.08296567461562004,-0.20028212901841289
8067,-0.35714206562183237,-0.308213074553132
8068,0.028252822498809227,-0.36096772253640363
8069,0.20175840065138956,-0.46021155633937605
8070,0.2839746845742529,-0.33409078249791774
8071,-0.2984084537968734,-0.4046171305799789
8072,-0.4538896690106739,-0.43894450794881495
8073,0.22038656902165865,-0.4238282630564024
8074,-0.46789532575422754,-0.4101858697726492
8075,-0.5989316370508091,-0.2601175903458628
8076,0.052956474518125955,-0.2514138002266668
8077,0.2053312997876025,-0.3957832495874748
8078,-0.23514249240460172,-0.3880361390869614
8079,-0.4521506797694688,-0.37366882027484116
8080,-0.4674016362740056,-0.3665559058813343
8081,0.6248872015084331,-0.42581781841386984
8082,-0.22743053005127828,-0.3322986006380704
8083,-0.5100369108310484,-0.3655568322369623
8084,0.18264194628476224,-0.4275265095239947
8085,0.22248921287370874,-0.3479280455732263
8086,-0.315754270572313,-0.3344079279551978
8087,-0.0445603821080388,-0.38621048905560024
8088,0.8719535439836956,-0.28188430896739275
8089,0.797543651132851,-0.20750160439036414
8090,-1.2395374791196656,-0.2796993388392649
8091,-0.3337028556720286,-0.3529949124129721
8092,2.823197407858488,0.9268554979859395
8093,0.8956710580116406,0.6598627595597254
8094,-0.14050520850810436,0.8634135990507769
8095,-1.447844108011338,0.07039684295369447
8096,0.05866031692747401,-0.08582746558440321
8097,-0.5977078978409112,-0.34281361249633513
8098,1.0142170234621732,-0.2637174823180729
8099,-1.4519872946867818,-0.23271222725874322
8100,-0.09544889268304743,-0.21427661696719905
8101,-0.4126301422200956,-0.246048875398873
8102,-0.9727198888093112,0.08325373398618904
8103,-2.1908788594436084,0.5700710133807341
8104,0.7416949632500557,0.8057230683572731
8105,0.11882362485157452,0.2398539736742923
8106,1.5398675788227547,0.302089240176733
8107,2.507278702267943,0.4356123144385583
8108,0.8937127950275038,0.4842409294293921
8109,0.13088803838826715,-0.07451608091134243
8110,1.2865014942178932,0.6329336651804219
8111,-0.5670075241989129,0.0660231330380176
8112,0.9867413799303707,0.08795154044713896
8113,-0.30669851463575365,-0.28337139375882286
8114,0.3615379007904356,-0.224967634508639
8115,-0.36177522141883417,-0.19021150156193367
8116,-0.4283792043654846,-0.06538230406136619
8117,1.0863153256903664,-0.22506225819919964
8118,0.8918541522024502,0.2531987211856665
8119,1.3598243590659782,0.6360346440697763
8120,-0.14848682771539298,0.04747334460618169
8121,-0.49795240989146,-0.20572575986112823
8122,0.19850021138438464,-0.14039501985663377
8123,-0.2898923544019945,-0.09060882962607623
8124,-0.0303171425514292,-0.017329135912349636
8125,0.018336849954215056,-0.26670308943595183
8126,4.5531128774992915,1.2199545841603214
8127,1.7157180223900248,1.011157863029271
8128,-2.2178164626377117,0.752096321451164
8129,1.1566798490134238,0.3998610975417791
8130,-0.5071497053153029,-0.05354374520987002
8131,0.2651702998772833,-0.012336172185195005
8132,-0.0660204533932393,-0.021504072354431386
8133,-0.14896751121541033,-0.1781527662564855
8134,-0.20857517897934422,-0.09553129254863177
8135,-0.3641973094039828,-0.26999473754816294
8136,-0.10047587879593083,-0.2368868765029942
8137,0.01046748125106502,-0.2080109562891239
8138,0.02945502142399961,-0.3607435981779356
8139,0.2127731860321818,-0.30119715134241676
8140,-0.3191813853729288,-0.36667269815722975
8141,0.7346794687174408,-0.32336841990969656
8142,-1.1786288840312922,-0.22130809243390984
8143,0.09090205850401767,-0.27716020509295725
8144,0.0027050424826350946,-0.29815997664916727
8145,-0.5935411933586132,-0.3164050939677455
8146,0.3090141065626218,-0.3878358727898521
8147,0.35358519999598403,-0.260896998385805
8148,-0.29610497137420544,-0.34903335217900666
8149,0.1437909849871915,-0.3872961946414751
8150,-0.4127071658531198,-0.4044803525034192
8151,0.25456223816408313,-0.4721909988172391
8152,-0.1343661025635703,-0.4667310145795224
8153,0.13375781703665068,-0.3052460009126066
8154,0.6487186970003761,-0.36668482786420686
8155,0.47551803604467074,-0.18100904379787056
8156,0.6621156504234663,-0.09373285923887337
8157,0.37468962667604183,-0.10472441472204916
8158,-0.27666317556317416,0.14552848370565735
8159,0.3700112520486694,-0.15649757104441742
8160,0.46240714437907676,-0.11343620584405084
8161,-0.20322301360588432,-0.16830264771296838
8162,-0.45709467507028295,-0.1583457974678616
8163,0.15465149641032735,-0.21654380917782767
8164,-1.2285334801001437,0.36308139341518325
8165,-0.7751844455136475,-0.023078209457037507
8166,-0.29314280612745114,-0.04948519199730177
8167,0.5663613807345872,-0.12844678867622955
8168,-0.21353776613376688,-0.15934773637440297
8169,-0.0797996132109861,-0.36583516721008225
8170,0.2086115240026299,-0.36417807563839516
8171,1.0508424523029767,-0.14416597455116775
8172,-0.577541628503932,-0.16727156683966807
8173,-0.2817473721735918,-0.37897187590692183
8174,-0.14525425065718173,-0.3366168330587536
8175,0.026836234817459573,-0.39835640717469506
8176,0.05184518275835435,-0.342514409895661
8177,0.2054517644476691,-0.4105485604165061
8178,-0.3148281582638369,-0.3633611167042977
8179,0.5613485000625303,-0.25357045937209693
8180,-0.4283658294194266,-0.324777853522828
8181,0.1797943803940932,-0.3718041631777584
8182,0.22165520692892615,0.006350622548601331
8183,-0.5299697050867622,-0.34512298000522035
8184,0.30613321364280277,-0.3612369744982068
8185,0.0006762156656884722,-0.3714923444991791
8186,-0.009554409171718781,-0.38335412241918765
8187,-0.32710678607111754,-0.2553078492324639
8188,-0.05795514505645114,-0.15849723575150526
8189,0.08049396424959192,-0.19722919101092434
8190,0.425488183910069,-0.18446309436898695
8191,0.5045663096358933,-0.15091768097735137
8192,0.5722415276308059,-0.1759545547306756
8193,-0.4874796886251323,-0.25851394801925737
8194,0.004725599991544189,-0.2054353439803212
8195,0.12961920319097153,-0.322605798664189
8196,-1.0522956749777879,-0.295891066749432
8197,0.27399153078084737,-0.3204811612592807
8198,0.037067016624038336,-0.39026153664669405
8199,0.6834274577868422,-0.360523122303554
8200,1.0506362858667673,-0.10717020405724666
8201,0.991145741105793,0.15519560510064415
8202,-1.0263430261131463,-0.04983065740446575
8203,-0.830756118740009,-0.1770547817886518
8204,0.8854145263432512,-0.3967872293640428
8205,-0.060759134603864395,-0.4091832324007957
8206,-0.5959562257976763,-0.3980339484221742
8207,0.07988810427508476,-0.34415729574718357
8208,-0.3392794788757154,-0.3946606173338659
8209,-0.3499970887914023,-0.39457294898906464
8210,-0.41050980145930094,-0.36287636755598546
8211,0.18359341070630608,-0.4970261254487494
8212,-0.11704891093971598,-0.4619545959184896
8213,0.3380920961267199,-0.3335915806957547
8214,-0.34219822596359983,-0.4052529344120507
8215,0.8396637441808467,-0.46664980488160746
8216,0.24803932230448572,-0.4355575234941267
8217,0.5904229699927368,-0.3319277356219933
8218,-0.733473197890958,-0.38667625417144397
8219,0.40651576222606756,-0.5053920914735297
8220,-0.18546993562984063,-0.4328006152128202
8221,0.23495829085207817,-0.4436920623697084
8222,-0.42720510746813806,-0.3623937802352944
8223,0.054585175249786407,-0.4912082166852682
8224,0.08641936119304243,-0.47569685402169987
8225,0.23138616346350643,-0.4742352044275441
8226,-0.5817092113944985,-0.4631917164232325
8227,-0.009502392933225896,-0.431311255497381
8228,0.2741298311701196,-0.37545503231632354
8229,0.4297599100694551,-0.39929676832682853
8230,0.6410920960004617,-0.35278303837249725
8231,-0.598240611575295,-0.436764446070964
8232,-0.6372017880091096,-0.38045614645706627
8233,1.2635866714087924,-0.3623255435633148
8234,-0.1175431179485899,-0.40553300548036947
8235,-0.5969274940363729,-0.37593111674186924
8236,0.813304018611476,-0.35954232421666077
8237,-0.20437920723378308,-0.45460301238198736
8238,0.8655401152482118,-0.17702689190482018
8239,-0.5100629694987386,-0.3479708122960131
8240,-0.029762565891097555,-0.4800700043464104
8241,-0.11440697217567966,-0.43945444263356537
8242,0.10747437351132057,-0.4178151460181428
8243,-0.03267008738734928,-0.424696533620717
8244,-0.25294708625778944,-0.29776639850703585
8245,-0.17085231325235903,-0.3411130169646751
8246,-0.23342437611554398,-0.31051292628757404
8247,0.16576472973348966,-0.38257979337452874
8248,-0.6079695507028955,-0.3961464567591082
8249,0.21647224054149108,-0.43356435953325695
8250,-0.04391512071868712,-0.4369257327068531
8251,-0.11466851544007739,-0.4121160987527858
8252,0.17744509945082687,-0.443754590165451
8253,-0.11490434566057571,-0.4592736473953847
8254,0.03691226645293481,-0.4360881528048353
8255,0.5204089076243504,-0.4193814973217885
8256,0.17805527278069422,-0.41981341029946573
8257,0.06808190674009908,-0.4610636913591959
8258,-0.16360823049514084,-0.4365028550511097
8259,0.8332085061804803,-0.2701311472674809
8260,-0.056616777299775066,-0.37914776990874033
8261,-0.2338748179189532,-0.37815716309747255
8262,0.021424594597626426,-0.3501949792383218
8263,-0.7202109504275261,-0.3591262120105989
8264,-0.3382112010391277,-0.37107413063263717
8265,0.5842371300497446,-0.21350639173702843
8266,0.3749087172407734,-0.3104247858464953
8267,0.09394155965343705,-0.44161627290651184
8268,-1.2898661482951284,-0.07055124766346198
8269,0.43163444201703377,-0.337323252761497
8270,0.16223731308272166,-0.3669764130176827
8271,0.8786387069808109,-0.30016109797599516
8272,-0.38389156584931866,-0.3686410967460172
8273,0.31493333772110893,-0.4389849748812139
8274,-0.3992509825171954,-0.4157022305663404
8275,0.1248696143116946,-0.3932152227930884
8276,0.6267929696955267,-0.36119324212736564
8277,0.11344822043071004,-0.3618997626149824
8278,-0.5497554622186173,-0.34770518276876466
8279,-0.13571116002230985,-0.34181425790969167
8280,0.15069630058848668,-0.27984138802313024
8281,0.34224393144120324,-0.3075181845191562
8282,0.4483039101650854,-0.2898740122050751
8283,0.9805747745636786,0.07085641318622787
8284,-0.11575620247749932,-0.08324163047355321
8285,0.21994111941747987,0.08930205492197393
8286,-0.43161730279369376,-0.2171561426006869
8287,-1.2165667579550303,0.5194076703371814
8288,0.7272598033382814,-0.0883949009346984
8289,-0.2684063217245727,-0.1669440303766695
8290,-0.5815259807187313,-0.09877319578610586
8291,-1.1615596802588852,0.05779089574617163
8292,-0.43032704185386966,0.1887614272808198
8293,0.20670590349584875,-0.25489551627427653
8294,0.6713326275003392,-0.29459686211056374
8295,0.14148176866084533,-0.2722637031531212
8296,-0.5726240884585143,-0.34424932964532323
8297,-0.1938021266668402,-0.1737346085728286
8298,0.7752424001772611,-0.36389396281787484
8299,0.21797772760085304,-0.27605347431755634
8300,-0.8690257700705228,-0.37362393829489626
8301,0.9658218136591455,-0.39410306053886773
8302,0.07776931664573701,-0.4078267531498908
8303,-0.2134648035244915,-0.4190729645261951
8304,-0.0028703503193042755,-0.3676547918018338
8305,-0.08823296484708201,-0.4592873666604326
8306,0.8141136983808506,-0.34840025499441835
8307,0.4488471828173551,-0.3865749686261148
8308,-0.4470840348917165,-0.40457770015823535
8309,0.19164177992886516,-0.42533341569208194
8310,-0.30429986782589696,-0.46671231085179843
8311,0.08160377070154287,-0.47189121563855563
8312,-0.14128695087453746,-0.47448151549180684
8313,0.46995497591782803,-0.4572701634795195
8314,-0.4738317633007648,-0.3451410439198094
8315,-0.32654497373681257,-0.4177953477782526
8316,-0.10611702920500464,-0.4318167921924659
8317,0.16975783178710968,-0.4838994855647921
8318,-0.35652771293913105,-0.4158971895296118
8319,-0.29919573971047947,-0.4968056495045165
8320,-0.3174337907603297,-0.41750132597193845
8321,0.0005338029476818422,-0.4189973598045875
8322,0.003241161906817369,-0.38248508032826445
8323,-0.2273306933092091,-0.46514783074570454
8324,0.18244174881760852,-0.48668881398215147
8325,0.2423957948615191,-0.39277470799659897
8326,0.47019405756224814,-0.3660419055641884
8327,-0.2223106191538704,-0.3967678744877777
8328,-0.16573899028092712,-0.4706005079038562
8329,0.036133935906344644,-0.456879806040126
8330,-0.23844124922508342,-0.4738094045559713
8331,0.6090116086732897,-0.3325304142100063
8332,0.4333782750163178,-0.051807721313215496
8333,0.06935639893607548,-0.4668389253457713
8334,0.39082235680553157,-0.338840297948903
8335,-0.16807164308941394,-0.41768106966662366
8336,-0.27566494459652,-0.4446857378226367
8337,0.8996501697569171,-0.08081307548841234
8338,0.19847590544110622,0.11650405473422051
8339,-0.4808259258721182,-0.264483847352758
8340,-0.15343523085058505,-0.3920019891429968
8341,-0.014367069711537122,-0.42091359047051435
8342,-0.2963181965755295,-0.1786435915826992
8343,-0.27337954034394335,-0.4174041834353538
8344,-0.14714967030864026,-0.3498906386827251
8345,0.2964561359654438,-0.4046585409999236
8346,-0.20233846827896568,-0.39314870885010567
8347,-0.3697996015701365,-0.3607543558930815
8348,-0.26872007433707934,-0.40177967318693325
8349,0.2634779323692689,-0.4068538280474706
8350,0.3308550668836567,-0.3132978325661762
8351,-0.08547952980193183,-0.4711640306206071
8352,0.10171638228826697,-0.4173642596062739
8353,0.031126694906180113,-0.4672050659812407
8354,0.225244798529623,-0.3938540853845286
8355,0.3762518973644895,-0.25511328954182766
8356,0.12440059013622307,-0.3502753741082589
8357,-0.41696834708576885,-0.3170676676782668
8358,0.5683453996378196,-0.39010972957480045
8359,-0.5987187073446069,-0.40267256672671503
8360,-0.18525590077362789,-0.4044881232110332
8361,-0.11669505014712733,-0.45299039470074665
8362,-1.1184353639048268,-0.2270287544394849
8363,0.2344478046143284,-0.32462511953438455
8364,-0.22853992450667604,-0.27439973057952183
8365,-0.2560184133442837,-0.3652926556061148
8366,0.1712980696913759,-0.2960979384406662
8367,-0.13225723598376493,-0.3812184008448913
8368,-0.08447360380387783,-0.3587798941425693
8369,0.08492524542730866,-0.21452216403985586
8370,-0.09141526324194355,-0.48072303798071747
8371,-0.38474190446592077,-0.36624407414888505
8372,-0.16117971404710096,-0.33328626647058573
8373,0.25506719787774174,-0.384003676185333
8374,-0.26117413915087134,-0.34674199360431507
8375,-0.20402791461675254,-0.21348026466255662
8376,0.27703563898295036,-0.36661482875006457
8377,-0.6784679951684492,-0.23423223137161311
8378,-0.33429303205344707,-0.22606316350851258
8379,0.18059455719174844,-0.26557133829569723
8380,0.32526822347122275,-0.09896229354606377
8381,-0.9295255663603709,0.05229821127457715
8382,0.21071910549878317,-0.20577426156991097
8383,0.6480205761217313,-0.23204302481257003
8384,0.9300136830918724,-0.20402272411528286
8385,-0.4892344748903243,-0.3549167518969
8386,-0.22838112105567934,-0.3946006656176433
8387,-0.9736402232067497,-0.22005627943427045
8388,0.2867004936626956,-0.026996521383095377
8389,0.7763631003585892,-0.3195120467194493
8390,-0.3097562233580027,-0.359579755228017
8391,0.0858428072370601,-0.33264795673093767
8392,-0.13666952951928266,-0.4187405524306063
8393,-0.012032079134418143,-0.42063087164493296
8394,-0.008806379093449545,-0.37004216799945644
8395,0.29785512048349305,-0.40253116619815216
8396,-0.056769708436908,-0.4201402429457479
8397,-0.4590410942283874,-0.3447906083969329
8398,0.9800767693991533,-0.39125948988869746
8399,-0.6875869108383633,-0.3875099638963264
8400,0.04852371268286474,-0.41872782484005955
8401,0.054017546285484344,-0.44147537896768135
8402,0.004086692026001428,-0.4547276224583326
8403,0.31638881844701044,-0.42033846098490607
8404,0.3884705644855357,-0.4137361268107881
8405,-0.27466127595343776,-0.3996441875975134
8406,0.19720648528843784,-0.4237715797773337
8407,0.20568852532307258,-0.4441772320485053
8408,1.0651982662882424,-0.2631759510218695
8409,-0.7613743730904035,-0.24380101589671763
8410,-0.9856333638966164,-0.3216617376046154
8411,-0.27302512046970867,-0.2903539370941983
8412,-0.8801727836011419,-0.07151764500587404
8413,0.32127572677135235,-0.33715514348036324
8414,-0.2519570612470148,-0.32942902429909726
8415,0.20822759598369647,-0.3728078902319897
8416,-0.5977080419826727,-0.400474296404729
8417,0.009939098607337821,-0.41772512465218004
8418,-0.27148825177068486,-0.42279952222428907
8419,0.406070782032014,-0.4726197841715455
8420,-0.11630538670550834,-0.4334822138531958
8421,-0.06060524809365038,-0.439653686592715
8422,0.05302314097225591,-0.4628705299141074
8423,0.38969080056128974,-0.4743429500072348
8424,-0.6959662875572925,-0.2961656651194421
8425,-0.6503267564646442,-0.18311363513861498
8426,1.0782224342264812,-0.0016258428614534526
8427,0.24521780344556568,-0.2760519868460051
8428,0.4275578975765051,-0.3765771705066374
8429,-0.04350112981071349,-0.4352634262328392
8430,0.34110594984652104,-0.46036498058862774
8431,0.03932719843351002,-0.37700235123586373
8432,0.1373430084519522,-0.4151417240546722
8433,0.047654343031511205,-0.4413576151090295
8434,-0.3200829691666204,-0.3250172431139771
8435,0.5166209464819239,-0.48724741944786587
8436,0.24566442205898686,-0.4619289923916945
8437,-0.0675382865305244,-0.5053204611959949
8438,-0.20890225835992948,-0.434377784885331
8439,0.034908090361839776,-0.20398455192457188
8440,0.07726793422407464,-0.3852288361313919
8441,0.0713877336668315,-0.4473479751180858
8442,0.24406121609203438,-0.43427154062831574
8443,-0.71695216175025,-0.42007831591779515
8444,-0.2716549469622478,-0.3705481966588381
8445,-0.24281169661726487,-0.399959251694048
8446,0.12454746845267989,-0.26309638799282
8447,-0.19036688011908887,-0.2986811817706081
8448,0.40685958619934864,-0.43367877246366304
8449,-0.1431217637839078,-0.443453561244882
8450,0.47991093610119084,-0.4367422010596925
8451,-0.43432536676708206,-0.3825031692800175
8452,-0.9681563345866548,-0.2837844350310938
8453,-0.16914406590923275,-0.29152636694527456
8454,0.23153312294101727,-0.30332267521091055
8455,-0.3992833394572687,-0.40234875835821926
8456,0.4982073972310807,-0.407142572790157
8457,0.48943876134311576,-0.227962008082555
8458,-0.5369859913088572,-0.39767095703599065
8459,-0.004715109079902787,-0.4154691779531946
8460,0.47158897908104275,-0.38157466456789124
8461,0.15159817793969826,-0.36416873136352645
8462,-0.412056748410086,-0.4416574577909132
8463,0.05075782907020375,-0.437604449261342
8464,-0.05762567191226041,-0.4544374396909723
8465,-0.09549548130166881,-0.4598842224734063
8466,0.08329488538841189,-0.4746143526903821
8467,-0.3295423184034521,-0.42885749729253003
8468,0.216805444563717,-0.43550957394923445
8469,0.0662162948944766,-0.4629885147584021
8470,0.03494312967513703,-0.41569479417081767
8471,0.497496519131636,-0.37429034394888905
8472,-1.1801155109741834,-0.1151812734570053
8473,-0.2968050941113887,-0.38332511070155956
8474,0.4723758732940965,-0.35545589849226455
8475,-0.3354712812428755,-0.296605664423618
8476,0.4011771818076872,-0.26496791640368644
8477,0.10056720065032777,-0.144628462172866
8478,-0.1851531217120781,-0.07722030656887008
8479,-0.5270567609293996,-0.24713636312740694
8480,0.1753725968573277,-0.2862755510883483
8481,-0.0803499152826532,-0.32273455650970473
8482,0.04246609270483614,-0.40041427479798786
8483,0.5381343217616679,-0.3775048289913541
8484,1.0371276527059115,-0.28373201034496387
8485,0.2203998654440614,-0.24989381951645542
8486,-0.4023561182233456,-0.3083647746409083
8487,0.41785228172104966,-0.3036903155567171
8488,0.3918967111445074,0.21345350572932054
8489,-0.049775836623805865,-0.2825350820043372
8490,-0.7948726910028241,-0.3577261066034028
8491,-0.6014763435492307,-0.3884365912748493
8492,-0.589226616319491,-0.37147672266513165
8493,0.217563343372903,-0.18894159872042912
8494,-0.26275881901819853,-0.42721168935417303
8495,-0.4405954700925332,-0.27682813523748945
8496,-0.36989109176823826,-0.34734201564165124
8497,0.18618546924480991,-0.4060594669997972
8498,0.5909269628422299,-0.38902240504607394
8499,-0.09536121644074805,-0.4294339769768209
8500,0.12775229459368193,-0.4418002158631028
8501,0.06395700572781571,-0.36206334261627254
8502,0.5259793256234832,-0.38411937485426667
8503,0.03254247445205032,-0.45414368005804207
8504,0.23827932977908375,-0.46699952711913856
8505,0.13965988040124264,-0.4863276569595415
8506,0.0884411084438631,-0.40669384085162613
8507,0.1990415331430086,-0.3279686726839107
8508,-0.25871103815115104,-0.2769620544135339
8509,-0.02678355519441339,-0.3977352351348353
8510,0.3245226499226524,-0.4376964547111172
8511,0.06472580657633369,-0.42866102491222824
8512,-0.12961924000890476,-0.4167459128640967
8513,-0.022063412291050376,-0.44211167352631553
8514,-0.08791253562695875,-0.44608384601397755
8515,-0.4295624930229373,-0.4113440149817923
8516,-0.029596847701599226,-0.48666699043334793
8517,0.2241426182999369,-0.4723126486813951
8518,-0.4551099274599799,-0.4280985842156403
8519,0.37465233231719824,-0.4065046461341062
8520,0.10688078185859554,-0.4305284069010711
8521,-0.15723504265130167,-0.4536148510013541
8522,-0.31014710221707054,-0.457800197275553
8523,-0.17219417243909005,-0.4315454930890791
8524,0.4244655210499606,-0.42220974716587895
8525,0.38901755827912204,-0.3696879798183383
8526,-0.011230336302067588,-0.3180220920597401
8527,0.25782057147577203,-0.43084752678395166
8528,-0.089150132018909,-0.47323045264441277
8529,-0.26972702695830214,-0.4990516393847292
8530,-0.06960724324605125,-0.46186709008220816
8531,0.16776685117105403,-0.5083076989235356
8532,0.03357141702099229,-0.48263785230070183
8533,0.12133650522516005,-0.48526427641048947
8534,-0.1321208931446179,-0.440493923364575
8535,0.037219054891540045,-0.5110206773916892
8536,-0.07844531513813084,-0.49735739076401986
8537,-0.10721234981539589,-0.42338253335818965
8538,0.31608236491646996,-0.3351949204601648
8539,-0.19901524266935844,-0.5119351733294797
8540,-0.009812996774157987,-0.3780517660333341
8541,0.01235930444684572,-0.5063567912800614
8542,0.2685832742957454,-0.45465392542020866
8543,0.17030101721154725,-0.4520617325125571
8544,-0.21901364524168912,-0.44316658296310746
8545,0.16523601339943603,-0.24849478104627298
8546,-0.053733171638659635,-0.3540056837730899
8547,0.1172923703029186,-0.3828967268157054
8548,-0.00012639273923926823,-0.37481526445574936
8549,0.2402636800047036,-0.24734775450502738
8550,-0.3726675484802627,-0.22504450400824114
8551,-0.01491897039473376,-0.2717544682846418
8552,-0.18184835857494225,-0.47308004528203773
8553,-0.03231241329645477,-0.41778541588552576
8554,-0.2639247631001532,-0.4012423639757679
8555,0.15605544716950887,-0.4062115099844379
8556,0.10575808895174421,-0.3608931957508508
8557,0.12420699629344298,-0.34896572333643416
8558,-0.02631471298675963,-0.4269131794113818
8559,0.13970389472629496,-0.43564132185202664
8560,-0.18344845204771307,-0.41903625123844473
8561,-0.07289581655811898,-0.4649919607297114
8562,0.024829172680366753,-0.42320594087165975
8563,0.03779732237350004,-0.21143100087277364
8564,-0.014782687986524712,-0.42484966251536904
8565,0.014309045161585926,-0.4509460639903279
8566,-0.08856925744095406,-0.4467613745841384
8567,-0.2030113149611308,-0.47147320787407443
8568,-0.01604098681629859,-0.49580900197625155
8569,-0.010206313649076523,-0.44843184615802006
8570,0.030720534575630377,-0.48777888616745535
8571,-0.3972840007656504,-0.36541560004963886
8572,-0.10211754629654658,-0.47244985765867437
8573,-0.14347056051400475,-0.49589430593505635
8574,0.23578724885768582,-0.4492839892753538
8575,0.2217558612860682,-0.4281977617752747
8576,-0.006590372831403639,-0.412398094062359
8577,0.004909861195063289,-0.4679131624225716
8578,0.1402258751055931,-0.49105526161313706
8579,-0.16596842819288704,-0.44302458677732115
8580,0.32532459505634487,-0.4519141604993865
8581,0.5101370965223185,-0.17849312200252518
8582,0.10434129391988436,0.022237566246197563
8583,-0.16458572015918874,-0.23855252745608266
8584,-0.13976065784468555,-0.25971280991934753
8585,-0.1555310259440331,-0.43103690925842786
8586,0.22711924386192667,-0.4187081783288079
8587,-0.11812933560019022,-0.4244253647951896
8588,0.3874585092634776,-0.32112623400472307
8589,0.5182661190780251,-0.04713058075303177
8590,-0.32268058816073014,-0.29380569553839
8591,-0.2059882234226162,-0.3674543775905404
8592,-0.04823691827334756,-0.4593832088393552
8593,0.2411972964774478,-0.3484658206384792
8594,-0.002354778250681251,-0.44441754957937507
8595,0.024180170731576862,-0.3788196289146548
8596,-0.1551058152834154,-0.4468392824421789
8597,-0.17813838998098083,-0.444544460439973
8598,-0.12392968816363795,-0.3966993154204829
8599,0.12456896437118967,-0.4482060087116163
8600,-0.14836346489475385,-0.5138780396802134
8601,-0.07254893913208643,-0.49013940836441894
8602,-0.007711796040659828,-0.4666013631606298
8603,0.19342277069798006,-0.4460870864955714
8604,0.0036578415367498392,-0.503303521138879
8605,0.31355099550656124,-0.44996871294696983
8606,-0.136036765104097,-0.460130536137775
8607,0.1722366057158647,-0.4878118494863564
8608,0.14136741884617185,-0.4670661805924894
8609,-0.12144153908211207,-0.5027467097805689
8610,-0.12478100315330502,-0.4385745556910554
8611,-0.12385703007161764,-0.4962686094191003
8612,-0.12434368609476325,-0.49835241170196426
8613,0.10094615413101475,-0.4098156045956343
8614,-0.0005888337171428212,-0.44931781325772635
8615,0.3540075867931874,-0.4042719876273007
8616,-0.24735828257903675,-0.4460324679159303
8617,0.16951781255171358,-0.45082209013218266
8618,-0.23378448872870294,-0.4967834890372037
8619,0.02211560967275618,-0.43157797342299054
8620,-0.2304867466178457,-0.4963996181871363
8621,-0.13596777884271716,-0.5175387159775066
8622,-0.23928086322994055,-0.37777565902372356
8623,-0.04644945749132184,-0.4885549914997188
8624,0.25009463760386313,-0.43465373498267584
8625,0.010131009314389499,-0.47664634595444516
8626,-0.06772271429831243,-0.44327784074276194
8627,0.09357865977642066,-0.4962914915415421
8628,-0.34869899241214675,-0.4918651914796722
8629,-0.03505808802525927,-0.4995689271279961
8630,0.17044200722416775,-0.4672845071498492
8631,-0.09626950627329071,-0.46388632313311107
8632,-0.004217821914071962,-0.5132381410466235
8633,0.06526772532000177,-0.47295905141329625
8634,-0.04973473972937177,-0.4568958927618113
8635,-0.06789852065831066,-0.5342271904626998
8636,0.0737876549756212,-0.4905772386293901
8637,0.19192055208115277,-0.5044933623280001
8638,0.037102864677825365,-0.4593033263544527
8639,0.05499620905895604,-0.47647360217002777
8640,0.06736230640124291,-0.46931503032481686
8641,0.12114432094752461,-0.47536442878117724
8642,0.0386482915529088,-0.5230551465690845
8643,-0.06595604804160385,-0.4690773152222585
8644,-0.0842544196294754,-0.4784481446552421
8645,0.17534075323571358,-0.4694746922172944
8646,0.07427577630743912,-0.4258101559900545
8647,0.054577227665182124,-0.5127052308408748
8648,0.5659935394431426,-0.4259752135361213
8649,0.0051826735116163175,-0.45360536595735
8650,0.02352911939432798,-0.40438167092641275
8651,0.1913648924454309,-0.4464108481068751
8652,0.26881018278602853,-0.2506135837321845
8653,-0.2310495689650207,-0.4172247845277518
8654,0.5583383028112171,-0.37977498398526655
8655,-0.09959695120355354,-0.38088538686181184
8656,-0.35073606317144973,-0.41168463315632026
8657,0.32436096646983614,-0.25161817420499477
8658,-0.21857213558884142,-0.43145608434926275
8659,0.10363762380657655,-0.4303450510917425
8660,0.1794711806715211,-0.44207286526456835
8661,0.5790067889191691,-0.33907385047693384
8662,-0.6690868572887156,-0.3558486677139333
8663,0.17147185304268367,-0.4699905520449946
8664,-0.420630100115624,-0.4072642800166574
8665,0.47562564307174093,-0.4485769370601067
8666,-0.09302266614632859,-0.4240953626432597
8667,-0.06725046640718801,-0.47858205266447745
8668,-0.025860536189106845,-0.35218104200125744
8669,-0.1596619662123246,-0.37784296856274396
8670,0.39151678348503094,-0.38838642130605483
8671,-0.2932374870007757,-0.4235683102328414
8672,-0.6731857825384614,-0.23111181591989677
8673,0.018652226592551245,-0.09953947267721838
8674,0.04828418211530368,-0.3012761192998608
8675,-0.15347591686561315,-0.31045345616581455
8676,0.0355167994007758,-0.4244957985162364
8677,-0.4169669600199251,-0.34579330885708165
8678,-0.06365783046003323,-0.3586094847572681
8679,-0.3069128894946197,-0.3560398943470633
8680,-0.08002262329274225,-0.36304910272187924
8681,0.31627001333617577,-0.3529853766229888
8682,0.010698285459081788,-0.4256527939801218
8683,-0.3406024051289956,-0.4594210774761107
8684,-0.23606298818078802,-0.42611187455658106
8685,0.5506068262395906,-0.4649826993993438
8686,-0.24368691940735127,-0.45699873435431715
8687,0.40736302084092846,-0.4569735862873283
8688,0.15398922448632277,-0.43259439374386777
8689,0.048696032377429435,-0.38129560420008335
8690,-0.19998424445210097,-0.3781849432995189
8691,0.05782863196114354,-0.4153876046746602
8692,-0.4448269697100192,-0.4445825181384657
8693,0.08155000927764004,-0.4959754462986881
8694,-0.08388018432017987,-0.4435871906384629
8695,0.1284486060936931,-0.4820018546551706
8696,-0.2037113432860705,-0.4937740598406839
8697,-0.2265447924974267,-0.5037513772587463
8698,-0.029037433385963984,-0.35521249038073116
8699,0.43446091404993215,-0.46354547440344235
8700,0.4422284837218973,-0.44848542527666335
8701,-0.19855312377295167,-0.39846984346931014
8702,1.0464046810871535,-0.1630088284506781
8703,1.6672230519761568,0.7945415151064045
8704,0.24871094097642377,0.38635119921081634
8705,-0.11449990385369174,0.34599976850971514
8706,-0.11870176339397796,-0.039479567779793376
8707,0.7835486354482835,-0.22837566438016113
8708,-0.5448682529322547,-0.12448665700757142
8709,0.09412179144512756,-0.25048229808222405
8710,0.11896558022723333,-0.17246116260548033
8711,0.47463282940710344,-0.08580708183270525
8712,-0.09668281863167658,-0.05742636781379483
8713,-0.09207028195394373,-0.26250097445895526
8714,-0.6683921708225844,-0.23659167119756247
8715,0.17552059086877203,-0.39377824296764785
8716,0.23693737164157067,-0.3818780594922286
8717,-0.6794459962839862,-0.409065883941512
8718,0.21144393768940006,-0.41470007045853097
8719,-0.18750385671591452,-0.41175855951673596
8720,-0.06319365563026626,-0.3563269582763581
8721,-0.42558448862147863,-0.3792388073656269
8722,0.042306372145712055,-0.4622248599209774
8723,-0.2587093443357795,-0.3574057557051268
8724,0.40021688985286075,-0.4580508466474018
8725,-0.1276365218879217,-0.39536432409917605
8726,-0.005532133598559195,-0.45822775173856134
8727,-0.2150540780326792,-0.42364450519071767
8728,-0.40474617362990845,-0.37637618742388546
8729,-0.033419231243644425,-0.43405406236514427
8730,0.25017997523858954,-0.46237735962335363
8731,-0.3214975157708995,-0.44694335011188535
8732,0.047662387113346194,-0.4682969828229871
8733,0.15702716022450036,-0.330192286929472
8734,-0.10709023536128974,-0.449986170037072
8735,-0.20802604207391134,-0.4366904425242569
8736,-0.9352331840945456,-0.32166600728443917
8737,-0.5638455425610834,-0.053181153332461456
8738,0.19412976747669575,-0.28219252074577267
8739,0.3762785709790758,-0.3913677845575551
8740,-0.06221458539358259,-0.44784266049869026
8741,0.008169185431249466,-0.4861625596096215
8742,-0.15924968092962127,-0.3732712610831191
8743,-0.002699246410952023,-0.356964900251014
8744,-0.37216752882493576,-0.3720424937777077
8745,-0.0033933621669262354,-0.36108351138028605
8746,0.29516955936550177,-0.41069181420344236
8747,-0.0440156315727981,-0.45683495615767883
8748,-0.4900277646370839,-0.3800422291670136
8749,-0.182560104417441,-0.36289685285834106
8750,0.047514926716532305,-0.4346962656180373
8751,0.16136304791315223,-0.41633101892658864
8752,0.19644205388811178,-0.4390113955533791
8753,0.003042951456043627,-0.4386302282547183
8754,0.23616139121303467,-0.42289686144458827
8755,0.27417990669921716,-0.19464673540134017
8756,-0.11687679715211516,-0.4886231099557321
8757,-0.31401729146041657,-0.415890816213922
8758,0.09487773497907086,-0.4712733954452965
8759,-0.12837867419127333,-0.4280277459789963
8760,-0.2666242572000287,-0.40938670464363697
8761,-0.20682834611718248,-0.32001037138406674
8762,0.31071436709015277,-0.4226539111929739
8763,0.6050928636693454,-0.264224043098429
8764,-0.7407189155961162,-0.3458682135536833
8765,-0.24990717644500826,-0.4107452873560516
8766,-0.018511322640703785,-0.1234934540027472
8767,-0.19412355700493353,-0.2993456208754507
8768,-0.03169804352252374,-0.20988700407841498
8769,-1.126384793302543,-0.06876258030270947
8770,0.17347189984425912,-0.2812168915852746
8771,1.156776546131378,0.524916903494716
8772,0.37830238375026154,1.001720921701255
8773,0.5884519109945219,1.0773417575461424
8774,0.3508209411604253,-0.06929906429249744
8775,-0.99880350629755,0.04822702274019047
8776,0.48532170872346414,-0.2911497517850401
8777,0.380346589412771,-0.2963547060150307
8778,0.14638284478671335,-0.2389535733407396
8779,0.13648757794221106,-0.3816333780645422
8780,-0.04704875798721688,-0.3403127350898246
8781,-0.6234980432077917,-0.39070187082234453
8782,-0.3180803320339797,-0.3256732254588686
8783,0.09307698166876903,-0.35720208741410797
8784,-0.31748468591652534,-0.26553771480597943
8785,0.040305638418472685,-0.4354984910288371
8786,0.5514375916442857,-0.25868133654238645
8787,0.7412458670223977,-0.13049158227735078
8788,-0.03910432497476477,-0.09968579522186255
8789,0.7895171100478962,0.0015657313564353403
8790,-0.5113799593136658,-0.2535381550630592
8791,-0.10467855723020485,-0.2736661433073035
8792,-0.10596064179617112,-0.37964332710923554
8793,-0.057196608548330925,-0.334628231501197
8794,-0.31582633083734074,-0.31955504448252436
8795,-0.17598194171757583,-0.42465945132211674
8796,-0.014492061138312947,-0.37811271689618253
8797,-0.6670591005174413,-0.3228321477430127
8798,-0.016447837169444805,-0.3856480682157028
8799,0.18741937933793323,-0.40080735589736727
8800,0.04516541748043117,-0.3922235440922192
8801,-0.4422897233098105,-0.40979477774132844
8802,0.34210743659456205,-0.40470798940929137
8803,-0.297866447711144,-0.45661704604472747
8804,0.03239035440518835,-0.4348625188141881
8805,-0.14002121512100735,-0.3438088339794053
8806,0.5334614278225466,-0.3454558840577211
8807,-0.5815689601100253,-0.3415304800477849
8808,0.32547740611393433,-0.33234599544041743
8809,0.16181254071344892,-0.4555558800129592
8810,0.3997458220062777,-0.40604323366597633
8811,-0.20486009495024288,-0.34991065212863537
8812,-0.2690333772576773,-0.3465244036879205
8813,-0.33956773529498646,-0.41806902671118895
8814,0.015006823127488201,-0.41316422315545426
8815,0.28347948154199903,-0.452378930149942
8816,-0.4417659571303772,-0.32893142315119356
8817,-0.48461463545278055,-0.34163544203825097
8818,-0.0021623585687333357,-0.4540611848142333
8819,0.3090208234451255,-0.4512901072994366
8820,-0.1550448423614214,-0.4430831838446151
8821,0.12474669186763684,-0.44821011241304765
8822,-0.22403618662912025,-0.46317864934159025
8823,-0.38296793251419425,-0.43016113288351004
8824,-0.1309016789566722,-0.4269819988663348
8825,-0.5527996006621211,-0.2920733987614931
8826,-0.24595598135042826,-0.3698905130083664
8827,-0.2923238730859237,-0.22227500659723884
8828,0.07195648200982536,-0.058765347557786465
8829,0.3168378809762784,-0.4071709874341455
8830,-0.3790150585180082,-0.4536228848888779
8831,0.037894835878476515,-0.44807825831755743
8832,0.3181965559688627,-0.4847754218709056
8833,0.0037232180158908706,-0.4169057066652047
8834,0.049287906640377195,-0.4723442588948646
8835,-0.0650363950865286,0.29847690980012753
8836,0.08584113273493386,-0.1872108226993694
8837,0.49415731746916736,-0.24288665133993287
8838,-0.7598180885439317,-0.3800623733928737
8839,-0.016227532867974147,-0.31666340399223414
8840,-0.4592700862069616,-0.2960343635463044
8841,-0.07125683618807684,-0.3568913474214478
8842,0.06191990588543283,-0.3722900339413593
8843,-0.02719005938462768,-0.3163178731676545
8844,-0.28792032414874696,-0.31111437460238367
8845,0.1494070041775737,-0.4056856444472564
8846,-0.09366330338695224,-0.3837830136580084
8847,-0.15324070799740336,-0.400187550296776
8848,-0.16800323852409937,-0.3570192144692482
8849,0.24150000071694008,-0.3780821835835802
8850,-0.5226166409891901,-0.3795680858292639
8851,0.3648272872405864,-0.4030307421386058
8852,0.08472353081324603,-0.39283623897311143
8853,0.042623609010384235,-0.3691197672591296
8854,-0.10188126444974471,-0.3977568880067586
8855,-0.505543257904214,-0.023443003583715427
8856,-0.058630292520298964,-0.299010094198069
8857,0.005485787142048696,-0.3596551821917429
8858,-0.22226453078023425,-0.15376574533477108
8859,0.4595990028612174,-0.2044472761522989
8860,-0.5604934276556507,-0.01568507536380495
8861,0.9979586034565231,-0.2683415310711032
8862,0.7794009298826047,-0.21889333762921645
8863,-1.5999176846718377,-0.14099263421825844
8864,-0.9003088050674916,-0.038998715483431104
8865,0.04219587482671908,-0.07711004049472328
8866,-0.5117046133250773,-0.23894674521419923
8867,0.5029433305441688,-0.39986988825658365
8868,-0.26092739820429633,-0.20057773986232968
8869,0.0767999138201471,-0.45988678232299873
8870,0.7155610889451804,-0.32793379814426005
8871,-0.23991481144785953,-0.4164900909147676
8872,-0.16304944981779296,-0.39768238933841266
8873,0.060077093326645854,-0.017571897106752055
8874,-0.10592718528519347,-0.17821535044995568
8875,0.02499807427123664,-0.3666724136099488
8876,0.0721493427165534,-0.3725259607516427
8877,0.029585362056910647,-0.417575390514461
8878,-0.2975955492943816,-0.42737248815626205
8879,-0.8850036515981403,-0.24708618245404176
8880,0.09156173131414264,-0.3875067326944541
8881,-0.44053200968752804,-0.060530745331487286
8882,0.13234226756477102,-0.10966791740064312
8883,0.048721833505448765,-0.3666924225233152
8884,-0.6536657079778746,-0.2340875104659084
8885,-0.2722390091474851,-0.4407940584925666
8886,-0.06957070432388762,-0.02689224318187526
8887,0.658875275128533,-0.3489967942792504
8888,0.2624754408167262,-0.4564257595107199
8889,0.23802154037724746,-0.44028070406283326
8890,-0.22034663489846834,-0.43287139914716044
8891,0.46526939536297734,-0.3821858539891759
8892,-0.2857948385647191,-0.4635324506041101
8893,-0.124790362447157,-0.48406285604792104
8894,-0.04471166169782956,-0.4114331723993383
8895,-0.2296002352945279,-0.4863392838627012
8896,0.3055320113923888,-0.4940028526221142
8897,-0.5823345662087325,-0.44235781895881626
8898,-0.6265172494634323,-0.3717407382338018
8899,0.3931576510013147,-0.45214877266187103
8900,0.14471080283309876,-0.48296210586927746
8901,0.2703097680907836,-0.46935782415005073
8902,0.11719591758431219,-0.376360554142443
8903,-0.08305816060427769,-0.4274009264720001
8904,-0.046585562260264224,-0.4709137909947615
8905,-0.5868064836463814,-0.4304148819951295
8906,0.017310386306757172,-0.48515539609741426
8907,0.6111378697724942,-0.19158720323371936
8908,0.4489655463369587,-0.41362408847013377
8909,-0.09853317334303709,-0.4420894817624692
8910,-0.36526096962032495,-0.4700597358455687
8911,0.32678191158797537,-0.4465317492529884
8912,-0.05942378797937443,-0.4134532316193708
8913,0.42913285558970954,-0.4346971361637736
8914,0.4361887258515302,-0.38303709326882834
8915,0.29368065750307243,-0.35465571336692814
8916,0.06103523245672344,-0.42701013935350907
8917,0.0027929462812157973,-0.441877365166079
8918,0.12392980122463926,-0.22216892150338002
8919,0.11412654122424257,-0.428709822756877
8920,0.09572273299742647,-0.4182162495793424
8921,0.35169345984481076,-0.430021668866445
8922,-0.2580898416572693,-0.4325812600460991
8923,0.27103102607963153,-0.3718696774455098
8924,0.2193201794230533,-0.44996497191468565
8925,0.1820124526113173,-0.40532008498827865
8926,0.2183100415302947,-0.4216488593598387
8927,-0.24411747432235548,-0.38363979446007823
8928,0.7281348066495312,-0.45374704693482026
8929,0.3045885709541164,-0.3156148985924335
8930,-0.37665490429815973,-0.2769183756569824
8931,-0.209592599348159,-0.4262942793689656
8932,0.5588975287600155,-0.4009262773828792
8933,-0.10548664318550285,-0.4735004040223411
8934,0.522503858339677,-0.3366384596277929
8935,0.5127198428284927,-0.328249127938394
8936,0.03553275588809325,-0.36883136951294193
8937,-0.0059765358668190955,-0.29838124904107655
8938,-0.22335280091700177,-0.3497164549951525
8939,-0.23442400994494397,-0.4104144750272727
8940,0.23950408869619022,-0.41125994430963686
8941,-0.13590395576419892,-0.4439853726379631
8942,-0.049314234888196126,-0.42097071640364797
8943,0.2018441645324645,-0.4569196007190158
8944,0.28877695440142254,-0.4233920886475572
8945,0.037976766585966465,-0.37416941912345564
8946,0.13783539865442251,-0.3284488504112618
8947,-0.23866705051362072,-0.44858322259807953
8948,-0.44301375418827993,-0.39343886473060596
8949,-0.17301275386935572,-0.4057983175541601
8950,-0.2911230800266691,-0.4019069743619063
8951,-0.1464093633349734,-0.2988915794354693
8952,-0.37089815500851087,-0.3629309263329813
8953,0.38409502839233706,-0.46454024984224507
8954,0.8953658913227545,-0.339046756482407
8955,-0.31617268700240125,-0.43945889251548953
8956,0.5070188004595108,-0.2606120320931911
8957,-0.016490583116614645,-0.20704052712139986
8958,0.553039350169332,-0.18355835578178126
8959,0.020724115739042065,-0.018946047797129828
8960,-0.30442886889528714,-0.2878748096055586
8961,1.0245340359167447,-0.26602293907125174
8962,0.7286644532730608,0.3777646687454186
8963,-0.12239162368167453,0.11691103579785062
8964,0.4325010365480873,-0.15757880015496406
8965,0.6905603994364956,-0.052035287844410846
8966,1.987172619065399,0.9217470151321002
8967,0.04076929947555639,1.4537212995162458
8968,0.7734785475112792,1.1070459276175417
8969,0.13698392940484622,0.5001490873789967
8970,0.053544769542384164,0.30937106822293053
8971,-0.011133379467695475,0.25545619801405056
8972,-0.9539900355026668,0.5211505908571411
8973,0.15873711653391914,-0.02126749100661475
8974,0.13306808443008036,0.009706054391553781
8975,0.49317994209015975,-0.23556709773695797
8976,0.018574518629292366,-0.16130348482154516
8977,0.2946345140645321,-0.2562289333958666
8978,-0.25040457800675436,-0.13082528667734517
8979,0.2515787967435844,-0.2782130276102244
8980,-0.4457207498604048,-0.2670278871054278
8981,0.7022999657634723,-0.13886500635783508
8982,-0.09617692654446963,-0.16273719344949295
8983,0.1999134675700825,-0.02581798644159572
8984,-0.3748602608130652,-0.3349708034372807
8985,-0.5061496795791935,-0.3475256049037617
8986,0.33530469126692486,-0.2765689808299169
8987,-0.2724216440089742,-0.3284714218360353
8988,0.09444271150452915,-0.19339860200765452
8989,0.4513054629082361,-0.3473965365014735
8990,-0.2677712351571098,-0.18271471115279742
8991,-0.026476805397106173,-0.4402538208806622
8992,-0.13784047211823391,-0.3028525844515936
8993,-0.21280047748514952,-0.44484579509105593
8994,-0.26187178531894306,-0.3927532688414208
8995,-0.5666895565586194,-0.1279979644791317
8996,-0.6954109158174364,-0.23188642389112635
8997,0.17160166068172744,-0.26696345760830753
8998,0.32391533519809435,-0.2750065736326544
8999,-0.3387771276277493,-0.18911687624524626
9000,0.6755772234319561,-0.40265689614150096
9001,-0.4298598652982658,-0.4497844056121566
9002,-0.04712158266297333,-0.39791809879091833
9003,0.47916595642010407,-0.3466530505594769
9004,-0.17208779940132907,-0.4233878661477798
9005,0.14158762040416767,-0.42157485491374613
9006,-0.47403748986165756,-0.4291902887723317
9007,-0.6470547225687434,-0.3868631396528224
9008,-0.2314467560528242,-0.40527634256323863
9009,0.5567810528819072,-0.4294283398504654
9010,-0.17813342461409845,-0.46247914507535187
9011,0.3386257785941374,-0.35799949836635203
9012,0.054849437982519386,-0.4380130420329654
9013,-0.4345834367889812,-0.4446716738240374
9014,0.46430114123578275,-0.41224803055160464
9015,0.31033875765013996,-0.4611954911276838
9016,-0.11810910629809379,-0.4321452757419892
9017,0.015309889780289231,-0.40324542941901476
9018,0.8150632079078879,-0.09134006650823095
9019,0.29555847463077056,-0.1614395873837033
9020,0.44070932414420416,-0.13764809040681053
9021,0.2776077724596867,-0.208368744855748
9022,-0.17130053887416377,-0.26969394477329867
9023,0.5773618635784828,-0.24337771514442047
9024,0.002121700417246083,-0.29695908393716625
9025,0.016731638509879153,-0.3122256173845981
9026,-0.5392569437464748,-0.3223742799365757
9027,0.1991044581260964,-0.3655116849302793
9028,0.2492813918480385,-0.1050946636123988
9029,0.02724505030697766,-0.18475615371307066
9030,-0.025764839204284226,-0.22561995645922325
9031,0.2863350630621392,-0.2618540571186657
9032,-0.042208346300499924,-0.26759832728548244
9033,-0.5576687123148463,-0.2979465179857588
9034,0.6143715961650928,-0.32293318201471355
9035,0.5190411633752138,-0.3025803086505071
9036,0.6544983619360211,-0.14318497670746802
9037,-0.6524947612930427,-0.1930306769330799
9038,-0.05228752804580161,-0.3448848309586726
9039,-0.5228874978403316,-0.16857245592787717
9040,-0.07468368766452527,-0.30233170768834633
9041,0.07954180449433834,-0.4209230517058356
9042,-0.4732132513367505,-0.35369399670124513
9043,-0.2409556638172039,-0.3784242348019772
9044,0.1452565060424758,-0.3742247680358453
9045,-0.08974025633236175,-0.4458535482262786
9046,0.12617239996131197,-0.22491463844986756
9047,0.25401710875543443,-0.37189762904603313
9048,-1.9520280104674483,0.8754392356258939
9049,0.45518808150857415,0.1029245328654235
9050,0.2639807833136502,-0.040843150406472184
9051,-0.2513926153102297,-0.07674154009109099
9052,1.9697465937944838,0.3588077528388511
9053,0.39919326838657165,0.45571341114297514
9054,-0.9027411406096519,0.16958790700049076
9055,-0.2610152949508079,-0.10886866977010926
9056,-0.15545200511958562,0.01834981750686851
9057,-0.315981047810726,-0.34713276645672586
9058,-0.8115130357911627,-0.11908954153152257
9059,0.0002354052282074904,-0.16367767515747095
9060,-0.8953149625031736,0.35511066653697665
9061,-0.5368631071768333,-0.23078270524640504
9062,0.7568347385645916,-0.21452609197370606
9063,-0.4548623324061774,-0.3156721739438747
9064,0.44838785634829087,-0.3956764736789582
9065,-0.07591895229920832,-0.3023134527694777
9066,0.7415953613586596,-0.41398668015026896
9067,-0.30451630293001486,-0.3866425806777125
9068,0.1557811857768382,-0.4405640016520727
9069,0.06125099143378324,-0.4720955377096052
9070,-0.1337010050223681,-0.3532476134832354
9071,0.4293421343837949,-0.428859982593831
9072,-0.04448009321518579,-0.43559073701491224
9073,0.0728837617151385,-0.47129602716151414
9074,0.24538910395540073,-0.46135639731380323
9075,0.23255351683991102,-0.433020025453447
9076,-0.12883317800267816,-0.4362089581286153
9077,-0.11829692635319394,-0.49537610014852507
9078,0.14733654968165202,-0.4387220469385479
9079,0.20412634144404845,-0.48278181995009567
9080,0.10386941822492671,-0.4900382185643385
9081,0.017428261880679828,-0.4270592388064033
9082,-0.299255514173174,-0.3438312041211163
9083,-0.010122908605569933,-0.4642791908143177
9084,0.007495542633789825,-0.4750966655952399
9085,0.12482840766487796,-0.455326615910283
9086,-0.10031445176612676,-0.41937885467608005
9087,-0.10561188023787532,-0.423219541876372
9088,0.0397011090450145,-0.4973569581200187
9089,0.10780600434232769,-0.47731120786265985
9090,-0.2288716554086438,-0.47355056959364217
9091,-0.27865336043106276,-0.44051239806142095
9092,-0.0725187253230214,-0.5105531500760164
9093,0.13854252433789527,-0.48204749639336
9094,0.1518905877691194,-0.4300256954564221
9095,-0.3675994894283767,-0.4273461581091542
9096,0.4557262375210432,-0.45433298702004987
9097,-0.4431732823675743,-0.45339299611820716
9098,0.3512923235487042,-0.5018880729311622
9099,0.09887289694138549,-0.43416460807245205
9100,-0.36252691183286917,-0.4563905134545967
9101,-0.07697531365959435,-0.46790504933117416
9102,-0.3420604306859462,-0.3921178734763409
9103,-0.04829239117724733,0.011104552010873736
9104,-0.8138101155871259,-0.26702323475641887
9105,0.08949469877002325,-0.3149663562583595
9106,0.23376988981812288,-0.43116556640209147
9107,0.39201248236059155,-0.41711686755525357
9108,-0.12271969999992097,-0.47430047486191673
9109,-0.25976366104913057,-0.5022602221539196
9110,0.09232628863917333,-0.5192302133320835
9111,-0.26119033270431485,-0.47259392402121275
9112,-0.4666900036196728,-0.2541803094499244
9113,-0.3028064780941713,-0.33999583830475766
9114,0.41477079153038576,-0.365187114048843
9115,0.07886887545839805,-0.4412911956457508
9116,0.1343813409981638,-0.3511250845635516
9117,-0.29312828003487507,-0.3633898327304326
9118,-0.8413437199017437,-0.23536183924595178
9119,0.0494293901576379,-0.36500051771907643
9120,0.13955365667443412,-0.39240744081123946
9121,0.13350993502203493,-0.44108181463054313
9122,-0.5752131459913749,-0.32463672715729225
9123,-0.3463253588904297,-0.26438848819094396
9124,0.053718632065579475,-0.16609225860094382
9125,-0.4397721285938949,-0.19027736691310226
9126,-0.717944989015647,-0.04794043132201393
9127,0.8105133739713164,-0.2223411327176052
9128,0.4618153543631445,-0.22322937834533013
9129,-0.30560918335536835,-0.4506819200286147
9130,0.35189336427269485,-0.3995573729342711
9131,0.3154245594628036,-0.3615440213013346
9132,-0.03360421768132627,-0.35410031218182786
9133,-0.17082406979000872,-0.38572226696025896
9134,-0.06584727338622248,-0.46277352788564546
9135,-0.16105331079602248,-0.47319643754833335
9136,-0.12765262049561188,-0.47220365490348937
9137,-0.0481786486079183,-0.44268573411276224
9138,0.22868507825746276,-0.4268487738966043
9139,0.3089077402284315,-0.43810847191517066
9140,-0.15876636551790602,-0.47960967973013113
9141,-0.32048827546173353,-0.38264811280663
9142,0.051294116897801244,-0.4249323176769085
9143,0.04658176867116277,-0.4539233875062839
9144,-0.41433531868413515,-0.43834964720795677
9145,-0.06635473427170407,-0.4142364715225729
9146,-0.3673351950300937,-0.32628068139237676
9147,-0.13480930053748774,-0.25354938570362556
9148,-0.5396633761551974,-0.2358028118510012
9149,-0.8915237448851584,-0.01447956494007932
9150,-0.6543258076456824,0.27359371135977073
9151,0.7619189306472494,0.006867553445114069
9152,-0.09394052869616248,-0.2842737334007008
9153,-0.48712214355893946,-0.3727670164304702
9154,-0.4642344512780423,-0.30459479962234626
9155,-0.03854092018261314,0.01606190354021092
9156,-0.23101951342071872,-0.23024987693777646
9157,-0.3295456377129193,-0.2916669007439594
9158,-0.6668348822661042,0.15824795555001686
9159,0.08931454344248238,-0.0029355654138549653
9160,0.11141465850126844,-0.039597825055000445
9161,0.1793977842766038,-0.28299453944709085
9162,0.05152286162309799,-0.27299783779360826
9163,0.10595983462141399,-0.35500660789236027
9164,0.2570973428372184,-0.2526013161369601
9165,0.2192412327438534,-0.39227155123222696
9166,-0.3854489921367449,-0.31946843314337964
9167,-0.4056001861594751,-0.3817943314943423
9168,0.24741358485347975,-0.44764751936403285
9169,-0.49030230826875393,-0.3696432803782717
9170,0.3114763641219924,-0.3980961065583419
9171,-0.8717181278430769,-0.4068865539875458
9172,0.6334031014197644,-0.48418811852864235
9173,-0.1596081464836626,-0.5056646116611939
9174,0.5606858241395761,-0.44533778114759537
9175,0.32197362297598414,-0.2566983420977371
9176,-0.25383553855169866,0.00888459484424943
9177,-0.09441330652501825,-0.45154919261010706
9178,-0.1098184151413047,-0.42486658292365026
9179,0.3761618331784156,-0.4740968412239254
9180,-0.00497803396700897,-0.47405300249950144
9181,0.23773633030554742,-0.45170477460859304
9182,0.38926280889725057,-0.40418628202968315
9183,0.17318487921316353,-0.36884833287238
9184,0.30890696906388243,-0.3785285571434909
9185,0.0995819317282364,-0.4833626885340523
9186,-0.4301591301810749,-0.312655842331559
9187,-0.19329175093734402,-0.47974040214105895
9188,-0.35194354407463824,-0.43348788050828846
9189,0.07393194686964161,-0.4766349472207196
9190,0.24983864187234356,-0.34283893964636303
9191,0.2307785066414756,-0.4411033819969377
9192,0.167722430595401,-0.46663511970505933
9193,-0.025682646720130105,-0.42147554494050343
9194,-0.30175144371359297,-0.4914858794700592
9195,-0.39819892524151684,-0.4661413398267089
9196,0.06472905529773386,-0.4936160781080927
9197,0.14606611526180946,-0.5036654063069064
9198,-0.26041688915155,-0.4701382165295446
9199,-0.32139857077837425,-0.49698913360653396
9200,0.32175150463332536,-0.4080230030289983
9201,0.2862579335371268,-0.48636678030757435
9202,0.20522466617978602,-0.5239358940421794
9203,0.3234833864976238,-0.47587122828460027
9204,-0.19200103348108474,-0.33112035479154683
9205,0.1536740394798926,-0.47231493174382133
9206,-0.24492640557635997,-0.4454149751657861
9207,0.7520862042709524,-0.4556531071068454
9208,-0.4590274009453305,-0.493438488140297
9209,-0.3438600290567453,-0.4745360205612954
9210,0.0004272364213161175,-0.4693516891605126
9211,0.10871552754839034,-0.5089178826182188
9212,-0.1728192326336202,-0.49051206927534613
9213,0.30543134895384877,-0.4877840141172147
9214,-0.09933624153224191,-0.4873788632456289
9215,0.42803741233497544,-0.4207679935362271
9216,-0.046395696371488146,-0.44536539478799153
9217,0.21492426867982917,-0.4265705561561453
9218,-0.31610368366819,-0.24186208939706166
9219,0.015535731599043616,-0.4520396133122016
9220,-0.32620713486526154,-0.4131204003759399
9221,0.024275778337732402,-0.4561609443931541
9222,0.21573036663804512,-0.4208396779377757
9223,-0.21573295033710949,-0.47556553118713496
9224,-0.4727474498826328,-0.37773993886111806
9225,0.11440229167751968,-0.4386337875481956
9226,-0.3296984828876058,-0.4747700379265041
9227,-0.037840548771535296,-0.47536266850310316
9228,0.1193196232667117,-0.4726206119887191
9229,0.49334860647039885,-0.3972245041468021
9230,-0.017403765588760077,-0.44396876528257034
9231,0.07429802606629014,-0.48678890431714567
9232,-0.026141643308248835,-0.49217140862203596
9233,-0.2699201060563279,-0.47150297902941474
9234,0.192672021069007,-0.4736431757256464
9235,0.2244360688222066,-0.4944276282100596
9236,0.07174809274516458,-0.4694611734633899
9237,-0.33320208004246915,-0.47791123518286827
9238,-0.22831432905753865,-0.4662797189616562
9239,-0.1334665484079687,-0.4829655385242623
9240,0.19339236627372886,-0.47972001036038425
9241,0.22702805804360165,-0.5016176038677385
9242,-0.11285642092789064,-0.4904850911221409
9243,0.26231837595035634,-0.4618021415887771
9244,-0.16606788998855326,-0.47210176160708067
9245,-0.2490969861734131,-0.49237178932160475
9246,-0.014766854544656231,-0.48899416070146273
9247,0.10275021378272145,-0.44576796129639723
9248,-0.1624185071080265,-0.49149967714934983
9249,0.1701324981091273,-0.48383122359644737
9250,-0.028141578866153517,-0.4221967549541312
9251,-0.25870949182186687,-0.4935537692793536
9252,-0.051773737381633315,-0.5014204923942924
9253,-0.05352546649367398,-0.4394317913313611
9254,0.036062387843292285,-0.3327614813952956
9255,-0.26379213797963197,-0.4367612114882766
9256,-0.2557777944429084,-0.30751151290921375
9257,0.5306236261220679,-0.3686961319698778
9258,-0.28299426933794175,-0.43768553751512107
9259,-0.12641782317380282,-0.4758867426792242
9260,0.22289397436407588,-0.49429899497162333
9261,0.10248316846833944,-0.4837296300280453
9262,-0.3155748060845297,-0.47698185632779866
9263,-0.27165426895628736,-0.4049904490915629
9264,0.1362541246132821,-0.5029523946265975
9265,-0.08981002071866617,-0.4805408458088114
9266,-0.19985794401685752,-0.5217954391349768
9267,0.4418793878641806,-0.4940080356730165
9268,0.2260959744314175,-0.5296429880924325
9269,0.10298385774297765,-0.4959046783765818
9270,-0.19598170266430168,-0.4243256574210085
9271,-0.15819189670511358,-0.5158389223688723
9272,0.3170804430106404,-0.5115045730706145
9273,0.2139360332764733,-0.5093473537409019
9274,-0.19056793810157818,-0.47618504449409493
9275,0.16809640624284622,-0.508973056362399
9276,0.057447204824345184,-0.5095785344382985
9277,-0.019551946267392727,-0.5462918950524682
9278,-0.0894063393236749,-0.4939817758931209
9279,0.06056097871267125,-0.5221517558723018
9280,0.12073076433938264,-0.5170013097752459
9281,0.13705233314809098,-0.5223054423761868
9282,0.11701563034853324,-0.48790046139792964
9283,-0.18519266980201984,-0.4771242911436759
9284,0.02275745333601558,-0.48775059080535965
9285,-0.03986673371927448,-0.47700945286737767
9286,-0.19968765689461174,-0.5217670310894618
9287,0.17439779407664874,-0.5032777074055403
9288,0.047930331592100035,-0.522291623104203
9289,-0.05120427981991766,-0.4973281376350418
9290,-0.18537852439130117,-0.4821970442540188
9291,-0.2559488508581571,-0.4738512505312859
9292,0.13216713150878243,-0.48343794387151084
9293,0.12966040678036578,-0.5076187656923423
9294,0.1003254503793354,-0.49614419698878337
9295,-0.2931998176574255,-0.4942796908161741
9296,-0.10558247289606014,-0.4969687508302187
9297,-0.22542496461660885,-0.5299613234579627
9298,0.0994449261409766,-0.46379367001955646
9299,-0.1291822185118572,-0.48929866613157547
9300,0.09215227857452178,-0.5095802349763653
9301,0.07546488369379918,-0.4799433507910098
9302,0.15308902554387874,-0.4788263780520137
9303,-0.31231233937960895,-0.5038996845222918
9304,0.022911385716877876,-0.5225057555191635
9305,-0.0694885046211122,-0.5313397994746085
9306,-0.07394438032015978,-0.5270522196692313
9307,0.07064056641423615,-0.5152652485279156
9308,-0.15148593013151984,-0.46824423231090784
9309,-0.019414123282853683,-0.5068223732124403
9310,0.2889552640003796,-0.3906855392844745
9311,0.13048500050078923,-0.39874377059215643
9312,0.10970945088142536,-0.4478094642678948
9313,-0.015716060534093752,-0.4795914705520966
9314,0.0401180680654413,-0.4938957655539816
9315,-0.01720302908318945,-0.46493968909786776
9316,-0.23319639892785263,-0.5013644492306937
9317,-0.05511374694935473,-0.49454188759819584
9318,-0.14527383032829785,-0.501672594111931
9319,-0.17847233954480218,-0.4446518988985134
9320,0.3373642217781017,-0.4624076578916718
9321,0.04378096572968009,-0.44654644179992775
9322,0.13373866459817604,-0.48990704491016507
9323,-0.06606753926315076,-0.5323635223954744
9324,0.07817484638161519,-0.49926869514843275
9325,-0.5353247746524292,-0.4157768404907729
9326,0.13127753018434993,-0.3918782348219774
9327,0.21985501405485247,-0.4194001344218775
9328,0.2943424840842829,-0.3917563419329222
9329,-0.11159218772548397,-0.4972460607777212
9330,-0.11876587794934486,-0.4102676510518337
9331,0.10221982557755753,-0.5015263380205233
9332,0.16198067718297765,-0.4849978589058732
9333,0.1948948024348803,-0.4573447154226493
9334,-0.20722106246414798,-0.424700828764588
9335,0.0873748861860883,-0.41322753703200304
9336,0.35707986197043257,-0.39463601058380077
9337,0.36368997006699877,-0.23925008105927134
9338,-0.007395565903680405,-0.35940697923290427
9339,0.6164740534225849,-0.11345569569729033
9340,0.9317851548067674,0.7395472629157104
9341,0.41101111708282306,0.4996357867802459
9342,-0.20863532394956485,0.005560478395660484
9343,0.10386100047522948,-0.16248809478457432
9344,-0.5922791959817281,-0.05417771386034067
9345,0.5606850211044773,-0.22489390192089498
9346,0.11033389679695216,-0.2110660131684691
9347,-0.25873153603516524,-0.32981444787683817
9348,-0.17278643668228738,-0.33418317619928817
9349,0.27080298495347105,-0.2855692975239375
9350,-0.2905332710635011,-0.14266103412310652
9351,0.2680609265531236,-0.349996986392353
9352,-0.17689601052689613,-0.15208030533928
9353,0.4086807479429003,-0.23844767900706498
9354,-0.39495558657164603,-0.34300920471741264
9355,0.24360699276160286,-0.3398895434841415
9356,0.16369971057060087,-0.4044660132313864
9357,-0.1670149431372147,-0.45979195765166947
9358,-0.26483802837289094,-0.4604529594407136
9359,-0.6271075837806247,-0.33773500425443737
9360,-0.4563808378141381,-0.34011802800024354
9361,0.24500796972477584,-0.3893972868127296
9362,0.29409678488632257,-0.44129582775937737
9363,-0.19791215516905197,-0.48190225181561364
9364,-0.34477422658913764,-0.4629151267634427
9365,0.472030812262701,-0.42572012229554385
9366,0.5958596460253066,-0.40637090239104123
9367,-0.2616225085142892,-0.42741512043403174
9368,0.04847017831583909,-0.01486909911293112
9369,-0.37538036345603487,-0.4414055416526995
9370,0.7014260367016536,-0.462991802085131
9371,0.8703843576410728,-0.395042494667871
9372,0.5255928555998772,0.17043504732764053
9373,-0.660560771707385,-0.3058874846755887
9374,0.6204766803540751,-0.18632247420535666
9375,0.038805231648917415,-0.2946855802858671
9376,-0.30572935541539337,-0.3604749816968513
9377,-0.23829453992920865,-0.4691816466095713
9378,-0.2596851674436428,-0.20393540412535877
9379,-0.5177549812025257,-0.35368632129368777
9380,0.2913045173438801,-0.40492218069113917
9381,0.11338135983325179,-0.47932121626629876
9382,0.12397829558553247,-0.44327998907604277
9383,-0.6663121347393846,-0.45196435567906584
9384,-0.4099406659572189,-0.3392369515981301
9385,0.09370701675562362,-0.45033576889597055
9386,-0.29731177207061155,-0.45259979667853445
9387,0.3338339355185046,-0.42405105996444786
9388,0.22455911387555527,-0.47406582365268773
9389,0.07230049529652216,-0.5131616818905521
9390,1.017353650749959,-0.4022447955249479
9391,0.08794341720318918,-0.4003784789881274
9392,0.25910749056857724,-0.43927147612810524
9393,-0.4846735116513291,-0.4018951216894866
9394,0.07996581975224967,-0.4441785565454171
9395,0.6836304071554951,-0.1442266755130508
9396,-0.2880479987753325,-0.398810085930936
9397,-0.4695328714557336,-0.3965972637617404
9398,-0.035360694952893665,-0.43549877044133045
9399,-0.2677589037196785,-0.44252475950933473
9400,-0.16847848323493758,-0.4608441734773178
9401,-0.04904570349201376,-0.5046932389084409
9402,0.04018979281551581,-0.49299808832669334
9403,-0.09349124110947014,-0.4924889499565974
9404,0.1380566020740768,-0.3751091911662334
9405,-0.25428196574493556,-0.4539488510737157
9406,0.07149109021895779,-0.39374405981912386
9407,0.12385918242664459,-0.4813028934165218
9408,-0.8598126862272264,-0.4187935090071163
9409,-0.08942761743203555,-0.3969343728686589
9410,0.31649881531303903,-0.27877081707594564
9411,0.05686640365617032,-0.44978073567736143
9412,0.05358179145099955,-0.3998341836314254
9413,0.3860941487189679,-0.2087378283229597
9414,-0.3916938957099344,-0.3653250415914645
9415,-0.03989663399275879,-0.4268544741485152
9416,0.34502420197061245,-0.434912349339984
9417,-0.09097099987548656,-0.4551275017703671
9418,-0.3251733278645456,-0.45184383125589117
9419,-0.20921991406034884,-0.45920599741360535
9420,0.08376855526886193,-0.4374230002679909
9421,-0.2327405966136938,-0.43157623176243093
9422,-0.07313336427143513,-0.3479018759132041
9423,-0.20081549047874198,-0.3641426296009135
9424,0.16691470869023975,-0.4478321764930433
9425,-0.2400857330757167,-0.45143722602825037
9426,0.047676488712003015,-0.41388641437233775
9427,0.22949790975219958,-0.30875547944769494
9428,0.004697856061296383,-0.3709641280351858
9429,-0.3050464575173966,-0.4695756901995183
9430,-0.42681727345126524,-0.4226400013367241
9431,-0.41117094289792755,-0.24990173781706368
9432,0.22548905990925278,-0.35876241244079277
9433,-0.27564263945246825,-0.4288197499198628
9434,-0.08559720048351811,-0.4268081740330193
9435,0.5371537824144219,-0.2057385947796796
9436,-0.6134940410047404,-0.32710346334544566
9437,1.1349579518299915,-0.05284462243045371
9438,-1.1310777866288408,-0.043179658285616575
9439,-0.02547275160654043,-0.31726885732869536
9440,-0.16577641319685915,-0.2715101117019334
9441,-0.03728876551597319,-0.3896380561561039
9442,0.5823074673153988,-0.3814471679042244
9443,0.1414285966737051,-0.31755895682064067
9444,-0.2660608852489903,-0.3965305379803821
9445,-0.3842772085963507,-0.25907591691296095
9446,0.08714394128771977,-0.24911481524405432
9447,-0.5525789594939231,0.13320449859394834
9448,0.3382095954484164,-0.3225870393933967
9449,-0.8586343254434519,-0.34460367526817853
9450,0.2741045076945793,-0.19918890603799655
9451,0.12691769398590938,-0.41015700611315076
9452,-0.31084603230266644,-0.340862542132386
9453,-0.06257789855105753,-0.38252019158286055
9454,0.2473985641247492,-0.4641061332145221
9455,-1.3019135870432097,-0.18248415221453415
9456,0.5262827396787143,-0.3167153596984481
9457,0.6656422698797324,-0.4195791927703356
9458,0.2859259382584746,-0.2745926538975929
9459,0.31367902658594327,-0.35745105089476525
9460,-0.4220762953567672,-0.36577252802744764
9461,-0.11176047153999583,-0.18734405049680167
9462,-0.5429081106854293,-0.328236748759265
9463,0.07593185932116886,-0.33904016695161987
9464,-0.029883564635546332,-0.4257885026866287
9465,-0.3497218606746782,-0.44240527420523545
9466,0.1448282676031786,-0.38075537195058473
9467,-0.6678715347768988,-0.2658459878062728
9468,0.8115347796432579,-0.3574963853532116
9469,0.26782746325896784,-0.3798121364268825
9470,-0.3062402249097648,-0.36174330468379096
9471,-0.32494543960344396,-0.43001887478570233
9472,0.45200199078480513,-0.4365744667473242
9473,-0.18170551669079185,-0.5024302223808697
9474,0.42814955451081554,-0.4262818264913133
9475,-0.06632763071646221,-0.4537477074794952
9476,0.1253084874569545,-0.4418390174069929
9477,0.20915032905900327,-0.431898877806228
9478,0.20734091541930183,-0.31266869205829545
9479,0.3744960849105985,-0.3679575146193538
9480,0.13456031597605253,-0.38832637852199253
9481,-0.7577094576478387,-0.15000070498509113
9482,-0.3261321448981865,-0.40011485200595726
9483,-0.380062703237327,-0.45813848147752323
9484,-0.4171068913003029,-0.43852174977951147
9485,-0.28764202592959215,-0.4359290702816216
9486,-0.17960318899949418,-0.33914016100949784
9487,0.6960997524275675,-0.2910311611400376
9488,-0.5993372926757672,-0.2338644676428863
9489,-0.004568989599621722,-0.43470360182496204
9490,0.20361814403149342,-0.4736288641290338
9491,0.37033952556800104,-0.4328041556450488
9492,0.12678817124808353,-0.46883329141157615
9493,-0.09649828881785434,-0.47343178113424433
9494,-0.3004858498840932,-0.4530205165542206
9495,0.06541290464940551,-0.5158360086646983
9496,0.3362817229327159,-0.4665683853922551
9497,0.08826342866228536,-0.5092232230161228
9498,-0.15564797893605722,-0.5204929783798045
9499,0.2826595327415136,-0.4796218302885227
9500,0.08552427403226802,-0.48886985127079874
9501,0.09763769254256305,-0.4221348730260059
9502,0.09987399920758155,-0.12774214926175645
9503,-0.22097582617127792,-0.2671929452444075
9504,0.3394528161215229,-0.37306998942891456
9505,-0.13724380193901792,-0.4496641123011563
9506,-0.3242259267416545,-0.4079950702484252
9507,0.19035889570584902,-0.3984156713881382
9508,0.17593557377766375,-0.43695690903464396
9509,0.34094854956161114,-0.39250271405970316
9510,0.16306507516136298,-0.35541076899500007
9511,-0.30084613580481884,-0.3875276964817427
9512,-0.363995106562815,-0.3997732370820981
9513,-0.02507076338268753,-0.43948417111363464
9514,0.2511879354471684,-0.4334219239637507
9515,0.15933647159494807,-0.45923390520860785
9516,0.1876071558766809,-0.3778122994463012
9517,-0.10287529456133218,-0.38818337204746967
9518,0.16460466629673087,-0.31140831509450834
9519,0.14297822715309322,-0.3158530385316601
9520,0.694105487057101,-0.26814503443780413
9521,-0.022447676310521754,-0.35529266988799646
9522,0.40542081980270117,-0.1404355757877959
9523,0.01991602998853651,-0.34541836708404106
9524,-0.025540988945864852,-0.3217324186716673
9525,-0.35314391864253586,-0.39440814395620744
9526,0.23209470105293575,-0.38694182132010413
9527,-0.3258716491150994,-0.40937440303511113
9528,0.16518022441039498,-0.3717276644318388
9529,0.5468249194732722,-0.30487711777802456
9530,-0.30290766392869434,-0.41773167621973545
9531,0.01381850494727987,-0.40668788908821674
9532,0.2465464705112004,-0.3149641373483217
9533,0.047843828057843436,-0.18073562900012263
9534,-0.9784852679100546,-0.1734972211801755
9535,-0.4106464138692654,-0.35723697176629415
9536,0.49546284739650526,-0.3862024579678972
9537,-0.9895451526656983,-0.2618988174482464
9538,0.18170096137352598,-0.3951913162223284
9539,-0.4742718230673605,-0.406011172662012
9540,0.1556901875623411,-0.41937187692917854
9541,-0.12177942834375649,-0.3992874630514974
9542,-0.3619995764484775,-0.14906624566573598
9543,0.9265430043403243,-0.3192839216691556
9544,-0.22259119078103845,-0.3886280738660083
9545,0.18483847180354937,-0.4609294823851551
9546,1.2505537631338528,-0.17467335594775266
9547,0.24363741144012505,0.03550739932134034
9548,-0.3613312507772904,-0.26212405731627275
9549,0.5561808908279455,-0.14681978708539456
9550,0.33645899294405546,-0.3681103377019618
9551,-0.20132789084642827,-0.3979275804810489
9552,-0.0012584894776772968,-0.3985432478767625
9553,0.35410947444302676,-0.3702349125127682
9554,-0.55049893758699,-0.35197638434365386
9555,-0.024641187083447612,-0.4082733151967961
9556,-0.5100742877102911,-0.4249927113418933
9557,0.04885618081547449,-0.36035363875944626
9558,-0.21388011629040546,-0.4220962866193614
9559,0.39134612674750086,-0.3433755910982671
9560,-0.32452727447332474,-0.40532770503069127
9561,-0.5919177041044863,-0.3155386064173795
9562,0.3654940589500684,-0.319250966699514
9563,-0.0069466618059797515,-0.3491830757855215
9564,0.37918151607323647,-0.33180351046288015
9565,0.02475722104962122,-0.3994546689500399
9566,-0.15840659376198218,-0.415080833416561
9567,0.0057941126059292605,-0.5073110130032137
9568,0.17991252979076888,-0.49028820439601106
9569,-0.02105027311957154,-0.4739854475911579
9570,0.055118966053465626,-0.4584247822819346
9571,-0.3288814344137043,-0.4725851574214492
9572,0.2940712325077236,-0.5022229147031444
9573,-0.031591571953415616,-0.4926966235946333
9574,-0.27726775418214267,-0.47316193109753557
9575,-0.10112930153480193,-0.4839784183983617
9576,0.20045567689201388,-0.5137215126677306
9577,0.10637435490059782,-0.44713912077836526
9578,0.45517515831327754,-0.40803916488348096
9579,-0.8523017258560746,-0.4493822931219307
9580,-0.1250399880254304,-0.4382827428750266
9581,0.15478052695127828,-0.5161711775974676
9582,0.2795007862027068,-0.5146109934156033
9583,-0.2830791111882269,-0.4707729873337434
9584,0.153013601247254,-0.4326947227611776
9585,-0.28754494300481986,-0.38180258107138804
9586,-0.3151923151390221,-0.4409060516241813
9587,-0.04524683986512563,-0.43293153308913535
9588,-0.16702067150023725,-0.45201449567242313
9589,-0.031860683509310386,-0.46659564952222593
9590,-0.043738818334423106,-0.47818308399845044
9591,0.05463295669752276,-0.3925052381967826
9592,0.3760132414795531,-0.4407182993083849
9593,0.2474990374997551,-0.45162536226173333
9594,-0.0625619621372471,-0.4225657391601466
9595,-0.09976613186585112,-0.4805704988755702
9596,1.4413877500560692,0.5279528935740387
9597,-0.34621086342417573,-0.1020258070081479
9598,-0.16778750963062466,-0.3112654814968758
9599,-0.05521661972636272,-0.3677901984170715
9600,-0.13066090546835038,-0.43690377682760834
9601,0.3886325583189653,-0.4227961937297833
9602,-0.3339167363436784,-0.38699908397719296
9603,0.12848382031994052,-0.46301031201614773
9604,-0.2745830458196568,-0.47073964606847246
9605,0.1952623424221077,-0.433217441342543
9606,0.08469718219433324,-0.48646148666907396
9607,-0.015253897390056984,-0.3684455088610695
9608,-0.002658293886715001,-0.4659114270655369
9609,-0.2628257584347951,-0.4072807531299987
9610,-0.3778680497907173,-0.3882812579005111
9611,0.11705014710244196,-0.414423017326176
9612,0.13908910959746204,-0.4493746124775218
9613,0.1377717715461977,-0.3707645524177998
9614,0.05282814420258648,-0.3772237661958918
9615,-0.017621976936087934,-0.4317532240742148
9616,0.3671574062795707,-0.33746368475217725
9617,0.0864984949308756,-0.3397698691788297
9618,0.27560224328091437,-0.21468201789218772
9619,0.05654004224352986,-0.18404650262001312
9620,0.12073773960401667,-0.30896485031017207
9621,0.12905210118494947,0.045128010764171805
9622,0.765620581995435,0.1952696901159398
9623,0.21678911866150058,-0.04797232137444283
9624,0.00039717046141140265,-0.07331002704018892
9625,-0.4399121669281497,-0.1646110313743047
9626,0.8779236348656766,-0.0854192442734373
9627,-0.4680605687899517,-0.1804695678585192
9628,-0.2823518294730565,-0.0937750717883871
9629,-0.6107110312370407,-0.13542915598192642
9630,0.1776725420265555,-0.20173565938714794
9631,-0.8276544084808387,-0.012270886050421898
9632,-0.6609074028724664,0.05542572883386543
9633,0.5080808028331822,0.06825225148972411
9634,-0.2259130652967569,-0.2063672963054004
9635,0.6424043524916361,-0.34201723671487844
9636,-0.28454271643432644,-0.28370735909751954
9637,0.4015374814897077,-0.3841797910413499
9638,0.2856261997122235,-0.3088890441356843
9639,0.005529169002393496,-0.289630516682548
9640,0.1540731302994548,-0.3809677848101427
9641,0.20830315454616444,-0.30192778351559013
9642,-0.37234881957742383,-0.3950362444045512
9643,-0.44993052195969785,-0.2460188279968396
9644,0.0008568464641088864,-0.34234708374477285
9645,0.026920629589256742,-0.12088242033617172
9646,1.0538137817323787,-0.0558076668381006
9647,0.2522824264522749,-0.2946807597844743
9648,-0.45366100152266886,-0.2712749017844094
9649,0.2025226500291681,-0.160833467145779
9650,0.3432561591684104,-0.38963573248984945
9651,1.568186257885402,-0.01731968090430526
9652,1.9387035003008541,0.8635630986178583
9653,0.8850284853275125,0.7138450739058853
9654,-0.8749320316636344,0.32591142813426066
9655,-0.7218265056479489,-0.04075666383016545
9656,0.7038016893697825,0.6210942411344219
9657,-0.5978056538112989,-0.08323140476989198
9658,0.8571725476799297,-0.0030144029479474144
9659,0.32410976402407743,-0.21691692239403232
9660,-0.4140613513745772,-0.2907339104541976
9661,-0.3766562963073361,-0.26870943033746236
9662,1.1457192764850128,-0.09915701313452413
9663,-0.5726527480515176,-0.3172105576683199
9664,0.4592749718271037,-0.4415304498772744
9665,0.17992927147456056,-0.30694860746969477
9666,-0.29215330485888713,-0.29134747256892457
9667,0.11032333659158591,-0.3421610866234985
9668,-0.2663233071816345,-0.36572803621873284
9669,-0.35333598928080806,-0.3777335310911743
9670,0.23103645180050625,-0.37092905882677474
9671,-0.5500599493008494,-0.37984645551983964
9672,-0.3507724384031168,-0.26482730829498424
9673,-0.2879731243582889,-0.3225175358555595
9674,0.30643807763451525,-0.3881472377353838
9675,0.25286094402601983,-0.4262626792196834
9676,0.2784290653421256,-0.3829148548823454
9677,0.08258530937309311,-0.36299426366393617
9678,0.5507555486686688,-0.2270958543357109
9679,-0.16072323227066787,-0.3250032938208157
9680,-0.2141733736128411,-0.40673930595222235
9681,0.19098613409282914,-0.40051351399293555
9682,-0.18664647553122135,-0.44889605433476093
9683,-0.1784309641818617,-0.3986421691873023
9684,-0.1980485078792469,-0.39816814689221214
9685,0.15238916979468753,-0.4451320168765094
9686,-0.47025240623589565,-0.406639618099022
9687,0.3587408453643286,-0.4412918938749601
9688,0.39327943812468524,-0.4132110850791618
9689,0.050480989835437855,-0.4385876809135734
9690,-0.3597664625471245,-0.4127951517883782
9691,0.0833257548254662,-0.3981927412521289
9692,-0.28394270317204684,-0.4221594990060261
9693,0.2574309134455847,-0.3542297264242287
9694,-0.00434868779312029,-0.37039909230359547
9695,0.3091458520298261,-0.39641610995649945
9696,-0.4271428492611634,-0.3730078522881208
9697,0.38892992270575216,-0.3191711800808208
9698,0.6023327042795367,-0.061743817413636846
9699,-0.05921599345218953,-0.21690963498343532
9700,-0.0823820529439379,-0.14299847533592158
9701,-0.2720356575127297,0.21398703665815094
9702,-0.2631142195877096,-0.27819333975070115
9703,0.42018805811592524,-0.3524710500799776
9704,0.34735668867386416,-0.2610643037835565
9705,-0.23049406423783161,-0.3543293981188238
9706,-0.2454918066296613,-0.37052048933802134
9707,0.004102974095003282,-0.2873094642782395
9708,-0.18554094547027503,-0.33961349255209583
9709,-0.15507574968228885,-0.3974645782578788
9710,-0.3756572470405755,-0.26551437611450396
9711,0.057939735885382475,-0.4229405381729877
9712,0.11572036486983203,-0.3350716499960543
9713,0.2993734542945873,-0.3991664186411783
9714,-0.20762100163670275,-0.2959684775245598
9715,0.17361625278284293,-0.4955313140473453
9716,-0.2121770168745064,-0.372791997931343
9717,-0.14223983669710805,-0.4312887146122195
9718,-0.5335686557334671,-0.3882676432289577
9719,0.1916570917300092,-0.0831351490053984
9720,-0.3582645438538354,-0.3192131917908048
9721,0.23636466029649583,-0.3717946256087561
9722,0.13361874694638567,-0.3617770329838248
9723,0.4931296449791296,-0.35887519312136634
9724,-0.6451071637858153,0.06483349846029435
9725,-0.16193857653507335,-0.29387707070763897
9726,0.4311636466596887,-0.19532026880226167
9727,-0.7196972238793464,-0.13627931809684624
9728,0.4667875997296464,-0.33536927003695555
9729,0.4754528693384427,-0.41581482094764927
9730,-0.6940936329296573,-0.3339393180572142
9731,0.7499954434493323,-0.33214450714504007
9732,-0.4663602908220395,-0.27868934684947866
9733,0.4634755455954438,-0.3386058159461392
9734,0.057798915437655196,-0.35725469070791827
9735,2.164971109427998,0.342300935281599
9736,0.7573606462388786,0.40801589990429754
9737,-0.05265995220467567,0.004205131906447446
9738,1.7521236007890273,0.3969859963166853
9739,0.0510406541912859,0.14325136157469223
9740,0.597879440213434,0.06725078789140487
9741,0.3917949906950797,0.25101697950078894
9742,-0.7379405901927991,0.027314979816663226
9743,-0.5006186426865072,0.22682850026626622
9744,-0.4315561251194422,0.021333525024659267
9745,0.8238593528520568,-0.01988173038734456
9746,0.6350248685345748,-0.17300569672555616
9747,-0.7724811322318049,-0.3005094278783851
9748,-0.16134900117119247,-0.21395906018107794
9749,0.045902847871994445,-0.3648875767888802
9750,0.40520923936725756,-0.2618437002331891
9751,0.008808573766234697,-0.39614222992016446
9752,0.30552117883384167,-0.2809193619347927
9753,-0.07291099922560176,-0.31555752155236577
9754,0.580985774017841,-0.2737837992216322
9755,3.8637358677002775,2.3905754095316154
9756,1.5673987759275971,0.6826668304460101
9757,0.16408689272673393,0.5578462980643046
9758,-0.2181919919223808,0.17062250725521283
9759,-0.23897847132890254,0.3758403627908901
9760,0.2622810488979488,-0.21620470907996336
9761,0.2514013535587701,-0.18791570179584194
9762,0.09149484302656596,0.03418116685138857
9763,-0.6403771321524399,-0.13713591284118898
9764,-0.20680456877948655,-0.09589229932139284
9765,0.6597205974942499,-0.17051144020178488
9766,-0.43806299239785784,-0.16693078545424675
9767,-1.213979838211296,0.20675424947118426
9768,0.08598140175570489,-0.015759156075399502
9769,0.49049215961350245,-0.30577691840440335
9770,0.4301355587904779,-0.10517661654142364
9771,0.9503782808322653,-0.0035377348672648856
9772,0.040368498090214526,-0.1596690617324958
9773,-0.01416488776304218,-0.13380493159477264
9774,0.21014809947472002,-0.1687622725464421
9775,0.633547464761404,0.011339644176036001
9776,0.23360899360488274,-0.1602767554000186
9777,0.42939840702602144,-0.12674860908906618
9778,-0.4868654394579996,-0.10211823150000784
9779,0.15249356915178763,-0.30690928178838905
9780,0.015557861355271293,-0.307075512367137
9781,0.4458804059986731,-0.30604448051210287
9782,-0.6676035177618386,-0.15730800176939036
9783,0.03823598776832021,-0.3097252948029474
9784,0.23362272355655017,-0.0797734735444512
9785,0.8654609199301293,-0.05616839203248323
9786,0.7341756050172457,0.0804219405766066
9787,0.42890469495084854,0.09630976692916038
9788,0.8721838878856571,0.37112807094091427
9789,-0.3765370925243087,0.5491679893602733
9790,0.4292080689278193,0.16975874648735206
9791,0.08620111796446325,-0.15877609818669441
9792,-0.9158498559849272,0.013648320792955027
9793,-0.9507328451697877,0.5060506726523331
9794,-0.7162423559493513,0.38904048112180956
9795,1.3428970170307744,0.03076911436577824
9796,0.18766457634853975,0.14678074904231225
9797,-1.0534948649216667,0.042829331562479284
9798,0.5807895391191081,0.04244744468433831
9799,0.5908695396558591,-0.04551463444532641
9800,0.2885262111353637,0.01864612400812711
9801,-0.07521965982429787,-0.06739132777156526
9802,0.17183057584981018,-0.1841246442517827
9803,0.5612335262050678,-0.018561157394025807
9804,0.6106108132558773,0.056698865173926416
9805,-0.16861801386248584,-0.07242923980940924
9806,-0.40680387958328085,0.024758857761622566
9807,0.4810335233615918,-0.10207459741023542
9808,-0.4122236130487281,-0.18718045983059578
9809,-0.06353946011814739,-0.03612961298006233
9810,-0.8319558278773681,0.291494364029441
9811,0.051661100733460856,0.07056247933453247
9812,0.06475672456836587,-0.07944116286174015
9813,0.08456103433338588,-0.05221053319246702
9814,0.9696866477178804,-0.006237279299405679
9815,-1.2253808514797022,-0.21551542563540133
9816,0.24155295379673253,-0.23419876381397603
9817,1.023356660568478,0.19754667821539845
9818,0.007955862450029402,1.5191504619454799
9819,-0.27619955360827575,0.1220618118473803
9820,-0.532504673270286,0.39495544853711906
9821,1.6316254608243932,0.5834653421888926
9822,-0.15481834656127258,0.421273187629436
9823,0.44121895590074484,0.35353867700320896
9824,0.3008587005941027,0.5269850855751059
9825,-0.5658948630989715,0.41574071924582723
9826,-0.4482472937608432,1.309050928188936
9827,1.1328781951623135,0.5818644928259193
9828,-1.1094466622765264,0.9560412378210158
9829,-2.4165729702274246,2.3115482511153562
9830,0.06768145108521903,1.3096321743406496
9831,1.0113133976968003,0.5952526875691284
9832,-0.3202571970091916,0.3306911298211991
9833,0.5298970248887522,0.6473012916903779
9834,0.22266710658212654,0.1585054925196092
9835,0.6493907153779122,0.053109703512294715
9836,-0.35453626422819073,0.05789249015029735
9837,0.640376284611423,-0.18863509548972376
9838,0.296129148029865,-0.09732904419925931
9839,-0.7953670518737488,-0.06841461851631635
9840,0.7416488659253656,-0.20881400769643577
9841,0.17633601475293414,-0.27035505071331123
9842,-0.3048426221229141,-0.2114078357799069
9843,0.2553271272688228,-0.2373146254667259
9844,0.029586630804209105,-0.31809705905429186
9845,0.5723494566232314,-0.16150572944239333
9846,-0.4877021190693083,-0.26790729891800846
9847,-0.3337944660852287,-0.20900856120902628
9848,-0.6615623663654295,-0.07837152163447945
9849,-0.6999225501134632,-0.12124648432648741
9850,-0.3316771223901322,0.015913353025699892
9851,0.6313128088430062,-0.2428707641073522
9852,-1.8183370771517537,0.12260204419790968
9853,0.6326807774870512,-0.13251465150593963
9854,-0.7018814158875305,-0.24620482284812703
9855,-1.3820841847916885,0.9564932342765066
9856,0.46428490988716775,0.29818896722800914
9857,0.8110346084031452,-0.2405305072570908
9858,0.6057117153154292,-0.19977582312697922
9859,-0.05759952450019576,-0.25721502049208367
9860,-0.14301658724901678,-0.29090111391873896
9861,-0.0417257451409176,-0.35887250468218573
9862,0.1577478960670446,-0.30531148531735897
9863,-0.2005917957845289,-0.29464703707638384
9864,-1.1067187250897244,0.011690120241958452
9865,0.912082566389138,-0.37142967892751744
9866,1.2811074750611324,0.061253885819672615
9867,0.3300236433258792,-0.22310940986661795
9868,-0.09764226878549978,-0.21265243327362435
9869,0.13826680839108293,-0.2944514570268222
9870,0.3572947977042735,-0.14688627951131555
9871,0.21341852383208612,-0.3197308165507717
9872,-0.11176625773765128,-0.20307907802811115
9873,-0.5081262138497766,-0.3067129173351933
9874,0.5516352514304926,-0.3974170496773846
9875,0.1449547831206688,-0.41111792724775487
9876,-0.2714333006808656,-0.39963048048468686
9877,0.17771717225211228,-0.14694016493424694
9878,0.2582310663864862,-0.25388670957057835
9879,-0.12411701560934846,-0.24868908792044614
9880,-0.9053174959145697,0.2752631564909693
9881,-0.36713550167020914,-0.12933876768024946
9882,-0.5271297893105394,-0.17896819957356028
9883,0.550755190450492,-0.18369823861091372
9884,0.027986758809045872,-0.35283514745496725
9885,0.156621205823076,-0.3826214406380878
9886,-0.17248469444359898,-0.25398786661448103
9887,0.6025816832971799,-0.3996850556220499
9888,0.37435546810157205,-0.34564394931685405
9889,-0.23522274066284685,-0.4190364525642593
9890,0.28231890902792517,-0.271913094426466
9891,-0.23233825076577083,-0.3438030500930207
9892,-0.565081472883226,-0.38772751199909744
9893,0.15536713125061044,-0.4047461608598475
9894,0.1551579546709331,-0.36350060348099855
9895,-0.15077345780979906,-0.42302674301851984
9896,-0.09176710350152577,-0.3219022310493692
9897,0.09168849033838362,-0.20930044028659395
9898,0.034105249496594374,-0.35184234525389835
9899,0.2168915980118793,-0.2833766055123123
9900,0.5028946587176032,-0.35299796878169026
9901,0.15321489732085747,-0.26682355446314343
9902,-0.5024697136801612,-0.29697589157903925
9903,0.09919057343839893,-0.3582987923146069
9904,0.4048247877015107,-0.40482313879464105
9905,-0.1621716503608745,-0.30451348243980136
9906,-0.4002287418129216,-0.3189966566409314
9907,0.16148504616159642,-0.403276011456261
9908,-0.8317413259846198,-0.22095811559062692
9909,0.185865236151353,-0.3164154381367466
9910,-0.25369504743541926,-0.22644224667371005
9911,-0.5163240498281739,-0.08855999296555805
9912,-0.718238147555798,0.04192261860535762
9913,0.1549594657179259,0.3732028088505443
9914,-0.2929030206422045,-0.0760155220799332
9915,-0.7359293913178142,-0.10981003920286221
9916,-0.07703455232521031,0.03698268785048897
9917,0.7673178737018068,-0.07689836850702733
9918,0.4998861309880212,0.10258744322306546
9919,0.05615143362910259,-0.3256128867608392
9920,-0.7187929905638184,-0.2612911777255907
9921,-0.6065762003078937,-0.2485887074597649
9922,-0.37351720764107055,0.017296815963436032
9923,-0.3875226799168844,0.175887519528938
9924,-1.0523249894718443,0.5368606261580818
9925,0.36975164255679843,0.10291066885602734
9926,0.8192434246628482,-0.016179531193777075
9927,0.1349495770127603,-0.22663557771136553
9928,0.03840926825072807,-0.38555136429475834
9929,-0.45859978536259216,-0.3215508060249189
9930,0.6246958267858762,-0.3325106696667359
9931,0.610376793278114,-0.32363448483498314
9932,-0.04366594638460474,-0.3347442664651494
9933,0.13600003454551882,-0.4145114697057044
9934,-0.16239746522670764,-0.4005736914937341
9935,-0.0807993247632804,-0.45539332736099825
9936,0.038090642973023094,-0.4362002036495153
9937,0.19389273390605738,-0.3647814005982314
9938,0.08684772614577578,-0.4344943395664749
9939,-0.48891063388093065,-0.3724839789424359
9940,0.44544127523130594,-0.4938959846793236
9941,-0.021507394651376965,-0.4587160670670826
9942,-0.5310616414103232,-0.45395175823313216
9943,-0.11289934439532984,-0.46101807361341063
9944,-0.39737243989598964,-0.41974249793838564
9945,-0.9103475845039076,-0.376164194478177
9946,0.31156915642704214,-0.37933905453120953
9947,0.7473047691180403,-0.42887314281217265
9948,0.5742724124893578,-0.3883496985162852
9949,-0.08940069106426171,-0.49189906078139944
9950,-0.2937205116815934,-0.4433168250825643
9951,0.1391408335628993,-0.4851430994447854
9952,-0.006046705888479878,-0.49662633103205
9953,0.04468603857396629,-0.49381690158951286
9954,-0.3838783516492691,-0.4447835562173731
9955,0.2120183585296305,-0.4903640933552931
9956,-0.09434072002311239,-0.48105424832314087
9957,0.4873118878826362,-0.3317801710405116
9958,-0.19007774015389695,-0.4175462977222644
9959,0.41190308121724883,-0.25548861694798153
9960,0.08914117827139154,-0.37807724325013065
9961,-0.4696528524363378,-0.44501046368218805
9962,0.10374532369902682,-0.43185244599087813
9963,0.0767745112288767,-0.3922541383267066
9964,0.4207729411851137,-0.3487703540393384
9965,0.14914197471325924,-0.3120564191646591
9966,-0.3002422873898688,-0.3655688286932323
9967,-0.27930347901054803,-0.408530250350842
9968,0.3276206472368253,-0.4193855175980728
9969,0.4231952600081597,-0.3691054389237351
9970,-0.2996168081811323,-0.4503654004180512
9971,0.4457094153454156,-0.416944906185031
9972,0.07562945993534612,-0.3793510787201787
9973,-0.0575721591223283,-0.4679798061205254
9974,-0.03448156494999564,-0.4168202731867232
9975,-0.0886569414728074,-0.4198515727156846
9976,0.30130503425719357,-0.3804057698225116
9977,0.42551596264152686,-0.3478097638506543
9978,-0.12764934637942152,-0.331983618058905
9979,-0.09383647347195484,-0.41843854549703113
9980,0.052351983696117356,-0.4468526006776943
9981,-0.28093953069343325,-0.3553807005156673
9982,0.4235269730069083,-0.3777377403577548
9983,0.3856378216610981,-0.1994482422033247
9984,0.4416105625820931,0.4084189533591376
9985,-0.4411617741307398,-0.29630622006811824
9986,0.09623391046831463,-0.30417062487736374
9987,0.32794873541834646,-0.01642687347580929
9988,0.004795687617719926,-0.23226711819070528
9989,0.19428337723234454,-0.29664022091115755
9990,-0.0074647442686387715,-0.2231036239481916
9991,-0.2341192363510996,-0.30801723465890696
9992,-0.2555829988435359,-0.08375678237844619
9993,0.0330581094738479,-0.1577441399576859
9994,-0.13257625110385965,-0.3004999543290705
9995,-0.11386202490512044,-0.2887468640556277
9996,-0.2951986765677496,-0.14839862588210184
9997,-0.20684921544762333,-0.29766693301344876
9998,0.4715781058399095,-0.19350785970997747
9999,-0.08564523886068579,-0.4456067446718033
10000,-0.21843525594803573,-0.24081689393628875
10001,-0.2681774438878599,-0.1629812812119774
10002,0.5347060884367641,-0.4040027554386436
10003,0.1927491429788505,-0.3874639442479098
10004,-0.2599776688390393,-0.4250128599102647
10005,0.21479253448971544,-0.402836725109509
10006,-0.038016383574454374,-0.343804465976679
10007,0.5709535721485086,-0.32330299787164685
10008,0.0633020620989627,-0.2682875617686182
10009,0.5740785262700608,-0.034281749408929155
10010,-0.8424357852519925,0.23083344469571948
10011,0.38382714251574984,-0.29160598753885075
10012,0.6973800464064766,-0.2815573816722404
10013,0.08812522757566374,-0.1605812839806967
10014,0.1822749000099619,-0.20428512677990768
10015,1.3453840249883944,0.8475021677003972
10016,-1.185209267714181,-0.02294205459831919
10017,-0.09675492518403438,0.047709651234058126
10018,0.7640741033732841,-0.1300912326488168
10019,-0.20237145597707767,-0.1350902191695137
10020,-1.0380245817391074,0.00600291031782596
10021,0.07910023655870019,-0.2793176234834803
10022,0.2575588848288885,-0.17288069056382455
10023,0.08310535150724117,-0.2856524149755756
10024,-0.18482554136532242,-0.2908389389021101
10025,-0.875321323337557,-0.14915860837514397
10026,0.25772646143269085,-0.28213109006737636
10027,0.3202764945700223,-0.3715930060661794
10028,0.3531940080855633,-0.38224309515726307
10029,-0.08450121132700951,-0.36496049811133635
10030,0.14364250517088367,-0.4112902158893925
10031,0.6895934123315849,-0.31651143170437745
10032,-0.1966801018759242,-0.29920443216660497
10033,0.11607202213890516,-0.3161205187097189
10034,0.09428882166361395,-0.37884757900047733
10035,0.5526400852521915,-0.29563983153346207
10036,-0.5429769291199033,-0.28107367558084895
10037,-0.33924141181864953,-0.3477073598203626
10038,-0.05112548950812317,-0.3594423620351748
10039,0.6556913474602364,-0.4243268670728703
10040,-0.4093528681738626,-0.39591084198292553
10041,0.05228735141668175,-0.4214533592378734
10042,-0.5208070052314189,-0.4218103780333993
10043,0.057600006087847364,-0.36692735546322075
10044,-1.0817755863856375,0.18027809724822852
10045,-0.08448389684936834,-0.2861231412294306
10046,-0.45576640200940055,-0.18580244146189834
10047,-0.30245589849651444,-0.2365253486980282
10048,1.069164567253791,-0.3539425288618195
10049,-0.6257057572848606,-0.428271109293743
10050,0.15928084376802315,-0.3996043424760101
10051,0.08741129301123982,-0.337757160449809
10052,0.1605002210763546,-0.42727767281154627
10053,0.7694260745479297,-0.30833863206108497
10054,0.29663172373857016,-0.27041289362465515
10055,0.24554384943681262,-0.18870796844846582
10056,0.43568489044098224,-0.3378377864432326
10057,-0.8325416422776822,-0.2753759958451275
10058,-0.09420082749799864,-0.33050487692902186
10059,0.1514743970613161,-0.12704514705539388
10060,0.4773110469372918,-0.1748030877870764
10061,-0.03067782719113929,-0.2788278243673993
10062,0.2809604176498892,-0.15416851251616348
10063,1.4171035750135192,0.12150513904453553
10064,-0.1698081526284436,-0.060724158533333364
10065,-0.1885867687445833,-0.04658722594477835
10066,0.8075138007421631,-0.05305993069866587
10067,0.2225055042534067,0.0286927282919352
10068,2.3656470751142304,0.854287496225215
10069,-0.8967284565983846,0.5046195312000072
10070,0.28481936617069425,0.07383327724763722
10071,0.3621276977028484,-0.08326671124737024
10072,0.4455522778709426,-0.006401632434005031
10073,0.41528139918664647,-0.13426333549034342
10074,0.16452920565859566,0.044674146489558086
10075,1.4169686586267163,0.44123602249451943
10076,-0.9347685685985877,0.25580765393975036
10077,-0.12044683626451476,0.5237311399508954
10078,-0.8366176371753569,0.11493212877249648
10079,0.8073509099564443,-0.141187265931908
10080,-0.6471182851799714,-0.19597880598485024
10081,-0.0008578912063083709,-0.2693785973118699
10082,0.6916940638362833,-0.16526250027212974
10083,0.29107458050191537,-0.16308334464707114
10084,1.0397000697670227,0.2681084500683182
10085,-0.1458768551380466,0.1727113562730611
10086,-0.995708689561533,0.06411193323007514
10087,-0.31080216526888765,0.038817522554574796
10088,0.5790459796838178,-0.15390459953251107
10089,0.028022426672033425,-0.005898140374799743
10090,-0.5336653250700136,-0.19713151279195032
10091,-0.07664970909377841,-0.12029055996948507
10092,0.2598125065649942,0.0021187635622438167
10093,-0.4010209118628376,-0.039852653658062176
10094,-0.6528214863979748,0.07557038517343012
10095,0.3702860977924106,-0.16045708587098567
10096,0.3381360343444707,-0.15689555459227744
10097,-0.13697590506062152,-0.24849824177130822
10098,-0.3687039731685642,-0.15456379349167332
10099,-0.6170982935475224,-0.006330134314754543
10100,0.22294941300390766,-0.1043221960157174
10101,-0.45516568605927915,-0.22173846807649802
10102,0.6568482005254852,-0.27524789176653996
10103,-0.2755677742859164,-0.12882114999289793
10104,0.0970813970579682,-0.27625923666342495
10105,0.12467327446320445,-0.3374205653269097
10106,-0.032063749586385484,-0.24566079204032876
10107,-0.48583061668340494,-0.21553657141942514
10108,0.1747565946703069,-0.004810327393591607
10109,0.16939393684301823,0.18734546581507605
10110,0.16347829509795175,0.051960018514093875
10111,-1.0491604435862307,0.1014789719238812
10112,-1.4333007674073612,0.6267828852947092
10113,0.6047931265843952,0.10994524988521451
10114,-1.1163453267659702,0.0066079732709816985
10115,-0.5781268757445088,0.11384430045562943
10116,-0.544802483139406,0.026469784049094627
10117,-0.8442922363764955,0.7460783812874877
10118,-1.1359310622478722,-0.03308367575255333
10119,1.7118632285688697,0.12736055880432937
10120,-0.3999062156954348,-0.09101269421376612
10121,0.8635819222551633,-0.14753119245539553
10122,0.06567335946585574,-0.26052942225460535
10123,-0.6909971387074114,-0.1958716028961179
10124,-0.48060822692806837,-0.08938276575547913
10125,0.18148614503252042,-0.3584648425680331
10126,-0.48512317456877957,-0.30699709362523453
10127,0.5984545844002491,-0.361470257966478
10128,-0.5042325804080414,-0.24104636917227343
10129,-0.8389474314948369,-0.18509306670295175
10130,0.1705878950199494,-0.20842133951538314
10131,0.09119346063510561,-0.32339838445147007
10132,0.10040736544549808,-0.3996404924461925
10133,0.10314814619970512,-0.16490859663212937
10134,-0.9681796959475295,-0.12746675256214424
10135,0.676393418113815,-0.07237502696094936
10136,0.7170235663399753,-0.3105210245576826
10137,-0.1533854632282432,-0.2865091515216095
10138,-0.551467192093644,-0.3229398070246306
10139,0.31357018104618894,-0.39034863783121465
10140,0.1045174970192286,-0.3498525668316579
10141,0.08557920492217062,-0.39626008388068684
10142,0.027617191310748343,-0.2712064360323464
10143,0.22203843893826375,-0.4087407989845899
10144,-0.17946422769148326,-0.43038671621696234
10145,-0.20810502882867726,-0.40490415555480497
10146,-0.3172862372530521,-0.41018638512153005
10147,-0.4384562051837531,-0.4051248556678754
10148,0.2739581648381444,-0.43499687739848336
10149,-0.03005121989612284,-0.4280200097364351
10150,-0.5851169799896914,-0.3868137202676152
10151,0.9936184178661173,-0.3195810035164758
10152,-1.4317378656424562,-0.24406987570748315
10153,-0.07836726530571134,-0.12683415144746946
10154,-0.8001777336258635,-0.06664889010233786
10155,-0.2396288593892827,-0.07133273029831544
10156,0.8522600502877329,-0.24979689077990475
10157,-1.6458216082274806,-0.21359654970499573
10158,-0.2735401933991226,-0.22488015036008036
10159,-1.2730698839654353,0.2540302373859804
10160,0.9947163782292407,0.002003175647820002
10161,-0.20642126896637375,-0.21783026827308788
10162,-1.7901380032552312,0.41642290369852575
10163,-0.18374434489369607,0.32153986026875264
10164,-0.29260857452928046,0.06806106873381518
10165,-0.05694851257787543,-0.19399141065636788
10166,-0.24881044267115754,0.035438316539252876
10167,0.8986937721719412,-0.08250407336567941
10168,0.35163122260846547,-0.23710848639911075
10169,0.01533913235408482,-0.3569505726045271
10170,0.452068030963823,-0.26416353170167683
10171,-0.2733371799574139,-0.3084786514254034
10172,-0.7311966525819743,-0.3007755498265958
10173,0.3668069118102897,-0.40313344013594055
10174,-0.1820025218535219,-0.1851050721368643
10175,-0.2894788482109813,-0.3328267602402506
10176,-0.10768166236631711,-0.32016187619511016
10177,0.17089681777154497,-0.37746247033944647
10178,-0.17367017984871075,-0.25214670262115213
10179,0.012306457654428395,-0.3677306832107044
10180,-0.5778682378398192,-0.2461618462928903
10181,-0.1836779676271028,-0.19466480145378612
10182,-0.13770876616817534,-0.31664610251030645
10183,0.30548130680626073,-0.1660834980681245
10184,0.09136596301535656,-0.08009424739585767
10185,-0.2712748294618939,-0.3571608388164533
10186,0.9309100889042664,-0.28818885569650543
10187,-0.3825036125837629,-0.2783687693898658
10188,-0.2573884574731707,-0.3240391241655777
10189,-0.3388733049319115,-0.3649260790717984
10190,0.05053040706704215,-0.3727679666055912
10191,0.6925032196683607,-0.2903201706431047
10192,0.213527433085673,-0.3228113770416212
10193,-0.19811682650584067,-0.2651771666567331
10194,-0.43676636032394694,-0.2661273492999253
10195,-0.8657321009700867,-0.25876348157343937
10196,0.4198166041626644,-0.40773765733267814
10197,0.8741460364378909,-0.2539842016184362
10198,-0.2410046003043995,-0.28378537206386034
10199,-0.27229938535994275,-0.2920046172238613
10200,-0.8786293892281485,0.7095378839196759
10201,1.80507107633493,-0.14088841026626028
10202,1.9437972566101103,0.12713723768323426
10203,-0.7993388270764736,-0.10742303955543536
10204,0.8513708577039358,-0.1419377584248599
10205,-0.07774000453523501,0.09706024421396672
10206,0.783889026129977,-0.08897548674759298
10207,-1.723476660424906,-0.06500436391491651
10208,-1.710094893855984,0.5205936938043721
10209,-2.018190264038471,0.689937766136491
10210,0.5579082292197697,0.1547881918541
10211,0.2942241193840794,-0.16299182838777743
10212,0.4912696229898678,0.11293606081723159
10213,0.5384056107033715,-0.07976725971613148
10214,1.0578564757996967,0.06360673386380761
10215,-0.037065035673298746,-0.25601922322296583
10216,1.6532541855469116,-0.21026408666601354
10217,-1.0204788093565988,-0.14691655294894831
10218,0.1898056971443019,-0.32961047047351993
10219,0.9280560579334048,-0.16945351314703555
10220,0.26498764021431204,-0.10057337108182116
10221,0.23912430347729435,-0.09300645366367631
10222,-0.5706812806489675,0.01849881401104181
10223,-0.7934277902696447,0.37625419378853575
10224,-1.3292636000767832,0.4208128534805976
10225,0.6111201603925687,-0.051061976261719155
10226,0.9033919875175972,-0.16292732866939436
10227,-0.5654918783331445,-0.24961362294549247
10228,-1.2522778487796895,-0.1929062301390232
10229,-0.4299617767818799,0.027421167324458595
10230,0.6440204605420298,-0.14755438992768247
10231,-0.08584739443618424,-0.2328488513627439
10232,0.09452455013806088,-0.3293105809596467
10233,-0.3540471140358281,-0.3748629515113075
10234,1.4088834994984236,-0.3411133326050722
10235,0.24107462309951552,-0.4219176576098533
10236,1.0230665389234608,-0.2751063375410181
10237,0.011669260302407109,-0.24077153802661677
10238,-0.2662268295709733,-0.3342416418020072
10239,0.1359871541326235,-0.3862855365508188
10240,0.413765606695564,-0.37808264718576856
10241,0.29688074125910024,-0.3658416503854224
10242,0.5969350622976537,0.07087833625332637
10243,-0.3536830378497126,-0.2697743622228442
10244,0.3987859360048488,-0.1759804166071604
10245,-0.12202011193159651,-0.34660288518236604
10246,-0.8642226531615219,-0.2085412538274705
10247,0.619765192954579,-0.29717677488336114
10248,1.0094822204649605,-0.0005091551622165985
10249,0.2724265840011827,-0.2569878001281569
10250,-0.46974402197080156,-0.2677024280655476
10251,-0.33969459314043937,-0.337878901587899
10252,-0.15393088753983494,-0.3462742743566773
10253,0.043969086940662476,-0.26132940412737726
10254,-0.6372481935213725,-0.30109770240317213
10255,-0.8790739047637824,-0.008135114079071581
10256,-0.6186123463278448,-0.23899882928076174
10257,0.6392375904722598,-0.3780653602741361
10258,-0.24056263386737414,-0.36608110609345884
10259,0.31725255541529235,-0.3795625654172375
10260,0.34718853795624083,-0.33898915112458217
10261,-0.22454546911678788,-0.44296514658487596
10262,-0.8638389745791604,-0.37723202314094295
10263,0.7934235089712448,-0.44294319968561907
10264,0.11987765325128015,-0.4619034128247024
10265,0.20013564279480828,-0.4449243474445359
10266,0.847192370821642,-0.30579480059531
10267,-0.2682440859501337,-0.35727997171164494
10268,0.3318026457479395,-0.34950137655147234
10269,-0.3456385675523415,-0.3594162545764073
10270,-0.35114627905792006,-0.36456871914839284
10271,0.7728089773185634,-0.42194735545098805
10272,0.5500357486376513,-0.37743458926022977
10273,0.17688467005316327,-0.30823401494681213
10274,-0.4483649134221438,-0.3352494256581518
10275,0.4721560695493458,-0.40794568045702606
10276,0.14624482191147312,-0.13036180815405646
10277,-0.19294402635181712,-0.21001715099246268
10278,-0.16592478554890538,-0.3580510986997296
10279,0.1871575534812758,-0.37481377247092945
10280,1.0492294181601858,-0.22634604562790792
10281,-0.14382884195559378,-0.14413000249504934
10282,0.7939766378231937,-0.12946108951500856
10283,0.12196442653226469,-0.008938083265191618
10284,-0.7294959137293745,0.016769298338287913
10285,0.6802267700840852,-0.1472068029914504
10286,-0.14036879628771093,-0.3030538652009656
10287,-0.057707856163766745,-0.2892002323030832
10288,-0.5891725031300308,-0.15273039402696012
10289,-0.21117507017574663,-0.25212655756556324
10290,0.502733875840477,-0.23039733889248779
10291,0.03127369380436669,-0.31625588735480936
10292,-0.1149184686658058,-0.327733034780176
10293,-0.1422993155830002,-0.30751798559877697
10294,0.16773282081329183,-0.2539488112830391
10295,0.23461166593795085,-0.25233423749995354
10296,0.1820524624094463,-0.09196236225853922
10297,-0.8139883894954348,-0.10978581965540923
10298,0.2662895978966545,-0.13250040992586898
10299,0.12406118917402609,-0.23254351151050534
10300,-1.0140416273604789,-0.09304295221886166
10301,0.7854958563537664,-0.11436255524623035
10302,-0.9370526051635562,-0.06249358219236922
10303,0.4950674818690338,-0.14165887330770674
10304,0.8701944825426776,0.3905713019503956
10305,1.2037443411484243,0.8096929094605402
10306,-0.009722557302165402,0.4436876250243007
10307,0.3131842094503539,0.3463103214953192
10308,-1.1652865935974215,0.27662144012380196
10309,0.41738380747896625,0.28922667864325446
10310,-0.1975743287818795,0.5909204513286177
10311,1.2153305202342508,0.33257758666996934
10312,-0.2045917369928752,0.21947534872094887
10313,0.4795287374570543,0.10250001764508387
10314,-0.24070433084594886,0.09283661799674084
10315,0.6951304079031008,0.2406421831470974
10316,-0.40810591854950057,-0.12966278356832944
10317,0.09607378185419328,0.36026877584614486
10318,0.7378003507817624,0.19852273344293192
10319,-0.1973199133061635,0.01397689579220697
10320,1.028936409425948,0.1916080382899365
10321,-0.895615679110396,0.19092569291600336
10322,-0.6842608031751594,0.009050481968155402
10323,0.210479939076267,-0.17834284212096463
10324,-0.5464244191635158,-0.03509227335740591
10325,0.5457160813198768,-0.15494645379089828
10326,0.5434889057118584,0.0809552190289553
10327,0.9638192424663822,0.21283010797274649
10328,0.4379797147959184,0.3365317074548334
10329,-0.21959506037436108,-0.03255215182737964
10330,0.17961589059793343,-0.020266006436927275
10331,0.9718315329163962,0.4073118583495188
10332,-1.5231835805389309,0.3071139559192122
10333,0.06299106752514128,-0.23257414765582327
10334,0.4193192038499188,-0.004150743317210381
10335,-0.67260236786208,-0.14607739885192073
10336,-0.2861224375159063,-0.12414852555622774
10337,-1.1147770731139122,0.10216652975953813
10338,-0.43548944322505734,-0.09140919499833332
10339,2.5698135876896754e-05,-0.07398326781962103
10340,0.3283599216471596,-0.24379477680951545
10341,-0.36421219589129034,-0.3753090009849184
10342,0.31800073030396386,-0.26617884249720825
10343,0.7815157529210173,-0.2100831099926159
10344,0.6128051026759365,-0.23448591384696368
10345,-0.8535199951017669,-0.17658349043670885
10346,0.43786094947842963,-0.030333628551353617
10347,-1.0842552218138886,0.28865833661941676
10348,-1.0119825334480836,0.006461752974354612
10349,-0.3604299921771939,0.5720231258594207
10350,0.5873712489100442,-0.16163126379757847
10351,0.4161117498074079,-0.2114402740019622
10352,-0.29902352312006364,-0.22604255615878222
10353,-0.016845156507273862,-0.2533999509544748
10354,-1.2028640568465618,-0.1922490426801056
10355,-0.8511105850584507,-0.004703082925628377
10356,-0.0388177242457125,0.00517831972251015
10357,0.496049795227504,-0.2937093696567758
10358,0.4016806617963281,-0.2557883499407988
10359,0.14408703409608634,-0.3251157879422356
10360,0.24605149733619672,-0.33096972838280864
10361,0.44583763374442,-0.3402132838804346
10362,-0.7531714572183503,-0.3671092995816891
10363,0.6956096193755926,-0.27324015391562273
10364,0.5939149934485168,0.12528470440998202
10365,0.23013850201422614,-0.24661503949563726
10366,-0.1827221410651617,-0.04606714494359668
10367,0.8952179386720479,0.07997553115079079
10368,-0.05305886998740269,0.3354930416097837
10369,0.027810701589519753,-0.03389796273737815
10370,-1.2511684298776273,0.054763432439597165
10371,-0.3383354040487873,-0.2642004529030003
10372,1.5583657633592864,-0.0848269798544603
10373,-0.32368871075334443,-0.20320562538617742
10374,-0.25169068019020363,-0.24069216206454214
10375,0.05840458026129125,0.08810684689759515
10376,0.23075864407792393,-0.1809373814250837
10377,0.34176932688930517,-0.14517857545939372
10378,0.7356324626323373,0.8217182536739487
10379,1.271410859181213,0.927686606187547
10380,0.16241689801486103,0.6600155688763493
10381,-0.5272923383215319,0.4551111545158747
10382,-0.4469444077601859,0.447596596748454
10383,-0.16473152654330048,0.21754482756328747
10384,-0.6262757542366528,0.01692232217495085
10385,0.357843578528592,-0.030953746688367867
10386,-0.05563226250106372,-0.002261372598775041
10387,-0.2196469064684844,0.04426741602554435
10388,-0.14938706552699496,-0.05716898013234872
10389,-0.17614970198228863,0.000512702574823054
10390,-0.5634641307538377,0.5449174317914772
10391,-0.9002697752913795,0.04083247230924275
10392,1.5957416674136453,0.07352077520890138
10393,-0.02310774407516234,-0.037723209042783014
10394,-0.4490567433424959,0.09707640507990231
10395,-0.09818928216685074,0.007153154130452505
10396,-1.3916898849645576,0.37236343835121116
10397,1.6278065060182905,0.555347943802258
10398,0.5118479864571049,0.1698396234107547
10399,0.45357099561888486,-0.002192418374950142
10400,-0.1770127570734335,-0.07739782476518157
10401,0.2615071635858214,-0.1501838625302834
10402,-1.2942180854043905,0.12625966227031094
10403,0.32889700080133466,-0.07081914101353882
10404,1.2990767412330324,-0.24347478956803414
10405,-0.49597440847940183,-0.22154367495758756
10406,-0.6952555185106497,0.0981229539654746
10407,-0.7517039526055419,0.3584960300562505
10408,-0.1341124953006967,0.4709942804858891
10409,0.2878729427107769,-0.14171501689237304
10410,0.7283854404948268,-0.23157741200236698
10411,-0.427785051391446,-0.23652745676202355
10412,-0.13626135558184024,-0.272276029622994
10413,1.6565666971699504,0.09746490671172234
10414,-0.16494820632324966,-0.033696091630574965
10415,0.8958924430869109,-0.19976841086601843
10416,-0.009651493925670575,-0.16850678987548406
10417,0.13046361246295443,0.03752363027467048
10418,0.2950465905233031,-0.22833745804756087
10419,-0.3088005424363343,-0.22624375137578717
10420,-0.41705243849899076,-0.1561954699269708
10421,-1.7466943389176912,0.16964247138774957
10422,-0.6837472075383962,0.5151670821187652
10423,0.5705527743561432,0.015968146716970097
10424,0.5175557339630342,-0.18514960851388482
10425,0.3598054527351551,-0.24951340628137536
10426,2.011825413763091,0.36700461312836474
10427,1.563705185999108,0.5595459119670051
10428,-0.7300150585070803,0.24835848095330548
10429,-0.21095723374874642,0.4780927873437838
10430,0.7548865320616945,0.21230380666050247
10431,-0.7906256607151843,-0.01944048659598438
10432,0.6491205283865855,0.10623607876802377
10433,-0.7273397097876781,0.5565287045079209
10434,0.08616607113884298,0.12812927243472944
10435,0.2002742839200709,0.23502315737027996
10436,-0.5648673820578257,0.09262702308841103
10437,-0.6887952711154918,0.06502023918047484
10438,-0.2928418865945397,0.10620314934990488
10439,1.5987809403305517,0.36296227762970795
10440,1.1857319677022429,0.6878396650134071
10441,0.3167067921942088,0.6100811029484812
10442,1.422851438048057,1.152743608695355
10443,-0.2661692298417922,0.9890186697206999
10444,0.30079376472774055,0.37701515474378156
10445,0.39969954911622135,0.1315700373439849
10446,-0.8548337461179423,0.3667565203327886
10447,0.2934660504220074,-0.05553888500964821
10448,-0.14601255311411862,-0.014191148589670688
10449,0.10721449699125019,-0.12186620329477599
10450,0.2860225941465332,0.008143308697328211
10451,-0.10065069905093081,-0.01810485816068562
10452,0.9631178476129736,-0.003540084410397229
10453,-0.1289502437933482,0.09718971260143092
10454,-0.7353731858021422,0.022241192167443358
10455,0.6888012529719846,0.10365304659948371
10456,0.8121402320546378,0.3317372225240175
10457,0.20745158844450942,0.11216785305355903
10458,1.2871208603655557,1.786498906654955
10459,-0.05565737960396815,0.974201285278332
10460,-0.18336608423661307,0.6256564654705458
10461,0.7747435231172904,0.6250790679922853
10462,-0.7304045754129056,0.8308537269044262
10463,-0.8670738945145318,0.21941035782036167
10464,0.6197548969158079,0.06501694571788558
10465,0.15260286913300694,0.15024844048860098
10466,-0.3686904439302009,0.9004407722439723
10467,-0.8207492639365213,0.48453297539560813
10468,-0.15856830179562798,0.7702060754675258
10469,-1.4297183059962804,0.8528292668538662
10470,-0.006218904155864487,0.6252151351108483
10471,0.22656526911019137,0.1684219420007641
10472,-2.4007653033776797,1.1454242953435223
10473,0.5326298004532442,0.23367770724923692
10474,0.41143317767175075,0.44616678919391783
10475,-0.5960178151477338,0.16417958239965968
10476,0.433714147795112,-0.04537040488607544
10477,0.511646891874249,-0.04467909602190076
10478,-0.59409004986498,0.00015984305664057397
10479,-0.038645128541988226,0.026035099303987855
10480,0.25448156753727913,-0.12471419596064218
10481,1.0101101854377348,-0.053536485049054644
10482,-1.0435560105786847,-0.09403178100577558
10483,-0.6296928130507222,0.10243842467134909
10484,0.7601780545268834,-0.11024179451119995
10485,0.17342434277718247,-0.20999752675265485
10486,0.1453655952124206,-0.24367429996478
10487,0.091245751359052,-0.15576966200668194
10488,0.9239373111687602,0.05415848073148724
10489,0.6349605145130691,0.1919905953650059
10490,-0.5248447554718441,0.6506681845854263
10491,-0.06300167264686904,0.18264817374131648
10492,-0.1767793924358826,0.7690903580901282
10493,0.18660024423016883,0.18008069522017522
10494,0.584976340893711,0.23807453394839445
10495,-3.4084186872201663,1.6461071114537509
10496,-0.4790601995196217,1.191452086364567
10497,0.7641764838592157,0.11864735172477522
10498,-1.5697110342711893,0.32648196867676543
10499,-0.786722134240825,1.3119521918951542
10500,-0.401426649174378,0.4165577511040611
10501,0.7351851538650559,0.0462908013040739
10502,-0.38357739594623713,0.07181403261352637
10503,0.34749065678844643,0.12248341825827769
10504,0.9573003570105088,0.056870675216356525
10505,-0.7430228958342092,-0.12794131205931056
10506,-0.2672636356048473,-0.227161278460819
10507,1.1424987217110003,-0.22070554339034068
10508,-0.9345195072107266,0.06899035663338493
10509,0.13601715582521723,-0.27794951592887673
10510,-1.0336489133110824,-0.23126741527552086
10511,0.7020847524091187,0.08660784136979105
10512,-0.4229881889082221,-0.33689647431911685
10513,-0.7556591394944647,-0.2679744879402245
10514,-0.5430506943174886,0.10969794131423324
10515,1.2469158602323256,-0.20895007234403745
10516,-0.9192066808107067,-0.3464905780679858
10517,-0.17015655473473335,-0.1729987619312753
10518,-0.9160247471516227,0.05867589936317724
10519,-1.5342432274781774,0.555997399141911
10520,0.3427885636009213,0.608602321367416
10521,1.040700255490442,0.19609493079554707
10522,1.3911639142896781,-0.14151263596010055
10523,-0.06959153236909728,-0.16514496870594322
10524,0.19978334351761093,-0.33676096418242674
10525,-0.5424484892222228,-0.30499924858480293
10526,-0.43739198304822385,-0.22204028428644296
10527,1.0551777450461453,-0.22026434524381913
10528,-0.4940246703104652,-0.335864363946564
10529,-0.556114248306367,-0.138586195174975
10530,-0.5301265008866358,-0.17809727820043414
10531,0.5861474023501266,-0.1861110332520663
10532,0.2897961010343636,-0.38296906145906257
10533,0.39583627925439147,-0.26330011511669327
10534,0.09849516743714994,-0.2931653745607696
10535,0.3210748763461539,-0.2425198980962417
10536,-0.5476222151662542,-0.1332390196513313
10537,-1.0417968384087808,-0.2355625394459729
10538,0.18655108913078045,-0.05317872132693177
10539,0.8197532538394231,-0.11836138495819254
10540,0.27818476391466224,-0.3245294578187753
10541,-0.07253207646301513,-0.33573942937377566
10542,-0.23570708509747954,-0.25256205329386855
10543,-0.03160594218357123,-0.3702330511706049
10544,0.7316582146821323,-0.37258968490920763
10545,0.31484170038566295,-0.24675246833185474
10546,0.3659054020841713,-0.22711367494957097
10547,0.18920761944000403,-0.2853011268244647
10548,0.4923834357280348,-0.09437277375113204
10549,0.03700641314901449,-0.22596133656710404
10550,0.8146510805488092,0.05019948100761629
10551,-0.4113963136347492,-0.15168781976176138
10552,-0.09613991282950184,-0.12654594900517488
10553,0.008935782757878959,-0.32651418374754937
10554,-0.5093983482437487,-0.12449304066763603
10555,0.24818318644329468,-0.26526607034699523
10556,0.32638637765181205,-0.2891493109602515
10557,-0.32648485061949617,-0.38003361546942693
10558,0.009289126467060262,-0.37346028345507815
10559,-0.694981048140774,-0.28467156825709766
10560,0.1291051085784539,-0.28827868310334914
10561,0.21250227635773894,-0.39784826123517747
10562,0.3432691501554129,-0.3505855819965689
10563,0.1863242890356538,-0.3516767017292098
10564,-0.4646820888650928,-0.3972565053461428
10565,0.029614213209192233,-0.41334110228602927
10566,-0.60695037118323,-0.29805339189567115
10567,0.12253888018475609,-0.29611842906643415
10568,-0.060793677061010264,-0.3007942496964452
10569,0.1767550365492144,-0.3917145494056924
10570,0.026853605514143127,-0.3865633165992442
10571,0.3371728119757865,-0.38901674225833893
10572,0.28206826870100293,-0.2998197846111669
10573,-0.2878625164565428,-0.34600163284981905
10574,-0.263624606675944,-0.3889964103748896
10575,0.30645594519050884,-0.42686783035751347
10576,0.7801483578703376,-0.2375894257898663
10577,-0.5651720014111262,-0.2606074442204391
10578,-0.8220815511709857,-0.26016225391992565
10579,0.6591997124563842,-0.11808102610421017
10580,-0.3199524411249913,-0.3531463296743738
10581,-0.5210667066362118,-0.21342799778401467
10582,-0.39441963913520667,-0.24991397832743892
10583,0.44703446514911327,-0.2737076429638474
10584,0.0679208708450549,-0.36457832562514764
10585,0.41183245260770174,-0.23120282641236914
10586,-0.19719369230361672,-0.29123983986739865
10587,-0.04437962016915865,-0.39323392492482356
10588,-0.09265727776114124,-0.31222279868757746
10589,-0.391499255674368,-0.1661822763968844
10590,-0.582840330682711,-0.23852519034086855
10591,-0.44382288763173955,-0.24018747331902682
10592,-0.13333991601754805,-0.1409299451906366
10593,-0.7454719128902243,-0.12057660829478509
10594,0.6148185395593695,-0.14229841444896002
10595,1.022383112084471,-0.17947463015481457
10596,0.20200056721609636,-0.2679281856231412
10597,-0.49239555727317214,-0.34548616857912934
10598,-0.540779037770563,-0.3651497998382938
10599,1.0246207696237382,-0.28868529022422573
10600,0.07390657713409952,-0.2828220108007803
10601,-0.26800119043988313,-0.3495163344906713
10602,-0.35685178452796784,-0.43172050000440443
10603,-0.1904107458663006,-0.4349170595420816
10604,-0.33064942751685644,-0.34063139381665447
10605,0.15199274757325193,-0.4412883063087828
10606,0.5939616192201969,-0.3336320671482111
10607,0.04324946048888848,-0.4146466569687148
10608,-0.018147237207916597,-0.44477418463969187
10609,-0.28924479815161697,-0.4632188807263145
10610,-0.22122052411297802,-0.3754478038652627
10611,0.6879457928937933,-0.28605106312194656
10612,1.0034265157085325,-0.1499067691754986
10613,-0.40267945727798493,-0.2495914485717528
10614,0.0859318653292947,-0.3435592747231969
10615,-0.020462333796374903,-0.3805996362963141
10616,0.280644769518111,-0.3110338177193335
10617,-0.7303778447332581,0.10635280872181169
10618,-1.035906201556576,0.06811400060354666
10619,0.07914112527499628,0.16228017811594142
10620,-0.4489228549127148,-0.24371236145025255
10621,0.7742849190949548,-0.30994075796443643
10622,0.14513672678886924,-0.29839253890961226
10623,-0.11050219693109355,-0.38968792934673024
10624,0.26999805197157956,-0.42421150873700997
10625,-0.10371083837603409,-0.4370890698814604
10626,0.3013186980614639,-0.42635167958322184
10627,-0.2332680928671354,-0.4005775683003371
10628,0.3016622681394507,-0.39159644821806955
10629,0.1159797356995688,-0.43492481350304885
10630,-0.5717148593574145,-0.2744317089597801
10631,-0.05651711580048963,-0.28279994288968124
10632,0.24334108995341536,-0.3206802312604311
10633,0.7121131953344064,-0.290765485994654
10634,0.6491487392072691,0.30294786769828125
10635,0.2070049420811045,0.29532061273439925
10636,0.16151849535628712,0.32357546342089805
10637,-0.46137329785029363,-0.163274354349217
10638,-0.0046429399687471,-0.24248026698192515
10639,-0.32394001447019033,-0.3084350530328924
10640,0.4049840527833292,-0.2656577808710675
10641,0.052656778304013066,-0.34335142751308667
10642,0.13721180275862335,-0.26670569638840214
10643,0.0991488715462994,-0.30716444404128485
10644,0.35146653260738175,0.0774572026800246
10645,-0.15942290174011237,-0.26664326599975674
10646,-0.15264288181456045,-0.23964774268096223
10647,0.36887882688180784,-0.2509444240688887
10648,-0.6720111840159687,-0.12107703727449973
10649,0.09728538459734799,-0.24621217880977703
10650,-0.29890343677422965,-0.35759059608429206
10651,-0.31130341019799634,-0.26549600748896135
10652,0.42637430475358495,-0.3002054501964754
10653,0.30271383328077844,-0.23124610072179047
10654,-0.3633478607433321,-0.3577637387539806
10655,0.1410297466730881,-0.19991806978162743
10656,-0.0740541997219347,-0.40529499618917253
10657,-0.18491544144616692,-0.43615249982660037
10658,0.33401181513549144,-0.35714080966020467
10659,0.5892366890626103,-0.29678417928997725
10660,0.3516897003593457,-0.13545348617485098
10661,-0.5079231292967608,-0.23187989583944857
10662,0.625673573067861,-0.20654390567448871
10663,0.08994918111928776,-0.2242813411212263
10664,0.2611541800463341,-0.17205415497189386
10665,0.271955747698753,0.10550802422965544
10666,-0.5262643041286634,0.25337760261752296
10667,-0.2476325856345955,-0.023486699725629903
10668,0.404080965890071,-0.10293621522345923
10669,-0.376692244338555,-0.17313136955875993
10670,0.0003115686950852254,-0.15494908227837273
10671,0.20226798056331183,-0.2840528515608349
10672,-0.16114514125768553,-0.2690914781795844
10673,-0.40264730525798065,-0.2011528623779707
10674,0.1478502084965884,-0.260778374087185
10675,0.13667756437634604,-0.22229008383189847
10676,0.2941028444622478,-0.3395236243233751
10677,-0.06773058255917663,0.040789149495994326
10678,-0.07903752597666706,-0.12098074277931298
10679,-0.2671709684980336,-0.04472431263270877
10680,0.0027985183044340247,-0.21905026090929144
10681,0.7247029992533017,-0.14154377445058342
10682,0.3168340366779752,-0.13825864801450952
10683,-0.124905881446335,-0.18479149973205874
10684,0.20747037695119475,0.07830260194100055
10685,0.7345173544197121,0.12967691054780417
10686,-0.4403187501894291,0.3547558994365381
10687,0.27539581711962985,0.014411948648130904
10688,-0.11391283541170864,-0.0060561260553154556
10689,-0.21559970639323559,0.054221371565184584
10690,0.31161337418577606,-0.038896739625797344
10691,0.13684608454906272,-0.23757616265905493
10692,0.006345589337090179,-0.24253289338532427
10693,0.41038377185892316,0.2790627844031953
10694,0.719726514861467,0.7996003635323418
10695,0.09122613799858267,0.30865511556665837
10696,0.4953968580004046,0.17901400323422817
10697,-0.6398975999681893,0.023569087384407217
10698,-0.7606411886183733,0.4714321796259934
10699,0.1440712618763193,-0.11824168759914394
10700,-0.4192920147783126,-0.06901356630400042
10701,-0.8328938059775273,0.020407163182004473
10702,0.3226266444497181,-0.13150905524162548
10703,0.04783096906413183,-0.19364212176174772
10704,0.10700561498412378,-0.21549004390955248
10705,1.017789723291285,0.0834665935700254
10706,0.6774827424820994,0.13308868279803576
10707,-0.11445744628512741,-0.1947141403820873
10708,-0.1560035609866913,-0.12713769623315987
10709,-0.4110998220775402,-0.07143365440012425
10710,-0.5574963237690621,0.023597559267385174
10711,0.12447390774999897,-0.28619823516610543
10712,0.3507187829324527,-0.29120666962141306
10713,-0.31728090863599484,-0.24027551136954028
10714,-0.6369206812352879,-0.02538936453226673
10715,0.5063884918784474,-0.2531600328817434
10716,-0.018400454653391907,-0.3304657842351943
10717,0.6121346275308339,-0.29463619916332734
10718,-3.022285577963606,0.5528578667941048
10719,0.8894871915907339,1.3722107367065948
10720,1.166196854471735,0.11257097313577905
10721,-0.3945254343128592,-0.03157282453072112
10722,-0.2889714720083547,0.08697186608159294
10723,-0.3805986300411393,-0.18253122010072906
10724,0.4569117565354324,-0.14044695119375308
10725,-0.10132838899721636,-0.23914635216627847
10726,-1.423160639075455,0.20535905480883054
10727,-0.18509017678178288,0.27901528819064997
10728,-0.032577343845487765,0.04223014826238358
10729,1.2462149983656268,0.00818681956069127
10730,-0.9201998589583771,-0.16810562517684746
10731,-0.18198685970107725,-0.25289762878275385
10732,-0.3898860921588608,-0.044331518243064236
10733,0.9604383076443294,-0.17750303713383525
10734,1.4076949213267111,-0.14391395688988026
10735,0.5022352239338902,-0.14355925795012636
10736,-0.36783206687395137,-0.15504820874165665
10737,0.9693094318671502,0.21436256067799092
10738,0.7055048712332543,0.5532052409829114
10739,0.17431813033932145,-0.11322403149254451
10740,-0.21894791257703805,-0.24631882565518456
10741,0.17331018027374137,-0.08387563410402002
10742,-0.22868194103945905,0.17467087413814952
10743,0.11999745762640983,-0.15257378207432012
10744,0.4986449437021406,-0.313404573240523
10745,-0.6620084497540812,-0.294647778841982
10746,-0.03796374817223937,-0.262817314829816
10747,-0.3843903629107553,-0.28219579942789536
10748,0.5298595088461077,-0.1254484630446334
10749,0.5904972320548246,0.15004491741763432
10750,0.06305984194210734,0.08680366441033688
10751,1.1105807466195228,0.2266387963710489
10752,-0.36133882926779376,0.11201435114597466
10753,0.40715642462242363,-0.022499505884521653
10754,0.5091538327242934,0.06902627744297277
10755,0.41031314874029046,0.045897610033368536
10756,-0.699834925997018,0.04824821680624858
10757,0.1828584081013777,-0.024128323060378043
10758,0.19624745683127678,-0.06740758042139369
10759,0.05431024935995924,-0.10260307014671773
10760,-0.4264578535538177,0.6593567082908697
10761,-0.2600957540804066,0.09577155447903007
10762,-0.3394871306114039,-0.16249054424036846
10763,-0.5116057185684205,-0.13263430266045478
10764,-0.4111675667616124,0.19026129622786148
10765,0.5063948695105198,-0.15312253816069804
10766,0.12491885836556449,-0.07585449457557972
10767,-0.6997849623211464,-0.02350138027635812
10768,0.4071968952586941,0.02797016570055612
10769,0.7685337809461418,0.1951751902768059
10770,0.2739795082682534,0.19700502739113163
10771,0.19371536053362615,0.30289143977545374
10772,-0.9499548915225462,0.1833199520875548
10773,-0.20244314942939418,0.5292207745480351
10774,-0.04638804401779367,0.4719355326690201
10775,0.9130359657313845,0.059049216406449834
10776,-0.3540158534917946,0.009638471757258099
10777,0.01231102602260434,0.021819997979320188
10778,-0.9731584680951051,0.24688215516535794
10779,0.9181662047686105,0.08825862855782673
10780,1.0082773006450731,0.23987159229805888
10781,0.35216649987576776,0.5288407435087331
10782,-0.15307730742135398,0.96713006811282
10783,0.8141848117601163,0.7415955214765714
10784,0.5303022056280383,0.8351454528977139
10785,-0.4246135535437889,0.5699511132627788
10786,-0.008672860386255749,0.9745171213525851
10787,-0.42150326913841585,0.5423995280467769
10788,-0.7730336367218303,0.5990111621180437
10789,0.032258479382740964,0.4932180208993696
10790,-1.3313709167210477,0.6894004883725516
10791,-0.4723099120921799,1.5755529108980335
10792,0.0001797319018838426,0.4693449969155059
10793,-0.2501883125558939,0.12073105091154712
10794,0.7491845701097557,0.042308154761936334
10795,-0.8076385029113365,0.16124400617781603
10796,-0.6761479081223016,0.016286458100150336
10797,1.0602871078168583,0.0468653850413967
10798,0.3270374862673251,-0.1584588211861876
10799,-0.04097345098597357,-0.06422069612350137
10800,-1.4496635343901134,0.07049151830664971
10801,-1.2223081057193634,0.41522334969960417
10802,0.9016532684104046,-0.10178448259798219
10803,-1.4036445756516347,-0.03976451203361589
10804,-0.3859141687354517,0.2832496691026054
10805,-0.14522694667126593,0.046936459264632135
10806,0.5708878839900889,0.09623589069884428
10807,0.3238630834314113,-0.05652337719117214
10808,0.062449987067764494,-0.1304145616997295
10809,-0.836292321164017,-0.04990278056571079
10810,0.25991057536459566,-0.13851218465360302
10811,0.7977280432590613,-0.28467306189124386
10812,0.364252113269072,-0.2220324130813266
10813,-0.24075233565891008,-0.31821241546405477
10814,0.38994018906484945,-0.3536387510130902
10815,0.028829024409287148,-0.34737302984110663
10816,0.6035268695199856,-0.25227732490400956
10817,-0.5971271090942607,-0.30117894456502725
10818,-0.3262121577355486,-0.3298461514357236
10819,0.2375925083104157,-0.35109347024043325
10820,0.0692810504079283,-0.32172458176192253
10821,0.05339894781562582,-0.37125216844873754
10822,0.11984630428164156,-0.1727286680548329
10823,0.7375592350946362,-0.009001431933679527
10824,-1.3316460854661976,0.04562031741978992
10825,-0.2174295237504181,-0.1399756959155728
10826,-1.4599731960032967,0.5230672885920534
10827,1.49213391646839,1.7715528334531423
10828,1.281631348904923,1.2331018506753377
10829,0.7378582428695613,0.3769167188286596
10830,-0.502794382582322,0.5189313206618251
10831,0.35780700218766065,0.1683841638062369
10832,-0.8507189285915715,0.2714480621114125
10833,-1.1113447543613593,0.42191535942585245
10834,0.004664917768087572,0.2931799641282148
10835,-0.30584036808794635,0.4221967520562456
10836,-1.002542303099619,0.5128295888383111
10837,1.016256699399136,0.3706052794568978
10838,-0.4729152037774289,0.15011694469090553
10839,-0.9188624063065448,0.7591786290989139
10840,-0.3478493340505422,0.20657254450291257
10841,-1.7029927836537118,1.3277744584254925
10842,2.3146905811350527,1.2113170775027804
10843,-0.09981172312270943,0.3116809538443587
10844,-0.4100866649834301,0.08834566417839071
10845,0.6164573531265347,-0.020307085850294934
10846,0.87874195257001,-0.09530970695543872
10847,0.36864794850555677,0.09000840090795231
10848,-0.4899954749133566,-0.08242208406676794
10849,0.4958626560351435,-0.07735573421605081
10850,1.3079359541378024,0.03707516379789497
10851,0.6637020473255199,0.08942514991791684
10852,-1.0485343267097127,-0.0693894419435824
10853,-0.8053768955877395,0.01440235246809922
10854,-1.3470350499659636,0.49282350735042746
10855,-0.4114864295713198,0.45210234326919074
10856,1.3792371562567174,0.09774986906959438
10857,0.5073702527673644,-0.03511647120443403
10858,-0.9146214714917229,0.07327228904031269
10859,0.4825115048816015,0.2608762286358905
10860,1.023574305422376,0.10350452252929357
10861,-0.3657596459605731,0.24539601209324202
10862,0.07059051836015334,-5.175816313163217e-05
10863,0.20069386322432678,-0.20219905312490158
10864,0.6402872193484488,-0.17677939100551293
10865,0.5613549638119233,-0.2417988130934612
10866,-0.24738255781171908,-0.049485028650205334
10867,0.26386406764051235,-0.24678853960340985
10868,-0.0013520651659657363,-0.24705695709697897
10869,0.47010786728685344,0.03168419678690505
10870,0.0011552102439957943,-0.07313436642360593
10871,-0.05314893700994446,-0.2155450663196659
10872,0.3279434185940613,-0.06560507102201632
10873,-0.18765341313020545,0.2859026457363253
10874,0.414372137127368,0.07849686630082398
10875,-0.5748551777143002,-0.04191448773239115
10876,0.6435084275479548,0.5327710500468263
10877,-3.0145181826557783,1.1941842432205294
10878,0.6893192921743846,0.7165864798120086
10879,-0.20075050562303492,-0.020789299031049646
10880,0.7993042874935015,-0.08685868739941552
10881,1.2892771729420907,0.1815073819505889
10882,0.7294416084130759,0.500061708833842
10883,-0.6362671422689766,0.5161036042774311
10884,-0.46967156639612956,0.38496160799751233
10885,-0.11583360368659787,0.35116964899082403
10886,1.1997748927375382,0.2671215838578381
10887,-0.4328978986015491,0.04836864269959382
10888,-0.21810446553427076,-0.16739074058691444
10889,-0.36802400189504253,-0.22159987585932894
10890,-0.8568528824557172,-0.012633244102833077
10891,0.22886271908739672,-0.07224985515303381
10892,0.9170644060879395,-0.034837838688982485
10893,-0.05642919320196665,-0.2711459037448372
10894,0.30766197565440034,-0.17263991717074972
10895,0.19035612529345863,0.013478832634556431
10896,-0.46959939549508933,-0.1487581073225224
10897,1.3298516254075698,0.21450680268934247
10898,0.269208664827495,-0.2374671122555485
10899,-0.4079869448551726,-0.20294785194981294
10900,-1.1036355880628057,-0.053478319812079324
10901,-0.6256542680187968,0.02376343279566767
10902,1.1973775445764574,-0.023578356165796024
10903,0.41941893679128905,-0.29735113711139993
10904,-0.0022520522763949165,-0.29464956967164513
10905,0.021955346454612015,-0.29937252632943673
10906,-0.17786887786918285,-0.2836161692323691
10907,-0.028810111623721137,-0.2760680028370717
10908,-0.158229364542749,-0.3003112948256838
10909,0.2508487243142695,-0.22982011854491197
10910,0.26847685627802054,-0.3098847532346337
10911,0.3852543699081126,-0.3614128304705246
10912,0.4267866097078179,-0.2890172976698222
10913,-0.3191701007632375,-0.34936962887660505
10914,0.9105456332990663,-0.2577212273570059
10915,0.4986614043135765,0.09160354265788473
10916,-0.04022992586453241,0.032825866922206764
10917,0.13836608713003073,0.004272629092075125
10918,-0.2920422247079923,0.12455639668392596
10919,-0.3447387273683194,0.19199494288145363
10920,0.6542928325360218,0.02542521235350867
10921,-0.8801042096302341,-0.06962804990201554
10922,-0.6737225826556228,-0.08431094965174031
10923,0.27840773789821993,-0.27544993003196877
10924,0.2604748981730468,-0.18873814349509221
10925,-0.22628832218090889,-0.3006497114074207
10926,-0.8507877651806293,-0.06197317596390314
10927,0.4253509807470796,-0.3025174670048136
10928,-0.7384291013886205,-0.1542954205928502
10929,0.510158422711686,-0.1092890049128898
10930,-0.36547870549956835,-0.29545972193763437
10931,0.052921058125761915,-0.2739878086905391
10932,-0.2177113515891425,-0.31975070018295865
10933,-0.24940436570365146,-0.185992964067755
10934,0.24883478902519995,-0.31491961942199054
10935,0.4358556811839441,-0.32065212321613656
10936,0.1434636846154338,-0.2943234635696258
10937,0.35370108779729237,-0.3124307726308204
10938,-0.3965692721496176,-0.16696800618639854
10939,-0.3869517455068398,-0.3038005927160849
10940,-0.09477940125364408,-0.3159310174932983
10941,-0.06463384235127889,-0.4008340734685407
10942,-0.3706651490944599,-0.3248409072725511
10943,-0.1272929766929746,-0.058284618707197276
10944,-0.7272464749416268,-0.12477504916747115
10945,0.21820170263701882,-0.3006372700549305
10946,0.18658729400578639,-0.3012573490796274
10947,0.2756957490241338,-0.343063889002455
10948,-0.7938986473477853,-0.2052781770982378
10949,-0.10297317555927273,-0.11455244771018931
10950,0.5387058036406513,-0.16508464255715305
10951,-0.3819928019346254,-0.3287767476802764
10952,-0.4944047193114452,-0.311744327762032
10953,0.5165718201772189,-0.3377902904113361
10954,-0.700119697022123,-0.21350610667376133
10955,-0.7353140424570321,0.0707185425096924
10956,0.07120915156537094,-0.0031473818751903554
10957,-0.1139827206031467,-0.28772560826090887
10958,-0.9958369248924401,0.36218969707092735
10959,1.2460057592880585,-0.017826323817877646
10960,0.16935086163208343,-0.2672698690744826
10961,0.36380348542627805,-0.27692720268447263
10962,-0.7711732115414289,-0.22651046442935355
10963,1.2523635590334024,-0.14323374907737285
10964,0.0872744616636042,-0.2094133680450586
10965,-0.06912320672479026,-0.21564283154176572
10966,0.11993612405842237,-0.09202773824859586
10967,-0.4883423659094858,-0.26175424525397717
10968,-1.3783752866657986,0.254681137058277
10969,-1.2898023791436588,1.6384013159370867
10970,0.3994437675253186,0.706774283638122
10971,-0.09310210641537559,1.0252936066192309
10972,-2.852640652987399,2.5566497677757867
10973,-0.08609916540583978,3.498101336098792
10974,0.8806220315452025,1.2744313012286614
10975,1.4171257696829584,1.9431529513967494
10976,-0.6523694546142806,0.23800776467732088
10977,0.5666101602860173,-0.132772668585102
10978,-1.4632548963681455,0.0961711091716213
10979,0.8404711801969846,0.039862343301921704
10980,0.9199982449044634,-0.12505930225366713
10981,0.30734838339263687,0.13216320545918397
10982,-1.7668416005948266,0.09917914395732941
10983,-0.13497938371157436,-0.04719807590351244
10984,-0.8280130148065794,0.24373712026521072
10985,-0.9249663154878456,0.5127651240186301
10986,-0.5732750442375482,0.7283202722914373
10987,-0.16879006835233137,1.3218888429769264
10988,0.9009380102674958,0.14250119332341665
10989,0.7067564158494394,-0.14006403458946215
10990,0.07348724088373314,0.047622218328499055
10991,0.2666989485242148,-0.20410937832661227
10992,0.039000068735702456,-0.24161076233051548
10993,0.7532008471078772,-0.2007465740934456
10994,-0.35530139290132917,-0.2535318343337899
10995,-0.10319772746187608,-0.2757259064552841
10996,-0.28230814982229924,-0.287019036237208
10997,-0.07283909924153212,-0.2555464260283218
10998,0.20062044332794063,-0.07849413270925645
10999,-1.4424394542962908,0.28181086292234964
11000,-0.6282396427748127,1.7022285269817918
11001,0.241974904266051,0.21097399004099832
11002,0.3587716366900896,-0.0002659184017197169
11003,-1.9381305229124801,1.074997329454936
11004,1.4371420056210882,0.9022832321824849
11005,0.8396881413699712,0.014377810008893946
11006,0.4318258973934591,-0.001814866317292399
11007,0.9268020420184474,-0.13811274192747677
11008,-0.08039446214796192,-0.19899001785508322
11009,-0.09150525601700452,-0.26224653344726845
11010,0.6083875472273528,-0.23493255002110958
11011,-0.23033723707035764,-0.19738953479173565
11012,-0.21061166788958144,-0.29108183111031455
11013,0.2493250263705053,-0.30290306695826275
11014,-0.2676423990439919,-0.15268617715417185
11015,1.13111918986902,0.08422273683710801
11016,0.4539392456632369,-0.020040786921141
11017,0.22166530389133,-0.1711352499476675
11018,-0.5964290201257335,-0.12659936993623752
11019,0.034537964083198314,-0.3275073961210089
11020,-0.09041587145268687,-0.21718692171718476
11021,0.7111953193263783,-0.21822585621417223
11022,-0.38381304472191136,-0.24059866299597826
11023,-0.49696589458583074,-0.32478003225499585
11024,0.6325712272619534,-0.29628981913627245
11025,-0.24301036047953123,-0.3150408096598619
11026,-0.006899618157133755,-0.3910249674201521
11027,0.8054912604128439,-0.28673819584092786
11028,-0.7079796101885569,-0.21378750745092973
11029,-1.203174006269001,-0.2180788976518563
11030,0.22805019648131358,-0.1486910426124788
11031,-1.2101514033207894,-0.24292956493140924
11032,-1.5033322516345007,0.11552735962232333
11033,-0.08845565942587247,0.09598110497562212
11034,-1.3324018778043665,0.4970272124594054
11035,-0.1540576565853273,0.264121126695923
11036,0.9239201384079251,0.04869979921511125
11037,-2.464357875659495,1.737818436683214
11038,1.058110874781598,0.5762420609423208
11039,0.2548986373562835,0.16987353141233452
11040,-2.436425407315527,1.0166814807270326
11041,0.387791664242308,1.3339576146150787
11042,1.3838405254371735,1.1342278064832731
11043,0.7224449700901842,0.43344109461620295
11044,0.3934569974571539,0.1426666838437285
11045,0.5496410672587706,0.09046316792609083
11046,1.320173180817592,0.6064961055467678
11047,-0.5332781942294864,0.08024677840295785
11048,0.10910238819662547,0.18150636207970444
11049,0.4218823463647224,0.06685508721798583
11050,-0.27064804131661707,0.14153445008254448
11051,-0.12917933510816476,0.08593649023321331
11052,0.1990808967593568,0.009890262121239807
11053,-0.5272292228301945,0.34226281285738025
11054,-0.4027232275185015,0.1813846331988802
11055,-1.1637521419986891,0.005819503729714445
11056,0.07210002913604656,-0.06562626074945554
11057,0.9258693233600548,-0.2132176413084005
11058,1.0167795703939706,-0.052581940602328514
11059,0.1987697380528834,-0.09233962211059553
11060,0.4785011940964253,-0.20505455869965175
11061,-0.12441027819545414,0.053175135817415176
11062,-0.30365757124034387,-0.17805744253539713
11063,0.1802869727994191,-0.08738594675421517
11064,-0.9546874976894029,-0.03870568442724155
11065,0.5890637350415799,-0.2154908792149748
11066,0.2760224866413919,-0.18063595182452974
11067,0.12686043010404396,0.04228094873695337
11068,-0.29642008502227735,0.29457898665500326
11069,-1.214668709504129,0.11816201135515603
11070,-0.6943097919068618,0.42468009781486116
11071,0.9518018095303941,-0.09441036963816869
11072,1.908294811321557,0.6210952427405583
11073,1.4657982160150727,0.7364439258776051
11074,0.876619644929027,0.9157679406230995
11075,-1.0922115466922486,0.8620173563229679
11076,-0.5488660455588198,0.31587479271767266
11077,0.41652733027170374,0.3132159804882224
11078,-0.7693871597533276,0.007423253284986747
11079,-1.0183506306529349,0.14658322940661525
11080,-0.7781112853661093,0.2220210009648821
11081,0.71232082967123,0.02853313580183439
11082,1.3470099240132678,-0.035990242920074585
11083,0.5422208421152789,-0.040428864266107284
11084,0.46505891408514977,-0.3120204480114085
11085,-0.20237026129185942,-0.18567056490970163
11086,0.5661010679798709,0.052297054875229176
11087,0.008755083649572693,-0.178072480114372
11088,-0.8010778385638249,-0.19680831433546975
11089,0.24312821485270292,-0.18475624964752335
11090,0.5442102879254711,-0.12963601139221517
11091,-0.4620365096960607,-0.23729279794075514
11092,-0.5714525217010579,-0.26260716347713847
11093,-0.21379998957162322,-0.2140895779925766
11094,0.11336889110086,-0.31544287714180064
11095,0.08718474340317947,-0.3849987894758484
11096,-0.14955586642273422,-0.37518887329368644
11097,0.21691403413593546,-0.3141826089542044
11098,-0.6772245200988556,-0.2969720130181976
11099,-0.39017443802296514,-0.28495669374487875
11100,0.08652134254968459,-0.21184789147917224
11101,-0.41925629193017616,-0.41463269075197134
11102,-0.6719392426317273,0.056811879882889355
11103,0.5163861844123789,-0.1288228448618264
11104,0.2547782483702799,-0.2807689578851331
11105,-0.6354249754299208,-0.28926210254554724
11106,-0.7438570835600622,0.015418074642858978
11107,-0.23343473816101207,-0.0603729392796286
11108,0.009190905627646564,-0.16620003276498263
11109,0.13037288062357114,-0.2380026502426889
11110,-0.7207872150807151,0.11289905619278989
11111,-0.11977271804668457,-0.13690462115034238
11112,-0.42819186908620294,0.08968155792140359
11113,-0.46679333646413174,-0.16560218995602521
11114,-0.2479490621450495,-0.020019769831478768
11115,-0.08183880936646612,-0.039015656210246746
11116,0.36724426710931984,-0.10968084683837061
11117,0.1359120153081647,-0.040299687745592803
11118,-0.13014029409062844,-0.15140371151582865
11119,-0.30019262954543524,-0.24750591911742215
11120,-1.7556142301668658,0.09286231503905815
11121,-0.8032256603281809,0.44487205758638393
11122,0.18866473569144643,0.2932601429550573
11123,-0.6669627540390864,0.12283962940872123
11124,-1.5635787373292944,0.9078560511740649
11125,0.45897537530568205,0.23124859450640745
11126,-0.8002990959897711,0.09189508811076841
11127,0.5457627567368448,-0.04361238039826574
11128,1.1519116416618964,0.06421299820277554
11129,1.1745598446410936,-0.018960336264311317
11130,-1.7165337701920154,0.012831991684416164
11131,0.6861608404692148,-0.23846830724535248
11132,-0.2564828116762281,-0.3040272353668362
11133,-0.4617662513766565,-0.09197234791311382
11134,-0.34995056022797877,-0.18437327920193283
11135,-0.2709294987004574,-0.2442203505227998
11136,0.8570453715884936,-0.24264905759672328
11137,-0.28661144498702734,-0.2735201404094607
11138,0.4786386664132649,0.07530347557670203
11139,-0.08261516355822383,0.015658028322292433
11140,-0.9980740411020298,-0.10367601523279357
11141,0.5232386066461364,0.22559008860434981
11142,0.8155278666417474,-0.04759799977352476
11143,0.47446438047638845,0.13394220106396598
11144,-1.6685846930467585,0.008843085484211255
11145,0.4279702447455681,0.2608048722113778
11146,0.26116113253940204,-0.1409568237150351
11147,1.4980814068277373,-0.056777091000956195
11148,-0.471957091003298,0.27278872245363517
11149,1.3457345072319706,-0.04625598039790335
11150,0.28551861687685653,0.2420680729482373
11151,-0.6515121799361718,-0.1914722465102644
11152,0.8551362050787688,-0.23580978891837479
11153,-0.07987541527608226,-0.22908064191266395
11154,0.34650922828810937,-0.12275933077222774
11155,0.571849055980967,-0.226667616096103
11156,-0.6598481894442696,-0.1775952566893574
11157,0.19974618918975123,-0.314017830465559
11158,0.3821058253848366,0.002807654531348694
11159,-0.9296624636602883,-0.18649962964008723
11160,0.6734368269533565,-0.06057872025757036
11161,-0.6961102193208782,-0.2701576849728926
11162,-0.12835252077037942,-0.2850374791669005
11163,-0.004976030437560298,-0.3015462969728441
11164,-1.1937093487747452,0.11346944352947297
11165,1.3221196371993313,-0.11990821954525677
11166,-1.5825883215427627,-0.15180775243926653
11167,-0.5356287402950667,0.21661502633539925
11168,-1.7139432830035655,0.6861820648615202
11169,-0.48147592933280736,0.4638636130209163
11170,1.1576845680625385,0.034298942611666036
11171,0.33760058319524666,-0.14548609955555739
11172,-0.9319421725909173,0.18786019731437587
11173,1.1931935720772406,-0.21241974418742904
11174,0.3890820561378317,-0.226891350964545
11175,-0.316622221148869,-0.10862860335692204
11176,0.3871177453707556,-0.2569793291706892
11177,1.0417849188827883,-0.19199938879299128
11178,0.4117704956467851,-0.10859445668229391
11179,-0.350021147245207,-0.30248000781701667
11180,0.2780631793288737,-0.33934328223043086
11181,-0.4056898414714892,-0.3313474336309828
11182,0.7725196205837572,-0.24086758784522316
11183,-0.22582953172284445,-0.058066349594325745
11184,0.32728317447895416,-0.10016982129025839
11185,-0.14541124678085238,-0.24836156968051062
11186,0.30347943161603874,-0.3271820164887852
11187,-0.3199028653225233,-0.41214926669149593
11188,1.0364079210941177,-0.2809704874039813
11189,-0.8166446507247886,-0.25829146461362174
11190,0.009468993892305256,-0.41815744692588425
11191,0.7962814858891186,-0.26942059223740356
11192,1.1332717299774302,-0.23696726447856944
11193,-0.2679218118982579,-0.235677512890365
11194,0.7733381575323621,-0.10680546367259727
11195,0.1371905183273371,-0.1495692750319192
11196,-0.5608665409526817,-0.31113363749873824
11197,0.42946507185451355,-0.41488481699486135
11198,0.0025942053618517704,-0.3232536898109514
11199,0.0851208532261155,-0.34621534868997805
11200,0.3761997428818625,-0.3468161859793858
11201,0.06699156647824493,-0.30732510518363476
11202,-0.2872781748952439,-0.36631460522466575
11203,0.24448623187196042,-0.39224311511657617
11204,0.24989193202318916,-0.36362278922273317
11205,0.39376766387961365,-0.2577231222180293
11206,-0.514680762949065,-0.32134435588898896
11207,0.32991437636313253,-0.36214177037497874
11208,-0.2608866531400219,-0.3703441380824055
11209,-0.013175334441573486,-0.3841406525032402
11210,0.24308492376761948,-0.33168983084956366
11211,-0.4188133474297589,-0.4143910206037734
11212,-0.4931290620679237,-0.34270650514733136
11213,-0.3582624239362125,-0.314107804482036
11214,0.5590038324255866,-0.3499301247021033
11215,0.8751412154911475,-0.20940228983734432
11216,-0.15532163553122424,-0.15773444807182196
11217,0.0894823807550521,-0.35862330050119684
11218,0.00516585042878615,-0.3693942767676675
11219,-0.3700679689284677,-0.37429068215491546
11220,0.21917083977021742,-0.4583380702950859
11221,0.061926081196105716,-0.4132815127107281
11222,0.18988073259910998,-0.36385834538434936
11223,-0.2480284488497954,-0.4446011627569717
11224,0.02373200749488285,-0.452943537425607
11225,-0.1319696403461641,-0.47145371303348405
11226,-0.24887615062465485,-0.4041211476102352
11227,0.2912891958783188,-0.43836001703448335
11228,-0.07180857225141075,-0.3979633498985238
11229,-0.079403462243264,-0.44084084692793185
11230,-0.21184898585542755,-0.4006344192836704
11231,-0.008725182613344413,-0.4268135303034353
11232,0.05500140609042671,-0.3702030718792141
11233,-0.1604381257682957,-0.40118787278468393
11234,0.14891959751848077,-0.39557279131432166
11235,-0.05290605696871726,-0.444155573711262
11236,-0.050365166642468144,-0.3936322715630499
11237,-0.12499778929548934,-0.4551199290807372
11238,0.0855688172011645,-0.5117292039721837
11239,0.4440462289282561,-0.335523007771213
11240,-0.18838229728006553,-0.32662394373638054
11241,0.22005420242622983,-0.34303194493544586
11242,0.0332007679019666,-0.30910539183089836
11243,-0.2060797716017518,-0.4370444833977132
11244,0.1986776818387344,-0.4108018826956561
11245,0.17456125649838855,-0.3791575953099983
11246,0.14064428482606334,-0.29916241763716384
11247,0.15288232531271626,-0.37223988312384704
11248,0.837729390281704,-0.31721478842037143
11249,-0.7233256055943557,-0.34349883627976563
11250,0.2617176033948889,-0.4280928675966246
11251,-0.513640785987093,-0.25616191648942355
11252,-0.32836027827169784,-0.31016406985823564
11253,0.16502235084621925,-0.3775823686574373
11254,-0.11278786865208756,-0.3983625618036023
11255,0.41595537554455353,-0.4022440356766259
11256,0.10268235018059388,-0.48647724841175294
11257,-0.021241640041090637,-0.441661658869697
11258,0.35145435818500353,-0.386100073260897
11259,-0.17034355621982983,-0.3488979236252545
11260,0.4612142427250265,-0.33773099802953666
11261,-0.30473706477990375,-0.31065849101784226
11262,0.15468593550500107,-0.2951688123111787
11263,-0.4064540017591947,-0.09782834849364663
11264,0.07377861397462496,-0.34493226271009764
11265,-0.11295240746306734,-0.16500236365164786
11266,-0.3243943126237816,-0.24191829192107453
11267,0.015859255176214365,-0.25836115246643865
11268,0.19145892562469613,-0.39173066826071834
11269,0.555090170998899,-0.348628684382202
11270,-0.2917791603774398,-0.28802995906857115
11271,0.3464207760099306,-0.3167612806032077
11272,-0.18639704139638114,-0.300962453391468
11273,-0.09185205849992456,-0.3583309779112835
11274,-0.31312510544414157,-0.34502094990531496
11275,0.08212954756640381,-0.4688586177878151
11276,-0.34872393762294646,-0.34642067537819626
11277,0.1536369068155972,-0.4676484715909831
11278,0.10294642059145463,-0.32208840458003085
11279,-0.03953583583485654,-0.19584807633329876
11280,0.21826346492700344,-0.35955807697176234
11281,0.3075381894067497,-0.4183935000488539
11282,0.046416630475983704,-0.2914124972669532
11283,0.06053671620282589,-0.4336367986899066
11284,0.16567818283698899,-0.4017045005278937
11285,0.2743901972216653,-0.3385478686718537
11286,-0.4289582442398076,-0.4362903978652992
11287,-0.40345730730343177,-0.42759693404190313
11288,0.28853056596103777,-0.4769796683071309
11289,-0.15667493026364743,-0.4222573447967034
11290,-0.1923988127437778,-0.44834062417662846
11291,0.2538294064706547,-0.4469295635822316
11292,0.06303042610788974,-0.4446091517470231
11293,0.30150945312040733,-0.46880760276961486
11294,0.43892277854608636,-0.26450667237884684
11295,-0.44401175284607475,-0.13816127209744558
11296,-0.07098546722351387,-0.3337145483617081
11297,-0.3202812609799213,-0.40193241115884487
11298,-0.047739154967421864,-0.3448312927958078
11299,-0.06395420792288128,-0.41307774047217616
11300,-0.17761664911431277,-0.4049717757114094
11301,-0.11988223566332344,-0.36015105341741416
11302,0.031710801271166746,-0.36579256146828487
11303,0.05294643338577712,-0.4068288730049599
11304,-0.06208557784367411,-0.4258549347937136
11305,0.2599334326924419,-0.4197885092569012
11306,0.4395968195593386,-0.3523216142821648
11307,0.1757371814828392,-0.3486352019369189
11308,0.07448229411005855,-0.3784461129193225
11309,-0.33316514772529393,-0.44478695312043504
11310,0.29899446392679774,-0.4003906054797387
11311,-0.2591207378609696,-0.44154789756861723
11312,0.20557182119446343,-0.45990841997782206
11313,0.30802395796370785,-0.33648989104413624
11314,-0.5235292849833009,-0.2609761724483074
11315,0.1863485752224529,-0.43128457258675257
11316,0.18743052847159028,-0.45359655538887933
11317,-0.20866282883530096,-0.48177921130729096
11318,-0.020709181956994165,-0.43362922320814895
11319,0.1632423270467267,-0.4574175787658046
11320,0.18148731586955263,-0.391788788873091
11321,0.040041450908835256,-0.44861155229544764
11322,0.011299023811517978,-0.42398349220347964
11323,0.28440902659576917,-0.22566290413404458
11324,-0.1147847684979239,-0.22958769263056966
11325,-0.003946438741847558,-0.3772003938370635
11326,-0.2396784225465592,-0.3438873461911292
11327,-0.14110063569596248,-0.43500164415134207
11328,0.1610353377024081,-0.4627000925655609
11329,-0.3431151530071951,-0.4525763750979758
11330,-0.20300937491805793,-0.4016542497295037
11331,0.03667245585360644,-0.47508691694441596
11332,0.0026222924631438497,-0.40628126629415223
11333,-0.2592104807065486,-0.43265534888590795
11334,-0.08715684375132643,-0.4475076485155315
11335,-0.3895244615966024,-0.2735960607278848
11336,0.11563478185637174,-0.3439112651061897
11337,-0.16348751275279785,-0.34123966826288643
11338,-0.15008765907213678,-0.36566277346194637
11339,-0.17129655631354077,-0.3926604577136028
11340,-0.1327644776324876,-0.3695797475674538
11341,-0.004767423427833751,-0.34260010855688044
11342,0.5156579702669704,-0.4163431224923963
11343,0.19949119041746685,-0.3871960135560358
11344,0.46038070176457324,-0.3468365289431797
11345,0.11486031420764631,-0.15045834662890936
11346,0.0753863017749856,-0.32551587639588786
11347,-0.1073675227196062,-0.30844968158840935
11348,-0.3844881324654142,-0.3267369771275638
11349,-0.271326554460423,-0.3438013143325563
11350,0.24065571278328488,-0.30605078975482497
11351,-0.5315501419266562,-0.38294425259389164
11352,-0.2167554707517204,-0.22101930532162511
11353,0.7197506959854302,-0.29109691536313664
11354,0.07865055068601698,-0.31453624243642614
11355,0.008751859477444966,-0.3464632442560902
11356,-0.30633862300061565,-0.09457018890440966
11357,-0.022945378929631027,-0.256968943122881
11358,0.24255583986730453,-0.3319524175533105
11359,0.283311234126634,-0.3499332573071179
11360,-0.3606520962066182,-0.38509552822765536
11361,0.20663501433781098,-0.3171231793871837
11362,-0.3287623957163989,-0.30213919433175684
11363,0.3627353857170941,-0.2884905666463655
11364,0.06119242458123087,-0.33746762452818635
11365,1.0882235661217294,0.0423680935015151
11366,1.4471212878777668,0.3373201023533041
11367,0.6477613930747373,0.42712461286503145
11368,-0.3399071817419279,0.2868004472224005
11369,-0.689641899494551,0.09671787245864516
11370,-0.047648008122394926,-0.20044616772980398
11371,0.42892631225973527,-0.22082570814806693
11372,-0.16458845161230096,-0.29185211804942757
11373,0.27480810866646527,-0.2367755676015859
11374,0.3802061231418326,-0.12388220127966178
11375,0.00923507661789074,-0.3189405020995638
11376,-0.44778331323200576,-0.38732198176328336
11377,0.09099189948138611,-0.25359079036503185
11378,-0.09931122518693328,-0.3493295750253719
11379,-0.22632795643174553,-0.4184360140355415
11380,0.14305284470851848,-0.32613377249905473
11381,-0.008060414331738064,-0.39325067470042063
11382,0.3704238144620582,-0.31655836720712127
11383,-0.06672729560779797,-0.4648814118032723
11384,-0.4322820720090203,-0.4488093449079895
11385,-0.2159533277865112,-0.34529527010435296
11386,-0.20035791587287,0.05277747991095513
11387,0.69407043328802,-0.34208124228062475
11388,-0.016893924603652695,-0.33027166637210476
11389,0.9337749136908566,-0.3402911370231259
11390,1.447790746445489,0.25208705767914974
11391,-0.31083051049845445,-0.14203209664130623
11392,0.1509716567133112,-0.2881379517017273
11393,-0.6288812697507214,-0.306790038546331
11394,-0.7323350512870241,-0.13048009963982127
11395,0.5179993389286675,-0.2829762963604807
11396,-0.00524157588061573,-0.3731417722291288
11397,0.2273671036869066,-0.3382770321821439
11398,0.11325298497475614,-0.251837822869001
11399,0.7178132550656785,0.2741973810989292
11400,-0.8498493283785925,-0.11386441441380427
11401,-0.3101940663950697,-0.24452930550899155
11402,-0.15476495737379697,-0.19057690708001115
11403,0.23874120823918804,-0.24886348019746787
11404,-0.8014784997648674,-0.2703726507768376
11405,0.19568193382918692,-0.11188612510615217
11406,0.5553214320883983,-0.2080119828602285
11407,0.8831298407946417,-0.18059588930658294
11408,0.3301966507719223,0.479468755923956
11409,-0.35315957544335136,-0.10682761430643922
11410,-0.24314676346630001,-0.2444481284883137
11411,-0.2068842217394757,-0.25206397475047665
11412,-0.027386789647711088,-0.12028492987778741
11413,0.2964688510605649,-0.27811374005891165
11414,-0.15457363927801424,-0.24488445204456452
11415,-0.12778390875551182,-0.2483428915931629
11416,0.4799413048787723,-0.23182393579311897
11417,-0.16980910211948766,-0.29837052917755447
11418,0.2597502642321469,-0.2620057923575264
11419,0.5001686919043531,0.07264219122317941
11420,0.3325210769868975,-0.02192313832245668
11421,0.19083152330352243,0.0373428401942944
11422,0.25350153146215487,-0.08173000131568445
11423,-0.5028417253825112,-0.0503807960041479
11424,-0.06694359355209714,-0.28916805096392806
11425,0.11306719670367052,-0.29971554847615756
11426,-1.5877942426162706,0.052433146471228875
11427,0.641096861341698,-0.06200941711668855
11428,-0.28488336971532635,-0.10642627463175983
11429,0.06319544717261769,-0.2863242299246048
11430,-0.16752213925930748,-0.23625262899306604
11431,0.34843293881631643,-0.2955387920838414
11432,-0.5608886652680843,-0.21236998846188626
11433,0.4652000270031288,-0.25488584101276884
11434,-0.4473730312718366,-0.27267625335775625
11435,0.1780281711096623,-0.2828638354275472
11436,-0.4281561891680726,-0.23857932421538855
11437,0.5481986993792786,-0.24654530850169992
11438,-0.6205184437843175,-0.18551089826142017
11439,0.3932456795927761,-0.3610188088674074
11440,-0.897795019213274,-0.16482640671021564
11441,0.2615441746778016,-0.3355699973801012
11442,-0.3672299661333803,-0.35031397211584747
11443,-0.31253066887464925,-0.23457938477520257
11444,0.3780945032800263,-0.0720411572582122
11445,0.4063532823490905,-0.3211027083749582
11446,-0.041630896301216476,-0.2909834340789871
11447,0.4292142352556089,-0.210809606489047
11448,0.25964527681168004,-0.2458111879151625
11449,-0.6984108621286664,-0.15203892576894218
11450,-0.7368388572766316,-0.07831722612241045
11451,-0.49577801885314976,0.3334380600673429
11452,0.042921882521782084,0.4219742738985951
11453,-0.5386779509576926,-0.026185809060954815
11454,-0.1542771979231317,-0.030227653340962078
11455,-1.689334008993834,1.5451792199123946
11456,0.6375544154120387,0.26602828115604826
11457,-0.9544900298347869,-0.0211775730746238
11458,0.6473578699829238,0.12917811551576427
11459,0.573432539424919,-0.01794931187477518
11460,-0.7044806416147072,-0.23570699165385356
11461,-0.23300245580408285,-0.042313753739126866
11462,-0.3392889238990645,-0.08851973078630254
11463,0.5397900279889228,-0.12116743712333963
11464,0.2925715071932269,-0.08752126506437036
11465,-0.7500781328991617,-0.21383154452572317
11466,-0.5333354917621628,-0.3576792352810256
11467,0.547976224864326,0.0851506387128953
11468,-0.7215220476800204,-0.2638567325122214
11469,-0.353413375065664,-0.28191999800918566
11470,0.013881183914352889,0.3565025668962646
11471,-0.8308301784518108,0.12718354297650264
11472,0.515985946458197,-0.0016345858150034198
11473,-0.08542570884530394,-0.3090593760086215
11474,0.955155262647905,-0.10785776917647927
11475,-0.04063198982471902,-0.33277002078981466
11476,-1.3039286217414758,-0.1647208319519142
11477,0.8777000601490865,-0.09569979931704659
11478,-0.9617165549379377,-0.20600885859459356
11479,-0.9174193281130985,0.033625134772652665
11480,0.6190626152566887,-0.2101958274768838
11481,0.3349987855561412,-0.34650556228726814
11482,0.11459246432164544,-0.26279590616574083
11483,-0.18809682846923328,-0.205128886463476
11484,1.0256254153086617,-0.231186060496256
11485,-0.8044727627019493,-0.24218771071446157
11486,0.10819916586739649,-0.17821376131359537
11487,-0.1488788540756117,-0.3608500140579822
11488,-0.871659244499823,0.1704070139285636
11489,0.2238749511223587,-0.3161654390917409
11490,0.1887422507357031,-0.3004571213920879
11491,-0.3101216355224952,-0.23971486673042833
11492,0.13589402833443773,-0.2933441006351879
11493,0.26722320547764616,-0.2747046605974897
11494,0.8776519554707765,-0.2632624563989279
11495,-0.08279463235737895,0.010409526897094706
11496,-1.9063003896076636,0.575059065187102
11497,1.1661753879624406,-0.2520179561502497
11498,0.08025292799154071,-0.3073481981277779
11499,0.5918272735431683,-0.3194787467273069
11500,-0.2643009098875269,-0.28396933901480126
11501,-1.2984285340342423,-0.2749940265118067
11502,0.33274916346329425,-0.2581356487862654
11503,-0.42971782114585355,0.08278523463157783
11504,-0.11837600434438603,-0.214467635646483
11505,0.016628507332738428,-0.2036568016529797
11506,1.2901343687703057,-0.18706338285775634
11507,-0.2681803078422141,-0.3030647981291811
11508,0.7168823909918207,-0.2255893700218518
11509,0.5481541890488973,-0.20652700242861982
11510,0.259764012961587,-0.21643414996813307
11511,-0.38983242209894076,-0.37062480029952993
11512,-0.5072435812051698,-0.3822259918770133
11513,-0.18941615421174454,-0.3575836132256981
11514,0.3139656998799747,-0.3292917798494319
11515,0.20887142605018222,-0.37977325774018916
11516,0.5428003633399316,-0.27858732671964875
11517,0.2785822037863913,-0.32818409365268175
11518,-0.018055483705765776,-0.3344686403044848
11519,0.27526165187958856,-0.22645954234600976
11520,0.30602009449681494,-0.3081939664252532
11521,-0.5247910084175227,-0.19417430979701378
11522,0.11193217502355376,-0.2709526608479129
11523,-0.16820497865013612,-0.32701202753785147
11524,0.5248193845726702,-0.13399909773080187
11525,-0.1345442997659618,-0.03139145833625843
11526,0.23075677018046473,-0.26302883505549896
11527,-0.6329840509856798,-0.3307450176813892
11528,0.45614579466867966,-0.39967363344845247
11529,-0.29511676232898165,-0.2745212636454552
11530,-0.46941255309981894,-0.3067225178537134
11531,0.43338573785058615,-0.2629861001203267
11532,-0.0010151983421047752,-0.3524527626170624
11533,-0.16252708943675634,-0.32459500803556285
11534,-0.9144786187597956,-0.12315759110487007
11535,0.24213245527046098,-0.28191459044567485
11536,-0.7228107877240049,-0.3019233237827176
11537,-0.6697063613224397,-0.14638312764163766
11538,0.5072797162936804,-0.27150440686436617
11539,0.4065654228676468,-0.3721826341041964
11540,-0.27879085450961444,-0.3448720572588602
11541,0.3787672467360111,-0.4545769841583804
11542,-0.33732805575759894,-0.2972543243338863
11543,1.2783372467247531,-0.19401246217440232
11544,0.4054228630921344,-0.2639213967197394
11545,-0.6122826622203273,-0.33609448964252797
11546,-0.13774450356993376,-0.30034858256650926
11547,0.26842908318556596,-0.28621795061627614
11548,-0.5967670047895339,-0.2616813758728681
11549,-0.9505160423580037,-0.09870295416595665
11550,-1.3220872745481604,0.4449706262203518
11551,0.6322368288671623,-0.2026280111516633
11552,-0.32008738567050604,-0.22533659768442277
11553,-1.1312107470324066,0.46574653026391555
11554,-0.15698059189257196,0.1094149791341947
11555,-0.7939314860408015,0.007894604048279102
11556,-0.07264445093688605,0.02292232811062947
11557,0.09662056697012376,-0.17840949969215447
11558,-0.30358559659248135,0.1612937351324929
11559,-0.3292492428450938,0.06330614530134127
11560,0.18971870652514827,0.32652777320959614
11561,0.689773848167934,-0.1089329603276231
11562,0.6849622323600629,-0.12658356553540379
11563,0.15242166226958961,-0.09440124902832836
11564,-0.8262004657599373,-0.15276178372051985
11565,0.6171890497871381,-0.2625789686505256
11566,-0.46398412913671366,-0.3069766178540433
11567,0.2408173947090233,-0.37286005857571847
11568,-0.2318853036950723,-0.3102932185891807
11569,-0.1908750463034894,-0.3652161596864555
11570,0.22494072198492593,-0.3824498990873361
11571,-1.0042739793917592,0.1922338570090657
11572,0.27570818418351295,-0.41081765396808734
11573,-0.20211468313735034,-0.35690518746849864
11574,-0.9033910927430411,-0.1256720462228958
11575,0.8895645559498044,-0.06735461191832216
11576,-0.7184185296620377,-0.3150916805648549
11577,0.5974116235758209,-0.3096815852076177
11578,-0.0642047208762964,-0.31248692002402634
11579,-0.19791241747181598,-0.3013684314259902
11580,-0.04564237756593215,-0.3716989645551483
11581,1.1502992178917708,-0.2770517942931995
11582,-0.8713363532139644,-0.25924523756703316
11583,0.6705816668655281,-0.4429903729393081
11584,0.014317920759227025,-0.4030184895075363
11585,0.46000314001149656,-0.4338533684357772
11586,-0.09131386402689404,-0.4242946335323288
11587,0.23180429911434625,-0.3987787982726394
11588,-0.4270306946304941,-0.343481485380053
11589,0.4206613084408892,-0.397042556769342
11590,-0.23255622303404078,-0.41045657667872343
11591,-0.7014848872327859,-0.406306997452644
11592,-0.3912637469082241,-0.2498978146845753
11593,0.6255362074265888,-0.32639572803238726
11594,-0.11316636559007545,-0.40305915541293574
11595,-0.5864085997681499,-0.21020362862286976
11596,1.319696606267728,-0.19465040290907387
11597,-0.028137214507417643,-0.2911920368376202
11598,0.6663304677071387,-0.3984011805375155
11599,-0.472252865966817,-0.35762646433744216
11600,0.22724618975301686,-0.3733576052222942
11601,-0.2570723507064107,-0.37251067903305435
11602,-0.08704788934864514,-0.41869505717870464
11603,0.12701597494412198,-0.33565795147911937
11604,0.1585263042284733,-0.4323234245389406
11605,-0.24689241401301537,-0.37678068462187064
11606,0.23302783888364872,-0.47944109394593337
11607,-0.3519977674110779,-0.4614380148019595
11608,-0.5639791304693981,-0.3188702809145016
11609,-0.1991137565732719,-0.441023283591095
11610,-0.8010979224857153,-0.3584510628445106
11611,1.0355829703522652,-0.36109249899510015
11612,-0.17790492560675,-0.47476043669285345
11613,0.2595134543740165,-0.41025244384430243
11614,0.1088898986471128,-0.44200272806151064
11615,0.2862802714047487,-0.4187044523571315
11616,0.28971049043773006,-0.35251499403220077
11617,-0.014067039910363942,-0.3929130475816551
11618,-0.36084613657386955,-0.3569874328550724
11619,0.2846688847956689,-0.35999855569011097
11620,-0.5256415456194194,-0.33035688485308995
11621,-0.20207116727159696,-0.4380948990869628
11622,-0.4260294448724,-0.2519025783078863
11623,0.5282854248758463,-0.2609752718247177
11624,0.6362756963239462,-0.25384431151975717
11625,-0.2585636646649819,-0.35533624429340377
11626,-0.4784475253472444,-0.1908708774380765
11627,-0.37235841360548094,-0.22071381686441996
11628,-0.5890343699171419,0.0845733971409448
11629,0.28789054490908456,-0.2605368585217904
11630,0.43778268258391445,-0.07594628401552528
11631,0.04598040379141366,-0.3510393463991648
11632,-0.05174023447775442,-0.3354998831210663
11633,-1.2283669237628982,0.1410068817181375
11634,0.23091861730673172,-0.26075127080071286
11635,-1.318921533594781,0.8279855947297897
11636,-0.08515031919419419,-0.14509284432988456
11637,-0.4253036212347989,0.43981147868282366
11638,-0.5136375531375309,-0.042383741045865585
11639,0.9845446118164318,0.2977634226667957
11640,-0.7040431925638677,-0.02444462230658906
11641,0.4156567693297266,-0.18142377390252523
11642,-0.379252788643994,-0.10962548632054891
11643,-0.3650946184545462,-0.05781203814977979
11644,0.6207081594331135,0.07180813186317478
11645,0.2134709433041958,-0.019344828035888384
11646,0.37517960175929366,-0.1827408203453907
11647,-0.08535303843675232,0.2078904595380493
11648,0.978768070196083,-0.14433601510155175
11649,1.7433098867688628,0.33663383031975536
11650,-1.1603905986836967,0.06807183909853542
11651,-0.43282114599619137,-0.033141048909699
11652,0.1357280304436523,-0.2975021859822556
11653,-0.1538647024238779,-0.1756558298183979
11654,-0.13255120268398685,-0.2538050282878213
11655,0.03709277863263014,0.0737838210219427
11656,-0.16269059153034693,-0.032259245266132885
11657,-0.016943603294867875,-0.37218043847932386
11658,-0.18397530323426492,-0.2396566653593084
11659,0.11370350357134973,-0.3222813760825454
11660,0.2505710266644318,-0.3273716170213917
11661,0.1026901644249156,-0.28215165768876693
11662,-0.30691648985852676,0.061756338879945805
11663,0.1107952838397724,-0.2122078559619484
11664,-0.9673792033899377,-0.04471284684582317
11665,-2.678753430014652,0.7788730811990071
11666,-1.5076248491885655,4.091649899789939
11667,0.7763390493155107,0.5670789044137331
11668,1.0200170976608927,0.19839648978359603
11669,0.7564596682190055,0.031695093581240605
11670,1.1055621123761266,-0.014597241066599626
11671,-0.6198586750596798,-0.24985634523198613
11672,-0.23806263785668458,-0.296200945373369
11673,0.10226292688079859,-0.42437999707130075
11674,0.07507195889795748,-0.4029876790337896
11675,-0.663187818096159,-0.35632096554736237
11676,-0.2897628779285435,-0.30137319986146993
11677,1.0290837383826636,-0.3544893877057762
11678,0.03796754668663409,-0.34010483062264546
11679,-0.3811030966526704,-0.38169966427202473
11680,0.33793667902354796,-0.40865233394305167
11681,0.18848622444516708,-0.48099509539228136
11682,0.47102791051671017,-0.26135617393903826
11683,0.3477741558603614,-0.36112028058040646
11684,0.4663747602352479,-0.3414120568053942
11685,0.08023905586878606,-0.3699087888086551
11686,0.005983453570530367,-0.3739523674258757
11687,0.6235105238914652,-0.33406781786769557
11688,0.8466693376261007,-0.16710614995994877
11689,0.15969709803952972,-0.24017892139550442
11690,-0.06094862795331337,-0.3932736409092091
11691,-0.06834032840256819,-0.33833062916722306
11692,-0.22916807712494341,-0.338799979034245
11693,-0.3442122319904797,-0.38439946594430635
11694,0.23464007658747954,-0.4027918157978107
11695,-0.005286829298820463,-0.44496806169778075
11696,0.6760033111684572,-0.2855907771620369
11697,-0.0382895023101164,-0.3583487638753444
11698,-0.03960881468475048,-0.3374047743702769
11699,0.11127871331724042,-0.36336081767206135
11700,0.14326464029653016,-0.4054385248539959
11701,-0.013140639729167094,-0.2861322771988545
11702,-0.10569180466054634,-0.3856441325757489
11703,-0.29184532619416775,-0.4191036906389415
11704,0.44796323112789127,-0.39451607070643324
11705,0.20068769029521155,-0.29793651780409963
11706,-0.27692569164466035,-0.39037346429618625
11707,0.17363756091171653,-0.39962085863426455
11708,-0.01654662977369762,-0.4572729191161995
11709,-0.13141272087188988,-0.36914996250325055
11710,-0.25177377544122176,-0.42984671772289246
11711,0.3987119392493666,-0.09674798380151907
11712,0.34772724878712435,-0.38972577109693357
11713,0.39651248009046947,-0.22887616886656226
11714,-0.04112316932762636,-0.31322108905252316
11715,0.17520362767804262,-0.3742249030360527
11716,-0.29268858400334513,-0.3636947383407729
11717,-0.0288851252450244,-0.436988452626781
11718,0.07683169480122037,-0.3694646826082836
11719,0.1384332257210105,-0.332749999344199
11720,0.4103128828835072,-0.32448359571187185
11721,-0.2858735085107649,-0.30982141283779663
11722,-0.17245816419405857,-0.36017951567155626
11723,0.07174115214966689,-0.4455134235326185
11724,0.05477173463158099,-0.3915041642098389
11725,0.367953423009543,-0.26415320178052365
11726,-0.407279723330007,-0.15426444849588616
11727,-0.2730944991720953,-0.3706882600377999
11728,0.2663141056234914,-0.33555600488555304
11729,-0.35601479512315864,-0.29897394305668384
11730,0.05970509097455574,-0.28491346572734066
11731,-0.5761788748904203,-0.2072293847809928
11732,-0.06543466436177237,-0.35818413951635414
11733,-0.09655243153079637,-0.30961559859776633
11734,-0.14865799590496762,-0.3792538380747271
11735,0.21524255590340097,-0.2875400151385676
11736,-0.7336927333610759,-0.22816979621237565
11737,0.44673320969209535,-0.28294907487976606
11738,-1.3051318185718253,-0.09954799171165407
11739,-0.3390393038112247,-0.06069688496612462
11740,0.13471788362488976,0.1489344002996827
11741,0.6376799814597706,-0.0364475729416649
11742,-0.6395979355725404,-0.006692296270947334
11743,-1.328685086578599,0.20033735884068138
11744,0.0908557431120771,-0.04279420889212633
11745,-0.26408935049063215,-0.2362773705418791
11746,0.4371764349722013,-0.13799164550267373
11747,0.4468638370474924,-0.14825642993865515
11748,0.6819237421939303,-0.22638957052218084
11749,-0.028051048879991575,-0.25996894537043436
11750,0.3948639750305469,-0.22334405579018976
11751,0.5212363784443403,-0.2893851748239956
11752,0.7731506398045477,0.12954759508072689
11753,-0.06962763922284956,-0.139548503696637
11754,-0.9248750945259219,-0.20765905118641745
11755,-1.091225544923847,-0.12936937895977402
11756,0.34739216767666,-0.30333072734692296
11757,-0.8933076694970673,-0.131393229058571
11758,-0.7726769048900052,-0.05016686385777927
11759,1.127831153839773,-0.2870535436178536
11760,0.035431724846294164,-0.32421421917328586
11761,-0.6471328669943356,-0.36607587888338683
11762,-1.1961492821252837,-0.1249184417158055
11763,-0.23132942545889995,-0.26111874240885535
11764,-0.34697633177193793,-0.20960537278935265
11765,-0.3500654952685208,-0.08839704499021148
11766,-0.4132618074756595,0.09313781107574914
11767,0.32322190095389075,-0.1600488591802514
11768,-0.4156887107053149,-0.24387407653896145
11769,-0.17619854248070677,-0.3614247060376742
11770,-0.1444420732961103,-0.26341080091255664
11771,0.5358235864284309,-0.3254556233262188
11772,-0.11612011702735683,-0.3371800720461066
11773,-0.49045300330886493,0.004005274414034685
11774,-0.6987361760238092,-0.13364518010632684
11775,-0.06561547755645908,0.08899480832133302
11776,-0.4925535830913851,-0.01641281275000213
11777,-0.35651871446615824,-0.35092873821032244
11778,1.035401586970513,-0.18638554475603009
11779,-0.9264136179161152,-0.2842608548983398
11780,-0.8633308179186047,0.32875883884207224
11781,0.03595647780278795,-0.2817050472264742
11782,-1.3132108275433618,0.6586008595215803
11783,1.0101206360351485,0.0439391171740961
11784,-0.7961991167487273,0.17920192339084245
11785,0.4711232411332258,2.230315683419147
11786,-2.0731348506515386,0.34526772208885603
11787,1.3418326451814457,0.24913659237158065
11788,0.3206359071463966,-0.03296422098727275
11789,0.017355728015884767,-0.18993631763794694
11790,1.1193804905182143,-0.06271354328374681
11791,-0.14248146399898265,-0.01694331298163501
11792,0.36437867551285913,-0.20397524562227998
11793,0.26341967984042675,-0.278761534184851
11794,-0.5558182572211802,-0.2746193327574976
11795,0.7268110288263623,-0.2915114287162168
11796,-0.5874803580611954,-0.3344855051914413
11797,-0.48088915882210526,-0.33347541239315004
11798,-0.7375285582596559,-0.16541297188976198
11799,-0.08587173623519281,-0.18181436791760644
11800,0.22336874869454296,-0.3892535919421898
11801,-0.01050996273816301,-0.41632103359563133
11802,0.4855672957624644,-0.3616312874536132
11803,-0.8333831650745609,-0.23454020533227973
11804,-0.2556728287545518,-0.2062875831448388
11805,0.04818040083570218,-0.24892907048482665
11806,-0.6255991716170325,-0.14301014916440058
11807,-0.5039364008988284,-0.1288450586306689
11808,-0.36713763692655105,-0.1043007245427717
11809,0.8538732686126551,-0.211483851170977
11810,-0.41069740074830374,-0.11404736052858053
11811,-0.46007811504826474,-0.10480531174254776
11812,0.20734835514359579,-0.1433058538561145
11813,0.5272144549458967,-0.18968219864301678
11814,-1.8550785952478137,1.0887986961404197
11815,-0.31042822581945356,0.23628845230468887
11816,0.8126099013643028,0.27842823377524706
11817,-0.33772585292509627,-0.1466302538456517
11818,0.8140186981816672,0.22019180291603885
11819,0.760405141895653,-0.19109583135264457
11820,-0.10088282729793535,-0.33300376350918476
11821,-0.9599867810423922,-0.27721677070374207
11822,0.6835599721500397,-0.2871908920807266
11823,-0.3486116595612859,-0.36530548937633167
11824,0.24232961701927064,-0.2865481070018976
11825,-0.48836395398699434,-0.33426999794562723
11826,0.22865017978620636,-0.3648056402207597
11827,0.06006878189065202,-0.3503614608525837
11828,0.518717062792447,-0.288795740025376
11829,0.5382487688029992,-0.2545720704138711
11830,0.4819916236913653,-0.1305634043502628
11831,-0.3490042591351857,-0.2663087904202943
11832,1.1921248303927379,0.30751129746132233
11833,-0.5784826624258532,-0.1533471940240837
11834,0.1767405593702225,-0.07875415949456896
11835,-0.6138544110925768,-0.16100979455632913
11836,-1.7804647904327697,0.034513456181489405
11837,-1.6332598211948055,0.9809452762615253
11838,2.0749320438349645,0.42264823646763083
11839,1.9131089102913332,0.2811188500380913
11840,-0.8254062863663916,0.07718790797424649
11841,0.3883299015475852,-0.11848883485593413
11842,-1.2061616411018292,-0.24948366912259964
11843,-0.8534947539304976,0.01996369436259228
11844,1.2346910683558192,-0.1846557473587136
11845,0.1136369222883658,-0.36165960863173074
11846,0.8574069482354747,-0.2167817877070032
11847,0.030827414818611558,-0.33478137745619263
11848,-0.654475090331489,-0.012981627557636877
11849,-1.5078538940321085,-0.04505253551007598
11850,-1.094037935236093,0.030998887357938917
11851,0.4214004481871198,-0.29282277167300713
11852,-0.5067130635101179,-0.017760740388399837
11853,-0.16707871735716553,-0.30288681982588606
11854,-0.4992336247404105,-0.10001083016228725
11855,0.4089937607543605,0.19616022739376549
11856,0.2333503046252726,-0.2952827968079694
11857,-0.827991479513689,-0.11015026425337285
11858,-0.044975195458837,-0.3058093176656005
11859,-0.31275151770445614,-0.04260474169490104
11860,-0.028812986491530516,-0.08813908025776737
11861,0.3423959700887531,-0.2017303561071394
11862,-1.3127857752132466,0.19784754824253675
11863,0.365282583038526,0.07822183980393355
11864,-0.18016814716874274,-0.059194460168414495
11865,1.1758331087950504,-0.17791198395070845
11866,0.27409192362614027,-0.2039350721887884
11867,0.09560954344276866,-0.3242882474918549
11868,-0.1675393579994371,-0.3970009120553432
11869,-0.3997323078735211,-0.43344758929318083
11870,-1.4074213506559101,-0.03556566145476148
11871,-1.4146701294000934,1.2855662488199897
11872,-0.5025796913938188,1.41037861248055
11873,0.2235258338333274,0.16507862210286756
11874,0.9263484166246763,-0.0052044397903189404
11875,0.6213015107320363,-0.24456531979155574
11876,-0.061504077391058794,-0.30444111666629214
11877,-0.19563076874897428,-0.38405325211903885
11878,-0.04816952033910881,-0.16369999352449047
11879,0.8902996403815415,-0.2420737251343421
11880,0.11657910859158996,-0.08113033332697203
11881,0.8133114495817755,0.01504636068457195
11882,-0.21111652465421563,-0.3414170332218464
11883,-0.6375537064074037,-0.3988095457992724
11884,0.2642828351355743,-0.4537403425073704
11885,0.2890441198455991,-0.3982275329131143
11886,0.2650712257035429,-0.4018666600337121
11887,-0.22029323354249766,-0.44289734863454966
11888,0.025641165227769873,-0.48683365523230643
11889,0.008032303996307643,-0.42540677980680247
11890,0.3023981175532622,-0.46843149016182334
11891,-0.10530080017837015,-0.44281128637961764
11892,0.0965320778583294,-0.4846743209364908
11893,0.1048000892353808,-0.4390163481633787
11894,-0.07562483017873722,-0.42808821421096377
11895,0.47305044195034074,-0.40722544441183206
11896,0.3740785538877594,-0.36306441401467315
11897,0.05926127622773584,-0.2669971876885633
11898,-0.4934048211827647,-0.38440082485983873
11899,0.386281093437011,-0.3961538757622664
11900,-0.26908254277686516,-0.46187425944753313
11901,-0.14312074800378272,-0.45167007890913236
11902,-0.4412475056177449,-0.38046171599437484
11903,-1.655367773383514,0.12112296789520632
11904,-0.6258739635360882,0.363146261150464
11905,0.43211714678538216,-0.21174846142302794
11906,-0.3104871906024305,-0.18805985988576857
11907,1.211603591058589,-0.20385759732887682
11908,0.2529350985132045,-0.18639255524105483
11909,0.4855075095889052,-0.28608192835556445
11910,-0.12649811589617277,-0.321620222233196
11911,-0.4116608448679097,-0.39162004398194167
11912,-0.5156455659450145,-0.04302874125577763
11913,-0.3008160700775833,-0.35081245564682756
11914,0.47752120062599607,-0.42458836161040436
11915,-0.4234038303952327,-0.43086789931053066
11916,-0.4545552672642428,-0.36589076342057936
11917,0.5444294420218905,-0.4564615576972404
11918,-0.6054510277188324,-0.360571708459283
11919,0.24606618995559015,-0.30316759450985487
11920,-0.5886668534720946,-0.2913477860584691
11921,0.5231377160205568,-0.42688447960954995
11922,-0.4401531830588924,-0.41385858256628516
11923,1.5907706725232185,-0.28550406078566615
11924,-0.30772333211864844,-0.33853735304403965
11925,-0.18412503168972302,-0.4052237105099815
11926,-0.24326675089117714,-0.43475600493873534
11927,-0.1290619386426728,-0.4586250877582415
11928,-0.48728759870359645,-0.4399785980426586
11929,0.5066711153187051,-0.2718123856430414
11930,-0.6781506580454726,-0.3955177290520089
11931,-0.209947680294021,-0.3934460805258944
11932,0.35297228816696297,-0.3668489557642511
11933,0.3369831274144699,-0.3088614056168849
11934,-0.5373297501739432,-0.3932227833585373
11935,-0.3764179296610231,-0.2575352059957373
11936,-0.932197386715813,0.0661388593778531
11937,0.12234224289517731,-0.14491624053086175
11938,0.503265069420755,-0.20498794493687528
11939,0.005521327100573516,-0.331816869621893
11940,-0.7718148637631537,-0.14527488152593596
11941,-0.7346100725964805,0.27985051218873513
11942,-0.043472017781692886,-0.0903931064378023
11943,0.1527888707248776,-0.32113861760824824
11944,0.7955571354290893,0.20143316381766319
11945,0.0459154399050339,-0.21757018266534217
11946,0.6043029640741099,-0.28380483869528395
11947,0.018048334122286354,-0.3799151089569984
11948,-1.0482497617378483,-0.4043741901753379
11949,-1.3983680264164182,0.573791159836262
11950,-0.6776160668833877,-0.07368638913239293
11951,-0.4619804484687595,0.36817382980420865
11952,0.17215788703485305,0.10867449180420805
11953,-0.36384081384855366,0.34143901933169796
11954,-0.20287857525936856,0.04808405801123661
11955,1.871092696225859,-0.12451485971654822
11956,0.032085875942348296,-0.1526999050478705
11957,-1.3701546316049233,-0.2697949450711898
11958,0.6529905248350996,-0.371501459592665
11959,0.24644295591402518,-0.36110363273643176
11960,-0.28389698329404306,-0.3312680068793864
11961,0.9613965884132734,-0.23743019196514192
11962,-0.6936224157353116,-0.1983430625850316
11963,-0.05854827481857952,-0.42000796630893883
11964,0.629593068145833,-0.36128581137712207
11965,-0.009437291170371861,-0.42975104189899804
11966,-0.016268246635748686,-0.40808478745554877
11967,-0.9771149484784108,-0.24769486093607365
11968,0.9586041926409878,-0.3584479339108366
11969,0.18206684186394187,-0.35343033396902934
11970,-0.9916148046311382,-0.3143547053817462
11971,-1.0026245062651573,-0.11706749138585006
11972,1.5253998291746915,-0.21569419604490297
11973,-0.4311032763170845,-0.34658237091291483
11974,0.2189188895971266,-0.16548938093672488
11975,-1.029277237613067,-0.2060043196365855
11976,1.1367646113868133,0.1568086972826898
11977,0.9539936148616669,0.005790787338432829
11978,0.0519552031472276,-0.20425766669301187
11979,0.48469815498690255,-0.30441665148447616
11980,0.02016703058051962,-0.30760698345510973
11981,-0.3355521827758945,-0.3405501105764652
11982,0.8512094074210421,-0.28779695185597765
11983,-0.22989910832267668,-0.3111170030660979
11984,0.4789899454848942,-0.3052865632842775
11985,0.22935182500941872,-0.3907045451990526
11986,-0.22994247172889345,-0.39917743023035623
11987,0.07315363467330165,-0.38949901810059395
11988,0.5153752849018742,-0.3117035151868221
11989,-0.3376465280233083,-0.3916277187725819
11990,-0.5222102811852766,-0.3868644725668693
11991,0.3498124481717066,-0.3879756718434619
11992,-0.41760979792591063,-0.4212798646026543
11993,0.3170445625868837,-0.4511022323412298
11994,0.030778092674879166,-0.39084279446285186
11995,0.35591845473664147,-0.4982189936692791
11996,-0.23735644094797953,-0.43345110012749477
11997,0.1867675240654788,-0.4635413517512966
11998,-0.29210694482367455,-0.4425574155057208
11999,0.15406091821291182,-0.4567146665791205
12000,-0.036872194634471285,-0.419691543914112
12001,0.2988982534945835,-0.3653206059777211
12002,0.4044450317999722,-0.375580326001484
12003,0.1095706325604441,-0.33481370448179204
12004,-0.0246959610270632,-0.2550710299947701
12005,0.00885008411534873,-0.3604975977172655
12006,0.3008380462698159,-0.33583718024735376
12007,-0.36127236801524293,-0.30253872273586124
12008,-0.18122838231152047,-0.3971977012372534
12009,0.2746101804856902,-0.3326728627960134
12010,-0.25470413574987316,-0.4129536569454517
12011,0.06092242162093708,-0.47521706335887437
12012,-0.015279757098866241,-0.38344352996760683
12013,0.08009389624473633,-0.44909012500725787
12014,0.39153110667239677,-0.36705454259954934
12015,-0.09449195617759468,-0.3442818993534058
12016,0.11057030103301194,-0.4248726582090357
12017,0.1939941228329913,-0.40123753743316226
12018,1.1102672553409827,-0.14262595023500135
12019,-0.7323581602522363,-0.19204902918127448
12020,-0.2775944600440195,-0.29451543757464516
12021,-0.16755632527973963,-0.39156876353476316
12022,-0.35843001532490404,-0.3389350680214275
12023,0.1475249207283063,-0.38606476343238694
12024,0.5828968846871728,-0.3048652831183052
12025,0.009294107735346188,-0.4190708689037249
12026,0.17336506877376956,-0.3704520258871412
12027,-0.5679006314569384,-0.35114619049777596
12028,-0.0032787514279322572,-0.4291488402045343
12029,0.16434381252036637,-0.41742600412734243
12030,-0.44319128388631424,-0.31586790865132686
12031,-0.4842695232275098,-0.001177447249420538
12032,0.532570318703157,-0.29816868609636127
12033,0.01861063941111587,-0.39032229909452426
12034,-0.15142019154311004,-0.3302962930044444
12035,0.29359075821014113,-0.3410125837592807
12036,0.16050871763148244,-0.10390224484560731
12037,0.0510123443645499,-0.4010146359398953
12038,-0.5326858696842791,-0.27591510095538474
12039,0.20453521083026616,-0.37836693002641936
12040,0.36921579014499034,-0.39131664689789436
12041,0.235188628170084,-0.3662849942310855
12042,0.3069922705657481,-0.32377670074121134
12043,-0.47020556768016397,-0.3495796636077335
12044,-0.15984754014780334,-0.39102305269721743
12045,0.4359849564574429,-0.3880913619032307
12046,-0.19538242876038203,-0.3808746141808691
12047,0.3590838950443911,-0.28623574373670696
12048,-0.105364686125345,-0.2727722397674506
12049,0.286231838215666,-0.2684015488204519
12050,-0.13092878486283033,-0.3778063111942912
12051,0.49807543050284603,-0.29323853209030093
12052,-0.3426822428630013,-0.31140886998981326
12053,-0.24414646852501684,-0.3754369448397316
12054,-0.3180299845264515,-0.37131391033366185
12055,-0.022982155184329153,-0.40907855549261857
12056,0.441448650703378,-0.44005360356684053
12057,-0.045993567529801015,-0.41050373241012306
12058,0.28704152793078386,-0.3684729827406664
12059,0.03465492713946864,-0.35436294221266423
12060,-0.27614037431800725,-0.37810527051271214
12061,0.2585620051218378,-0.483004820774679
12062,-0.6271525071029878,-0.22938944196026517
12063,-0.20891059537284606,-0.3276557007777034
12064,0.4060380107445829,-0.4190690847129359
12065,0.10482554910780768,-0.4784451337532912
12066,0.34508749809376743,-0.23470148865462664
12067,-0.3485180857541906,-0.3303242545931727
12068,-0.22169202875364696,-0.38604035546233273
12069,-0.06728064233665376,-0.43811241394837375
12070,-0.12792506625606972,-0.349485324518898
12071,0.7621122241214477,-0.18498294986018005
12072,0.8754935349487811,-0.15350610172083282
12073,0.8686592658547712,-0.04363856235028277
12074,-0.50526791584054,-0.08611854765960439
12075,0.04249775846344827,-0.26713457529394835
12076,-0.2899690173423268,-0.3151928914507072
12077,-0.290555898649093,-0.38993270402013247
12078,-0.5883828217889889,-0.36798875872538933
12079,0.7654468109312368,-0.20912317477003917
12080,-0.30432721387336975,-0.4074051494865681
12081,0.782882399527372,-0.4225911448356193
12082,-0.3786806078773143,-0.35242107393133376
12083,-0.15883919581925077,-0.3244130335494908
12084,0.007656784196890776,-0.41399354032664093
12085,-0.21738893263557582,-0.5102282434429196
12086,0.09220818538206572,-0.40166225920950305
12087,0.00022366645440760526,-0.4344877428334708
12088,-0.6833067770212392,-0.3380462053828123
12089,0.11663268461948356,-0.4393800365498278
12090,-0.17012335608629078,-0.3790864067686297
12091,-0.2319067812137805,-0.4016702125710809
12092,-0.08247387303140999,-0.4395586882816011
12093,0.5810245573090514,-0.4298308284602352
12094,-0.45722801652945494,-0.4071410615930823
12095,0.04572102602353508,-0.4116388746398045
12096,0.43342314383516106,-0.19113052540249406
12097,0.2064923563496794,-0.2780028984527309
12098,0.20937307952191114,-0.34588076130819057
12099,-0.07203770686610968,-0.40562843649253455
12100,0.43089967776455346,-0.3289401627213828
12101,-0.05479644012313309,-0.23165564959889148
12102,0.06373420125414625,-0.1028049039912732
12103,-0.4108364502232001,-0.3361204655419082
12104,0.18601992300279066,-0.21385640310966586
12105,-0.048083189880117234,-0.35499848138776147
12106,0.003271934259225692,-0.361312047725377
12107,0.26002124612308103,-0.24861332198095581
12108,-0.3345438350740918,-0.3870547149576478
12109,-0.5033577783739466,-0.3643439716519245
12110,0.40838053158345494,-0.3829276797967963
12111,-0.22750944757982858,-0.36118926499702053
12112,-0.13135240710472815,-0.3462776402338466
12113,-0.13731818024278195,-0.42761303969122183
12114,-0.03500464695099174,-0.41315564235528235
12115,0.025314558995934593,-0.3924461513869843
12116,0.07398446388185059,-0.395326438111452
12117,0.14150156107906656,-0.41306254625011146
12118,0.19243018558747202,-0.3995312913161231
12119,-0.16085726254643506,-0.39826798437187555
12120,-0.07991106644752938,-0.3756169842570767
12121,0.3751666056691197,-0.4068226106537292
12122,-0.13061775634837672,-0.24435288285075285
12123,-0.4480032073692949,-0.4114974838290525
12124,1.725892225336193,-0.023245503066701756
12125,0.35009608919445273,0.17932085347742754
12126,0.9040640281404977,0.50595634948333
12127,0.4461663352877385,0.2081570379642222
12128,-1.2163027611491501,-0.09789873918396261
12129,-0.5134645219362833,0.018056501770568056
12130,0.7025296178823506,-0.29550822505998176
12131,-0.36741275536392526,-0.3212347568054431
12132,-0.3790597354407381,-0.27651801778280116
12133,0.25449859939182323,-0.3080141891699989
12134,0.6705295215975803,-0.24160742775483265
12135,-0.09969336691971409,-0.1367810203046627
12136,0.679137450965687,-0.19132024051269828
12137,0.5491221715901754,-0.254640509080567
12138,1.0873978788312708,0.10655756764228208
12139,-0.6202563586747181,-0.15359615544506455
12140,-0.7258796877516687,-0.1502224761854109
12141,-0.23039163300620089,-0.3335603347366135
12142,-0.4660553994116846,-0.31003415064814654
12143,0.34043721910295055,-0.3450923101146419
12144,-0.644528983082811,-0.3642923770722801
12145,-0.20326959031008637,-0.2935141463520036
12146,-0.1291657043767884,-0.37297388222216554
12147,-0.27272187034531487,-0.43248570190574437
12148,-0.39497326778842684,-0.3301880286840452
12149,0.10039200145240859,-0.4742400729985321
12150,0.018229091098025688,-0.43859603361585153
12151,0.21582850800045794,-0.45828520256362054
12152,0.8298268583390214,-0.23840484933284373
12153,-0.4335614518691906,-0.4036723978949648
12154,0.6274343857097046,-0.3546996965412629
12155,0.054641334648587024,-0.36755250844722187
12156,0.6197507715940508,-0.32539693644916756
12157,-0.3695209901501168,-0.3354892476962857
12158,0.33650604240337095,-0.285640867045376
12159,-0.29374089853855656,-0.40690162642457606
12160,0.10704491567688076,-0.39588936019681303
12161,0.5543529863514998,-0.31803372402487773
12162,0.07916058284696485,-0.3463157488939985
12163,-0.17177660074508624,-0.4652663093714339
12164,-0.1392646055562721,-0.4062849743315812
12165,-0.22993732475479284,-0.394695622325491
12166,-0.23978450882693647,-0.34886336369527815
12167,-0.13682428656956294,-0.34853543085952565
12168,0.17242030795703375,-0.40627110650646614
12169,-0.14934916563812548,-0.30948300521216604
12170,-0.007808884482687706,-0.34365980635224613
12171,-0.0763645956515499,-0.33015017143817943
12172,-0.1693965921359221,-0.40793001236659165
12173,-0.5401110632776147,-0.37362703396144126
12174,-0.023969333914222832,-0.3597453812904207
12175,-0.116106811535674,-0.45465227020410265
12176,0.10186000471500142,-0.40381477365812785
12177,0.39927353454263687,-0.41603937513888034
12178,-0.9024803318865006,-0.36115830925136905
12179,-0.3304149076567507,-0.31371620170535397
12180,-0.18108338268490365,-0.38702804133571006
12181,-0.13850695624147547,-0.38744465526855854
12182,0.4891318520640126,-0.38346474847306156
12183,-0.46191086102721696,-0.37847033238442984
12184,-0.14458189328152485,-0.36443554623159025
12185,0.17376654030787925,-0.47251497013761895
12186,0.2727265265111687,-0.40492988138095465
12187,0.04238006495950145,-0.46657759172337954
12188,-0.37613301839107705,-0.44989409713053413
12189,0.5782968806476553,-0.3596158996244767
12190,0.07719625155863181,-0.420906935969834
12191,0.19338894322203137,-0.36143232716507756
12192,-0.4206842489167894,-0.42535600458991574
12193,-0.6006391090119303,-0.28578800180831526
12194,-0.010738912835447057,-0.36069093979765376
12195,-0.40532100134794313,-0.3559087055302483
12196,-0.834974061052949,0.24699155510637483
12197,-0.13051167660580248,-0.024045834379554265
12198,0.014196326500200486,-0.18223066241894575
12199,0.9107391328966411,-0.3618770871422313
12200,-0.15386099584417803,-0.3509052734068979
12201,0.04696257459313633,-0.44047813935250735
12202,0.505895572720705,-0.39959040938300294
12203,0.24358229805039072,-0.31970390583513436
12204,0.5183294100628622,-0.2641080593765396
12205,0.2634613672766806,-0.3354463784513997
12206,-0.12436408463021001,-0.3820795979605752
12207,1.0157366478186365,-0.22454147922633938
12208,0.20870496159361696,-0.15797131479596943
12209,-0.2755601829582617,-0.40103649903418576
12210,0.01347443949568398,-0.3685691147108907
12211,0.2677998523425719,-0.3309135694005789
12212,0.09281821627345224,-0.37424602045807454
12213,-0.3137109287336128,-0.41021727833851074
12214,0.09313269758678624,-0.28916683153699385
12215,-1.169705655268463,-0.11736701318138854
12216,-1.4703039711918144,0.0068996591527771545
12217,-0.11352876444579169,-0.16565314010830545
12218,0.11674101529353795,-0.2511574518494653
12219,0.3298538014319992,-0.2725875068904771
12220,-0.004236056543517398,-0.19948730355616842
12221,0.33288669131928394,-0.3109421369874831
12222,-1.6525806423347726,0.15386735757851522
12223,-1.5600224644474885,0.8090300980198151
12224,-0.9243535890555412,0.2994429562025792
12225,0.4621328765218072,0.03451987158427014
12226,0.559994234544315,-0.12080438526279097
12227,-0.6059743361682535,-0.17456837751074086
12228,-0.7709772345784187,-0.030313692144114363
12229,0.2870152352414378,-0.2566309116665386
12230,0.6146317669461899,-0.24445312413962725
12231,0.2976919631705699,-0.25584968523245677
12232,-0.5342255373869955,-0.1802044579036485
12233,0.24302222637612927,-0.26310484076807483
12234,0.07336973807335734,-0.30258819810689763
12235,0.3717126980749608,-0.4188398621053524
12236,-0.15618996006790034,-0.39919089350356957
12237,0.7554348471138375,-0.38285608236821467
12238,-0.48432400415381865,-0.41580775920929813
12239,-0.1965724984485686,-0.4210162316664573
12240,-0.27853214066260035,-0.37759746126085386
12241,0.5735900711882626,-0.39534849565569863
12242,-0.19024140364952308,-0.3853122799612301
12243,-0.11774847862307158,-0.4518095446088763
12244,-0.14972552638674125,-0.44289541207208816
12245,-0.13560838216143306,-0.32266280854885354
12246,0.579347004075307,-0.4504570668528226
12247,0.6089608662030566,-0.4149580100426426
12248,-0.8369984766702895,-0.4692710280503536
12249,-0.20222540749687878,-0.44378198025935944
12250,0.05667598431829666,-0.4369364161673265
12251,0.4694233387955924,-0.5059753387191216
12252,-0.40706989332328763,-0.5309387899234139
12253,-0.41068011847699804,-0.3770972997539883
12254,0.3959650894391566,-0.14196933830808034
12255,0.2823097313128162,-0.45024064217933835
12256,0.3092295317586122,-0.4199672652437674
12257,0.12479167908712782,-0.4496895564253145
12258,0.48026612370472416,-0.33920953059076514
12259,0.013213524726700428,-0.4030333152270952
12260,0.21657425053510643,-0.42530061854368784
12261,-0.09864853982708505,-0.4396018001310503
12262,-0.2895827866406801,-0.3253144776765205
12263,-0.1911727549716319,-0.41821386869074806
12264,-0.09814206809232989,-0.439741058247649
12265,-0.5960173754118946,-0.21590788617818915
12266,0.05557930668081502,-0.3680756724792587
12267,-0.8284232643987404,-0.3583372255567737
12268,0.5220845667838084,-0.3972377627100226
12269,0.27258352984512546,-0.40410825312738335
12270,-0.6787404119182563,-0.4672124547235491
12271,0.4199413664040792,-0.46210692623541993
12272,0.07317156152302282,-0.49573959000961193
12273,-0.2654799085068005,-0.45695128413087815
12274,-0.19893458974997086,-0.4964677356424313
12275,-0.5979351573586683,-0.22682347572022304
12276,0.4381583728745272,-0.4249241621934181
12277,-0.1909275786003196,-0.478384825065873
12278,-0.4037546559762802,-0.414946478521592
12279,0.3439487608245432,-0.400847406635563
12280,-0.05795773239194123,-0.4150567351595724
12281,0.16196894247898205,-0.40632370296571513
12282,1.5533149585059711,-0.34034549021391963
12283,0.12251415026664342,-0.16439960958170063
12284,1.034881987568994,-0.13878719781976817
12285,-0.4072089493150704,-0.3115601263148534
12286,-0.5057669369896249,-0.43962195310431984
12287,-0.06254535644657477,-0.4354600407464803
12288,0.4375898558115157,-0.4346277739718084
12289,0.049013556061711046,-0.4308118028505237
12290,0.49781302911193687,-0.41752983263168153
12291,0.2522245590601584,-0.3781757431427521
12292,-0.40106247376767373,-0.3829570099818886
12293,0.18568288403468464,-0.44300073396481404
12294,-0.346417611243124,-0.3282086535561189
12295,-0.07065331462848008,-0.3960021828062037
12296,-0.9176009360201585,-0.3152781065890948
12297,0.3894200770942048,-0.38752985582136446
12298,0.6025228761728316,-0.40825482652482215
12299,0.003956275430767124,-0.3835414190387315
12300,-0.41002840526379924,-0.39558999711135034
12301,0.3241555722493714,-0.45636443306771124
12302,-0.06054708908071819,-0.47824254770512664
12303,-0.37192139101633953,-0.3187598046021116
12304,0.3957661057356951,-0.46857695639461044
12305,-0.27107515169964547,-0.38423659932294
12306,0.31477970678000156,-0.3815226008862864
12307,0.328800991315682,-0.4486398580875638
12308,-0.024131902113435383,-0.47152195462945345
12309,-0.29960498318013085,-0.4925776866184396
12310,-0.8448904718599357,-0.3318695570342093
12311,0.31199075360626377,-0.2724889311476622
12312,0.007354789519503252,-0.44077234041307883
12313,-0.3877304368607921,-0.39845416165339453
12314,0.28952521498015726,-0.4277630790048307
12315,-0.030917472465728013,-0.3613817992315123
12316,0.47724595432709027,-0.1544646049134929
12317,0.22252741255636435,-0.16328320421438192
12318,0.2776955977817923,-0.030652262437876526
12319,-0.43530606019053714,-0.2053093469400394
12320,0.7836845484417855,-0.26312287148728497
12321,1.8546872612536132,-0.02541352769454064
12322,-0.4205454644397017,0.028805480149664442
12323,-0.10974657082457812,-0.19535345913981536
12324,0.4510238535506873,-0.19272376683689785
12325,0.8873401274953356,0.011180560345792318
12326,-0.6534050041104748,0.014781776241731104
12327,-0.18542403629655294,-0.3398164971932127
12328,-0.49013675747514734,-0.3424657586231366
12329,0.3940626147436952,-0.44802094774970724
12330,-0.0581343951331228,-0.41430279094398886
12331,0.6291697251139644,-0.40125086345587363
12332,0.4293494544268305,-0.42830593881774076
12333,0.27072917967827925,-0.3806302593950921
12334,0.6003194599145093,-0.26295014216238316
12335,-0.7762129659435555,-0.3307835085299128
12336,-0.178285645560057,-0.3806512215161132
12337,0.07056543313165117,-0.32709709474893545
12338,-0.0008743327213622063,-0.434138130292819
12339,-0.03026391681128532,-0.4183639578150894
12340,-0.34325368274742535,-0.5023581454578563
12341,0.1229692740439711,-0.37766209932093286
12342,-0.1622192162160338,-0.45265234021738365
12343,-0.1670223002479661,-0.5158538063777776
12344,-0.3786994990678238,-0.4468272826989566
12345,0.06610090979685812,-0.44826439971499915
12346,0.35431377823024035,-0.44973856354509845
12347,-0.1450355458721243,-0.46864002259824744
12348,-0.6180030673558523,-0.3340006919711978
12349,0.40645884820269934,-0.486012522474057
12350,0.18695657350858694,-0.40316380263100393
12351,-0.05012202312383525,-0.45730434064068365
12352,-0.19302062922091842,-0.45902172690660203
12353,0.12612011344157228,-0.5326277336304656
12354,-0.17080037764379769,-0.4297622250785068
12355,-0.12795774387474756,-0.4628446102828626
12356,0.07002746318603721,-0.5073691106136679
12357,-0.07920257767207278,-0.4624232189442894
12358,-0.14806231643813678,-0.3746048182753061
12359,0.06439816804146561,-0.4634507300294961
12360,0.1393848625455699,-0.44079211760513365
12361,-0.0711565618584175,-0.46473902819681817
12362,0.028597391274551028,-0.4522140848132442
12363,0.7212662042374095,-0.3844123518937271
12364,-0.412527965470196,-0.4092066200652816
12365,-0.8264426288623646,-0.3328375308801223
12366,0.19553677435738548,-0.3768655657972568
12367,-0.11156044818358986,-0.45176861193172824
12368,-0.5790302059254663,-0.426371355656404
12369,-0.01610091583556028,-0.3376366482788384
12370,-0.22588574016147708,-0.44269339650361295
12371,0.05056154842164273,-0.4384477217645338
12372,0.18531253910534107,-0.49409443802441116
12373,-0.14401646516086086,-0.46753550061544996
12374,0.19109043116653163,-0.4444639751926709
12375,0.15188231653862241,-0.4865686410025412
12376,-0.33290432455164476,-0.4508633691162843
12377,-0.1585877319001507,-0.4192632821151858
12378,-0.04580618548333362,-0.46525299440915735
12379,0.3511268824624418,-0.4464164583575281
12380,0.030381382300985665,-0.3994638231822833
12381,0.36580342225103296,-0.1226209122551548
12382,0.43414333475218964,0.053771645398359325
12383,-0.3394252701151914,-0.2336280755287366
12384,0.06446308452391612,-0.2331758123448074
12385,-0.013415915694603561,-0.11571262498591084
12386,0.37593166332251887,-0.26963702810177054
12387,0.14543991181448895,-0.20632646762866644
12388,-0.26676660009767766,-0.2986296352038268
12389,0.16044127988487686,-0.2768880422706374
12390,0.312296655548809,-0.37897029542512595
12391,0.3963011505742867,-0.3499074730104338
12392,-0.32885119351930164,-0.40848879884991396
12393,-0.2743615817560207,-0.3875877399433809
12394,-0.2092480812133718,-0.36827415009129805
12395,0.3231365244643095,-0.4172419044739797
12396,-0.041267783503613695,-0.5063002790583295
12397,0.13017569995032258,-0.38212322118737874
12398,1.6104059071174246,0.4353938854429148
12399,0.8116869300630635,0.3242617954094269
12400,1.2497950466004897,0.618065723233438
12401,0.08606836166011117,0.1540382994471429
12402,0.26472788347661796,-0.11410337161593306
12403,0.6569768229387108,-0.08975544256906709
12404,-0.23329124298814832,-0.06726699390286055
12405,-0.1805779289459383,0.2917361084454877
12406,-0.49530473886443993,0.20470731005319942
12407,0.1189126602405797,-0.04912695572320332
12408,-0.28874278507752077,-0.1475388298378081
12409,0.318959436561393,-0.21819435005330085
12410,-0.21444103684921786,-0.195683530787712
12411,0.17455707751945937,-0.14549960295118114
12412,0.35682868948210905,-0.0032880607944509865
12413,-0.15360658080400733,-0.19669612919481327
12414,-0.9960762571751705,-0.12099338768831114
12415,0.05698331599559045,-0.17785848099258333
12416,-0.0016313025224939971,-0.12877368330455324
12417,-0.19763547737278894,-0.23188919409547318
12418,-0.0699080017645101,-0.2801345436219259
12419,0.480574666944751,-0.3465348922104754
12420,0.4606444618019769,-0.3180317223400563
12421,-0.11048519054414332,-0.3526280586609615
12422,-0.18598073395770248,-0.34337969626407605
12423,0.10206582191975433,-0.33474451025430096
12424,-1.4598128242610655,-0.2115214447360824
12425,0.1835468583598416,0.533061398060673
12426,0.22330225493841058,-0.24128179770052632
12427,-0.08831136430592626,-0.33553937238588494
12428,0.22979583441514423,-0.3463714145744048
12429,0.22637273349655293,-0.41338222223205956
12430,-0.6313529721241335,-0.3861667609127896
12431,0.4647245514002481,-0.4345839455825382
12432,-0.2936203326060222,-0.4391712700544119
12433,0.7183747650031626,-0.3382528244055673
12434,-0.0036234163324025664,-0.3867180935480066
12435,0.2438526279782693,-0.47349278051325183
12436,0.9890748117407286,-0.10374084086977242
12437,0.9027204682873619,0.16978562802230907
12438,-0.21753918614734064,-0.2858938744985038
12439,0.48321969845978685,-0.2947834332811881
12440,-0.09650557194985018,-0.2944564183505728
12441,-0.17695456847285945,-0.1369993333514704
12442,0.19754763789613144,-0.3335143423752383
12443,0.2965571914716056,-0.18609700086936237
12444,-0.34685007700929693,-0.09911654875256565
12445,0.0872066655784573,-0.002640474134384646
12446,0.739391823067093,-0.16301346611542045
12447,0.10999877941650298,-0.25731547231019924
12448,-0.0382282172649342,-0.2777944104658543
12449,0.7214893261191373,0.07472776040726603
12450,-0.6399526628703579,-0.19367357644420125
12451,-0.08219799591671681,-0.32161391516787596
12452,0.31728816559159567,-0.32868660126250243
12453,0.3160511078138945,-0.2218406912219329
12454,-0.04062908974600877,0.27260197011836773
12455,-0.6975225869436399,1.052730809287164
12456,1.1481644646148497,0.871331041110749
12457,-0.934205925569845,0.014612251388029143
12458,0.2046698150583421,0.9644423518980941
12459,-0.8406522415259654,0.8623535123282581
12460,-0.32122304343426555,-0.12993559251354744
12461,0.22762574129060104,-0.3227723151029348
12462,-0.03916640277733759,-0.3115323380957876
12463,-0.38178354004786624,-0.33491537364197155
12464,0.20564095674717323,-0.3833031480208557
12465,-0.013206727621676474,-0.25569505410238735
12466,0.46291706062394544,-0.38801340926067845
12467,0.5992134251315019,0.04192704354401719
12468,-0.6451697026574098,-0.1911455428339396
12469,-0.001003066309246915,-0.4017221345785106
12470,-0.1019410970311521,-0.2514424777043165
12471,0.030085285580948307,-0.3787446864167945
12472,0.024994109678518887,-0.3281654464874273
12473,-0.18839173008062365,-0.37047791773405064
12474,-0.24118353109939394,-0.3390951392367374
12475,-0.17407715883790817,-0.261895969333714
12476,-0.12227276267194888,-0.3802287961140683
12477,-0.1972949177123415,-0.43804569495092194
12478,0.28459401809325974,-0.3557497965952341
12479,0.34371363785644726,-0.39597264923997627
12480,0.328854176127369,-0.3872659860743325
12481,0.32041210877967186,-0.37308724836360935
12482,-0.24598668793227368,-0.3521005197717042
12483,0.6525402365560233,-0.10843613289200495
12484,-0.2188343552827182,-0.15205359649037012
12485,0.20256491521693337,0.0010283771732273739
12486,0.43807157308061956,-0.06791550755497343
12487,-0.8760728405238062,-0.21093442721248692
12488,-0.4252869758324435,-0.1359334801854339
12489,0.08630403032309142,-0.321193485558646
12490,-0.16120267743891686,-0.31190750725687094
12491,-0.21641037656543063,-0.3641448262997587
12492,0.11901786628829128,-0.36187471561029655
12493,0.4575739255771353,-0.39004445367738383
12494,-0.05213834306494775,-0.20843008591244125
12495,-0.3289981553778039,-0.3622681730659034
12496,0.07647442923250572,-0.3249218936626245
12497,0.23123645591092556,-0.366261472782364
12498,0.48736854026910853,-0.28138573254213584
12499,-0.14070183034444653,-0.26073484977220573
12500,0.12356238030863309,-0.3248412403130063
12501,0.1773664016708224,-0.4045238596457014
12502,-0.8935921190522604,-0.024811317504083608
12503,-0.020598802848286628,-0.2844668513775501
12504,-0.13468619532930615,-0.16742036587589204
12505,-0.3123112348340921,-0.2689376625172451
12506,0.20375929302204676,-0.3444777200671675
12507,0.46743166543330494,-0.3314404704373339
12508,0.42582653744950055,-0.14481808666754808
12509,1.074418583461336,0.5237911100808115
12510,-0.5732734098053611,0.7837940331099494
12511,-0.16135233248389408,0.006100001439647215
12512,-0.9120558730947278,-0.004621532699249586
12513,0.06829332443913745,-0.13007093552702872
12514,-0.8712168913248779,0.0002706175197596944
12515,-0.013613105973146255,-0.19818395816312132
12516,-1.2123002287894273,-0.031234623724881574
12517,0.866827909325586,-0.21045949879067774
12518,-9.472061625623047e-05,-0.16352244975490543
12519,0.030448693930992227,-0.36075252423097676
12520,-0.04301244828241755,-0.2599688174256248
12521,0.3801981584313701,-0.42770099874891476
12522,0.698215120135706,-0.343634520428278
12523,0.11925522435299167,-0.29672542083269426
12524,0.8744418448958116,-0.09839100216773167
12525,0.5141239691061058,0.12302531644778217
12526,0.037620667000627626,-0.040126022478367794
12527,-0.33324277133815666,-0.10952759736281284
12528,-0.4994216373468239,0.025099029704911735
12529,0.12046984835676858,-0.21025242473987446
12530,0.12217285899030084,-0.36811033176099434
12531,0.03128823471393948,-0.3562553344150117
12532,-0.11456553813893791,-0.427257016892865
12533,0.423334257111926,0.14460382455951865
12534,-0.3589790457434826,-0.2901407788016246
12535,0.014632184266059571,-0.36138030188296455
12536,0.5344349503515567,-0.4353419025670351
12537,0.2898069134213425,-0.3692245368734787
12538,-0.16068584086838666,-0.35498532312105935
12539,-0.19891195291048086,-0.4097822198830049
12540,0.36360177806481864,-0.4193321795364129
12541,-0.042898740784751914,-0.42266292435551023
12542,0.16885084764159508,-0.30392731390881983
12543,0.23728105311131864,-0.2806551440176204
12544,-0.28814948995231693,-0.27183683850293855
12545,-0.012936892539233621,-0.43613765817462563
12546,0.08952139429044981,-0.432889896269949
12547,-0.2634996890527259,-0.43137965701969583
12548,-0.3850115681015937,-0.3575596118886345
12549,-0.08279626246738137,-0.4197169985570647
12550,0.28425669174081164,-0.405118746807261
12551,-0.031197257225640117,-0.46275471526616274
12552,-0.3707911314557714,-0.38418681803043286
12553,-0.018559378746260152,-0.4195833917664324
12554,0.16633976293710587,-0.43703467311718847
12555,-0.06041249081602147,-0.44869286241250295
12556,0.4084592389389227,-0.32352101486681556
12557,0.0074513115288539575,-0.2787790835626043
12558,-0.20300907513122124,-0.3792278777840576
12559,0.0717723253873746,-0.368469692199101
12560,-0.16224804467644738,-0.39610452746510527
12561,-0.10205623764661532,-0.4665552307166534
12562,0.10493113974357929,-0.3693188331138644
12563,0.055774082158269234,-0.42147350325598565
12564,-0.13103009687812212,-0.415404994976067
12565,-0.13138533705674812,-0.3987494072736283
12566,0.3788412906825425,-0.42707842055375234
12567,-0.1496282765381579,-0.38341364756757057
12568,0.1530590485395124,-0.16240455904335657
12569,0.2538237198541396,-0.336628438337235
12570,0.8994378526033757,0.6964495709118732
12571,1.2094832369650648,0.24846463600642055
12572,-0.32144182886691175,0.1715078299147208
12573,-0.08961256504742782,-0.15579873160100124
12574,-0.6281067260292985,-0.023114471606618947
12575,0.10660602623233278,-0.09938021012569616
12576,-0.3477516239881212,-0.15162208594232085
12577,0.121891253448819,-0.31311422042960646
12578,0.4400341718790159,-0.2809310477031278
12579,0.244336969511526,-0.335497517136612
12580,-0.1675055373119229,-0.366652239475075
12581,0.1909427618872126,-0.38765373626173594
12582,-0.06546424656208492,-0.36227369971986945
12583,0.28737594410182205,-0.29547111933594294
12584,0.5988525942016558,-0.2529161664746019
12585,-0.3748154885899319,-0.2009477737256941
12586,0.7492043790978717,-0.2618975734452669
12587,-0.3535293640682255,-0.32768195054761534
12588,0.027701656822346196,-0.2611711980456569
12589,0.5557985205507112,-0.1630760696180637
12590,0.7631586177257678,-0.09895104768268699
12591,-0.1351153789193525,-0.13506370717374613
12592,-0.4366325385719625,-0.03668389406282206
12593,-0.26227732176221497,-0.20878371859020778
12594,-0.5063802848866932,-0.20550321535519012
12595,0.23796406465759967,-0.369031530894531
12596,-0.2548694921248373,-0.21531077690807454
12597,-0.27190002995328705,-0.30417175277998487
12598,0.4497567531398315,-0.11785387468224572
12599,0.49007068524743386,0.07662180585546338
12600,-0.35175490003825727,-0.17196752184908282
12601,0.34961868863187245,-0.2391317754090692
12602,-1.024150994439496,-0.08601722696726523
12603,0.36574973799194693,-0.2679212703551369
12604,-0.322302668997524,-0.23612021002879757
12605,-0.5632302956221216,0.02250496353570397
12606,0.2626806906752503,0.19590150837240472
12607,0.049784308376358576,-0.3118646967948333
12608,-0.24556649146231316,-0.28722948516351765
12609,0.3127253516544826,-0.36118706330060857
12610,-0.18757973093742328,-0.2623545661225867
12611,-0.45640096315442613,-0.14516438238320273
12612,0.05705869006979995,-0.3150238666428744
12613,0.1566612801996838,-0.3751823653604978
12614,0.41316804490601416,0.04330387122821683
12615,-0.22183968182524458,-0.28257110942934455
12616,-0.11297139762461908,-0.25393379512594255
12617,-0.3471948883375288,-0.30243738964197464
12618,0.4756468494363109,-0.2567980789692998
12619,0.09811094614314061,-0.31526195780599353
12620,0.12203524665918052,-0.09219100360390461
12621,-0.07635888997866226,-0.3270623629939952
12622,-0.2370648098159433,-0.2765104912965053
12623,0.26610226652050906,-0.3575874624403552
12624,-0.23756930930017,-0.29874296917947474
12625,0.21249144276505738,-0.3604722236241165
12626,0.27777487184060007,-0.3121402380047074
12627,-0.2115035719858595,-0.36342702443531144
12628,-0.21334613687631343,-0.30647188897346167
12629,-0.19606566663953617,-0.3519955159330985
12630,-0.08939292302738934,-0.2191978679293492
12631,0.49233346801183986,-0.19943888200146248
12632,0.4449058027102047,-0.12086749274208344
12633,-0.21229938072719423,-0.30710885086263057
12634,-0.22347226460032849,-0.2802556542564383
12635,-1.063900678154422,-0.2238293604519642
12636,-0.03854816120675875,-0.2815944890252774
12637,0.30380916254627777,-0.4446730521275944
12638,0.15213388543372272,-0.4031830567693138
12639,0.4423234937860568,-0.25079574801895416
12640,-0.6335240294529506,-0.1871747858382664
12641,-0.414825437441638,-0.026286553273664248
12642,-0.17445757055651404,-0.27081686931353954
12643,-0.028680619334197174,-0.4131706408144086
12644,0.28954915130916237,-0.32936554698933274
12645,-0.11047853440656152,-0.3146746393594051
12646,0.44339098780235126,-0.34697955111166173
12647,0.06217577375362477,-0.37596521975369257
12648,0.3044574937409097,-0.3079998603675982
12649,0.4073394407865328,-0.17514720297415504
12650,-0.6135741934679215,-0.21835436061997318
12651,0.21516650896497266,-0.34476817072288096
12652,0.2835922453790452,-0.05312335735771452
12653,-0.0712948500469878,-0.11290405418270621
12654,-0.026904364230135903,-0.1458948139475858
12655,0.29735270896552607,-0.030531695964478245
12656,-0.2272643865843651,-0.14476671166145505
12657,0.4940855808863081,-0.2096367023147631
12658,1.0570302016413964,-0.025180854664787616
12659,1.1143961020705917,0.48991743091252815
12660,-0.14698077469067378,-0.07708243021127398
12661,0.3725618528586373,-0.07088644351453031
12662,0.42080136740320223,-0.2455468961207621
12663,0.16204524092881012,-0.1648258214268137
12664,-0.34654588658873253,-0.21408754089058263
12665,0.14329614180381808,-0.10125140850638017
12666,-0.6308259522994493,-0.1670543309537545
12667,-1.1417371936543639,0.16078355610628187
12668,0.7896212861520793,-0.14512254577745604
12669,-0.7743591139957055,-0.08861328255332501
12670,-0.2459511821287789,-0.23029237770782565
12671,-0.9144402868614654,0.2614417606434102
12672,0.5608995278356131,-0.31363120260914523
12673,0.060836573782740315,-0.32025382673488256
12674,0.25791025493755837,-0.3447052842252208
12675,-0.46281055059367837,-0.2995099511001331
12676,-1.970919954294802,1.0038498433508383
12677,0.34972574655682426,0.20321355111173672
12678,-0.030555302030908296,0.6131401816579986
12679,0.7636531769622696,-0.12925846842061992
12680,0.19715101548056874,-0.2726485134257567
12681,0.39196528645542605,-0.2611252055852989
12682,-0.16928289589269133,-0.2892552756529911
12683,-0.0333478150188844,-0.3616960288823051
12684,-0.211635153326812,-0.37160645546387555
12685,0.20331370670050053,-0.2658782955342289
12686,-0.36128665308317875,-0.3697481980897345
12687,-0.35532405381518584,-0.28480342231145395
12688,0.1795210300835722,-0.21889080856155094
12689,-0.6132089235230295,-0.2391150822201297
12690,-0.04278231063397931,-0.3388943476111506
12691,0.6066501585484333,-0.2786705033753709
12692,0.2146583681060851,-0.10973747039150855
12693,-0.39600651161336986,-0.19908182182558767
12694,0.1890973120729516,-0.3002609253001801
12695,0.20026744410200042,-0.356563096943448
12696,0.5019316327794829,-0.36039306935975834
12697,-0.23986562961343902,-0.34384135201248694
12698,0.18692300134656042,-0.37065202448578255
12699,0.016644546042072862,-0.3119092300496957
12700,-0.43412382373824804,-0.3155556412918731
12701,-0.5040731332673204,-0.3297678491286401
12702,0.6482908999742554,-0.27108565713630817
12703,0.7931580596349039,-0.2651501685761141
12704,0.33736416475637565,-0.03818834701463015
12705,-0.14746137924991892,-0.19297926857305048
12706,0.34567931319514905,-0.20749321587136887
12707,-0.23347738371319307,-0.1940807063759084
12708,-0.03557308938672435,-0.2636062657674173
12709,-0.06583953235864798,-0.1277751634897064
12710,0.1068762146878838,-0.3152289520700044
12711,-0.07981904925298486,-0.2661701418505544
12712,0.1374374526122193,-0.3082524251179046
12713,-0.17124360336722494,-0.38028124242046185
12714,-0.23758243993102277,-0.35819791442596366
12715,-0.3305262037951295,-0.33189561372952825
12716,0.22370843442905464,-0.4172810638075327
12717,0.009949335678076635,-0.25795996309596303
12718,0.26435853860598224,-0.38419925478287176
12719,-0.3162955707295502,-0.3900386584810967
12720,0.22452474501953293,-0.4394439925798308
12721,0.1465751039907417,-0.3916321979735909
12722,0.251341915142029,-0.4119125176008998
12723,-0.2086186379710038,-0.40963739293278745
12724,0.11256723247337203,-0.3550748319541538
12725,-0.05893036264314733,-0.39749180492010455
12726,-0.7818348682449834,-0.1312434073307869
12727,-0.2119655922180416,-0.028798925198210652
12728,0.8290649715604557,-0.3320168155876933
12729,-0.7526098535895003,-0.39338813889410496
12730,-0.3766157488868915,-0.19469624284164536
12731,-0.08018607934718032,-0.24430646988839944
12732,-0.12900377568647017,-0.27390770180552815
12733,1.0658133029494732,-0.4024029072851061
12734,0.11482422294815711,-0.2738097317244542
12735,0.0009518998626285285,-0.3403036981895189
12736,0.3526746876898968,-0.3819940566562049
12737,0.23875736755818688,-0.36053091389854486
12738,-0.3039340576313415,-0.3481505842852064
12739,0.008426853989069285,-0.4050759411945463
12740,0.4484552624016619,-0.3509577492678132
12741,0.10392885729892755,-0.13837680536287406
12742,-0.2135873748984855,-0.27035911174331784
12743,0.7465147032666747,-0.2596586871100355
12744,-0.6073662543458426,-0.260374136492709
12745,-0.40461355408767896,-0.3637035125611501
12746,0.3584797660240832,-0.39428920220549
12747,0.4110352369470562,-0.33679605675961477
12748,1.1340527310803978,-0.04998118098256675
12749,0.1812726889321692,-0.3162200966640116
12750,2.3452375871994007,0.6573538905063144
12751,0.5643633494310135,0.39694711172991903
12752,0.9681910654724906,0.2078632234506877
12753,0.20742197955993577,0.07226447344157816
12754,-0.1330005710378709,0.15099716937836793
12755,-0.622687326639428,-0.0024544418071242163
12756,-0.43829357549108766,-0.23637184352084478
12757,0.5422757804588346,-0.19201131968072613
12758,0.41322551111730227,0.04058465373550299
12759,-0.14944926057460836,-0.17238170488870408
12760,-0.11071055743326061,-0.2612818476070191
12761,0.2897257842464827,-0.05127992152147738
12762,0.5770048458855435,-0.10165884404390924
12763,-0.6879988822728731,-0.18227629361278752
12764,-0.2307120131690581,0.13793815524681113
12765,0.12034733843393253,-0.08094943377093121
12766,-0.04355685618783369,-0.23490348842208136
12767,-0.1121836652299047,-0.14371456832912927
12768,0.29805820811849754,-0.16950402158313604
12769,0.10641667860978765,-0.05860768958914293
12770,-0.6032123371391241,-0.16780791821091262
12771,-0.6389604522304951,-0.0897338541024017
12772,-0.42648874612705484,-0.018209105648335153
12773,-0.8421697219591093,0.004176177340177029
12774,0.22920019489984947,0.04537949640044964
12775,0.4246838116713178,-0.16705594584754607
12776,0.15539379460300196,-0.18654373411686415
12777,-0.11470536353937087,-0.23855643754866476
12778,-0.28246092904865794,-0.37476971529758635
12779,-0.35635742582949237,-0.3366937724510211
12780,0.06373803204274628,-0.29906738806616934
12781,-0.24133374311959938,-0.32800269724439346
12782,-0.42691170018727925,-0.25847612586462176
12783,0.10917277748858564,-0.11733391761064715
12784,-0.5445542791258327,-0.2760758126616578
12785,-0.11680475543950984,-0.18267319819203232
12786,-0.7947659138895997,-0.013924929480211512
12787,-1.5854623241647898,0.5629037045456374
12788,0.5427481214240654,0.3436566530447741
12789,-0.688552937590246,0.27267353240220504
12790,-0.456427154357695,-0.08597416025015103
12791,0.03689411958387853,-0.20518909506164806
12792,-1.2486087644549517,0.3381222350548372
12793,0.39450572370086956,-0.07809075930222274
12794,-0.7198721999024201,0.12474572815218321
12795,-0.010058945281843505,-0.199288601553441
12796,1.9932941687740255,0.37878576512049017
12797,-0.27775120914754636,0.1616156453797346
12798,0.03955341980166091,-0.022339942671791832
12799,-0.07143467699138717,-0.20155192301165242
12800,0.35944597930462874,0.02370459418471016
12801,-0.017509953597304118,-0.19846126311042958
12802,-0.5488740956727368,-0.07447304369552057
12803,0.13894090987912844,-0.3041332300936437
12804,1.0022992496898435,-0.2657123784014105
12805,0.11236623073171437,-0.30298803902186255
12806,0.9176057640862781,0.2944589449247525
12807,-0.4518905903991087,-0.19526603469709589
12808,-1.4956579023110121,-0.20389118970379355
12809,0.3824442400177331,-0.23331300619279483
12810,-0.0873653972986335,-0.2976114989293843
12811,-0.03367829165277791,-0.21991131239865677
12812,-0.3714875221207745,-0.32364081272953205
12813,-0.525166883556402,-0.2860416402059912
12814,-0.1125695324232056,0.5047717502925867
12815,0.23418113013871467,-0.18544635884197758
12816,-0.04497537148926458,-0.33729367555565193
12817,0.59138296619507,-0.42068440021347486
12818,-0.4494060344413339,-0.439760932120815
12819,-0.12153384288820622,-0.47517439023487834
12820,-0.8353775362842307,-0.3255421445550728
12821,-0.42121072369568363,0.229204678202645
12822,-0.7193458606972539,-0.197747654189067
12823,0.3470429234114384,-0.3739362364628831
12824,0.18886698434939272,-0.3006538319091203
12825,-0.24155956870312636,-0.3997457281607012
12826,0.5188435607095739,-0.3877169096188872
12827,-0.46208267659841623,-0.313217485648643
12828,-1.093701208246092,0.3288370466242544
12829,-0.0022595974197930236,-0.1273315496593474
12830,-0.6398324865011269,-0.28625941216444634
12831,-0.32793544334081465,-0.005401413898145399
12832,0.5852633762417262,-0.3127113266352026
12833,0.37645111162639094,-0.4218772766361265
12834,0.20723475230063118,-0.3792871341424023
12835,-0.38726247962173743,-0.38772243956803865
12836,0.3725371066901931,-0.32609879065240344
12837,-0.4167411772519246,-0.35747352031126617
12838,0.29859695894315924,-0.346770077140785
12839,0.4842503958880664,-0.3011784198750444
12840,-0.2283699086834861,-0.354692087437412
12841,0.8271744567652616,-0.2739440761379116
12842,-0.29418381271178745,-0.219515525677498
12843,0.41217810362427193,-0.42290688015964445
12844,0.034037482405357825,-0.4459671980280061
12845,-0.24744360603746685,-0.36555900343354086
12846,0.09459776686585403,-0.3800930331580177
12847,0.45722540809762063,-0.3596904474042651
12848,0.22362889287498583,-0.2873017669165041
12849,-0.4227114784985065,-0.3160438005149832
12850,-0.36244486433848827,-0.3408823333761739
12851,-0.22142500368101348,-0.3036422922449622
12852,-0.05930336116925284,-0.447497197366485
12853,-0.13650402935598788,-0.49036546650661395
12854,0.4204773954100518,-0.4610686085528957
12855,0.31531605887420944,-0.42808247520209686
12856,0.13743097453985842,-0.3175537104650209
12857,-0.06126270422775795,-0.37369293001425247
12858,-0.7660731459107848,-0.2627936932239788
12859,-0.8612707127544477,-0.21478661618131778
12860,-0.4024552233545475,-0.23118874534009717
12861,0.7633434566337505,-0.3520928685197445
12862,-0.47650178103990454,-0.2611006094409056
12863,1.021119835472997,-0.19731012352926647
12864,-0.012834292567040011,-0.2750624039493646
12865,-0.3821494333498096,-0.39944018591910624
12866,0.9349970708915396,-0.21454845411735707
12867,-0.009094940225886899,-0.24755828811523684
12868,-0.36531884966473316,-0.2852072579034295
12869,-0.013512154531974477,-0.37334816669170934
12870,-0.33066010616309915,-0.3376878553917702
12871,-0.3172997952322495,-0.33263514934535343
12872,0.7210350376868211,-0.3312186774192418
12873,-0.749631475624474,-0.3557153234235453
12874,-0.6701350343220212,-0.32066397873176583
12875,0.3554590509796132,-0.004517847650169993
12876,-0.3502526063052708,-0.39485570271653864
12877,-0.4868798785845885,-0.3603229988378614
12878,-0.4365478855320649,-0.17185862591100887
12879,0.6223076317468237,-0.3051972531987805
12880,-0.3724151386802173,-0.41558723356404836
12881,0.04808384639727894,-0.3782709527169594
12882,-0.7131666703450921,-0.03137857060594909
12883,0.6498723078763902,-0.32709498419790684
12884,-0.01702744253672183,-0.4144756431807621
12885,0.4728728021375033,-0.2513188020646879
12886,-0.43927962370249213,-0.29039996516138644
12887,0.758190850462223,-0.2828870370885187
12888,2.279416978756058,1.9825873119873503
12889,0.24031732151764962,0.6435109741334414
12890,-0.5946339934809779,0.2550907908695804
12891,0.6255977598898907,0.024690252901206355
12892,-1.222455758735662,0.8435071572920187
12893,0.12552031908221764,0.4568675631769411
12894,0.9724681488408965,0.022615392639793563
12895,0.2555516051758859,-0.07435454123034532
12896,0.026528246377581173,-0.1783622129084056
12897,0.6876837138083584,0.09878084440592383
12898,0.11448155908433308,0.12601327116084007
12899,1.0580520309298873,0.304269965766781
12900,-0.24475689661886987,0.15377963895557467
12901,0.8275506518374699,-0.004091467024108286
12902,-0.18806810875578953,0.3684780766036506
12903,0.3949869394489471,0.6183427416822567
12904,0.005731189428469148,1.0915259993076254
12905,0.601788111885376,0.6158781950466095
12906,0.3320588652267061,1.1122786929754054
12907,-0.5306580879045907,0.622677953660212
12908,-0.1554325163289506,0.21728773058612638
12909,-0.18776320438864255,-0.13296952853813604
12910,1.335063069910342,0.060502683938586654
12911,0.1691081330188348,0.6023702641948295
12912,-0.4360778092261012,0.06488080878984004
12913,-0.5213500573040731,0.09483148634432034
12914,0.42198393997352335,0.045922064224378
12915,0.6254109917743408,-0.14309755250316483
12916,-0.23721182681008324,0.08598988538457558
12917,0.2615623083973527,-0.09219969274340199
12918,0.06210954297657308,0.048128280644733984
12919,0.5782212808375017,0.4791897203983413
12920,0.28990540629364775,-0.08603485970370071
12921,0.3208530222380212,-0.05816412506916084
12922,-0.4446620905809499,-0.007801173274561465
12923,0.03361219700095949,-0.03119241925702585
12924,-0.04842851867623794,0.07647941075978087
12925,-0.39335743219507124,0.028239398922078843
12926,-0.19455425905944643,0.12948277172213263
12927,0.17447498152349342,-0.055986308363062065
12928,-0.035217099776320475,-0.13609170259349307
12929,0.266190695516299,-0.004775331614053635
12930,-0.19183054549633086,-0.10882017356829965
12931,0.20098633738209784,-0.26016103249656114
12932,0.1961535486858568,-0.2505531355375626
12933,-0.3198935940788973,-0.20809791787875953
12934,0.22541548902666092,-0.11936868622084486
12935,-0.24030418232828843,-0.27139708633752946
12936,0.40701371671762904,0.03583926887046206
12937,-0.5503234922752313,-0.04267725909702719
12938,-1.3363875422821734,0.33248298281964367
12939,0.6816185701592157,0.04049199739402437
12940,-0.7607091337096143,-0.08108607414397692
12941,0.25884884881341924,-0.17750643151275713
12942,-0.6249440190379019,-0.1907176342630188
12943,0.5209770677337767,-0.09429662985815393
12944,1.1122037558918982,0.3046704987303667
12945,0.2806774347257324,0.23090017693405074
12946,-0.5029950273884766,0.7160989502438745
12947,0.3481376122719381,0.14078898453894112
12948,0.5300838371492694,0.04258759766411621
12949,-0.26429218015703937,0.017008086373220918
12950,0.6283022897480821,0.29461663264995913
12951,-0.17917429492149245,0.3505694132946766
12952,-0.4454280395776869,-0.08420282435627252
12953,-0.07672469875163578,-0.033088055672071445
12954,-0.01357397303154898,-0.2539008982547814
12955,0.20515807832510524,-0.25622823488656987
12956,-1.0251689256324197,-0.00859158029606491
12957,-0.41296512274413066,0.08826738624437336
12958,0.41941459296157263,-0.027508570861100326
12959,-0.456049407468299,-0.22951776561036205
12960,-0.008023004877396751,-0.20746653929001882
12961,0.5386475225399555,-0.1652208439499669
12962,0.8113225319873785,0.32030756880008837
12963,0.20066442847967775,-3.874954138421982e-06
12964,0.08604426186195532,0.029757709976116445
12965,0.7266931320311433,0.06833782792961354
12966,0.6340448860736618,0.1921842930099787
12967,0.20300460630356412,0.1436238013714782
12968,0.23606238429828544,0.16517339934345832
12969,0.320642876872359,0.04545625109483803
12970,0.4997233569357091,0.4536283741622362
12971,-0.5823646158382215,0.4394133290537604
12972,0.017278286561851118,0.3461864325314754
12973,0.5923850977842537,0.517708179448467
12974,0.24974661201382248,0.13341298072862723
12975,0.02815962299668809,-0.025661977130141095
12976,0.3649570765131462,-0.062151803471385714
12977,-0.058818337441597195,0.014143406950725093
12978,0.11415938712100096,0.016233123489576118
12979,-0.21271724468362402,0.03483726197185456
12980,0.1864864017224364,-0.264215359253531
12981,-0.08163007581539883,-0.11953800268074863
12982,-0.19349611918785684,-0.03959904443729065
12983,0.3097311703557299,-0.02272681182968439
12984,-0.09128997312614871,-0.007432717744423459
12985,-0.7945924788155668,0.15035741762438037
12986,0.6717414176178755,-0.04465228134493919
12987,0.638758229912747,0.2715119593310347
12988,-1.429041509061625,1.4391868638367575
12989,2.3278009569075353,1.0389821584937953
12990,0.05841125152312858,0.40687929514831944
12991,-0.7419542780754554,1.5141240983400603
12992,0.142738766389464,0.21297815364698303
12993,-1.9825515399121998,0.5359117755987658
12994,0.1706992216946192,0.7770802489919302
12995,-0.9673105134572451,0.4676268246304359
12996,1.5558903960207,0.3685322156850186
12997,-0.8213041874811179,-0.07623481522569692
12998,0.9524203654745123,-0.020671024718078662
12999,0.5442205930780784,0.2160994692437615
13000,-0.9820109584299148,-0.014405397846313783
13001,0.22185063536817723,-0.23810509240995262
13002,0.46753983696940543,-0.21873812605614593
13003,0.531408491320454,-0.20871329298142519
13004,-0.5763628176719126,-0.16093448557143616
13005,0.2979299806279465,-0.3449567729738109
13006,0.31331316213335425,-0.21289208678493785
13007,-1.035284926658156,-0.16416211111578222
13008,-0.1978709792958042,-0.11650734186519104
13009,0.42538509187419066,-0.3105776059314861
13010,0.3876161977951068,-0.2666126608307831
13011,1.0421096679038742,-0.12195934647780486
13012,0.0682738163077098,-0.22210170777794444
13013,0.7463097055688633,-0.14117605677568834
13014,-0.2429095278122922,-0.20191737751560915
13015,-0.378042172289263,-0.33119514945783446
13016,0.42056146649471354,-0.30104886862985064
13017,0.00839122829640577,-0.33539267331278
13018,0.02743304121433631,-0.16545105668065546
13019,-0.07744098839624938,-0.21035434833759212
13020,-0.5256050139854984,-0.30822253081137996
13021,0.3146144475304039,-0.2976031353990261
13022,0.7706657649998977,-0.2772171359222811
13023,-0.018012976220328023,-0.24492784063111198
13024,1.3024363609249663,0.1274413125264414
13025,-0.8615409558704694,0.3744085768940838
13026,0.4197173802594382,0.5865979435937633
13027,0.34785340917767865,-0.060668612842295466
13028,0.18884253999256842,0.024915001459852107
13029,-0.44353499130290475,-0.17391916751171693
13030,1.24274386924736,0.8006905546360127
13031,0.7398309935774848,0.3039537626187741
13032,-1.0483405703843007,0.27503563892995964
13033,0.15057185436824072,0.5269252450285451
13034,-0.7421366282784355,0.27358435855092794
13035,0.5457117851262924,0.10289198768468466
13036,0.8039910832779897,1.0054033837340728
13037,-0.6418007785560046,0.2964025383279111
13038,0.18264922057717908,0.062203646968915366
13039,-0.17199808707132902,0.0176323698850393
13040,1.1474754726241048,0.4252838155522577
13041,0.8496874826937726,1.660826186130178
13042,0.051386677116098525,0.7562856963598722
13043,-0.15989519338981195,0.6041242217936518
13044,-0.039762993747889566,0.3489129664318737
13045,-0.38038992401070243,0.33195606815407996
13046,-0.5259416738359144,0.3565949093644472
13047,0.7815244559344378,0.5303347710706469
13048,-0.2753708758963806,0.21822051349048982
13049,-0.6715598027643014,0.40027639088767153
13050,-0.1272177501674893,1.2435322724024638
13051,-0.4838087730511677,0.5835279492977404
13052,-0.6393403874791914,0.5151914899918879
13053,-0.31094051365977354,0.26332639502242017
13054,-0.9756705656629835,1.160198125290988
13055,-0.012205415603174704,0.9650184043769104
13056,1.0900943199710957,0.8950918828742325
13057,0.3935565411673125,0.8740597778387927
13058,-0.923662660664444,0.6399739566020656
13059,-0.37973285913814064,0.2254560153863308
13060,0.5105670041576145,0.3717666175984039
13061,-0.3028658619875687,0.22801573258532493
13062,-0.25733778873279817,0.5200146863001982
13063,0.03441260325289688,0.6735672104131109
13064,-0.9194332351745748,0.7507940748310559
13065,0.22699579788594657,0.054438127751295
13066,0.547710218438764,0.37424579698520705
13067,0.09422064987445437,-0.06818847444691482
13068,-0.47606464125245024,0.12185646049517829
13069,0.5849886290564903,0.2936212007221565
13070,-0.6587621462569153,-0.019047683005257984
13071,0.14309089528860397,0.005501289237232407
13072,-1.2445438430882734,0.917899849695618
13073,-0.26284716079893233,0.8066204090074345
13074,-0.013906054440514517,0.37936371388458723
13075,0.020732476673329704,0.0500684565378747
13076,-0.23256723819826808,0.3535314391252583
13077,0.34335003622802357,-0.01554344648875261
13078,0.2594729644735984,0.12830072535242337
13079,0.46483352006086986,0.2899965300573102
13080,-5.208038175056864,12.088013883759146
13081,-2.471876460609678,2.93533905742292
13082,1.333227022835337,5.513007257775595
13083,-2.4195697405898677,1.9743182272480984
13084,0.5643172906360497,1.2666329811606616
13085,0.756000271109293,1.1288862161519488
13086,-0.9398476258296182,0.45713534697287606
13087,2.263295517029282,0.37592465740312875
13088,-0.04396829956752991,1.1796077055348366
13089,-0.21472607574496327,0.3591903839696965
13090,-0.5636353835192023,0.36532209431932305
13091,-1.0997967558499815,1.0732227617215253
13092,-0.08901566659141882,0.4433639433099035
13093,0.22702266274871608,0.16311107052790164
13094,-1.983186443681002,1.0511315633162601
13095,-0.16753924816072832,0.8278954679804419
13096,0.06548519509579864,0.6115365585558019
13097,0.2799987427651843,0.22090084423420675
13098,-0.4615419110638859,0.34583862614377164
13099,1.4096223016292655,0.24133649510790417
13100,-1.1198828921126955,-0.139674858841922
13101,0.3267022663964029,-0.136738970004945
13102,-0.8655868048366695,-0.11704163843703086
13103,0.6109033288319484,0.35526969158652705
13104,0.8318251088925473,-0.18170883468009708
13105,-0.22071172248302878,-0.23250201117740046
13106,0.11142261595440141,-0.3967417362727604
13107,0.6798989262242325,-0.1218338297482782
13108,-0.14157407299554614,-0.04213469155056217
13109,-1.0202819455916057,-0.10021100808591732
13110,-0.48784981220994517,-0.13819016069512438
13111,0.6626276738345411,-0.28661700857940864
13112,-0.6421020192454782,-0.2534568263144514
13113,-0.014148572154212025,-0.1616865418420299
13114,0.3739784376982872,-0.14462138924869167
13115,-1.7502043432990337,0.3062841756573096
13116,-0.3722692353921805,0.7811122770991078
13117,0.9467580401217243,-0.13746999987163028
13118,0.17059165619553524,-0.03724961496872546
13119,0.6265521841299857,-0.2602832062230643
13120,0.23939302858517447,-0.05425293446206628
13121,0.5961400835161975,0.4834214322468373
13122,0.3422620158250322,0.8300048569898503
13123,0.5395388453974421,0.920565552166332
13124,-0.3292014368382364,0.11767443535018862
13125,-0.16701877891451314,-0.16824056006025692
13126,0.8518570776372931,0.11335507659692029
13127,-1.0124021899659257,0.3262365822637175
13128,0.4935819161923523,0.1864144172857211
13129,-0.6825353749225327,-0.10511671842849954
13130,-0.37872848590394503,-0.04480126926185901
13131,0.9526214506062114,-0.07832401986683413
13132,0.42860193410805186,0.034032406690891234
13133,0.1436014303558265,-0.05328304124877728
13134,0.1671768373553973,-0.19699921380408975
13135,0.3119868227397053,-0.15443754547176458
13136,-0.1452900016876624,-0.16316859759130356
13137,-0.3414705618672851,-0.17767123062302242
13138,0.47817180579359597,-0.2694756597853235
13139,0.6741798276979227,-0.20816200324862763
13140,0.04287777155253352,0.027108833238914706
13141,0.0630235377586482,-0.09030597358961848
13142,0.3605992619693222,-0.15205392647987442
13143,-0.014413539759747579,-0.2634603511578209
13144,-0.37047264258383444,-0.2353083910219926
13145,-0.5289898107813359,-0.14043605385026184
13146,-0.4566090245518559,-0.23678913563701684
13147,0.3696492486141919,-0.26852811379042413
13148,-0.2013274312202084,-0.15742488919993528
13149,1.1482441077428018,-0.11992582066517657
13150,0.2736586619320353,0.6423045851117076
13151,0.6869121915869417,0.22097433847385933
13152,0.14806637192142286,0.2091917173433157
13153,-0.40061440213629457,-0.09137022149192174
13154,-0.7155481724405602,0.006341961008714647
13155,0.002531389565042891,-0.19375399784354522
13156,-0.3428333844238547,-0.2618313871872803
13157,0.2744902084584107,-0.16048194112519756
13158,-0.08866051496793066,-0.25299444287563133
13159,0.45528655227017706,-0.30547107609930246
13160,0.2302855626516923,-0.35551782028762946
13161,-0.8187276176170152,-0.28688400193661606
13162,0.23136176032611527,-0.24988302772847068
13163,-0.9403838809492967,-0.051139395568667805
13164,0.24505472060843164,-0.2133089035267033
13165,-0.3066121131230846,-0.10229613638343338
13166,0.2822184256193259,-0.03410534454000151
13167,0.5279840856079108,0.16369361758038686
13168,-0.0018228940218017447,-0.1884982517317528
13169,-0.49974893387886743,-0.05092331836965762
13170,0.2939878453516941,-0.18257080196388184
13171,-0.361349561438064,-0.21352525182546134
13172,0.2517449854824138,-0.35339731402395147
13173,-0.1554991081903716,-0.3684739569495862
13174,0.35645050653922167,-0.2796873298330333
13175,-1.3021114076556575,0.19563887042040068
13176,0.4176289026912985,1.6915361732702063
13177,-0.0404070896142566,-0.15312275330652447
13178,-0.38609291555028,0.001472006650702809
13179,0.0780914736658624,-0.07852927912916619
13180,-1.555791292147743,0.5579375173779254
13181,-0.39933306730025725,0.4108971505700647
13182,0.7171649913671919,0.6546636444172304
13183,-0.5224297122565699,0.23634095803733624
13184,-0.5080526257180974,0.16481841630519362
13185,-0.9728871922164394,1.0392212183915133
13186,-0.2999605655361301,1.0679619515921983
13187,-1.2325185614226546,0.8727327996268358
13188,-0.8440255525252552,1.0042599608764422
13189,0.8962658666307074,0.992613971223021
13190,-0.8368007108716772,0.8782517550992227
13191,0.4852249708551062,0.3216446990215551
13192,0.4830615738128489,0.17723312388616141
13193,0.331274966552661,-0.04523197777017758
13194,-0.684456233286857,-0.029994265746388415
13195,1.4204871494992732,0.4492408680504648
13196,0.5344860134262509,0.45624606637124565
13197,-0.5156792584548611,-0.13983614677600623
13198,-0.46744631447809826,-0.2095243414704124
13199,-0.13940549964840487,-0.3449370858948597
13200,-0.22035814996191702,-0.24472426038551373
13201,-0.4582082891545694,0.2791610583363606
13202,0.5104993695936422,-0.04150843096106638
13203,-0.7317034257021932,-0.23493440459702375
13204,-0.15835060071258605,-0.2852970742072767
13205,-0.19283790139709084,-0.30334397654817735
13206,0.5680699515918014,-0.17376193351974653
13207,0.16344444563770338,-0.35058370062694755
13208,0.08284423675306564,-0.2638809945051512
13209,0.6056202436072096,-0.18306392638706706
13210,-0.4419073460542746,-0.03471516284505717
13211,0.33429454526025976,-0.12071545990277316
13212,-0.12909675252158695,-0.3332232012281051
13213,0.3579116865472071,-0.37431950507125744
13214,-0.20260380338528378,-0.2045614712648948
13215,0.4588128491063109,-0.3115655045301726
13216,0.4307501629312848,-0.12053027508916245
13217,0.9348025363149244,0.02900567570322432
13218,-1.2800134541392547,0.07775834800500081
13219,-0.45855995794225696,-0.038630123407010386
13220,-0.2336383974561009,-0.2404676746995176
13221,0.6671677271055537,-0.32202783655600214
13222,0.7829866298411656,-0.1212325498815062
13223,-0.2779178129611868,-0.1631614837565707
13224,1.1481157779123905,0.21716822670064184
13225,0.25631021228694284,0.023758806436121355
13226,0.06898304753539332,-0.16493832282080167
13227,-0.37048868764166715,-0.1681081131245774
13228,0.2966745981514674,-0.3517938158893828
13229,-0.04098899053634017,-0.24844514738629625
13230,-0.295133695999711,-0.09956593039599024
13231,-0.06892589863064769,-0.33472222600857976
13232,-0.329632605039801,-0.2509831152010989
13233,-0.22810397404185415,-0.2489813090549799
13234,0.5779728964901809,-0.28085389471632427
13235,-0.10251094815150696,-0.06835147941747638
13236,-0.3611146747997529,-0.31158078819011137
13237,-0.3102675141814717,-0.24292582662331302
13238,-0.03222669853755124,-0.27565096094982977
13239,0.787782791040778,-0.4077488211588773
13240,-0.1339115472425335,-0.3999097950556194
13241,0.3479733843242028,-0.41935581945938616
13242,-0.2592414424145673,-0.4127806337663358
13243,-0.6336366820635017,-0.263632126288983
13244,-0.23710699787006792,-0.2243164667713693
13245,-0.023487145148520107,-0.39271324113239314
13246,-0.29056442275528616,-0.3878728196975442
13247,0.2533920307049344,-0.26614234782558144
13248,-0.1703453527916501,-0.36153691479125
13249,0.1360586012889725,0.2084285422420072
13250,0.3810171807916916,-0.2537525926093378
13251,0.2873070123456381,-0.3295097035810395
13252,0.32492290523570794,-0.18999281100164436
13253,-0.05383938570783488,-0.2997780664579877
13254,-0.2140825628185271,-0.24101605808408827
13255,-0.030857868806734814,-0.3683591148971784
13256,0.3056836919877341,-0.3216887223326883
13257,-0.12385431014018458,-0.37027182597488234
13258,0.12199205294908556,-0.34371606534619925
13259,-0.04892399969679465,-0.22078989242323144
13260,-0.005833463728402847,-0.2746174084523189
13261,-1.6600218920070218,1.424617086886943
13262,0.07175251257100265,0.5916282435333123
13263,-0.178825399230567,0.4951059801499905
13264,-0.19029673444083361,-0.0932390033989963
13265,0.07274335205142878,-0.14037858340113532
13266,0.535866742755778,-0.10702142654116736
13267,-0.22821616442038886,-0.22841892885476883
13268,-0.37310537987564024,-0.2840747483542534
13269,-0.41930495549149116,-0.21913218872750995
13270,0.147608275098755,-0.23374892323648838
13271,0.23736662734997346,-0.2615490376915657
13272,0.33651148479360055,-0.27785318873633136
13273,0.4039588742882631,-0.3242551132685383
13274,0.2049570556258591,-0.14463554810317503
13275,0.1884625968241622,-0.151966347507587
13276,-0.502763481065064,-0.29213644455927307
13277,-0.39171822673823053,-0.20747286253384936
13278,0.14009438368005117,-0.2599289678586101
13279,0.6110272478399118,-0.17170967649107563
13280,-0.16619596692557628,-0.2571584715709188
13281,0.42617061026960884,-0.293378785689293
13282,-0.08360106547099258,-0.16565747454393298
13283,0.2567537396736889,-0.19574417010188647
13284,-0.39104440529605594,-0.1915787974981953
13285,-0.06983420012537014,-0.3093514640208733
13286,0.48660411835972023,0.03929706596346244
13287,0.007499364704786177,0.24040551696060858
13288,-0.3426916120055727,-0.2537670811580349
13289,0.023442733726506362,-0.4129846466912636
13290,-0.3577544530195764,-0.3321141233751674
13291,0.06124461944298356,-0.3824096490674391
13292,-0.16700923289615877,-0.4375305329718953
13293,0.1264373274951883,-0.41631445249184024
13294,0.23693597510538797,-0.47912002498199846
13295,-0.18306722737788578,-0.4345484217096369
13296,-0.054587921506563206,-0.4877152989449415
13297,0.11972066650006688,-0.3507378369765955
13298,0.09181741039254535,-0.4281714583168802
13299,0.12761260514194014,-0.35456711988710377
13300,0.12146678272508869,-0.392140728284484
13301,-0.33510316797404144,-0.4150022096772255
13302,0.012404583089848466,-0.3904883853716748
13303,0.15983454629103513,-0.4295285258664626
13304,0.05775832047599729,-0.39395947598010533
13305,0.07915314340898898,-0.425299396073657
13306,-0.41405354277854445,-0.43049577023248226
13307,0.2253878355537084,-0.461123748102322
13308,-0.24168859569512963,-0.48063422355497554
13309,-0.13018771788132552,-0.4677066076618561
13310,-0.048210008452748816,-0.4200478346844818
13311,0.1585853552929799,-0.44333869275222443
13312,0.2383254044892529,-0.42673875906581576
13313,-0.009602586336910026,-0.45377313782958695
13314,-0.18524911288341148,-0.4962287493438198
13315,-0.3881691082666832,-0.47648429518409974
13316,0.13958393496442492,-0.4572101944417106
13317,0.26817932236668085,-0.3400726483049311
13318,-0.2308314088503675,-0.3507803001560144
13319,-0.07415950288008145,-0.43110272092843915
13320,0.039397408007613106,-0.2810197235730455
13321,0.08503069290405471,-0.2725784894573182
13322,-0.22733045858425532,-0.28603213317405574
13323,-0.18046304186205964,-0.25315213915048507
13324,0.4413737327226523,-0.27052779310140107
13325,0.22063903322463163,-0.4177546924830543
13326,-0.1633799305126911,-0.4160466577670951
13327,0.48218658897830413,-0.4373410601010449
13328,0.13818220879141177,-0.31987303889166674
13329,0.29889163532351043,-0.32170158840467256
13330,-0.11659188624810349,-0.30652641262149555
13331,0.030491148359489517,-0.36943616749060476
13332,0.7302025525065996,-0.1885190016600204
13333,-0.22474314770566145,-0.25650462867525603
13334,0.4067669684395446,-0.12656731289838613
13335,0.3008410831466323,-0.09103257432709552
13336,-0.0665047509497611,-0.2578010757398241
13337,0.7486700325183898,0.09602895868415301
13338,0.18427714033926254,-0.1207590057013447
13339,-0.16601752147375137,-0.275981512310612
13340,-0.17315084612886256,-0.21783454063858365
13341,-0.2144611725404534,-0.2881109235451148
13342,0.38215460890097086,-0.3188904849421915
13343,-0.15504781630111764,-0.3298111567766996
13344,-0.3246590606090625,-0.21192487369634305
13345,-0.2675186741479331,-0.30767658801011516
13346,0.47396035726254815,-0.24293300484746175
13347,-0.12749079344611977,-0.3685872403185865
13348,0.2089158868184169,-0.2005940321428667
13349,0.19474673574861343,0.3386337180365552
13350,-0.19938577613476918,-0.24321683813216877
13351,0.22825838599656162,-0.3704935109009334
13352,0.12087309528681991,-0.3020601757893569
13353,0.8654240266170633,-0.08490824559767671
13354,-0.1784512405855518,-0.13412073854306877
13355,0.21164445182971411,-0.15035449502313597
13356,-0.2995841179069328,-0.21409865508885897
13357,0.6221735675545558,0.29881928302689226
13358,-0.2876545313960713,0.3063169438667308
13359,-0.33046174054392813,-0.1450918488494718
13360,0.3359158083960305,-0.22322833415433208
13361,0.23338920529079912,-0.28327313713545166
13362,-0.3069133378085177,-0.27673618026371294
13363,0.07644223468915701,-0.3746588895160141
13364,0.14152443900877082,-0.3205207497727575
13365,0.16032417159324913,-0.1810967396380693
13366,-0.28226443267736523,-0.3207134316862479
13367,-0.26161015947243926,-0.30226072838634077
13368,-0.0786654996605264,-0.33385714222166507
13369,-0.23866125593241538,-0.3403262770891097
13370,-0.23602448425502465,-0.2960654423640228
13371,0.19687104727199387,-0.3387419056476194
13372,0.5329432318667123,-0.3064705887327553
13373,0.12066928431074972,-0.18205975557894427
13374,-0.1389097179396513,-0.37212741322782683
13375,-0.11855786130549054,-0.21948954293318168
13376,0.18750124500547385,-0.16497784710069074
13377,-0.25240104615325415,-0.20518395901986164
13378,0.3610381630287401,-0.19459179861569179
13379,0.10880546791778695,-0.19655765649248325
13380,0.5622074044110023,0.1204376418901888
13381,0.18576138188799918,0.11357690009991375
13382,-0.5383840457928343,0.1147331786015231
13383,-0.25362494963749865,-0.007360181883681788
13384,-0.20879341403562054,0.19472711880995663
13385,-0.44601476386033506,-0.14030053793161268
13386,-0.18743069860899783,-0.2010053187037147
13387,0.03820672308643949,-0.2690261775671092
13388,0.05958268831945265,-0.3089128008941947
13389,-0.1815593744400168,-0.2132478450397971
13390,0.01849023191776889,-0.3440587110503698
13391,-0.2646098027649859,-0.37326553160288484
13392,-0.09928874719136403,-0.40980089897889893
13393,-0.7830960928044087,0.6500965295135522
13394,0.30907749320528854,-0.2147160001979204
13395,0.17129607736697128,-0.4061129775675121
13396,-0.6355108394482509,-0.3442817843749073
13397,-0.15760272704659253,-0.22873007005307477
13398,0.3241179419197377,-0.3229188352527602
13399,0.02058524471550984,-0.37258942645038995
13400,0.35791201092738817,-0.3661875848993894
13401,-0.4610957445665422,-0.41698315860865875
13402,0.2087791268628829,-0.3552649181747759
13403,-0.07683014454274413,-0.4214813213602445
13404,0.35358315121394446,-0.4272070563346933
13405,-0.13516992553625887,-0.45732330285162165
13406,0.44663503213111583,-0.29123252179787845
13407,0.16418408981829902,-0.31813190375841627
13408,0.5925531690424191,-0.3333216115178844
13409,-0.06510222297906847,-0.394169073598686
13410,-0.603643328937067,-0.38562279818843725
13411,-0.4073793067071378,-0.22236787710135192
13412,0.17281970682157616,-0.43199505144980654
13413,-0.5711702745689676,-0.315922985492907
13414,0.3913614244220783,-0.30387299217478914
13415,-1.05601248259836,-0.11956255638661463
13416,0.3032192205176718,-0.0410264214706671
13417,0.10201907320482656,-0.14174041839601004
13418,-0.18873346266855248,-0.3070508851959276
13419,-1.7916919723236,0.2067480211793128
13420,-0.6934863390216451,0.6778542088776659
13421,-0.4821429174638915,0.2653610526805191
13422,-0.7615286954074199,1.0187201454254526
13423,-0.8211879825610076,0.31188815309487605
13424,0.40722214212442465,0.2932447756056218
13425,-1.4592629953080063,0.46819196762965576
13426,-0.011969751481820945,0.18553577940270832
13427,-0.5257546525911402,-0.011029036186318425
13428,-0.38675136002029026,0.43295508639011815
13429,0.6379438813096532,0.11889544525344198
13430,-0.2081099099173459,-0.20842310982479093
13431,0.4722624617394236,-0.1874716643228537
13432,0.06347560629526768,-0.08786600338520235
13433,0.27198030340722823,-0.2722855413525575
13434,0.5180013672474217,-0.21848063683043806
13435,-0.7031288390773421,-0.2846539208991782
13436,-1.1068706002305093,-0.08121583720526677
13437,1.275257490965354,-0.012112333208187304
13438,-1.0254912830044984,-0.17473011899878507
13439,-0.782099015202375,0.2412639684205352
13440,-0.3519609938085088,0.08316059764172329
13441,0.6188958319088036,-0.014225589023474636
13442,0.10924047470402082,-0.25504002021774685
13443,0.09559478982271437,-0.14456443993830626
13444,0.018131154995472562,-0.24054197687229417
13445,-0.28089453627957034,-0.28264558811335555
13446,-0.18966946621966055,-0.23044314266262977
13447,0.7664826537582358,-0.2905244623043409
13448,-0.42863391451360516,-0.3211600314267845
13449,-0.3637731652507078,-0.23973802120041426
13450,-0.4852338801096155,-0.22749738386648383
13451,-0.47806054742384485,0.06596587743384436
13452,1.2873862595670438,0.28856611340127725
13453,-0.14987651214302847,0.07841409636255298
13454,-0.21180229431384834,-0.02162246712191568
13455,-0.16748856580339586,-0.11126622370091732
13456,0.8850183505521066,-0.16045397762829192
13457,-0.5187713013838058,-0.08878475157711631
13458,0.0953478110297425,-0.2389322709915785
13459,-0.20044865783681048,-0.2709485855421855
13460,0.14976641269656712,-0.08208527018151957
13461,-0.2607608217770147,0.8146340094135245
13462,0.5985226793881221,0.9634982200854173
13463,0.009029500593035854,-0.1666621063749304
13464,0.6728904606483216,-0.132023806884679
13465,0.6603878359109285,-0.12736250346749273
13466,-0.39005040153612797,0.156255921924041
13467,0.391272061993342,-0.08130363653775266
13468,-0.9388451056463223,0.12587986601795276
13469,-1.3765703955542261,0.13781128294013392
13470,1.1052548087898215,-0.04261822254094762
13471,0.337487259641819,-0.12837071386396043
13472,-0.6853208391866906,-0.2194297755808065
13473,1.207115595782706,-0.14041655458286914
13474,-0.5401023295333557,-0.27538244422353986
13475,0.12139543752078602,-0.3160984497439824
13476,0.6322045512879362,-0.07807950171536923
13477,0.8964352302042928,-0.11505171156116417
13478,-0.22554680472340824,-0.12680347940298803
13479,-0.3617591869921213,-0.1126834629391969
13480,-0.1912284645420341,-0.26666151636205543
13481,-0.24720544441045453,-0.362204713570315
13482,0.7204777320774173,-0.35390407073675756
13483,1.0200063372931174,-0.04912876754005732
13484,0.34153146207476637,0.2840253472201511
13485,-0.48612351739270226,-0.2142268934615477
13486,-0.471654725427271,-0.3115549854877594
13487,0.15988918686270306,-0.2832979133811634
13488,0.2433885561799635,-0.3030295822831247
13489,0.3146398806992417,-0.4024569954255115
13490,-0.6391827063119436,-0.16150031996174463
13491,0.2637663911358619,-0.4412205844249478
13492,-0.3577052017401279,-0.39174617010373136
13493,0.23415099984742735,-0.28183422859802765
13494,0.32557525999324344,-0.40315249706055645
13495,0.00376855068470783,-0.4673971653248126
13496,-1.0305315693369475,-0.2477024175899106
13497,0.6519885082362858,-0.4359943171025895
13498,0.4959204351290087,-0.4272503309644238
13499,0.16366337142083873,-0.39361396417989947
13500,-0.6252932493407538,-0.4029839098491498
13501,0.6646750750934631,-0.4080918468168949
13502,0.8220875121426642,-0.21477135285446575
13503,0.23840649318002982,-0.35740694097433173
13504,-0.3463967660774172,-0.28890935556947117
13505,-0.7681346028281275,-0.2861085022033205
13506,-0.01770077414476485,-0.4185519372780405
13507,-0.36413421571448185,-0.2839140202547681
13508,-0.5860026594936475,-0.31484220592228485
13509,0.05850532848151908,-0.3300320122668138
13510,0.16883475881509785,-0.4027150106333749
13511,-1.24553713281291,-0.14050330368665423
13512,0.39855962338495365,0.15388942209152331
13513,1.7119802043697834,-0.14980809817212776
13514,-0.38309656349501936,-0.005674136107430769
13515,-0.5435933775939421,-0.2843501507667619
13516,-0.7945026806196599,-0.16719901254026498
13517,-0.31343040228618246,-0.2774126468334795
13518,-0.15922273485729516,-0.3687814607723563
13519,0.009945745741213445,-0.35614178698383725
13520,0.13213657535068912,-0.31554234016651583
13521,-0.054730813416615745,-0.32256387983294854
13522,-0.19444789209447855,-0.1505105613872454
13523,-0.7472147959680271,-0.168832643512391
13524,-1.3725821190163214,0.5869319589602336
13525,-0.5627726555401206,0.40543882893905303
13526,-0.38069222872995895,0.6055847475630981
13527,0.20467386067936688,-0.11671520163701671
13528,1.1792627243027616,-0.1833291096455873
13529,0.3824199292686282,-0.26167885023177684
13530,-0.5901774489192757,-0.07202297573565561
13531,0.6289721672893492,-0.2329489969495528
13532,-0.2983700102365643,-0.3106224679277585
13533,-0.4924948122106175,-0.2539457102610584
13534,0.09384391461247396,-0.10877127906712136
13535,0.2705389713005952,-0.16926844808879082
13536,-0.2935290613005452,-0.229865664367909
13537,0.05210939921818368,-0.24684941096570587
13538,-0.4109046874978299,-0.2655607467395254
13539,-0.4970741279572704,-0.17686607720262804
13540,0.16375056489889134,-0.12077043265149248
13541,0.6218701967783126,-0.24909364470969084
13542,0.062172540849571516,-0.1493164847370781
13543,-0.15777724641511798,-0.19894924136400274
13544,-0.09463192300216278,-0.27454715882628655
13545,0.754700960248091,-0.20399205994218297
13546,0.5985493488554307,-0.14256635344684676
13547,0.17847814937411827,-0.23785944595412917
13548,-0.06973679297460995,-0.1159521557538793
13549,-0.14420189624742252,-0.3884890541657814
13550,0.1366652835262113,-0.3467351194845905
13551,0.5015462467137081,-0.1778397860104688
13552,0.1911412281323367,1.0589925609864559
13553,-0.27472219629441874,0.07017092347685927
13554,0.20213119079648556,-0.28737484067085095
13555,0.06768423081083055,-0.26549775930281394
13556,-0.3365380067850327,-0.2769556297517459
13557,0.30273180242662995,-0.31208565686893763
13558,-0.07135543292437402,-0.32693987651854495
13559,-0.17172571390453223,-0.4082324721360714
13560,-0.07451845786481606,-0.3570886570745173
13561,0.13284908536408183,-0.25976115820832313
13562,-0.4147812140665781,-0.35329925878031526
13563,0.8191822752853763,-0.34131200674868145
13564,-1.8235798566202857,0.4308070923488895
13565,0.5142517287176946,-0.0076224409697543405
13566,-0.8346752177434302,-0.18408305570536446
13567,-2.1677882730927722,0.43802369362770766
13568,-0.4667171941358,0.8949188923502575
13569,-0.23606882852814282,0.3825357287756378
13570,-0.3257204707050339,0.606388686794824
13571,1.3180758777635055,0.25627644295715934
13572,-0.34395621732349074,-0.01228726834345989
13573,-1.313047311176576,2.10681242335229
13574,-0.25918423890748615,0.46036810593872524
13575,-0.23034380208257188,0.12270755829186308
13576,0.024073897637480225,0.28697048250842827
13577,-0.41908276355985935,0.015139170683397915
13578,0.15012496847053544,0.23197695278570424
13579,0.3125690233568679,-0.13757787459024787
13580,0.014666767697164627,-0.2677288257960667
13581,0.16844997945370588,-0.19401619229473802
13582,-0.3703504748627688,-0.027114734047711364
13583,-0.3310245093021366,-0.17798313127983506
13584,-0.6887422735686768,-0.2250624068252704
13585,-0.15377407097915688,0.23255512203412843
13586,-0.662408632787732,0.04612572558707834
13587,1.7433293782673418,-0.08522870498741682
13588,-0.003879532652408259,-0.28493875234935456
13589,-0.8117107304718894,-0.23223850595534068
13590,-0.5751435492309387,-0.2396739463679031
13591,0.8525734425258296,-0.2788888363039165
13592,0.3466407246911584,-0.37638641598893346
13593,0.5317043703862678,-0.3269000511037294
13594,0.12457151751043419,-0.29308680065563875
13595,-0.2144282491893117,-0.3157486661111687
13596,-0.0389395099671397,-0.2972772983859991
13597,-0.011040186662325235,-0.44004148049987074
13598,-0.800259039504332,-0.14876805655779918
13599,0.2522209272063494,-0.1738447493035615
13600,-0.02062019786406733,-0.3466465049164103
13601,-0.20312605583287768,-0.3798952561403369
13602,-0.6281818446896007,-0.2900672651315811
13603,-0.4717774319127125,-0.04068570947533437
13604,-0.0919687061691162,-0.0911621645875609
13605,-0.533187430722594,0.029201677087837163
13606,0.6796236241103571,-0.20401026351905013
13607,-0.29675993469091316,-0.3159024524935842
13608,0.8198508817608227,-0.25373835199617417
13609,-0.20474277590113804,-0.24057065914076559
13610,-0.04771789397379863,-0.19385467301539727
13611,-0.5854366909793439,-0.30589231349646284
13612,-0.8008877939379047,0.1433169524246336
13613,1.4385559406790567,0.2475847100926838
13614,0.6355193561329412,-0.11206807123397064
13615,0.00037645742810670825,-0.1615249480216184
13616,0.0357415862434849,-0.2218800197759727
13617,-0.020007995262091426,-0.16369200465369255
13618,-0.26606211044357525,-0.31407542518882714
13619,0.9957651794654857,-0.2671215336693331
13620,-0.386403513034053,-0.10948522039158387
13621,0.12097559707720518,-0.3017352060200578
13622,0.26217530527223,-0.09220442487337407
13623,0.19959902378293176,-0.16994334807651737
13624,-0.28716816665992045,0.03646215254981386
13625,0.2186639337258454,-0.25317012654804394
13626,-0.3987559746543465,-0.1821898802329879
13627,0.11382836420425299,-0.09711794975733687
13628,0.07064675698476325,-0.23383472237733255
13629,0.33291293391470467,-0.22319393775961258
13630,-0.6739989782733786,-0.11835318881279722
13631,0.35456747552034695,-0.2263626194872504
13632,0.2682195249899677,-0.24729362582742945
13633,-0.154134288472644,-0.27812323048971077
13634,0.26935800959317974,-0.11623706181823801
13635,-0.05115522566744548,-0.062493065119374885
13636,-0.3565072543281,-0.18851040909414354
13637,-0.2928898547714955,-0.28600198178282066
13638,0.3134241517967584,-0.2828025309715082
13639,0.5870864099382103,-0.16387780508033348
13640,0.36111967662687067,0.058922787826889284
13641,0.20027766681009457,0.32582787777546546
13642,-0.31324649781079156,0.4059545433568317
13643,-0.3899418640180587,-0.09502962588008051
13644,0.12675922254757246,-0.21599668059289553
13645,-0.4751736437793115,-0.2869014515963702
13646,-0.06574707339452754,-0.3505635439244616
13647,-0.05457463524559784,-0.3886292735869067
13648,0.3908988387405526,-0.35379168110590886
13649,0.027220330265547495,-0.31425729680925957
13650,-0.6479676730818393,-0.1392580022728198
13651,-0.42862666146243433,-0.29891387370974637
13652,-1.1472239716169617,0.27940951893546134
13653,1.4453463139398177,-0.09287313064554277
13654,0.5907664506388669,0.06622180336055611
13655,-0.3948654613735008,-0.19767266381183357
13656,0.5911193811686687,-0.2251807277620145
13657,-0.3782506056992076,-0.22991797869119643
13658,-1.2253812005661011,-0.2580265204358192
13659,0.46804507101357046,-0.28456087217895765
13660,-0.7743323609030852,0.19283867483386363
13661,-1.3418743194027978,0.7200308182298015
13662,-0.25439725155929904,0.4061902939846428
13663,1.392908049476532,0.22176377929975793
13664,1.115841590360205,0.570559123688871
13665,-0.08663077605330703,0.008648102406254146
13666,1.7474623183987334,0.8062658104017651
13667,0.8451534519249692,0.6262074036753217
13668,-0.8028954617850073,0.07648911553785928
13669,-1.23613235049717,0.010900970097527135
13670,1.00856738201698,-0.0802621170549973
13671,1.3579792329771252,0.015165997435481207
13672,-0.6735613174233599,-0.11606130952049605
13673,-0.280638593960263,-0.19157933826266255
13674,0.31097725411175187,-0.013415590640267122
13675,-0.2802323658189171,-0.34803474024274395
13676,1.4787173449863005,-0.09136453605628489
13677,-0.25928883664081837,0.14602287248824267
13678,-1.412516614225209,-0.060961394747394815
13679,-0.6484236395874884,0.024346941351896273
13680,0.7908560730226308,-0.18405883334775439
13681,0.07635892285875004,-0.2553123983560959
13682,1.3138076284509264,-0.06905678238846018
13683,0.7875800715012784,-0.0027200326968147143
13684,-0.04011196883016325,-0.1863174999453695
13685,0.8042811670174955,-0.06314869459086027
13686,-0.44910630701777354,-0.062154768875962205
13687,-0.011445450282568341,-0.23771546907902735
13688,0.278963643984415,-0.23780102138436837
13689,0.1972851219998681,-0.26318696722918555
13690,0.3894275787966777,-0.14998043425922283
13691,-1.0193213602245847,-0.1688513633063522
13692,0.9310452015067331,-0.2610445783814519
13693,-0.1520526877451173,-0.3189240248210146
13694,-0.1384352709305292,-0.29140782707753066
13695,0.055388646002825066,-0.4230721426021705
13696,0.12928123337985664,-0.35314265842249604
13697,0.23280696910201953,-0.33494046839015373
13698,-0.5699427695069295,-0.3407120452216614
13699,-0.345594865194955,-0.35719385906721723
13700,0.23543140635777765,-0.3515190466475581
13701,-0.3021953764193263,-0.2988895601496713
13702,-0.46301034591087387,-0.24563836934558175
13703,0.012652651027580545,-0.2759992968603754
13704,0.8420772063461994,-0.14347569294238544
13705,-0.15816672736045956,-0.38810073242776405
13706,-0.2534292089399753,-0.35298009358378435
13707,-0.20288711035393578,-0.3201731443275917
13708,0.7200590529024493,-0.2871133228747304
13709,1.1247177682939462,0.04549611465050912
13710,-1.6019377848824672,-0.06651126879838923
13711,-0.6648378896984297,-0.020249495361236852
13712,-0.31026105865334247,-0.11874329056677518
13713,0.3490404136108619,-0.259573817123094
13714,1.2545265128323342,0.3861812884195249
13715,-0.6073276175330101,-0.15239301127960977
13716,0.037999666528698815,-0.34465028261669367
13717,-0.6497103264965893,-0.31905044275868444
13718,-0.41135707203568594,-0.32322328300073644
13719,-0.014308284009091428,-0.3609585584955563
13720,0.22566704084085976,-0.24450876711266928
13721,-0.2245820525206349,-0.35568816651630475
13722,-0.48197695748512304,-0.28012006168624404
13723,0.0902492099896243,-0.3116048404879725
13724,0.4260596884995252,-0.40499929602979073
13725,0.3855740158974969,-0.411991090320216
13726,-0.920964494468803,-0.3092085567324095
13727,-0.09220256311780711,-0.4076536227007094
13728,0.5100590634269931,-0.4116958678009911
13729,-0.12518902695954073,-0.4423287754965452
13730,-0.5380698490736451,-0.29756133136343627
13731,-0.05095737566640866,-0.06303497038257996
13732,0.5149023288187135,-0.3412869226543308
13733,0.1363958066263829,-0.4501830947482647
13734,0.0638475488285419,-0.3376755019519988
13735,-0.675483002397695,-0.3497212388936994
13736,0.08099660551731758,-0.389981316558986
13737,-0.5541284667697278,-0.41508544280248405
13738,-0.6411269102392112,0.16138879579910126
13739,-0.08246010681835227,-0.1163464851609127
13740,0.6680334171607507,-0.017865566160149754
13741,-0.7144237876348507,-0.3051286722110279
13742,0.06870000049595576,-0.3585101376910973
13743,0.08773431035906586,-0.28870204614562944
13744,-0.05011520808270474,-0.41281873829773263
13745,-0.27994318030586407,-0.36304616277291024
13746,0.45572172753766815,-0.3627558669486569
13747,-0.07069091501368131,-0.411303395059589
13748,-0.38838525365722854,-0.2578599106614782
13749,-0.41922894717332776,-0.29001332890756054
13750,-0.1295425893140389,-0.4191645760571342
13751,0.09698168061536715,-0.28053914047510986
13752,0.07977378974660856,-0.2482369388257125
13753,-0.5034099646968837,-0.22542390005495577
13754,0.3227079458573791,-0.3710345430632401
13755,0.5189000662977346,-0.43049082206810513
13756,0.5992169589187218,-0.04773910819436137
13757,-0.6003069961094989,-0.028923392102466944
13758,1.0723475064894754,-0.2027828774549158
13759,0.15693992703943663,-0.10717817953851261
13760,-1.7182072940407338,0.13392339137457807
13761,0.13397471456543153,-0.2542835678305511
13762,-1.6678107119995802,-0.008369379403704108
13763,0.8633623645876106,-0.0724396549920718
13764,-0.07285847822167887,-0.18337287205890906
13765,-0.8536513720854716,-0.20668044035874494
13766,0.37490250517324125,-0.22628867988085982
13767,-0.3047242048706511,-0.2891964316858433
13768,-0.32682638758697596,-0.28023225575644933
13769,-0.6260160270304066,-0.28141451583907584
13770,-0.31837099746772335,-0.0924056802978556
13771,-0.022311080080731092,-0.27638957919549456
13772,0.6588346433321239,-0.3470381687193393
13773,-0.0870678184841919,-0.4643396331488804
13774,-0.0457340274455867,-0.430606061995044
13775,0.4449116896788986,-0.298497434564181
13776,-0.42922114717160453,-0.3481558129052496
13777,0.7403510441384529,-0.31853095484164906
13778,-0.0773756861833753,-0.402416328927396
13779,-0.973813672074317,-0.3006658590037325
13780,-0.5065811367599996,-0.27066940480819546
13781,0.17330778859102156,-0.29827384181451805
13782,0.19713722647085735,-0.4564087525368928
13783,0.1925726773445898,-0.4221044880711603
13784,-0.13486546995298798,-0.11111647128224536
13785,0.46967362682778235,-0.30595177303228577
13786,0.20232193527814685,-0.2971957982951994
13787,0.1103661195718886,-0.41801005707601013
13788,-0.21538671687943045,-0.4569116768942275
13789,0.30372541554223936,-0.46892954003610243
13790,0.22773947593784744,-0.47731710965136254
13791,0.003932766003225569,-0.4122909070290679
13792,-0.5073058705339702,-0.4719822418610463
13793,0.17627138965593675,-0.4658061740575492
13794,-0.6952562858269309,-0.4336914109635631
13795,0.27628696981030537,-0.39100418129634595
13796,-0.7832045822160418,-0.3726506947555452
13797,0.5309652891209871,-0.44396884727182334
13798,0.6404421058165266,-0.3662888274811006
13799,0.06443544864312803,-0.3962978462384209
13800,0.09472850281913027,-0.3240347879027927
13801,-0.3783029187326024,-0.45528685425646287
13802,-0.8038129701173607,-0.2824310500905718
13803,0.9889263601401664,-0.37806270084684457
13804,0.40145716238280615,-0.445931045302856
13805,0.0025929632730020136,-0.3876206296224693
13806,1.0145926937828427,-0.11605058541489238
13807,0.8460615756581822,-0.08106459382544305
13808,-0.6228911373194853,-0.2829018373892289
13809,-0.31885867240094223,-0.39805875554443476
13810,0.4343156600887905,-0.3943725515825897
13811,-0.66307416893104,-0.4176686186572869
13812,-0.545617650411979,-0.3618310653442526
13813,-0.1983846804364848,-0.36563473727108803
13814,0.7177887980124923,-0.39244911245655134
13815,0.07589141795579307,-0.31907963871049405
13816,-0.017750746373670325,-0.3936068558458423
13817,-0.5219948429427844,-0.4013441074357079
13818,0.431619402179293,-0.38853455240010426
13819,-0.2542603992338252,-0.44944469585943436
13820,0.2802676353966076,-0.407581525285418
13821,0.3158455356333439,-0.3927572190944692
13822,0.12430409919863966,-0.33161443235207444
13823,-0.10388832215340256,-0.3128891252455806
13824,-1.0032607053369451,-0.16931896992821274
13825,0.3120793624802589,-0.3392962131273609
13826,0.5482703464861479,-0.33684636178495664
13827,0.3876096500489407,-0.33734654746400605
13828,-0.09326248610084739,-0.37325915575209867
13829,-0.2337012786591669,-0.32711698502571307
13830,0.5222525358946057,-0.29527196726409066
13831,-0.09897926243819861,-0.18263312208277976
13832,-0.43167774438628526,-0.32551517599532215
13833,-0.39816121455602144,-0.30867973595168297
13834,-0.34034061887734973,-0.2706704416707209
13835,0.10667850313241944,-0.23525757897517902
13836,-0.32643715072078056,-0.15094709934759734
13837,0.40998970552542674,-0.36129818060706637
13838,-0.7896632360569219,-0.3454618418511899
13839,-0.19108833396147448,-0.2566260651017588
13840,-0.35449152759574803,-0.2577984434348265
13841,-0.0621736172602279,-0.3158412480201017
13842,-0.7483030221243152,-0.08471347045499865
13843,-0.0936937106350295,-0.2536164236141063
13844,-0.031975476227899674,-0.24351027026836541
13845,0.02040690277467975,-0.2985579951193593
13846,-0.7687963757714511,0.360741655677111
13847,-0.16287575433650253,-0.12422927401164748
13848,0.4459939325279892,0.5831032885389956
13849,0.12111574639856984,0.17753115498990701
13850,-0.15512380905820142,-0.06357404608437103
13851,-0.08855586921426242,0.20962680142417606
13852,1.0078764931984574,0.5490324224996662
13853,-0.25239323850349343,0.20961851325494996
13854,8.35309511323203,7.9376644743614815
13855,-0.27869481043763383,6.206993557206055
13856,1.2316646840721024,2.4558717636526617
13857,0.28682003304073933,1.0488031880444812
13858,1.6931338744813136,1.0596144510690708
13859,0.5123152176711697,0.7617540428258166
13860,0.6030713203853723,0.8852286791060472
13861,-1.4554898095090716,0.8131503074060064
13862,2.0641739126399234,1.968644373625465
13863,-0.47519831382996097,0.7547733099769491
13864,0.23339207491880745,0.4170722114171763
13865,-0.7420347716963661,0.44686543320592953
13866,1.9034302331304551,0.7171606587019835
13867,0.6549174353948993,0.8531024604473878
13868,-0.5469092957310507,0.654490674501517
13869,0.21802575116152162,0.06799993874829141
13870,0.7598046707058584,0.02504309714710902
13871,-1.2454682481268464,0.3519648546949052
13872,0.4372978355858555,-0.13152586291244805
13873,-0.36939127871179855,-0.23163364636422915
13874,0.40362488707045774,-0.17921089760249792
13875,-0.14500075202259868,-0.19902725228447182
13876,0.07944745114403431,-0.1390562900824579
13877,-0.12241557153539775,0.2495729427531409
13878,0.3744968769585491,-0.1096835962707437
13879,0.33022032065219287,-0.2361278304866768
13880,-0.04183580171629182,-0.235080685133814
13881,0.2664469653455821,-0.11624797673421658
13882,0.05125836793453147,0.8543319092742186
13883,0.5049682776889975,0.19071831158365504
13884,0.13767580101204846,0.12752750316693534
13885,-0.0900030619401741,0.08948185460313174
13886,-0.7638470143222891,0.15176354616267906
13887,-0.2702153590923037,-0.10448472854889868
13888,0.017976023653966763,-0.025882591866178792
13889,0.11840125492543743,-0.1847280754749964
13890,-0.16781659514470168,-0.23401934968436605
13891,0.4316656077319343,-0.2977986693660921
13892,0.3256430521540434,-0.15727713689771045
13893,0.004638540584620302,-0.15324048092570697
13894,-0.8878316720520797,0.08838673904320174
13895,0.45390576876485605,-0.1966636402110906
13896,-0.6054899807462544,-0.08141178338117197
13897,-0.057617192807066585,-0.19051498692839014
13898,-0.3006164512474036,-0.1350200486751404
13899,-0.9908951579178157,0.46758771179537517
13900,-0.79566285884173,0.4116542657238046
13901,0.8723115799256334,-0.06283308916619973
13902,-0.6375619812305676,-0.21303225104065232
13903,-1.251453157014477,0.05749196426336603
13904,-0.1908466505069113,0.6021284911243092
13905,0.4848375252102181,-0.1140188300867967
13906,0.16033564179155446,-0.17274103218176284
13907,-0.30839945973475286,-0.24289777322094042
13908,-0.8945024599482657,-0.3265287530153115
13909,0.3638095992537047,-0.34938321932881217
13910,0.7462832755249511,-0.2349177712008565
13911,0.024825782344923115,-0.09904327364776672
13912,0.9103144765580093,0.6346875024543128
13913,0.1966166499374157,0.4362204646954938
13914,0.005187818810074381,0.3261692525724446
13915,0.5302687805219228,0.40985136209347905
13916,0.506398460326658,0.5385067786479536
13917,-0.132031186674804,0.3065020222423346
13918,-0.5465353048259695,0.1901455861203767
13919,-0.13581469968437054,0.13518863746137363
13920,0.06174024599403841,-0.13391529501626775
13921,0.14229697639455813,-0.2258474785565161
13922,0.31420890236760324,-0.08986745912592353
13923,-0.620458005813774,-0.19273358875562882
13924,0.28244877916345595,0.007006213437794201
13925,-0.3492157761941848,-0.1817497472491909
13926,0.12453501424886049,-0.04617009844668968
13927,-0.7091573001895513,0.2686997974123456
13928,0.5593371801895972,0.28561830844367003
13929,-0.03687811892591417,-0.22166458128981606
13930,-0.28066417132336346,-0.25188413438630364
13931,-0.19057932975282504,-0.24579214523397297
13932,0.6493612570701011,-0.1551661969157701
13933,0.09601465996282885,-0.3118070860019066
13934,-0.5278158612757748,-0.2795763504462534
13935,-0.23383018770144914,-0.29501580930257965
13936,-0.18641947914420787,-0.33076959937508277
13937,-0.17820552458441752,-0.2659410166057517
13938,0.35192700369632657,-0.3460913434383262
13939,-0.19567618551620153,-0.39587250352274617
13940,-0.04030399131646818,-0.3676344559189451
13941,-0.2981024956829981,-0.2555270996515543
13942,0.35888031391863406,-0.24485279486980338
13943,-0.0790890540966265,-0.2302643997122486
13944,0.1768992535206025,-0.32589111831373874
13945,-0.45484778756198657,-0.307391497418164
13946,-0.016373536260098256,-0.34430111705104544
13947,-0.37586553210791446,-0.19653201853049906
13948,-0.3291350636590384,0.10774792255190202
13949,0.06622931165093501,-0.197797628591189
13950,0.02889663631371605,-0.20113683990642037
13951,0.5272503323078722,-0.07280020358232739
13952,-0.8022732972187175,-0.19051285524895054
13953,-0.19846284698770725,-0.29856106860459103
13954,0.2703839072380865,-0.2066960195610031
13955,0.3065148717242087,-0.15557390495209067
13956,-0.1440775234973977,-0.37464400821966465
13957,-0.09925529266960177,-0.39036723752524616
13958,-0.31291991191686114,-0.3223160942687694
13959,0.05245635980880736,-0.34883281461396953
13960,-0.2660200136881405,-0.31349485048700687
13961,0.5518003726384918,-0.3787458930852917
13962,0.20359359615683978,-0.3463387219820612
13963,-0.454231763880043,-0.35379859412335735
13964,0.2156896792341727,-0.2511814079349346
13965,-0.00386637545796897,-0.39525483546351853
13966,0.2763100941518956,-0.4122168921780275
13967,-0.16213581154901366,-0.40818092023381036
13968,0.2589467422130037,-0.4280294077353144
13969,-0.05411915467370977,-0.4553124452793577
13970,-0.005822270042509882,-0.31274277298314174
13971,0.09269905183966078,-0.4032404186872155
13972,0.1870965822909078,-0.26246695680397103
13973,0.23901675800637726,-0.25856152617734773
13974,-0.20039911514275668,-0.20280426669786328
13975,0.13011011229957942,-0.434488970500093
13976,-0.4112581014245379,-0.08938270647988622
13977,0.4078704264536218,-0.32880617869726625
13978,-0.5425056904378959,-0.30597545758356015
13979,-0.17835895956454834,-0.3457969149608972
13980,0.03615407045073906,-0.3929049870836788
13981,-0.00037105928294963375,-0.4229089705614403
13982,0.43814866367489474,-0.4101302041767067
13983,-0.024203615549691318,-0.48451203757373756
13984,0.1119510384125923,-0.3841042945228861
13985,0.38268435515570126,-0.40863471543870267
13986,-0.05978730914236632,-0.31627351022926986
13987,0.06312252566311044,-0.3741314453740989
13988,-0.11132061497995371,-0.4315796131686631
13989,0.18679029723754917,-0.36288305700209156
13990,0.05653315444727481,-0.2819253681637319
13991,0.1622764230123716,-0.29948520602837825
13992,0.44732277433731665,-0.23763467116174472
13993,-0.37253055615425673,-0.3169646563785115
13994,-0.23429990195300635,-0.12368291905804449
13995,-0.3392870237040051,-0.22405550970817448
13996,0.6217114521886892,-0.2870407749227096
13997,-0.1758408401130964,0.0760849769355785
13998,0.12726514622490334,-0.010029906848209064
13999,0.15410349132721907,0.3487510664286701
14000,-0.7784392013914433,-0.016564143153446217
14001,-0.568456076445825,-0.08519281703365286
14002,-0.15846840644598909,-0.17473601245761042
14003,-0.2319688293873462,-0.30308526311558354
14004,0.14972767325253547,-0.3108965212308885
14005,0.3930263659470031,-0.36524413996059724
14006,0.3068878692441819,-0.29254543121662285
14007,0.011846922222868018,-0.2552431428626732
14008,-0.3932614681044146,-0.32951650189888326
14009,0.3407575516177047,-0.21737379774508206
14010,-0.2882732175346973,-0.19886948974545643
14011,-0.18607101387501582,-0.2926946791713434
14012,-0.2126969286695245,-0.2838882278396315
14013,-0.13301279756897738,-0.16112915785824058
14014,-0.33803443742750605,-0.20398132863497792
14015,-0.13842183288027135,-0.12260107837771289
14016,-0.17201990930867422,-0.10193511700028218
14017,-0.567909150186986,-0.1975253564197691
14018,0.48866046871372393,-0.2471544582676018
14019,0.22111928434148298,-0.31498429311328785
14020,-0.27183782256576083,-0.28915924012363226
14021,-0.41785670517099477,-0.3014310352883478
14022,0.2896901926638297,-0.14686160111612506
14023,-0.18786235134666118,-0.3637072953067003
14024,-0.18857129560765915,-0.3628329188168236
14025,0.16969367555230316,-0.37345763299624957
14026,-0.4639979482062099,-0.27729905613833017
14027,0.2952726428862707,-0.407460644330173
14028,0.3615237042079816,-0.3558120886345361
14029,-0.5027414251355354,-0.27407052512946795
14030,-0.47851653371382613,-0.11612800048905836
14031,-0.32676568366897574,-0.08384865148304413
14032,0.026933587219403074,0.31183739008598677
14033,-0.1839584105795464,-0.21304333373720596
14034,-0.24722085443420885,0.35968667883460187
14035,-0.11470981569991134,-0.03827944340516313
14036,-0.0875313559429493,-0.2841698945223359
14037,0.2242657684705209,-0.3642315268615426
14038,0.23334868882340343,-0.31455669695935007
14039,-0.2162877805486092,-0.3879609874114448
14040,-0.044046439878324434,-0.38326416149008513
14041,0.14885782896720187,-0.41194708144675307
14042,0.07194129240171342,-0.3032418690033511
14043,0.1599633836094262,-0.24518946082978785
14044,-0.18165881967370856,-0.23273329419360264
14045,-0.2681723191648959,-0.32303583197961383
14046,-0.35804147307151984,-0.20770245238941698
14047,0.33288842759678033,-0.20076556028680756
14048,0.007284975252296877,-0.36349467163641214
14049,0.5908334344194472,-0.10086075594568321
14050,0.6970743638047967,0.24088054489038369
14051,-0.09836992649202199,0.1803241720076541
14052,-0.2902375372901385,0.06747210411788707
14053,-0.6297453123919923,-0.13408619751674714
14054,0.35726307710979693,-0.01631823404368199
14055,-0.47559484151802706,-0.2468726534077498
14056,0.26363138057868973,-0.33483252676672737
14057,-0.05290925057731812,-0.34957700600505426
14058,0.9819784894833147,-0.06834974244269916
14059,-0.4107753497753434,-0.2076762436225712
14060,1.1813082650455837,0.14315666496701968
14061,-0.3444056346624639,0.11717309229599293
14062,0.8222245605072657,0.0862403798913054
14063,0.42594150780317136,0.4219503191753945
14064,0.7219402502721237,1.0898450538948676
14065,-0.009575492138589747,0.4466334760611861
14066,0.14141360552045742,0.5287408734402618
14067,0.2915421456048899,0.3097656224209773
14068,-4.221543039922689,7.174168485788219
14069,-1.2616998435994926,1.9473350473792865
14070,-1.7840687898473047,2.334222085907698
14071,2.006632352339849,1.0788250800073498
14072,0.538858929541073,0.346910831440287
14073,-0.9125220364760149,-0.024075084583252845
14074,-0.09967941257023911,0.29266101828108504
14075,0.2703184635525806,-0.14859544007878916
14076,0.6490727861648967,-0.0759782145829706
14077,-0.045227697216829926,-0.15630306189525717
14078,-0.2958471449751312,0.11286676673563109
14079,-1.3330556797532573,0.2306633399795549
14080,1.6626892675727154,-0.2331881256973562
14081,0.49691742145895484,-0.26313443488123023
14082,0.18298962864529136,-0.14960169168855206
14083,0.3088123250866261,-0.23985923050331828
14084,-0.0877407865967262,-0.3475802041768962
14085,-0.4709578557149929,-0.20342542937828084
14086,0.17120364084671755,-0.023080545203429212
14087,-0.9904898816430261,-0.1277266449008276
14088,-2.414318382835091,0.7968622218155169
14089,0.991003834580649,0.4643026591861549
14090,0.46848107780673276,-0.2692168162267217
14091,0.8793664750160172,0.3388513580249294
14092,-0.8866603213240373,-0.22976337011590592
14093,0.8377491334445437,-0.2670061046465193
14094,1.0890753737351315,0.02000548641242418
14095,0.37249746311428183,0.5382232222782651
14096,-0.18262233403772093,0.15386156193935535
14097,0.3728930122027438,-0.11307503511841172
14098,-0.22681337834883714,-0.014648791794628038
14099,-0.3338462046584331,-0.09880287521008704
14100,0.16285963161960348,-0.16328162614155978
14101,-1.0145133217977085,-0.18833084202961012
14102,-0.43140579512283994,0.04671074179815765
14103,-0.2025783888391017,0.2073958856616983
14104,-0.022760949852187046,-0.14572052963235788
14105,-0.03398155391774419,-0.26273016538798494
14106,-0.7026043419967538,0.26273786046000336
14107,0.19414382621857235,-0.09141471321840551
14108,-0.15411156305494897,-0.009467887405252756
14109,-0.8051948308996365,0.36749335981619635
14110,-0.24591996205814126,0.48375711760939066
14111,-0.15645901094908846,0.10256801775443147
14112,-0.8477792320785982,0.24373464950422452
14113,-0.6509676713318766,0.4283513161277772
14114,0.5561581416894781,0.488892940262586
14115,-0.7411522484848557,0.045964045855750646
14116,-0.28841500251618507,0.7919429209403429
14117,-1.1101499981784513,1.0041684532646107
14118,0.09225190242549698,0.7707987824700688
14119,0.2521845262655311,0.029214935433101746
14120,-0.17595688077986374,0.2499979861896629
14121,-0.11294133034421286,-0.19187203124643676
14122,-0.3410153650591525,0.06141357739418174
14123,-0.11614464564178817,-0.1888577658218515
14124,0.545312783008753,-0.005392833660444324
14125,0.3327382655752404,-0.2275277913537169
14126,-0.6892363273361997,0.07663118983912481
14127,-1.4355939612703714,0.9230056350222621
14128,-0.16159478097214186,0.142085231398338
14129,-0.26601851351438904,-0.007559012729880271
14130,0.3019792265528275,-0.21171185461825787
14131,-0.029717383507818336,-0.0971411297292469
14132,0.2464424671654892,0.01768869714327556
14133,0.47319123793879303,-0.06225047149279859
14134,0.09651021848178179,-0.1425503277171972
14135,0.9023117300694669,-0.05539286320885457
14136,-0.10344014739852053,-0.015736143107978592
14137,0.24999032084534328,-0.14772788607600573
14138,-0.5738691568335454,-0.13924733332421207
14139,0.4250290575585569,0.09829961966088141
14140,-1.7278232891292418,0.36068552124539155
14141,1.2674170194566625,0.27628511179210824
14142,1.0213018969184076,0.43094878027622374
14143,0.002543765658261527,0.23816630747806344
14144,0.06735348272310548,-0.0930239126744125
14145,0.6933378811862885,-0.13457075522334055
14146,-0.849192738554255,-0.009707109573655198
14147,0.7989918523345783,-0.20113516997204006
14148,-0.300409875107935,-0.23368829929436438
14149,-0.6026569322289735,-0.31280171531003254
14150,1.0265518924146435,-0.04936474975954522
14151,0.13196104420409924,-0.135154278330555
14152,0.2842610197511805,-0.3210280343840972
14153,-0.8319623173229145,-0.3069545811054501
14154,-0.27893882564332445,-0.04331662258845276
14155,0.6073002466262776,-0.26787693114918343
14156,-0.7162615885471428,-0.39203755465183876
14157,0.10138185813038741,-0.3670889822239344
14158,0.22327982272372834,-0.2510262218887229
14159,0.07880220985898245,-0.34070769413437463
14160,-0.5955402784655921,-0.27948410571806476
14161,0.174391139720972,-0.44995778579458473
14162,-0.5841209240431433,-0.1807964657856434
14163,-0.5218002816176568,0.8042561794757431
14164,-1.7160479169935732,0.5247367418729308
14165,-1.3626684724988063,0.6676225055439672
14166,-1.413477420588322,1.7605228642675357
14167,0.6829583412494762,0.3841397340818775
14168,-1.6338027364781735,2.167216127893139
14169,-1.5247228551064191,0.7110182307886771
14170,-0.15833693491447692,1.3487123665418537
14171,0.07701252481706083,0.07970370276869299
14172,0.9062429980219687,0.206967353183501
14173,-0.30460805520035084,-0.02936266479083772
14174,0.3633141768897879,0.027220233861642518
14175,0.9631140519258096,0.0011849990719959985
14176,0.6998724368618552,0.03279392240156369
14177,-1.1143304616644756,-0.20213456223645043
14178,-0.35826918695241056,-0.1412444919944771
14179,-0.39385196532812966,0.08875485629555735
14180,0.62310498376673,-0.288572864801302
14181,-0.13738551933556994,-0.2789414388426608
14182,-0.5779296164476335,0.06518698812247625
14183,0.0173534837546116,-0.15412499534545937
14184,-1.2204379915882682,0.17599878813232733
14185,-0.22695782833455572,0.47465285997143536
14186,0.651405679178349,0.028558206131698655
14187,1.2396817975882541,-0.10431899711514299
14188,-0.10731233888104305,-0.17110146828306025
14189,0.7329689100419775,-0.021355463816285405
14190,0.5982922452251798,-0.014665192827499576
14191,-0.47003875700052916,-0.15570142203030404
14192,-0.5192688396904676,-0.19068751794091737
14193,-0.00382569876926261,-0.05556133792660044
14194,-0.5036401036766809,-0.2955357834653297
14195,0.5158929503920872,-0.24919115484519264
14196,0.288197399890931,-0.39116011566742925
14197,-0.16096028593347955,-0.37986078425062425
14198,0.7954118635669908,-0.28135765571464416
14199,-0.04590789088232309,-0.17046995397113063
14200,-0.027810183020583794,-0.3320205829095434
14201,0.0987621646399019,-0.32639158677899216
14202,0.3185319476833574,-0.36255631647662306
14203,-0.3386841933859398,-0.30369719557655256
14204,0.4890139833419833,-0.24873802988669524
14205,-0.5489027730185903,-0.245894293075666
14206,0.24536471824635814,-0.21921851310793455
14207,-0.8410952532797038,-0.10912878476015835
14208,-0.01873015778003654,-0.31177020674717426
14209,-0.1454081158070765,-0.3605036873016451
14210,-0.3673616518157788,-0.2424183518144638
14211,0.25839662763979093,-0.3463175645059253
14212,1.0525989850939121,-0.028015328818479783
14213,-0.1477668643044903,-0.23041713764618338
14214,0.01708049076484923,-0.23575995082124182
14215,-0.6758365865503494,-0.2656964721233486
14216,0.21143531911728516,-0.22245613392054808
14217,-0.11562624378782169,-0.390644393955642
14218,0.3735547021095318,-0.29565906949003523
14219,0.19111864935938172,-0.3173950183831133
14220,-0.7660463067200253,-0.3186485897942105
14221,0.3683652999668194,-0.33548611918258087
14222,0.5017532540935226,-0.30503659563028473
14223,-0.15744165709491612,-0.3652211008460936
14224,0.24373771469757782,-0.34493676964909736
14225,-0.38250713744934084,-0.37143692823056496
14226,-0.28927741829515763,-0.26960620331506563
14227,-0.6682525941432119,-0.29290968837612646
14228,-0.3628123313814726,-0.2457458547410224
14229,0.4987245517535968,-0.3463718415072951
14230,-0.8177236971352106,-0.302977863002426
14231,0.38981814868887177,-0.43735866919636424
14232,2.580284690925198,0.8051347775156593
14233,-0.6366733354940132,0.6448656526591768
14234,-0.5894376951612039,-0.06577760197655833
14235,-0.4462917744874504,-0.21854152667924703
14236,0.13503103511083275,0.46413207361079867
14237,0.34645667590898327,0.5264869878419233
14238,-0.5890536074891187,-0.015083104234682357
14239,1.0689359015857054,0.10984332201563118
14240,0.46635322414527647,-0.15406262553446365
14241,0.2667470143722954,0.036822280837542354
14242,-0.43572316036416864,0.026156259237638854
14243,-0.2365655594338583,-0.19596509163995607
14244,-1.1935395005809615,0.036210500986275374
14245,0.27552994760577837,-0.323609328275742
14246,-0.2811344286902845,-0.31852822056763114
14247,0.7400659197044839,-0.23069061214729875
14248,0.3442292571702497,-0.1806827013465249
14249,0.9221393854184502,-0.16321175878939687
14250,-0.6913116993750941,-0.20573567055815573
14251,-0.02770393287226907,-0.26891088756226234
14252,-0.6838912810839337,-0.21713013784821616
14253,0.8280296605548799,-0.2910553498445338
14254,0.22957229214144975,-0.3677114026879291
14255,0.830599209368554,-0.27317200027606825
14256,0.7561565258929533,-0.19847372314556527
14257,-0.294933311785897,-0.31160162554711496
14258,-0.03959519001351021,-0.3203601718299928
14259,1.1195383191801216,-0.15321498924536905
14260,-0.46678411996861835,-0.23276662658527622
14261,0.9544557547379364,-0.01688941494073115
14262,0.3282060111094122,-0.1513102098676246
14263,0.00019354503652937137,-0.18740674008315134
14264,-0.5476339142937001,-0.28172088221041247
14265,0.258409376980684,-0.1875177474392852
14266,-0.6145410235447931,-0.21301556033866687
14267,0.2436962224571513,-0.36458863917133316
14268,0.06622800583065033,-0.3672024011375642
14269,0.813048839816189,-0.33895963022016806
14270,0.35440119557748173,-0.27252987000436657
14271,-0.49198131298139824,-0.19353994083869358
14272,-0.14090075003321526,-0.3395521953073743
14273,0.708005936024376,-0.36835933332360626
14274,0.9253468909719756,-0.15564446754716862
14275,-0.8909636872315685,-0.3743502434703774
14276,-0.1730676908109276,-0.3140259425222288
14277,-0.3847601150484755,-0.44431907056262626
14278,-0.2715797483340804,-0.3711540531417939
14279,-0.12107864392527637,-0.3237797083129325
14280,-0.11659490692043523,-0.4001344409809855
14281,-0.5970583213305708,-0.20553032026289048
14282,0.0027871004959175404,-0.2743438116122172
14283,-0.24973689644572794,-0.3318833536331297
14284,-0.2570036803639805,-0.38261951029536423
14285,0.6331018914640173,-0.2957740501702812
14286,-0.47859767976454554,-0.38530692381530685
14287,0.6131148798190069,-0.03419887621806338
14288,0.3807810848544192,-0.18292183974340714
14289,-0.5251423338133402,-0.327776595543912
14290,-0.2947955322934148,-0.3560424539504194
14291,-0.39346504474348093,-0.3016943397172626
14292,0.5825068279944177,-0.3260809682613735
14293,0.9711031436063384,0.5755860258546383
14294,0.6185790941102457,0.4506218552020709
14295,-0.33139926930073677,0.27375814299996937
14296,0.42328993649395663,-0.17725983132843906
14297,0.10642674938651532,-0.1661974664378883
14298,-0.0331603321158549,-0.18835055609376794
14299,-0.6238707553043721,-0.2686204922642799
14300,-0.038728319373867656,-0.24803502076072667
14301,-0.16724288350039704,-0.3451468606277997
14302,-0.29954530690545644,-0.20895012024627735
14303,0.036383694048657995,-0.30848870189676103
14304,-0.2366389209412593,-0.30839618339637814
14305,-0.3705128100417703,-0.2588736294332026
14306,-0.11498268214735173,-0.19205475377620412
14307,-0.5787749032792067,-0.054835791972813436
14308,-0.17273559710922523,-0.16856493358539965
14309,0.030553979358427644,-0.15405186596585546
14310,-0.059224148806337105,-0.29498196932302023
14311,-0.29409638911819397,-0.25416568240859433
14312,-0.13738570164044275,-0.3425068810274279
14313,0.772781368493976,-0.18157795441136132
14314,0.23662100076621434,-0.03270274485433632
14315,0.3846676811528616,-0.26792095888771117
14316,-0.2517274419929673,-0.20013444200192826
14317,-0.25612900593820104,-0.38013680569691005
14318,0.5725717814581615,-0.34403075176364395
14319,-0.13787575672238173,-0.0628317704510502
14320,-0.18144464081006142,-0.28874256123842174
14321,-0.12922337262174152,-0.3721819832873607
14322,0.659872112131514,-0.31782261682476437
14323,-0.2714353414151744,-0.3765190196134883
14324,0.1741897502589526,-0.3765092198204249
14325,0.2696427349083324,-0.35913111092423056
14326,-0.11708540188338487,-0.08432703789398578
14327,-0.5631856737822573,-0.36299673565821006
14328,-0.2784836982144501,-0.2753430579045274
14329,0.8264168196211724,-0.31897450613232636
14330,-0.6052535970881808,-0.2394535064994936
14331,0.37483851316239114,-0.37947450888066975
14332,0.6165273196918565,0.5359692660279977
14333,-0.32533957779199435,-0.007769181002483777
14334,0.4262463096923823,-0.18479112988921242
14335,1.2169615934791251,-0.03164270023118334
14336,-0.18794241623498104,0.6502025636491872
14337,-0.37591236802597455,0.09570748375645102
14338,0.7709135485816251,0.018890490737467486
14339,-0.6067807385069721,0.03689626769885401
14340,-0.01343987469561418,-0.011412829218337514
14341,0.5061620643420044,-0.19494786218277715
14342,-0.35828082636843045,-0.23886744714284547
14343,-0.28404284331096485,-0.07256950227619852
14344,0.0189716834893342,-0.16882816650312343
14345,0.5830219301142249,-0.2212935285120623
14346,-0.4437829257693915,-0.2840333132186794
14347,0.8214623410900317,-0.15498747414939898
14348,0.1384979516603688,-0.045407974385865885
14349,0.06658531491846505,-0.2815679589025277
14350,0.3598182911557236,-0.2348984324394992
14351,-0.033347318957604,0.028917724158049718
14352,-0.5483887094891757,-0.15491222409664102
14353,-0.9222589784957721,-0.12828833407137508
14354,-1.005189087422814,0.4569074117500559
14355,0.8216190240578345,-0.16563261066430765
14356,0.1983433921395338,-0.24995144286848386
14357,-0.2408589173062463,-0.22862297730547193
14358,-0.4859577680693128,0.6219769360305752
14359,0.8923150743141018,3.573353473415303
14360,0.7032167377781398,0.7318156449932892
14361,0.14865773656236173,-0.14320578174729665
14362,-0.6396665754013612,-0.15513459938414953
14363,-0.6358740729304204,-0.1568693761915191
14364,-0.40671799117668145,-0.19368683833186867
14365,-0.5373912898804285,-0.2885425277297564
14366,-1.1365188959982395,0.1636745866096646
14367,0.2946358699790495,-0.22733247721364858
14368,0.9825813185905204,-0.1849526291878601
14369,-0.6332992797798201,-0.38949473849331295
14370,-0.15770146446622726,-0.37587953276383934
14371,-0.0393399277239059,-0.36672111707716465
14372,-0.7579646797942305,-0.2516741131041533
14373,0.22141802752096906,-0.30457388685082853
14374,0.7177374434036023,-0.28734230161334484
14375,-0.9873786111878676,-0.12576807149985653
14376,0.23641407648415058,-0.07352251251698222
14377,0.19463428692996804,-0.002848469917603888
14378,0.5095486294273971,-0.2802034993545615
14379,-0.11497997160196351,-0.2776212242567502
14380,0.3690814257659003,-0.21881216603329856
14381,0.1803644625403048,-0.2444356981215276
14382,-0.28798567390928387,-0.3066781893405563
14383,0.4257917215595987,-0.28875730873228755
14384,-0.4344221640099829,-0.38837293178327803
14385,-0.12619008806536902,-0.3874991388359518
14386,0.9081273564533092,-0.22662143074162455
14387,0.11506635354810009,-0.3688510812842458
14388,0.15639233317658063,-0.3525294429319387
14389,0.2748793879985563,-0.310625625534317
14390,0.47985382253434355,-0.2963339231531558
14391,0.21439854379802237,-0.286205235050298
14392,0.971045264872397,-0.10316717003725406
14393,0.7878775219396787,0.9935897339130716
14394,0.08455705672433997,0.26411934668758197
14395,-0.27540327291394795,0.1971590512800645
14396,-0.1997308214039351,-0.19181911028151
14397,0.1791053641914834,-0.05088104145203996
14398,-0.31687407397516876,-0.13559525762011065
14399,0.5623069100509331,-0.3190068228243027
14400,0.10908809457338911,-0.30162650475972397
14401,0.27638059111493507,-0.27200185030620294
14402,0.15789113071688735,-0.24154371530083368
14403,-0.4575752413556688,-0.140639511503503
14404,-0.12390832058861741,-0.3427488079922896
14405,0.3190256128207764,-0.15167801376566692
14406,0.6069798185161711,1.175972000642206
14407,-0.48805799223702656,0.6629050537536088
14408,0.3261177687238554,0.5382289190268509
14409,-0.15539282753957917,0.24625661741616806
14410,-0.5727328805992074,0.0073357987708501105
14411,0.014058520445946384,-0.2696680182923072
14412,-0.3640361733664061,-0.2237028428235117
14413,-0.1884640998461701,-0.11690074535686647
14414,0.4234065535798177,-0.20752035077590372
14415,-0.04832982954445611,-0.3719206396902342
14416,0.32475129377100104,-0.21579375490282057
14417,0.2178914032299173,-0.3696324997585384
14418,-0.49933610405133033,-0.304230119879461
14419,0.07219227218559675,-0.37354587789804866
14420,-0.19069146588289018,-0.29187559494933946
14421,0.31955839469673913,-0.31345660828965216
14422,-0.1111118896135135,-0.3468724138414522
14423,-0.0944954946531896,-0.3397226433105197
14424,0.7927935013194163,0.038527154439771116
14425,0.02196993604021758,-0.10247626192096462
14426,-0.15576377342357423,-0.25782860815209646
14427,-0.02391675401362825,0.28703963275701827
14428,-0.14438536405194657,0.46751607553108676
14429,-0.4959083288553583,0.5198106515506226
14430,0.37497344068763233,0.4129756757761316
14431,-0.9296528519991359,0.09846095720733558
14432,0.916942930388903,-0.0621448980575539
14433,0.4871970210267435,-0.06082462088942076
14434,-0.3898037712609126,-3.755382743328428e-05
14435,-1.2358952984671043,0.2886931387192739
14436,-0.19654651449526342,0.11710246851449813
14437,0.04328445903452946,0.2300891289285727
14438,0.7622741611221826,-0.08167846628365377
14439,0.06585226572555755,-0.06078712488858991
14440,-0.37896626445059484,-0.31242365046471027
14441,-1.953472930694922,0.5904708758521163
14442,0.6613700367588908,0.5729623631709583
14443,0.6838783085759041,-0.1681334295032084
14444,-0.014488055372522872,-0.00607737101283487
14445,-0.30392649597653976,-0.2431162307964123
14446,-0.28205861462362525,-0.2500487920862152
14447,0.9320523482738419,-0.27528735901025725
14448,-0.3440615589978991,-0.35727667304293925
14449,-0.47534384951696,-0.26300815845429093
14450,0.1296199335563083,-0.3006124169608011
14451,-0.19777975524223435,-0.33363979849521314
14452,-0.9477153541457861,-0.22399120264276975
14453,-0.5257614147734023,-0.1742443114820461
14454,0.4517914220258369,0.03681014463207666
14455,0.17094073286199635,-0.3301700570867929
14456,0.010633691629331154,-0.41416068596129757
14457,-0.17062067902531333,-0.37445315016128067
14458,0.5928151661752767,-0.32303169305898466
14459,-0.28261419777732355,-0.22699135113102245
14460,-0.026946276583427457,-0.26819280504624904
14461,0.33074788208513883,-0.42663108580597003
14462,0.62865278551569,-0.21206421298015365
14463,0.5015355998619899,-0.3254164014530739
14464,0.06388350578042348,-0.015371563060867746
14465,0.07447675510896143,-0.316312740585308
14466,-0.1684404724666356,-0.08582815698121274
14467,0.019687876125193703,-0.2793277412727566
14468,0.10220706745433533,-0.29540358505314934
14469,0.05782489957497101,-0.3397718006525313
14470,-0.12652196305502947,-0.17559829738879373
14471,0.7343990162605601,0.04874692963229982
14472,-1.0851348799306455,0.0025988898165292262
14473,-0.08665659634907451,-0.25078537324621053
14474,-0.8740803754219003,-0.04844004314455502
14475,-0.987180554054325,0.1939348161719413
14476,0.5155210284884991,-0.04561508591480182
14477,-0.4746947042163315,-0.24140029677057798
14478,0.75987074721339,-0.019269856434464827
14479,0.033012220022822454,-0.01652203170451505
14480,-0.399878043863057,-0.14720196589332424
14481,-0.1343418518714818,-0.27005905994001383
14482,-0.06059941866506236,-0.16486911879564992
14483,0.37794280806264113,-0.3206441921069151
14484,0.30163736914452993,-0.20860893775016676
14485,-0.10178343604066116,-0.2411488842244905
14486,-0.2415599732020644,-0.3002114359417546
14487,0.1935749299807536,-0.09402343330346632
14488,-0.2162430990845932,-0.21245958855872776
14489,-0.46153863713276727,-0.07773913879268687
14490,-0.25051409136956504,-0.349254146727445
14491,-0.36731969304412904,-0.09243648584472872
14492,-0.024570427839113874,-0.1384377045795727
14493,0.1564806485963534,-0.28420931154572643
14494,-0.6191085313638051,-0.2842680874917028
14495,-0.48896514314624606,0.08311112997916165
14496,0.6013120901631607,1.2502553874454114
14497,-0.2666700989767148,1.5518377963083427
14498,-2.2916201864259675,1.0134626926383747
14499,-0.7065399509049385,0.48152618423267823
14500,-0.1891721867236018,0.18759356388493292
14501,-0.24676045973981547,0.13507615198971554
14502,-0.1810345109712306,0.15070671845866773
14503,-0.09989345460981988,0.2895544955882299
14504,-0.23524204583273567,0.031629609836708567
14505,-0.8635233292400707,0.299126001386526
14506,-0.21777472960229893,0.5204324097914813
14507,0.7610601940507782,-0.002800839643607486
14508,-0.05608769851035036,-0.19933154009905546
14509,0.22033868290942654,-0.14403442130661942
14510,0.3352567760660685,-0.03474285022648886
14511,0.24974940724186062,-0.22188065912514957
14512,-0.14166010624198555,-0.2326913107227585
14513,-0.056607129967109544,-0.27991163726310275
14514,0.5095944308466334,0.028600579127446984
14515,-0.3896291316237294,-0.20691214935870483
14516,-0.40157516987898373,-0.24043215683517827
14517,0.45603809040538934,-0.42619421966678966
14518,0.5879346101184568,-0.28270371692625873
14519,0.12362006136025502,-0.14138394441422134
14520,0.9698147699924291,2.5051236821201965
14521,0.5630488370736857,0.01207383228086939
14522,-0.28613748631983155,-0.10203701260854331
14523,-0.4181031278954385,-0.29146141937997255
14524,-1.7736595420423524,0.5902626465531916
14525,-1.2173186971900511,0.7977535492973257
14526,-0.6145130090232301,1.432477873538248
14527,0.11804997576691312,0.42724696600898693
14528,-0.29263026256846464,0.6859895168116832
14529,-0.8883130354600838,0.7223016047475725
14530,0.38370101942845863,-0.11153241544212775
14531,0.20409633288147433,0.18837078089291587
14532,0.1636901454667627,-0.12198435375930244
14533,-0.6702385975933378,0.39867322930104077
14534,0.4770301799668055,0.9119368728417295
14535,-0.2924410107155783,-0.12853075940270386
14536,0.43551432394219713,-0.20884033243547662
14537,-0.1778633620712036,-0.23062528386341785
14538,-1.3917713964584355,0.060907697057703214
14539,0.39640487522549206,0.05118181200839303
14540,0.30298047830092695,-0.27991454502221325
14541,-0.24210029354268947,-0.25434777830980293
14542,-0.17827130798628157,-0.19145218498908065
14543,-0.683204049928891,-0.08361732737783995
14544,0.06650343192901018,-0.1694747080772856
14545,-0.022715896654229184,-0.29850700684539183
14546,0.7020771706787172,-0.10730999292878948
14547,0.8739278264174783,-0.25223298033128927
14548,-0.18090160697458021,-0.3213890528664084
14549,-0.664861496198007,-0.21786080565786792
14550,-0.8315515251240286,-0.1834923786981146
14551,0.19738607680891196,-0.2387279223215804
14552,-0.634301119668666,0.1789009220106847
14553,-0.019549695155478712,0.10646427862397023
14554,0.3373176149583918,0.0021396309347737202
14555,0.2758759998138926,-0.288797877512617
14556,1.2099950334132603,-0.1844675985448226
14557,-0.05035715047371004,-0.3810631794076407
14558,-0.70759017411075,-0.3502796994579651
14559,0.3882830859636081,-0.35408263246356547
14560,-0.21940931631227115,-0.37217707759720453
14561,0.3000998496171825,-0.4888889288524239
14562,0.20114881192377526,-0.351652081668927
14563,0.20495517125240847,-0.32695891873651206
14564,0.3721335712566081,-0.324654818885236
14565,-0.4150143094855116,-0.3544612943273366
14566,-0.40004963833664636,-0.31444600714939314
14567,0.04912807591950079,-0.3358149694587734
14568,-0.45774927695991746,-0.28087069659254726
14569,0.4640141292470773,-0.3266082786539013
14570,0.1517050927938128,-0.411613479452244
14571,-0.7223872782972472,-0.1666465536790099
14572,-0.08336043344512838,-0.37818168301115623
14573,-1.7001622734711501,0.38783388055903834
14574,1.2278617174876738,0.18266531082394438
14575,0.140788266765161,-0.26075855718441754
14576,0.3701407184684358,-0.16850162572503413
14577,-0.32306195563174517,-0.3261955350984745
14578,0.8231288373877936,-0.3035097119906187
14579,0.7830651643187946,0.08846061785363141
14580,0.0991860645157367,-0.08710055352738298
14581,0.1839033722488329,-0.20300436485168338
14582,0.018162569620127092,-0.29870231129682034
14583,0.340433181951565,-0.3200899794091137
14584,-0.6552185142976157,-0.04921687275513176
14585,-0.19721166190021808,-0.3619152426367825
14586,-0.24144512768378043,-0.3753111273355755
14587,0.046395173098737474,-0.4797771061243765
14588,0.5281472098045086,-0.15676760649505841
14589,-0.2852504440421667,-0.2199581265803643
14590,-0.06686796678270432,-0.3623833243890608
14591,-0.05286457378991516,-0.35431866620972297
14592,0.2703832358989015,-0.3966772818945455
14593,-0.1668457228164272,-0.3074057664798134
14594,-0.024971587610561688,-0.370296097624769
14595,-0.10196276509599744,-0.42491621562503434
14596,0.5418717962086739,-0.42806798447730365
14597,0.03205244754726065,-0.3236842551236659
14598,0.14438108623962273,-0.3510137028301381
14599,0.06130006462662498,-0.38491231530251574
14600,-0.2924528606851024,-0.3781983425047015
14601,-0.3252356676467675,-0.3241389717132717
14602,-0.2731866770382232,-0.32513715610835636
14603,0.095535470676815,-0.3843750229528985
14604,-0.2720954396023822,-0.25319565731265703
14605,0.1495024643731307,-0.4201497809554691
14606,0.20291511737856632,-0.3043862710767562
14607,0.2578532723452405,-0.3615297521758127
14608,-0.5853537209036985,-0.32956706870096036
14609,0.004314919931184007,-0.4255547272534657
14610,0.15665177292924254,-0.44235479405040645
14611,-0.10702102265266979,-0.4621464464811088
14612,-0.06909075354177419,-0.36982065174073087
14613,0.30345685886516194,-0.4403140829460916
14614,-0.3720264073733465,-0.42843730461256846
14615,-0.4893158692496403,-0.23411739202314338
14616,-0.6291742802254526,0.537623486186877
14617,0.5063942144972702,-0.2857277233930665
14618,-1.1048710006798936,0.33578524313878244
14619,0.4359549658156289,-0.220885592578905
14620,-0.07808352639632174,-0.30081022287968706
14621,0.44387580797150866,-0.3339604139250353
14622,-0.41264965602354037,-0.3804114916322751
14623,0.20934070946152436,-0.3772617381579036
14624,0.24976344810481865,-0.22849051044997476
14625,0.2864826128526933,-0.18380877946717156
14626,-0.09511745304638419,-0.34783259490420515
14627,0.5069773895445203,-0.3159057392551053
14628,0.4193222460516427,-0.30675460898363566
14629,-0.18779945262303993,-0.32777590227654896
14630,-0.6559498078852161,-0.3452981061931106
14631,0.10985781090820727,-0.4059932680686157
14632,0.22587451301910597,-0.4165658273864594
14633,-0.15087239173237307,-0.45085620775108415
14634,0.41150483746208666,-0.46143684736594737
14635,-0.2481696111795,-0.411034478868068
14636,-0.39592283180636517,-0.38467391198512796
14637,0.20837269322484442,-0.4554727874807908
14638,-0.05738696439942572,-0.2760467200348521
14639,-0.1798887922800296,-0.44002434129352885
14640,0.001216355663942589,-0.5084427907647089
14641,0.058514145973989344,-0.4739578620601612
14642,-0.05904179141423315,-0.5051992760414379
14643,0.26801305595725666,-0.4060683788128414
14644,0.2480130990958036,-0.4910068627778069
14645,-0.07391543805403879,-0.49246602339177364
14646,-0.3570216617586491,-0.4527624702199202
14647,0.16666318583757297,-0.45759310646322304
14648,-0.3797659156020987,-0.4273693539535288
14649,0.2330258410387876,-0.3669307962772935
14650,0.11955243304795901,-0.4060541294131623
14651,-0.20665016860129148,-0.4667667537100586
14652,-0.04450766064597623,-0.4570498561247023
14653,0.07742942603722902,-0.4758403276030469
14654,-0.2925918272771317,-0.46037322416760723
14655,0.25763880353631274,-0.4194800706042868
14656,0.08953545420000598,-0.49188672538510697
14657,0.009810625780357287,-0.449795483319529
14658,0.27198982126129667,-0.3899500716357695
14659,0.19372050930554136,-0.33089390136779967
14660,0.024266030717973716,-0.34808018822190157
14661,0.03168993110950667,-0.47525289137610405
14662,0.11043396615490246,-0.3082868867138499
14663,0.11742550304048463,-0.41320389366903465
14664,0.847090787279036,-0.2062811014030192
14665,0.6136436996969371,0.17374339954829077
14666,-0.6726421888401258,-0.1859582482712541
14667,0.4427827417740374,-0.32657649610483563
14668,0.2099071153535643,-0.11695762221548556
14669,0.23590681532006652,-0.3450984083019889
14670,-0.17074892750019632,-0.3715741027374632
14671,-0.060696698003962796,-0.33426463565323294
14672,-0.29792230271277975,-0.419586053429295
14673,0.001997187112282337,-0.4517632471974735
14674,0.10285675423724708,-0.4342351577569984
14675,-0.10565698792287195,-0.34621095026989246
14676,0.24800906178345378,-0.3967562990570592
14677,-0.12161889246568756,-0.31957390154649373
14678,-0.4765612221400341,-0.43103624978007693
14679,-0.5597318583927113,-0.28096493440868764
14680,-0.23159119208962933,-0.2924034736008308
14681,0.22587473811191677,-0.35905600917821245
14682,-0.347410326189856,-0.029601379461250493
14683,-0.323625439424045,-0.271179567691229
14684,0.3898921124268261,-0.40246542856345646
14685,0.09950374789097388,-0.4211836913091659
14686,-0.03476029643062465,-0.41767152327224266
14687,-0.5404962742246964,-0.28243362034624575
14688,0.10617883059579988,-0.15324400124390813
14689,-0.09073527069278128,-0.31099714509504484
14690,0.2867473292759896,-0.33918528964669115
14691,-0.15289224732665826,-0.4641082953831835
14692,0.08575990440489459,-0.44115390597435006
14693,-0.16987435701898473,-0.4340085399909852
14694,0.33167990363920735,-0.39265128743707367
14695,0.14716693225050445,-0.3584949272672123
14696,0.3534348866598172,-0.41655204805467905
14697,0.09686902112731863,-0.28165451877294745
14698,-0.016341554730973942,-0.35042181745582085
14699,-0.32180711924734007,-0.3816243589460591
14700,-0.27679274661994757,-0.3590407789266101
14701,-0.634482879558354,-0.18938264880704508
14702,-0.316521768218849,-0.24310758235286314
14703,-0.11460057795092542,-0.26294277105839825
14704,-0.2962293157748186,-0.3076010057172581
14705,0.4089968016555463,-0.06861284545102929
14706,0.02960951634514259,-0.4521572460937415
14707,0.1980883389199962,-0.3492736426640491
14708,-0.3693277690788021,-0.4328026688910045
14709,0.2549220243496626,-0.41394031709163503
14710,-0.3395762212931126,-0.34459748179657596
14711,0.00018530367717002443,-0.3669631254786301
14712,-0.025352754189834077,-0.30404587022250024
14713,0.11106537215733073,-0.3110851058253679
14714,-0.3518562606938182,-0.3627820861247661
14715,0.2643746169419789,-0.19880102465645902
14716,-0.027635379793054977,-0.35209939845486316
14717,-0.004408499942467026,-0.39927107268004164
14718,-0.3977606395193719,-0.3240530256863002
14719,0.265392113215009,-0.4643628780688966
14720,0.22542186059030256,-0.40886819222732645
14721,-0.09058464247563247,-0.32134637321035536
14722,0.20158166771372102,-0.2943197506586291
14723,0.1664614070991526,-0.3543018877697644
14724,0.3844044634967975,-0.3852593577846902
14725,0.2033314421381175,-0.4048615921425991
14726,-0.09128066675314662,-0.3779342715816051
14727,-0.18291643283652478,-0.38631305581704556
14728,0.45300388912636014,-0.367013936316107
14729,-0.07006976059160733,-0.39734681951661044
14730,-0.03883199390808218,-0.41340137251074294
14731,0.009235913620650049,-0.2659287673819904
14732,0.1047821927480222,-0.410108036797687
14733,-0.08907592240351435,-0.46295373537447626
14734,0.023261723926294775,-0.4352543697893727
14735,0.1450433537905572,-0.45297674374129615
14736,0.25726649415809505,-0.40634677928564894
14737,0.190282433423706,-0.3188478759100527
14738,-0.4188732134505602,-0.3895776772284509
14739,-0.16011486727376115,-0.3489407524667676
14740,0.2261146996712875,-0.45375966622142894
14741,-0.5103612282076495,-0.4728780125446089
14742,0.3282765742790792,-0.25725443750384236
14743,-0.012289490858935739,-0.47201280983772387
14744,-0.07413552603558762,-0.4349271137268082
14745,0.20840764025461897,-0.5224580406556497
14746,-0.09217872257617359,-0.44287617045961153
14747,0.034471768593247756,-0.4311691344879768
14748,0.19961842047731912,-0.38777835807328775
14749,-0.20840593023778997,-0.5049501780214714
14750,-0.0740756483181978,-0.41049648484440876
14751,0.1842823920812546,-0.45378621581356854
14752,-1.168161332389103,-0.2434451625265462
14753,0.12352419425301675,-0.3760081165987599
14754,-0.5493337010534163,-0.31781290840538556
14755,-0.7955587551456593,-0.026855769216758182
14756,-0.5867286069907394,0.30682310601628743
14757,0.05723418504109086,-0.1627604872241474
14758,-0.6362144138721045,0.06695287521023718
14759,-0.44524806241606546,0.13962653885776327
14760,0.843683125694026,-0.0838430048920697
14761,0.06985672184563829,-0.24956453681941623
14762,-0.175482733258219,-0.2309871365218491
14763,0.554123031872512,-0.28079923742162294
14764,0.2104255653042552,-0.2431253843340058
14765,-0.5631362586531051,-0.26173417320526815
14766,-0.6260641359309932,-0.13228987582704768
14767,-0.742398252462532,0.34338276346453206
14768,-0.3920173788436917,-0.09896913644520841
14769,-0.12283583853543065,0.3318239253615233
14770,-0.318344014972657,-0.0944497910398623
14771,0.11620577905587338,-0.24239095782124165
14772,0.1621959176917104,-0.3343017628034575
14773,0.23048151357217564,-0.32030895820640654
14774,-0.021064607877462505,-0.3771929497469326
14775,-0.7388836076874907,-0.30111175112441696
14776,-0.5363011896107418,-0.05077729526503057
14777,0.31044684718716015,-0.1767128890054453
14778,-0.25960031088165875,-0.21940188477268807
14779,0.7826937335393473,-0.1982390433712929
14780,0.691462163573993,-0.18353493704321922
14781,-0.2499370580938435,-0.40726527282430597
14782,-0.17073111678433112,-0.22007819429224448
14783,0.33595435082107034,-0.09521008113275281
14784,0.5278932192834231,-0.2839953771237238
14785,-0.19843508184555148,-0.3491455487868409
14786,-0.3746803584581479,-0.2272316779975893
14787,1.8689792968367878,0.6567926003221858
14788,1.0227153430440021,0.6824262125068103
14789,1.971953473824578,0.8436709954053317
14790,-0.06618016704273005,1.1043586670751222
14791,-0.3498192063040338,0.0076697764384642125
14792,0.6169662723863039,0.08017538330003915
14793,0.27835043250464153,0.05291165654062682
14794,0.570234364536524,0.29918586426416194
14795,-0.4838904867251603,-0.10550858108163721
14796,0.09080171299266855,-0.12824003289837763
14797,-0.7578043401156681,-0.06285717593591861
14798,-0.5194149674439721,-0.03613938441264161
14799,-1.0414780001561112,-0.18275851020645287
14800,-1.1077845406957256,0.1975291273482016
14801,0.5483095161440585,-0.04978846732848685
14802,-0.013799373811173637,-0.3099401873759408
14803,0.043157651521472586,-0.36024015584642677
14804,-0.7381004626229754,-0.12831576683716608
14805,0.5818879773933883,-0.3030113162332616
14806,0.39244236561864326,-0.2845641251179124
14807,0.038525556966618274,-0.3480353910748918
14808,-0.1710185845274135,-0.2519766797304279
14809,0.2516654947525142,-0.30455946881106194
14810,0.08431294050458174,-0.20138452471912227
14811,0.6561036954152825,-0.12962360876726495
14812,-0.9233929397732457,-0.15792927440593207
14813,-0.3193617897482449,-0.10496240656267229
14814,0.6027851494011236,-0.1356827236025657
14815,-0.3675915968211508,-0.21809032869867617
14816,-0.1291718242354679,0.16468771863640275
14817,0.2217159054853349,-0.16809425266602993
14818,-0.23300269030274937,-0.053451870510269235
14819,-0.8287046801603785,-0.26077741113215636
14820,-0.2041505742307533,-0.27892158640087633
14821,-0.02605040702209068,-0.19245469431055956
14822,0.3267859401047603,-0.19812945248950775
14823,-0.13634891652091577,-0.347985076945277
14824,-0.11547968347734747,-0.2884458884322507
14825,-0.2629111103860252,-0.3395615063044972
14826,-0.5126024879336653,-0.15523809913722736
14827,-0.06099075264779317,-0.2570217609207226
14828,0.3709986303579082,-0.27198194104728585
14829,0.1422665921005362,-0.30217353148193404
14830,0.4448976468448216,-0.29754084400102
14831,0.16363927991996455,-0.3660040685020196
14832,0.021361914800100808,-0.4159158059477275
14833,0.20213472064609642,-0.37961840158069354
14834,0.07672311781064978,-0.39150261777141804
14835,-0.20435348659713423,-0.4378453935263454
14836,0.40385744506006616,-0.414840619990816
14837,0.033636872513995004,-0.4503716162100732
14838,-0.3494881218032134,-0.4225532556172436
14839,-0.14933750606529966,-0.44392461937000066
14840,-2.451914070150784,0.511360397556333
14841,1.2503161892709445,1.193977089368325
14842,-1.0019029541557398,0.11641256451877427
14843,-0.6840685629780853,-0.035317463884052845
14844,-1.293314337490443,0.2607626942765767
14845,0.6592427653826982,-0.22682875992142695
14846,0.2259327360311336,-0.21141146711669212
14847,0.16732193665922973,-0.1882035707697322
14848,-0.24489813869630012,-0.1969160538618029
14849,1.0513343281316863,-0.23364441722414575
14850,0.7999703667428688,-0.27929426299559673
14851,0.08043628305564177,-0.3853068373969229
14852,0.7036890994926699,-0.3079027446354815
14853,0.3191254739778539,-0.19196361391996003
14854,-0.3183890796135979,-0.3088363511733391
14855,-0.08559580220620928,-0.324592771353326
14856,-0.4210117061031844,-0.3675383684545001
14857,0.427050909764207,-0.39249162127501214
14858,0.3953770413308155,-0.35672438988628774
14859,0.044778463569948065,-0.22087799410588005
14860,0.8211666381748639,-0.2003773255929311
14861,-0.4746070464598691,-0.20779357465597648
14862,0.15320846319787176,-0.39801823907215034
14863,0.3285114172501767,-0.30371453871781035
14864,0.354251005077973,-0.30146043826139735
14865,1.5312004197678821,-0.014518994115038361
14866,0.35210265429689874,0.018152799287386362
14867,-0.5058041415344942,-0.06301743429365213
14868,0.18419946413598187,-0.1604304323578611
14869,0.045693968246226735,-0.3936352874798211
14870,-0.052191434521510975,-0.3224756982958419
14871,0.07732066029422854,-0.3423996095798157
14872,-0.024224540619478374,-0.34155962173091414
14873,0.1922966320044841,-0.3580082744458039
14874,-0.2638827489000546,-0.3729200349927889
14875,-0.08486563479996884,-0.45346061083085054
14876,-0.030812078981260524,-0.37472730868847715
14877,0.20818781219478205,-0.25137499753189846
14878,0.3353726272420572,-0.05868831175186351
14879,0.025427007802647575,-0.3606322666835007
14880,0.041641189790974524,-0.2721479860823348
14881,0.0019065711861723771,-0.3388093024409017
14882,-0.612002993742756,-0.18494249791948392
14883,0.17681277128290795,-0.26472506291934267
14884,-0.055086870693989896,-0.2749890985529303
14885,-0.20002622898695974,-0.15470385763312844
14886,-0.3123955250568393,-0.32134636573413045
14887,0.7263870775703787,-0.23469732650046263
14888,0.3338191615348094,-0.34035451090639834
14889,-0.37235593701873276,-0.2686577619183462
14890,0.5049588840447741,-0.3629083683970696
14891,-0.48154724105895463,-0.3050848966219653
14892,0.17102891214561974,-0.34665774582190123
14893,-0.05140615384092478,-0.3627725462250375
14894,-0.1772806018282202,-0.3059253878879345
14895,-0.47567788756832935,-0.3327400670350084
14896,0.121137014658003,-0.3482856935400637
14897,0.061987362867546185,-0.42739672455588684
14898,-0.5672072441044993,-0.3856820363541734
14899,-0.3486933014195862,-0.2887520135862266
14900,0.0753555243237992,-0.3682956430536444
14901,-0.578376155644436,-0.20916057856590203
14902,-0.965122081926003,0.026738129180571363
14903,0.24908897389772328,-0.24717575789959256
14904,-1.6681837356294507,-0.028286277666785653
14905,-0.41534675522140085,0.3892821216322666
14906,0.9506324067163932,0.011972701012004733
14907,0.5185870131019983,-0.04182969197950313
14908,2.5336681024789494,0.9109008276460308
14909,1.5105858926115092,0.6297635444286106
14910,-0.5567250652378297,0.5915863215495001
14911,1.1233638611092986,0.1021719519545485
14912,-0.07597686119403534,0.06247338995620466
14913,-0.3371956089348606,-0.06820500004748932
14914,-0.12562122197405373,-0.13358486356219884
14915,-0.3547717651632699,-0.15419357690336055
14916,-0.9707379336327935,-0.1398119071668152
14917,-0.5761621233878164,-0.09950153436010853
14918,0.6386012177476728,-0.26842037869609103
14919,-1.1399366907279609,-0.21727071768937173
14920,0.501187951617045,-0.2976768105651572
14921,0.38153837417266967,-0.38433476358186935
14922,-0.020785067830923487,-0.2748553375130516
14923,0.6460038089014206,-0.23539562611878476
14924,-0.08057223877421577,-0.03274820879919123
14925,0.12750201692709479,-0.29422047306457066
14926,-0.8139983781895977,-0.28745850564705644
14927,-0.25736796691263913,-0.3219636309409001
14928,-0.06478651141060089,-0.3910630957331206
14929,0.5609570424547556,-0.05714540144355897
14930,-0.35100073719403974,-0.18096877583643772
14931,-0.150390450747057,-0.2629207838299593
14932,0.2738573204136484,-0.3558716061862512
14933,0.29802075001096906,-0.35166913633483016
14934,0.8269195300066524,-0.3074529444711839
14935,0.4476436717085787,0.04668223131525173
14936,0.21615984716089354,-0.13570754081754763
14937,0.024583758985572066,-0.26243168446322945
14938,0.3832736472640796,-0.25577957253427497
14939,-0.49843257033275107,-0.32576868565277683
14940,0.34936405616533067,-0.28180721673913683
14941,-0.3249584322723957,-0.4055425094366533
14942,-0.09079669875482299,-0.2710528910227958
14943,-0.2505787255313904,-0.4073417545415
14944,0.40631831926823087,-0.22741121086306834
14945,0.2298532534659942,-0.14262818606399677
14946,-0.007890550588554488,-0.16658956697271543
14947,-0.38327895775847504,-0.19657246933835398
14948,0.025796589285764504,-0.2770196282467323
14949,0.32106521195294707,-0.40183730440171905
14950,0.5329434294265243,-0.08467885657968408
14951,0.2257161149905923,-0.19812180290012446
14952,-0.5426226358632295,-0.2979361334478186
14953,-0.31862523430209294,-0.0857032636940196
14954,-0.4883108774991728,-0.15018734743287712
14955,-0.4550514101710621,-0.2558226871317434
14956,0.005588679457758186,-0.33217147582345685
14957,1.0902573026266764,-0.07289189753604042
14958,-0.22926799504127807,-0.10451214236779126
14959,0.7307372782851135,-0.2676343122300644
14960,-0.18546541081322176,-0.2798188153656273
14961,0.08187894120882173,-0.2679754232701542
14962,-0.6431090229425072,-0.315242074368705
14963,-0.15513610550453277,-0.31533003148113736
14964,-0.2854422253176984,-0.261606940158537
14965,0.22041724579897623,-0.3574558877614084
14966,-0.3169137769857051,-0.3567422041657301
14967,0.17086046934378696,-0.3935364981193384
14968,0.045985159532118104,-0.406857823630471
14969,0.06511454014743287,-0.4181711921259831
14970,-0.29007455025040174,-0.42588751599453245
14971,-0.3693719471436266,-0.3921435900479874
14972,0.029874084239426793,-0.32844626232143637
14973,-0.11449494591611109,-0.3768708893444971
14974,0.031505375437528335,0.07063553671977546
14975,0.3369431557963403,-0.4112427079298273
14976,-0.13487540004959267,-0.3514227564048639
14977,-0.16177879514215363,-0.3422010173685117
14978,0.028004802654999127,-0.352002338397572
14979,-0.03112323076875921,-0.24908679559151237
14980,0.4889933363260106,-0.3721419456487922
14981,0.2754472531534054,-0.35440623666920706
14982,0.4170284891407551,-0.21928760827742658
14983,-0.2669868255774897,-0.26865975263509867
14984,-0.1968520721250978,-0.23955540794013017
14985,-0.12502920993868377,-0.39225386718994426
14986,-0.4615776420369709,-0.32701495870534314
14987,0.5479630558706041,-0.3749344432378242
14988,0.23059341750687873,-0.4066921172784016
14989,0.3589908913563301,-0.35081641686993026
14990,0.022477871378779837,-0.3726426630827672
14991,0.37017276871873916,-0.24690529521465965
14992,-0.17404994608211616,-0.33105497485136015
14993,-0.1220710533646024,-0.3881392829344692
14994,0.49894037622438564,-0.3499125448593775
14995,-0.2628793913132152,-0.3615208702743577
14996,0.045059523088610075,-0.3433479263118
14997,-0.4063195562158632,-0.35472700529341
14998,0.0959051229200009,-0.13237482536912698
14999,0.01502319646484338,-0.4259462898588841
15000,-0.6860389028246705,-0.27391619759012553
15001,-0.22150388768488405,-0.26997959011001316
15002,0.6894483401806061,-0.21211679118178672
15003,-0.03389212916552321,-0.36616181048254154
15004,0.9561944732734596,0.02550905297574431
15005,-0.45823181145660435,0.5935771324381801
15006,-0.4161187807544206,0.10710988574005673
15007,0.5744023883866416,-0.1363873699911906
15008,2.0678254957142643,0.24717921616729405
15009,-0.5005542491438737,-0.15132740957519536
15010,-0.295561831722738,-0.08061064294725892
15011,-0.4519778261450151,-0.37643015063883906
15012,0.8520392383768449,-0.19356424769376834
15013,-0.2260425275660521,-0.34196667089711164
15014,-0.02696945711674177,-0.3250779143414152
15015,-0.5712134564725357,-0.34598531710822006
15016,-0.6234056014130819,-0.3067229181848115
15017,0.28748563518522546,-0.3711948090666064
15018,1.2065546972827903,-0.39207509778354627
15019,0.09934621295317198,-0.36532344428428065
15020,-0.33311270039946694,-0.4037016574529898
15021,0.046108283234793726,-0.3589025618946931
15022,0.20712531589183783,-0.41514257457520415
15023,-0.46306595864624595,-0.43746141211832507
15024,-0.5203677536632682,-0.3542181517830121
15025,0.19333589163780143,-0.3897112997032063
15026,-0.34574538129730814,-0.41035125837389447
15027,0.2137529989661525,-0.4488119508972546
15028,-0.04820656942356397,-0.42574326591647815
15029,0.6448117134557356,-0.30302573581485676
15030,-0.08740616319346717,-0.30049623209325627
15031,-0.30028795266874314,-0.38969718101959466
15032,0.12889036565630785,-0.4392847385137363
15033,0.10445861583715059,-0.440743639603617
15034,-0.09060966091100817,-0.44976436447572954
15035,-0.02976101769225497,-0.4036945869585958
15036,-0.5840616199777129,-0.40065814856124504
15037,0.2861293517874015,-0.4168888975128658
15038,0.2669331973205836,-0.3403553571161523
15039,-0.3409145466983795,-0.38287963792775936
15040,-0.08561699938916137,-0.4797161664826032
15041,0.09670601687413109,-0.4742392642526741
15042,-0.2996067181611326,-0.4460572746514302
15043,0.007163364442166217,-0.5094456705245227
15044,-0.4476655274066578,-0.4035461722412029
15045,0.16575635223991922,-0.33413630004736145
15046,0.151450749196136,-0.3071057633352541
15047,0.4993213770781368,-0.34346379034604957
15048,0.014483110709596956,-0.43101532589215524
15049,0.07445228711141733,-0.4731309323203998
15050,-0.922893444180775,-0.32264495441954555
15051,0.17697796287646875,-0.35021800372652445
15052,0.20390092510816787,-0.3380999275027171
15053,0.11069825156198004,-0.44612051769951233
15054,-0.3966040113348988,-0.3870140382139219
15055,-0.9336412682680801,-0.16404711254174764
15056,0.22363645584464845,-0.20220111891979722
15057,-0.29765974788962957,-0.3836460235333045
15058,-0.06827398777303473,-0.3115884312020988
15059,-0.28214601170346754,-0.362215977816865
15060,-0.3603577766248343,-0.3616528055382606
15061,-0.17749487488158858,-0.42413115263618617
15062,0.17849220673608346,-0.3442247952860161
15063,-0.21709188956954634,-0.346002657770473
15064,0.048591646508729436,-0.35044998504814706
15065,-0.5154378842330974,-0.33984400317752245
15066,-0.4656245927832875,-0.223130902655016
15067,-0.1735341633868482,-0.1285586126618977
15068,-0.38661083701810767,-0.26912585928544563
15069,0.22940663818959472,-0.37843090814162933
15070,-0.003138488110801677,-0.37449748355515733
15071,-0.2289815443131723,-0.3644381294053571
15072,-0.2478906179833702,-0.3485248141420234
15073,-0.19542495571511903,-0.3903149500852168
15074,0.5848076245571291,-0.3469532878649129
15075,-0.33273841752537897,-0.41555688421018444
15076,-0.11612699434840039,-0.42673906135680884
15077,0.2713311149692181,-0.47116493145234173
15078,0.4635894868168743,-0.3774270508694703
15079,0.299486828068643,-0.3109422675339946
15080,-0.2278058496459069,-0.4333091124021976
15081,-0.36602818716006896,-0.40598978056117874
15082,0.41729103523531713,-0.4288979373194012
15083,-0.22386530160467918,-0.39644097548257506
15084,-0.07832265388129198,-0.41919105843016335
15085,0.18204852183949555,-0.42072253336380167
15086,0.4479960911387841,-0.3240223604892931
15087,-0.2461699040899552,-0.4010987832817041
15088,0.19005441586618277,-0.410137435158925
15089,-0.6185144607131408,-0.3781127100727786
15090,0.742772487428296,-0.3252476072838653
15091,-0.2658450246071908,-0.44003380315342966
15092,0.08267726622376947,-0.43510281283012237
15093,-0.4410004960631255,-0.3931388577319307
15094,0.466864453945877,-0.3768664204744502
15095,-0.18445836697974258,-0.389502419044661
15096,-0.7125535036646874,-0.21543113360209365
15097,0.8101920739696925,-0.3943762852826983
15098,-0.39400729595584916,-0.43874843669418584
15099,0.07952508285747638,-0.36852144683977794
15100,-0.4306744679211136,-0.18958570939241426
15101,-0.2736830701863086,-0.2636816785782592
15102,-1.5485988490711342,0.49133982939854715
15103,0.4887223181017128,-0.1596550006835395
15104,0.2993166373668607,-0.27133081851921903
15105,-0.5876627221177935,-0.32641187154168294
15106,-1.0585525815742418,0.03694957035989385
15107,0.13111096148302037,-0.14737920550110822
15108,-0.08274686439902458,-0.31343917605594956
15109,0.1221692825059555,-0.3624693455849522
15110,0.35525776896008004,-0.30659345715467795
15111,-0.5223804270522274,-0.3510982710676959
15112,0.2009686109494297,-0.3361786661907146
15113,0.021082594710373416,-0.40275496838669866
15114,0.4638401855890564,-0.34285080482832814
15115,0.2964056095802852,-0.398749923570351
15116,-0.6143043574140261,-0.46705833933687957
15117,0.2499738641660597,-0.4424598160201142
15118,0.5939482449200171,-0.36355765610359636
15119,-0.6746564791889399,-0.31499417945153685
15120,0.2291113276513783,-0.15476182402334776
15121,-0.2752142765618901,-0.4086602960081745
15122,0.3973295100172705,-0.4452934050656
15123,-0.20713740706803258,-0.4542324916486869
15124,-0.35148869237038116,-0.3642303402546144
15125,-0.13224143825800935,-0.398949744342302
15126,0.9119378089550719,-0.3205577490814662
15127,0.47898820109955,-0.32051981175646244
15128,-0.1968363758531844,-0.3669490433973067
15129,0.20203028651859256,-0.41614468043639985
15130,-0.06219372072834631,-0.417432194891008
15131,0.10618064122043297,-0.4860606611838349
15132,0.25173442294472353,-0.45306967511340207
15133,0.03251148873125782,-0.4012156715676814
15134,0.09261462962084335,-0.3783495625490818
15135,0.5203992329573925,-0.37905704477324204
15136,-0.28065109467793337,-0.4594330964000642
15137,1.4448178206697821,-0.26752825296128085
15138,-0.22194076013721784,-0.26076433342452116
15139,-0.6032354882500344,-0.4010541958563841
15140,-0.7554405290799047,-0.40552736888739327
15141,-0.36240163859972174,-0.39392451974145926
15142,0.027852653355709155,-0.3672597191992035
15143,0.0934393448533952,-0.37612567401269
15144,-0.05660598581218678,-0.438334378805853
15145,-0.6613784903499363,-0.32139184022999395
15146,0.28526522570022833,-0.3797374005999683
15147,0.5681651919154602,-0.3944914104279822
15148,0.6138696699590724,-0.3410575410225725
15149,0.06945118824479674,-0.33745586001710004
15150,0.28768930865927766,-0.38634350574597764
15151,-0.01934115211931659,-0.3633366275903025
15152,0.008264164741312916,-0.3863412682004463
15153,0.06803623434570218,-0.3923366113333189
15154,-0.49635595776181196,-0.4685168196631808
15155,-0.22578980844574456,-0.43102121719476716
15156,0.17954097048148127,-0.48230401844707393
15157,0.3818680204332344,-0.3999613628764924
15158,-0.4254308824562275,-0.47975805540676664
15159,0.13888209787318553,-0.47581403624722274
15160,0.35132386829307394,-0.4329738067792854
15161,0.19808492800581945,-0.31531908085751376
15162,0.1838037518630517,-0.3790913004534287
15163,-0.07414055554383099,-0.30791245279212776
15164,0.1561405861181776,-0.3817402746110544
15165,-0.13449642473090773,-0.42570624893778897
15166,-0.033796821263257656,-0.3434293200423115
15167,-0.26877871599456793,-0.3610770757343057
15168,0.33350129317196814,-0.43688843757886664
15169,0.5039602241610085,-0.3804336908143424
15170,0.8993570173212969,-0.06723578444028047
15171,0.8861924613448685,-0.03534616609224232
15172,0.3143145472623531,0.04095521602236887
15173,0.3447663042860455,0.018485236329590315
15174,-0.5431155149170357,-0.03480750382386716
15175,-0.13393851999098935,-0.2766188821962476
15176,-0.02233319857094558,-0.33214155311355287
15177,-0.14802413065239156,-0.3431579840221198
15178,-0.18292935424931822,-0.316410387908037
15179,-0.8150247719580197,-0.26944131419155704
15180,0.3595970278176089,-0.26845279848108816
15181,0.1428755325179881,-0.43191040834975286
15182,-0.08852848770632285,-0.27338221258418793
15183,0.09966007820259656,-0.44366989613852464
15184,0.12101472403611256,-0.44233931273845584
15185,-0.2340532464922823,-0.45234977972114787
15186,-0.05951212202314717,-0.3660904167208212
15187,0.35001950673063315,-0.3833169870180504
15188,0.027682890748582517,-0.3422504075996179
15189,-0.011212271277529677,-0.44069163313061843
15190,-0.03276225457147277,-0.40226966850369417
15191,0.8250013653132151,-0.20795302426636444
15192,0.11155424162787053,3.268460000713954
15193,1.3105186793415275,0.23681307495898818
15194,-0.3540544104053208,0.013329471912243734
15195,-0.08303526427268032,-0.17814623249844244
15196,0.2733264427939932,0.1048702380702502
15197,0.012886002856509758,0.03215103753711998
15198,-1.839825749109567,0.23505566052994042
15199,-2.7494563579388824,1.30014830335725
15200,-0.43785608829542866,0.9639346071264193
15201,-0.6319583244052985,0.3929993928220561
15202,0.3267919602789091,0.013883364142000296
15203,0.672481305696397,-0.08688774709462221
15204,0.3184119926507464,-0.26221949048178395
15205,-0.7368289902060832,-0.3002114561863235
15206,0.13201300937475544,-0.23923667026781195
15207,-0.18191792945107316,-0.3775568291422366
15208,0.37877287269740234,-0.3875882473957819
15209,-0.11723176867958728,-0.41437537268024094
15210,-0.23537171194224263,-0.45333382040670955
15211,-0.08410362711280962,-0.3551040474738122
15212,-0.6689947975466738,-0.2182972993814399
15213,0.4699628722256034,-0.4708587649582053
15214,-0.015178403824927392,-0.36375792933726525
15215,0.7590079527205202,-0.4021701336955125
15216,0.4617734810557877,-0.3375239534543985
15217,0.0006031100475314341,-0.3155177446438513
15218,0.07507307943080202,-0.41441767588259626
15219,0.384073787271768,-0.24504909505153483
15220,-0.20754319953003095,-0.4174312459345789
15221,0.5737687455057681,-0.3740181155668981
15222,-0.3124073018288703,-0.04013886692798742
15223,-0.08945422175912647,-0.4602432637228929
15224,0.40551426429576276,-0.38737004806816183
15225,0.38383214361919676,-0.3657206199984167
15226,-0.656718265027692,-0.32625077853078743
15227,-0.8554160133563353,0.4357169421616769
15228,-0.06484581041161092,-0.3390665387435865
15229,-0.6676501911376458,-0.4414995091821359
15230,0.050582880445573276,-0.4284459439073962
15231,0.07983925955926449,-0.4470083981091566
15232,0.6228615389407872,-0.4771429662018377
15233,-0.13672826086803685,-0.5183453929023762
15234,-0.1884495290165276,-0.4629132463554521
15235,-0.02899045054858515,-0.46691687215802996
15236,-0.1122314485109092,-0.45511756279392124
15237,-0.1960636198814782,-0.4626366017210694
15238,0.07125176747022662,-0.4014649668007095
15239,0.13348360938679835,-0.4746357096838253
15240,0.23769199378018702,-0.4630800242774952
15241,-0.03474399753481767,-0.41628533826214903
15242,0.11246889485755651,-0.4804239685187467
15243,-0.109182519873612,-0.4943575984595231
15244,0.20671189010546548,-0.46763625967164046
15245,0.04321694669982183,-0.47824974962073763
15246,-0.21493656953380577,-0.19348660126648914
15247,-0.14030162668508844,-0.37114759253970386
15248,0.30405029237525266,-0.4482102872259418
15249,0.7398005101971411,-0.4534683002895332
15250,-0.14341931808000846,-0.41793332725935317
15251,0.26401696569084376,-0.4452834370067462
15252,-0.14792766180735006,-0.3700960753975741
15253,-0.03070543451834927,-0.4322283448343882
15254,-0.522015151810393,-0.19149880850772116
15255,-0.16392931926349766,-0.3802704514138606
15256,-0.1989054654085567,-0.4113796918663066
15257,0.12655724027168203,-0.46524291729338896
15258,-0.10903017342061738,-0.43215510970284443
15259,-0.4580441447480255,-0.29717472071973894
15260,0.029817825496908527,-0.422818676550732
15261,-0.13921654568499786,-0.4266358143806037
15262,0.09645044575899686,-0.45572648485580913
15263,0.07973358880180935,-0.44884468642541714
15264,0.00910001562553247,-0.4400580025227574
15265,-0.044626539916999164,-0.48027746942576355
15266,0.11766576785798749,-0.46126250717044176
15267,-0.030462552536704865,-0.4906418183108775
15268,0.0211214722062789,-0.4673350189958283
15269,0.03457909416113127,-0.4547013980004725
15270,-0.14729719572267583,-0.4782164875565465
15271,-0.037229956990057385,-0.4967937095815035
15272,0.23589454294080536,-0.48820247616864143
15273,0.027567486326204378,-0.4490817416480344
15274,-0.5830220450948501,-0.4332220009945015
15275,-0.04502591093007726,-0.36565691769535585
15276,0.3074112338362293,-0.39838044285768154
15277,-0.3566575418655723,-0.38301851665896736
15278,0.08726313467909456,-0.3938697684420588
15279,-0.009350640602188251,-0.39574725145229833
15280,0.19071274401125762,-0.4054804715616176
15281,0.09288890913741381,-0.41328618713043797
15282,-0.02804755944644749,-0.41806220799845506
15283,-0.2061050953508395,-0.39623254749741665
15284,0.030385839998322034,-0.37144349634970103
15285,0.20105832075710614,-0.45612798486977996
15286,0.30911313990866357,-0.4230128739165705
15287,-0.15013249386952693,-0.4467233861483497
15288,-0.03951659057821936,-0.4699818886066084
15289,-0.002759079091582092,-0.42433043482952126
15290,0.19571782051148995,-0.4804430024780978
15291,-0.16077604407189675,-0.4141815422729729
15292,-0.10444907628102183,-0.30616024214939475
15293,0.23640294761236832,-0.4225412869673212
15294,-0.0018553391607518295,-0.488884306284471
15295,0.020274309085201336,-0.37808137684789506
15296,0.0754354548765908,-0.4274271602002103
15297,-0.1706161211943707,-0.4919070059917879
15298,-0.4072612595468399,-0.35160767108982466
15299,0.1936124903155384,-0.3875825972141889
15300,-0.31486718215557497,-0.42484254211651895
15301,-0.6257552751976396,-0.3072862225448012
15302,-0.033090927977046734,-0.26189856770381836
15303,-0.12487397812693728,-0.21658721196810074
15304,0.06958486761158333,-0.45450840763880684
15305,0.1443630394071426,-0.30922338274606864
15306,-0.1865787167380483,-0.4591027799056012
15307,-0.2364508662391801,-0.4786433970663754
15308,-0.3626190017528238,-0.2308614717645249
15309,0.32713467018949494,-0.4332127103655269
15310,0.26842569045422826,-0.4713081229685537
15311,-0.05516505226311717,-0.463330446756911
15312,-0.38243579059403,-0.4118246199214213
15313,0.3305746095321062,-0.40809904594947355
15314,-0.17008804130381805,-0.4755824084013341
15315,-0.09569218458464943,-0.4129438841321327
15316,-0.29115097981222593,-0.4292873081556503
15317,-0.06598975716974202,-0.3944267144589166
15318,0.10754444390722508,-0.5172132737725001
15319,0.03408629632582415,-0.4729790434913078
15320,0.2383925402634551,-0.48362538571766667
15321,0.15866340704278264,-0.4574411220232301
15322,-0.03141968401101345,-0.5053569038098995
15323,0.008605534321433834,-0.5208451216946035
15324,0.061160936195755945,-0.5009569026159559
15325,0.07267190839462398,-0.4706277475584939
15326,-0.05747051672815186,-0.486061336116462
15327,-0.10309446687949317,-0.4606969305032026
15328,-0.09332327317827979,-0.5108091261083845
15329,0.10219426042638163,-0.5082784152937203
15330,0.051899083109148675,-0.49982834546110233
15331,0.3413553715072642,-0.40414889696298034
15332,-0.038020921592667394,-0.4338566816200409
15333,-0.24184170155282253,-0.4802269102010092
15334,0.27884500084588865,-0.41500387563472363
15335,-0.09415993901027403,-0.5002952657128596
15336,0.27670673419398223,-0.4840911598630942
15337,-0.006173317379605209,-0.4776894933307897
15338,0.1996990440794816,-0.39658721111322415
15339,0.22035107559665928,-0.38551580793880724
15340,0.04820624088073245,-0.49283976563078946
15341,0.03963723518868346,-0.4268058015410919
15342,-0.08918388143902337,-0.4239117187710393
15343,-0.011590551711844607,-0.4731880542278365
15344,0.06921800654878059,-0.4880407329076057
15345,0.4690343670989962,-0.45367074511887484
15346,-0.1942748277657075,-0.42354287887906267
15347,0.3058307297337426,-0.46433583558164004
15348,-0.19882268152123292,-0.38027603075298666
15349,-0.0848243588216328,-0.48526762336928747
15350,-0.32648634462290127,-0.4823493697354667
15351,0.07057373435036225,-0.46519637656028573
15352,-0.08061423496632783,-0.4476163629435968
15353,0.16790708946655178,-0.4870662694644221
15354,0.0849299230704082,-0.45869933131839435
15355,0.1630777416066971,-0.4928780325717024
15356,-0.06812590512588312,-0.4984017734590133
15357,0.081547038973794,-0.4405858970054314
15358,-0.1888970385598656,-0.42664936583850294
15359,-0.11267580385387647,-0.4779157029710143
15360,-0.12093410826114764,-0.46358843308577324
15361,-0.031131777745396307,-0.4267598295140238
15362,0.00024078279754674147,-0.4680706801421355
15363,0.2999445895591035,-0.4413012531894802
15364,0.31826154884577246,-0.41192307763348757
15365,-0.19554659984650258,-0.4872673027460844
15366,0.362450530887283,-0.3830299340175153
15367,0.6577744751001378,-0.32461130668593724
15368,-0.1875710742716967,-0.4074796566522511
15369,-0.14731396114017734,-0.43701813519741795
15370,0.0931558187984853,-0.4561820444207314
15371,-0.0717551435106564,-0.47404994640607634
15372,-0.44568871017807893,-0.39994091715289265
15373,0.3017854745099932,-0.43482802245519314
15374,0.16901913096575688,-0.4602154664684263
15375,-0.34383678049004207,-0.49333891198003604
15376,0.41516404482946606,-0.47649084202186176
15377,0.044849011178416935,-0.47387704707721634
15378,-0.0015162759689463633,-0.4717052708578975
15379,-0.04517840206671029,-0.48350296876628907
15380,0.10998645453264971,-0.3723158721863904
15381,0.14863993503087644,-0.35828444112845975
15382,-0.18429007556070504,-0.23529236803388376
15383,0.16061128434381636,0.11151956165769583
15384,-0.03866718233359004,0.06834104748519154
15385,0.07139116507096813,-0.22105767655610253
15386,0.2507992825361991,0.2317266358592256
15387,-0.17062771625432127,-0.06775625002756983
15388,0.29903916274756503,-0.17805520170132222
15389,0.5469920056925978,0.3218639941930134
15390,-0.025432730601083926,0.2825536677405385
15391,-0.18376676140530132,0.008474565764430453
15392,0.4164011449738016,0.17708349010907587
15393,-0.35475053824157643,-0.2546335656081108
15394,-0.20651558938184134,-0.05808793972228822
15395,0.47515309941134715,0.11207945095526378
15396,-0.030412429881087874,-0.13034274041143667
15397,-0.19794845321998716,0.009157668519482326
15398,-0.029864036722509736,-0.17175908653916266
15399,-0.21929212285393498,-0.2822877855245492
15400,0.04384084375257964,-0.3162816066099168
15401,-0.16090890803279245,-0.39467144901190054
15402,-0.25520222012455496,-0.39267369622605464
15403,-0.30534032223868274,-0.15635425113671575
15404,0.35086543977255535,-0.3124475467753599
15405,-0.4901531995170111,-0.25141128493551007
15406,0.07222233569918043,-0.3876191938693164
15407,-0.04314388996138398,-0.32658262914356484
15408,-0.1421813317971974,-0.257363682049197
15409,0.3250865564676081,-0.3846346108868238
15410,0.0439124491475828,-0.40124960398365883
15411,0.21552748801149615,-0.39218699021811554
15412,0.49522459391971135,-0.2569752998154301
15413,-0.10843760605473618,-0.4486959613624925
15414,-0.28698429130688874,-0.3956477937128282
15415,0.12597639576391917,-0.4500324018355497
15416,0.002419418081600358,-0.468345223934954
15417,0.48826933677842,-0.3795782096032177
15418,-0.21318353970422282,-0.26559142186063817
15419,-0.13255414398764478,-0.41532588500092216
15420,-0.05416806820959303,-0.3384877600149689
15421,-0.17979549780834433,-0.4377587394343753
15422,0.356086230667135,-0.35614514178611995
15423,0.33099896055938516,-0.27788772074907636
15424,-0.029683107712571356,-0.29578933113000544
15425,0.31361102420165593,-0.018583924800824075
15426,-0.05387584256996262,-0.23966449508002735
15427,0.7801899054223496,0.027281529241025115
15428,-0.13282252034204425,-0.16850327782644114
15429,-0.6621904651465846,-0.13956033157228448
15430,0.0006983234937970265,-0.2562218205211422
15431,0.26321453475594053,-0.10540577398458859
15432,0.1849501326371555,-0.14715204536356724
15433,-0.8874509551185598,-0.305846637030443
15434,0.10978925371188691,-0.24948562352563536
15435,-0.167245119809679,-0.29176744738921645
15436,0.10074186625206893,-0.25640796225003243
15437,0.06636067472677698,-0.32160945587953366
15438,0.03950932268921705,-0.34172990390528085
15439,-0.16003933412498356,-0.3590178756065162
15440,0.990591738870652,-0.08438389400966786
15441,0.40631206709713735,0.13754348522801424
15442,0.12162545657692744,0.1262117846849303
15443,-0.23387999450457253,-0.19192444225330293
15444,0.09944668293831059,0.1813959944945559
15445,-0.3960271990046228,-0.1427399203772332
15446,-0.32705235218182305,-0.04507951908787912
15447,0.28209312512787116,-0.19160911243617845
15448,-0.310972827376188,-0.26862553761626123
15449,-0.11986127503477177,-0.31424428842110064
15450,0.10545790688567044,-0.21008841696137404
15451,-0.10925570779201783,-0.38652102425328105
15452,-0.34524433507459373,-0.3138917719286287
15453,0.3805368289064598,-0.3756647563786687
15454,-0.5075774128968112,-0.11523611494535
15455,0.5685860337719573,-0.42699308346774356
15456,-0.01995523053969684,-0.3826474443251512
15457,-0.276229439524156,-0.38406751183184046
15458,0.41207835781653135,-0.07483330120131859
15459,0.42994374338994296,-0.2179896461941569
15460,-0.246309834123481,-0.1353409719383702
15461,-0.24591961339588161,-0.2946193166222906
15462,-0.003263359490109847,-0.31748377396905636
15463,0.688318014456053,-0.13486129734669516
15464,0.3602269916899976,-0.06127134267176701
15465,-0.4032210299924071,-0.10036730780771592
15466,0.6209179571666549,-0.21249294477563702
15467,-0.040100802662743296,-0.06292926979907187
15468,0.014310204328683027,-0.23307124157666376
15469,0.49421021022867834,-0.08248866282079845
15470,0.013391161795093953,0.5079450175500348
15471,0.4367877702277309,0.4359989095352077
15472,0.036689958362759435,-0.013393949496579141
15473,-0.20073072055956792,0.29835624873256034
15474,-0.5854887882675212,0.1453073817692087
15475,-0.07585802687911697,-0.1411148737216888
15476,0.10120011665419262,-0.2110799133503132
15477,0.3588648217559639,-0.2388594853928524
15478,-0.17060002164795196,-0.11188121083365099
15479,-0.13826673482982388,-0.19859126153162807
15480,0.5035382284640371,-0.12163729611653962
15481,-0.07400473424625972,-0.2583305262394557
15482,1.0337867526441054,0.44373915656923835
15483,-0.45081286715057484,0.02968991856389716
15484,-0.24888414694837538,0.263700127686596
15485,-0.681054951491831,0.164800014691885
15486,0.6899863775979034,0.06473567466228619
15487,0.34203516402962925,-0.044120412585183275
15488,0.5641597388397238,0.1419779644804632
15489,0.04838231778185944,-0.16830502317522206
15490,0.09035245525387778,0.146193260592223
15491,0.5173000672358045,0.40698736450997663
15492,-0.5283284553951811,-0.00757038859688805
15493,0.008265879787150971,-0.05466791396031558
15494,-0.36168083239004273,-0.10572151321201004
15495,0.49631962588462836,-0.043912135100488484
15496,-0.5516102927514916,-0.10236703679438977
15497,-0.18739658452950747,-0.24490763747460387
15498,-0.15441516637519434,-0.26667519634026404
15499,0.7859950566428591,0.10262943163121727
15500,-0.7675383302557423,-0.2936028934563793
15501,-0.21421750705092013,-0.2545368820904707
15502,0.1453826228913057,-0.3257701793157813
15503,0.29016954836679587,-0.380429940837372
15504,-0.1276601921110941,-0.4153062178038324
15505,0.5371135687237436,-0.15255657097452957
15506,-0.6597397298507137,-0.13656206331477838
15507,-0.19553332057058798,-0.003464439482645909
15508,-0.2970357299284153,-0.26397088637578464
15509,0.03800892247614673,-0.2200852307508037
15510,-0.0015748323879634703,-0.3261469199616702
15511,-0.27328284772931777,-0.2940274220763277
15512,-0.3161343216853014,-0.30532389628807177
15513,0.23678268954389559,-0.2631448683475361
15514,0.4706972147020145,-0.1679962331069123
15515,0.20096371634578541,-0.0324766368334154
15516,0.22075138900429897,-0.3523841918359544
15517,0.26671883832608384,-0.34291373807874137
15518,0.21960120991477194,-0.32340320774571435
15519,-0.28204188519113277,-0.3645587265491045
15520,0.10147348788259113,-0.358688447312993
15521,-0.33574930912504,-0.4147262898941398
15522,0.005015143612358193,-0.21650378152201527
15523,-0.3668871133153953,-0.3916414968549914
15524,-0.09575537437618001,-0.2887342418224415
15525,0.013112028300165968,-0.41700615940091146
15526,0.24668338774405704,-0.18791392002752116
15527,-0.7418034860680401,0.055779172635735536
15528,-0.3647026203779632,-0.010029514331593714
15529,0.2785695075806466,-0.2227503780444904
15530,-0.2050080392037133,-0.15745119407839814
15531,-0.5904098934052229,-0.13943697844974567
15532,0.28441315841913034,0.06950635160758281
15533,-0.3619210431380264,-0.36029574018202737
15534,-0.461677369769211,-0.2399329728739911
15535,0.08166298378941342,0.007220782400426187
15536,0.2605315220263335,-0.20603186022672387
15537,-0.40106065588142237,-0.009421317842848137
15538,0.20330230558523538,-0.12952358493864685
15539,0.2940647563572019,-0.281742785911799
15540,0.2326942016386438,-0.27250581254951856
15541,0.3514810751957645,-0.21483294580259776
15542,-0.19833621001798651,-0.3881001614111511
15543,0.5850116126110303,-0.1544729440556614
15544,-0.0046156415827427735,-0.28548102461692937
15545,0.18489170253938253,-0.18526784525364587
15546,-0.3882769115874074,-0.3964850888845569
15547,0.12225327736208495,-0.3228674332392123
15548,0.02796076827523474,-0.4100597556522846
15549,0.6635463124023429,-0.35794115456962633
15550,1.2471617038252865,0.015575441462190642
15551,0.048130158060163235,0.6060154713308968
15552,0.6051810855453688,0.34281191223561325
15553,0.2435086759313677,0.16119509197948623
15554,0.22917120949269892,0.15285545732926104
15555,0.5543236426421035,0.5797209464261466
15556,-0.9029691133350525,0.06565266140926207
15557,0.17502562997272034,0.11740667625642884
15558,0.17318559061266325,-0.16636795725512837
15559,0.1074905987074262,-0.22815087659492891
15560,0.035656449882504916,-0.21469654211095746
15561,-0.07363769390201488,-0.2848033096210963
15562,-0.15290045307073669,-0.302784750743049
15563,0.16834384460446078,-0.11251050660868675
15564,-0.21790929044266613,-0.32199923330680646
15565,-0.0014372875162932414,-0.19720363038119776
15566,0.21097808309617155,-0.29481168996878004
15567,-0.7076580065697022,-0.24351419999334245
15568,0.4926919460726815,-0.13901622680012
15569,-0.3018035275997197,-0.14680033745257265
15570,0.1045348991605963,-0.299384488915346
15571,-0.06947251436095403,-0.18246493573088118
15572,-0.22287756379153065,-0.3425959382934974
15573,-0.36047549153129604,-0.29524926894627024
15574,0.9436337968131426,0.06569054059606191
15575,0.20908644608925853,-0.022230778686401026
15576,-0.8979691941271517,0.10131904578494633
15577,0.09371645137692691,-0.1546034987347485
15578,0.18582928534339205,0.15080371740992637
15579,0.08382364418909946,-0.03158656648391141
15580,0.3872323757183625,-0.012092500039734277
15581,-0.10569097102039947,-0.15283202633496556
15582,-0.6056096888157791,1.5135353352307912
15583,-0.6254369165032083,0.05813838500429719
15584,-2.0972644317663325,1.5666590662205646
15585,0.6337521299196643,0.13030424612716812
15586,-1.0232806012984688,0.26281460781778415
15587,-0.23422102603921618,0.5568998589585644
15588,-1.1848638311154411,0.48023608959481734
15589,0.39781797645831174,0.20610762167535135
15590,0.38050637804882437,-0.0729927679252759
15591,-0.47375628422747107,-0.06501667205927229
15592,0.2304033559194256,-0.25756379670610136
15593,0.00021217103209258785,-0.3066216566415472
15594,0.5267121796698632,-0.1722258758720762
15595,-0.6149162111329103,-0.2490394255959446
15596,0.3201986586961387,-0.28917576702202363
15597,-0.05906527804874242,-0.36505192925707936
15598,0.13101222222409944,-0.38730676716569357
15599,0.4421347359003566,0.08564167739509013
15600,-0.337706216963748,-0.28927507875810954
15601,0.19212136496792664,-0.36452200038670884
15602,0.248594746390496,-0.388095660729025
15603,0.19133363148589821,-0.34536195066055636
15604,-0.04518542665897531,-0.31735767979102025
15605,0.004903609737033536,-0.39533441491625465
15606,-0.33995393547316394,-0.4035338949982211
15607,-0.2771134473642796,-0.38299366154636605
15608,0.21981240992066028,-0.41522874224103457
15609,0.8393746038975162,-0.3485073321597612
15610,0.3238243316601268,-0.19735845297347804
15611,-0.761440897286754,-0.3696655675451235
15612,0.1587612311217163,-0.4080176332294525
15613,-0.40089649100061653,-0.41697405115871816
15614,0.501458222066714,-0.39844614957584235
15615,-0.16381952489136445,-0.2881256682824803
15616,0.4571526474340561,-0.2998725445725102
15617,0.17145385631054266,-0.2278026618366325
15618,-0.15363952887955812,-0.3126865691113276
15619,-0.3166388210313485,-0.32576576437382465
15620,0.16732304940770149,-0.3728989894965153
15621,0.05272102608117451,-0.3412847272673162
15622,-0.2723544189598314,-0.3395655391078564
15623,-0.8394343437633375,0.005263212609477652
15624,0.36915279191711153,-0.2837093715549559
15625,-0.7593484121713697,-0.27738096185777283
15626,0.46387092480320163,-0.38170045408970166
15627,-0.1836143181054287,-0.23607088310816138
15628,0.2738005557680434,-0.3655644764962867
15629,-0.13439503951676618,-0.3328908956851542
15630,0.8616475394469678,-0.018297660541972877
15631,0.20443131082996585,0.29685964774454904
15632,0.3313470588632837,-0.14547555375931143
15633,-0.18836069167423758,-0.31416530947447385
15634,0.0805053958306507,-0.3683122040225189
15635,-0.3387997999796048,-0.28734817710572086
15636,0.19170234253790458,-0.39815883806446645
15637,0.19852358284289262,-0.35870275906813354
15638,-0.21345974371878304,-0.4386617605770361
15639,0.08211892998932149,-0.43157506525123124
15640,-0.40492788911121846,-0.36506893193887635
15641,0.21387144952609402,-0.3887474074681727
15642,-0.15807002678196735,-0.2642150517054465
15643,0.10393045532833475,-0.2096774572013435
15644,0.26405849643158946,-0.3784119916935559
15645,-0.3240442504373816,-0.2769264847924955
15646,-0.1453149579878908,-0.3824477698467618
15647,0.5631681358927622,-0.35385460288099824
15648,0.3065139753535279,-0.3194489111221396
15649,-0.20141113110930192,-0.28240990642243813
15650,0.28389818672402084,-0.21287451324156026
15651,0.7048482451107896,0.22265153897168127
15652,-0.08994911249321644,0.1711555074458576
15653,0.43960913151191766,-0.043934788422359
15654,0.43110871474888457,-0.1499729966813037
15655,-0.31624474977248856,-0.1755348689998838
15656,-0.4079561619887933,-0.26916790436899224
15657,-0.27053575926284656,-0.38436317294203465
15658,-0.3636733805065257,-0.24295245523454004
15659,0.32071937403946865,-0.3412810252225942
15660,-0.17154047496786612,-0.38748732514582784
15661,0.0866196710689571,-0.3383244067488284
15662,0.019761799277792223,-0.19959286690521424
15663,0.021426513248569617,-0.2309965681005006
15664,-0.041661604156728725,-0.1251596409833839
15665,-0.31444704883783087,-0.11609710857047131
15666,0.2878906678502506,-0.26967058832875934
15667,-0.07455299762012801,-0.29816687779187984
15668,-0.2817476744502904,-0.32674742996152495
15669,0.3189142172366975,-0.3740590790823677
15670,0.25163976153462775,-0.38275836135412583
15671,0.47028413275977965,-0.22106694748367772
15672,1.788768379124575,2.2222290958341766
15673,0.2797797176371447,0.23436234502708259
15674,1.0354408986845784,0.6297800906112886
15675,-0.06345199199113666,0.2748660590138004
15676,0.6976278634998979,0.13314305768514023
15677,0.0018669906961623003,1.03981082469108
15678,-0.12012611043745208,0.28278807777706116
15679,-0.14849070382066712,-0.09863763289019664
15680,0.1500799480254969,0.00028884992319164193
15681,-0.3370360809188666,-0.11481137562520993
15682,0.4088145382020764,-0.029748731955133757
15683,-0.6410158195953013,-0.14160965791053431
15684,0.1484554126615572,-0.14179077996064013
15685,-0.21077953825799106,-0.12458547174978812
15686,-0.4915060166087819,-0.13862338582114364
15687,0.07516995130764792,-0.19777826452831676
15688,0.08423977426197818,-0.25518398577374823
15689,0.6521476491855789,-0.13016698162690382
15690,0.24978689337858745,-0.09153062189819453
15691,-1.3562822984952556,-0.15262292927795557
15692,0.5465864036103142,-0.26914572265261366
15693,0.20653253835543803,-0.3653464476115177
15694,0.01401893902240785,-0.23456920567711764
15695,-0.9569663389206928,-0.2099920419681649
15696,0.28455029439515783,-0.257454390333664
15697,0.2683599415327173,-0.32446959757104127
15698,-0.7636869412036537,-0.2532137171889641
15699,-0.42056587741040147,-0.1964434470350488
15700,0.21905550042177063,0.13331228421704872
15701,0.08656645999801617,-0.32112127595912393
15702,0.3256149812469285,-0.2937122305550697
15703,0.1509516720165389,-0.3538234958681371
15704,0.04182041905411391,-0.46926970355121234
15705,-0.3386734439965203,-0.4558300746877163
15706,0.46874550111019747,-0.02030206550103722
15707,-0.0496150584382416,-0.43858248786172194
15708,0.17106571018946823,-0.3721130354208042
15709,0.1602914660026469,-0.4646248034056891
15710,0.2875057936642693,-0.2798142937267841
15711,-0.010022145627607596,-0.27285705860534815
15712,-0.352603255033646,-0.44770784003970326
15713,0.24876013367515726,-0.3700312523529654
15714,0.1218988111262483,-0.3626044472319302
15715,-0.29082677530345646,-0.37418205492524637
15716,0.08405850909243234,-0.38268126798061
15717,0.31458662783466146,-0.24546776884147045
15718,-0.33549836127400723,-0.3814829464420669
15719,0.02358648211506577,-0.2912299498977484
15720,-0.23676275567524274,-0.24076515057919595
15721,0.4817210397248232,-0.25801937197480923
15722,0.5057076926759801,-0.2531376472638317
15723,-0.278720218149105,-0.28653921089257334
15724,-0.1481565432968214,-0.3887814480251199
15725,-0.03733798435083223,-0.38862942623502117
15726,0.22444213049908435,-0.2756421070963945
15727,-0.6169548671615213,-0.2846474694187322
15728,0.26183583197628735,-0.2902006695632903
15729,-0.32388443738150585,-0.38573227929707393
15730,0.2803104888191284,-0.4216682682642161
15731,0.8170701084592511,0.020599919630950925
15732,0.032954397871628835,-0.25437753681649844
15733,0.4655561429846345,-0.2564494321996782
15734,-0.5592351578026271,-0.23179460367635502
15735,0.05185700259037133,-0.24673843769104653
15736,0.023582610765311082,-0.3297367204793317
15737,-0.12601612863690012,-0.37830438759900054
15738,-0.3935717860364754,-0.2556998484792971
15739,-0.05310388440782548,-0.24903370584405232
15740,0.2679364973187856,-0.1220339893722906
15741,0.07730230181610462,-0.3620065266482888
15742,-0.18508771745598177,-0.38706174366078344
15743,0.2941274734406869,-0.29389503613812185
15744,0.3091946937597785,-0.2755961568402766
15745,-0.10503671943786984,-0.319377121732591
15746,-0.4510457650902315,-0.2475530258887881
15747,-0.08776081708983505,-0.39764760227295853
15748,0.3326164063657034,-0.3523381532731641
15749,-0.14184479927991944,-0.3876863102380925
15750,0.03227544326206102,-0.38263473167611006
15751,-0.01517803648846438,-0.39293847180063324
15752,0.05417934653206089,-0.3267773155084861
15753,-0.15005318830414152,-0.3799353572615114
15754,-0.3421208498654013,-0.2309927118848076
15755,0.08684187157228082,-0.0822715128059758
15756,-0.0875531673430749,-0.2841499799720264
15757,0.07253615304593322,-0.3319384133350096
15758,0.19408334153559725,-0.14766742397771818
15759,-0.04748112020737225,-0.40398971950858464
15760,0.1652523702953005,-0.2561985309196186
15761,0.2247560988989168,-0.09321607128038506
15762,0.08174269406002978,-0.3110922255592865
15763,-0.42727960094521666,-0.37888717020678997
15764,0.017484733929507293,-0.2374884680864081
15765,-0.0808668915856534,-0.262643669463272
15766,0.8095397103449943,0.6723856684981648
15767,0.5600681825540464,-0.027390929062373365
15768,-1.6425238097355248,3.6922855310798095
15769,0.1950490507327695,0.25330121316558873
15770,-1.411755702538909,0.5366868591143055
15771,0.7356817900730169,0.2259031991096836
15772,0.4889414760144814,0.23495259997562634
15773,1.4837090141019056,-0.056537147744205846
15774,-1.2320008457549563,-0.0795247660674011
15775,-0.11634806864451719,-0.10195854606498177
15776,0.8934210929314742,-0.20205872744463108
15777,-0.21477971555458633,-0.25803842202857585
15778,-0.1755165067713455,-0.2647550466144666
15779,-0.2748162827880031,-0.3458090277719457
15780,-0.21766056642925896,-0.3512466577045107
15781,-0.25866802634803954,-0.18408487395104475
15782,0.5812639367075149,-0.22419159871127337
15783,-0.20497187106561157,-0.308565825722255
15784,0.4854902224324383,-0.20328763727110355
15785,-0.18235500714096126,-0.3088669815045316
15786,0.09563043765595437,-0.3122799407829086
15787,-0.09852119174508045,-0.3484203895176411
15788,0.42451371213055433,-0.4172404918538723
15789,-0.06512940103555254,-0.38472749602931466
15790,-0.46281269518069557,-0.34406827215125435
15791,-0.20190226522866955,-0.3619122382163193
15792,-0.009664188262263325,-0.3912421716353599
15793,0.07163327912603772,-0.4668000629472939
15794,0.0020005086784146767,-0.2526850640253314
15795,0.3067415853695582,-0.3656316048539915
15796,0.14532268919229355,-0.3650152324737066
15797,-0.026515799455598586,-0.2968504730871221
15798,-0.3877869758823648,-0.37293864090876644
15799,0.017659560335082626,-0.3457953415257899
15800,0.08489716422394371,-0.41719273458161127
15801,0.11419038694698136,-0.4218965717738745
15802,0.13418334214708794,-0.16593324755844133
15803,-0.02394807790373766,-0.37858133965238483
15804,0.2517829239273884,-0.3763202255357335
15805,-0.056789980587742796,-0.4064902848839217
15806,0.3033604034629281,-0.1314100592422279
15807,0.9854627540811156,-0.017013199300573725
15808,0.07438308389291257,-0.19963280264226888
15809,-0.06220042126882306,-0.2517257730361271
15810,0.7390864052705559,-0.12348738035796164
15811,-0.19513381854091658,-0.3141413957046618
15812,0.1319385208956222,-0.33297387183591387
15813,0.07935440782371847,-0.22238754623221668
15814,-0.20294773561273255,-0.11551794730180052
15815,0.8003102721077422,-0.14273465518058215
15816,1.2390845335384884,0.7262545403123524
15817,-0.504023052699563,0.923795851399244
15818,-0.05952897379799101,-0.04071316573670724
15819,-0.10610437890202208,-0.12167315963340178
15820,-0.35680675325411193,-0.05585049854505526
15821,-0.5724482335087309,-0.161615347781063
15822,0.32620023853593877,-0.2511966612941181
15823,0.02240266241432822,-0.30464324571349344
15824,0.077089506184714,-0.31106034953252626
15825,-0.3486496891769412,-0.2508473013926069
15826,-0.4004369183079876,-0.3273919107896034
15827,-0.11551327280568324,-0.3111867533421604
15828,0.07628081319111507,-0.10927099446835567
15829,0.11633908312973075,-0.022282437942413247
15830,0.032439781299769016,-0.207414392923751
15831,0.42282925588686526,-0.07522937672791827
15832,0.10803005168130494,0.15286515214637875
15833,-0.05549319664816384,-0.15882347680346104
15834,0.21201626643376473,-0.1580962401403167
15835,0.173913750223955,0.22864509509256387
15836,0.1578081506771408,-0.042806540080417024
15837,0.156188765606382,-0.10580579344854281
15838,-0.46599952513469783,-0.05256488138169737
15839,-0.07225938672483627,-0.22948660878482777
15840,-0.10291441186318649,-0.22148689675079686
15841,-0.007364195352405893,-0.33905705835567923
15842,-0.049323546048926616,-0.0546312570734407
15843,-0.2274253743587213,-0.39152019749165046
15844,-0.3133335263439783,-0.15363781276842192
15845,-0.20221997243405546,-0.2020813247662594
15846,-0.11573651823727373,-0.2459739639510519
15847,0.15706853594715894,-0.20382326137517517
15848,-0.13574935990720888,-0.39393155216116943
15849,-0.05072319987243094,-0.4241319833286525
15850,0.19342063821347086,-0.252260584580118
15851,-0.24572126237227945,-0.28821511235253916
15852,-0.3021564842369427,-0.2680836198895213
15853,0.3092251123970586,-0.1944715642575097
15854,-0.27260397299473993,-0.257104859346191
15855,0.02823290061048108,-0.3297675852237649
15856,0.08046704447408802,-0.4207914447373254
15857,0.04094962118913991,-0.35336064835972814
15858,-0.0894424713422974,-0.3297571995700406
15859,0.4316068860661807,-0.2869522748541308
15860,-0.3677396097976506,-0.3239261944159519
15861,-0.2876068912878805,-0.29677082365836843
15862,-0.31927660748940145,0.2337827826995046
15863,0.6357300241940451,-0.2210997106539326
15864,-0.06657101058527953,-0.24837062013136899
15865,0.3377377949342355,0.015458964217092586
15866,-0.19547287392251533,-0.3032818791360708
15867,-0.013057366736937066,-0.21968539821628597
15868,-0.07629894079486227,-0.026442551939025866
15869,0.506075652006889,-0.25737798055530503
15870,0.07257196829272142,0.459089494635497
15871,0.3782775925012544,0.36256623359024054
15872,-1.0175203729010296,-0.10622055459023136
15873,0.8491020777404347,-0.2715834318438376
15874,-0.6958874785633047,-0.0020567048645901143
15875,-0.02360841735274473,-0.2984108514607152
15876,0.26178013043982545,-0.3409510486943393
15877,0.1542385564448353,-0.22820309175430392
15878,0.37202224288569424,-0.19995471932808828
15879,0.38558226074068574,-0.003717635264299607
15880,-0.243778998191052,-0.20355696060748513
15881,0.42894370970131573,-0.21634916004746946
15882,0.16781326304631278,-0.22282874897131277
15883,0.8185835028309724,0.06392987385472648
15884,0.3444904106592157,0.13474963508678434
15885,-0.33579738313319857,0.03545246237701881
15886,0.3731498275678982,-0.12365045622792241
15887,0.543407794072864,0.046293406179648694
15888,0.5280127792130516,0.03108399643324994
15889,0.04105451881820848,-0.14706805943391998
15890,-0.4863318116151998,-0.270368274117364
15891,0.4252681074534303,-0.21754288971985228
15892,0.0363994822813725,-0.24921239982637486
15893,0.3126335451300343,-0.1161276541374922
15894,-0.7777154526162374,0.06436519835992327
15895,-0.42943432256870284,0.05458999373219425
15896,0.42999272638065794,-0.23416321548129315
15897,-0.011368486184859151,-0.0698420301904264
15898,-0.207205535812794,-0.02922796313095087
15899,-0.19282350227156747,-0.3005494138709016
15900,-0.23698315131940859,-0.37887842911089475
15901,0.09984498680334432,-0.3984706162936327
15902,0.6461238859390921,-0.08974813545735884
15903,0.5936605075745933,0.7808597381436566
15904,-0.358377162755745,-0.09373073317789686
15905,0.10872515628274908,-0.17503300768053287
15906,-0.3863337755766395,-0.183710617869411
15907,0.4484900174454052,-0.17088925815905776
15908,0.04069445015748936,-0.2399716609453651
15909,-0.14369252630525467,-0.299331566230337
15910,0.07374366038257502,0.2500773267482756
15911,-0.1867640908216309,0.07576167646637
15912,0.5768986849842606,-0.1992617747361619
15913,0.253949508261504,-0.1285052969674062
15914,0.148221597287631,0.19975835806784054
15915,-0.26603059682899577,0.1821912166105134
15916,-0.2700378861079942,-0.05693600992375218
15917,-0.5043813095060827,-0.11447292849594351
15918,0.5178251487769043,-0.05296182932643635
15919,-0.0008027108128458391,-0.22267519506436467
15920,-0.05668985806839274,-0.32702057010523067
15921,-0.013016146369748403,-0.3046288150274359
15922,0.08100141521740781,-0.3435193924932145
15923,0.09984036163274353,-0.29663188445357946
15924,0.1664509300948795,-0.14987924029302935
15925,0.1488996839882327,-0.0609751554121211
15926,-0.17822071504333858,-0.2662406568432875
15927,-0.2375963913478144,-0.24740889162575913
15928,0.3410894423743485,-0.23427092720317821
15929,-0.17813947228684296,-0.16456604671264857
15930,-0.11807859031090094,-0.20097641078214132
15931,0.13986567595570346,-0.22127155700134588
15932,-0.047431698281840066,-0.16453036679874222
15933,-0.01871187181899204,-0.2225070718551325
15934,0.5713264516967139,0.2957778417371869
15935,-0.1983654610268737,-0.08527596715943142
15936,-0.12834492612183665,-0.20787172198434672
15937,0.14103320550430312,-0.22670992460866274
15938,-0.0371517230075682,-0.11158331844686989
15939,0.11352092890905206,-0.2809607633769132
15940,0.16630009500477266,-0.21381838262634004
15941,-0.19164667594229595,-0.3146895264736043
15942,0.21865679549551612,-0.24083500922988504
15943,0.3253736500696171,-0.20629182623730352
15944,0.3228476576439143,-0.05349067449316084
15945,0.12577803972621077,0.03981939400910109
15946,0.05225188521802773,0.4319241862336518
15947,0.258767048344033,0.17555736056989174
15948,0.18812508107996578,0.19473430070942344
15949,0.8204838855382471,0.5591563987722128
15950,-0.01166509697734761,0.287104371108487
15951,-0.0002660022984851008,0.09956255566527317
15952,-0.053413865743224855,0.29009236732914434
15953,-0.06985328071778837,0.07866771783604479
15954,-0.6640877697506599,0.18183734901586945
15955,0.39962070374100206,0.0015943640549173355
15956,0.3867574615242299,-0.2268228258123249
15957,0.1515526141855549,-0.1292949666308158
15958,-0.3773658929945958,0.10368873784867297
15959,-0.202551567037841,-0.22016314089361722
15960,0.6075139711346635,-0.12377015751098586
15961,0.046482441672803104,-0.11533686580077455
15962,0.034205977863655916,0.07633163833315298
15963,0.3252173552432161,0.15138169000768725
15964,-0.3342271856805194,-0.06538726905608819
15965,-1.0977762953115027,1.6611013458250596
15966,-0.2614922265538027,0.6908535088930549
15967,0.8397346163223522,0.09313312341851518
15968,-0.2885364504335326,-0.07295899385648194
15969,-0.2687250330922734,-0.14335207394013746
15970,0.6513865957602156,0.12077903798145373
15971,-0.32067906520129946,0.08523417265175637
15972,-0.48248773033361214,0.286120583087611
15973,-0.0776950570166135,-0.08014287078138677
15974,-0.3520313214044806,0.29363980956523583
15975,-0.21612819852045143,0.1073478841426847
15976,-0.5979277852697407,0.3166587155498237
15977,-0.6201958764361735,0.2958709451925783
15978,-1.2433722800573717,1.3639470781683123
15979,0.8808720920538651,0.09431217306120085
15980,0.590239785605857,-0.1730920843403638
15981,0.06647759307191028,-0.32223705141184356
15982,-0.1889671595862991,-0.25030588609182974
15983,0.27740959249525415,-0.30473389304306464
15984,-0.14433479487469225,-0.37953086962999805
15985,0.10970527520765666,-0.39656873869131004
15986,-0.09857084154169445,-0.3881579581893121
15987,-0.058528059463416514,-0.4329152918281213
15988,0.17455577321972232,-0.4055673688905538
15989,0.102477548904308,-0.36978648089972804
15990,0.5935553497999247,-0.20123036706186012
15991,-0.22436017809412376,-0.3473314874064702
15992,-0.13121621554244517,-0.44312751480282864
15993,0.20528018232978967,-0.37215096844897944
15994,0.25107130399843536,-0.30954345159826524
15995,0.23132945504314897,-0.39569261330953065
