,Y1,Y2
0,0.3963457867704084,-0.44650031454380223
1,-0.1960527272192162,-0.46953125093735226
2,-0.18484325117400238,-0.34402755961119197
3,-0.35791424761526575,-0.1521141810514136
4,-0.8739070917835104,-0.23810174294843528
5,0.3167281808545091,-0.27476247229114825
6,1.0300561623459312,-0.30662953566411966
7,-0.17106206988695058,-0.3820715076904552
8,-0.6816584705233286,-0.3287199406568889
9,-1.0258246489317848,-0.2948623160548502
10,-1.11194772291563,0.12832306358931855
11,0.03853725038227462,-0.3213435476923241
12,-0.5820853305371688,-0.1360952660055706
13,-0.1995101979621525,-0.21315568377208077
14,-0.13371655077289002,-0.15834282266061045
15,1.2870232578168015,-0.3575672350540632
16,0.8040807394007362,-0.4666383422371928
17,1.0067001049070203,-0.2554795730368957
18,-0.44529236069855516,-0.3528054843531054
19,-0.7479701205478667,-0.36240710801780496
20,0.6451133472305254,-0.4401479854410616
21,0.7289841166363108,-0.2733196008580405
22,-0.809921224975493,-0.4392536936379308
23,0.6523272052888447,-0.5280027711285004
24,1.2307679131573102,0.2309236265166325
25,1.1256441927655474,0.858223488097319
26,-0.628626746284164,0.24809002177802864
27,-0.3982641740238125,-0.2860214300741691
28,-2.577414464799579,0.3874136486703247
29,2.103340204631359,0.5406636335807081
30,2.854663207027662,0.07824081423480307
31,-1.4911261206724908,0.06410607553486862
32,1.3453510293985969,0.11392206668767442
33,1.0583399360295376,-0.021741448055043675
34,-0.2486305830619221,0.05445420801593977
35,0.7963112239284441,-0.10932297953284716
36,-0.4933399873425111,-0.20663106494721323
37,-0.3583645283342028,-0.33832178920099076
38,-0.4245567213683887,-0.26927391234185205
39,1.1601213652227227,-0.5029558719690337
40,-0.7595782236316412,-0.3672537568521029
41,-0.41287952432077557,-0.337766871949157
42,0.8441333076198299,-0.48551975473376385
43,-0.5061937845647699,-0.22812084577771796
44,-2.2024526287524453,-0.047829521421879136
45,-0.008685528421405334,-0.13302686845844874
46,1.4188761124049267,-0.3161230028155313
47,0.722910610714855,-0.41228959405544646
48,0.40281830073735997,-0.32319501622539387
49,-0.3894696667176959,-0.3889509657345309
50,0.33323688097094395,-0.48995451182686917
51,-1.303341639492242,-0.45176037745889136
52,-0.331818624248026,-0.5482360728801922
53,-1.206132216414021,-0.2920058866723753
54,0.7136761460918271,-0.5250309062875668
55,0.49301704250395867,-0.574421613237612
56,-0.1695461557118722,-0.6164699507347877
57,-1.2147582095784948,-0.4153201414932322
58,0.7900968048907485,-0.5829973947064464
59,-0.16422873041825156,-0.5405581010954308
60,0.17687445631049184,-0.5380234699707684
61,-0.33854846998030047,-0.5677805415301914
62,-0.6915741728530135,-0.2191760377022331
63,-0.25208884728082714,-0.33135459386874017
64,0.050210220601052014,-0.5200223862648907
65,0.39426715411056173,-0.5549120545278786
66,0.5644321779528507,-0.3802161888986124
67,-0.7554253865036069,-0.37085809250924495
68,0.38010888836477463,-0.4500179527661947
69,0.061938057120826624,-0.22537471687016558
70,0.05570113153584846,-0.21106717673035308
71,0.678148379058958,-0.45950268344673295
72,0.15054392813746642,-0.4798102717846879
73,-0.23184794378892568,-0.25365433059212783
74,-0.5552473124548015,-0.32032286836380097
75,0.5250297537130864,-0.4342974357809667
76,-0.6488746315561095,-0.42986819519237246
77,0.4140065698002363,-0.5354509669571788
78,0.7507205079124991,-0.5581553037121992
79,0.19120850503748768,-0.4146644827399221
80,0.3044488788387388,-0.5575041210745575
81,0.7218224474138177,-0.46172202848415045
82,0.3596532352399702,-0.39982757953942194
83,-0.4666804765467389,-0.34241014740825054
84,-0.25619689956352637,-0.4479139695622597
85,-0.031137924098350436,-0.5450250527456587
86,-0.20269081790430443,-0.5156200851106899
87,0.3020802734337193,-0.591245837223437
88,0.4608888099272565,-0.47597162965547574
89,-0.12325039850858542,-0.5461426050738458
90,0.4865283441804135,-0.5372907404479927
91,0.5464690501040526,-0.37124277634667197
92,-0.6325466902743943,-0.4933657913311463
93,-0.7092278697241138,-0.461882341008189
94,0.12138755004366197,-0.41769821452874367
95,0.5506204726322435,-0.508912603701453
96,0.9000386226955095,-0.3510878569186479
97,0.17909989641834143,-0.47805331002120416
98,0.04338151182264888,-0.38765979400754674
99,-0.26557186740131694,-0.4648115603035071
100,0.2987847254175562,-0.4612857331752582
101,-0.39745329395783574,-0.41021758043492024
102,1.1956133404104865,-0.35372731277737857
103,1.5305778213121688,0.00030605853712441233
104,0.0631457396220672,0.23618026139099108
105,0.8115266318894491,0.0032574750973576733
106,-0.02694611067058557,0.04105473309627623
107,0.23852449958708724,-0.22466918160649718
108,0.3975065539373922,-0.37022001221850376
109,0.04139850315748967,-0.46944962074954183
110,-0.5898806532245761,-0.2954163186796632
111,0.2497133920722411,-0.40062377981154024
112,-0.9889460537592043,-0.03254583711633452
113,-0.503812660826897,-0.2115368408238612
114,-0.47710844498118327,-0.04958956505554047
115,-0.1646921574250873,-0.3249158332135718
116,-0.5599371040228336,-0.17430070450997098
117,0.05984680904487668,-0.44183997725557117
118,1.0771765455000406,-0.2669249314538266
119,-0.3388721712781147,-0.34983722082173285
120,-1.1013712791596597,-0.22699804842234966
121,0.09480908378623515,-0.36850640169077215
122,0.6083228037506382,-0.43070481921656456
123,-0.012267195574406477,-0.44666402423108764
124,0.13162911500437616,-0.15000083896925973
125,-0.23108845483160959,-0.12508447362666944
126,-2.983322364591739,1.0819973911163325
127,0.6305071135208166,0.2526611401433626
128,1.7967760691777013,0.14881378705845266
129,1.8013984900059357,0.35522048051827726
130,2.437192841112826,0.261495883431772
131,-0.4467199699621657,1.359707224498919
132,1.4088340989237969,0.6345467738080061
133,-0.04278560412969275,0.23374603567739766
134,-0.7508269015771235,0.3468053020822233
135,-0.8237514574041219,-0.08651917330823836
136,-0.0890636790961975,-0.1990892145592985
137,0.36739182798271725,0.03378091108628763
138,-0.18563204632314598,0.42317931484026294
139,-0.18797480895193217,-0.1192379344524763
140,-0.13853635621023416,-0.36105242245593283
141,-0.07293311894274325,-0.34344789296482015
142,-1.0413227541954089,-0.24231018972906582
143,0.008138078512125434,-0.36626884031376744
144,0.6243285160686233,-0.4824560064536361
145,-0.1599982771548282,-0.39364211982556324
146,-0.035362637603443194,-0.4805784225610798
147,-0.7988149812159011,-0.47919610758136894
148,0.26733459277220867,-0.47242695878353524
149,0.09922414435047384,-0.4640836272177581
150,-0.053716652931103025,-0.4789857791111771
151,-0.5112317920874767,-0.4013353905726297
152,0.3046289112891259,-0.5457271417986294
153,0.9284565609334233,-0.48235610524643585
154,0.39005422105982385,-0.5426449740441829
155,-0.3139345820936176,-0.5671874947345864
156,0.3469534535268418,-0.5262132706370428
157,-0.5018578208621791,-0.6054794591025177
158,0.5266158984801974,-0.5345288522576231
159,-0.1282807822896069,-0.5392591871230221
160,0.05953405201005125,-0.38825160639179646
161,-0.4578538177082894,-0.5048927758037741
162,-0.4871204794714861,-0.448234292286177
163,1.1067276820575038,-0.5912274420928044
164,-0.16554228325997414,-0.4219764974149227
165,-0.43416590525794513,-0.5475494155429613
166,-0.5205287121980254,-0.4287556563563765
167,-0.2984053449944371,-0.46185597725083605
168,-0.12315954419406952,-0.45360990493374176
169,-0.3682884376698483,-0.39195298631737907
170,-0.5671942805465553,-0.31930490039139076
171,0.054276305658529346,-0.4480337421876208
172,0.874884067877465,-0.4622659383023375
173,-0.317193361109039,-0.44844068507688944
174,-1.8700805285071394,-0.037282640964287794
175,0.29853723971959445,-0.2869097716123126
176,-0.39892358168137615,-0.3933124892350555
177,0.03585973950044408,-0.3944808548101279
178,0.8200163885409713,-0.507596585945253
179,-0.2581086403742512,-0.5142239221029902
180,-0.34420732181500385,-0.37857900214611384
181,-0.2967149885549438,-0.4629291136224156
182,0.5496907539706505,-0.510119240553709
183,-0.12604146866057628,-0.5476992309251429
184,-0.7188961003584269,-0.46304541165575813
185,0.5577106986840811,-0.49812112688849963
186,-1.1478114965705222,-0.34124265976053114
187,-0.7431477810698618,-0.21931254049431032
188,0.0011589658568907039,-0.47486514168652566
189,-0.6198463869325276,-0.32447233091910754
190,0.01665848742705662,-0.4327303937122278
191,0.5365083548911849,-0.4358139661742711
192,0.5802873673474463,-0.48973972717420206
193,-1.0361884519756503,-0.36861325895827624
194,0.06547553684111887,-0.5438636313442831
195,0.2881991818087333,-0.4575164131007382
196,0.6139837432520446,-0.16789228641222254
197,0.6036019283064832,-0.3290432560280349
198,-0.17028767058387204,-0.4339560512437952
199,1.15446984494885,-0.23852688081416862
200,0.22341201408220487,-0.40276724984856527
201,-0.24532614595821017,-0.4678339630184521
202,2.33917251387458,-0.28033660393613985
203,-0.914978163637915,-0.2847701392465554
204,-0.37872174054388413,-0.38497615608958347
205,0.1252017058365759,-0.5014878804250565
206,0.20881250377915758,-0.408594563618132
207,-0.037883141128142665,-0.43107603377284137
208,-0.43356939083066637,-0.4296865304735526
209,-0.5307106860097707,-0.5023937401517427
210,0.1648101787867183,-0.4663510294442658
211,-0.14427538824808803,-0.5123072518928204
212,-0.3281352529694203,-0.5271661792433369
213,-0.6175836785705037,-0.5381073858834856
214,0.42929831197445995,-0.3346604918641361
215,-0.81119221515336,-0.3789556958643708
216,1.4618239620705578,-0.3869974237027075
217,0.6130637395612656,-0.3928595843440432
218,-1.0080850723692263,-0.3559522470115001
219,-0.7718167715916647,-0.40235943108941163
220,2.730238938670172,-0.10749877847526629
221,-0.6370020004937318,0.45687175991046725
222,0.3542798360491532,0.057890979041674825
223,1.1235930067651012,-0.2595789389685447
224,-0.4699176838810258,-0.36098396075215494
225,0.8660019137847214,-0.24574036135828697
226,1.3132593516969426,0.3635055560032353
227,0.8657929025298429,0.20738077441344205
228,2.78054711703559,2.656661481600488
229,-1.6290077692408687,3.1197548223552
230,0.5007174980174411,0.4444177100561487
231,0.07808892865999231,-0.13943555842452957
232,-0.2879284513732363,0.028101161230875804
233,-0.0719808599701718,-0.11088508242222028
234,0.5261234022835958,0.17769891557995704
235,-1.8932103217208283,0.014977249350192887
236,-0.691479450149012,0.13337934698352155
237,0.1640306378000248,-0.2802033088018219
238,-0.16638303317816935,-0.41037682145422794
239,-0.5823163029258315,-0.4936941712671757
240,1.217932112148723,-0.4919127724449217
241,-0.8761079581396581,-0.46970858609454325
242,0.08082342087324941,-0.4794630352491115
243,0.09174755275295796,-0.4560339801753798
244,0.17228376975539425,-0.5287237531522534
245,1.4189176524240403,-0.39181562093037847
246,2.913157526967741,1.6655391640585953
247,-6.028466676367555,4.624631074118174
248,-1.9989679933894628,1.4617962969157792
249,1.4046984989202154,0.07533677081981839
250,-3.7910849428463043,0.5491689860191464
251,-0.13388814393130938,0.15477185983803327
252,0.6331638312789684,-0.4087797218862428
253,0.47736424596369653,-0.3781376111348109
254,-4.513836920026888,1.0704947227031913
255,-1.26398576642976,0.6126070439152664
256,-3.5769181772889564,1.2199906790108908
257,0.6258311803802611,0.40624089321010604
258,0.23850875965409726,0.5909991193467606
259,0.6656730458683157,0.2940630208678335
260,-0.10817500407383196,0.01835664520922163
261,-0.9810644628495447,0.2824244299838581
262,1.1311913683032768,0.354114880829596
263,0.7103376918585164,0.37470259838343256
264,1.1651734317589537,0.13965199490561564
265,0.2721870274147708,-0.35200213730149577
266,0.4865421346268871,-0.23538978668601018
267,0.2958360102669952,0.06798662213283625
268,0.5300736291681024,-0.1722250203820861
269,0.29186386633769684,0.18945035210368855
270,-0.10262268789570991,-0.24974308064313483
271,-0.599098060616434,-0.20338301582949264
272,0.7092865347636473,0.033329456282234396
273,0.5124414491218761,-0.3053935995441146
274,-1.2241907088356856,-0.21543421125792445
275,0.3868220203782859,-0.2966548947684667
276,-0.9170951198721105,-0.20489884102475286
277,0.5223529579134296,-0.3874942747117331
278,-0.05920339063957239,-0.42769015036048913
279,-0.3871335512356166,-0.4909034703822435
280,1.5583437337951493,-0.36566992451686975
281,-0.44482293319546246,-0.5210549647419024
282,0.2922619668566114,-0.2654092839977755
283,-0.36674846519203863,-0.38809070538453594
284,0.025998289272273246,-0.4414065574529463
285,-0.7729459834238753,-0.31610628076143127
286,-0.013518575331737252,-0.39117876854552686
287,-0.269088942976078,-0.28258801230510605
288,-0.6284927888085352,-0.15681604890762357
289,-0.6915993911414926,0.0930435249819614
290,0.004805697342897019,-0.18614181587316778
291,0.958283825720925,0.08217238588774624
292,-0.8676080683544448,0.012325416954560381
293,0.6184793312477346,-0.17233604843367592
294,0.5878477528461481,-0.03009926959790217
295,-0.46193167963458376,-0.09795507735537708
296,0.3138097476105263,-0.07575724767413455
297,0.032646421258801066,0.10700206825033683
298,-0.3406401590524724,-0.1706592865845427
299,-0.031023280648432086,-0.3439731303029844
300,0.5657767554440586,-0.4647591078836704
301,-1.1867617811454192,-0.26794079863789505
302,0.2274598221153664,-0.28117393997973317
303,-1.3643973020481288,-0.07653789707264311
304,0.006522275607016152,0.47598996516641723
305,-0.8496821571323067,-0.14525087922234037
306,0.7060356048898098,-0.047979344347808324
307,-0.960726772937169,-0.30453483291715644
308,0.3362035713509961,-0.40855037363515273
309,-0.42513823227662634,-0.33044521881201366
310,-0.10002851556696862,-0.19722310285233008
311,-1.7318161631793583,0.06764371388951428
312,-1.715849672403207,0.5686094071544315
313,-1.4442722109623245,1.3456033007809554
314,0.08222490080247308,0.2116709049084884
315,0.6128267638205454,-0.04222511686372113
316,1.4603666978331853,0.5109114755414239
317,0.27015748878583906,-0.04365319028246528
318,-2.6888824591147364,0.6143824336533984
319,1.7715585971331784,-0.07843159403911953
320,-1.886912401878724,0.06566571027307679
321,-1.2784404793876012,0.4691451613985018
322,1.1029169167023805,-0.018592762299213403
323,0.6380863017950227,-0.19422258149536795
324,1.2360442322094485,-0.21058590424314547
325,0.03485118775264189,-0.18324819043745416
326,0.47282804835762265,-0.1340901651581357
327,0.5509679246566307,-0.35467895133252964
328,-0.9847023168511393,-0.31285379956400017
329,-0.7096849017166258,-0.3177917684641067
330,0.3484609426659145,-0.44749553868807196
331,-0.17248441346576632,-0.4365392145233725
332,1.2680250931493624,-0.3990549462365809
333,-0.8989500017643306,-0.41471549027492044
334,-0.617789008936889,-0.3036482277913327
335,0.4098770990076818,-0.2729440349524106
336,1.8371662003816915,-0.1202329985120781
337,-0.1771682735295525,0.02287629379454527
338,0.5810425091928282,-0.39105806179406116
339,-1.0853330719128984,-0.3110674931202505
340,0.9762844236046477,-0.4796497724737433
341,-0.7410690976358145,-0.42435420321247197
342,0.2347420073378488,-0.34674800386770066
343,-0.8931101824124318,-0.43205817476487407
344,0.921179462156467,-0.5023742667970844
345,0.97424452977461,-0.3524370535269327
346,0.28636141626223494,-0.37579158300698445
347,0.1786805504594679,-0.5370823561457043
348,0.09278601024984437,-0.5565587576383851
349,0.9346876544860827,-0.5194478823304679
350,-0.12373409079425665,-0.3913753033528457
351,-0.08427277857778659,-0.4906821093569013
352,0.02087480830066501,-0.49877991529750193
353,0.08456483689128617,-0.5500515092519815
354,-0.7929394449621611,-0.3882722427640672
355,0.6876967956685723,-0.5845706339523059
356,0.2876465052263858,-0.5247503167914589
357,1.0554176359090433,-0.37106620089485925
358,-0.5505123503016601,-0.23808097092759262
359,0.9552350701029495,-0.44521025033692296
360,-0.27461490643774283,-0.38752271094868
361,-1.1759475443069054,-0.37307908666209694
362,0.5763062141643185,-0.49117372813103366
363,-0.360745636059263,-0.5047440462952144
364,-0.6056098826256006,-0.46307780529300396
365,-1.1798358559126425,-0.2425273618326284
366,1.7951685644681759,-0.4942896985884342
367,-0.5049213018003819,-0.4183411684996857
368,0.14451677499897614,-0.5407044089846829
369,-0.14956400914285042,-0.44843102122076284
370,-0.2750546722930799,-0.48356998634164544
371,0.3633089632266223,-0.5373114834473078
372,-0.4684888168861,-0.5120206836071141
373,0.3123553981473391,-0.5565802102819225
374,-0.5093520011879248,-0.4850511416410781
375,0.40194928479823444,-0.5746081971185986
376,-0.3491651032856831,-0.4253448562348563
377,-0.1652649341009331,-0.540795751347505
378,0.4342717905172134,-0.4674259362000063
379,0.992425674207391,-0.5327583357216493
380,0.6554008950063283,-0.4727429657318466
381,0.07470274338541744,-0.13542346110117937
382,0.1685248024206586,-0.16415549054489262
383,0.0247348130058285,-0.4021530783415124
384,-0.7197023556286544,-0.5000327519752763
385,-0.3039561436627192,-0.4614893054964902
386,1.9055854687354978,-0.23265614727744083
387,0.3120752976544631,-0.19160127379066194
388,0.4088788538894787,-0.287725702557885
389,0.8812386393031868,-0.15502454411482752
390,0.7856979818967683,-0.011169974927316167
391,0.21322775641742495,-0.23167157509437503
392,0.4560368231837135,-0.3873718593540063
393,-0.382949295188265,-0.21103751046248764
394,-0.012920466299700605,-0.30839957210614344
395,-0.24651304394999862,-0.4075343744390368
396,0.5821653997847124,-0.34857703225328207
397,0.08224193116307338,-0.4044095586225315
398,-2.8165222534194525,0.1272017734636524
399,-2.639592959266791,0.7250034864350274
400,-0.6350768676132654,0.021168890102266538
401,-0.9579899812203041,0.3603021807387922
402,-1.2119370310050581,-0.008917186978175048
403,-1.8532232886201767,0.1968711536831501
404,0.48368848823628285,0.015345112697447039
405,2.6706482039722137,-0.24514871899977952
406,-0.6511490572249435,-0.17521322234458908
407,0.09502312537588907,-0.24420175007211115
408,1.36629607103133,1.10237461194766
409,0.5578496248465856,-0.22911578310594322
410,0.13175342512118826,0.024913102644753646
411,-1.289639335083635,-0.20632435411032074
412,-0.8935104276336824,-0.07393146621050585
413,3.8974613731416112,0.1971065151671067
414,-1.0014998326296811,0.12040964298245067
415,-0.5002029149960597,-0.03677230411392238
416,-1.087542210970444,-0.09712197411204339
417,1.287439730538197,0.19466211954389817
418,3.5468132594046753,0.9864510543449313
419,-0.9078004326480721,0.8783592680279891
420,-1.6836058159115788,0.6865889494108891
421,-0.09094331657040125,0.14413309317157197
422,1.6643582172503686,0.3917057204836731
423,-1.6417101775436131,-0.11505864135517042
424,0.34090493726775395,-0.24827193494980448
425,1.2841283171362632,0.17010857586253225
426,-1.0873358829655289,-0.04766220957997361
427,1.2265890408282776,-0.19956796401582277
428,2.003560471286597,0.3391438722217218
429,1.2154712258723703,0.12168816187685476
430,-1.4720095183210407,-0.21862665461561032
431,-0.12570935670994426,-0.2969064118175292
432,-0.2951479737776337,-0.27890315141571664
433,-0.031257615216023375,-0.39971009470727675
434,1.0720614726673239,-0.4423138330290815
435,-0.347986361178631,-0.42739770604814586
436,0.0833406301413603,-0.39610292511189593
437,-0.6205007612108803,-0.4257785865344444
438,-0.377076592117555,-0.43043572460145574
439,-0.1830430564823096,-0.45157881522059834
440,1.026958382095139,-0.40726900329180366
441,0.2750212980867035,-0.46475223149482103
442,0.32375583848496475,-0.4659922957451481
443,-0.26525797203995677,-0.49103888661930206
444,0.8263933712727421,-0.4811829237673404
445,-0.6988741213464423,-0.45520742710772216
446,0.004396588473582449,-0.5359962353919617
447,0.10096510568283606,-0.5396459427950404
448,-0.3061341948186129,-0.5629198357333857
449,-0.1463037503056335,-0.5670595991424123
450,-0.8679793289772736,-0.4453637702306971
451,-0.34941614598764625,-0.38116084910605486
452,0.22900046643161892,-0.5202132673773378
453,0.36803176351787015,-0.5658757685563334
454,-0.5523645635713981,-0.48498098106513104
455,-0.010915812084497213,-0.5307434705305708
456,-0.788706153030967,-0.453656568497775
457,1.1028559843487546,-0.5688843156219268
458,0.4672142670538216,-0.46886895716482935
459,0.6430622555442563,-0.5410877192474333
460,-0.3918230241079084,-0.5852922739979882
461,-0.38363640249518594,-0.5795214424210821
462,-0.3658507013004775,-0.5053717844074617
463,-0.3812100510855068,-0.4795686718363774
464,0.8614271308108646,-0.536139391249312
465,-0.4637800029329061,-0.5911677919498868
466,-0.49090941058253196,-0.5516306438736436
467,-0.34670839983919644,-0.5379332076072243
468,0.030739770251670226,-0.5831554746296698
469,-0.2812134984352467,-0.5475894471769841
470,0.5601215844127855,-0.5145570765461105
471,0.1200309635379842,-0.6151433670010609
472,-0.48159148288533615,-0.5277988580073174
473,-0.30803484908586237,-0.4890304042226359
474,0.2322535460669458,-0.5732648062010862
475,0.44523005890143813,-0.6114951026767482
476,-0.4881133119008565,-0.5820849492909292
477,-0.22895868174136397,-0.5876107538211173
478,0.05964603923827141,-0.602035858996926
479,-0.1660153383776404,-0.6006313212473988
480,-0.8730328989154416,-0.4425433732149544
481,0.3431218005634017,-0.5260404144084532
482,-0.27841686749775235,-0.5025923013888213
483,0.6105846173549874,-0.578072042283464
484,-0.11708760831788866,-0.5414228935526205
485,0.17796252479397034,-0.5460265810930968
486,-0.10976839606101242,-0.5843857508811022
487,-0.3245130571515546,-0.5371859821126193
488,0.487523533711273,-0.5877718717914046
489,-0.10766539244352014,-0.5729153636249548
490,0.8190310625951891,-0.5507606457402878
491,-0.10224043581864545,-0.5102432086004877
492,0.1559280643134625,-0.5480397090075182
493,0.23024598273181598,-0.5923476125475109
494,0.12853962751030118,-0.5715017334785035
495,-0.31597203810902974,-0.5505917269936637
496,-0.5097591771692679,-0.5259787598344206
497,0.07770727837359212,-0.5863680428875018
498,-0.48670063342295883,-0.3699363206320942
499,0.38260050044209937,-0.4801234301727708
500,-0.3761419685185609,-0.49247557646282225
501,-0.019315017568874673,-0.5615721670401639
502,0.00842685154052244,-0.5370633159052127
503,-0.2126220859434413,-0.47418363197170366
504,-1.0170346292760202,-0.26277807631002176
505,0.29277863693926964,-0.3665202404774778
506,-0.7671431303640399,-0.4374466969163191
507,-0.9743844777765585,-0.1933869820225566
508,-0.6668815610287369,-0.3602084092922881
509,0.13620767562678412,-0.3400743095369095
510,0.21083696352450212,-0.3411604545026239
511,0.3672113026812814,-0.27008762524428914
512,0.11014046592862484,-0.42361351155543425
513,-0.16359876229088113,-0.5153124237755042
514,-0.7694244757179824,-0.4587692581297472
515,-0.19745821895118004,-0.5136531409607454
516,-0.9742244244102948,-0.35008954908806966
517,0.8375282428305512,-0.5206534044287302
518,0.4152423465119815,-0.528646900759524
519,-0.11953485143743897,-0.5348130703080848
520,0.45616515738159064,-0.5270790463459576
521,-0.21220395892620297,-0.5720364041843812
522,0.016021979495128222,-0.5926559385643999
523,0.6297941948005464,-0.57718516883901
524,0.09667927757310037,-0.5746980330017627
525,-0.3435408021241158,-0.6107381268811246
526,0.7928351032886806,-0.6224637163442889
527,-0.32783764732817805,-0.5348601265340112
528,0.11220931207732807,-0.6183951472901948
529,0.18275133883541944,-0.6440931173764274
530,-0.015499229265242586,-0.54336619493671
531,-0.23032256039940066,-0.5711189022935634
532,-0.4182813389547513,-0.5587225679199873
533,-0.34272799318144964,-0.561136892712094
534,0.43790348152364217,-0.5997039903385637
535,0.3061726130752803,-0.6159729196692152
536,-0.02323694386389287,-0.4686286239199009
537,0.05644619470955393,-0.526277228322567
538,0.19682353878065886,-0.5267440493932004
539,0.27851303102865793,-0.6009069768619051
540,-0.6281992210109012,-0.5749273693104127
541,-0.45550339736867085,-0.5998127204197948
542,0.4779685287767064,-0.6111124086630323
543,-0.17412959304382994,-0.6185870944468953
544,0.33805096140037344,-0.4774964455073311
545,0.35788347971150913,-0.5617885477905611
546,0.11831480000517608,-0.5395584793395946
547,-0.1226166734902846,-0.5650914396747558
548,0.42719253609128305,-0.6048918352988454
549,0.702962513864739,-0.5054728437191772
550,-0.3862162518175282,-0.48917479515510653
551,0.380968624438305,-0.640955230860022
552,0.06021762528929157,-0.5503524567791431
553,-0.16397719749841122,-0.5262803406122246
554,-0.03281001826928234,-0.5458854654879999
555,0.4039358514031613,-0.5821822266928607
556,-0.6939965820620979,-0.4916990877211099
557,-0.2258055048740403,-0.5524460664933473
558,-0.26673490833957214,-0.5030415733319077
559,-0.09792280666972449,-0.49351819397562435
560,-0.10599966782730931,-0.5972592653653076
561,-0.34483297512376127,-0.5962309679228266
562,0.14438782425439228,-0.5088386472695356
563,-0.3244918881214374,-0.5274941381523717
564,0.003068454326944135,-0.5167514676661991
565,0.34958456184277403,-0.5668648326995729
566,-0.2921210538269002,-0.4788585974520184
567,0.28063130974654604,-0.4652685521496918
568,0.09199720545496742,-0.5877693506347277
569,0.24596072894868937,-0.5939536972757989
570,-0.17774141500384688,-0.5156219685247412
571,0.30190185757795446,-0.6078443193406337
572,-0.3713433677795882,-0.5708537531883412
573,0.3419928050026546,-0.6459519466366412
574,-0.26634615947117984,-0.574427396537672
575,0.018308567611479233,-0.575713928924174
576,-0.7239038407502723,-0.4894211451759572
577,-0.5187398067104169,-0.48134330223962263
578,0.1498932379358985,-0.4487899644031864
579,-0.4615728299444826,-0.4788212199015609
580,-0.08132568239854089,-0.4165434380624363
581,-0.19534278015979417,-0.38327298753337474
582,-0.6705439984292006,-0.4043933807406794
583,-0.30390450940761166,-0.3357658315371282
584,0.8229522370655853,-0.4978677552053106
585,0.28198185801857806,-0.6053641817730251
586,-0.3911554694470827,-0.5874919403106297
587,0.6656325887731107,-0.5814966447725843
588,-0.13578942398142277,-0.5282963098879982
589,-0.15154349230263686,-0.6026036596221478
590,-0.4985068915875415,-0.5706018510602555
591,-0.3371881882767601,-0.47739531942107455
592,-0.09918510094145541,-0.5488128048949552
593,0.4130171410753637,-0.595670566453196
594,-0.6368411331639839,-0.443662290946072
595,0.24058275039890953,-0.5110633477572426
596,0.08272990240568207,-0.4839663437724592
597,0.2890649249566699,-0.570976230838513
598,-0.1398011262883186,-0.5335327558020574
599,-0.06466195338401755,-0.5274256695920199
600,-0.6919832583201869,-0.36067560004491617
601,-0.5160970376615676,-0.3179170977093624
602,0.11863123515982973,-0.2393654793196227
603,-1.2458695410538059,0.22824967400077267
604,-0.6139940166301373,-0.11619897566397838
605,-0.8858179907705808,0.34430400262945365
606,1.7338808770219647,-0.15322738375509248
607,-1.1941408481419864,-0.188029059299965
608,0.9220082530314477,-0.36660621424026196
609,0.6683243476487547,-0.32764522164415194
610,-0.6316111163917044,-0.20839936292176564
611,-0.6380621037310165,-0.4212421879124499
612,0.8377921118019711,-0.4880326320578952
613,-0.3786858643420124,-0.4590853244322549
614,-0.5901336547128231,-0.3576463337328323
615,-0.01118857850636055,-0.34010718048789235
616,-1.0656003988084362,-0.3115927904479287
617,-0.7132243714829593,0.03928818259564461
618,-1.0289779060513349,-0.03876198042106937
619,-0.5786450019887102,0.2051246880470582
620,-2.1265930141252936,0.9663398098672452
621,-1.138548290881728,0.6325616308274228
622,-1.6292129330330796,0.6788854789309006
623,-3.1158464560449635,2.2488615778931953
624,-1.4830816266033042,0.8254622852633337
625,-0.35279924694712733,1.3135273609217823
626,0.6862962160365229,0.9939311488577448
627,0.3675491402690935,0.4690895159841517
628,0.01257226692441763,0.0552446116222048
629,0.5832211073419838,0.0823917296519849
630,-0.6284156427155786,-0.003382383711070122
631,-0.39417456445582066,-0.2797956206859163
632,-0.7039793503218075,2.0102172293032594
633,-2.0879792659807612,0.28001845420751004
634,2.0502926273862196,0.19782554473090447
635,-0.27024426361906434,-0.05316079463217773
636,-0.26616944839641515,-0.21006863992569147
637,-0.7685680530155744,-0.3989089335465427
638,0.49836914662246173,1.1304953715773567
639,0.09316285421115933,0.18967268447476526
640,-3.147903435111705,0.05196807773811467
641,-0.536182420553803,0.3779076159821865
642,-1.1428633781664088,0.8331609248895736
643,-1.779445545750034,0.9557525703680364
644,4.127101228023881,0.25893982684767014
645,0.21511767405422758,0.10301936423974746
646,-3.3697198384694245,0.5355771049465463
647,2.9756651071285907,0.06354379886571192
648,-1.6547355861927346,0.25544420272501495
649,1.1284694658726326,0.0683598743426
650,2.41831607539423,0.037920008498733074
651,1.1252244377025258,0.7045145901272419
652,-1.6210548412441452,0.16649963723603445
653,1.6245916115810337,-0.20584309356401093
654,-0.6183689566279039,-0.19246430162549302
655,-1.818479332918071,0.28573348330895804
656,-0.7509720577998396,-0.1486543662679366
657,-0.19029252847769793,-0.1943030206758467
658,-1.7431847656396775,-0.03131687802025898
659,0.6141917359389922,0.3496305319545636
660,-5.753409676956341,2.030077037819771
661,1.9086059375319926,0.507997643409293
662,-0.7958330728683473,0.29569376632511607
663,0.6630893785330197,0.09413516209298901
664,-2.638860318725733,0.23456577988427746
665,0.8992653273945362,0.31795041083949943
666,0.3304021367041868,0.23130686351359453
667,0.17033826435198732,0.1336913189142237
668,-1.4316446093394344,0.40134611413958704
669,-0.37127474583612186,0.2685333269134789
670,-0.45741864516288216,0.1006323367975427
671,-5.450625493224787,3.1194163849864434
672,-3.461541170114611,3.3655724480027622
673,-1.9873658998174826,6.699522003976268
674,2.2713629077888577,2.078893496947531
675,-0.045905902505038794,0.9853269873888401
676,0.9832406246810793,0.6758969734808954
677,-1.466057283564838,0.6463929347189824
678,1.459427137707866,0.9078049728685628
679,4.415501855117211,1.3123135215155297
680,2.0679989982774263,2.2355058168216955
681,-1.6886365990896668,0.8439257656338639
682,-0.8565619037557191,0.19069797433184482
683,0.7201104046082756,0.24642828010430873
684,1.7277659160097112,0.08843250699220483
685,-1.7524430861771418,0.3477911755173788
686,3.143654413607138,0.019418481869505302
687,0.9453289605575037,0.7732590352964562
688,0.2690738466750631,0.3806371328529087
689,-1.8592685362012442,0.1534563145856987
690,0.690906681313486,-0.07127154990981946
691,-0.41622140347979936,-0.027948206428739686
692,-2.1886220196195167,0.21829158379702895
693,0.46720580924219063,-0.21819884092395253
694,0.252950716779965,-0.019200567588002163
695,3.520954569743159,0.33566531776832265
696,-2.155010935985228,0.8448561962863629
697,2.1025837975618087,0.5659334635167249
698,-0.6044732503555491,0.6379956832990981
699,-1.3712958433428235,0.39017715155955085
700,-2.9881362507599567,1.4859323388755379
701,10.574304479377831,4.4724958008732125
702,5.139193170320843,4.773787655677382
703,-5.610983019308414,9.209953638333019
704,1.7093159876821489,3.795121472582363
705,1.6775242646940163,1.63817952588261
706,-4.0696448994946595,1.7731454815656957
707,-0.026455839976586508,2.209098528913956
708,3.7523658645536164,0.535317803727598
709,-1.7942067447423329,0.025990947922628252
710,-0.8301642955122566,0.056885640357790576
711,-0.12582870765919293,0.2939593126387906
712,-1.5094667744659886,0.18608897134784197
713,-2.016660353353022,0.15602807430511967
714,3.722959175378445,0.5280621561912652
715,1.3603583102482346,-0.038869992865132666
716,1.7237255215428335,0.06625988711205134
717,0.09453609547013421,0.351384958165632
718,-1.0994773893341765,-0.0511545261353966
719,-0.716702558322732,0.03826682768294788
720,1.1184609922134146,-0.16142625888035322
721,-1.72844227965627,-0.148000209526734
722,-0.5759871701770168,-0.08634406289835775
723,-0.1876163718061398,-0.08096922400940845
724,-0.04799303451963214,-0.2183530739041672
725,-0.18624390314935818,-0.22031212152536056
726,0.7201810419568708,-0.4155208521654991
727,1.9015461991255032,-0.3996046203737847
728,1.8099158149718282,-0.3202690156382402
729,-0.8468525579885481,-0.29178462661569626
730,0.29775999935527003,-0.30334438368285727
731,-0.8973280026279198,-0.3190982421781927
732,0.05039026643297244,-0.4995324375510241
733,1.0311175300400506,-0.24542495398236552
734,1.415297596342882,-0.35965264850431816
735,0.8777327280281243,-0.3112190815804703
736,0.14695063921890314,-0.3117589721564012
737,-0.3121068327432133,-0.28052980475814066
738,-0.8033758196415098,-0.21635622946787425
739,-0.1316214452752288,-0.2759954979425208
740,-1.7771334028868822,-0.20375559690564363
741,-0.2609548742078695,-0.35974363339999066
742,1.3304903538551822,-0.31235754402369315
743,-0.7682393298762245,-0.3575278223847987
744,-0.1906706035871662,-0.32450683596248336
745,-1.32878976049491,-0.33971719814243845
746,0.9266804151193985,-0.3638453301102396
747,2.2022397527350477,-0.21248643528985434
748,2.6841467457823067,0.050116795473382256
749,0.5093178905607709,-0.08072789216465079
750,0.820027379390566,-0.07166150938902213
751,-0.7289449664226144,-0.15369935803427628
752,-0.7755628184904583,-0.1138614463098059
753,-0.8138191834656113,-0.213876887344258
754,0.11431485250034977,-0.43097858672548034
755,0.5723259074841208,-0.26856480092585444
756,-1.3644813299341303,-0.31994528680884954
757,0.22041353583128157,-0.40286174276625764
758,0.6893740013953475,-0.48644073902556173
759,0.7919614510952564,-0.4458995301865402
760,-0.15409518071573775,-0.2746698677564209
761,0.21986014653371613,-0.3303502328655005
762,-1.8279299606544355,-0.2787035048830405
763,-1.0113489026994775,-0.24256042640641845
764,0.4298018638109406,-0.48176117054822354
765,0.519107836486423,-0.4275790065764302
766,-1.6002994996415862,0.012032185224472483
767,-0.3148055911759762,-0.31064212131434626
768,0.33244733504552676,-0.3215172719492522
769,-0.632028820348279,-0.342341024706252
770,0.07224040222730158,-0.35228234667830116
771,0.5304276168019192,-0.3713326864462406
772,-0.24674782387761832,-0.31400883201641694
773,0.2788336481925412,-0.2930731365231606
774,-1.6957458854864416,-0.19630374450295554
775,-0.36944436880154025,-0.168194381751341
776,1.1728495544346438,-0.31890284218386183
777,-0.09271242903806497,-0.438880772208824
778,0.009853062277829934,-0.26558797265059153
779,-0.9086634753055252,-0.31035713427762834
780,1.2725656089473272,-0.36065563910292914
781,-0.9854749274007819,-0.34389482458857545
782,0.09949070058831269,-0.46755295144309444
783,0.3562732871762478,-0.525471245977333
784,0.42049529376930933,-0.38653171217566235
785,-0.35352032871556127,-0.4537433728952192
786,0.692124947175794,-0.3337738904294449
787,1.1623162707337649,-0.4168607106368907
788,1.2416184514196351,0.1760216047972719
789,1.6930014551710764,0.24339643893941604
790,-0.18428415438877074,0.4711927342112834
791,-0.5419386422163878,0.4318499081477579
792,-0.9797411785868938,0.190464827074601
793,0.6738025122659665,0.4668828683986218
794,0.7722622225883063,0.8078247161669903
795,0.841232867876399,0.09876218446996114
796,-1.4498729401495356,0.8397068795997265
797,0.37558342591437033,0.12634026249340685
798,0.4868167278347154,0.2159052926296065
799,-2.005385465919281,0.060898542632084676
800,-1.5415553922488816,0.1886679663990014
801,-2.295596802571041,0.4889897037265629
802,-0.3666807624138673,0.19081189900297657
803,-0.3256191687853857,0.22676137452236905
804,1.2594532205301903,-0.18837158191646192
805,-0.5188783431513166,-0.24527256144627868
806,-1.1025061778819811,-0.14786854403937594
807,-0.2575597358354087,0.1926307943307305
808,-2.9858302521855378,0.4320899274542852
809,-0.797253424271196,0.6155929043976854
810,-1.6453320942031195,0.591310272856447
811,-1.795978040381154,0.5068603586389234
812,2.919116099922749,0.7505597979809704
813,0.396313390507475,0.141222290358486
814,-0.8736984985478505,-0.008586330063781997
815,1.0304293119821735,-0.15538830668071146
816,0.050102693685038065,0.6071352206887498
817,-0.6370933046171917,0.03615839044270637
818,-1.8627743404973158,0.2430376539314289
819,0.4632937430072154,0.1688720072245149
820,-2.118006799206813,0.32255546611025354
821,1.0732940175971493,0.5396156289174616
822,0.31234276997486826,-0.2397103083117888
823,-0.6654287335247429,-0.32631391462393783
824,2.2803651178896396,-0.22613880058442648
825,-0.2410400207029251,-0.3327814433038861
826,-0.6678276734508312,-0.32724621722345815
827,-0.8649179884230178,-0.14380330624140536
828,1.2253805893564635,-0.39546302945715267
829,0.1889566452855795,-0.5570690106308376
830,-1.4652494888399914,-0.32108308162369825
831,-0.3472364089530309,-0.18646834473656343
832,-0.7738747670651144,-0.17903883932777032
833,0.8987405236953628,-0.4114602780309037
834,-1.2103076993905075,-0.21870759758318586
835,-0.5653384965884327,-0.19048335150179924
836,0.10631951630177625,-0.45156228102477103
837,0.11648641312544336,-0.320139537102959
838,0.9705453882183545,0.07810811536780173
839,-0.012675908975126098,0.015273594789980596
840,-0.6152126224396035,-0.06339698389187616
841,-0.5960592280954854,-0.19162368300363855
842,-5.295858336070431,0.9234453855365009
843,-2.897351714874691,1.9067705667737578
844,4.193818931368341,0.6744479500942288
845,2.614075101292402,0.1833093921338118
846,0.9370095986205733,0.15447263388476834
847,-1.5427244178627715,-0.061363454182756016
848,-0.9367864792715671,-0.1658800097657293
849,0.0041771251626315006,-0.1507133734946984
850,0.2636125797823809,-0.2684046254688879
851,-1.350299895296611,-0.19339118475192135
852,-0.5747867848689542,-0.04825266036820908
853,-0.4611957990807963,0.06285620719104264
854,2.7949995062461657,0.5569878839046934
855,-0.47611324343693434,0.05303710045420533
856,3.3300559563404044,0.35324582271444765
857,-0.6524374762727608,0.419278305190957
858,0.37457240003269027,-0.2000928081130594
859,0.9506645484588097,-0.26375848046862016
860,-0.3773429247767152,-0.22765164428496037
861,0.519507521637573,-0.4416083147199282
862,2.4524796363411894,-0.1518457968149951
863,-1.6530863874775126,-0.1606100856984661
864,0.8563613618069646,-0.2781033434117585
865,-1.1222844132297467,-0.236604296072988
866,3.2376121842839973,0.8534494318243718
867,0.23409243898424956,-0.13395468454776588
868,0.8217165136667323,-0.05957462295365215
869,-0.889450878111213,-0.34703396942747494
870,-1.0819081671834128,-0.12070875144681988
871,0.02741029405043141,-0.3223246913563602
872,-0.3497898061406962,-0.23117112606317702
873,0.44752613199279934,-0.3230538630435828
874,0.11901612124253746,-0.4298862781042252
875,-0.6403121177214902,-0.3771316050399257
876,0.4618828576996396,-0.36912071879230707
877,0.14031168237557884,-0.27671065811638257
878,0.21215169436471973,-0.19932325381485566
879,-1.0431466065778852,-0.43740115858472933
880,-0.4780005344577387,-0.28979446359714445
881,0.7371704263514981,-0.13617612478676566
882,-2.683726071287075,1.7715195855260562
883,-0.1478956961147355,-0.013271574641396486
884,-2.8092929457960882,0.40848646205860095
885,0.9261589522892741,0.37950690808802057
886,1.0283388317103423,-0.19296231415270743
887,-1.1365841580000768,-0.0441408041485265
888,0.8699119690167118,-0.1588190235116196
889,1.188419543588911,0.10984534599220276
890,0.5999458157148444,0.08871457670838183
891,-0.6548084047417251,-0.2513925459585949
892,2.2945062516192847,1.2230873760270706
893,1.1496183604781065,0.238563132509658
894,-1.2400871776079805,0.4640923805502972
895,1.170540723027698,0.023414480132691887
896,-0.5293377624157404,0.20989021958550652
897,-2.2460806128111983,0.21820536451724698
898,1.8933071733217355,-0.15937534097847056
899,0.10525857150200035,-0.20264844449250563
900,-1.1840056032522297,-0.22809185339991317
901,0.5408483888436036,-0.27071761403843964
902,2.0493171582187903,-0.3216805806922922
903,-0.7168908124167148,-0.26686374683699193
904,1.1322348903273347,-0.18762323737441305
905,1.5671340415281991,0.19518347856861135
906,0.6029367723538047,0.6133218000048213
907,9.503786995129152,8.43568872625221
908,1.4654848658627435,5.44425234431375
909,5.252574221955704,2.7888581057348274
910,0.21206246335296638,2.243538400172173
911,0.38286147071118376,2.304318816042614
912,-1.7324887021401898,1.4156827147478572
913,-1.191313605598454,0.8730180027125268
914,1.915559003242054,0.4660798565233343
915,0.3652399986590115,0.17999333838364423
916,-0.4433150162349163,-0.10426369424282819
917,0.023828767614130095,0.06729012096363761
918,-0.18195554388813018,0.03295963966468983
919,-0.3730058250881781,-0.1114612178033964
920,1.9955754026552046,0.21827978808037757
921,1.5091641773436746,0.12493059047167183
922,0.9210780304905252,0.23388760783213014
923,-0.6012760866836766,0.19534896400228646
924,-1.2946641584531289,0.07650647788172628
925,1.191357649701095,-0.17719939977121685
926,-0.30344745133270823,-0.10195581545841942
927,0.39734865922699114,-0.279010890071196
928,-1.2106399259656127,-0.14983552580417356
929,0.05081811070433751,-0.2784745313665471
930,-0.5722031022782227,-0.10027322196137052
931,-0.4532998437409727,-0.08061029314019025
932,-0.06669016104866421,-0.29848002638467425
933,-0.496629747807303,-0.27174846345263237
934,-0.8345758559078811,-0.05269106039702587
935,-0.4868892981983639,-0.2266204310399465
936,-1.4835911974996536,0.20546469525089323
937,1.1646028173613465,-0.29099729094562454
938,0.1608559975492366,-0.12335690698653914
939,-0.6078170824412401,-0.31606732019364064
940,-0.2346398768454222,-0.23935766975365397
941,-0.10616303677289862,-0.2701106864325437
942,0.9143657001011046,-0.37441348590986573
943,-0.1971198316258497,-0.10136610531546326
944,-0.46051500638826665,-0.41674225053453673
945,-0.5684135256909459,-0.2120707136774233
946,-2.235313926312592,0.1174043124565763
947,-0.6029067806935046,0.14421789238618543
948,0.5730389903028429,-0.27166386417949806
949,0.3181083030565393,-0.4549585320686989
950,-0.287210455098615,-0.2252301304129155
951,-0.5134029352602143,-0.26391240478430783
952,0.8245798646255296,-0.2583805639376958
953,0.803266610625101,-0.37821094442497355
954,0.47562715815505696,-0.3142139146266419
955,0.6210732521179423,-0.32017579552909303
956,0.019706752428894303,-0.28965869536086275
957,-0.18216967823275523,-0.38114930699808214
958,0.5793749603126165,-0.313844128177802
959,-0.5052648732692387,-0.12626923487504596
960,-0.7684996684268777,-0.12492968369432508
961,0.7410274460377714,0.014544094813956868
962,-0.0027261124694453968,-0.2619794275173496
963,-0.8040520028807432,-0.3813509620172263
964,-1.318488944489742,0.3458457860844866
965,0.2097186005487003,-0.34602082409290097
966,0.3998938633556112,-0.0807788030389747
967,-0.11224006421633664,-0.1456495634903957
968,-0.6105488824153193,-0.08800697745875442
969,-0.1883338131510732,-0.38057286656579925
970,-0.11583031614139264,-0.37623168223525966
971,0.7541004648261402,-0.24073495985994153
972,-0.12485511630785467,-0.2621729891851413
973,0.7620100951795223,-0.358556102724704
974,-0.12315816142194264,-0.22800776443753035
975,-1.1624180148578462,0.3892161541742181
976,-0.7018943058623187,0.14769781849389385
977,0.7974855770211798,0.22012247896318243
978,-1.2294977614042777,0.07673860607706899
979,0.18974981676364297,-0.2592429772057916
980,0.7954864039391594,0.12357944296812597
981,0.1842865853617758,-0.30903047746222
982,-0.5291389224046349,0.6832864743073179
983,1.9018277451421728,0.24901031484443625
984,-0.8732559817244654,1.3599755406479699
985,-0.812459352790485,0.11345668230143345
986,-0.433655094460557,-0.11914058959527848
987,0.9161644687795031,-0.23819003485816165
988,-3.321065277326777,0.9310210553942876
989,0.3545969328409993,-0.041988455522039766
990,0.5453557358669158,0.0722647149085565
991,0.9723404877119293,-0.17285121750300025
992,1.1615733346281947,-0.13060463282446405
993,-1.4756721791373857,-0.21931319924100112
994,-1.9340662701164633,-0.006663316757603663
995,-2.241848405388748,0.6949655334610795
996,-3.288576884149102,1.3134056176200917
997,-1.198896399359638,0.6927496741442061
998,0.7895862956340419,0.4560105003038152
999,-0.8147831479019166,0.3814854000656938
1000,1.4888684305278297,0.04586014533373069
1001,0.8866380760878164,-0.08670343393421409
1002,-2.0195871912846237,0.3401883576913197
1003,1.2739641632622087,-0.16607661540698498
1004,0.43704281833881126,-0.20188305053583017
1005,-0.029127800093919527,-0.30000126015379863
1006,-0.09935435187476889,-0.25676428399585755
1007,1.7506732741205278,-0.3480852637768123
1008,0.2043267493071617,-0.2752592386067221
1009,-0.5125707561539019,-0.3676205504939784
1010,0.142688315794133,-0.4004209181200148
1011,-0.8035843999664776,-0.2820643896712488
1012,0.01857367732538036,-0.4457947586505139
1013,1.0914423728787563,-0.29842400580475503
1014,1.0431688134648003,-0.36260300826243863
1015,-0.9433671814697528,-0.39740318710166994
1016,1.1073052885128283,-0.4617017481297923
1017,0.2458524914537424,-0.39388337689031366
1018,-0.3040319210736922,-0.43121882293452596
1019,-0.2935253656570573,-0.4257324605422137
1020,0.16131250387013582,-0.4663831490853153
1021,-0.4534584577160296,-0.5529709630314203
1022,0.2853024375260835,-0.4003146167369519
1023,0.081683896859167,-0.45777626651197395
1024,0.7863732232701337,-0.42980534814491134
1025,-0.7442860128724227,-0.535645329081463
1026,-0.6008990822203871,-0.5251013919691836
1027,-0.18768353403577123,-0.4827374037650607
1028,0.7005594904176199,-0.5269924993188112
1029,-0.15826674747767036,-0.4704798689878185
1030,0.6543494284849255,-0.36047800901605803
1031,-0.9080487499695316,-0.4441077242995677
1032,-0.10524909153089794,-0.4087264634453477
1033,-1.2233218226287326,-0.19991289763701964
1034,1.5721003918860472,-0.37256288697083256
1035,0.41456084200130267,-0.39257466367629124
1036,0.7091330500476367,-0.12312025041638158
1037,2.1718119269073526,-0.1972962714787398
1038,-0.6895101102207013,-0.4234030282335865
1039,1.6280862602347277,-0.37158363273519135
1040,-1.008352160470247,-0.20992113339809448
1041,-0.4519747633992882,-0.41513711059418057
1042,0.6637573322629329,-0.40811810409152743
1043,0.5820624804937762,-0.4050742172118862
1044,0.4060200301954201,-0.31563269799978344
1045,-0.028312251933217195,-0.4558377577725878
1046,0.5580174949640705,-0.3789937050789403
1047,0.023258461531740354,-0.4524866581164314
1048,-0.7343538874201695,-0.4447332660697966
1049,0.2571658394189292,-0.5344788929600373
1050,-1.0111171889319548,0.17108471371491613
1051,0.47083110778710224,0.0467363850572078
1052,-0.33299318981084175,-0.43895129588111115
1053,0.5345092408538455,-0.43148079083395213
1054,1.1545131051336937,-0.09045207325609599
1055,-0.5514999794701739,-0.3927304970503986
1056,0.40045706627543765,-0.24912649918535684
1057,-0.1935591338658001,-0.2793792055247478
1058,-0.34302825004981086,-0.4117925232843587
1059,-0.5754778818015388,-0.41301070855876104
1060,1.502982685215105,-0.41185735199808654
1061,-0.43951351690654705,-0.44877837544562293
1062,0.3407312865169116,0.5926979754518369
1063,-0.4582860532014878,-0.06737453819538168
1064,0.7827738621284053,-0.31832631434681535
1065,0.030667955386954632,-0.12912485327556186
1066,-0.5051178804692769,-0.33628131031803316
1067,1.7775324299000774,-0.26574077031936627
1068,0.5198391998773344,-0.08363963408796944
1069,0.7012568148808184,-0.2515234187404179
1070,-0.48472778428180757,-0.27964581015264633
1071,1.26863797300424,0.661270329135057
1072,-0.18452983107589985,0.14532078597689885
1073,0.06792285459421726,-0.2568432207945208
1074,-0.5006483244658448,-0.10905023242001857
1075,-0.8059461456631999,0.11440220556668314
1076,-0.2913817197936301,0.07741642619043697
1077,-0.34138895189331514,-0.3307644086405004
1078,-0.4576831245556433,-0.30019900788635223
1079,0.7738988171550047,-0.38902018176760694
1080,0.21945749033281964,0.07379226064420612
1081,-0.6362478349282572,-0.27810657432860525
1082,-0.512146128871085,-0.08718664795269727
1083,0.4823020184935185,-0.15844655383432238
1084,2.701960639401894,0.7377172809674785
1085,0.04340277997646729,0.07208988961060063
1086,-1.009587122804339,0.667939352957235
1087,-3.305063725852979,0.3177331506982164
1088,1.8396802498320233,-0.26803932510659945
1089,-0.3494123239470917,-0.26191421109168905
1090,-0.27483393175043547,0.0168785189607807
1091,0.8935151346916431,-0.23825979829683214
1092,1.0479752429314544,-0.24014261652909324
1093,0.00826120961983577,-0.4179279811510518
1094,-0.8377688316166657,-0.3879860850047367
1095,0.00812524574534866,-0.40779147185050696
1096,2.163317324378626,-0.22428007704981473
1097,-0.5906302255511562,-0.2966656445426179
1098,0.5329656390749178,-0.3734444894289912
1099,-0.07715848238801155,-0.24429589276819724
1100,3.1298128255865003,0.27817283300200196
1101,-0.1296747917098232,0.08607405071422382
1102,0.2704038906225578,-0.08404271168224778
1103,0.16679065470075813,-0.2285849303001199
1104,-0.5517350888402027,-0.39486214572023465
1105,-1.1716582998498841,-0.2679553025847978
1106,0.9325407138346782,-0.41128634013044546
1107,-0.5311819765427395,-0.37094091495291753
1108,0.19178243283312105,-0.5464470340627827
1109,-0.021801425011750974,-0.4729968980492442
1110,-0.2863718933536313,-0.5495895794566248
1111,0.7072172928234539,-0.47748883765886585
1112,0.21534677320350445,-0.34639021237125656
1113,-0.34380450137729907,-0.521744485784113
1114,0.33968115493659573,-0.44512011466892454
1115,-0.1396732581618598,-0.3770527468526083
1116,-0.7630783317197297,-0.33413125429475926
1117,-0.024513329762670996,-0.5529796311675578
1118,-0.22289974263557885,-0.48073939123169973
1119,-0.10085882260602386,-0.5046402775686614
1120,-0.41631915313604917,-0.5185581043721021
1121,0.014320660626275695,-0.48183167346226574
1122,-0.694638099010675,-0.4519618126177717
1123,-0.38588279306889833,-0.4879394298424484
1124,0.7884970364737075,-0.5155643190512844
1125,0.001008161749973313,-0.4967201154928835
1126,-0.596617333379003,-0.38401232201458346
1127,0.3933278442807044,-0.47391334548229014
1128,0.4747778861740824,-0.4765585805212149
1129,-0.5929681319966966,-0.48368132241577266
1130,0.00881193889992418,-0.42937379630913663
1131,-0.6669783504224727,-0.42643846554014037
1132,0.500568856757644,-0.5876346980969792
1133,-0.2171891909808674,-0.5594832907977932
1134,-0.34951970556733075,-0.5109196534350235
1135,0.241050050110621,-0.5595802350599326
1136,-0.04008082514358076,-0.48441702732876013
1137,-1.4583642979560838,-0.311904411480594
1138,0.5190802227918035,-0.5161186791493817
1139,0.3524609099000115,-0.5507195431403702
1140,0.3459421228548025,-0.5322385389826493
1141,-0.4044034050896828,-0.5161970628415037
1142,-0.15404756650379675,-0.5490034102459923
1143,1.0288842952680102,-0.49800092889460124
1144,-0.054469101869604956,0.19328239842909456
1145,0.5217973496220031,-0.4389671889214654
1146,0.4272464513095683,-0.43932795433856936
1147,0.19952947817722416,-0.4191782221736975
1148,-0.014231852584017402,-0.4447868959804072
1149,-0.07886266270150624,-0.517749822209438
1150,0.7933196671881807,-0.3345779531721407
1151,0.15753994233187987,-0.384911766297096
1152,0.5225850933528117,-0.37897624777916084
1153,-0.7135977671399988,-0.2761432920348275
1154,0.24906735958372386,-0.46049052455507095
1155,-0.1826549736947863,-0.41673483064039996
1156,0.5507262803436896,-0.2980007387402069
1157,0.014018423750753546,-0.12295233699953455
1158,1.3546677733871393,-0.06828091695613335
1159,-1.5753625579315322,-0.215369487345703
1160,0.14491814995473482,-0.335733687907233
1161,-0.17912991679128737,-0.4311269750303989
1162,-0.37236267761717284,-0.4753927540159001
1163,0.10313186843598962,-0.5036087002703548
1164,0.5043706308271481,-0.5684550321579793
1165,-0.13706005956111741,-0.48524266741953903
1166,-0.18174339146226084,-0.4536013626098985
1167,-0.011171236264487247,-0.4297477407479061
1168,-0.7644534388188258,-0.40729975246501154
1169,0.44081460721070015,-0.5438185907429935
1170,0.47175201313830795,-0.48556979141633166
1171,0.1934743769405705,-0.43889776904784195
1172,-0.3272494634718088,-0.447000581995739
1173,0.03823575602892125,-0.56221038777568
1174,0.5162586002796355,-0.45443363685232885
1175,0.2117105275207766,-0.4873179883313101
1176,0.40147798602440343,-0.08578082233226088
1177,0.17916342381455086,-0.480516772203537
1178,0.9254684216158607,-0.18312269322482871
1179,-0.3529065832289585,-0.09596169284834459
1180,1.2745388725112743,0.01629540599424599
1181,1.1888798862654744,0.6900740203262814
1182,0.4453685928153285,0.4307214568754023
1183,1.3415160339416605,0.6592046977963809
1184,0.11384733065017312,0.5443228806051102
1185,-0.10884779552934738,-0.0007082301372998978
1186,-0.6150451705013036,0.07907319423433566
1187,1.8208751289628824,0.2591602643300819
1188,0.36680228017421596,-0.05768847307504348
1189,-1.1153638339617562,-0.15563348725405168
1190,-0.4569664616769244,-0.06135295148570857
1191,0.3200992585223869,-0.2997133114136781
1192,-1.162268062684898,-0.0924629106974165
1193,-0.14147139519466453,0.07054463920554803
1194,-1.1522463360304591,-0.02983853902242918
1195,0.5062608426268743,-0.2607613215976486
1196,0.7836531217489346,-0.36044483584443227
1197,-0.4721115720041399,-0.4859674366911391
1198,0.42568809949120673,-0.5030013411524275
1199,0.6791413152440676,-0.42525332508935504
1200,0.21297892256155557,-0.4963682949114499
1201,0.4750731653657424,-0.39560284829135106
1202,-0.22248985170318716,-0.35484549034181245
1203,-0.43660218845357474,0.031004562624694185
1204,-0.3611132507225129,-0.40323550604588365
1205,0.14250689876716563,-0.4936810560058897
1206,0.5828065686867382,-0.4240716026817513
1207,0.42683801049759906,-0.5708558004265194
1208,1.7294607312170098,-0.06967287419081883
1209,-0.8700822099084755,-0.25167388600397905
1210,-0.4135140768035096,-0.22854037990943155
1211,0.09812718020231145,-0.4250888796396965
1212,0.33219905652430887,-0.4276199265647873
1213,-0.30408844447036415,-0.42749068062874324
1214,0.6243406212738227,-0.45065191377313835
1215,-0.1319022682100247,-0.4500763903721331
1216,0.26508857862814056,-0.4615490954826276
1217,-0.7654768452489993,-0.4853708527541685
1218,-0.4208050173290023,-0.2804136861448379
1219,-0.06706449319201288,-0.4199112034409198
1220,0.10971170739627406,-0.4728297880138788
1221,-0.034336503914334675,-0.40815940966142045
1222,0.578716826680066,-0.5214855263142861
1223,-1.0942914629736762,-0.33895130497581
1224,0.31913525169440665,-0.37935749905246957
1225,0.7233054154025995,-0.43327063071315725
1226,0.7170868601412284,-0.3212433517200972
1227,0.061188857202599055,-0.44416738027739966
1228,-0.5282749497187698,-0.18591135786557583
1229,-1.7689880523061328,-0.06435038941914943
1230,-0.28018728310051944,-0.3519332968504277
1231,-0.9048439622693543,-0.2686265207775179
1232,0.9251679419002183,-0.43572260733353374
1233,0.6185002764602153,-0.3175769053546028
1234,0.11153138814995948,-0.3535570139121248
1235,-0.4840475007053823,-0.38782071782219696
1236,0.6295056079631177,-0.473168081519032
1237,0.0389001751804588,-0.4049873482133636
1238,-0.9918100765369577,-0.43319579003680564
1239,-0.24627715016088556,-0.45730015280976627
1240,-0.840664833099951,-0.21966231292772323
1241,-0.7536588301891,0.03573042630308525
1242,-0.7874294871028108,-0.0805929893654273
1243,0.7993034191243444,-0.34813757847866744
1244,0.3842513232669167,-0.3638799519884694
1245,-0.7539497133718982,-0.4469857096378913
1246,0.4334228820763442,-0.4590517112726509
1247,0.14861844257676668,-0.45085931149796843
1248,0.1739370360488426,-0.4848254427843268
1249,-0.4867220899211177,-0.4299683446737956
1250,0.5718258420409897,-0.5374955495945123
1251,-0.3714152421400507,-0.4938539631045652
1252,-0.8560489812526547,-0.3610489278655201
1253,-0.003712300766828913,-0.5337136834227081
1254,-0.5253368422820088,-0.3481570786020294
1255,1.1261837024945622,-0.39605904731591723
1256,0.126186592598207,-0.36169442144218833
1257,0.5722749401773973,-0.3988555043028054
1258,-0.24827280650220668,-0.4238898696052278
1259,0.8797109339513901,-0.3876917114766582
1260,0.36411256848230994,-0.43326309877899377
1261,0.955462517118436,-0.09241888208162445
1262,-0.7841387222164288,-0.09584509951509186
1263,-0.9344473924107028,-0.05245647988625665
1264,0.20722339977717322,-0.26888856996004196
1265,0.5249676027443625,-0.22139019274675825
1266,-0.048710466594483644,-0.18475937218766514
1267,-1.0619108910722665,-0.006876916487436352
1268,-0.434602135884411,-0.3071442146876176
1269,0.24491500529903257,-0.24729093921099649
1270,0.3580332246647181,-0.35284545536626605
1271,-1.419091155958231,-0.2296730811621927
1272,0.23996192108763995,-0.4592205022737878
1273,0.38004472290434405,-0.5058651147681731
1274,0.4579454240166193,-0.4857462951416796
1275,-1.8816585576263674,-0.11179797462750467
1276,-1.2650666557605053,-0.05680386352595309
1277,-0.8351688104165763,0.43047464683894987
1278,0.6313284137518652,-0.07377813490753965
1279,0.23449382414708586,-0.3672137677612432
1280,0.5919762440800973,-0.28177138887317343
1281,0.20487748423569122,-0.42568763815666666
1282,-0.9601307920378087,-0.2363073796255999
1283,-0.01569627515065574,-0.3558100319922669
1284,-0.15648755724406263,-0.30688440378268284
1285,0.5461001128820954,-0.5061659801539188
1286,0.7345555850092338,-0.2803857889801927
1287,0.7895893677857204,-0.3404879027308844
1288,-0.5188050619965632,-0.3477738644394731
1289,0.25101266158051755,-0.5378998781762774
1290,1.0980450430823239,-0.4470802710616168
1291,0.8395043235167662,0.2550277369679084
1292,0.6187248916541266,-0.2874556589111966
1293,0.012643146255243444,-0.2275025463910612
1294,0.26280638420284946,-0.30893878988466994
1295,-0.7993755111010469,-0.38385175983474734
1296,1.046107850839389,-0.36495654114313353
1297,-0.6375568318318209,-0.45446954702909864
1298,-1.0696651001011581,-0.23731364590315412
1299,-0.33595684469944886,-0.41960995753971775
1300,-4.082576753301718,1.0013056374068146
1301,1.5154447609610078,0.07264890098322856
1302,1.3427390493978135,-0.14120391397201834
1303,-0.3944329533058419,-0.36747692177018104
1304,-2.549757642019134,-0.008789090973293848
1305,0.16710752590600017,-0.32068982256880835
1306,-0.4395495540105182,-0.01172139507421513
1307,0.8101089340250461,-0.44510354861161555
1308,-1.5511182627270894,-0.16350929931088531
1309,1.2897607450965307,-0.41758640070110153
1310,-0.8598761016449867,-0.3284411137956329
1311,0.28128152791974076,-0.3072109314758167
1312,-0.6822960795345081,-0.3600362059931985
1313,0.01763199146005518,-0.4841396353496342
1314,0.8913742459490978,-0.395819731170034
1315,0.42098642482546755,-0.5599929183323752
1316,-0.669221952712581,-0.4258013173333133
1317,1.1090083855404702,0.1627265469680314
1318,1.4502134942773932,-0.36084887620369127
1319,2.4360997906384565,0.1272578956383072
1320,-0.20124439854532591,-0.18685110747188627
1321,-1.538910944785592,-0.2628914222969606
1322,0.3321500194497962,-0.33243169275304696
1323,0.3995564169897655,-0.4637933214742865
1324,-0.31165183470503816,-0.3838949266481115
1325,-0.8798614524993097,-0.2351335359862503
1326,0.5011464547154202,-0.47196851113984584
1327,2.544747550568803,-0.18189781460626236
1328,0.6388449111130454,0.8237637169068144
1329,-0.5385212445407,0.01922712560913438
1330,-1.1788583610078773,-0.058629340979814794
1331,-0.24919456684370397,-0.22099165739206447
1332,-0.14844515661497035,-0.30312435934251114
1333,-0.45176897114037623,-0.3003799846941224
1334,-0.18204384052997277,-0.13730098638912835
1335,1.3156116272011973,-0.30125461294252953
1336,0.6504363686138351,-0.3696585226083994
1337,-0.20704995442418841,-0.41041562976808094
1338,-0.489693766033915,-0.3570287531403614
1339,-0.010036017450038308,-0.5081937553489556
1340,-1.4918478736295848,-0.2906382617080908
1341,0.6702648014396314,-0.4855821926748179
1342,-0.6303229420098391,-0.325104570285355
1343,-0.32850556893938887,-0.4992434157308725
1344,0.6237450932538535,-0.5173456818991583
1345,-0.14317140769919046,-0.4608328119070808
1346,-1.2610250836345989,-0.08978170844804548
1347,0.7553043692418714,-0.32712154317540265
1348,-0.05214853348306289,-0.420328657974659
1349,0.7019000480679828,-0.5157529401118058
1350,-0.3908388154059957,-0.31946014043233406
1351,0.4212692772142575,-0.4709742337885386
1352,0.7247793578949245,-0.47445685300155876
1353,-0.2614628876780631,-0.4366996205226814
1354,0.39180106882547705,-0.46425839441469935
1355,-1.415829479797339,-0.39558962783967105
1356,-0.5344237884313404,-0.41272804944441577
1357,0.32164602262779496,-0.3870961172856062
1358,0.18044753164693253,-0.3031287333152228
1359,1.0281616184290483,-0.14120516460937704
1360,0.8874937624727923,-0.16588222909222372
1361,-0.23012210336209257,-0.2930596586886644
1362,0.5056087689071703,-0.17430467891244267
1363,-0.1220675514020609,-0.20685724643777487
1364,-0.01617515941783206,-0.3507194632032159
1365,0.49312736548838204,-0.5013007457057113
1366,-0.6146721658606983,-0.21328439898570095
1367,0.7560668400625722,-0.41619303396427976
1368,0.19803125526820228,-0.4131340541360445
1369,0.030626076878473817,-0.39445118375462174
1370,-0.16813061518197478,-0.27570066484998496
1371,-0.6387852213413234,-0.3211774881233385
1372,-2.184402574996949,0.48687905962748546
1373,-0.14878729494546192,-0.08874691547748012
1374,0.6589683831461114,-0.019379421016040774
1375,1.5424313810381143,-0.3774524418239344
1376,1.3774966440623035,-0.03765728776140825
1377,-0.11495617446078042,0.08490525893445579
1378,-2.8544271566613477,0.3772198538146989
1379,-0.46697833284658957,-0.07739643889915766
1380,-1.1010894144572776,0.5610032024310613
1381,-0.8945166447003319,0.22703247077965277
1382,-0.16035334262864995,0.07990602393251849
1383,0.03435417747385064,0.012104501639094628
1384,1.6887307691020823,-0.10474327877260908
1385,-1.3275595452347737,-0.3116831306082236
1386,0.5575518914472467,-0.015156984613431637
1387,0.634201401374476,-0.39843116543938667
1388,-0.11993448055503814,-0.4235929387455938
1389,0.9212858133118383,-0.4771157002172437
1390,0.23805378304793598,-0.40025926257614697
1391,-0.2536824775741959,-0.45529088962415554
1392,-0.0051957489672384855,-0.5222518405870431
1393,0.3346115803202504,-0.4904149051952857
1394,0.47128177050639325,-0.3363012827791994
1395,-0.3121014911119087,-0.43787908673841525
1396,0.1514800788760477,-0.42051342297228406
1397,-0.48268522515823437,-0.3563660740166134
1398,-0.3327977088621259,-0.40141429786632055
1399,-0.8838317764280691,-0.3545189527886716
1400,0.04861005931119455,-0.4985023469738387
1401,0.6198178165837164,-0.5374938292167746
1402,0.17601536222163766,-0.5228648266257153
1403,-0.6347467550251119,-0.5011921849980425
1404,-0.789525729358685,-0.31440273901005156
1405,0.684462439525893,-0.5674726818850885
1406,-0.470253819536847,-0.4907034379470739
1407,-0.33164818444630234,-0.5041873664629329
1408,0.5720662498222969,-0.5791615296931643
1409,-0.4740797271321322,-0.5643704758919963
1410,0.2789813390561551,-0.5058936008854849
1411,-0.061886726780127785,-0.5152770919858843
1412,-0.7124342142338745,-0.5019698672887788
1413,0.4066924522947603,-0.5358240677138151
1414,-0.7474816075663954,-0.27476927386464883
1415,0.7367299801611901,-0.4446945955515827
1416,0.6841147606769548,-0.5263791516365787
1417,0.18671286528342715,-0.46818405377837585
1418,-1.2694383080074256,-0.37534663446296646
1419,1.2615104151491598,-0.520792757507066
1420,0.2073482668381134,-0.4433309238530967
1421,0.1490891997080325,-0.4820803730915432
1422,0.43321273979927083,-0.4350495431076447
1423,-1.3962872573774412,-0.32954174033717704
1424,-0.0858213962371033,-0.39761523981805735
1425,1.157915443450153,-0.4634348472079925
1426,-0.24913499661437058,-0.22767740235269934
1427,0.5173213371182508,-0.28710138929024753
1428,0.3397765460786221,-0.4241565510627038
1429,0.4635363753510951,-0.22350954591526673
1430,-0.6505829513874283,-0.40043956321998064
1431,-0.4506062128340917,-0.4505057280747264
1432,0.6263651500033396,-0.5498522487347285
1433,0.6854052640418872,-0.37802527148111764
1434,0.435664362810671,-0.43284847217933353
1435,-0.3937836131691295,-0.3907032227303215
1436,0.7978746569902477,-0.12331667929796333
1437,-0.8453864486689714,-0.4589935007782612
1438,-0.3254400305946041,-0.37077122210402685
1439,0.10791609179991882,-0.5236320902679975
1440,-0.06186987919007652,-0.5819325184220514
1441,-0.47894671457768284,-0.519377951681464
1442,0.73807406374581,-0.5416579873753695
1443,0.6054087526269324,-0.5007886171869846
1444,-0.07209142451726755,-0.4808563154184334
1445,0.0460092407355903,-0.5728825884496348
1446,0.5290798181551586,-0.26694367118505785
1447,-0.20555847595719656,-0.4079207867350599
1448,-0.11273779044619542,-0.3796944466462438
1449,-0.056146561216380904,-0.42161526817141093
1450,0.6469031463561008,-0.3396204625023559
1451,-0.03773802436508129,-0.32429817647358
1452,-0.4836386282523486,-0.3743873116471384
1453,0.699926003741564,-0.28462258425120107
1454,-0.9921683267839004,-0.12664571939128094
1455,-0.24341961236417223,-0.11867592695553275
1456,-0.9852850204913243,-0.10221828987617923
1457,0.5282397692276822,-0.3883569092211156
1458,-0.3470959391569332,-0.41412779384460935
1459,0.03806231251471743,-0.412745944908231
1460,-0.10546946238926491,-0.44522236609130994
1461,0.11689446013770997,-0.42661540883879717
1462,0.4800537316718585,-0.43071557180174597
1463,-1.0229047917049667,-0.32428522179856073
1464,0.20728987204345986,-0.49836793296711
1465,0.9293636462407933,-0.4604717902581481
1466,0.04843205496524031,-0.4266370381914753
1467,0.24169138109607588,-0.44676483921018373
1468,0.8809110785876849,0.2720885532047861
1469,-1.630746381926456,0.6604205257868598
1470,0.38350927594872614,-0.06676563686691192
1471,-2.9883939387873735,0.9670896498843727
1472,1.0884582075759157,-0.1182944613678463
1473,-0.5675441458262845,-0.15960767510377666
1474,0.4237979286469903,0.7520772555229187
1475,-0.07996419665766069,-0.3340855475674664
1476,-1.3658708467730882,-0.08422975525182855
1477,-0.06628093647307048,-0.05736202108646131
1478,0.3267392176248454,-0.2722863884773032
1479,0.3084914671557891,-0.4193497520808631
1480,-0.23947985703617072,-0.48716196436432374
1481,-0.5947652044137565,-0.46239977198799126
1482,0.5547480822648079,-0.4861149300185051
1483,-1.2802529891779377,-0.22997777824619448
1484,0.4530192584568637,-0.3941909009345849
1485,-1.0078268554295302,-0.1644230522714195
1486,-0.049157572368262355,-0.3446576740672162
1487,-0.6123870629353658,-0.03369784266199488
1488,0.777177374038178,-0.49384460091852395
1489,-0.6825679599683083,-0.43956072016792597
1490,0.021449635305909265,-0.38390602191239054
1491,-0.3762251873717654,-0.3130536533112629
1492,0.04784429301384689,-0.5268911346325652
1493,-0.23142840909225545,-0.4306933411213877
1494,0.5772812970395415,-0.5007427835373573
1495,-0.4820296997292252,-0.39859332640492884
1496,0.004125437055173839,-0.5394885558911743
1497,-0.39806335957935896,0.03160219171510807
1498,0.005704678163422282,-0.4619692935322853
1499,0.3855342029937232,-0.37994553466062136
1500,0.2784766753384476,-0.44619320901045595
1501,0.01063735914937321,-0.5354238635415284
1502,-1.086948662048613,-0.2925940328429618
1503,-0.23694455497886643,-0.36899332234790916
1504,-0.003721724363716589,-0.43809384600356094
1505,-0.44174718839401145,-0.18346131033536217
1506,-0.1277066776353829,-0.47434537212422806
1507,-0.08637324555975971,-0.45495605761560803
1508,-0.624769870195106,-0.16824887055958593
1509,-0.04640873820626378,-0.30386704496174266
1510,-1.1098098132840704,-0.03547796795884289
1511,1.1838602314743383,-0.1479822603123441
1512,-0.6513039848214768,-0.36395788562899495
1513,-0.8995680967289041,-0.33493636134062704
1514,0.7840967298522102,-0.28847146112511574
1515,1.047666346177116,-0.33900549209172587
1516,-0.27096024965471505,-0.4196865109441177
1517,0.7098993213672384,-0.5036207936149868
1518,0.5574300688384608,-0.4073546095705211
1519,0.08806805450433595,-0.3768590735957647
1520,-0.6798839020970675,-0.4748393966909425
1521,0.7335347835667335,-0.4969540808544669
1522,0.33649481960099564,-0.4796298776343229
1523,-0.418436595180053,-0.5227323009841036
1524,-0.2698897318342452,-0.550191523527796
1525,-0.21974315675454542,-0.5420888745967728
1526,-0.08135616390208236,-0.46202942478261827
1527,-0.5929064002701873,-0.41176410134404956
1528,-0.47921673683013893,-0.37006960552405943
1529,0.7076410515833482,-0.5082761819890471
1530,0.5565119995371923,-0.487963179486419
1531,-1.6449009244304618,0.06118443238408448
1532,0.25953496156156014,-0.366424947678416
1533,-0.33691136789873805,-0.3775752979961227
1534,0.5217222445948662,-0.4257477848674235
1535,-0.1596733650401681,-0.4654380880633385
1536,0.31029424417069507,-0.4867966030972535
1537,0.11628497227863253,-0.4535960014349237
1538,-0.46332373251755404,-0.4585870609879634
1539,-0.7983233376656383,-0.3942738206946906
1540,0.14157625942064458,-0.45603479224725435
1541,-0.31877990303917647,-0.42665598642273994
1542,-1.051931684201322,0.0022785228573860977
1543,1.619239778836634,-0.26949169824283076
1544,1.2952290394734765,-0.20608080178616317
1545,-0.5698138313630152,-0.3667239922590623
1546,0.2173003758199018,-0.38632686640747477
1547,-0.32631037847592786,-0.38613010123283065
1548,-0.25827583538659227,-0.4883781515073301
1549,-0.8616660056527278,-0.36201485254100163
1550,0.7256782844905326,-0.4943045628017617
1551,0.6503073277583875,-0.44144624722349096
1552,-0.1288971019892771,-0.5224613772997864
1553,0.2554204396800451,-0.5337524081368634
1554,0.09691391130191242,-0.4775467214953436
1555,-0.5936056047429595,-0.4603008837691981
1556,0.5840204295751418,-0.46365155568351396
1557,0.4393941239258103,-0.2582633457066317
1558,-0.29722958724260834,-0.46026599611851104
1559,0.8408452885644443,-0.4348278431983294
1560,-1.0855215066796895,-0.3717824537435091
1561,-0.6961286052869283,-0.3584361690843906
1562,0.014309373825436683,-0.40261830566393436
1563,-0.2568602292943684,-0.30503195726755145
1564,1.3035367471659685,-0.016742900644566447
1565,-1.3143633115447508,-0.14852213482127058
1566,0.9552425330147999,-0.3340511917490927
1567,1.5876156372637167,-0.18402416727058027
1568,1.2271509465089456,0.010543420955381147
1569,-0.3512559873702467,-0.12751369873842028
1570,0.6094095378369021,0.17673163072270426
1571,1.2572926866489778,0.284276884751349
1572,-0.6367443590882188,-0.12659199983157735
1573,-0.681744869696504,-0.36199195523494504
1574,0.508650188028596,-0.44111376135471464
1575,-0.8188315164646544,-0.3035217563610808
1576,-0.19688228699950566,-0.23172365707734954
1577,1.0194293050268997,-0.3157476940730721
1578,0.4812466514424894,-0.3997940640660052
1579,0.8304391382566023,-0.15223013549405393
1580,-3.639961868336689,0.9434327917347541
1581,-3.948196658333165,1.2941213736776067
1582,3.8109229068613826,0.8168071830865429
1583,0.8501883851199278,-0.056095025475019517
1584,-2.136189327583149,-0.0427590371041959
1585,0.9674459730951522,-0.23378052614198003
1586,0.5961067037419346,-0.18990685212540176
1587,-1.3117658297787862,0.022629864017677567
1588,1.2951108495482382,-0.32407187367775075
1589,1.5400932164591534,0.7535746676402137
1590,0.46372140607102075,-0.16094060233816299
1591,0.6590687143337219,-0.14713160804781045
1592,-0.9082306646907274,-0.2668527124980179
1593,-0.6858771840676995,-0.31234140854404235
1594,0.8061777661576135,-0.1163869938639135
1595,0.5513530037133351,-0.3998528503192316
1596,-0.40888107777399446,-0.43075831356295247
1597,0.2570219636225084,-0.5134697355088179
1598,-0.5772438902068511,-0.4505131551879246
1599,-0.2321297905679158,-0.5105060356506963
1600,0.5183552845237688,-0.6070701320276998
1601,-0.1774504271389063,-0.6021697598593638
1602,-0.7636167656170717,-0.47582267818582613
1603,-0.4248972073322027,-0.5445157101905727
1604,-0.5082902105366159,-0.40527349785692607
1605,-0.014353531762473145,-0.4818648466076418
1606,0.002621286978686221,-0.3696990900775388
1607,0.06156876084921258,-0.40441050939794404
1608,-0.02158386929000202,-0.4487906879413951
1609,0.5337768663000149,-0.5389560775161281
1610,0.43991774661457445,-0.5368940938311061
1611,0.36045663893013785,-0.5207101713035462
1612,-0.3487672653462825,-0.47578444827454286
1613,0.21070342609773723,-0.5608194826422372
1614,-0.9029084810355729,-0.4767963236456344
1615,0.22217589510966573,-0.4283716754926921
1616,-0.4113065075912634,-0.5229641123326744
1617,0.5808704603373289,-0.4878824215663816
1618,-0.34347203546986077,-0.5018253968221098
1619,-1.3879018848848563,-0.36072016639079013
1620,0.26901196835664015,-0.559816995529241
1621,0.4871373759506375,-0.5458578902636536
1622,-0.36277454851529967,-0.5049684316909415
1623,0.349222055591809,-0.5477924087126465
1624,0.20173305616913925,-0.5403794235003693
1625,0.6378409848452671,-0.5268428087661111
1626,0.3427756075737185,-0.49409159945521147
1627,0.16324682769676646,-0.4302705290064318
1628,0.8013171599823161,-0.3628765811651363
1629,-0.19238686119202555,-0.3977775912716746
1630,0.12321979175342185,-0.4063103361033178
1631,1.070019766783123,-0.22411415252982253
1632,0.4366417282334512,-0.05729065406296681
1633,0.010537372839574654,-0.29048160827866415
1634,-0.2707275809324703,-0.419371680016884
1635,0.7566638780409616,-0.2728546520465475
1636,-0.7449950553016514,-0.29185382367469404
1637,-0.23265150993564043,-0.5016437847556672
1638,0.23043147524488597,-0.40115014895309414
1639,-0.5069161062207511,-0.45220940531347514
1640,-0.07437605628718622,-0.45938707396753026
1641,-0.5554299549838441,-0.4209209933559976
1642,0.16576074114414252,-0.3211572122766955
1643,-0.23281952154280824,-0.3893298366895233
1644,0.7078227033169718,-0.3679055176635681
1645,-0.2369808445293046,-0.5028270259548387
1646,-0.9229321151681683,-0.495973694161706
1647,0.5440058292046115,-0.5167295242917888
1648,-0.25741520545675917,-0.5638545661132857
1649,0.32045775338202936,-0.6190425037845624
1650,-0.23166473281481567,-0.3690545457099941
1651,0.568712079865608,-0.5864178416753956
1652,0.6154358143877693,-0.5462828867048071
1653,-0.4234322352887108,-0.46787676521580296
1654,0.24476016999823155,-0.12973995641677843
1655,0.5095146374531447,-0.45492394179590495
1656,-0.06501563275060829,-0.3610458638685459
1657,0.03193212531072936,-0.48501405525486746
1658,-0.5482655951190325,-0.3322449648420739
1659,0.017559726262734165,-0.4949381005270331
1660,-0.2328454376555523,-0.3752608484559836
1661,-0.3115105511686989,-0.26700216998633064
1662,-1.1398327402949076,0.06946313565193189
1663,-0.6767708643977671,-0.281301660377767
1664,0.39198193594368663,-0.0002734613068045427
1665,-0.37988767533602347,-0.31632200220078904
1666,1.9595692267486757,-0.18722827468256947
1667,-0.7244111610013625,-0.2883380642610873
1668,0.6858831929369202,-0.3912950672199221
1669,0.05229223564316258,-0.4398785821652981
1670,0.40612714876642214,0.09502552714854572
1671,1.401225357764545,-0.09540662947785929
1672,-0.7666739075754443,0.07153518328776749
1673,0.5853780265689139,-0.40163831973777325
1674,0.26717050797535163,-0.3550741130837051
1675,0.00663680570757094,-0.4250151772021156
1676,0.21826531354182796,-0.2576120351607121
1677,0.1462490107910032,-0.4081323296204465
1678,0.3811177989648851,-0.3860376333942254
1679,-0.021109206419216847,-0.40548003461823945
1680,0.24145966323235754,-0.5442014599041813
1681,-1.6251319749422806,-0.18958888674381758
1682,-0.14526744570638142,-0.40563079889044185
1683,-1.195990278557327,-0.12420659080199961
1684,0.30167066292661554,-0.296376031033024
1685,0.3978609799467113,-0.361596950173838
1686,0.8961663369977012,-0.5138133366463814
1687,-0.01041060162763897,-0.5509575763777343
1688,-0.20225332960848866,-0.44613162535131506
1689,0.35663319084838013,-0.46447929001849875
1690,-0.38551949782415823,-0.3688648407853963
1691,-0.3744818013416354,-0.48235741985500197
1692,0.2341515410944074,-0.5442998416114847
1693,0.23886223293644068,-0.6178602357851011
1694,0.1386118127777263,-0.5907730199357418
1695,-0.24657693382672968,-0.540678078581022
1696,-0.38743855828895213,-0.5560080355046663
1697,-0.8828458968485285,-0.43029847102489155
1698,0.8017922498145457,-0.5448760548711401
1699,0.35433779439839663,-0.6164852477676415
1700,-0.36535325065788454,-0.564922419484091
1701,0.21094422584470118,-0.5765605759234315
1702,-0.19092363860779551,-0.4929227829187075
1703,-0.11605575570621668,-0.5054493087244856
1704,-0.42089821307475156,-0.5462528990757041
1705,-0.28555112171002445,-0.41419632601126755
1706,1.0394633348558127,-0.45030245335066177
1707,0.3037059139392966,-0.4399491384461684
1708,-0.7823207385358929,-0.3719756215962017
1709,-0.05436558975980343,-0.4650381341763686
1710,-0.47107004300574984,-0.42629138482115475
1711,0.658342862599516,-0.5790811128867316
1712,-0.04150689966063286,-0.5343295932398879
1713,-0.03357795721268748,-0.4369505133987909
1714,-0.4430969747565204,-0.5083982771520983
1715,-0.24203191682555764,-0.5061030101119414
1716,0.5854090456665592,-0.5669137858241307
1717,-0.09477990080038132,-0.564083866009483
1718,-0.7516016188337747,-0.4580651834053798
1719,0.42411036033611393,-0.5390318892615085
1720,-0.031615233313904686,-0.5440217248886532
1721,-0.03734771042446006,-0.495366039537724
1722,-0.328265116436432,-0.5022494693491688
1723,-0.22379901626075688,-0.5029754124019317
1724,0.43330315869259733,-0.5999827568795488
1725,0.4016656496916779,-0.5701435341350007
1726,-0.011528050877981257,-0.5131495201039391
1727,-0.22326335358811694,-0.5020371120397734
1728,-0.24908737803101677,-0.5131368464029985
1729,0.27902603583291063,-0.45546734043041226
1730,-0.6150293041249043,-0.459323664266674
1731,0.09284565169800733,-0.44841980609177995
1732,0.4725788180589382,-0.4923842616618212
1733,0.028592266653588626,-0.5223054267122282
1734,0.3830095609125706,-0.4177233303717756
1735,0.08410110418494758,-0.49438874824854684
1736,0.09319094681498243,-0.28702807978991923
1737,-0.5066378458698865,-0.44844392209894096
1738,-0.27211040070943826,-0.44779097810463153
1739,0.13216714304133448,-0.48009967156771916
1740,0.2375147313938825,-0.5100888609649831
1741,-0.18246775170452442,-0.4513889128669242
1742,-0.10600476947204246,-0.46913557850856213
1743,0.18541309601707068,-0.485126487896084
1744,-0.3380415462123609,-0.5357627175137348
1745,-0.13663834074677342,-0.4546345700389745
1746,0.298874946671696,-0.28538679079491347
1747,-0.3155218040203599,-0.42298530549547014
1748,0.27911566139646277,-0.5342743224447657
1749,0.4267085115307477,-0.5710819468135186
1750,-0.12334568180311806,-0.5267330587741672
1751,0.1453189861888452,-0.565998363088641
1752,0.4215255192075866,-0.42787236164026554
1753,-0.28443102484889404,-0.04206441377266695
1754,-0.5075857589889919,-0.11217528749255828
1755,0.10726312549074975,-0.5121758478078963
1756,-0.24653943709879397,-0.49114483067028336
1757,0.4305893858262466,-0.5968271378657792
1758,-0.2129105420935198,-0.4873150062542596
1759,-0.20426349164511173,-0.4481201378093242
1760,0.2791105670219337,-0.25828966598818937
1761,0.005108566816306141,-0.4037759990630899
1762,-0.5403936600346818,-0.08120342286785609
1763,-0.3893325349580746,-0.45914173066393
1764,0.14425542348852308,-0.5344632586519038
1765,0.13708055807412373,-0.5698944804933979
1766,0.3473316919494138,-0.5417092429961089
1767,0.11920645243152571,-0.44463795040600884
1768,0.050212825456606484,-0.48547610837299543
1769,0.09447704251830008,-0.6043899655715221
1770,0.13219109526664125,-0.5271491303011339
1771,-0.28181425308010283,-0.45822859229098606
1772,0.545547508765844,-0.5019765954076408
1773,0.1434189603813915,-0.47114719311859227
1774,0.08018428014222917,-0.48076938557082377
1775,0.20571516968678547,-0.4859042828434984
1776,-0.0057255633409031064,-0.4854675521814259
1777,-0.2064743176383277,-0.5635852879458058
1778,-0.06359303598581904,-0.5832319821495745
1779,-0.04112018032656029,-0.48050302646954757
1780,-0.33767132686170537,-0.4943356422319392
1781,0.076962694334859,-0.6201888356713238
1782,-0.06696121016908926,-0.4975213922348413
1783,-0.009056086758625683,-0.5969476589741256
1784,-0.25796554347108386,-0.6108140356935686
1785,0.22166171940692436,-0.551331804086653
1786,0.04152343848796994,-0.5326627231189088
1787,-0.025287026006935394,-0.5813311072578927
1788,0.6728878853654718,-0.3188813637893805
1789,-0.12632298117475438,-0.5474013651756137
1790,-0.3587597767317785,-0.4393553974539726
1791,-0.22304865581172081,-0.5506631600030842
1792,0.10386015364698489,-0.5452120125158858
1793,-0.19061623256108257,-0.5796878546894753
1794,-0.5429607160163135,-0.3923703464766519
1795,-0.017091580202095023,-0.5084185051879453
1796,0.23327409046638797,-0.6366118904091391
1797,-0.2254117478351854,-0.5209809646984432
1798,-0.13892461400296452,-0.5060701570693708
1799,-0.23629084334986114,-0.5898132200965779
1800,0.32907559068763265,-0.5916010610937474
1801,-0.16708860489326194,-0.4863143994785905
1802,0.5122789966602964,-0.4093689468656455
1803,0.28098189906879445,-0.5433195194972391
1804,-0.2715804509888952,-0.45046911786260885
1805,0.15474734170870885,-0.5417029807716955
1806,0.6631771840943049,0.017058081263609984
1807,0.34156846079238906,-0.13139549578500104
1808,-0.3281124650762436,-0.4773684575079674
1809,0.4429436606754115,-0.5132465766657817
1810,0.2585457480211304,-0.45550479853501263
1811,0.1635719755628843,-0.31600188148818253
1812,-0.3958155016794446,-0.2792047329852909
1813,0.46274799904471003,-0.4892284433111461
1814,0.18418127470636886,-0.4547842331978692
1815,0.5569497265630867,-0.4405297099717249
1816,0.22044282500438106,-0.35991120417334854
1817,-0.6643448632622334,-0.4011672278826366
1818,-0.017637897449168,-0.5112498900294011
1819,0.5231102138150078,-0.47109535509123057
1820,-0.2914370968536746,-0.5607812362683875
1821,-0.19937917190362023,-0.5738054001219979
1822,-0.36540589926676864,-0.4318022221673278
1823,0.06848877703510675,-0.5985191788970897
1824,-0.42164610507504596,-0.49594829363741627
1825,0.0425128988168479,-0.5612374575206828
1826,0.19012546250215437,-0.5676583183739209
1827,0.5470255703124663,-0.5184981475811113
1828,0.25210083651343024,-0.5077191035616495
1829,-0.1133713185736383,-0.5123363878976326
1830,-0.38780311385685035,-0.4930728857064631
1831,0.3591312032957734,-0.5737793652487827
1832,0.20280439475572332,-0.5097263612043291
1833,-0.04327278779714262,-0.5556187887752868
1834,0.22717778811558023,-0.4524851013879806
1835,-0.2640200536105385,-0.4984342638111089
1836,0.05049931756328608,-0.47845451906576614
1837,-0.19571329392510847,-0.4983976604232313
1838,-0.235233749620786,-0.4875625104187355
1839,-0.2537336753055204,-0.4180148103842523
1840,0.005019679633077357,-0.5143094658481501
1841,0.04505026602546769,-0.516486556206649
1842,-0.07971457956296438,-0.5781466430784425
1843,-0.11983204475857212,-0.5590183251242683
1844,0.061556133017586924,-0.5012852811442928
1845,0.04415351212566847,-0.5664572910512363
1846,0.07902849231062473,-0.5286387246178487
1847,0.02531417322678544,-0.4987724009282585
1848,-0.22532435693409583,-0.4925685793052149
1849,0.03595116108231383,-0.5745870840413193
1850,0.18239573149010033,-0.5121569443069266
1851,0.1631683442249382,-0.5408142836382366
1852,-0.16329582212772023,-0.589901794263181
1853,0.28329325080173545,-0.48713762363315205
1854,-0.3317098102481139,-0.4859896012243982
1855,0.08458442172281017,-0.34184940507899586
1856,-0.4115536808928385,-0.5478553255756996
1857,0.2338399462914637,-0.5553260684560828
1858,0.15943809050975474,-0.5549518661521673
1859,0.4148788334200124,-0.20371313735736185
1860,-0.9263326475387286,-0.24046700257093895
1861,-0.25641391822288534,-0.4188416369550919
1862,0.17525548740427768,-0.4839491961707072
1863,-0.48029233604704474,-0.15468363457365114
1864,-0.4108766685645683,-0.4177516104004641
1865,-0.5377095686242193,-0.38288641414699265
1866,0.4340017592837216,-0.46240487739172936
1867,0.3153842223688906,-0.40503623308418607
1868,0.5059555845155763,-0.43002952853508514
1869,0.32950165964768185,-0.41860582994845685
1870,0.2724426957816516,-0.4561284600568955
1871,-0.13650071415381884,-0.5222164726773253
1872,-0.2342864261111284,-0.5111791237822171
1873,-0.21850148377644896,-0.5615145257839772
1874,0.04305393206043975,-0.5511229817127362
1875,-0.017230881077372216,-0.5972473057148145
1876,-0.07550327706268566,-0.5874196935258285
1877,-0.016703924130679566,-0.5940492669113112
1878,-0.0522246737093077,-0.5074035308777467
1879,0.3055759991480511,-0.6082739307499232
1880,0.25563036980387693,-0.5972127643656427
1881,-0.16352780664621777,-0.5695974262694584
1882,0.5423613054693588,-0.45825937463873195
1883,0.037020017861435967,-0.5424329462114821
1884,0.07805539429755778,-0.5229350341826631
1885,0.15592116099658448,-0.6099468349439424
1886,-0.010169997023934287,-0.5670975484143332
1887,-0.13196807517320785,-0.564756999130081
1888,0.22207662331923245,-0.5329580218565128
1889,0.0337080038098635,-0.5511924500482607
1890,-0.27938784105470643,-0.4895974067398164
1891,-0.23251284579124284,-0.5624014137559006
1892,0.13746201542833242,-0.6021773282656321
1893,-0.123873085907807,-0.5849412165453456
1894,0.7950917034137707,-0.24500500039748752
1895,-0.12973679192267992,-0.25187805325491713
1896,-0.447968720066555,-0.5119684720229878
1897,0.05261601731234119,-0.5058254065773817
1898,0.5313477818187419,-0.5313029147342831
1899,-0.14394604071386613,-0.5438374271068608
1900,0.18733257621067056,-0.49708060539027465
1901,0.2595242734366154,-0.5052907666654393
1902,-0.3169634695568006,-0.46125414221768596
1903,-0.22860267348223404,-0.3903225813531963
1904,0.40328978788827013,-0.5378365205081497
1905,-0.30688808912470733,-0.5259187529840403
1906,0.011002609353873748,-0.5711146193310972
1907,-0.1428325822425454,-0.5323658036969175
1908,-0.19594918080920298,-0.5518760791569881
1909,0.31704148480231864,-0.565479829654411
1910,0.0020159618914151987,-0.50708439951688
1911,0.26682567997570394,-0.5747206667457961
1912,0.29420558370523103,-0.4936640706397237
1913,-0.10598699797882524,-0.5313471653065286
1914,-0.13145121855573477,-0.4684852957499613
1915,-0.023502570071987708,-0.5277613153431581
1916,-0.08728124032467385,-0.4862490770268991
1917,-0.14290312859417456,-0.5204209016135158
1918,0.20080084527187028,-0.4918516433417158
1919,-0.39173563940747896,-0.5072372046487338
1920,-0.32027994657065184,-0.4689486548467131
1921,-0.22186159274662245,-0.2390617325754288
1922,-0.4923750959125165,-0.17855870630161502
1923,-0.47759400727936,-0.1395373408200394
1924,0.03902740266172119,-0.4105363298095156
1925,0.26707950328456076,-0.5927078846412243
1926,-0.14016289296221016,-0.35189192551024295
1927,-0.25042703019246443,-0.5400945624534611
1928,0.0038057677759309374,-0.4969913793493261
1929,-0.4211992986108771,-0.4054295555490047
1930,0.005279324304581954,-0.5473842272890942
1931,-0.1309902156288742,-0.5345535565796115
1932,-0.5211158991318712,-0.3780839874889023
1933,0.2519423025571259,-0.42967435408806365
1934,-0.19560077385625446,-0.4762685742228252
1935,-0.2118449679547425,-0.48151870690283344
1936,-0.640959411843811,-0.15240814250830254
1937,-0.6553222172085328,0.118224394054336
1938,0.26768166528802845,-0.11390633068591298
1939,-0.837990004359857,0.6458051285250206
1940,0.006324654811469413,0.1474412089045924
1941,0.23564143219047315,0.20869631790780463
1942,0.6744530202787814,-0.2655734604552781
1943,0.23830269118542047,-0.47747213405746
1944,-0.09144834216264797,-0.46043636980002006
1945,-0.05019213440007263,-0.5503857134069228
1946,-0.6252873300860781,-0.40616748267010594
1947,0.5466759185863652,-0.4145025321488547
1948,0.3375483150160197,-0.44579006500221313
1949,-0.26944009575979566,-0.535835367724763
1950,0.776793757073167,-0.4171798675246848
1951,-0.10259120211348333,-0.40703660959269594
1952,0.04303962435470117,-0.4961901469351203
1953,0.23282270737587377,-0.5564365139153886
1954,-0.4239504208320721,-0.40953197771597255
1955,-0.7359686092770149,-0.4173799161874219
1956,0.4746498911848908,-0.4961132069511718
1957,-0.624856934804819,-0.23437877330970908
1958,0.46671600885495174,-0.3693622700355239
1959,0.34161155053949305,-0.4089833482506632
1960,0.14569669201296293,-0.5230615989631235
1961,0.3959048238060479,-0.5249258356337222
1962,-0.6878939191109678,-0.44213573803272127
1963,0.06623019125815803,-0.641262304818914
1964,0.14564363415626044,-0.591360224575003
1965,0.14465632411458992,-0.6017391541780649
1966,0.0591769410799219,-0.5996256070819695
1967,-0.13859203095724568,-0.5783578528003851
1968,-0.2460186948491935,-0.531476385079685
1969,0.2744827382970722,-0.6234155873627003
1970,-0.20741981319705402,-0.5764005287846415
1971,-0.009829201923075312,-0.5742561286845956
1972,0.19169515994815076,-0.5923468611504494
1973,0.5015361579706133,-0.5280499081308052
1974,1.0578888537777806,-0.42647784434074887
1975,0.521435381416594,-0.31535422151861714
1976,-0.06882914529420169,-0.38715204127420627
1977,-0.2594279323555191,-0.5150433507902887
1978,-0.4038715628905077,-0.48560505376329516
1979,0.031042108957889544,-0.5819619573850683
1980,0.3103385780728674,-0.5681536591299096
1981,-0.25311547084485275,-0.5960146050360049
1982,-0.572004895349463,-0.4524720084848662
1983,-0.7739219462736308,-0.47828451510079617
1984,0.4262118718826304,-0.5774982047785389
1985,0.10807648783209478,-0.580946130735725
1986,0.9615419636072131,-0.6098811855620812
1987,-0.21699383493397906,-0.4986040829663752
1988,0.1436702974791821,-0.5571445858990454
1989,0.12367109496353995,-0.5759143302339315
1990,0.5877102640234056,-0.2998537753182796
1991,3.0906310431870394,0.33554443929610767
1992,1.338304938728209,0.8204954093312358
1993,-0.36448996627312324,0.17712399407631824
1994,0.779848663126601,0.0957825016478193
1995,0.371731549632011,-0.28669307095794294
1996,0.6482256401541111,-0.1962231065824354
1997,0.1203415163131493,-0.07122562801262496
1998,-0.14029474826282085,-0.11657161523942353
1999,0.28353695654084754,-0.2122823941669275
2000,-0.990123836838366,-0.0899685783985177
2001,0.6083711786379481,-0.41886327995548783
2002,0.1366954459121066,-0.35032457148055907
2003,-0.2901003930047442,-0.33245225842493403
2004,-0.23989584152779825,-0.3818767062594469
2005,-0.014428993230750373,-0.3005817174011374
2006,0.23999312416858848,-0.35181795264926485
2007,-0.31189257189006087,-0.4192899049153763
2008,0.2539807850012347,-0.4232042789052853
2009,0.554314906739995,-0.33275263635424457
2010,-0.04247477734904072,-0.3327304271928177
2011,0.43062455291101975,-0.5092594400323375
2012,-0.03140225909326659,-0.4519942538581896
2013,0.49901739909763704,-0.1459896681071239
2014,0.1745454762195542,-0.4025168754864595
2015,0.05810744369558392,-0.2618356274972621
2016,-0.409366138661096,-0.3597571190792988
2017,0.06594755666923478,-0.4518630127533673
2018,0.051271717524556636,-0.4053059925637122
2019,-0.37213410210509984,-0.35062171783348733
2020,0.49118055700896307,-0.4810649220112
2021,-0.36140485676428696,-0.48822877981061014
2022,0.39659594906968954,-0.25425319184890394
2023,0.24730480669073282,-0.4234362968215326
2024,-0.2261364024464518,-0.4550563918921437
2025,0.11270160894393105,-0.51765402589296
2026,-0.29233327985424995,-0.3199338369024252
2027,-0.5341089051675181,-0.3649493167715349
2028,0.014675142643331111,-0.4158238055179551
2029,0.32255408598442853,-0.3995329800177562
2030,-0.348760861128244,-0.4540937032658574
2031,-0.48089642195651705,-0.4902200093813898
2032,-0.04037288299211412,-0.42707693682704834
2033,0.233703768040909,-0.27348212281764855
2034,-0.7471912766731158,-0.4960178487141683
2035,-1.059344863724537,0.25600282994971624
2036,0.3233585568200424,-0.4319899941774397
2037,-0.004871944617592492,-0.4498560954382624
2038,1.0671598581913042,-0.30262078100518036
2039,-0.14816970605829502,-0.36146269689378174
2040,-0.5155490407425368,-0.3930771788651388
2041,-0.4809249086250826,-0.4338608896950821
2042,-0.2747409835853109,-0.193762026873533
2043,0.9637568120680698,-0.415778416924484
2044,0.3835368214949648,-0.1787567357786939
2045,-1.3722451159642373,-0.21041138840027868
2046,1.8270414826129884,0.04341186286248529
2047,2.250927011988385,0.490260499940519
2048,-0.8924576730355717,0.31135596741437754
2049,0.16787388330409686,-0.18822775209578102
2050,-1.2649916491239985,-0.03796932887591768
2051,0.9042903243609092,-0.36415150780006705
2052,-0.5132833397030411,-0.29599660419169227
2053,-0.35466648208319357,-0.22642283559457438
2054,0.2502003740533172,0.05596167807736281
2055,-1.325552125087857,-0.04439482788176848
2056,-0.6084483828922126,0.10638804336749592
2057,-1.7475996838802792,0.6747069625186212
2058,-1.061452140387772,0.7020258463878907
2059,0.769914787361643,-0.04325850305533306
2060,-0.7412595781932642,-0.21746576436485612
2061,-0.1330127758154247,-0.34228136502272777
2062,0.08701888487589171,-0.2869344321577017
2063,-0.2337256193013714,-0.4173085884329506
2064,0.225646041044237,-0.3088359999897383
2065,-0.4287230704442045,-0.46503648484935084
2066,0.8377349183702034,-0.4140708749186213
2067,0.8425095523168885,-0.3171708084444085
2068,-0.0393955727008474,-0.3328780476388988
2069,0.3529169072733115,-0.26939937618227044
2070,-0.9157724928652224,-0.42684061013824437
2071,-0.1524884088681056,-0.49418892684178994
2072,0.5437105404845465,-0.5701439100116744
2073,0.2629144495812088,-0.5734178370313363
2074,-0.5891517161413088,-0.5204643929533014
2075,-0.18218070436697212,-0.4881156812770227
2076,0.17154279351160967,-0.4745411215105892
2077,0.21539079126301805,-0.5660548576710636
2078,-0.5906390592415269,-0.4770540092605017
2079,-0.36985293826021204,-0.5284819316179359
2080,0.34978038784147253,-0.5204718398923989
2081,0.1865864866442177,-0.5513871189594137
2082,-0.0471944523693836,-0.41956025516895273
2083,0.4437424084182617,-0.5594132856121229
2084,-0.30624518885072777,-0.5212731490413395
2085,0.7913649713594055,-0.32411659111808505
2086,-0.24994642184361796,-0.4397595995314429
2087,0.36910552637012467,-0.534695079382114
2088,-0.7971647534215722,0.13268722244994846
2089,0.9846509260124148,-0.4566674405745997
2090,0.3536176361231363,-0.36337603624822007
2091,1.7643426069341348,0.34376971063684625
2092,0.46212253986537816,-0.3176609675662809
2093,-0.20574442459369988,-0.42550892195073126
2094,-0.3910485034590052,-0.3295235425821688
2095,-0.9216407079145937,-0.3400656726231091
2096,-0.5186027296646863,-0.4097406403620745
2097,0.6804208819946,-0.44812447431562663
2098,-0.8321444929420497,-0.3242939437855071
2099,0.5403437723445512,-0.4177741141334155
2100,0.3481511956274729,-0.48664480527247633
2101,-0.10739327861509668,-0.5342835157914754
2102,0.1433287868918031,-0.3503844183089478
2103,-0.01936765849833464,-0.47377962210977814
2104,-0.04390063972504002,-0.5031677770789457
2105,-0.7436290354280921,-0.4758263953346716
2106,-0.1676779764690988,-0.3130113294747283
2107,0.4763734882391695,-0.5651974572475192
2108,0.4948799712946047,-0.46790054498466205
2109,0.17747026347453154,-0.4898480721468201
2110,-0.3276916565891844,-0.37410005180430517
2111,-0.724079995897268,-0.280397381828893
2112,-0.0758112990804312,-0.29881918611429503
2113,0.7451103968039754,-0.5176793094588051
2114,-0.24389098713127833,-0.35551510347351695
2115,0.7709276187112185,-0.30251167792881817
2116,0.9680441628221594,0.11520700275232044
2117,0.059720510544984944,-0.3037398935832736
2118,0.5158106974072056,-0.2403458665518916
2119,-0.6124037375180035,-0.19994818828034394
2120,-0.13037683470226663,-0.44948586976580357
2121,0.1849487848072299,-0.26913298326093643
2122,-0.26950935089554434,-0.2686860892621889
2123,0.6928307379766419,-0.29162068940286684
2124,-0.2055516219758499,-0.43512702249764246
2125,-0.09487183830435769,-0.40137374684059945
2126,0.2961207243731904,-0.40816719430945364
2127,-0.7932176890232808,-0.37706516881077184
2128,0.7115691480227313,-0.45038091422733223
2129,0.05869532765296976,-0.47278884906029567
2130,-0.06408538306327642,-0.29362713450545197
2131,0.504463213787713,-0.4016460675905345
2132,-0.5828204657096494,-0.20143452117966254
2133,0.3489208675440992,-0.3818805683644304
2134,-0.05513658151074628,-0.4514509220642776
2135,0.4884824997561591,-0.029581838332332314
2136,-0.4047113691694845,-0.19338242643360404
2137,0.7776820011485636,-0.12827644903219443
2138,2.029700579494655,0.27518946560225976
2139,-0.5704768529563613,0.41531271037685336
2140,1.6424704069566833,0.4939837144010867
2141,0.5044215866001087,0.9898351095765295
2142,0.83328337248234,0.509897464796916
2143,-0.593204846432206,0.32200759746310414
2144,1.6222643405573358,0.42317053498275203
2145,0.34589626136229157,0.548649169828994
2146,1.8601536663144684,1.3812761073788735
2147,-1.261900887314489,0.6362819747763746
2148,-1.997019095934047,1.0530061745418837
2149,1.6081376800501455,0.07021346078705713
2150,-0.33739462235556605,0.33545008900511203
2151,-0.34679004767289073,-0.16938613947614228
2152,0.2282597616153619,0.18000131241834505
2153,-0.37699972181731095,-0.14791141148063613
2154,0.41429726117818855,-0.24107106041523058
2155,0.22578095690605066,-0.15238818257431835
2156,0.806086607510514,-0.21652879441208434
2157,0.31903279141079416,-0.37140792501125014
2158,-0.44911046827104,-0.1897841907709619
2159,0.0855923440692979,-0.3663061085004023
2160,0.6409607407491211,-0.43832341900725724
2161,0.11086674161508801,-0.4447785765620626
2162,-0.06021747806149729,-0.41724232690842306
2163,0.09105950903803119,-0.3678088694987144
2164,-1.2334584236877186,-0.1960709839639384
2165,0.7381483721608002,-0.439991806276009
2166,-0.3861130132359977,-0.43951921692986057
2167,-0.011162067604511565,-0.47679820883602697
2168,0.09754868790261569,-0.4959967202504833
2169,-0.15520649799028718,-0.5253928557744022
2170,0.07581158229009796,-0.4678268163006398
2171,0.9034362971172394,-0.06448573307401897
2172,1.2066064817168536,-0.10350715348327011
2173,4.03910820445159,1.859030083516368
2174,-0.47345571361706823,0.46428001472657043
2175,0.07144660982022405,-0.05625639807635529
2176,-0.39043579032945813,0.03323887568684551
2177,0.3237354331567172,0.2616529107567848
2178,1.164267623024647,0.36112687890419354
2179,0.6437341126456537,0.2918958412337699
2180,-0.12320781135196954,0.03907704842658498
2181,-0.07799216112675676,-0.10844921391632674
2182,0.22673528287746747,-0.07959783249468616
2183,0.2936858337356775,0.2595388632840207
2184,-1.0826753017626096,-0.10239486572645551
2185,-0.7017435190140653,-0.07487505589445737
2186,1.0058442087453077,0.04312982415122392
2187,0.4509804974917178,-0.2766928459258989
2188,-0.9923905738075087,-0.22552122924693024
2189,-1.3246689014037065,0.04652975295710375
2190,0.7944072152088565,-0.22952891825426514
2191,0.6650773019851897,-0.2384694880974056
2192,-0.014066039893318736,-0.2556477402767897
2193,0.05924325044369466,-0.15318590580264485
2194,-0.7217886781367691,-0.31268236148499723
2195,0.7458623256246371,-0.40442385830640026
2196,0.5199685648788316,-0.32819910783045775
2197,0.4864767758182602,-0.3509593537089135
2198,-0.12806992556816157,-0.32818482796522697
2199,-0.45808552096126215,-0.34698044860381605
2200,0.6364393348001378,-0.26898228609419417
2201,1.899216350218813,0.1356399529048834
2202,-0.9003736467258225,0.057790771765998325
2203,-0.44970720669919634,-0.22161448603414263
2204,0.05762382882700259,-0.39461360904513815
2205,-0.2457866901411259,-0.15896801868676777
2206,0.8993224357091916,-0.29359667314994886
2207,0.016567866776514187,-0.21914435312011593
2208,-0.14309898091107728,-0.36374329327083266
2209,-0.17836586124798742,-0.2170846558383994
2210,-0.520624332847017,-0.07788540045448632
2211,0.31459854830160106,-0.34461812972616324
2212,0.13338889369083146,-0.2777252450709207
2213,1.3679804315515067,-0.27631610324230965
2214,0.6617858428748756,-0.06293827552449167
2215,-0.4437651838359887,0.24975989201750598
2216,0.49619707469995494,-0.033185529762508575
2217,0.07114933665755824,-0.1356549677596
2218,0.3709684245397899,0.032994459316513944
2219,-0.7436397099843152,-0.10306307498992087
2220,-0.40786036880628007,-0.23827749976668045
2221,-0.632765651155227,-0.1311120020958615
2222,-1.6578346914226205,0.49840066236992975
2223,0.8834302753428492,-0.18819252355952942
2224,-0.22723183500218766,-0.2978618782272578
2225,0.7893224832811787,-0.34356773115535294
2226,-0.08757417527404879,-0.2808366283823287
2227,0.0999747161618649,-0.3010272283280231
2228,-0.6618031424344496,-0.33399563725126424
2229,-0.21450378367585307,-0.3234766147315817
2230,1.0804451590087385,-0.08331445627785677
2231,-0.23651450444881195,-0.3238830013007
2232,-0.33001921426274344,0.07267420158058195
2233,0.4761942480327814,-0.41820603094367426
2234,0.8107824496858991,-0.24566656868239256
2235,0.10282963198545436,-0.15383477093139472
2236,-2.31013406437838,2.450128485015987
2237,-1.5325283810372414,0.9296334518291874
2238,1.0351662209311394,0.3393985382070718
2239,-0.5003618474619745,0.6363264545682082
2240,0.41668967240811194,0.053473334339861525
2241,-1.1541576998796488,-0.15120684402411
2242,-1.205922548680643,0.46767585469295636
2243,-1.7953626266529361,1.8052134656964356
2244,1.4315204530895416,0.22040264770668017
2245,1.7820411326022225,-0.14502446255259566
2246,-0.33253142248251916,-0.09874494187748002
2247,0.37961813290298985,-0.11851362330437362
2248,0.751827418085589,0.2101037488579257
2249,0.1890735682900105,-0.2959832455597056
2250,0.9573887405538427,0.048233761410237455
2251,-0.5806956942177441,-0.3315914266304796
2252,-0.10404223338307252,-0.3563576897856821
2253,0.5343493811401213,-0.43998377085047125
2254,0.7426499865595453,-0.22075832704618592
2255,-0.4120177898067778,-0.3139819477086396
2256,-0.8018331030230541,-0.4592568601584719
2257,-0.2115012032011757,-0.4992030708019872
2258,-1.4210727393503226,-0.23825403877201912
2259,-0.8512312026347884,-0.3018126911305901
2260,1.311515951316399,-0.4611362661058749
2261,-0.07660531060297493,-0.28623729595668235
2262,0.32919083854082914,-0.4581388379770192
2263,0.6070507783716966,-0.46334441283605804
2264,-0.13260757086059555,-0.52957344470771
2265,-0.04682601451551791,-0.5015498158933113
2266,0.2913633931320188,-0.51415081833141
2267,-0.17373150180655597,-0.5650386632195804
2268,-0.7055184387267182,-0.39628109616941676
2269,0.15382188187283533,-0.5473704585201432
2270,-0.6365647677546875,-0.46067572850508876
2271,0.43571209535338656,-0.5269373900617739
2272,0.9343959551434182,-0.5274593653254812
2273,0.32167835739884804,-0.5251095757812655
2274,-0.0214356146018568,-0.5220949634557153
2275,-0.3297648925691041,-0.5406035908424475
2276,-0.4889994930781933,-0.5361314522832945
2277,0.19999017484927542,-0.4859457236258534
2278,-0.640780384184793,-0.39508707933135767
2279,-0.7300932251041042,-0.3126092324387601
2280,0.9975151669982781,-0.42496754943995924
2281,-0.9390445411952274,-0.3779708684329738
2282,-0.6041901488437657,-0.2362400186152382
2283,-0.03480631250097491,-0.28136043663634075
2284,0.6299116390979494,-0.5324535493015538
2285,0.22412059110610968,-0.4456396250518812
2286,0.4887558532196937,-0.4353992569424
2287,-0.05857467535056279,-0.5349740352010369
2288,-1.1982001285441815,-0.39265893366019683
2289,-0.8904555494837121,-0.15615869788879214
2290,0.20350435964467023,-0.32281439613964097
2291,0.7810434725925397,-0.4165896219105128
2292,-1.8023037472300731,-0.1144799564361198
2293,-0.7585355640244897,-0.11314753740233813
2294,0.18089154396188797,-0.031357104992594434
2295,0.15972408283585635,-0.269653599052396
2296,-0.45379218316038816,-0.3713041740143568
2297,0.49828038045206685,-0.4633675138837486
2298,0.6966072981805026,-0.5015638285781977
2299,-1.0431280000127743,-0.4053501338788361
2300,0.18374769258734533,-0.5021257862098408
2301,-0.1988448469859029,-0.49371619771757147
2302,-0.0072570722147297425,-0.46865699556045237
2303,0.7523330101536446,-0.3929739073844451
2304,-0.8547361927943207,-0.4533336748811525
2305,-0.35633529689379234,-0.4606695455020072
2306,1.026919179184387,-0.3166620638885922
2307,-0.9744889692457174,-0.32753124829138797
2308,-0.7407059979430197,-0.23345228527544726
2309,-0.2537052910960686,-0.30587752256859474
2310,-0.34892451890583975,-0.24109824377433453
2311,-0.7621210585662573,0.09502887818969392
2312,-0.6807909156749153,0.6334583014696085
2313,0.2084661478109763,0.29113510355591554
2314,1.0787028009270192,-0.24356047043669127
2315,0.14062991128275645,-0.3272577932430071
2316,0.130644205064719,-0.38175474488878886
2317,0.4101134192625383,-0.4368734673696245
2318,-0.007973866090009643,-0.44577503274291713
2319,0.5440579078225809,-0.4191666682037013
2320,0.2697552214241168,-0.46453833230957026
2321,-0.07543126284008962,-0.4007902604549073
2322,-0.7478835860457352,-0.30975778986309493
2323,0.27924954298180826,-0.5294382891468438
2324,-0.26266163501358125,-0.15893405661881754
2325,0.6327354653573801,-0.4444974753122599
2326,-0.17724709743321118,-0.44875840209324375
2327,0.16409966303238355,-0.3197484225544702
2328,0.26842282948870777,-0.3922790944586055
2329,0.5409264847409871,-0.4365531412041908
2330,-0.19882107439160926,-0.3402485120308355
2331,0.30718012959952906,-0.5150593089507425
2332,0.13434526126997035,0.8767576273323177
2333,-0.13229999256222016,-0.2541979760702725
2334,0.4618615210612955,0.2972465338444461
2335,-0.0728508265972001,0.191282774946741
2336,1.2703498872685817,0.017848161082324607
2337,0.07768091940325811,0.10158081023341113
2338,1.7397041851903614,1.0258482049510205
2339,-0.7023988205561156,0.5696986552516836
2340,0.13779264815665657,0.0774855295456328
2341,-0.4127781714727036,0.6066426874399207
2342,0.9430572284208963,-0.22373798770490488
2343,0.6613636847895537,0.06090173096667238
2344,-0.012894347252961682,-0.04686347924008186
2345,-0.327194560270631,0.3472717983035455
2346,-1.6513063159025703,0.13776480954238357
2347,0.24449681712903745,0.04488139119668032
2348,-0.9764196121758021,-0.22255375053333992
2349,0.9312840244664142,-0.14731851558395945
2350,1.1505538999750053,-0.3380246640245238
2351,-0.5438736377258477,-0.25646369026436655
2352,0.362172177464625,-0.33864148250084675
2353,0.2560311544314545,-0.4115895243664932
2354,-0.7028338896145289,-0.3287949638544616
2355,0.8480058945977084,-0.4873523860729715
2356,0.17303867962164873,-0.5303856118170511
2357,-0.02160994815028628,-0.40588595445201175
2358,-0.20902598073169706,-0.2665195142093136
2359,0.05882601694108408,-0.5049840107382516
2360,-0.044511128960457565,-0.4774411057829022
2361,-0.07339894514369594,-0.46624632256660664
2362,0.3563106205853409,-0.38768630712203994
2363,-1.3213491717892631,-0.27879369461202574
2364,0.2350508631002256,-0.4473113632574015
2365,0.5477224773109183,-0.5813586241669941
2366,0.4462150533728086,-0.49728762308312563
2367,0.0991025458792976,-0.5592051683675887
2368,-0.21528778504497006,-0.5183041727385495
2369,-0.36411088833690397,-0.4049788672146383
2370,0.2720849340640959,-0.5269759623733286
2371,0.7582527035065427,-0.31383206292587656
2372,0.5899581659688936,-0.14343800638270848
2373,0.23910525470485403,-0.3166359629389616
2374,-0.6811217106965869,-0.12494381842536366
2375,0.05248026109892335,-0.2998011614507989
2376,0.7059780867252393,-0.420736628143948
2377,-0.1383454819433013,-0.4096835552932891
2378,1.12494442609639,0.0722800547939564
2379,-1.5425914628430668,-0.05491859766506409
2380,0.6209016483410938,-0.3032803066743839
2381,-0.8063974261394121,-0.281986800385825
2382,-0.5076621460579335,-0.26562440342812926
2383,-1.0331138428368694,0.2242591489645009
2384,-0.42661238467029333,-0.13508470535483133
2385,-0.7888206390325767,-0.021861929891223653
2386,0.44441788655213554,-0.3773170292945144
2387,0.09983144368205313,-0.4154484542072735
2388,0.738605036618,-0.46518234668895364
2389,0.05256651106232774,-0.49426764284252056
2390,0.7014604415339506,-0.464003699068623
2391,-0.8297461143189283,-0.3542133429086039
2392,0.16997740200826014,-0.31965769951325484
2393,-0.5489653469326835,-0.43531440956836104
2394,0.9850291091845507,-0.4854677941383867
2395,0.3687822927028918,-0.4536739601840326
2396,-0.544218721108019,-0.3685148351861563
2397,-0.05559991746106354,-0.48726189157535976
2398,0.672996841648178,-0.28864948939232365
2399,0.3586224600446076,-0.35893794049228317
2400,0.3385234932915102,-0.3375032739993197
2401,0.13171556859110609,-0.3065297050561937
2402,0.04808151347731469,-0.13764593526794444
2403,-0.43242587408566546,-0.28303196935511965
2404,0.451955735552915,-0.2775119260184535
2405,0.3233718790298677,0.08875054970816286
2406,-0.42163515399005136,-0.15039828204820593
2407,0.5256146430154468,-0.3111719990817808
2408,-0.22940155973061913,-0.356913023981218
2409,0.18819789759823316,-0.310677452477614
2410,-0.3079336355456518,-0.10921205967498522
2411,-0.25016853483996426,-0.3545635599907265
2412,-0.060237611014329895,-0.35873079153949944
2413,0.6554006860442825,-0.32764784039155354
2414,-0.6390321615156394,-0.04942626256652614
2415,-0.41600791292858297,-0.05787031577841886
2416,-0.37474266285803154,-0.18534513115219364
2417,-0.13177980626230235,-0.3001100751366319
2418,1.2941605113234742,-0.31392525021160955
2419,0.13900912316077127,-0.1280529681237374
2420,-0.08612740723135068,-0.27410300674649296
2421,1.1672882275332033,-0.1874101185867847
2422,0.7871429888689115,0.4946241082614087
2423,-1.4235912302791014,0.4616858285403258
2424,0.8359551787435435,-0.26037467593854335
2425,-1.552046723718702,0.2795559228182231
2426,-0.21290818182159518,-0.16096085074974817
2427,-0.6779653892847642,-0.18869971755372944
2428,0.7080195426372181,0.39026386207211383
2429,-0.24194960432624524,-0.19130789399525594
2430,2.950155650708727,0.4204402966999592
2431,-1.897704361383472,0.41828646724715424
2432,1.7018314577530695,-0.09064148682068629
2433,0.7533307246906901,0.7451862830084772
2434,0.13145428181114213,0.24207496595734457
2435,-0.5996398800515843,0.025417660315467147
2436,-1.2122750472117472,0.24125619193055686
2437,0.31638894421721914,-0.2028221600236481
2438,-0.8592181160250817,0.09015771017101647
2439,0.600787534389894,-0.1609852436056881
2440,1.0763676616649853,-0.18416999529971667
2441,-0.3169751727965025,-0.33308850373475857
2442,0.624368092919266,-0.29304655584266287
2443,-0.20836898400400564,-0.39991661257462546
2444,-1.9267118944551496,0.09903915467427189
2445,-0.8145578436405644,-0.04749318759543767
2446,0.43952396728372445,-0.4363198683903356
2447,0.6218194836750094,-0.5384264048406219
2448,0.8011136187478571,0.45518011659691815
2449,-0.8555376380057201,-0.44157621114819107
2450,-0.20499701915554217,-0.3371699119709357
2451,0.21574716568951358,-0.40242639028709787
2452,0.1663523451380418,-0.44542828051037026
2453,0.5096540661961666,-0.4116812725709056
2454,-0.6160708651124698,-0.4935704208916962
2455,-0.19897885002741364,-0.4645427367550554
2456,-0.3621347300330057,-0.3837073416726127
2457,0.1840889695826007,-0.538995656964582
2458,0.4061675464620143,-0.5207388424532843
2459,-0.9867735545560208,-0.4680758344329189
2460,0.0018380487208377854,-0.5045358621009495
2461,-0.6232038079621335,-0.11015974024123129
2462,0.6682878729238799,-0.53407903815604
2463,0.23372279527921078,-0.4748184389998913
2464,0.5541503758225149,-0.5441205717820864
2465,-0.1858551218191886,-0.48559438020386414
2466,-0.24666083248329482,-0.4203398725308157
2467,-0.3013865518045499,-0.5083663894825997
2468,0.047074771204538665,-0.595254679221604
2469,-0.32872845047479543,-0.31693790263868654
2470,0.8166136225377433,-0.43672771351857925
2471,0.002710253523839459,-0.38283834290963437
2472,-0.45402631113137193,-0.45273008214571264
2473,1.0195565863425518,-0.22990365609205976
2474,-0.39335555647299275,-0.30774350674551487
2475,0.6547790589758402,-0.3205054973874065
2476,0.8277587321510173,0.12625721086525782
2477,0.2969475501022926,0.03615459945113293
2478,-1.1060356089157053,0.10046503604926905
2479,0.2740052798866658,-0.4206937196735133
2480,0.5900361857918076,-0.42598190559682036
2481,-0.4089294869191849,-0.3815486058150954
2482,-0.1788212242779768,-0.13965735586721806
2483,-1.0085848968516862,-0.3124620831773797
2484,-0.11610290823601829,-0.3447902511244566
2485,-0.06971736925089166,-0.4279623933804234
2486,0.16686125667297672,-0.3450062537723703
2487,-0.609090775977409,-0.4485973238377904
2488,-0.0508709198279006,-0.43752996847093667
2489,-0.5665685735483994,-0.458849778863871
2490,-0.06121900285747193,-0.39795244662506396
2491,0.3633326422735413,-0.4845894564675388
2492,0.26529207204158917,-0.5157977368502167
2493,0.027293751058338533,-0.5772205995975
2494,0.3465323869668132,-0.6035798254663853
2495,-0.15744812526146432,-0.5938183517579267
2496,0.37986177232937945,-0.2683253610277924
2497,0.08197944265807368,-0.44196949251136036
2498,0.5821796901933355,-0.4179725984985483
2499,-0.09100804655338551,-0.45311994894255775
2500,0.03514082993307712,-0.3534957006849969
2501,-0.8592500550576702,-0.3727614399338676
2502,0.14250348835918855,-0.4113125398566733
2503,0.615190329243364,-0.3634737674851842
2504,-1.3233698473248017,0.12764309097267595
2505,-0.43907488691343793,-0.188355229233987
2506,0.1461830151580549,-0.3581122536466998
2507,-0.5310759799575203,-0.3385548724942729
2508,-0.5548081069275803,-0.15667686841250816
2509,0.4698247762088848,-0.4338208017557218
2510,-0.08009546466432607,-0.433901292314635
2511,0.26152601706962325,-0.4865816278676339
2512,0.4191224086059658,-0.5315766163844096
2513,-0.6758066991969183,-0.42437497608292996
2514,-0.3513064324942348,-0.3022747805013621
2515,-0.2735023388407899,-0.4181548265516921
2516,-0.475779093184925,-0.11939400964798087
2517,0.036351468088265906,-0.12447316470881915
2518,0.4814366945879154,-0.3189230851178155
2519,0.11183863251437193,-0.2925549502707221
2520,-0.3342419303875733,-0.46675290286940374
2521,-0.14922015633118754,-0.4531306499682939
2522,0.11680560989331047,-0.5192543884021583
2523,-0.7333371401612865,-0.31718935551783595
2524,-0.33923138950892123,-0.24746658608484146
2525,0.6379580928768999,-0.28933192523715967
2526,-0.2433212076555218,-0.35746523088741955
2527,0.22000940077885645,-0.3857104055587923
2528,0.5144942308125829,-0.45677670943751214
2529,-0.07290260805866768,-0.32903031300047164
2530,0.5485047292681812,-0.45429285680929743
2531,0.3615532285721703,-0.4408911413542704
2532,-0.4018739173589266,-0.4618631294275452
2533,0.2863161531104573,-0.4974061805028305
2534,-0.38708359651440066,-0.48003210226492427
2535,0.3789047458301555,-0.5606751516875129
2536,-0.8337255947483155,-0.3967736073698648
2537,0.48249458375687615,-0.5388892516633472
2538,-0.24145854606351536,-0.5085239027341133
2539,0.39592384882419157,-0.5659455990446423
2540,0.036605944735236755,-0.5502326472991472
2541,-0.11949911940498481,-0.5573221254071583
2542,-0.2796514549306222,-0.5386795201795602
2543,0.29393628901586494,-0.6106408346842517
2544,-0.26483291116962326,-0.5985557834768697
2545,-0.31695428719803376,-0.5075170694288615
2546,-0.02663122957753012,-0.5668032726987642
2547,0.3084702856444183,-0.6132150146352289
2548,0.07929385009303909,-0.620711355318653
2549,0.20534458948002,-0.5928736332268566
2550,-0.20186256793883478,-0.5743021575207288
2551,-0.1828789468004228,-0.6278102280618522
2552,-0.1657700126449604,-0.5457464355755808
2553,-0.4985971547549548,-0.5638548514543563
2554,0.8405174909674294,-0.5872344645903653
2555,-0.08767381235221805,-0.5626581922190544
2556,0.1003206483895003,-0.4140290208732189
2557,-0.057423793278179126,-0.5429151880235874
2558,0.7995821641032175,-0.5372671385314189
2559,0.04020146700197429,-0.496762214907857
2560,0.3295072483463414,-0.5935334167479267
2561,-0.20203811705090122,-0.3698357047397788
2562,-0.4092786434956888,-0.5043632965145161
2563,0.20621080112601564,-0.5721775282778301
2564,-0.21434462153402137,-0.5748222683527029
2565,0.012525146422721062,-0.5674558696083686
2566,0.44454726513812975,-0.5039260670962235
2567,0.6931981548982786,-0.123162472753771
2568,-0.06952547412514362,-0.4884728325827561
2569,-0.34824658331971,-0.5517472008563362
2570,0.4108554079298059,-0.2973396742153167
2571,-1.7984467616706319,0.4091518198423606
2572,-0.7127914928968117,0.19702876254671015
2573,-1.665660259538357,-0.11003302565221712
2574,1.1647482620528824,-0.3358532618111875
2575,-0.17981746634708357,-0.51281554872619
2576,-0.3033969698020575,-0.48405357911765967
2577,0.18241797049965425,-0.4591424667991323
2578,0.04771870907127679,-0.5268124110665446
2579,-0.39291099860655415,-0.5596005929742779
2580,0.3534571099355258,-0.5944338027688183
2581,-0.1703905816424713,-0.5405305221506016
2582,0.2705335915270577,-0.5797183017494416
2583,-0.35261440753494705,-0.5609365279556299
2584,-0.7436810163734205,-0.34691078880441173
2585,-0.3138457975212343,-0.4176564792654645
2586,0.15846175752735217,-0.47857507876729377
2587,-1.1200848014571136,0.05604595649187365
2588,0.6188977024367133,-0.4095183998634956
2589,0.06904680772780111,-0.5338875021535219
2590,0.41300300029504394,-0.57050805514267
2591,0.09929795802980426,-0.5395811399972262
2592,-0.2818430461964252,-0.552706277903178
2593,0.1981244131096519,-0.5014178535333542
2594,-0.11738985913787167,-0.49016853742603517
2595,0.3956635043487185,-0.6246855837263187
2596,0.029146326582625413,-0.5532308033943615
2597,0.006396962799256186,-0.48671225314582134
2598,0.14852571428508302,-0.49242919648396616
2599,0.23357594010103658,-0.4983179804653508
2600,0.30081530030563813,-0.4937910434825468
2601,-0.08207291636456635,-0.49016686102149903
2602,-0.46492411554330176,-0.5259027579160925
2603,0.1313047826708115,-0.5912462509644887
2604,0.45615258239554174,-0.5901751546473126
2605,-0.29476730327899786,-0.5068148298316845
2606,-0.2124277395676806,-0.5342260561211687
2607,-0.33656115477389376,-0.5542635493914086
2608,0.05273829646350592,-0.45313560962238814
2609,0.10345130900982472,-0.5602656125662168
2610,-0.3232825315941649,-0.552022576528043
2611,-0.05557706256533647,-0.5023587051033931
2612,-0.15564739748220924,-0.570073976886916
2613,-0.14269534361247915,-0.5646532172418928
2614,-0.5005694350821568,-0.2704421864644748
2615,-0.17177831228581522,-0.4774475832504583
2616,0.585899407081056,-0.22495739031423284
2617,-0.3387823487309521,0.1071910113983036
2618,0.2611152755544966,-0.16086386697960003
2619,-0.19850727492345313,-0.19516660629886437
2620,0.762530449023029,-0.3196389786055271
2621,0.24987092433226113,-0.3989454291548099
2622,-0.46768463496045676,-0.38720107338355114
2623,0.5177747756075167,-0.38724684607167964
2624,0.028773676415945658,-0.499821346332982
2625,-0.21646059821107785,-0.48933611031128593
2626,-0.6312256327329254,-0.4745718813872489
2627,-0.5159498686491594,-0.40206564504968106
2628,0.23037032754743225,-0.4883097517284863
2629,0.1801365638536003,-0.5672035778516178
2630,0.06948373284920495,-0.43834146970002275
2631,-0.6015255452061082,-0.17145623354123532
2632,0.20810524778783937,0.04165249679249412
2633,-0.09764706376295074,-0.44200701992063574
2634,0.7637557017948813,-0.41814525412020603
2635,-0.18498901849902075,-0.4662446340755391
2636,0.022715236715624906,-0.511730211846943
2637,0.11601666262335007,-0.5480498797030345
2638,0.5252734266802004,-0.4026457042880736
2639,0.1965967633547886,-0.4569851430868957
2640,0.6314642974651467,-0.48682082094987567
2641,-0.32810959541982676,-0.36136911890154
2642,0.2524578285956511,-0.50455435207405
2643,0.5046933169542296,-0.4574322828322062
2644,-0.07266169424015283,-0.4484730049806765
2645,0.46078277904955756,-0.5009641362499715
2646,-0.3519177403504767,-0.4051983200212082
2647,-0.47949592613654507,-0.44404868658164637
2648,0.2696152847101803,-0.4206274074350011
2649,-0.26578663484667486,-0.4995312241789295
2650,-0.32095100869159365,-0.4577757875964541
2651,0.7227758241442588,-0.5801444396541416
2652,0.32986128676760923,-0.4442452117777802
2653,-0.3868511658469414,-0.44488952630796597
2654,-1.2563904552901632,-0.25303378532247767
2655,-0.24945766269659495,-0.3444731068463664
2656,0.41659483984869927,-0.09893921021028537
2657,-0.25301263749079983,-0.37062236040646473
2658,-0.7548360841253471,-0.426783158076673
2659,0.2766379141370067,-0.5232749950036241
2660,-0.3046476472018906,-0.5569935015311342
2661,-0.038672002765252345,-0.5460729217578517
2662,-1.2468345639859766,0.09093282300837012
2663,0.698543037510028,-0.33712310552452335
2664,0.22585499334805145,-0.3409986114990566
2665,-0.7095341432134951,-0.5038929241650969
2666,-0.3637347874527181,-0.31911312718095497
2667,-1.182470984443421,-0.05941741410101472
2668,-1.1298309523603223,0.3129846050521553
2669,0.21260633804721357,-0.2674252677980694
2670,0.4972903369505755,-0.27386457802872577
2671,0.992227336307312,-0.3483312584161494
2672,0.33496417453787597,-0.3865334659769895
2673,0.5691596764116771,-0.5015434603274376
2674,-0.22475558977015894,-0.49628773874956383
2675,1.0123804914662387,-0.35851339739278426
2676,0.8449441969792771,-0.21848890601460152
2677,-0.12075738451787332,-0.542873450314536
2678,0.5157273466176495,-0.4328344126798036
2679,0.7859105829862767,-0.2522838148190863
2680,-0.60584832968925,-0.31636015215296837
2681,-0.10053642070215271,-0.48301000560503354
2682,0.34451961891162397,-0.47959755863943215
2683,-0.0817671251519244,-0.4524930825496906
2684,0.05346639885222438,-0.4500148899214988
2685,0.2639872382553035,-0.46338240737114184
2686,0.668098515704287,-0.5098742332391653
2687,0.14094433548055552,-0.23307701447021034
2688,0.9449585333828697,-0.31924457902427433
2689,-0.17842870915976258,-0.3345721955458867
2690,-0.3349712148307725,-0.4179272706560809
2691,0.912222962171468,-0.27961815643818216
2692,0.1438952672211378,-0.24871086665207548
2693,-0.042045697524662425,-0.3345367327590673
2694,0.4375267500963148,-0.22617882769982495
2695,0.05046957141025352,-0.37765455847741186
2696,-0.36391291726791924,-0.3222314260968503
2697,-0.1571366461682717,-0.3623104016348789
2698,0.04862703353319443,-0.11993240180451654
2699,0.17334281090867393,-0.4270930260698015
2700,0.2840825409875715,-0.4348423203196889
2701,-0.5448410540146892,-0.36599326546526945
2702,-0.2852220757438683,0.4646671477401443
2703,-0.48159554329752624,0.3219060915315981
2704,2.1301543963647567,0.17669883706201855
2705,-0.6323178456203773,-0.30417402836061896
2706,0.27671108232424785,-0.20861654421297215
2707,0.901120115352186,-0.3884317392308404
2708,-0.21999542272599754,-0.21546813686786853
2709,-0.391213626507456,-0.33285128157826294
2710,-0.9270133405181619,-0.21688307877074559
2711,0.47161625468026114,-0.44956090444084723
2712,0.6237200630382329,-0.33205176977732526
2713,-0.7374603023628211,-0.26110575109663114
2714,-0.1670395270368398,-0.24036911027614855
2715,-0.8162932900350622,-0.42609261627449085
2716,-0.7062523265753443,0.09665064988804477
2717,-2.5035233615807413,0.425112844965459
2718,1.6268867861102552,-0.21019475990333314
2719,0.22606411914710764,-0.1596952337013744
2720,-0.2075994729660901,-0.2711231835681768
2721,-0.8350005645863484,-0.0470499077667869
2722,-1.0424390091422575,0.23706226290323146
2723,-1.509874131476985,0.10569517596559515
2724,-0.06585868610435533,0.19929726290018496
2725,0.5505202096958934,0.11079704384408519
2726,-0.9676681691064286,0.03818738201622608
2727,0.6400225831512433,0.1688801291319445
2728,1.203891240904858,-0.21645953050936356
2729,-0.9567938518616146,-0.11426592909501494
2730,-0.23067755963618816,-0.19398121629580212
2731,-0.14212840075866454,-0.4380040395165181
2732,1.1068008503685731,-0.4613842115067991
2733,0.8148765131547245,-0.44013985462206895
2734,-1.0198095579579387,-0.355405963102696
2735,0.3464721832604122,-0.49453744113077786
2736,0.3866160626576567,-0.5384287762642747
2737,0.5063874005011977,-0.4389019907479808
2738,0.9147578813609358,-0.21193331398418852
2739,0.8931492878591759,-0.34553161695677775
2740,0.7169576779241535,-0.4555997864269153
2741,-0.43400676366499347,-0.4513201268410236
2742,-0.8469151192496988,-0.3998641275537374
2743,0.4147734288645178,-0.5314766159336413
2744,-0.8014545953040876,-0.4946320966159142
2745,0.055085532207890385,-0.5011998107398448
2746,-0.3331466220183645,-0.4624868795117816
2747,0.15570634573703038,-0.5509268755657781
2748,-0.05457943546016022,-0.5418942039690574
2749,0.6708309662620898,-0.5320091449015947
2750,0.23239238152611086,-0.386624894137857
2751,-0.45786855208018984,-0.43672309284626
2752,0.39867722688222956,-0.6154910203450529
2753,0.43685535389960145,-0.5094596853698257
2754,0.18447122347144818,-0.4891511778144849
2755,0.03895723921336771,-0.46827991512138556
2756,0.38170565391763805,-0.525213642422258
2757,-0.23204582825489609,-0.5366288233224724
2758,-0.23485992190814456,-0.4517144384833639
2759,0.47383940564810706,-0.5003665096424544
2760,0.6244696092777007,-0.496907098563594
2761,-0.21530684919319162,-0.39658370778863994
2762,-0.2716797781911888,-0.19585723938375288
2763,-0.09667864565910791,-0.3245700080466743
2764,0.6180900389561214,-0.40113172660238955
2765,-0.9623986552166877,-0.33890418816672424
2766,-0.3056120519175844,-0.26420952481659427
2767,-0.14847119920853663,-0.45985313788974386
2768,-0.24565288912194835,-0.5009533588305135
2769,-0.40407312238593013,-0.3867962758592506
2770,-0.12292146753965635,-0.47026164286319655
2771,0.5773075966847566,-0.5819563475357098
2772,0.13594396948502113,-0.5538554107252998
2773,-0.12852449546524783,-0.5782051983565915
2774,0.36096683778283134,-0.5126275891038021
2775,0.2267130284841766,-0.5252122384379733
2776,-1.2505647537449704,-0.4030299150074822
2777,-0.6469910240337001,-0.2684933782086414
2778,-0.23750732593819762,-0.37304663667221843
2779,0.48704411018130606,-0.4777476568091299
2780,-0.16906154011770727,-0.42271987107656744
2781,-0.016849112792635894,-0.4201078941370879
2782,0.9186786845273281,-0.4008688754708055
2783,0.7276481042795376,-0.23731718343219005
2784,-0.1835486247452053,-0.30371446029996796
2785,0.5637135332484768,-0.37134451037817423
2786,-0.20505396711850807,-0.3387033018388629
2787,0.43525981348740633,-0.40930300216406446
2788,-0.39645069504785724,-0.3743270469134244
2789,0.3230393207160738,-0.4525623117980846
2790,0.19929793143116634,-0.3096027868158632
2791,-0.27163389300264984,-0.2884095395646534
2792,-0.3468450216881141,-0.29346172234705414
2793,0.529573843397649,-0.35239739337638504
2794,-0.5286473519726373,-0.36747236608600914
2795,0.14018841180277258,-0.4244394116300226
2796,-0.12686552441857474,-0.3683754800861964
2797,0.35676859653571824,-0.3796888751458241
2798,-0.06368226825302316,-0.1842120123690873
2799,-0.3758739477572485,-0.31869276606002006
2800,-0.5066495314430786,-0.35805910173946104
2801,-0.3006588323090305,-0.27110553373120466
2802,1.2756264312507992,-0.390260827461577
2803,-0.19488701634757766,-0.26151009939025405
2804,-0.509126609953122,-0.40537417440524887
2805,0.33852898294858164,-0.47354313735549364
2806,-0.26044073968713416,-0.3580916818191691
2807,-0.7298389220751009,-0.3249914051228613
2808,0.3586197188758453,-0.309562188686539
2809,-0.9003522295484057,-0.3380564580815344
2810,0.08505561344377921,-0.3595966950563663
2811,0.12012137417257547,-0.18390285443745596
2812,0.10058802382411514,-0.27480410509176384
2813,0.021676655050000868,-0.3227212325922638
2814,0.4522231023958215,0.04970417589643007
2815,-0.4299381580230028,-0.211377451261542
2816,1.1780137153889407,-0.2584513041016634
2817,-0.3682042788051678,-0.3708970254453794
2818,-0.38333144231389665,-0.38159555735363554
2819,-0.3630983567900038,-0.37591956308859675
2820,0.4462327708438845,-0.41306586986711835
2821,-0.3930148149242436,-0.39300976857395664
2822,0.22799502574618347,-0.3525441616203569
2823,0.6105900506868371,-0.37526343823232344
2824,0.9745333121305999,-0.11623031791044952
2825,-1.4804293549934568,-0.06048799337422889
2826,0.09278188805582785,-0.15400282651080563
2827,0.3767176651508682,-0.46817815975327265
2828,-0.06896612100850646,-0.4089690704349979
2829,0.16880601523254532,-0.36056320495105854
2830,-0.31606037708954454,-0.28486590361565317
2831,0.6974567991092333,-0.3930696529389879
2832,0.06253263185090838,-0.48780810685860104
2833,-0.0246402423185057,-0.36007672571804955
2834,-0.18127270242382318,-0.3416108853256116
2835,-0.15140514025847243,-0.4299289686286026
2836,-0.37835984339430645,-0.4627199921307368
2837,0.06161757349150746,-0.5001341661162799
2838,-0.638135656820581,-0.44397700316012795
2839,-0.6351857610042632,-0.4310045724628904
2840,-0.02134661206377054,-0.3100876723196337
2841,-0.22394997684564005,-0.5274189260989396
2842,-0.8946943076267918,-0.07266195619843731
2843,-0.3912692284831601,0.07819597565899265
2844,0.27918877133608744,-0.2456451599192273
2845,0.2658212820202244,-0.44563969626783634
2846,-1.2609181561616523,-0.25566407172930206
2847,-0.36698805502473836,-0.26669836796968144
2848,-0.43026112962498314,-0.233771555613643
2849,0.29908280416740524,-0.5411532757092804
2850,-1.2961246791564736,0.011977105499139537
2851,0.29204177597438974,-0.2848880123638038
2852,0.8384639287029617,-0.3864619967386342
2853,0.5603798232180767,-0.2991268069548364
2854,0.3877729489855888,-0.21997607021201832
2855,-0.08724192774209402,-0.24931581764461191
2856,0.33978252130512776,-0.3451165477010816
2857,0.0147658738486305,-0.5428030850733497
2858,-0.7902669912383175,-0.4548727571392694
2859,0.6761408399244838,-0.4999999653286877
2860,-0.9158751438643989,-0.43576369269076864
2861,0.7008358645360347,-0.3795214626371288
2862,0.1671628547226275,-0.45654000987498483
2863,0.022735534063294816,-0.45204261722550526
2864,0.6724725852806521,-0.5202397249694766
2865,-0.227260236032067,-0.5044485609632838
2866,-0.16649388662684922,-0.47419393630067047
2867,0.23626729596338247,-0.43372409433938003
2868,0.13734946412929736,-0.5038482206631689
2869,0.9398074012268965,-0.4031795515237706
2870,-0.21329592906255637,-0.4371100640547788
2871,-0.2874217404989,-0.5421109502534259
2872,0.026847852788975536,-0.5806988829667789
2873,0.45790424752675,-0.5307479234061732
2874,-0.37645907942311563,-0.5225208964849927
2875,-0.1260800756027397,-0.5555602972837983
2876,0.08251434436369479,-0.5734209318870009
2877,-0.3413314443177269,-0.489699030429316
2878,0.11005217925039285,-0.5213380164602104
2879,0.2516814091768004,-0.5532747727501626
2880,-0.6426357877765495,-0.5162957440483092
2881,-0.17617755774672372,-0.5162126804802359
2882,0.11995209867331384,-0.5039367933824779
2883,-0.30059467488558084,-0.4772122685687544
2884,-0.741269283633308,-0.3305404763218459
2885,0.2376626401283207,-0.3525661140419107
2886,0.25350857944108246,-0.4179146604569036
2887,-0.699570972390015,-0.42604854417894805
2888,0.2985856736690489,-0.5416975062872617
2889,0.10247886296086386,-0.5034093967485229
2890,0.1528209183303523,-0.5372567482102817
2891,0.39794159598166784,-0.5527993690738597
2892,0.4915709346950056,-0.40529531156768794
2893,-0.1418298848954524,-0.5292440873926028
2894,-0.08606833086742922,-0.31739040975473787
2895,-0.1422858361039763,-0.5456736310358912
2896,0.27138344533462727,-0.5699831381041149
2897,0.09384084279407848,-0.5166161439987716
2898,0.12234059654149473,-0.5201552028917258
2899,0.34199366383391816,-0.5521122976099199
2900,-0.0057307088058845025,-0.48980053141508784
2901,0.15250002284489514,-0.5209587055510501
2902,-0.2864754239397977,-0.4606287877209733
2903,-0.9158731286905905,-0.3202874994889173
2904,-1.6409511440963869,0.6926003307015547
2905,0.08609260586901407,0.24625578202279813
2906,-1.6509445728054029,0.24571798629289232
2907,1.0568331697393407,0.1611706058650471
2908,-1.948985399749838,0.8519128152817457
2909,-2.76077077817138,0.7974036974207045
2910,1.7108088309635407,0.5283412450900101
2911,2.0607762042268667,0.24678935335120616
2912,-0.14768073740022206,0.10535624133872477
2913,-1.0066340733537398,-0.23828023473625304
2914,0.676712804185773,-0.4066833729741801
2915,-0.2417234613424266,-0.2727657174505876
2916,0.8102470280217968,-0.36862775432235045
2917,-0.7008545894824297,-0.4184852608289301
2918,-0.9115019945766644,-0.19740245288886044
2919,0.06948245221037741,-0.3710617465574493
2920,1.1263488158831623,-0.45297167731414806
2921,-0.18994953518466556,-0.4998899015535127
2922,-0.5825729237563273,-0.3696246525674225
2923,0.7707477928004419,-0.5593360693810708
2924,1.0112676994519225,-0.38720750991863684
2925,-0.3094835110158417,-0.3807071964604017
2926,0.8395378532607254,-0.14862768422735093
2927,-0.6273989823260803,-0.3679317575039466
2928,-0.2905009258165845,-0.5147388618848914
2929,-0.06604571833435208,-0.5188712992251631
2930,-0.013886064066347403,-0.5115032288390835
2931,-1.0506517038335985,-0.44911999701745586
2932,0.6974699047185646,-0.5818858462471633
2933,0.6805561916368538,-0.5124675124301651
2934,1.6993699677051222,-0.2081877761097048
2935,0.2987770813519518,-0.2191581137111459
2936,-0.3820106834988058,-0.49545755169099476
2937,-0.3088317622266084,-0.4951310051641023
2938,-0.08819404617243906,-0.4612147502985472
2939,0.2892825583098553,-0.6290107987002548
2940,-0.4838000693381463,-0.46538465857796507
2941,-0.3335422952674091,-0.4736883758821912
2942,0.5462448562793878,-0.584991069786086
2943,-0.614801237465322,-0.5377304900377756
2944,-0.29174789740648677,-0.47217978201519184
2945,-0.31353119043096644,-0.5406254777219789
2946,0.5009966827769378,-0.44133122180148604
2947,-0.11865273442266683,-0.5393051638731218
2948,-0.2742311184485418,-0.5960395059795365
2949,-0.0937411274423635,-0.5611208756573591
2950,0.5109839319522275,-0.5343620831750676
2951,0.07469163462398833,-0.5401223884576339
2952,-0.04335375767039176,-0.44578735118112534
2953,0.34275355778576166,-0.47632715866582687
2954,0.5524369660991642,-0.47242420183456396
2955,0.15135061355813256,-0.4688995522993063
2956,0.2337176414532227,-0.4484803639686407
2957,-0.040713698525161796,-0.5190166522122064
2958,0.09857303724663816,-0.37715170485305055
2959,0.6908488318221303,-0.36074746884377806
2960,-0.1797624314521995,-0.4540343408145786
2961,-0.42586175430593604,-0.31208844850764605
2962,-0.13666238135495593,-0.37512940510799575
2963,0.19888747030813395,-0.5306203473725817
2964,0.08999574981765832,-0.3739128309915771
2965,-0.3583355136372679,-0.5330523334083149
2966,0.05805647664904438,-0.5203703965671111
2967,-0.5138854884096018,-0.550227750122619
2968,0.3449855083824593,-0.537375819803603
2969,0.3056547897125543,-0.5927901576243206
2970,0.35395329758007293,-0.5700006317408663
2971,-0.08665927286464098,-0.5922099513920113
2972,0.5693387603773882,-0.4638997533870289
2973,-0.009199598942707263,-0.521129627070942
2974,-0.34292993951123635,-0.5581121015525609
2975,-0.14957341870284588,-0.5559343246186051
2976,-0.4701074285754494,-0.5626306379739452
2977,0.14085259421157667,-0.5227764400707425
2978,0.2753426022849011,-0.5911879629655601
2979,0.07135554203088317,-0.5629506137391691
2980,0.2940291810859534,-0.40621802373371185
2981,-0.11517519470365425,-0.2521415605412263
2982,0.118100331808254,-0.536899024882281
2983,0.6516766858220611,-0.3901753242757356
2984,-0.19198173084893394,-0.3943949652576797
2985,0.4657879940690618,-0.5049839070226168
2986,-0.1405094980658127,-0.4463734627420957
2987,0.33711534401379395,-0.47748710543373274
2988,0.47987733088990436,-0.2596088553030359
2989,0.20530223451538435,-0.19156468025062662
2990,0.48921791963395544,-0.4302547738987536
2991,1.7388633013558314,0.06839792228532736
2992,-0.6352104159684272,-0.2371944478407086
2993,0.1540531986619259,-0.3977687368953237
2994,0.09619582022577519,-0.2645000809989411
2995,-0.7960116351411402,-0.3569089346805624
2996,0.4782847929712357,-0.4042399757013728
2997,0.22058753614497179,-0.47139325482846683
2998,0.20412574735862699,-0.3993172344330026
2999,-0.3841596162966979,-0.408709555137647
3000,0.6413718913481891,-0.3540252370903832
3001,-0.22478501755140987,-0.43627777412050306
3002,0.4084696489425349,-0.42884700002550374
3003,0.21398387757912682,-0.18055042288355289
3004,-1.5579106579506117,0.16413964048400348
3005,-1.311067824435143,0.017177289632435838
3006,1.3790171273006315,0.07982440029442449
3007,0.6259396072452296,-0.05268175685740933
3008,-0.1502176395847673,-0.07871777933599193
3009,1.5023115169971064,-0.013077636805174694
3010,1.454958517246799,0.16782275211111797
3011,-0.7916297441349388,0.13427299856585123
3012,-0.6587433246882345,-0.2008680745765899
3013,-0.6517087521452731,-0.19504965984847739
3014,0.8086446102528605,-0.3282320313109083
3015,0.22839916860688386,-0.4201022819738627
3016,0.6653151665109533,-0.41291032935801036
3017,-1.1598248474455917,-0.34281455558239843
3018,0.34470538472990164,-0.2918173580608822
3019,-0.5229660217847124,-0.044858936293522514
3020,-1.0324517999460407,-0.22625878954749784
3021,0.5375970752655401,-0.16013094444436032
3022,-0.8607072561237105,-0.3613424198015118
3023,-0.214065257483202,-0.41802501819079246
3024,0.8833073766086337,-0.42669726725473134
3025,0.39084647272942413,-0.4168365755884711
3026,-0.9563880762517686,-0.472022750747143
3027,0.26682897160022107,-0.5023950539287625
3028,-0.25380847901508213,-0.5122987871610568
3029,-0.10948289772014602,-0.45343785530161246
3030,0.6259995382917518,-0.4169835599219477
3031,-0.06309287307871043,-0.49628386594705276
3032,-0.38712398918191054,-0.4728106759763127
3033,-0.28474891538506847,-0.5501612107858824
3034,0.911099785677682,-0.5091703980641694
3035,-0.3150183752986373,-0.5185452294813139
3036,0.49859031380081115,-0.475731514332613
3037,-0.7605730495414429,-0.4360042655817328
3038,0.4049542891404229,-0.46976568941386215
3039,-0.19915409634881667,-0.5747716445111962
3040,-0.47492064506650106,-0.47846444327880594
3041,-0.14037899542856272,-0.5393002410511998
3042,-0.30231045377213167,-0.44550395898652645
3043,0.3770748223879212,-0.5115206192403688
3044,-0.5871717038940659,-0.44144055077377753
3045,0.5141260392210806,-0.5356578202558158
3046,0.1044249690789574,-0.3890714889557177
3047,1.0228720429191835,-0.3919719229517345
3048,-0.2178323433653982,-0.3636162270359157
3049,0.6993203134777218,-0.5152688172113901
3050,-0.030448316356375404,-0.35138035320800265
3051,-0.1887338813233715,-0.4617404780947072
3052,-0.5900850316325301,-0.23754397728453164
3053,0.4110964897617388,-0.5586532481739912
3054,-0.16781040933925748,-0.43878352360800105
3055,0.781478038785525,-0.3786218016533721
3056,-0.059397601051805096,-0.38885229575993313
3057,0.3529201295532567,-0.2726312654311986
3058,0.7891656681971396,-0.14196057232119902
3059,-0.8450524082226819,-0.30744358598738
3060,0.268955677734897,-0.4496875084494605
3061,-0.37784879963844953,-0.5051373946103693
3062,-0.07130504317846731,-0.3913397001771583
3063,-0.2673269505033263,-0.3647444838247287
3064,-0.7179004816702518,-0.3759712816511401
3065,0.1189403122868235,-0.5106411698968711
3066,0.03460055491710958,-0.5385686304047219
3067,-0.46318742547438385,-0.35090707134276505
3068,-0.12234119249712698,-0.44693191497576545
3069,-0.31496415429658337,-0.343226516630427
3070,0.028954770942884435,-0.47339629704231023
3071,0.4083895868664808,-0.4345327450740629
3072,-0.7054477045153111,-0.2644915773957615
3073,0.3688373089939038,-0.5665308980126006
3074,-0.6753775923432838,-0.26753133384282557
3075,0.2016090739241951,-0.45393517968375735
3076,-0.5156405274984085,-0.27156651073643634
3077,-0.4149668109228532,-0.4709702165297114
3078,0.9126189418030449,-0.5081760451163004
3079,0.26404423661725457,-0.4592635583909485
3080,0.17510246738646337,-0.5358851304135439
3081,-0.15246032345779503,-0.5706374745434338
3082,0.46671704559413346,-0.5161637673583764
3083,-0.2537712330745401,-0.5553827160714963
3084,-0.518342971387813,-0.558789760130448
3085,0.051226322294577985,-0.5464950512567087
3086,0.5006838011972722,-0.539395144360992
3087,0.026622487762242505,-0.4696643037029432
3088,0.08758562028370982,-0.4890810314563103
3089,-0.1337111914585551,-0.5217852255841354
3090,0.5697917954081494,-0.32727125886344444
3091,-0.10276600910766007,-0.4442332890947248
3092,-0.040856582688232564,-0.49269378207388953
3093,-0.32288613111760733,-0.49547450390458103
3094,-0.32644050383215617,-0.4860552245320159
3095,-0.11532476989766824,-0.4518592552961126
3096,0.5110743607677531,0.10155894372383685
3097,0.8613732869242413,-0.40580505116556437
3098,-1.0855467659284357,-0.3058100873575601
3099,0.3960430016528767,-0.465095753194082
3100,-0.10881891859088791,-0.30235994471530214
3101,-0.4113810315105934,-0.4115735956967553
3102,0.3343951180831396,-0.2825075765853954
3103,0.9331758189173199,-0.38766142031776113
3104,0.3860131266119511,-0.1047406499046395
3105,0.9396427943163838,-0.28963386408855224
3106,-0.8038412127787963,-0.27381885438261505
3107,-1.257273767095248,-0.3096962492670992
3108,0.9125221101230984,-0.4672818379968725
3109,-0.3507805929623941,-0.4462926342129774
3110,1.2106974706909455,-0.2562881422563963
3111,-0.15669111988501586,-0.3595648283730564
3112,0.19868005472719324,-0.5003427973666866
3113,-1.0222424032205903,-0.44487228869604134
3114,-0.6623147061085275,-0.3242387606250858
3115,0.30315185171905656,-0.45292720177044804
3116,-0.3186927323377729,-0.5272083723016606
3117,0.3176128738643932,-0.4707714440677154
3118,0.4004785764980618,-0.5104242804522261
3119,-0.44674602888693477,-0.41125067759350903
3120,0.3543752412033584,-0.5236018701244116
3121,-0.9679200093875355,-0.4524351178078189
3122,-0.5697811291309962,-0.23554523711873804
3123,0.2159681970331847,-0.40912072297145635
3124,-0.690158977446203,-0.39495477824940417
3125,-0.01213083899848867,-0.33259955454188767
3126,0.3644330548091228,-0.42499023066828145
3127,0.018399695011420157,-0.5217189985228994
3128,0.2243957192943237,-0.5693449621783812
3129,0.011382107201874112,-0.5264571521014262
3130,0.3347909847155972,-0.5616093145140141
3131,-0.2751704007620304,-0.5930328884200624
3132,-0.3609618609586873,-0.5286702798446759
3133,-0.4666831979890732,-0.4882017937940523
3134,-0.14765906698448542,-0.5052891787200985
3135,0.17849566264884734,-0.5408875534016312
3136,-0.19268844848420671,-0.5586206934602934
3137,0.07129193884859467,-0.600472710916871
3138,0.2497656153460169,-0.5720417569419933
3139,-0.12096119225302533,-0.5626680505265106
3140,0.29908533330201376,-0.6458322342843559
3141,0.11967697831316892,-0.4890703213837737
3142,-0.21269375200566634,-0.45317246892931357
3143,-0.2565756545215228,-0.5285010824485418
3144,-0.30720710442715127,-0.5753586696015435
3145,-0.011264617038900174,-0.4559309860622521
3146,-0.5228273411911378,-0.509098877193465
3147,-0.02190374564697179,-0.3881322778337663
3148,-0.2951873048139713,-0.48418204999218634
3149,0.08264463555554614,-0.5650934672841649
3150,0.5256813486820969,-0.587399123677606
3151,0.2687477603935199,-0.5902458006819923
3152,-0.2766402169282868,-0.619064350531157
3153,0.026091136772423515,-0.6223003406341587
3154,-0.023222127766673928,-0.5421216050893382
3155,-0.36032453680102633,-0.4662766910039741
3156,0.08700353278910414,-0.5277961409416881
3157,-0.16119475848709414,-0.5804911501018456
3158,0.34018478959207304,-0.5973891927271461
3159,0.01131527592679261,-0.4504877557541391
3160,0.3052290093689059,-0.6072455466460458
3161,-0.07570248111062709,-0.5881650794077469
3162,-0.41163578922886906,-0.5265277662649408
3163,0.3178345727696593,-0.5148014722217815
3164,0.29793992856936663,-0.5702898610615462
3165,-0.5296554959855465,-0.5543388547919622
3166,-0.39500377282064575,-0.4666594285395922
3167,-0.5263099977618227,-0.47267873295203927
3168,0.44842738861797143,-0.5597242056496184
3169,-0.3051868495510825,-0.5468573228425999
3170,0.13859408175856794,-0.5552289568693708
3171,-0.2874064701528199,-0.496424312695421
3172,0.4106097334720905,-0.5825079254304835
3173,-0.06166100514973776,-0.5578629133418839
3174,-0.6562551910544865,-0.4377896043510271
3175,0.5873797598399662,-0.46539132794167004
3176,0.19240847836865563,-0.4508910121668653
3177,-0.2544499743301722,-0.5446907298434833
3178,-0.28152290866278723,-0.494442181706125
3179,0.21216276427999137,-0.5870344934564007
3180,-0.26020989792987437,-0.5360640666193384
3181,0.00022069929610129234,-0.4985113674822124
3182,-0.4054800835512936,-0.44286794858369
3183,0.00906145061597183,-0.5328844594870135
3184,-0.638918898798886,-0.3681011934349838
3185,-0.3242164995475096,-0.21946983290173444
3186,0.33313825184079054,-0.4917570300772785
3187,0.3000100212719212,-0.5041434216785656
3188,-0.2377819562406987,-0.5381811360676069
3189,-0.014301378309927492,-0.5268059929268709
3190,0.1285285404524946,-0.5061367535910142
3191,0.5032420260168883,-0.510449624870145
3192,0.29631785351471845,-0.5064930957705326
3193,-0.15893322705517263,-0.5553365579044272
3194,0.35450241117520315,-0.5028269969433264
3195,0.31801844342059027,-0.42637054030425225
3196,-0.16319047541738374,-0.327729187058786
3197,0.2027700187310412,-0.47351145039834236
3198,-0.11426939779817524,-0.3823106686688316
3199,0.10677577761144665,-0.42435323426661803
3200,0.2833889891988116,-0.25330194880681295
3201,0.026572829421151217,-0.04801994097655558
3202,0.47729461061147765,0.027825474541618364
3203,-0.2019460334617983,-0.024898963028146218
3204,-0.061556875758389085,-0.3038711013472165
3205,-0.13472933836473813,-0.129522464310986
3206,-0.4691716296258551,-0.29397959945389934
3207,-0.14280097238786116,-0.3543956668021305
3208,-0.6220397627424441,0.0011330114845274075
3209,0.20068198227394274,-0.4225000315466852
3210,-0.9708440711512795,0.22623630747958112
3211,0.29628677157870886,-0.21081405344022863
3212,-0.3411050861957461,-0.49887416019427944
3213,0.7209104039713997,-0.5099364898180409
3214,0.1944976263024236,-0.5043577212473782
3215,-0.12223412409044979,-0.5205322838729868
3216,-0.6504006991054724,-0.520244978230438
3217,0.08180252258834617,-0.5133548029059916
3218,0.2534178344974478,-0.5298653682835535
3219,0.40337843483013336,-0.5861713253281874
3220,0.03601849978382676,-0.5725219507827904
3221,0.3018752857195723,-0.5808059852088406
3222,-0.2046591761668072,-0.5385814025148207
3223,0.11569258214752089,-0.5418511882888072
3224,-0.2913393183328139,-0.5277981403092552
3225,-0.03919234677429699,-0.5794305450565714
3226,-0.3895724444184876,-0.42620644524507934
3227,0.7898489150648406,-0.5626345303740582
3228,-0.5115486255221734,-0.5283217925858591
3229,-0.1776732758725448,-0.5284765189392355
3230,-0.2547822836239091,-0.42740798164018207
3231,0.09869270752335033,-0.6044623886255818
3232,0.37563495003087893,-0.5721765511751828
3233,-0.3450325005274895,-0.5931473933156663
3234,-0.22335204630841785,-0.5106521392470841
3235,-0.6771922707053915,-0.4770935157879606
3236,0.11423280079969374,-0.49727359295657325
3237,-0.28704210612414505,-0.5146954456415284
3238,0.3590650037452067,-0.41636587319753177
3239,-0.4083817364783344,-0.5082907569530709
3240,-0.428896282516904,0.06384237810464803
3241,0.195642469422857,-0.3503051334208931
3242,0.4279174374437747,-0.5327007700541737
3243,0.1526494277196471,-0.518002891107283
3244,-0.8971323838388013,-0.4400301535151197
3245,1.1715798079815196,-0.37759547520403514
3246,0.7758525682948622,-0.4277260481957442
3247,-0.2731407429894086,-0.5456326485949445
3248,-1.043740925939841,-0.46326438037794215
3249,-0.09730592335519443,-0.5978260636723787
3250,-0.6751484395927916,-0.42529622547716095
3251,0.2869842609369227,-0.48997025503772246
3252,0.08819063041346595,-0.5772299218147106
3253,-0.40302012674200205,-0.4456960093701605
3254,0.2863625466148309,-0.29973916569095754
3255,0.07522105494432194,-0.452857983219666
3256,-0.6311072267154597,-0.36622864022161095
3257,-0.04667692962008651,-0.4183701400516056
3258,0.6002199405483781,-0.4494026381089187
3259,0.1708142567330548,-0.4353320266814695
3260,0.1748129494284785,-0.537747792258919
3261,0.13949564214881335,-0.1477899378889305
3262,-0.26909392625170875,-0.448534163316623
3263,-0.4088437858585998,-0.46535987767118864
3264,0.2030215519102498,-0.501688242340052
3265,0.008982275607527448,-0.5593552258424255
3266,0.27935292869637324,-0.5356010012286184
3267,-0.5237474920942767,-0.4966015074246941
3268,-0.4001126866485802,-0.44763106251013257
3269,0.3615127154369429,-0.3817878234391203
3270,-0.10859560980634789,-0.530451297137465
3271,-0.5313883743562279,-0.48965994273352
3272,-0.5725129039824617,-0.17839669273483555
3273,0.06372492755563133,-0.4825704637220698
3274,-0.23793965519592994,-0.24290799979937427
3275,-0.49041964820044764,-0.42907158139075396
3276,-0.004162917509509126,-0.5163810871369544
3277,-0.07777695727355037,-0.532803218728987
3278,-0.07881853913182185,-0.49997637393595684
3279,0.2373382628261781,-0.412117714190013
3280,0.22149471972604207,-0.4873151858406639
3281,-0.27723700020901304,-0.5065939100435624
3282,0.17118985018344574,-0.34802658050114044
3283,0.16051101164578893,-0.45014705443267383
3284,-0.16684766824492142,-0.4867486359748704
3285,-0.20532743938153253,-0.5068927323072485
3286,0.23885207864521488,-0.5300094674408878
3287,-0.25892603460918395,-0.5333677342337518
3288,0.20885448396757228,-0.6001144549432198
3289,-0.3004220117586924,-0.5447533520023816
3290,-0.07480612170479344,-0.5819122855727685
3291,-0.38514736877364725,-0.15600125425986788
3292,-0.6723727118521218,-0.4295004365767765
3293,0.5416346246535755,-0.46243891819522404
3294,0.4073153000273401,-0.43254145059751387
3295,0.45685382363175686,-0.48059052253292306
3296,-0.06641403539538732,-0.44891551999597723
3297,0.1665663198557924,-0.46405697995821377
3298,0.1809258866771849,-0.37139183627451033
3299,-0.3180122625447445,-0.3732070173544418
3300,-0.6358728354070468,-0.024421105156149328
3301,0.19543665844254313,-0.4480125639608007
3302,-0.22949622464530747,-0.22235755108882277
3303,0.07344953409498103,-0.3841781276605667
3304,-0.8504887661605033,-0.23064099784312853
3305,0.08075995703501263,-0.45355406173712925
3306,0.37970859775314375,-0.48517785945137715
3307,-0.635141569642676,-0.4573691000273954
3308,0.1702026841972076,-0.17835683820661785
3309,0.19795843610916747,-0.4242782570489431
3310,-0.21383436271090386,-0.4601431391308919
3311,0.4473019002189817,-0.5572869659267414
3312,-0.09596149078211397,-0.5818137806156385
3313,-0.3673468538372763,-0.47021149225166353
3314,-0.01904606403364547,-0.5339540333076459
3315,0.33012329748014835,-0.5006153866302175
3316,0.5669159958681882,-0.5590830895265156
3317,-0.2623647091334089,-0.5724681509126668
3318,0.24152921164624133,-0.5511503243448245
3319,0.46536616709866574,-0.5721218228440897
3320,-0.12692515986289118,-0.5767712009499095
3321,0.10032169640289625,-0.6089461618545214
3322,-0.6465579564624986,-0.4939034036867077
3323,0.3678531040012925,-0.6016323063614326
3324,0.2807159324078387,-0.5850888822593884
3325,-0.10925662736490109,-0.6386274967546921
3326,-1.6125421856457318,0.07943350180823656
3327,-0.11835015345097878,-0.44104816715495
3328,-0.9431494348769921,-0.1789876673154241
3329,0.4202110237878316,-0.47023057072757246
3330,-0.577627747945642,-0.3492309038652557
3331,-1.0169936041385956,-0.19485177254986963
3332,-0.5459395987661705,-0.2755295233934396
3333,0.43398881207303547,-0.3053827873431432
3334,0.5422780505067599,-0.289640127391644
3335,0.9893379614857353,-0.30640199203120005
3336,-0.21980195325585197,-0.4128646777360065
3337,0.29758433370517773,-0.563519425529511
3338,-0.6470202896604534,-0.5057584615224417
3339,-0.8918791703120214,-0.3185264176221231
3340,-0.9408068854069914,0.2033040564936892
3341,0.0010397163239535458,-0.4342741646151637
3342,0.5574103622109792,-0.02482383724114469
3343,0.9581735393532861,-0.34826698059483896
3344,0.1064846780724717,-0.4007395490192235
3345,-0.08706819548164602,-0.4930947102191349
3346,-0.39211770854448597,-0.5134248764129598
3347,-0.26070528832376655,-0.5020648583154168
3348,0.5236785764593822,-0.5711207307004154
3349,-0.5443005822909154,-0.5704512823567414
3350,0.3426937983332778,-0.31379213374633136
3351,0.6672069985351688,-0.5124129204790302
3352,0.4017237203226336,-0.43191042181866823
3353,0.024450442257737348,-0.5373199140546823
3354,-0.3258884682033842,-0.381543573887463
3355,0.4546999959766231,-0.5794994353666423
3356,0.13943835945396177,-0.5057984349763285
3357,1.0113592117371066,-0.4228859764248336
3358,-0.4569122099599347,-0.3975437921011764
3359,-0.12908169821522056,-0.47581325942811353
3360,0.21612796617299815,-0.5266857168830944
3361,0.0876037030690959,-0.5603335187309035
3362,-0.47109873813513653,-0.4219200231133337
3363,0.007310180147532571,-0.5357864069388645
3364,0.4424254430032085,-0.5058690228314134
3365,0.0979232225128079,-0.5363124895651261
3366,-0.20028143202391577,-0.4243150802132377
3367,-0.2391429610717397,-0.47497717054163274
3368,0.032147468345396994,-0.4971508449492677
3369,-0.07154352119280284,-0.49474574392050474
3370,-0.1383428694091262,-0.5137733128769907
3371,0.4346672065140436,-0.5603220177003618
3372,-0.24192803180409453,-0.5125078642228932
3373,-0.27231504595566125,-0.5260808175619439
3374,-0.5887003853298032,-0.26372120245220454
3375,-0.5978990413222882,-0.2849638207972221
3376,-0.4679778160802119,-0.09418195399968846
3377,-0.12285575138982034,0.0033315717482712975
3378,0.31593374701470667,-0.2512276727795536
3379,-0.8615422478801792,-0.06141282410958027
3380,-0.35693004236218945,0.09620449711179059
3381,0.2939026563911798,-0.44892643538619925
3382,0.6273748152619005,-0.01401533692462971
3383,0.3593432336516399,0.07718890600037596
3384,-0.05187525259235636,-0.43977032719642806
3385,0.024672546548156045,-0.47532766758286177
3386,-0.5155179086688834,-0.20263086635147454
3387,-0.16533222173283263,-0.4313847367894876
3388,-0.867798288476875,-0.046894090884479725
3389,1.1703896988049483,-0.2582147410423427
3390,-0.5474718291355183,-0.1319321316054078
3391,-0.07677656905145402,-0.2780226098662231
3392,0.36076560905178995,-0.2891981420078741
3393,-0.5027544503779864,-0.4095941006674254
3394,-0.3248682424944114,-0.42803196955581646
3395,0.1544499740589466,-0.49378981636687974
3396,-0.6941670341499496,-0.35413086159115414
3397,0.1518412014390394,-0.2613959357518627
3398,0.5729126355371981,-0.32699272345996233
3399,0.896998443782487,-0.37234451476206043
3400,0.1780080337033958,-0.4550037022658604
3401,-0.23190074586646528,-0.49612077651380215
3402,-0.36740963415851347,-0.3424052447459514
3403,0.9698481419726492,-0.5567634073926044
3404,0.4234166094182182,-0.35380554345989873
3405,0.18706823899037872,-0.5665358993920827
3406,0.50322809727488,-0.48511728177320834
3407,-0.24454783410418257,-0.5088345637017032
3408,0.9032458279869968,-0.3776687928530623
3409,-0.2765762707600497,-0.4940597084766194
3410,0.187579231425594,-0.5169583067418567
3411,-0.5649904199564374,-0.43470547024342565
3412,-0.5742974072551124,-0.488970226493614
3413,-0.4231575078796354,-0.5093860253462811
3414,-0.5596816306491934,-0.3307034038452942
3415,-0.14201310997993366,-0.5244366514355383
3416,-0.8244450024532467,-0.34112803215572957
3417,0.7119165532162599,-0.5628520368226179
3418,0.9581051139228275,-0.5011482099692828
3419,0.16729730271229815,-0.5954609405970763
3420,-0.3731010602089249,-0.5382906619546917
3421,0.5253795315980699,-0.6010939767148321
3422,0.36965308379630163,-0.5563057928935929
3423,0.14903828345682385,-0.5030526491808505
3424,0.9735303879866224,-0.4939592103371681
3425,-0.44748760882943356,-0.5552695950275544
3426,-0.24583519695510017,-0.5382061293744774
3427,-0.42749276011681586,-0.4703533731997727
3428,-0.26077901260653263,-0.5574791623077178
3429,-0.3731095634016073,-0.38995268083752455
3430,-0.11828273310644365,-0.01655222703174357
3431,0.3680801069625087,-0.4750063580207407
3432,-0.9048450500005071,-0.3456709484650194
3433,0.3689264732700074,-0.5645904139973388
3434,0.37139326514587606,-0.5299464273206471
3435,0.21722972032356316,-0.5332606272485663
3436,-1.386640461487818,-0.42230351197192784
3437,-0.31441388693755856,-0.48168139746467104
3438,-0.34306520548185065,-0.35631909552548585
3439,-0.6691361414718172,-0.18312538829456554
3440,0.345010154346637,-0.4686371160900614
3441,0.7699745700101032,-0.44305142741887416
3442,-0.4152876986427417,-0.482310797479321
3443,0.6106145802866497,-0.5703961188788614
3444,0.432148031999784,-0.497555655610697
3445,-0.0783429436486034,-0.5114263253192394
3446,-0.22404952737038408,-0.5937780948281413
3447,0.5954940245927446,-0.5747987952265322
3448,-0.24782278266784472,-0.5557836340906069
3449,0.26007430987158975,-0.5731674771803946
3450,-0.19137426348976,-0.5487613259251772
3451,-0.5070175374227157,-0.48492372382156596
3452,-0.18925159225522598,-0.5552390608996234
3453,-0.2210986510685989,-0.43097016372443603
3454,0.46119919808150284,-0.5747237013056958
3455,-0.12514065203282407,-0.5495328159391228
3456,0.25857538624969595,-0.5843016544992161
3457,0.17782744841020656,-0.5400525969507796
3458,0.1179132556995568,-0.3470455912869363
3459,-0.4798623329983221,-0.4718185780094239
3460,-0.08934365011159111,-0.4588204226739316
3461,0.0031879497718144117,-0.47397685253633676
3462,-0.8383055238517166,-0.3724816712082598
3463,-0.772681239243119,-0.11516727794423796
3464,0.8861558451525874,-0.46623826793759227
3465,0.3486988416730183,-0.555987620953553
3466,-0.5989707755910877,-0.45218664535582315
3467,0.0038587579589737502,-0.2804342227460302
3468,-0.48227371002003117,-0.26985260134775646
3469,0.4229144028205835,-0.46446056821847576
3470,-0.36863618157981126,-0.28193762100229136
3471,0.04346847589857291,-0.36926076520911033
3472,-0.6472842990532401,-0.3428785218412002
3473,-0.45617619191005115,-0.13831358500447982
3474,0.32058678868519513,-0.4282351340512364
3475,-0.46130525944375617,-0.3073461882324501
3476,-0.17456815143993484,-0.23304916691634664
3477,-0.3563386846075738,-0.19039832567733458
3478,0.2785601220663296,-0.3055129798029694
3479,-0.22041691990259263,-0.3457237411677474
3480,0.6681655377494035,-0.4684321644041678
3481,0.03972657587267538,-0.3617558898999313
3482,-0.8593349659172076,-0.2542060449781544
3483,-0.24216900727157337,-0.2680000509864242
3484,0.9638841307078937,-0.24832066815798043
3485,-1.010191484191767,0.10008821219341492
3486,1.5373631189914727,-0.3427891156876724
3487,0.9471142231934424,-0.12333326648114447
3488,-0.3281017702927585,-0.3838139110259069
3489,-0.43997718032656036,-0.4353348430882696
3490,0.4863643015327976,-0.48567072960284674
3491,0.7231985051687665,-0.5041144730731139
3492,-0.0212062114482673,-0.39105064781883503
3493,-0.21407076191754637,-0.46756830952238315
3494,0.7555300899750395,-0.3569406398488698
3495,-0.8278156124865094,-0.4303405353814768
3496,-0.2132992874191875,-0.41047443804687417
3497,-0.9009421364033672,-0.4742169907098489
3498,1.1235937159516176,-0.46895980959595407
3499,0.7657317137775337,-0.5275135590426613
3500,-0.5444277495117522,-0.42135641749823594
3501,-0.008752296043472043,-0.5714547506842474
3502,0.3758728762834321,-0.5873753415791885
3503,1.080714779187918,-0.4727676944903198
3504,-0.4186775143761867,-0.5016498372325751
3505,1.0601463997215648,-0.4472807718835386
3506,-0.164161365850686,-0.3281696602278451
3507,0.18733552080799531,-0.5094760670901731
3508,-0.0009626300521139806,-0.5581550575670621
3509,-0.5748815803685242,-0.4846058429463818
3510,0.19253917802620227,-0.5331629950449106
3511,-0.919006332242382,-0.4784247531799026
3512,-0.3087787473301008,-0.4845758212857283
3513,-0.02795023244742314,-0.5644307892222348
3514,-0.19223067005868125,-0.48174211300652986
3515,-0.7728639745182474,-0.4693708006885288
3516,0.5695427972650459,-0.44040232963545234
3517,0.13104737408936284,-0.49865296476368226
3518,1.9817786557858885,-0.004284925161660028
3519,1.3207169225787996,-0.31878656640201963
3520,0.6479985827982203,-0.3024862391212156
3521,0.5494575648494134,-0.1943383540189006
3522,-0.47652676121626897,-0.2595310297957915
3523,1.1635070230774753,-0.33416734487100413
3524,0.7622744236081881,-0.4223712576260117
3525,-0.052338028845444355,-0.07526561791003651
3526,0.47806397917867166,-0.2472394881551802
3527,1.0939496566284703,0.10732473852711528
3528,-0.1916434730472594,-0.2481032328058163
3529,0.3299261239664201,-0.3803766199989221
3530,0.2309245814626834,-0.27043144745431347
3531,0.31822861316399964,-0.46302030730101934
3532,-0.8269406956341642,-0.4238920459252464
3533,-0.2632482017826379,-0.44976254773149893
3534,-0.772535524822301,-0.0042516746100327435
3535,-0.27978435564554405,-0.3326655556078002
3536,-0.6688632247131173,-0.43510489496346705
3537,-0.24755172878047021,-0.3818026589519134
3538,-0.617931750703362,-0.4354905400734598
3539,0.18780069377933858,-0.3701635774255538
3540,0.17891928781568095,-0.4957223701788295
3541,0.07734955910823098,-0.5642316877715269
3542,0.7093107586850653,-0.5254792568478942
3543,-0.3931986164481186,-0.4529629559055437
3544,-0.17371841622006665,-0.537694558824327
3545,0.2194726248277162,-0.514795011611597
3546,-0.3105886230523687,-0.5593836443441981
3547,-0.2562277303982141,-0.5113476573487296
3548,-0.2220534035475149,-0.46712588671024824
3549,-0.015184916065051035,-0.48653589859095386
3550,0.8850239498316633,-0.48573807181878426
3551,-0.4565297777231485,-0.4589671105447045
3552,-0.20216175636782927,-0.5269783067004208
3553,0.3460795525506347,-0.5387855337870853
3554,0.3832526387995164,-0.52601389529839
3555,0.4643711602010795,-0.4766645600204196
3556,0.3155025101409987,-0.5059034058111959
3557,0.30588301195303236,-0.46362971829152383
3558,-0.582530901412898,-0.4348687397043269
3559,0.2743423251192535,-0.5685783983197695
3560,0.37323456540820255,-0.3637976374042547
3561,0.06208143971148624,-0.478546829800696
3562,-0.04458364929522495,-0.3558512448531145
3563,-0.24333349421797842,-0.48941374386911773
3564,0.35888192707704764,-0.5277876272947278
3565,-0.13067976081446933,-0.5543658079130104
3566,-0.17003765898283899,-0.4753940221269565
3567,-0.44832357375005977,-0.455021439054758
3568,0.5733590200748702,-0.5802407808735839
3569,-0.08004005019683479,-0.5791610722252669
3570,-0.040724937384076364,-0.4788030443596465
3571,-0.2692457924630681,-0.5044392779504913
3572,0.3238963025636722,-0.6166629005772205
3573,0.007949318344407178,-0.5075638685593696
3574,-0.14814571972483404,-0.3054179126277979
3575,-0.1196803177149457,-0.286434664155155
3576,-0.3021108765350347,-0.42523025040443146
3577,0.12005350992671024,-0.4908429496275485
3578,-0.6062916166056566,-0.3501689530899689
3579,-0.3573629458428809,-0.44196402099135446
3580,1.5216950528121826,-0.35949912017951413
3581,-0.7231525931267252,-0.3552036135449706
3582,0.32685787962153606,-0.3931924357610391
3583,0.740001871316093,-0.490313963442329
3584,-0.5071517031347694,-0.4497378669353189
3585,-1.1491935834413514,-0.30602784938923183
3586,-0.3753219040660573,-0.37732348420584305
3587,0.1584859972973491,-0.3734486327450458
3588,0.23050284268925492,-0.3601558421074883
3589,-0.5781990481546607,-0.4673361469163861
3590,-0.3859036984517061,-0.39233854927575007
3591,-0.9987154895317419,-0.30204225534732554
3592,0.4708640321240952,-0.41031842284558256
3593,0.7464702807997252,-0.4957906511284671
3594,-0.22582924555239378,-0.45497243464326187
3595,-0.4682137714797406,-0.5703776809206041
3596,-0.04984918729924132,-0.5344576246321319
3597,-0.5785460201688013,-0.38347638008485363
3598,-0.2327967106778869,0.363878109101153
3599,1.0324683420607377,-0.33695970381220997
3600,-0.31781105026791956,-0.20683343838295548
3601,0.6071377912681405,-0.31818976289930606
3602,-0.5565279656125836,-0.3641555349724926
3603,-1.3356353972714259,-0.39369645251352786
3604,1.5267411764094114,-0.3876442232249836
3605,-1.0163421743654648,-0.3599046289560734
3606,0.5273843320581861,-0.5317589887669341
3607,-0.41388545247588077,-0.5684588845821228
3608,0.11423761353078002,-0.5408826923876179
3609,1.0017660331884275,-0.5353743871150096
3610,0.3132243343643956,-0.5736058016760269
3611,1.063789982822702,-0.5059883367959034
3612,0.08648533927276786,-0.4628796636792633
3613,-0.26528354706974827,-0.5183231232758619
3614,0.39877394806357075,-0.47448032992958966
3615,-0.3623983058138924,-0.5875471222893337
3616,0.6193750262860392,-0.4902806366937303
3617,-0.010219294593125998,-0.3935702925020209
3618,0.5706270514529873,-0.2743989474493091
3619,-0.5100125828053852,-0.488761456770379
3620,-0.41513856157266427,-0.4791458335139253
3621,-0.025357831829895407,-0.33546498148245407
3622,0.13203295942222082,-0.5137050735883943
3623,0.20403128666449635,-0.5262830348616885
3624,-0.7298938787981397,-0.5117010679545387
3625,2.400786299431164,-0.2534555579568305
3626,0.3990220180400223,0.3829250127977276
3627,0.4257491641350972,-0.25606561224011115
3628,-0.48473916553573465,-0.313048126837476
3629,-0.29670353536586025,-0.3200476765903024
3630,0.8132359021887029,-0.43177899986248297
3631,1.838661214584034,-0.16463306332856023
3632,0.48792161203814877,0.5082263110086271
3633,0.10757197223415563,-0.04310861887318019
3634,0.6004796942533346,-0.03470395094433272
3635,0.2777521471932229,-0.26003437517710815
3636,1.0293956304826242,-0.10474277358464065
3637,0.2353299025062005,-0.012296291390991837
3638,0.6162072005158105,0.48385816850623886
3639,0.5493617648141651,0.1014680684611337
3640,-0.9298673036109476,-0.06631047679406782
3641,-0.6413570762483385,0.3964822500809798
3642,0.0934304096552172,-0.11031923562812224
3643,0.03692694767639943,-0.05190878228161532
3644,-0.13111206515843293,-0.32834436108512016
3645,-0.3073719181712827,-0.3625668543493457
3646,0.7147333318372527,-0.2583271652338805
3647,-0.2770007410940499,-0.37100929032951757
3648,0.12331284862924402,-0.24036716682262727
3649,0.24417778257461445,-0.2995686455472602
3650,0.39041447504541055,-0.15011651894447792
3651,0.6293179513437034,-0.26088107429307544
3652,0.14001214766966993,-0.011892705450942037
3653,-0.5137920650656244,-0.153572324758769
3654,0.9305602295016792,-0.029350993059498745
3655,0.23109359586334213,-0.2915902254171582
3656,0.3897106576751231,-0.288987067332071
3657,-0.1251002749788933,-0.2227610982897134
3658,-0.0013688738766778983,-0.2997105919966639
3659,0.10646267982929324,-0.35097124261347373
3660,-0.09385001186077915,-0.377823354814382
3661,0.9138125862814399,-0.06901309334910088
3662,-0.1213963361326123,0.45844009563244037
3663,0.31504075110480007,-0.22977753219833652
3664,-0.4004652951555455,-0.12216988656622452
3665,0.4108185010792783,-0.14525273181093679
3666,-0.6089986330109879,-0.2520518070055292
3667,-0.6085848901890036,-0.05689827501645315
3668,0.029099515217604698,-0.20341130645057434
3669,-0.18383478342693854,-0.33899213134166617
3670,-0.019812183668118044,0.048479632747331206
3671,0.42337310989673144,-0.3117133900101822
3672,-0.5599385228890726,0.042062895841598766
3673,-0.11262985841024034,-0.3132698727097658
3674,0.16428472120011103,-0.35513069517035273
3675,0.40532774150237844,-0.3452338429562634
3676,-0.3009440104058449,-0.029597574304224564
3677,-0.019398120270880587,-0.10929233224557557
3678,-0.5022351333254144,-0.2197690970113692
3679,1.0738457460219524,-0.14007367211347405
3680,0.5002122190903268,0.09347269279977817
3681,-0.32881758115439425,0.7133002589172811
3682,1.231138600941191,-0.05229829783618474
3683,2.258875734556564,1.8513769565165192
3684,1.826207029255538,1.5605798705172418
3685,-1.5659915412387078,1.341732949529415
3686,0.6383730400332056,0.44542924014328533
3687,-0.4115105590601064,0.12794051795243983
3688,0.8728566563875754,-0.12245086089508528
3689,0.14991039615308946,-0.29793473684983907
3690,-0.4030075965368765,-0.10986129009143902
3691,0.7508428333421462,0.24748018747784295
3692,-1.5107361489701217,0.49189871332644386
3693,-0.15174751952400328,0.3118217486713669
3694,0.6369185171098152,0.08141974619898322
3695,0.07491356706217195,-0.15583273138079187
3696,0.19524009068828388,-0.31113985940375144
3697,0.0646153007299245,-0.3879564001515314
3698,-0.6970692168648992,-0.35071591749070913
3699,0.501802799805173,-0.11096380775853953
3700,-0.21489593200663482,-0.357225888328263
3701,0.7293301822068178,-0.07908854671974551
3702,-0.06041300914381421,-0.0077865980199897655
3703,0.773276390008544,-0.42554098822049485
3704,1.6249433440889989,0.353025489772713
3705,2.0944238065630696,1.040163109919321
3706,-0.5480147407327635,0.1509274369262692
3707,1.653402489315633,1.0202097502432594
3708,-1.3175091830218713,0.6307976479941032
3709,-0.05872966811859641,-0.011423986916196505
3710,-0.8514498063806998,0.12423933676977013
3711,0.5777612466395148,-0.27317601719104695
3712,1.0190644750504778,-0.31700264703930275
3713,-0.3943141426669045,-0.3631093561409577
3714,0.06985387948074945,-0.33691897372046303
3715,0.17440658603697015,-0.1620096001320209
3716,0.9244202283053397,-0.17891721205905184
3717,0.67749676026619,-0.07546476083967026
3718,-1.0255783759118835,0.15109317553260354
3719,-0.6086091532292566,-0.130578339529104
3720,-0.11783353307722269,-0.1649483834466578
3721,0.36860171737331804,-0.3408484808755463
3722,0.3369183551862948,-0.09227238726878913
3723,-0.06812437867827398,-0.02042797093252026
3724,-0.0368363190325243,-0.17101523271343846
3725,0.8412832895496969,-0.275791208344442
3726,-0.516688443376686,-0.132426817736528
3727,-0.6353243972156379,-0.1340439668813098
3728,-0.19161923105642953,-0.04594458333958003
3729,0.07500511104677254,-0.10105659837884716
3730,0.8507679665540485,-0.2268268606993309
3731,-0.03419762546526283,-0.329166329568313
3732,-1.3039971554515206,-0.039898816640939624
3733,-0.505064956129596,0.06717502463654983
3734,0.8300408575803013,-0.31505376810677727
3735,-0.40514050456446726,-0.29154704986064234
3736,-0.22948755151739775,-0.30684337158083597
3737,0.5104709054474034,-0.44947060947063905
3738,0.17640518615184683,-0.372185022221964
3739,-0.038060234455926045,-0.4366407438477303
3740,0.5399929518023276,-0.44641067310859944
3741,0.19295280999772552,-0.4555077780208535
3742,0.00837892318415096,-0.3300375403334829
3743,0.8430990696109363,-0.16130032062849992
3744,-0.12512953708383667,-0.03848215572405691
3745,0.5550658986692196,-0.36064078086073054
3746,1.4113783381769054,0.44785496992914164
3747,1.3913608596149232,0.5295014129889173
3748,0.27638799992438035,0.8261012105193071
3749,-0.6790418552241164,1.0217319257257698
3750,0.23554488612445207,0.512445497723317
3751,1.8424354698905139,1.246839196947886
3752,-4.0802235317614235,3.621579836943913
3753,1.2523681761145977,0.8885100021516157
3754,-1.2314000000228418,1.0924982113761161
3755,-0.6187461019245915,0.6632097224528493
3756,0.8994716033860729,-0.05559087123069838
3757,0.3085956630627044,-0.0733619158417259
3758,0.972387758328415,0.15208233620016737
3759,-0.028030424968667332,0.1328219661282179
3760,1.014861645980297,0.0228960896710681
3761,0.9679367129741471,0.8919130815430624
3762,0.09165610991517165,0.571547469663421
3763,-0.9057031874926234,2.145442361551705
3764,0.805013154022282,0.1687877615938475
3765,-1.0286061239254902,-0.1253511136142375
3766,-0.6048852631458149,0.29163640078148517
3767,0.7727992606917616,0.30574544881598004
3768,-0.3732550838864712,-0.19702877577747435
3769,-0.13475361235050207,-0.27001568314447
3770,0.7147927086266433,-0.1625152940289484
3771,-0.6141474034690929,-0.12488900887222265
3772,1.070390314303892,0.04818264681165317
3773,0.8823742941492371,0.2748003544557638
3774,-0.37703459901269243,0.36871399228116
3775,-3.4557995073758674,1.2674304564718815
3776,0.6203376860799766,1.148764303286977
3777,0.4922734784552771,0.1934132490192798
3778,0.2775603567456635,-0.09632417168170117
3779,-1.0681316743549432,0.11233091876484601
3780,0.08981563072540846,-0.09101390451749614
3781,0.6215786141071311,0.2809699745646992
3782,-0.3400019879313946,0.13685233902224142
3783,-0.2974013863273642,-0.23571122937110595
3784,0.3267610877556473,-0.3009268614252524
3785,-1.3302307497327492,-0.039027638924632034
3786,1.222226744733012,-0.23353880844027297
3787,1.2038471278092693,0.3291819082045204
3788,0.2834260316539217,0.01634467075054373
3789,0.4260504487392041,-0.33854586109303114
3790,-0.6299339756799535,-0.22774652710811527
3791,0.0863898640942246,-0.3695654156641395
3792,0.09087760885999732,-0.41883525160423357
3793,-0.36930070590504754,-0.42363306714352716
3794,-0.3307677046770346,-0.3998529699139341
3795,-0.12994135277170712,-0.369418942036636
3796,0.1386194714783336,-0.5464240021603025
3797,0.20673795502209785,-0.4093229482493443
3798,0.2316184259568311,-0.3761908709844139
3799,0.2648055797540728,-0.5086120553810279
3800,-0.2825078930745684,-0.4205409987233943
3801,0.4120153397866175,-0.4651265033656888
3802,-0.29010649418492873,-0.4584644532865278
3803,-0.6498607912913275,-0.24550165657724943
3804,-0.27019391924880237,-0.4883972034697199
3805,0.47710995420345553,-0.560056369468462
3806,-0.07100756196643432,-0.5125568493034142
3807,0.43907681117639136,-0.5730370149800397
3808,-0.025484821046959732,-0.5105334974434044
3809,-0.5746154742358283,-0.4165449640391133
3810,0.5177285265213764,-0.30372288133894343
3811,1.2099778849718608,0.15441651768357562
3812,-0.12085687113394741,-0.0895676208575382
3813,0.29848575060363464,-0.45612922640263714
3814,1.3969126466869963,0.12567391262278932
3815,0.05571340901502731,0.3806563176260434
3816,-0.8345428557354357,0.022985648532652406
3817,-1.0724302377686645,0.1749800728522996
3818,0.5983822373914625,-0.19101852176129464
3819,1.0256963602864666,-0.27637319661326676
3820,-0.236730272994117,-0.19896262787314645
3821,-0.29075940484443336,-0.32894065775245673
3822,0.4763453784348602,-0.2186813141198553
3823,0.0723594275826819,-0.2667191192640475
3824,0.8579567348752488,0.27263067934909646
3825,-0.0779655265777219,-0.2032441085901841
3826,-0.9700148605649705,0.08717052195234674
3827,0.08406921064622608,-0.40937236069918925
3828,-0.259490188142593,-0.2766352174135978
3829,0.3494234184921153,-0.23687964782529836
3830,-1.0511234094779962,0.03128094827162185
3831,0.22521388866181105,-0.35267387922375437
3832,0.07707787750283081,-0.4603513183589402
3833,0.5457754806911008,-0.2450826317702579
3834,-0.43327268005948977,-0.34060726235490374
3835,0.14257233473342057,-0.3878258666777752
3836,0.25393754909163657,-0.4452234557615201
3837,1.2679618439034022,-0.11616825558567179
3838,0.5734634636270858,0.32184436104095626
3839,0.7252281329566936,-0.042733318450364585
3840,-0.30629285430924963,-0.1453486434977591
3841,1.4146156617564876,-0.05630553204568915
3842,-0.7933560461212134,0.22936802230919212
3843,-0.28240182905258193,-0.18974666906222082
3844,0.01417869583248922,-0.07264124802109628
3845,0.45527680321029135,-0.02527129712353092
3846,0.16131796957924716,0.29467143491695347
3847,0.6874839856970414,-0.23157386514078276
3848,-0.5959149330851726,-0.13228839118099994
3849,-0.8675707446506551,0.2561688636877595
3850,-0.6528593902346784,0.057930452305702804
3851,0.5466466369164072,-0.31742567438467606
3852,0.7639146923387051,-0.11881292174699705
3853,0.35497686324693506,-0.3045902495930841
3854,0.3521837878641007,0.5120991128779646
3855,-0.5313469770088607,-0.10655969236670668
3856,-0.06534730795727531,-0.14459288019743108
3857,-1.199450609501104,0.1323179120451608
3858,0.7496618456763202,-0.15235873400389477
3859,-0.9693608741504042,-0.15270276785915554
3860,-1.102215503127819,0.23845343554835613
3861,-0.3417331269525258,-0.02604566804801628
3862,1.125621738038148,-0.10460691057377107
3863,0.3132401350324109,-0.21693817498998624
3864,-0.7991567360910502,-0.21741285729207377
3865,0.5821922175596557,-0.39914012045112696
3866,0.2184837861021732,-0.2552573213547371
3867,-0.1624794201035398,-0.317896747174665
3868,0.19647772205551983,-0.2500369684144079
3869,0.11422245847582657,-0.1921681501376101
3870,-0.35765379322347446,-0.10566155087680343
3871,-0.2974939307170601,-0.0879095530995326
3872,0.3046837817360898,-0.4949012060459573
3873,0.29987318236113925,-0.39595621465114705
3874,-0.3913817254753013,-0.15606900574128624
3875,-0.15254696803072046,-0.2218628629529653
3876,-0.6025126251813571,-0.02729283910820869
3877,-0.3426274704667333,-0.18444813525807682
3878,0.4285199770304645,-0.2821356415751935
3879,0.5676634424331607,-0.05487684871476112
3880,0.37418679197808397,-0.2097398994795966
3881,0.44698520362655864,-0.26585553770731835
3882,0.5421678252294786,0.30221361403774255
3883,0.5902929806136274,0.3395772303416427
3884,-0.09096096928857518,0.2158058907944877
3885,-1.537635772284012,0.5448551385361197
3886,0.5446532428084019,-0.2414370545445247
3887,-0.6000112822135039,-0.35683617705779525
3888,-0.2159818972026379,-0.3061238001912779
3889,0.5756586507145741,-0.28517804636503874
3890,-1.0007641202940276,-0.2990124368090351
3891,0.5840670470076103,-0.42356353909446764
3892,0.426768299434037,-0.42597008163581457
3893,-0.2857485537391025,-0.42910333807326806
3894,-0.15634916254898482,-0.2335975382040707
3895,0.21424288190991608,-0.3941843145574784
3896,0.4754165266423211,-0.4644853730410974
3897,-0.04071637109539988,-0.4125070715581874
3898,0.17964334916530042,-0.37903267209691727
3899,0.1681826026585873,-0.41237449529225884
3900,0.531047250616352,-0.41164068176139273
3901,0.9276844699602408,-0.20490862056949494
3902,-0.7650461147620463,-0.15109865739867168
3903,0.310913952998166,-0.4117923766563545
3904,0.8095371791704994,-0.08911150625796618
3905,0.11369152365892457,-0.07915575064959844
3906,1.47401267401903,0.32257430057638453
3907,1.710619943658083,1.2315538713487828
3908,-0.5690534717612173,0.33220582771865614
3909,1.2919703993151608,0.05555840399165353
3910,0.46652260357310216,0.9394889122065974
3911,-4.906930562586681,1.946362060823583
3912,2.16269640171462,0.3557399747487176
3913,0.5288596130336514,0.3731107864473514
3914,0.06867011170244258,0.13797855143750148
3915,-0.8611844046406665,0.40908074942929484
3916,-0.1846792692673732,0.32015642250909476
3917,-1.4964870474283403,0.6727007512230618
3918,0.16896452361355344,-0.08917638284252281
3919,0.4030865651102324,-0.28734449218842045
3920,-0.27446845331019626,-0.12323974977530316
3921,-1.242195066149536,0.3504904260051476
3922,0.5283581550372033,-0.17691004214881856
3923,0.7506042631391362,-0.3782471061238006
3924,0.1613260780168563,-0.331158105393658
3925,-0.6502154653268799,-0.19722540180570317
3926,1.0495118804253563,-0.24146261813460895
3927,0.24070048781932488,-0.32172244322018023
3928,-0.30033043662834685,-0.22153559145045393
3929,0.2014665906663173,-0.5180685469657139
3930,-0.26597177206759676,-0.2055426575672851
3931,-0.8384096358384256,-0.31395891654059227
3932,0.4551269237696358,-0.4684090325570211
3933,-0.9248016207262677,-0.299675698232054
3934,-0.7498434428548982,0.044938555204700595
3935,0.7891505686642875,-0.38718264721046963
3936,-1.3941489786221517,0.11010664115317505
3937,0.19343652812613055,-0.059981758901648266
3938,-0.9646954871778506,0.5589892640316819
3939,-0.4467837755654586,-0.06301976123662137
3940,-1.6442698480858773,0.5071181585073639
3941,0.6843817942371412,-0.14363862633057242
3942,1.4165394155151263,-0.33277785400384796
3943,-0.32546824176134775,-0.2806201150773372
3944,0.07243717585387248,0.017285111112571985
3945,-0.7001268380044647,-0.3148981393773502
3946,1.665476613733895,-0.25024138663039475
3947,0.3720453631004928,-0.20574449933458958
3948,-0.15680339534025375,-0.4026009707864558
3949,0.13603106823785396,-0.42713658631381385
3950,-0.22063374223440413,-0.21472759340079134
3951,0.8422926038739101,-0.38068133535446363
3952,-0.5896632016173116,-0.33610633758514563
3953,0.7306252784073871,-0.4113172932338397
3954,-0.4694330847831103,-0.3592477149469206
3955,0.23221145732930001,-0.46250720101479215
3956,0.1206413781645907,-0.4827058210001514
3957,0.27766744416947664,-0.46482104609213737
3958,0.4121120843118525,-0.1600324440328031
3959,-0.8233981762648076,-0.20965759220203237
3960,-0.21577515372832717,-0.28101267040859346
3961,0.27933496017385473,-0.4905173220683213
3962,0.19545597163834852,-0.3992346965652943
3963,-1.515898032837437,-0.06085926956152671
3964,-0.49007335181384354,0.37500148636926484
3965,-1.4137666140629956,0.32945590621252285
3966,0.4272334211051367,-0.2298579694655592
3967,-0.04431184613793251,-0.17005229804684635
3968,1.0083436708324356,-0.28084911972955495
3969,-0.2582525702740788,-0.4343216342517586
3970,1.246720430554464,-0.3038038414806417
3971,-0.840209662416247,-0.32896943066546713
3972,-0.4343886288620464,-0.4234477607358747
3973,-0.7986682408809459,0.23882840767343066
3974,-0.7350137473935151,0.2022319280257711
3975,0.9202330918111487,-0.3102421160335943
3976,-0.4441719583981761,-0.4159945419525385
3977,-0.10464252742018465,-0.3815877387720851
3978,0.47220341769048885,-0.3346747359543278
3979,-0.03554943729995074,-0.23474576884791615
3980,0.6780784844148829,-0.3845199283934568
3981,0.24213250920031912,-0.2693866234624133
3982,-0.4906033172843027,-0.4203547141856598
3983,-0.10097551094749405,-0.47098249978329837
3984,1.7595306393338441,-0.07934460357769346
3985,0.18159888995325382,-0.13454596913432465
3986,0.000490005272634696,-0.3985143058479707
3987,0.08173556779099173,-0.4913040444542152
3988,-0.31605077480006327,-0.37997069068635214
3989,-0.30238158634820883,-0.36569658388322335
3990,-0.020583023771105005,-0.44613434398503915
3991,-0.12733889844947288,-0.5222488816716442
3992,-0.3859718075335413,-0.46221363322808656
3993,-0.07918783316323015,-0.526900421692013
3994,-0.7604517578511186,-0.42164085322574874
3995,0.6325487848098831,-0.5475745733775523
3996,-0.156921663244685,-0.5395301639525598
3997,0.9509778187731329,-0.5422904525855045
3998,-0.7362340890888168,-0.13083315950197627
3999,-0.5322892010412413,-0.4410280847871295
4000,-1.1730343406526422,-0.33887700063586257
4001,0.9695517518109924,-0.556284821204168
4002,0.4412725385633062,-0.4725637103536021
4003,-0.011440855938142369,-0.47923537939114064
4004,0.0008981400452819071,-0.5142847784065286
4005,0.17886653630718083,-0.5157309743933899
4006,0.9756581213811487,-0.34779308047581947
4007,0.32423299045473003,-0.30741170164020515
4008,-0.15944578630201234,0.09107501664482721
4009,0.7352016737706367,-0.33492570763410334
4010,0.7156498192353546,0.24896742112010328
4011,-1.854307345210432,-0.05163080243843474
4012,-1.0935378591781835,0.21918054945259857
4013,0.20103165812212198,-0.33684157159278416
4014,0.38472906836950055,-0.21401443381358096
4015,0.11129784355546521,-0.23209664596419416
4016,-0.017925007407848435,-0.22692368039066824
4017,-0.13745124622463958,-0.13537396048896005
4018,-0.19355229241738034,-0.2596193904056515
4019,0.41902154268757785,-0.20044146515979816
4020,0.14118844135266825,-0.3096536400109697
4021,0.7016943076190983,-0.3859545613672225
4022,0.22159448624509434,-0.240344001311463
4023,-0.8214904311812578,-0.07790659909966222
4024,0.9204229465208339,-0.2945199715281958
4025,0.13026273357021967,-0.20162204634318182
4026,-0.6145092293608094,-0.28487445390335087
4027,-0.8242969707401215,-0.13940175387384726
4028,0.4909417786857843,-0.23889231775461034
4029,-0.31449188660946564,-0.3788259330633355
4030,0.32650781581978733,-0.331799066585249
4031,0.9077630489072946,-0.29379370888852546
4032,0.21119864288651993,-0.32074979438403156
4033,0.23607560927949872,-0.33699603711338355
4034,4.01524418427729,2.526977657260815
4035,0.48464554256502673,1.253812899529814
4036,-2.014876086325556,1.6231193211146386
4037,-1.404249189076594,1.202405032347938
4038,-1.1186939399750189,0.5543517692538473
4039,0.046352650616805824,0.15008033368636725
4040,1.6980777726224905,0.21760035537725397
4041,0.5030412938615773,0.4216067853329615
4042,-0.4880974966276038,0.11312055888323601
4043,0.43381262300019524,0.0031178910375548735
4044,-0.05132478373998161,-0.12646227809646526
4045,-0.7920510894158163,-0.16113979590858968
4046,-0.14785777858859997,0.04510309474944528
4047,0.1932732315594706,-0.19314335340059613
4048,0.3323026667580217,-0.17571833866233266
4049,0.5540347964804228,-0.38993449558992477
4050,0.6739001847925215,0.12708346643452195
4051,-0.42721261266301497,0.33397053486132044
4052,-0.7946323394542888,0.08175812887780491
4053,-1.550985584241119,0.6228129502021126
4054,1.6922883066072678,0.09195147887821446
4055,0.26794529619461444,0.5459723371142513
4056,1.1769288199445194,0.5514402752353945
4057,-0.6379470868903366,0.4148767159362978
4058,1.243187456189131,0.4069538522035807
4059,-0.7068194679820371,0.5866567554291444
4060,-1.928115922005948,1.4497203963671372
4061,1.4680838800231983,1.022063293203014
4062,-1.2621777152758553,0.6473028035228146
4063,-3.89952885958449,2.2869548440470395
4064,2.1636223412791575,1.304723536391781
4065,-2.6715149910017346,0.596746559485657
4066,0.25797837046130434,1.5425857818171251
4067,0.27303558274302503,0.14070308753191496
4068,-1.277652273862987,0.17242100032104246
4069,-0.16134680221769354,0.16221795563210778
4070,0.5731972532207292,0.3087415587007024
4071,0.9060166425141346,-0.15323210604717372
4072,-0.0381825498315611,-0.20187282023688802
4073,0.06233197114421166,-0.172173760856185
4074,0.547443891880448,-0.29577300566624337
4075,-0.679328850581765,-0.10706851328389257
4076,-1.1140245729405516,-0.1994900576707285
4077,-1.063043148956728,0.5178902940698644
4078,-1.8681771057098422,0.803892436008712
4079,-1.5572517185354469,0.3169087100213883
4080,-1.0920998460790445,0.7315694910646996
4081,0.63537186519114,1.8698409093168216
4082,1.1538926029019836,0.39356665307359934
4083,-0.526846143264133,-0.15325562588263497
4084,-0.36607378804433244,-0.37182945991112704
4085,1.3804583917073499,-0.3441517280922257
4086,-0.4818058711012708,-0.3591067768727797
4087,1.3911662242053622,-0.43442150817937797
4088,0.7654795750727417,-0.2805032501254469
4089,0.3393803324836485,-0.28367022014036347
4090,-0.42316289889385045,-0.3899724799745632
4091,-0.32217092630055594,-0.4034823224217839
4092,0.6962027775844224,-0.4797680533006755
4093,-0.009894904272062402,-0.4060816833502392
4094,-0.13174278763897226,-0.34481425639060165
4095,0.42516451910993314,-0.5024374379283366
4096,0.410616718683222,-0.39174146030889895
4097,-0.08234850554618377,-0.40263796023010023
4098,-0.0461458378258905,-0.396028709339269
4099,0.821634893333414,-0.4570555853096059
4100,-0.9651767734783383,-0.4175779931210657
4101,-0.21618082646888354,-0.4668524507648913
4102,-1.2521934505492651,-0.11042853607602053
4103,-0.19542102210429257,-0.2577179724381928
4104,-1.1900799256509949,-0.2552230145001972
4105,-0.09892424816225415,-0.21118081572357755
4106,0.24244759524463014,-0.10838825947957989
4107,-0.4191296161636343,-0.24020530541972424
4108,-1.0514998036629828,0.12053035639077718
4109,0.6456499640998394,-0.34178489765338
4110,-1.7861301574391364,0.7333987132225954
4111,0.7806847793913325,0.49575362051411553
4112,-1.6377135359963078,-0.059040293921278825
4113,0.5378320243540351,-0.16041603670158444
4114,0.2940043569619525,-0.30692494718482927
4115,-2.0302321503333256,0.1577678915604912
4116,0.881140159187712,-0.09345295235449844
4117,-0.8039488459447589,-0.062059680030459884
4118,0.5114525693933369,-0.08092387968296157
4119,1.7948498561209167,-0.14823127122966023
4120,0.9184173501025673,-0.18276356160250984
4121,0.5626588536567342,-0.32332837785913265
4122,-0.13157472378541565,-0.26583342255153064
4123,-0.3141910895736551,-0.32392889984468565
4124,-0.9151041043173049,-0.3452032418817627
4125,0.817572206420862,-0.5043434338632531
4126,1.0015949623190956,-0.3374119940376098
4127,-0.9533073622081244,-0.3284146545534038
4128,0.7604417773649396,-0.5180699739631931
4129,-0.378585880728853,-0.4714834429367188
4130,0.7237442668656462,-0.44122505044425764
4131,0.24458742549859927,-0.20166718059848399
4132,-0.5072878399771978,-0.39685717757838085
4133,-0.14129925027539297,-0.46111251394107566
4134,0.5477839105953718,-0.4407196327722405
4135,-1.1385100096030694,-0.3236695773223659
4136,0.7004509342122944,-0.48413878895717444
4137,-0.19502870635831995,-0.39955839087665557
4138,0.9261254668465163,-0.40903457588307235
4139,1.2249076111958956,-0.2398998959907621
4140,0.001413522897220831,-0.20447558131464943
4141,0.4807742674882583,-0.264608200791202
4142,-0.43329825893170565,-0.29596304848042954
4143,0.12343451419902443,-0.3669148923559352
4144,-0.049193692148188535,-0.38073496361256287
4145,0.18824078662110375,-0.40523285601046877
4146,-0.2776617886280229,-0.3993205955849975
4147,0.6238149190161189,-0.4291402032102817
4148,0.5790019973028211,0.2570087422126731
4149,-0.5866164495596241,-0.23727078516700761
4150,-0.9096273640691942,-0.17508888527130154
4151,0.15355348127942994,-0.1528818825700066
4152,1.2640845397503464,1.5985360150186303
4153,-0.2249160156822961,-0.24736978560154171
4154,-0.38496838817683515,-0.18177028354142627
4155,1.0281359872584377,-0.1474663820393072
4156,-0.5905521603096133,0.13737640676120694
4157,0.15261961699359303,-0.17609674647433
4158,-1.9228670701787496,0.14431740598763226
4159,0.7899212366424643,0.20378547445925893
4160,-0.8675903395949399,-0.3014546280985794
4161,0.045939496357984735,-0.17349604060390178
4162,1.6888292006207726,-0.19370672244451742
4163,0.08973044000006095,-0.3569979898894297
4164,0.06092765912093843,-0.2531946358857194
4165,0.3790525086118118,-0.12266235729616537
4166,2.686814880157005,0.24026517908018474
4167,-0.20756576560014658,0.535328310361717
4168,-0.7296727671435028,0.3370045304241556
4169,-0.7347949853960328,-0.12517039736998498
4170,0.5753319607498965,-0.19186539245265755
4171,0.13425927995491857,0.023213762767519436
4172,0.5037367024527903,-0.12787286092236191
4173,0.32384848262316906,-0.20536644651843772
4174,0.4843446410033054,-0.2928550713694078
4175,-0.003752731475084552,-0.345649866689445
4176,-0.6380883460821468,-0.05065496398463252
4177,1.2043005548543921,-0.2908367618235743
4178,-0.36141305258131023,-0.1295810354208296
4179,1.502367962880107,0.17007092091848636
4180,0.9534583181783641,0.44146594791426697
4181,-0.9111374945508599,1.1877432461644293
4182,-0.8681964817648734,0.16463512763637017
4183,0.26975335060107547,-0.21568166183500037
4184,-0.04987274515358565,-0.24099823224793682
4185,0.24047393877067139,-0.34349940051685307
4186,-1.0266429745781598,-0.30129548073311824
4187,0.7372891287767959,-0.37827668853238205
4188,-0.7026970152072732,-0.3612307692008522
4189,0.3512913997767144,-0.549901838784558
4190,-0.5414297448723338,-0.3215967636053478
4191,0.21728407905575203,-0.4025856156843251
4192,0.25426685583194997,-0.3937252422877387
4193,-0.42682627066926665,-0.35477576151780404
4194,0.3171574511709839,-0.08083082115224621
4195,-0.37458326378722606,-0.20197546893846136
4196,0.6503270186620315,-0.4841402152348043
4197,-0.37957527437673694,-0.31010861931320455
4198,-0.35432571714143035,-0.12288683198495257
4199,-0.29254222903444915,-0.16807653241351028
4200,-0.3326559804965008,-0.3518998226208886
4201,0.22103298516666617,-0.2696981766703056
4202,0.7915592003779501,-0.17942940657191547
4203,-0.4015630372681137,-0.19664420776781436
4204,0.6047526073037396,-0.04137293087266568
4205,-1.4721475643061213,0.11404376532138162
4206,-0.7765430164411613,0.43505559761736856
4207,-0.6468892918441571,-0.1613626444455294
4208,0.9406068194884686,-0.42844619518453075
4209,-0.19287882321214014,-0.28401855615440236
4210,-0.1313423110838215,-0.2505857280669938
4211,-0.5356920483893812,-0.32147128744095904
4212,0.5196809460115183,-0.25920084567282803
4213,0.12859416904516044,-0.4795840012413447
4214,-0.4304047771730827,-0.4237990016342328
4215,0.5393229463926615,-0.3873057193564515
4216,0.9275912488068497,-0.3623538377006928
4217,-0.08877907290820321,-0.44471993262824805
4218,-0.20725584085050464,-0.1445921313674659
4219,0.060520536124712775,-0.49821203875122166
4220,0.4157374122743617,-0.43374338083653013
4221,0.43678647482934385,-0.1859289143372954
4222,-0.2171199810299961,-0.315534391627554
4223,-0.2170653946145478,-0.3122624447900112
4224,-0.27325584128002645,-0.34156368924661124
4225,0.19585316877224718,-0.36161626845226735
4226,-0.6526490032127346,-0.30238587378258464
4227,-1.144805996654438,-0.08916463621852835
4228,0.5629801108614424,-0.15538869926092064
4229,0.04307863175361854,-0.18569199788029783
4230,-0.7039736808706736,0.21023987573536718
4231,0.36006838747112674,-0.32839511661246806
4232,-0.025100017479244063,-0.0676646770946791
4233,-2.707562991135492,1.121473950256677
4234,0.42057352115632596,0.3001845272108391
4235,0.7030153750213324,0.3825415938007482
4236,-0.11897551185297937,-0.2848781201286543
4237,0.6980983531641386,-0.2906992017113825
4238,0.448177559162771,-0.3092105514063321
4239,0.5333066244313374,-0.20845129626496553
4240,-0.15410727549452183,-0.29065398249603636
4241,-0.5439091941962927,-0.31741739362343036
4242,0.966092643283638,-0.4666697252971468
4243,-0.025498094075412377,-0.5352768667010003
4244,0.8745060900489372,-0.31895557278819414
4245,-0.5149733155300029,-0.2800444149736071
4246,-0.0813571987064061,-0.23487688259766654
4247,-0.08005173068537452,-0.2932847805850328
4248,0.15037573290935524,-0.3487137254259078
4249,-0.8563058395186117,-0.20995709448432365
4250,0.13965462354530483,-0.18914383635867094
4251,0.069625575232486,-0.0765577752020101
4252,-1.488333638542268,0.3123589246708168
4253,0.842862053519808,0.29586860193230613
4254,-1.5386291097334661,0.005730557383210141
4255,-1.0903491274550503,0.35704319389477657
4256,0.8884032820848008,-0.21852544100143295
4257,-0.3377352797838286,-0.25304914752513796
4258,0.30280071528543356,-0.03043393012720351
4259,-0.19404327814175515,-0.19097627952285637
4260,0.10269273005311613,-0.16210846900168055
4261,0.32233780491092845,-0.17277863972212643
4262,0.4378405008784655,-0.38945816059577604
4263,-0.8880120897465981,-0.3953140207230019
4264,-0.21600818069279631,-0.31460515317932125
4265,-0.05300660667928781,-0.21732220365653593
4266,-1.0351235016100657,-0.20201499669083284
4267,-0.45517402409687546,-0.05658107727010251
4268,0.7722397247736207,-0.43774446232391506
4269,0.4948197380084549,-0.5230145798811832
4270,-0.19985622913481665,-0.49112737151940444
4271,0.31137168663125886,-0.37512074484060054
4272,0.1390133660118373,-0.4985019420633427
4273,0.6303793838766574,-0.5364107264648958
4274,0.06335486566466716,-0.4582747684061181
4275,-0.17120459884338737,-0.4529745582034254
4276,-0.10315216836536334,-0.5427997084489096
4277,-0.2118192463598528,-0.5140843277588207
4278,-0.07512376019139383,-0.49256900718069474
4279,0.26423459944715927,-0.5250398448827205
4280,0.014352269322559048,-0.5425414970397952
4281,-0.027268939994417284,-0.49151929704564407
4282,-0.689917417281505,-0.4363346840172394
4283,0.47204065839034187,-0.5988489507316235
4284,0.1767665924788687,-0.5457485175080937
4285,0.45550071136308806,-0.611094417752021
4286,-0.6271368053920063,-0.536038839052767
4287,0.014510984859732316,-0.5164991447498862
4288,-0.39153816833007693,-0.5267225431214297
4289,0.00714849067598859,-0.4933949715780645
4290,0.04767907842751196,-0.5123663938055487
4291,-0.08053714225357625,-0.45531148312253883
4292,0.16863216670443365,-0.5969127392905481
4293,0.05253931402443993,-0.5572094496009834
4294,0.7657392272250411,-0.543864054974759
4295,0.2791743564603048,-0.3798827319898354
4296,0.2218575636366322,-0.4455344954312549
4297,-0.09763996663107091,-0.4813444712980556
4298,-0.9452641282338335,-0.34043383316203724
4299,-0.5610420875254917,-0.34243507731216594
4300,-1.222465980132374,-0.16106860084028352
4301,-0.9606765906656282,0.2746337507598768
4302,0.5027290537188914,-0.21982022191908596
4303,0.3040707533607806,-0.4151042847327574
4304,-0.37641903326739296,-0.4311713523199475
4305,0.5517389942027023,-0.49946634961453334
4306,-0.37942857028483573,-0.4025830480265234
4307,0.3943358133088405,-0.43089323779088595
4308,-0.3439337998428111,-0.4382150059809087
4309,-0.8173155986433026,-0.3261831845879887
4310,0.09281057116588254,-0.22492980526424122
4311,0.4843882594697166,-0.5599121211108817
4312,0.04389808718081862,-0.5050207795854758
4313,0.13922101369130713,-0.572188127211141
4314,-0.998653969876694,-0.3768514063790339
4315,-0.0074266464481855966,-0.41609323484862554
4316,-0.35427849869384703,-0.2823360985055782
4317,-1.0112349167560801,-0.08536101808991042
4318,0.7784483429368011,-0.2161013163061526
4319,0.05540156951658685,-0.3876464967157208
4320,-1.7885455401139418,-0.18067564716341938
4321,0.6771530981342431,-0.39251855648729683
4322,-1.1113489751277177,-0.09082860306150359
4323,-0.9582704601117988,0.14033422284262292
4324,-0.009225875686771847,0.19020636976367616
4325,-0.6075526093863625,0.33580943094725063
4326,0.9732172105506194,-0.21774411627916085
4327,0.8165771042060037,-0.18478276237087138
4328,0.44890205521541726,-0.014897339795480968
4329,0.5068031390008471,-0.4058264540874591
4330,-1.218027337844355,-0.18974284433557725
4331,0.06103780737394713,-0.45281398617403035
4332,-1.395871546965864,0.1226727648210408
4333,0.5666981258577802,-0.16075888156212736
4334,-0.638002818174609,-0.10331140047751385
4335,0.4409628145197307,-0.40482121325052983
4336,-1.0027682902397237,-0.18053488321478894
4337,0.7029208117145712,-0.18337054527234786
4338,0.6357570020085274,-0.3226133837870173
4339,0.761121193981947,-0.4077342743260899
4340,-0.041259314757913765,-0.35715637685570717
4341,0.3869440286163119,-0.4183537557225567
4342,-0.4220937624548067,-0.22225734025487354
4343,0.49830117318699135,-0.28704886145623204
4344,1.150065280405929,0.39263324322330717
4345,-1.0182792922394919,-0.17524200667953588
4346,0.7435221094873806,-0.35739753402440305
4347,-0.6645523795635823,-0.13187983892248917
4348,-1.338303379051527,0.3325617824884499
4349,-0.6531952351294324,0.24627810294383407
4350,-0.5366710147028986,0.17312892744557723
4351,-0.3438460300442408,0.17834867910394248
4352,-1.5871500461201893,0.5333314987733107
4353,1.2416008281923803,0.4170064975848835
4354,0.29485998182988676,-0.04234174234806327
4355,1.555041633345236,-0.22402139020789197
4356,1.5989858973537026,0.04720077167416954
4357,1.0236032742051415,0.18173478723845027
4358,-0.7731674528233424,-0.06544460111073092
4359,0.18668103747776246,-0.25497086069400154
4360,1.6083151775695594,-0.1740586199433642
4361,1.2040370932341615,0.10354106050242222
4362,-0.6902592631053641,-0.22550027620972046
4363,1.252807768232366,-0.22049496250513118
4364,0.09738278858275197,-0.26222900222251105
4365,-0.8301860250575422,-0.0769022100583679
4366,-0.06416238703099467,-0.2412117892218369
4367,-1.8504937509069186,-0.145760341932851
4368,-0.8794510840542654,0.2899976588165786
4369,-1.858020258858421,0.16017482864654548
4370,1.366383327173763,-0.4390816979648158
4371,-1.192094489796659,-0.10900978746621755
4372,1.038144263623152,-0.39303648792567664
4373,0.25726206963706105,-0.3081280220793484
4374,-0.9241714253309375,0.19342888380033613
4375,1.4260559732123945,-0.25482710416685705
4376,-0.24542661623268264,0.13595217744794758
4377,-0.17876448482698956,-0.5336332973048685
4378,-0.8445945283810216,-0.3501053288205945
4379,-0.8453011680135956,-0.1165032582029109
4380,0.7581044976312895,-0.429077794248921
4381,0.3651641756376503,-0.5037187848450739
4382,1.197241486071375,-0.3551406180419734
4383,-0.19315919132524567,-0.4512337101171787
4384,0.10426194904309694,-0.5463107449549071
4385,-1.4731681370296512,-0.25993576332467816
4386,-0.8885865756047013,-0.08846248049711847
4387,0.0053106592451454045,0.19851331801905642
4388,1.506150032816511,-0.41859430096810396
4389,0.12020189204249054,-0.4912268456995892
4390,0.8244203596542264,-0.3081773954511893
4391,-0.6578305735505234,-0.35520441161852556
4392,1.054026849723093,-0.39613082755302814
4393,-0.9040730832865488,-0.29840016896705485
4394,-0.7110011832441251,-0.25022398586115774
4395,0.5498702479990885,-0.19121218832479897
4396,1.210265261964413,-0.3504853964265651
4397,0.041473210445535265,-0.3751744126229069
4398,1.1805192248663519,0.0012489817054356506
4399,0.06043988388938613,0.16593206397279076
4400,-0.45036820697662183,-0.3829145260030649
4401,0.2623973978218513,-0.509313176291279
4402,-0.09171918795431518,-0.4135994401163269
4403,0.5014061520946499,-0.31827047326722335
4404,-0.5398692165216584,-0.41978102657873534
4405,0.05972649118456174,-0.47632111957126405
4406,0.004304074500861775,-0.3681281441566524
4407,-0.5595026352074716,-0.4107474995557237
4408,-0.6141140923774403,-0.25565115232138735
4409,0.5885142406894232,-0.5699067671976645
4410,0.5696504018862721,-0.5387371911853329
4411,0.2477164915836169,-0.5013111601018425
4412,0.005595248728070537,-0.4518892482865639
4413,-0.43119912165347024,-0.4767787193457765
4414,-0.10262039661051325,-0.4320076550630662
4415,0.1574163204660083,-0.5043777760243058
4416,0.12490543002619928,-0.5052804807170697
4417,0.04976003694055415,-0.4317867628643614
4418,-0.516107247906832,-0.29366737540859705
4419,0.823448399417315,-0.3119477916324606
4420,-1.1741861178057054,-0.36847486208423214
4421,-0.15426553964423023,-0.495324100261285
4422,-0.5343629198398091,-0.3958689132064805
4423,-1.0733780054420075,-0.0599410885270151
4424,-0.17325952601925723,-0.1303746391150697
4425,0.2911652107429707,-0.4180031300315365
4426,0.9636575678814515,-0.2671929727825939
4427,0.40059238554892856,-0.5285046416583568
4428,0.1336113823198633,-0.3648760310010035
4429,0.6550009529215896,-0.41641668440913804
4430,0.04479634964519528,-0.32118453694727356
4431,-0.4311763094594732,-0.4379680345107071
4432,0.3568530632123436,-0.4625250526369081
4433,0.3308700654523805,-0.36373391300786084
4434,-0.01396670155535546,-0.021399564451442282
4435,-0.8161279255207784,-0.2574364759701195
4436,-0.27865563332149024,-0.41810476569599325
4437,0.34318439118126537,-0.5112275551392679
4438,0.17022391149893742,-0.4760191123696501
4439,-0.6031607087661842,-0.3832287944820005
4440,0.01600009190774116,-0.535073704823132
4441,-0.38470193635266753,-0.4886117226692081
4442,0.7521852892037407,-0.5532944347127671
4443,-0.46293262193839685,-0.41996361629712287
4444,0.6968886419565252,-0.31557523883142563
4445,0.8135825809992396,-0.27595080311564646
4446,-1.32410384674386,0.005111296654095515
4447,0.5413735031402536,-0.2545834073511826
4448,-1.9086694955046541,-0.11740939023363729
4449,0.7056895518261261,-0.38461982147979884
4450,1.5851843395167327,-0.33131686002252203
4451,-0.863444122792487,-0.3230335167647456
4452,0.4378910764511676,-0.22989857795868746
4453,0.5155117552005718,-0.45465129053896014
4454,0.10981546654898441,-0.26789267397409205
4455,-1.1665246987703313,-0.30119141616307554
4456,-0.4010938974713412,-0.3479108771960974
4457,0.9432856219075171,-0.5338539180540657
4458,-0.20402214746240957,-0.4404948207572599
4459,0.4747733193620976,-0.547345690474963
4460,-1.022025219154773,-0.41939977456433836
4461,-0.5570670961242042,-0.404389912548916
4462,0.5237163370084676,-0.50307397582165
4463,-0.6635640768391079,-0.4461444308050423
4464,-0.050226597161408114,-0.5200014037063156
4465,-0.19355161759392195,-0.4425612690090711
4466,0.12352678744353796,-0.4744766536898233
4467,0.08466111813150419,-0.533129307600712
4468,0.1489867238488172,-0.5422840780102061
4469,0.6433687857811499,-0.5686018153768034
4470,-0.4277336083923201,-0.5013021877104589
4471,-0.459506735800816,-0.5421112413537951
4472,-1.2800208670995181,0.2999300388887164
4473,0.6276260199567608,-0.007613372706743962
4474,0.5084811755309421,-0.5319917560709903
4475,-0.764619217451551,-0.5641320347948557
4476,0.5603442716296148,-0.4719994409309142
4477,-0.6017361177586055,-0.5236969699613662
4478,-0.8937992906402322,-0.2985301396111503
4479,-0.14177869697440454,-0.36205840098349107
4480,-0.2151460143013104,-0.4728385587819349
4481,-0.04790227180314608,0.070866997134148
4482,0.8886226751342909,-0.43944666376713115
4483,-0.09420938545455419,-0.5421686067312093
4484,-0.23298878702003595,-0.5248281531020176
4485,-0.4469948363261132,-0.451983201505661
4486,0.36726633130857694,-0.3233262071164699
4487,-1.512108818893308,-0.079818556581089
4488,-0.4264401073811028,0.21472220799059916
4489,0.4289445616420052,-0.3373189055252434
4490,-1.5043459797830239,0.058276536264106796
4491,0.20065580555618548,0.047816951953952205
4492,-0.3351968169750647,-0.13626545396453305
4493,-0.5972056205865011,0.2999363192280988
4494,-0.797063535899876,0.03131249476569238
4495,1.8119510824395633,-0.358017993346278
4496,0.46678457098271536,-0.36233429539978335
4497,-0.08350387918629601,-0.3965634496839146
4498,-0.43233892448551264,-0.4725447384757653
4499,0.31070730770418087,-0.44004564746555064
4500,0.7921072149273958,-0.49713294672518654
4501,0.4039441436901659,-0.4609877344396751
4502,-0.003267686502361528,-0.45294461685022175
4503,0.7019848328343588,-0.4477334223487276
4504,0.3414926200130007,-0.5182831940313815
4505,-0.14727408019831786,-0.4756540677956121
4506,-0.24050569430091587,-0.43452416501672997
4507,-0.1177778083951738,-0.5089049010434722
4508,-0.3344223235232318,-0.49409809936013677
4509,-0.6539213793359834,-0.36593549326171665
4510,1.0218061640351104,-0.5220217870515605
4511,-0.7121659501477519,-0.4653337163666037
4512,0.5253543458880657,-0.5285704208690791
4513,0.22382637636966923,-0.48240697474517663
4514,0.5286029287257815,-0.330733504246269
4515,0.25032701117721545,-0.41257112006078855
4516,-1.004018837239622,-0.29683880968938414
4517,0.12900460278461032,-0.41801952611293997
4518,-0.3748802059574461,-0.42542129527453076
4519,0.4160919393156058,-0.2901165883926312
4520,-0.24730141326703867,-0.4834574714741689
4521,-0.4965033617250116,-0.41016007769838486
4522,-0.5729731656543652,-0.3607920161423947
4523,-0.743161784505939,-0.2735808798712282
4524,0.2737329609562357,-0.3723539758836693
4525,-0.07456398714711966,-0.4314664479187062
4526,0.5568157301561788,-0.4766742080953292
4527,0.09429192933934698,-0.5271691210193644
4528,-0.8269422096004413,-0.45694406613950717
4529,0.2055128422077217,-0.5386493015220996
4530,-0.5186781884306629,-0.41729275151844364
4531,-0.21945300889624683,-0.4470686484916828
4532,0.8850131234478832,-0.5751680825478891
4533,-0.18907740082549965,-0.5507624650575199
4534,-0.36479502393055313,-0.5119212009292496
4535,0.3500629392159058,-0.5401876782045281
4536,-0.11122880758438251,-0.5554782321335062
4537,-0.40907370988903374,-0.49672628668576063
4538,0.5134122257078647,-0.4447020298733265
4539,-0.7399511491580644,-0.4344997484775208
4540,-0.8459276794889659,-0.14904335556320247
4541,-0.13901774672106118,-0.3470309160203806
4542,0.9464482384780811,-0.49317770575604086
4543,0.59935377774896,-0.3705794966288233
4544,-0.08486018505494766,-0.47054465286499736
4545,0.4677928395477165,-0.5151007859688181
4546,-0.19840772589169628,-0.47760974041294435
4547,0.08220616319715036,-0.5285569129008356
4548,-0.06142377743860298,-0.5386746004152596
4549,-0.7403418395905245,-0.48801442133118567
4550,-0.05419240888385455,-0.5024729953418369
4551,-0.3658024920225644,-0.16168028865857342
4552,-1.0236309796079521,0.1856486544173911
4553,0.4326345536224448,-0.04210722625583952
4554,0.6735180271793448,-0.4419282068009483
4555,0.6141510385047817,-0.3631162973277206
4556,-0.051385387918566665,-0.4196203934593123
4557,-0.7669532053230684,-0.4752646214207956
4558,0.6099001848065969,-0.19837917255111662
4559,0.36485464554039293,-0.31493199459569804
4560,-0.7180615445082169,-0.3571518573228571
4561,-0.7350421376467603,-0.457693712394723
4562,0.4920883815216844,-0.5429519912083908
4563,-0.12560004857043514,-0.545078371448163
4564,0.16023821260930654,-0.5311626260226004
4565,-0.34885657950141286,-0.5476881273962224
4566,-0.4229766971168443,-0.4880976605384754
4567,0.4973056404504856,-0.4153043286685368
4568,0.33630950794444886,-0.5231934372953855
4569,1.116705527907538,-0.23783290152108694
4570,-0.408415161578422,-0.38625483395193927
4571,-0.3625722544517427,-0.510209070545701
4572,0.056337740972172486,-0.5628307585994674
4573,0.13313333121644302,-0.5841998842632341
4574,-1.6086851345276292,-0.15362272228413015
4575,-0.5952015669471323,-0.34780729149475537
4576,0.689707366468021,-0.5314034123410871
4577,-0.06309190505983742,-0.5092568395574539
4578,0.5583951621977891,-0.49371748230519097
4579,0.3351147105370038,-0.5723500553262453
4580,-0.287555940934897,-0.5189410171407781
4581,0.06627194572899608,-0.5783940767013092
4582,0.3237976409021334,-0.4695349327626452
4583,-0.05274198240424321,-0.5799699753988895
4584,-0.3506067000817364,-0.48827632131520493
4585,0.8847122004311346,-0.4996411657176132
4586,-0.4588006722290055,-0.531658147767828
4587,-0.10029254621849658,-0.5576644107975177
4588,-0.04937798847976329,-0.5804794601688563
4589,0.5549878157118615,-0.5592960156708788
4590,0.2010231469250307,-0.6030875767722736
4591,-0.3115335272960444,-0.5882872955814007
4592,-0.257522069782064,-0.5622914077992165
4593,0.23898810166882398,-0.5855268720798169
4594,-0.2644017729994667,-0.3217801998933796
4595,-0.6388695739163059,-0.44964786623460373
4596,0.859754204239199,-0.5034655548577771
4597,-0.19317135108700714,-0.563278477967697
4598,0.3895481730852243,-0.641844832108782
4599,-0.002497628069627793,-0.589537060792178
4600,0.44109630381105236,-0.5301855383702865
4601,-0.11631708399900523,-0.5353124068396881
4602,0.44099789304430276,-0.43006195127507935
4603,0.4789941620364484,-0.38549543315942814
4604,0.009782216887277198,-0.5241957497356738
4605,0.8216783231317625,-0.3763161463355038
4606,-0.08997291233986619,-0.38227969763995134
4607,-0.5570557922722041,-0.46769561615641425
4608,-0.08245639913676808,-0.4381947036795938
4609,-0.15361261419397362,-0.5330194905875801
4610,0.47016201526464035,-0.5195249494957738
4611,0.25813272606758053,-0.5160565617808898
4612,-0.1032854756168642,-0.5470806604907803
4613,0.9796703731596113,-0.3874184087653894
4614,0.29640179666207833,-0.1053535433713162
4615,0.5336724246503203,-0.39564893422350367
4616,-0.45949467488620227,-0.3729569192874322
4617,0.17070280064944113,-0.43555572562439976
4618,0.40837984863324583,-0.4579596185617233
4619,-0.43521380211183197,-0.36400887776007246
4620,-0.6864710349122094,-0.4630893891063014
4621,0.06650100502227858,-0.4703014791116941
4622,0.40805705117409036,-0.6183756438333851
4623,-0.6279721962947784,-0.47812795238380984
4624,0.08175066690040624,-0.5955474344030479
4625,0.23517825381114668,-0.5979255653279976
4626,0.04020760312526518,-0.5441630479362586
4627,0.05734433487138998,-0.5329084376741446
4628,-0.3936810539245481,-0.4885346646882437
4629,-0.09391074483087096,-0.5760646079731799
4630,-0.3375940000539594,-0.4429668455473366
4631,0.5769289673362605,-0.5901641893880498
4632,-0.0687667101037733,-0.5798574204789334
4633,0.5026470623352355,-0.5901008438415559
4634,-0.1687245980960879,-0.5592174789208014
4635,0.04758185269386749,-0.5205078152491919
4636,1.3396282033345799,-0.16595536093426055
4637,0.9126675580005655,-0.19740532942378253
4638,-0.663726870901589,-0.224549044151092
4639,0.7337701256566491,-0.38742176122866573
4640,1.3639572257053683,0.2959404360671898
4641,0.33714487106266794,0.2721842157187747
4642,-0.24091306459917655,0.0330605787291255
4643,0.6755695953122917,-0.23808405594255366
4644,0.7507982616194563,-0.25890403277208907
4645,0.42411632945901817,0.006007193242032194
4646,-0.23187722497200278,0.04837800411712627
4647,-0.2828115503090786,0.06426772261885773
4648,-0.05344380642595066,-0.08184248656678854
4649,0.7576153142294577,-0.2348569750134779
4650,-0.19651970919695919,-0.3610829766161493
4651,-1.0339566105548743,-0.04298105368526159
4652,-0.3216791647750642,0.11732389607612058
4653,-2.4799257075541337,0.2472918742017573
4654,-1.9217450414885489,0.9047985277107901
4655,0.9730749558586762,0.5089076140725992
4656,-0.3484275845806047,-0.14407739767378552
4657,-0.3571428440648052,-0.33493779526773115
4658,0.4035388123966626,-0.4366589907683962
4659,-0.2362315393196272,-0.46881543246840846
4660,-1.784390018363866,0.2584474205533117
4661,-1.503192363013811,0.23985663836029292
4662,-1.3546330013576426,2.0764480296961425
4663,1.0074933918785836,-0.08618499434456348
4664,1.1943677523062861,-0.2328618430338616
4665,-0.056267698325113906,-0.19858185949354754
4666,0.9484845502414835,-0.3839645444165416
4667,0.5280879031726503,-0.5139833666541508
4668,0.13830230949652014,-0.33972732115610654
4669,-1.0666512533157706,-0.4133481877127205
4670,-0.6440146789448654,-0.258658883900201
4671,2.620764669239342,-0.33466144501870954
4672,0.7007385852913146,-0.23838577801440014
4673,2.0665389121375335,-0.12979047245799918
4674,-0.7911228757237536,-0.11898444256698962
4675,0.9239971947176104,-0.4025434919183705
4676,0.08788046148369104,-0.16138955393739643
4677,2.1849497202850086,0.30076658686038593
4678,-0.2314874476937253,0.2905622657800168
4679,-1.746092469957797,0.3656458309048822
4680,-1.6665628493667513,0.1932362602757311
4681,-0.5612012962686712,-0.17729274802709172
4682,-0.8711717603729199,-0.10143687388380355
4683,-0.128546295602593,-0.20881111576483263
4684,-0.4267980053865272,-0.35632977182048803
4685,0.18614551176889824,-0.4884860413288462
4686,-1.7840560745642575,0.0013381622702949292
4687,1.1516806907801274,-0.32656303375283013
4688,-0.3259781976837425,-0.3504903696941784
4689,-0.4574122729350015,-0.2773838445937234
4690,-1.5061931402659974,-0.14492890665119185
4691,0.23858164757362157,-0.40041628292888987
4692,-1.2106013425102906,-0.08715545577571725
4693,-0.40001452327468306,-0.14076428266276633
4694,0.7056987806280791,0.0937325664169567
4695,-1.348011419438661,-0.045970979528700884
4696,-0.40342871874704234,0.23659329582186966
4697,-1.1124963871823588,0.2677087683562536
4698,0.09180321057810742,0.09375609470341019
4699,-0.6156936796040829,-0.3143802059626326
4700,0.9873766432231679,0.2939405106710351
4701,-0.19013384659701588,-0.2629845594175388
4702,0.6323474131199397,-0.3064267000177052
4703,-1.522389896520285,-0.13765321974311828
4704,-1.2591631069295468,0.47585766942814944
4705,-1.145671584243164,0.09120463951320688
4706,1.9006314694209547,0.0028395348053812802
4707,0.6831594114851415,-0.1996768194695963
4708,0.9365396312499046,-0.27807877630918443
4709,-0.18738745885113,-0.2733257180814603
4710,-0.3064007069419659,-0.18608637215772528
4711,0.11458775698684862,-0.30861852071873014
4712,-0.8329329200516377,-0.40342938250172994
4713,0.8590157778548533,-0.425791454270108
4714,-0.3312617606275933,0.22590673528928723
4715,0.5688546436288874,-0.44321830016833647
4716,0.1811960619694589,-0.39865149069759315
4717,-0.6506430684528085,-0.3879538655150819
4718,-0.7431206345412771,-0.30761810261321393
4719,0.7870635108859573,-0.3574235179199386
4720,0.010984635014522895,-0.47794916700670076
4721,-0.1496159796798552,-0.463036739633696
4722,-0.21951127933797462,-0.39205980958519954
4723,0.5277741445662041,-0.4970987294645861
4724,0.3709989748312273,-0.488241531547748
4725,-0.334707303243239,-0.5040021818551779
4726,-1.0732081467500083,-0.3035172748973966
4727,-0.061218648752719755,-0.3309051792836818
4728,-0.8294554551705003,-0.21719750171646252
4729,0.07021138813947839,-0.21951227964740722
4730,-0.28045861775064335,-0.35355527174193824
4731,0.8700944282493323,-0.517892303932423
4732,1.687662844702562,0.1237754871461045
4733,0.3183803831689514,0.2187412833437442
4734,0.3420046865846099,-0.2217830801909752
4735,-0.02752836679056806,-0.2816944935421927
4736,0.9171846265464916,-0.3413571952376691
4737,1.2749054596785863,-0.17261748350888556
4738,0.980637313187306,-0.2649516506443294
4739,-0.7699409834253933,-0.11544569934286839
4740,1.119477804313217,-0.26453150515790186
4741,-0.3570178069590454,-0.2991391090443057
4742,-0.9279557556646196,-0.16180643851691717
4743,1.7111046537393648,-0.3339479367069175
4744,-0.45926709796952,-0.30553492436091384
4745,1.4991550263556759,-0.13490842292877706
4746,-0.5690742817386203,0.19515009537978073
4747,0.5261602057734652,-0.23145342720876894
4748,-0.10011693592257669,-0.1944096816719215
4749,0.15004325089154844,-0.46921610412328846
4750,-0.22488735159854575,-0.37081496282097104
4751,-0.5942931203441341,-0.3457161557666
4752,-0.006508983726030865,-0.19199508569076779
4753,-0.6468738882798318,-0.4352451105002715
4754,0.29357666918598013,-0.3889741230906863
4755,0.07506988630436814,-0.4054034588782692
4756,1.2551392106086319,-0.20455595752859637
4757,0.35932884913391916,-0.40027453563069687
4758,-0.5802771864594796,-0.27582414742368383
4759,1.0911320188716944,-0.4782510036743274
4760,-0.8913691142018824,-0.46712697789648455
4761,0.14225715214427567,-0.5123297426785939
4762,-0.1576648667613594,-0.47549989032352175
4763,-1.2731083358161495,-0.46225087162349204
4764,0.7996225162477966,-0.41235978588021305
4765,0.5522161784071054,-0.5427098796737369
4766,-0.470741721744112,-0.37718668229219215
4767,-0.5591859147740263,-0.43912897343326956
4768,0.6501072964264786,-0.431344150443788
4769,0.23246752319646377,-0.5261718347687921
4770,0.42025772974575826,-0.44181949037103924
4771,-0.5150133837684572,-0.5613957716829625
4772,0.5723833590073134,-0.5568722482135426
4773,-0.10063018870216976,-0.5355739818714581
4774,1.3422073815720104,-0.37836600167060774
4775,-1.0536210466025009,0.24718552031606272
4776,0.41285663888013785,-0.3151056564841938
4777,-0.6571391115238536,-0.3500718250882944
4778,0.5128191778624874,-0.40634058947716156
4779,0.8138988838534752,-0.33464319999919667
4780,0.8167405901569499,-0.11163286312795351
4781,0.24956986307691972,-0.1691493306045738
4782,1.0248371221733603,-0.23088301646927134
4783,-0.5280205532168171,0.1984124596406645
4784,-0.5497528094428016,-0.14830386269119372
4785,-0.49925099291183883,-0.13505361206865196
4786,-0.5805803281255907,-0.20288603364412822
4787,0.3478927274423981,-0.32576835444211044
4788,-1.1702356340514832,-0.1052669285889159
4789,0.20734098827142602,-0.4926925095427192
4790,-0.6252758918041539,-0.35254790901661304
4791,-0.12122194990592894,-0.4397038433746903
4792,0.4439959408794804,-0.5372283437949601
4793,1.265820674767176,-0.3869642113181834
4794,0.3818108431066842,-0.4549137438023501
4795,-0.03419743407137171,-0.465381290242206
4796,-0.6836695245279184,-0.3995036930764484
4797,-0.14539083401615074,-0.5374160063988795
4798,-0.9351828568940558,-0.37119367901003403
4799,-0.7638855608065951,-0.2829284140611718
4800,0.1552848194994649,-0.4491685452342089
4801,-0.006415006475142803,-0.4890196533253893
4802,0.26817458822883566,-0.24702954176926617
4803,-0.5377820606243991,-0.4312540549224876
4804,-1.1392778608416405,-0.374255594469666
4805,-0.26527670616549176,-0.31604565308694194
4806,-0.5958604237020532,-0.11859104531860483
4807,-0.056702242057568866,-0.3427789582204527
4808,0.8885438393780118,-0.45400914772997036
4809,0.2177139537123663,-0.4549748529414226
4810,0.08145260557163414,-0.4013585830713054
4811,-0.1902430442842358,-0.40110784318274656
4812,0.24590306040701695,-0.3824383301555915
4813,-0.3131326325702578,-0.5608774075136042
4814,-0.19892672479944432,-0.32550062036308697
4815,-0.21085734489382255,-0.36571143643673504
4816,-0.18511153287133783,-0.42777552935357177
4817,-0.2825030273104768,-0.47190184450746286
4818,-0.5216432693670331,-0.4199894378475125
4819,0.47578903372496995,-0.38673680735097893
4820,0.6877323205175173,-0.4600091055954744
4821,-0.42562995377879553,-0.507269408202182
4822,-0.5251572857771358,-0.36879626780936364
4823,-0.6091007585787432,-0.3850564117696144
4824,-0.311390035920699,-0.2427622784038152
4825,0.35620825722663363,-0.37984369657921635
4826,-0.58808786201424,-0.3200090585180192
4827,0.2714698534595954,-0.4613911170147472
4828,-0.9405102175131799,-0.1729721079733167
4829,0.3021730174824498,-0.15019766240961696
4830,-0.007110547215856062,-0.25793504485318486
4831,0.598981831701588,-0.463139927657501
4832,0.4159817066198087,-0.4692050925287504
4833,-0.7709731860264433,-0.39877194020611456
4834,0.831590738292304,-0.4993592363438763
4835,0.8726034884007862,-0.5190158389411287
4836,0.026338483660506715,-0.2119977530129708
4837,0.5076295585466655,-0.43270350588270357
4838,-0.7292862609292724,-0.3848860144167105
4839,0.06784266164311759,-0.45861550189415523
4840,0.4213584072981601,-0.5396148952434877
4841,-0.5648568608113609,-0.4613500170173451
4842,2.345711084379396,-0.22052867441058635
4843,0.09707135025660334,-0.4257906078356036
4844,0.31102115370361094,-0.4962808944201732
4845,0.012743481081444885,-0.312668889067945
4846,0.1608848062309605,-0.42313196988200213
4847,-1.7555118827752967,-0.1521503070744915
4848,-0.18211837019412205,-0.3300368138043259
4849,-1.3895785675492294,-0.15032735560476335
4850,1.5539178229727886,-0.43275123284707373
4851,1.2565288166994795,-0.4285916201545481
4852,0.4928848558465785,-0.3956905075580034
4853,1.3881478955025661,0.07085057079577735
4854,-0.8140082364243695,-0.13316875496726346
4855,0.23847349282895192,-0.42022142142353514
4856,0.25802165412335626,-0.43138958059161997
4857,0.6656702857614427,-0.27053838350385717
4858,-0.9471417234801568,-0.0739931766401499
4859,-0.27790534010387974,-0.38410099382292323
4860,0.6170899269261835,-0.463705067551774
4861,0.32045766255654906,-0.5405474761660835
4862,-0.7744496609653239,-0.4213986103622842
4863,-0.12706011404204567,-0.3455959610093596
4864,0.3895980838781779,-0.5006827631317871
4865,0.5881467755080785,-0.5339786513689319
4866,0.5400186789300101,-0.22445113324151555
4867,0.23153839707276802,-0.30881003015565295
4868,-0.8345371694420458,-0.4176593991229762
4869,0.3026382264644869,-0.4829500713245594
4870,0.499379455400694,-0.3407940492621618
4871,-1.0462659984477796,-0.22736365087125338
4872,0.09705568592205957,-0.3718141297700383
4873,0.12330649500977578,-0.49079449484541227
4874,0.5929064709903772,-0.4133935092534668
4875,-0.4209468288380475,-0.442099943323433
4876,0.14847779012144213,-0.4734218624802158
4877,-0.9742023576809448,-0.429860875972393
4878,-0.3992270175169725,-0.07796501594708354
4879,0.26169133365325625,-0.41543441777119733
4880,0.9029641202776405,-0.3938268124650059
4881,0.42016407805687656,-0.46670092126639523
4882,0.6638664890605578,-0.290990564536206
4883,0.3260738083593159,-0.15198839879348772
4884,0.217919936206945,0.03524138264178166
4885,-0.4335930751751121,-0.34873711328659557
4886,0.5703386651989947,-0.11654085302581095
4887,-0.42304053606138226,-0.2737662494235254
4888,1.9186212349473961,0.18999598015473756
4889,-0.8745401616950905,-0.22442323839536915
4890,0.3594324379920628,-0.2429947666425828
4891,0.6158667211863392,0.026781401285786974
4892,-0.31691104204329285,-0.2810201777041781
4893,0.23135934450392256,-0.3498621630567519
4894,-0.6227665574007855,-0.22146050924345387
4895,1.2851136004569852,-0.32693563695142525
4896,0.166379726066617,-0.1894786149757564
4897,-0.5901574450658688,-0.3200684951104695
4898,-1.1498269679254736,-0.1464805045521605
4899,-1.4653794339577406,0.23008733804722725
4900,-0.8367076311947421,0.18787101109709203
4901,-0.30634220982127613,-0.3460725572903612
4902,0.7827649312054751,-0.3674360055201449
4903,-1.137735055072864,-0.3011622359617194
4904,-0.1742999856611672,-0.3306197711051537
4905,-0.31029388034262845,-0.36483335465710126
4906,-0.1954172652184676,-0.32593488535880577
4907,0.02045813393630072,-0.4726963195532065
4908,-0.5796387550624617,-0.4425326703792771
4909,0.29948269805836614,-0.4601221122443245
4910,0.6249950300061652,-0.4323559684960246
4911,-0.5112177837590713,-0.43581614091197973
4912,0.5447813484843125,-0.5017177008865626
4913,-0.023774009085599908,-0.4621874671088745
4914,0.8127037047780991,-0.2660719812931815
4915,0.486968792532942,-0.4125650184181853
4916,-0.37008435055627326,-0.34969051597646633
4917,-0.18289766725068743,-0.47116169291648563
4918,-0.2527926063953802,-0.44488677727822534
4919,1.115830037196261,-0.41869855723437904
4920,-0.6685809703148383,-0.4277301483164882
4921,-0.2252971435533597,-0.4959859570861814
4922,-0.7509637847677165,-0.36826761689940685
4923,0.19789237635831647,-0.41420500361322876
4924,1.9432588372027835,-0.2689440798175492
4925,0.10757626194892872,-0.09400694261308194
4926,0.42741187691720234,-0.12610549614039082
4927,-0.20596082992129358,-0.2158980611231909
4928,0.8800121149195176,-0.1926574074026849
4929,3.099582935752681,0.6688961372986508
4930,-0.5610310937916776,1.1925087138745412
4931,0.3425041336716449,0.3091840166463655
4932,-0.17751156239800756,0.8433889588412796
4933,0.46017155781226166,0.15576521678534416
4934,0.4896692645844675,-0.025487904736109998
4935,0.46737197977567174,-0.06541208967774656
4936,1.906210749498041,0.8662935874479343
4937,-1.277092327539607,0.5942199049958559
4938,-0.612504358543224,0.499392266607127
4939,-6.2639322901928765,2.414439945119357
4940,-0.7581320194366785,2.410717350341832
4941,-0.023510073594966048,0.7832228759844971
4942,1.1841599966406269,0.2076819414702239
4943,-0.6521240805388697,-0.12994101958801915
4944,2.1724324764714362,-0.1978398849567223
4945,-1.325526351707752,0.00954662540830263
4946,0.19165312801900303,-0.34280726584388044
4947,0.33541995301665684,-0.45282335694716036
4948,2.341600415446306,-0.13526248253568407
4949,1.1822265625929593,-0.1126977896754631
4950,-0.8786877813191929,-0.2935348250701378
4951,0.0034305563407750882,-0.4583339878583505
4952,-0.6213822276846331,-0.44072240261371237
4953,0.6375322082209278,-0.39718005385246796
4954,0.3263858160059352,-0.48171066847041805
4955,-0.8532180356057167,-0.48489360031639267
4956,0.8749579866949581,-0.5617091357503
4957,-0.10304566295344214,-0.4904865489329776
4958,-0.07758470425663685,-0.4320012071778618
4959,0.8118929582078277,-0.44017763482500566
4960,0.6870747550819499,-0.2872113510464609
4961,-0.0688168982074985,-0.1895192980063249
4962,1.105839947044209,-0.15922538871360398
4963,1.1493578190763076,1.1240864436181757
4964,-0.4285847693069362,0.1299171323591194
4965,-0.23258024540225816,-0.09471435078410935
4966,0.9214694033344061,0.04874352174140818
4967,-0.23702095710361618,-0.18803606890640356
4968,-0.8938993612104987,-0.045036960719816305
4969,1.757095811189035,-0.25684780743719576
4970,0.5035226478818638,0.1194737132539669
4971,-0.18440085209775625,-0.08326228286027776
4972,-0.999789732972744,0.04117461619880049
4973,0.22604332938733587,-0.3275524591949028
4974,0.5443473967398392,-0.024701331278279032
4975,0.8601474348305159,-0.19446514147221572
4976,0.19112605099146499,0.10444369749367487
4977,0.023429239821225065,0.014151885261712918
4978,-0.05979049453851366,-0.22338303057781117
4979,0.8587131428933967,-0.1314484424785208
4980,1.39006132942689,0.06337699040787227
4981,0.6967089895815748,0.8321736361937376
4982,-0.6192318175351899,0.08029308036639161
4983,0.10612488204944309,-0.1795506387245476
4984,0.6033384580626044,-0.2236214453600488
4985,-0.5045693636421444,-0.2875815220906145
4986,-0.5885934570736693,-0.13003251281748052
4987,0.5416527228905933,-0.3466074216327729
4988,-0.31337784950906195,-0.2595621135522278
4989,-1.5685255798452609,0.08301016889267322
4990,0.2939712422577122,-0.2527848913205732
4991,-0.596508889450655,-0.0773222837194601
4992,0.17218338106452258,-0.30541352080555184
4993,-0.6242368972006374,-0.2680686180074285
4994,0.7108424456344986,-0.40366728210976194
4995,-0.30676449173895437,-0.11015870615093198
4996,0.9007267114695704,-0.11455074057002387
4997,0.5152028337133211,-0.2298414404989792
4998,0.1869563013124317,-0.2651614096706597
4999,-0.03422491154352376,0.18488771144791238
5000,-0.44631071765005503,0.03879827040901822
5001,-0.1176344405280094,-0.17907243713460708
5002,0.3021224382746011,0.1700338844065809
5003,0.9435729334118332,-0.10991482891908025
5004,-0.6909064307423911,0.003996154853466133
5005,0.2073419276614029,-0.16552613076537456
5006,-0.5885694707041305,-0.07592659260102652
5007,0.491603954004648,-0.37235489983253534
5008,-0.11328181999976726,-0.34777396847493586
5009,-0.3713332091148556,-0.27820310657617137
5010,-0.33215868321741243,-0.13971753281446986
5011,-0.4828016045391447,-0.3128613661129569
5012,0.8402975543116413,-0.45959784983332896
5013,0.4749074793358119,-0.1852249750089312
5014,-0.5917251629903597,-0.32513823822476456
5015,1.2139833509606202,-0.33561117713297745
5016,0.14731720254049718,-0.06265033229440897
5017,0.46637310385260283,-0.3535683482391099
5018,-1.1431789403273536,-0.09650744692341555
5019,0.5123552309894128,-0.40386572890305966
5020,-0.39063432551682703,0.10181422280029263
5021,-0.985772750283017,-0.08608969740586624
5022,0.07012593134814349,-0.2551691947931942
5023,1.1648954106785547,-0.2041658761262124
5024,-0.4528140113508062,0.03898154856559351
5025,-0.16233428278418094,-0.12523350781597098
5026,0.2409627515975851,-0.2749656104356412
5027,0.27439339084609926,-0.1796782538702973
5028,0.7068397458507619,-0.23790075435985109
5029,-0.7690417816587967,-0.2019392500237432
5030,0.7112699379572759,-0.4017395602844043
5031,-1.0186885839035402,-0.015080431595772562
5032,0.5499461331811162,-0.2699285466919668
5033,-0.7914736878585228,-0.3189952579488203
5034,0.20843984553533104,-0.4957303287420275
5035,0.9509886682165313,-0.3571382911423678
5036,0.06189427585282318,-0.45269739760355965
5037,-0.5780300661752085,-0.4416673628938547
5038,-0.17509460666563348,-0.4481396615290502
5039,0.7447451423153444,-0.44731893171115683
5040,-0.02855131363973943,-0.3907553662750169
5041,-0.10845057662696043,-0.45845748800233077
5042,1.5934368369116894e-05,-0.4412959273501876
5043,0.1262930782558428,-0.4942601433408996
5044,-1.2385665347940213,-0.3595212715652171
5045,-0.3057946795135027,-0.228131375143647
5046,0.4987780313082107,-0.4527554766522265
5047,-0.6222188875528848,-0.39576635958356843
5048,0.07925069855692285,-0.3662848065591161
5049,-0.15357321172026042,-0.33858739646743224
5050,-0.21423320670900253,-0.39821681790827906
5051,-0.5480602679193173,-0.4610967631059596
5052,0.6172332817516635,-0.5806748261288182
5053,-0.2641985635492691,-0.596774229763594
5054,0.8354180992676147,-0.37586796281065155
5055,0.0166935867065092,-0.46971890603224997
5056,0.4341961516269885,-0.4945543227005901
5057,-0.6954331451705985,-0.3938546928914158
5058,0.7697384718358496,-0.4806831073641784
5059,0.16891033751362833,-0.5729023571451267
5060,0.45285126838367645,-0.3919689041853831
5061,0.6251231520851628,-0.3669532504443813
5062,0.44700428508679924,0.053609590542118515
5063,-0.8543666795287006,0.026469628084981878
5064,-0.03621490008666165,-0.3465051006210329
5065,0.438956469961079,-0.3663267892235895
5066,-0.4108785526510791,-0.24323145349743502
5067,0.3484184943852427,-0.1582203077886864
5068,0.1766657780519937,-0.1363962775163514
5069,0.20503719136143056,-0.26286196550065455
5070,1.063440917530819,1.2651954435621229
5071,0.36283815398108066,0.3859577362364493
5072,-0.3559005460632227,0.3739352401054718
5073,-0.32019976549661144,0.08612090242324454
5074,0.10128713618214488,-0.3125118091392381
5075,-0.3973663281447038,-0.24888592479177002
5076,0.35572120727959,-0.33383290041474345
5077,0.10815252061121947,-0.17279423904552094
5078,-0.7353991344459192,0.06452856491941229
5079,-0.8417392858784473,0.3334890302563797
5080,-0.8217718071463018,0.014748866290813775
5081,0.8411946587822194,-0.2847825466532966
5082,0.19140657146971082,-0.29954226041764387
5083,-0.9773439382006672,-0.1479622337125437
5084,0.24829097548400544,-0.023877681617635704
5085,0.3135195037903507,-0.2882540145758482
5086,-1.1944982930636512,-0.02177416646845047
5087,-0.2326289017110018,0.09424914157177293
5088,-0.0585159245414147,-0.10320272335471364
5089,-0.6459935754164129,0.23452302955066462
5090,1.0632524848445555,-0.3137251302451659
5091,0.22396207637594262,-0.38535655059271123
5092,-0.4346576091559558,-0.23620394461324912
5093,-0.4098630501139563,-0.16120425571500857
5094,0.627593359435686,-0.3663937386414997
5095,0.24527685760956824,-0.2989862203262734
5096,0.5060923739338835,-0.07967391425325898
5097,-0.09571387641014584,-0.291439808040838
5098,0.44961809718982426,-0.28348087901972624
5099,0.2459823221489839,-0.1664441429253345
5100,0.2406734254969912,-0.3967951341196979
5101,0.438985289971598,-0.4407253534507115
5102,-1.4942162908421677,-0.14252544589656824
5103,0.10262944764896928,-0.30886061460184805
5104,0.09100693801872856,-0.3332388432346851
5105,0.007380607677815681,-0.4815020225662727
5106,-0.5851214009817819,-0.35193591423631454
5107,-0.46364762644773067,-0.09879630200133967
5108,-1.4905737592548647,0.21136500409741316
5109,-4.878136211522464,4.799216477496466
5110,-2.919987024529468,3.2100338145458718
5111,0.5925743937825927,2.8295243336197466
5112,0.25674408388497355,1.2448785691051074
5113,-0.35472064990116764,0.45218993462728807
5114,0.011765234305927052,0.6879941880179765
5115,0.9503138397091365,-0.0003878950885925214
5116,1.1529255418203859,0.8059678282409776
5117,1.6595551073698285,0.22960994627776743
5118,0.5251766411946119,0.23482095630416056
5119,-0.8340183687583929,-0.10095554434896481
5120,0.7021251503970004,-0.17115426329305664
5121,-0.09133550682359734,0.13355792279405904
5122,-1.3222529922776405,0.11797284204488971
5123,0.7220835236323487,-0.290307632205285
5124,0.145369742664849,-0.274388374544075
5125,-1.7724302155667682,-0.02950710549629229
5126,-0.6501510743553431,0.08464533785143362
5127,0.5288190753788516,0.4308987068281058
5128,-0.7578801885177445,-0.11919389344133723
5129,1.2674916732942028,-0.4461666839490358
5130,1.0860527613772655,-0.20684709369362472
5131,0.6559917842721004,-0.3419902146395618
5132,-1.3749308656426749,-0.35228758765745116
5133,0.506623265528045,-0.48678827101682237
5134,-0.5088117456398721,-0.4352379494868353
5135,-0.4690480969995592,-0.3223344374703403
5136,-0.25179852457246993,-0.4600710244901342
5137,-0.7414651285631817,0.0776013290440825
5138,1.001414642078241,-0.281456571597422
5139,-0.6213392844862545,-0.49129531164910356
5140,0.1568926236196733,-0.5490187168660974
5141,-0.8000168692156783,-0.3996523111540206
5142,-0.9283834534778695,-0.1909750800864517
5143,0.5950808390641413,-0.5226544272243274
5144,-1.0033429187464933,-0.23896625178220676
5145,-0.4346060269274307,-0.37809386954990504
5146,0.1729641707623599,-0.264079754806555
5147,0.31914727930553305,-0.16830875611881155
5148,-0.06927507631936936,-0.41115840035469753
5149,-0.5514866652339662,-0.3712196205059641
5150,0.7819550155593816,-0.4601697399357653
5151,-0.6199519019096404,-0.46502914433719234
5152,-1.0720151247027303,-0.24000733731863044
5153,-0.6866363974088153,-0.23211951079383092
5154,-0.32167705267837976,-0.024676069053052377
5155,-1.0968583276268322,0.02244123238088383
5156,-1.199648185190697,0.5521317720990895
5157,0.5865614472427129,0.02078905389527176
5158,0.7642854919764864,-0.04012398595620818
5159,-0.6002052489226044,-0.09290285619885005
5160,0.7575918503708815,-0.331335420635916
5161,-0.8388645431401812,-0.1385684140380686
5162,0.7568739134677287,-0.30674621650565836
5163,0.610067089016759,-0.36086594270190625
5164,-0.1792448028557635,-0.4203988186505574
5165,-0.562685428532436,-0.4078696535484665
5166,0.6713099613352399,-0.3983199517779047
5167,0.3680987506404684,-0.4572489321532416
5168,0.3885060612520142,-0.5092637720532849
5169,-0.12934459402990015,-0.5539126510220578
5170,0.7499346997958947,-0.37525102835702917
5171,0.6007955832153808,-0.37500768990650923
5172,-0.6485361603799111,-0.32875407413962926
5173,0.4548761621451949,-0.5336888200605314
5174,-0.04291156382628234,-0.47364089861219194
5175,0.42735000449937405,-0.46730909657275554
5176,0.11503826129278856,-0.4997675120111216
5177,0.08424870183250371,-0.48360658939169254
5178,-0.5721192128982391,-0.38547622638927287
5179,-0.05906936551228706,-0.35943974168441367
5180,-0.3018689230921808,-0.49083392218465793
5181,0.17422046886077358,-0.4871761268036679
5182,0.03408816709092627,-0.4813386716646497
5183,-0.19018767679086518,-0.49973089260050474
5184,-0.7352735126586214,-0.2256905974599856
5185,0.23844424063660294,-0.4125375007544528
5186,0.6116202120804833,-0.3982165756594481
5187,0.18974356800019138,-0.48676434745892444
5188,-0.7983036658294677,-0.434359112916208
5189,-0.7589433880507032,-0.44761672449525314
5190,0.5838958476077964,-0.3893294893237263
5191,-0.104936760849666,-0.40590268698231974
5192,0.42514694660050484,-0.5400399832976222
5193,0.5695455710945346,-0.4697037767059095
5194,-0.21245156901102868,-0.39909942499950163
5195,0.4149454123533767,-0.5507532671382602
5196,-0.23857613342069284,-0.47814621564410836
5197,-0.3517693587392035,-0.4466140132013953
5198,0.05246375696388811,-0.46264118865844484
5199,0.7113357992103105,-0.3709363881027018
5200,1.2646049234958714,-0.0036562706541747453
5201,0.3134869099805303,-0.21008421325317794
5202,0.27997814485463135,-0.18153500651092286
5203,-0.04110896447816455,-0.2903121889202471
5204,-0.5212741858738528,-0.29847250233726774
5205,0.058026398968655635,-0.5366757585109836
5206,-0.6489074574933452,-0.29962553085799853
5207,-0.03493859443309673,-0.42180434245939097
5208,-0.08484612928077286,-0.5207159662239766
5209,-0.029159709618933674,-0.47786366696284877
5210,-0.45560107720791915,-0.3751021151562827
5211,0.3714210343018845,-0.4454493783158626
5212,-0.48456907049277964,-0.3836584496630487
5213,-0.4762876092858486,-0.3578548277937868
5214,0.465907449168032,-0.535465689301721
5215,-0.2622993394987059,-0.5248480064264871
5216,0.5079432327322556,-0.5381501669014168
5217,0.39764332734523183,-0.5358426651591591
5218,0.36611621486659607,-0.4453543526865422
5219,-0.745995459768605,-0.49303046102741854
5220,-0.23772013563668282,-0.4655694014659584
5221,0.24492539202030858,-0.5695034722998051
5222,-0.7387087363540283,-0.3406898541041609
5223,0.18066821499880967,-0.49460765883661106
5224,0.34065870666861553,-0.573434079288756
5225,0.44363528459385687,-0.4657200793488213
5226,0.42213425011552,-0.4858900607699632
5227,-0.4597640928187146,-0.5585711018698384
5228,0.08932472756495481,-0.5674080683537047
5229,-0.16377132826138205,-0.5564195138991176
5230,0.5034904088303098,-0.60003656953469
5231,-0.11209614643888781,-0.5574594936873238
5232,-0.32926586926703805,-0.5778275732432057
5233,-0.46770595148166727,-0.4842956307834464
5234,0.08728945594625034,-0.49979604937712113
5235,0.06228269378529056,-0.530080990842714
5236,0.0545489920260314,-0.5327073001513901
5237,0.29484263452703735,-0.5845278271035917
5238,-0.03643782865606903,-0.4857984105322426
5239,-0.08229489124795253,-0.6211464130323062
5240,-0.04986405783008776,-0.5709853605684645
5241,-0.26929276828433013,-0.5294460146443615
5242,-0.2501271750570151,-0.47016085295415516
5243,-0.5426671436697839,-0.3564493146084393
5244,0.3097630090238324,-0.5642954246279519
5245,0.16510815611994836,-0.5907205316668338
5246,-0.4546750966647561,-0.46720876718848875
5247,-0.535538736460324,-0.371671254498925
5248,-0.5357540545050478,-0.5315746679528432
5249,-0.42636306050668715,-0.4556853378260543
5250,-0.20430924543896092,-0.21022813848425895
5251,0.0711876424324907,-0.39005841984437545
5252,-0.7766125536558987,-0.3770362582800322
5253,0.2690931178108476,-0.43069842609541453
5254,0.21117176138649588,-0.25494976781211126
5255,0.23072894900611193,-0.4808462603759223
5256,-2.2210568572041676,0.330054336703059
5257,-0.3270556477888643,0.09878874715039261
5258,-0.6103853993374363,-0.03984645063222767
5259,1.3874448094783913,-0.10056627884148811
5260,0.2770648574115671,-0.45105957135638425
5261,-0.7851256823194501,-0.4690048023646152
5262,-0.3233034879899045,-0.4204062636721953
5263,0.8196782898266328,-0.47076171444003356
5264,-0.22109934250784807,-0.41127788653949965
5265,0.7560739580061276,-0.5151850929032851
5266,0.5932836575658625,-0.49342527858526813
5267,-0.01843005722667937,-0.5306800125591831
5268,0.2598267845049809,-0.477334527421232
5269,-0.3374443855863564,-0.5181614195290271
5270,-0.5780320890608092,-0.4861757082471463
5271,0.1274705461894985,-0.5264167929858854
5272,0.5471715067915555,-0.5743488464785339
5273,0.38683777334561603,-0.5825462399974239
5274,-0.41661733687424013,-0.5784408715271794
5275,-0.13547487268871683,-0.584285670079078
5276,-0.2162521940454184,-0.5868867076530183
5277,0.3658988444678388,-0.6076736000581672
5278,-0.4077011580594737,-0.5377740052963331
5279,-0.04026940356775127,-0.5911573392387081
5280,-0.11291583753709418,-0.5740835099227989
5281,-0.030182048598944224,-0.5099802194337855
5282,-0.8615929231590347,-0.4491075739288303
5283,-0.5614937604890775,-0.02667964937709709
5284,0.15116374873443586,-0.48499557722384445
5285,0.24351494344701055,-0.4798545619872805
5286,-0.8906351233258311,-0.38294870648982227
5287,-0.36002310730367576,-0.2601716941700318
5288,-0.21117362405449944,-0.4550787625853194
5289,-0.6214884243835787,0.08127223260847356
5290,0.12996371362391423,-0.1982632268427154
5291,0.09335581018333636,-0.2197631017037018
5292,-0.7276349657014741,-0.21007411832362766
5293,0.7701383508600783,-0.3133867078388875
5294,0.12569901048541102,-0.39468887989408435
5295,-0.3893813817272549,-0.47328578093255097
5296,0.3445020389634966,-0.543173374426165
5297,-0.6528672135444146,-0.28484725449912707
5298,0.6229256500841618,-0.47675934846750423
5299,0.24225617643432068,-0.4423681582240794
5300,-0.3599357060489364,-0.4338990615741878
5301,0.43303819778029146,-0.5477097057451112
5302,0.16221065286013825,-0.4577251726384024
5303,0.5178576807822094,-0.421360219202315
5304,0.0060178450623209565,-0.5233598034479592
5305,0.3369961484510042,-0.4909046298599614
5306,-0.40740604366559385,-0.3765250220624804
5307,0.551110758559259,-0.35330216524052477
5308,0.2951623120604039,-0.46286851407158924
5309,-0.3526735304128625,-0.30704904496973146
5310,-0.10631806917285169,-0.4578900778491443
5311,0.25934843819467895,-0.52813584964432
5312,-1.5186202808133857,-0.312373993869119
5313,0.385914764175321,-0.36530370467279694
5314,-0.5846070271469453,-0.2746103237583924
5315,-1.495290714954592,0.4259251348287346
5316,1.2221696312072814,0.022587291396686776
5317,-0.2636612884523989,-0.33582211232047054
5318,-0.287020692418721,-0.32673871735931337
5319,-0.7598355245002514,-0.28933920362414717
5320,1.319480695581726,-0.5399702086153348
5321,0.15888212299125304,-0.47080188664712425
5322,0.3714861469341445,-0.48593969262491815
5323,0.043086106068680255,-0.5127510455739709
5324,-0.2822981182385894,-0.46830717396495686
5325,0.28491906302747055,-0.5656886212095553
5326,0.20409438357266144,-0.5500980183003649
5327,0.5562458141267119,-0.49572519566884926
5328,-0.47467546804500094,-0.5610659853194445
5329,0.029399301604286103,-0.5638996858181777
5330,0.05029835944125759,-0.45123004062234445
5331,0.4216728286286339,-0.5965769508924722
5332,0.20030552340268343,-0.5628825138048094
5333,0.1427342671949762,-0.4631173948119057
5334,-0.5390793749449747,-0.47225812157236435
5335,0.11343748544531564,-0.5058698895011131
5336,0.31532791376359864,-0.6111700593555386
5337,-0.20821985085943465,-0.5605194220441875
5338,0.6360686554357339,-0.6064538549719473
5339,-1.0931686912366523,-0.5382091589438822
5340,-0.15465801107064256,-0.5087478344592182
5341,0.002636865186995874,-0.5744695059532365
5342,2.368765185381485,-0.15772820569266854
5343,0.2510585228369401,-0.18790478327515298
5344,0.972749941818957,-0.3442348665486478
5345,1.155315045785326,-0.19574704650263805
5346,-0.5827043431914926,-0.3214669795078604
5347,-0.7311399260265908,-0.32625960634939505
5348,1.0236761061354491,-0.4528951328095758
5349,0.1718673057600894,-0.460415300251335
5350,-0.3958776314916542,-0.36507206635485306
5351,-0.23539865770761287,-0.36313030036444766
5352,1.2047286528737002,-0.33678872580215624
5353,0.9792129315110839,-0.24866572295110456
5354,-0.6463272009573947,-0.2713428577622818
5355,-0.186943698414786,-0.2722356429661828
5356,0.8560161424370358,-0.46702579584216
5357,-0.27292474015825413,-0.3401924945256211
5358,-0.21549472349435322,-0.4175956634039978
5359,0.024384383306473793,-0.4920475981725465
5360,-0.6767559288633144,-0.4304226439409871
5361,0.257198838787518,-0.45338464447077215
5362,-0.14363752241747108,-0.5468956510093825
5363,0.9169854022125988,-0.4472980324560605
5364,0.25502279507681824,-0.32902822759491873
5365,0.019506908665372837,-0.29542389002763164
5366,-0.15240059018752156,-0.4938266787401925
5367,0.2099194039471242,-0.4441718140700601
5368,-0.12863981280002268,-0.37594173946328185
5369,-0.19628239113448723,-0.4752004842682399
5370,-0.29716135948955186,-0.530136826361134
5371,0.45245847136793993,-0.4622302407568254
5372,0.015153041392830737,-0.4527691891370405
5373,0.10355469781673075,-0.5743191218653911
5374,-0.1681708724054976,-0.45673760891234677
5375,0.38627679587121033,-0.3884128302048955
5376,-0.5094867912476855,-0.4503365096418404
5377,0.9474120599009518,-0.34491391121217624
5378,-0.050759873794904035,-0.12130251267980721
5379,-0.04099051208016815,-0.3408036600074287
5380,0.42879433153570096,-0.3903628329248291
5381,0.3165743329546373,-0.47957161525937947
5382,-0.40757912362576565,-0.34741550656950254
5383,-0.3861884587009512,-0.4525258044528409
5384,-0.47064838089238353,-0.35597199835612015
5385,-0.19668742983588006,-0.3979308036770892
5386,0.48039301207476603,-0.5204201388747419
5387,0.07099118261681059,-0.5381112598011477
5388,-0.7214238808616785,-0.34557090871106516
5389,0.025617285961391414,-0.4447793139831295
5390,0.11571699358135065,-0.45497461378308307
5391,0.26920402801428867,-0.5446238104789
5392,-0.08585207984042012,-0.6066066660345749
5393,-0.5539130689982816,-0.4563211274996658
5394,0.008009482728497982,-0.5211149367689301
5395,0.0759675017107764,-0.5405922065884815
5396,0.16712457324761465,-0.4017203911127121
5397,-0.11221139762020296,-0.4552260729016007
5398,-0.2690026273926054,-0.5034774853507875
5399,0.12109133486077317,-0.4857394714059828
5400,0.09308681215101207,-0.5085276968241912
5401,0.4552511442153641,-0.4280094430841255
5402,-0.2987034664933684,-0.3439466104672006
5403,-0.04360641206563167,-0.26312887295670356
5404,0.000352745069715975,-0.3572370604278046
5405,-1.074156585090684,0.15152221128185
5406,0.5020812754915903,-0.28390630064077643
5407,-0.37288726467457745,-0.30042440508127805
5408,-0.398302743462131,-0.2862453168197857
5409,0.4053674658581231,-0.43858245513216615
5410,-0.2058079794775072,-0.48791017393318104
5411,0.9075991819752406,-0.5300691379190634
5412,0.4787219689735079,-0.08596804723890303
5413,0.13895296502663473,-0.3201001119993928
5414,0.12010503841509904,-0.3003704169065855
5415,-2.1167366573178046,0.11837072262663341
5416,0.6143456237397824,-0.36887317277930587
5417,-0.4601385847840744,-0.35699108801346074
5418,0.06361157710229072,-0.5135423880921709
5419,-0.477046758051569,-0.33822126392676305
5420,-0.6210414436940336,-0.34441963913218854
5421,-0.19120367625732188,-0.31082928319616854
5422,0.5452969408902381,-0.5213717486309897
5423,0.14747340357548253,-0.5318008601581194
5424,-0.1604864555268875,-0.5576813130715189
5425,-0.650990110205643,-0.5493633193507431
5426,0.03161041393408432,-0.5044126796323898
5427,0.1863244400888795,-0.5502119725819871
5428,-0.29465560393515916,-0.5533644398534368
5429,0.20982507294888572,-0.5595385625301831
5430,0.42802405033665825,-0.5813088664773947
5431,-0.16074939789748696,-0.5674865069092161
5432,0.6764495357800507,-0.5204606861657358
5433,0.4864017257041961,-0.5234283236324567
5434,-0.6896511670471193,-0.4873361660858435
5435,-0.043064281536787284,-0.5700304652308227
5436,-0.26974211232452516,-0.5715923090947237
5437,0.38470944513742683,-0.6086348413341608
5438,0.9416092555567209,-0.5244094547024177
5439,-0.6166654733059461,-0.5026372249775223
5440,-0.1881030035663164,-0.5320694557389063
5441,-0.6299053283748939,-0.5113123344360085
5442,0.21459259442854742,-0.5898851860695844
5443,-0.23496353175038306,-0.5524248226241848
5444,0.44515186286291736,-0.5940615257203752
5445,0.3179951524485758,-0.5829683981492187
5446,0.2962238001550735,-0.5812439032834212
5447,-0.5290991563792061,-0.47556113213457224
5448,-0.5344886804355795,-0.5786697093521648
5449,-0.31806341298686486,-0.5091846479848411
5450,-1.5425818814987984,0.00932474549407529
5451,-0.7308395473984809,0.47063672960150205
5452,-0.11455864811791233,-0.32456408233171086
5453,0.309680603674197,-0.48937355574934466
5454,0.23309773336289538,-0.4842425264557146
5455,0.6874887245835521,-0.46765644389872923
5456,-0.08720602064715237,-0.5232722488769295
5457,-0.5445271819405623,-0.4343239928927217
5458,1.6264033011583439,-0.32927373833244217
5459,-0.20445561997632491,-0.3978089412145345
5460,0.19828548129041593,-0.5334655003185192
5461,-0.21994565951404335,-0.603583951972307
5462,0.15587666671496472,-0.5395650261333264
5463,0.334175310662528,-0.5875164542852993
5464,0.07498417283501006,-0.5267146361481072
5465,-0.45408172596116736,-0.2625632492742947
5466,-0.19740351793345487,-0.4651112427336202
5467,-0.6056773399732868,-0.4569405112866367
5468,0.5059951799091794,-0.5527737152351694
5469,0.5120621969522885,-0.5755771566879871
5470,1.1206238223820415,-0.3438431062730193
5471,-0.03660835870470682,-0.338484959132949
5472,0.5575137034144048,-0.3203100043997817
5473,-1.5004899548669706,-0.1435134804392457
5474,0.8478705585830956,-0.48687260491784057
5475,0.19167620307823197,-0.5277606656895576
5476,0.9004721435768032,-0.3670937103397305
5477,0.11833326248366374,-0.36575892970784973
5478,0.6570962118129777,-0.22219804164912033
5479,0.2619280724867576,-0.3136578639750342
5480,-0.34626396185500685,-0.28020496983372595
5481,0.2218277516587114,-0.41540528655951214
5482,0.09436804292195283,-0.3778733990655504
5483,-0.694471973716785,-0.268619982430148
5484,0.2577983896956542,-0.44998251647935394
5485,0.5072342648694728,-0.36492016361000457
5486,-0.14909238847990616,-0.37448800028253054
5487,0.08352588247239008,-0.4906131541499454
5488,-0.3546396978343526,-0.4042947303002879
5489,0.10006657219820489,-0.5261302788234336
5490,-0.24458729971213672,-0.42759678071869517
5491,0.026588893218006206,-0.43153151705225645
5492,0.0667795623706066,-0.509143876395978
5493,0.15450096251743642,-0.4465067898180852
5494,0.02629288994736506,-0.42361720960015353
5495,0.5460626302755298,-0.5003165921401921
5496,-0.9063340700009063,-0.45927266474362866
5497,0.46673476582145057,-0.47530267041083296
5498,1.9379357988680008,0.24758350208401025
5499,0.21770108283181008,0.4027525828110418
5500,-0.7576265340093268,0.17241739289066565
5501,-0.8332710849946214,-0.07031383853175216
5502,1.070862782714492,0.08668058570907837
5503,-1.5930472850102095,0.0015395737604702725
5504,0.035057868731228715,0.510781495402581
5505,-0.60424884141849,-0.2844973960142134
5506,0.4027107686300179,-0.21061663407763062
5507,0.4982701961368787,-0.25597222590297025
5508,0.7020245581361241,-0.343781760343021
5509,0.32422554172081425,-0.30682919458866514
5510,0.03150825716912061,-0.3077551643957707
5511,-0.2450062649674026,-0.32328143784660945
5512,0.9339095651729227,-0.4017328100262909
5513,-0.5125187724952743,-0.3602636420637062
5514,0.03788782086910815,-0.3108274407761456
5515,-0.21748363350568248,-0.4469216042601747
5516,0.6088939465483859,-0.40510876661047657
5517,-0.3812806573180678,-0.24421015148345143
5518,-0.19075586865777622,-0.4280434660154291
5519,-0.47820504632112726,-0.4003116194589925
5520,-0.2812240254128623,-0.4380395597763693
5521,-0.14711371655075958,-0.47038299607960277
5522,-0.12268250485676116,-0.4321302073337654
5523,-0.22563250496524637,-0.518892639860281
5524,0.4260722937467185,-0.42607689390482745
5525,-0.2865691371537286,-0.5342728530728234
5526,-0.09939451479486755,-0.5358601232785595
5527,0.2262960245102356,-0.6084257118608917
5528,-0.41492041160692994,-0.5383013439977158
5529,-0.1722952515044126,-0.4764695243190216
5530,0.5069696634150452,-0.5391721630422043
5531,-1.660443603930718,-0.40923112180047183
5532,-0.4481367854031754,-0.35501181556631695
5533,0.11842095724657135,-0.5433342808005575
5534,-0.40684480192798694,-0.3887233776131307
5535,0.09515079097765086,-0.4299424248375752
5536,0.28127793814896845,-0.5073764650020075
5537,0.04386255425431932,-0.5510459104788342
5538,0.06218810312473844,-0.5228822017881046
5539,-0.4828073502383828,-0.5536067951443471
5540,0.2998349505639699,-0.4663369741896375
5541,-0.11972792831312827,-0.5481854817911582
5542,-0.864267137402485,-0.33638114305539657
5543,0.9293461129433761,-0.47683491441527126
5544,-0.03868355963135447,-0.5374385943211817
5545,0.5660786640271848,-0.489877925833955
5546,-0.6307923944488115,-0.48495232374396247
5547,-0.4717581974569709,-0.4507023891293765
5548,0.06071444801053968,-0.4872691475738636
5549,-0.7260888135264338,-0.3947080864700365
5550,-0.18161730382937238,-0.2890636737839554
5551,-0.608958948156838,-0.26172619576959966
5552,0.8922814520549786,-0.46160007528230235
5553,-0.42311275219635636,-0.4273518632453309
5554,0.4645847885454065,-0.48729927511031457
5555,-0.44234137185075073,-0.449475901342404
5556,0.5263770934696067,-0.5249037556320664
5557,0.10323630019870203,-0.5285738968321363
5558,-0.4058307024380819,-0.5382965684331279
5559,-0.3881402263508238,-0.47972670014976404
5560,1.155759038678009,-0.5756525298299267
5561,-0.09844385279254123,-0.5021715090269532
5562,-0.5954777619986407,-0.4212295283926901
5563,0.18671552367636862,-0.5840517546152488
5564,-0.007064857743612809,-0.487270031178972
5565,-0.0007964326382648591,-0.5336573509498409
5566,-1.1264312748244467,-0.2157349769712675
5567,0.3980255813930393,-0.4742574289831147
5568,-0.2174066874616433,-0.4978030782856774
5569,-0.20095371318584435,-0.5191312264186652
5570,0.5477929631206583,-0.4865011905306385
5571,-0.06316473333750322,-0.5352863849550259
5572,0.49137512712920345,-0.5107101042587093
5573,-0.4490290840552102,-0.43368363642906543
5574,-0.3314783318405061,-0.35977424995972546
5575,0.5562765596692898,-0.5204873676660065
5576,0.5577117543689987,-0.4268732142708198
5577,-0.1258365402027053,-0.44008030078306953
5578,-0.7594527843527277,-0.37716989413891117
5579,-0.5255345666387276,-0.4807333270604518
5580,0.48885066985331976,-0.405984964000667
5581,-0.05514779784485461,-0.5169273884001866
5582,-0.33355760202386225,-0.39338766453436885
5583,0.19003008167672972,-0.4781955575957058
5584,0.38797713593651545,-0.44318669438215735
5585,0.35562278601899694,-0.39297758327798427
5586,0.08544181960378508,-0.47552119854228064
5587,-0.3816434615269939,-0.45112512711976904
5588,0.4237950100826169,-0.49818521407456456
5589,0.3272454846089144,-0.43831434545907794
5590,-0.1066788848712656,-0.35588390560859223
5591,0.5581474793989372,-0.3403042547796577
5592,0.1887540631061497,-0.3220374162655831
5593,-0.5670525291861643,-0.33692807432983074
5594,-0.21207731196076027,-0.3612446421054144
5595,-0.3626643211789637,-0.32939507481705577
5596,-0.7258518507505572,-0.1673730625602269
5597,-1.3334101663895717,-0.09610071253658305
5598,-0.5211822387273293,0.1217523865368871
5599,0.28566466816435376,0.13374409074044719
5600,-0.9898740183894245,-0.03704715642885158
5601,-0.5282340996412193,-0.11170370638587787
5602,-1.2705245635474993,0.5271132378076306
5603,0.7397150104397392,-0.20495618706546903
5604,0.3289468390975712,-0.33059683818283536
5605,-0.9314365702714146,-0.33927797571202245
5606,0.5012691314587209,-0.30686289347307205
5607,0.6720889284506758,-0.3703740076218427
5608,-0.4148332124728284,-0.48898387841426827
5609,0.44353618290889746,-0.5410883449294076
5610,0.7610988524425737,-0.2346956713877449
5611,-0.2887457271926814,-0.4632688541071032
5612,-0.7092966812534123,-0.44976298557261346
5613,0.6627277892048249,-0.5485616708868384
5614,0.5701401733534036,-0.4665776901024564
5615,-0.9133875085671629,-0.44396840227262574
5616,0.46264050572955073,-0.5471098150778707
5617,-1.0135787592256116,-0.3847886095458038
5618,0.7060388214213736,-0.5307523348225842
5619,-0.6345158270644679,-0.4719542524524626
5620,-1.3936399754406812,-0.19380503181348652
5621,-0.291560370018689,-0.1768580031652919
5622,0.39869642447252074,-0.5251065949738946
5623,0.6027803435768169,-0.3630858541210657
5624,0.49332440617985807,-0.5413189133249768
5625,0.2043460455928838,-0.5834556677406972
5626,-0.12838841708770157,-0.5300366143317568
5627,0.1102494175124024,-0.5282470085568105
5628,0.48601091816703174,-0.6112744527030674
5629,0.1639750618063103,-0.5923501392863422
5630,-0.7245767717644851,-0.4940806218731063
5631,-0.23251336372665266,-0.5688837814229485
5632,0.1956637534618095,-0.5486359995691844
5633,0.3479884353052601,-0.5866805268990838
5634,1.2269193734978416,-0.4281210850679269
5635,0.480813212284814,-0.2916992922283571
5636,-0.08100087012583562,-0.4680517853655644
5637,-0.24180065428064357,-0.4976455562352114
5638,-0.6265285509906586,-0.294724723706997
5639,1.5373335013876106,-0.3006120533326305
5640,-0.40997923274655523,-0.34837297179596505
5641,1.597529564194798,-0.19174247341576545
5642,-0.8638613005885603,-0.07369139815269887
5643,-0.3885173090184729,-0.49826014294211646
5644,0.262304229584492,-0.4496386313044222
5645,0.29345625005383663,-0.35220867892064506
5646,-0.6301147693800461,-0.50022333655363
5647,0.6877180236017998,-0.20490142752891055
5648,0.4329969233888769,0.024656445890805373
5649,0.8584839284768894,-0.029350179052750516
5650,-0.8000564476471806,-0.10320090196658842
5651,0.030729344470294087,-0.350879672079306
5652,-0.7158186792317198,-0.2631510384891196
5653,0.009071249961995419,-0.3445128156328306
5654,-0.581198158775405,-0.37418243422975944
5655,-0.16504962523072897,-0.35483349664063885
5656,-1.563840999132387,0.017429672182508182
5657,0.3940387672546046,0.06494116362380926
5658,-0.19583682115988454,-0.34538243105321825
5659,0.2747147453674718,-0.5262774430404014
5660,0.4573044550658862,-0.5574068881449487
5661,-0.3175228700399871,-0.35356572940700076
5662,0.2288074611225785,-0.4941363236627693
5663,0.524522002444372,-0.5344531660412223
5664,-0.15040568099841992,-0.5083376282755192
5665,0.07172245948379537,-0.5795092776336186
5666,0.1035694421905009,-0.4233409696750237
5667,0.1875926421823809,-0.5489712323274379
5668,-0.39234454945365504,-0.5306852763873411
5669,-0.06565088546531503,-0.5253553344181146
5670,0.25415744799522144,-0.3698409211525728
5671,0.41873170968342716,-0.4013841823749748
5672,0.04434876199182046,-0.4083812624966199
5673,0.6610410159747017,-0.48847965166497337
5674,0.027318663663231366,-0.44043771770513657
5675,-0.07368436288839679,-0.47824692110633
5676,-0.14430562375713799,-0.44667898974818576
5677,0.24065255037542727,-0.4830908789252354
5678,-0.3239241190176905,-0.3031859959446083
5679,-0.13855887789597487,-0.5385257447624394
5680,0.23517964280882794,-0.559233538894317
5681,0.517688445621459,-0.4331837293076701
5682,0.13967012121311617,-0.45953028043035105
5683,0.004972562776004649,-0.5446177608800755
5684,-0.12382896953904593,-0.49707931135934746
5685,0.12914292650362288,-0.508084151899762
5686,-0.608498605214451,-0.34000892083033046
5687,0.024380197653888006,-0.48950777264171447
5688,-0.9954768651198814,-0.29256975485502135
5689,0.22170362303979455,-0.45074062540184734
5690,0.462831303797321,-0.4770983782467598
5691,-0.5535665307762989,-0.3759924073180083
5692,-1.8464116741964722,-0.003708039644714653
5693,0.09239302020295184,-0.22511059667672484
5694,-0.6781640879372074,-0.028337489308461708
5695,-1.1384055119672625,0.2409558903391657
5696,0.7231556017633136,-0.021607363969296245
5697,1.1871648484382742,-0.15813662285672203
5698,-0.46623658375458044,-0.37877239306844196
5699,0.16782135400988793,-0.5278568396175212
5700,-0.8171255396769501,-0.3764468161796106
5701,-0.49440986879031934,-0.4232243476964967
5702,-0.0972955077372572,-0.36934216056219926
5703,-0.23711778888269497,-0.456074040942621
5704,-0.08976430237627764,-0.40139850843714475
5705,-0.5869729613522019,-0.00963800745520732
5706,0.06451579991696132,-0.41808086716569537
5707,-0.21590988441211437,-0.3873033643869514
5708,-0.8198544032649885,-0.45988575094090434
5709,0.6401222765308098,-0.18810077341820244
5710,0.5977029390498637,-0.4762484615780568
5711,-0.6074517481790356,-0.38822779542450747
5712,-0.7883268562530151,-0.24470539654715945
5713,-0.7470577001702489,-0.3995643266296058
5714,-1.1377750476791137,0.5586487398306974
5715,0.5786794996764697,-0.1288597782149489
5716,-0.4639053303727896,-0.3530708751075006
5717,0.2379864337831357,-0.35811469678483004
5718,0.46325931722873365,-0.10671959748545826
5719,0.4932211325895487,-0.5006814487782191
5720,-0.6008347673284634,-0.45001108009037477
5721,0.6877591560465494,-0.42174302959328025
5722,0.38879444971633703,-0.33364074176895125
5723,-0.40446516732068993,-0.4558536869409744
5724,0.6647788441325251,-0.5645019102256785
5725,0.4608995716505624,-0.5862123672856637
5726,-0.43219316422206644,-0.47728657945305025
5727,-0.377185233694641,-0.4253030054604287
5728,-0.3953272803482828,-0.5444337795304135
5729,-0.6982067747254904,-0.3877531257433939
5730,0.10396304174943437,-0.5264981870608587
5731,-0.7874122580330019,-0.31575716998074077
5732,-0.0979713627701292,-0.5000207850414026
5733,-0.7869363593420607,0.15283342620782542
5734,1.0069473094989747,-0.28211473221137295
5735,-0.0031151049939923004,-0.3978003949240445
5736,-0.9713483876938466,-0.04743699961848154
5737,-5.118200735510532,5.897569629382502
5738,2.281538683900833,1.1256039437627257
5739,0.7773339037975585,0.15379898175805307
5740,0.12915008845932213,-0.06352328972691204
5741,-0.6896094386566601,-0.18523142458574007
5742,0.9460083352389578,-0.1932751270469437
5743,0.302569157884593,-0.2217703962327625
5744,0.414437941604666,-0.29154410496632305
5745,-0.6218734754318024,-0.33404607803238273
5746,0.19709281116755403,-0.3670024178309627
5747,0.411888678183352,-0.45928522400523875
5748,-0.2684139471075698,-0.40764623938435496
5749,-0.23533672525615443,-0.49462767838895233
5750,-0.45826883954767733,-0.20999144094255795
5751,-0.00775571973557323,-0.43327232277976546
5752,0.27251683284798073,-0.4573913908370461
5753,0.32254397471516394,-0.491909963972412
5754,-0.1437432977736263,-0.378267076137529
5755,0.22827617864615862,-0.32844412418535146
5756,0.15458714804935314,-0.13251872535915687
5757,-0.33268283876328425,-0.4127694665688281
5758,-0.6288160473045253,-0.30967273203936196
5759,-0.621791342604483,-0.14629713344328327
5760,-0.43123453474923307,-0.20868396240314868
5761,-0.2840412305680408,-0.12632109258524307
5762,-0.44395855354825403,-0.011627144157052918
5763,0.7193240136105924,-0.37863927277167375
5764,-1.03825709993444,-0.18012414765929685
5765,-0.41950047703523213,-0.026081719073834123
5766,-0.09902964399188072,-0.19202983628305625
5767,0.7129534358600932,-0.38589453079512
5768,-0.05243378170089094,-0.2197491837858731
5769,-0.14411176016480934,-0.46823340354612886
5770,-0.11851013294348806,-0.3762469645618509
5771,0.3331905654189755,-0.380339166990012
5772,-1.008691732090518,0.17475413316633182
5773,1.7119270321102347,-0.21596551918024484
5774,-0.933303292587247,-0.28540083828776636
5775,1.1213265716173328,-0.4438552494006898
5776,0.04576148686706181,-0.4555300296102421
5777,0.5979742113058197,-0.44967116054415013
5778,-0.23717635012162588,-0.2874392906889129
5779,-0.2813578954465494,-0.42382341064581514
5780,0.06480220139063492,-0.4745591047498313
5781,0.4366209632315393,-0.4507527241961483
5782,-1.8265198681132122,-0.06989805231778928
5783,0.5360738589232708,-0.2709611103227196
5784,1.2809359712940882,-0.4287745476197146
5785,-0.6278402815607587,-0.35266428956319906
5786,-0.3754798001074787,-0.3199264190007509
5787,-0.1812472649664236,-0.17398077565462283
5788,0.47323782872910664,-0.24671570339097776
5789,-1.3917649761156263,-0.15810252945935843
5790,0.41260963635252806,-0.10288039276491573
5791,-0.975823094275963,-0.21052178417949802
5792,1.0430902653807577,-0.353777927327007
5793,-0.3836856715620974,-0.3081277818817084
5794,0.8065584527906914,-0.38598836737693687
5795,0.5409841150978649,-0.5155037379511177
5796,-0.5107205261001881,-0.31833640857728834
5797,-0.6624187572660356,-0.3562641957248742
5798,-0.35480299117447345,-0.44816261881644437
5799,-2.1962034823483614,0.22944845194067365
5800,-1.2991415046710406,2.679578398017518
5801,-1.0012073132892407,0.23459888830280962
5802,0.7190772697747289,-0.006138120972899508
5803,-0.3074516948534942,-0.24026019360435402
5804,0.3071605070340227,-0.18452173294313934
5805,0.33509846457653836,-0.3736588944298502
5806,0.5929905505593436,-0.289774517646883
5807,1.4645323576502114,-0.07990365987268414
5808,-0.09891411392624827,-0.31349297595502157
5809,0.5363106848815227,-0.4910447977413509
5810,-0.1668799460541468,-0.4443086371661512
5811,0.23259951904099918,-0.3937384573960567
5812,-0.3827333509769907,-0.5105369724974205
5813,-0.03519630829161615,-0.47352608002194146
5814,-0.6944964257599395,-0.39224091928743765
5815,-0.0874232407098138,-0.4804699333813922
5816,0.8154449363037278,-0.5622829808174206
5817,-0.7109945513102278,-0.47085331155554994
5818,0.414336433944425,-0.5355440659765693
5819,0.048281440592947276,-0.5407890858713653
5820,-0.7133343877771013,-0.4825289843003112
5821,-0.06109146872713742,-0.4892438528768375
5822,-0.09695004601585067,-0.2858505258560066
5823,-1.0438424822473857,-0.21623555805788197
5824,-1.8221223614832984,-0.07338093230005349
5825,-0.6240602170265868,-0.06769177649767802
5826,0.2057982037940567,0.05144935942846664
5827,-0.676422328488068,0.2615984219429119
5828,0.0814467744099777,-0.3045029201964252
5829,0.38758170047479934,-0.36559265297586574
5830,-0.792052131681143,0.07856999366261093
5831,-0.8797421970630337,1.0064016364346378
5832,1.6844389421799377,-0.28041927850437065
5833,-1.5063536540131475,-0.2537629245942854
5834,0.41980521805461335,0.05015873414178838
5835,-1.1328128564225053,-0.1345844304951604
5836,-0.13711150185090656,1.0703041855052462
5837,-0.8085230139751102,0.045367269439050575
5838,1.0445159382936902,-0.1525242631959509
5839,-0.36443152310465676,-0.23987504399184895
5840,-0.6611206943771081,-0.2614409257469708
5841,-1.2218686391304818,-0.1664532365792863
5842,-0.18787090678429602,-0.050518937476237036
5843,0.752253424288716,-0.05878863131189405
5844,0.26365447863929775,-0.2993600666217731
5845,0.5068303518172302,-0.3587502571364362
5846,-0.4109784921923211,-0.24400239773854904
5847,0.932117714259971,-0.2593509199306869
5848,0.008012982252832796,-0.33058776566068293
5849,0.4929185978492992,-0.49791089174586717
5850,-0.38587572891104077,-0.4183891839487365
5851,-0.11538522481331201,-0.37188759328600857
5852,0.3656490676848998,-0.5292735027290522
5853,-0.8837731258422525,-0.4355000576291166
5854,0.48414314468357816,-0.5301167083038683
5855,0.41940968496451353,-0.5402119326969474
5856,0.6049660175733212,-0.4890690567709825
5857,-0.3793771967409886,-0.4992117401539422
5858,-0.5796785153780136,-0.46223932009851304
5859,0.22872963947540711,-0.536206667844088
5860,-0.03516076961985556,-0.44297693016810924
5861,-0.14085324330145457,-0.36700093831770636
5862,-0.27425165392981915,-0.40681348084588176
5863,0.31062856526465005,-0.39269801019740336
5864,-0.5662785025741807,-0.31304155503503456
5865,0.46368568409951044,-0.4117404808573121
5866,0.03961259353499714,-0.49738539341109245
5867,-0.8494893753285976,-0.44497350982031175
5868,0.16400003869703625,-0.4336352090989512
5869,0.05683393842725886,-0.4494234721571305
5870,0.36898694487593425,-0.33049844377956045
5871,-0.5120087753005516,-0.37082845415409393
5872,-0.6570810973142432,-0.36874819661416847
5873,0.46497956572966836,-0.45149095445615667
5874,-0.4853135166936688,-0.4872906276118331
5875,0.23312739556963769,-0.550856697026968
5876,0.1682251643026932,-0.5036286515264072
5877,0.002680983064257318,-0.4945015320280061
5878,1.371084762958456,-0.4144584195009799
5879,-0.2667093572452146,-0.36052532234816914
5880,0.38101100657483383,-0.45929239533994565
5881,0.9438999979423089,-0.3959169561315373
5882,0.5227800589487585,-0.0008127275419779617
5883,-0.28455920467589735,-0.2421689247331552
5884,-0.12019708217995047,-0.41175247651518615
5885,-0.07772842976856681,-0.4405454311643484
5886,0.997024269961447,-0.19792304321800758
5887,-0.2138311100005478,-0.4182104261828724
5888,0.28779224785343477,-0.4814253828045771
5889,0.336295419648711,-0.456512771657144
5890,-0.05263733815884618,-0.4228037506025966
5891,0.8044080025529204,-0.3134866048878838
5892,-1.0863071970872853,-0.1831224718653242
5893,-0.054528923115355656,-0.4736253194338681
5894,0.43695105869460654,-0.40388150800515976
5895,0.38512653376906597,-0.49447369872853053
5896,-0.6652019157842193,-0.41979612163262653
5897,0.3245200307274431,-0.5309117208922998
5898,0.08345667995489386,-0.4977559541172287
5899,-0.3004187472549348,-0.401209599208367
5900,-0.06945324752667059,-0.5672081005514745
5901,-0.6684159300143433,-0.2992755896715824
5902,0.7065026083911721,-0.6357658554611484
5903,0.09946360085303227,-0.5799276563190525
5904,-0.36802343554012745,-0.5733910922453598
5905,0.2527782425837099,-0.6501835184603625
5906,0.7274063997759584,-0.44559262637380537
5907,0.18972302017196177,-0.5402294447222491
5908,0.015371234086025953,-0.5546050464496695
5909,-0.11438337004941998,-0.5281431130919374
5910,-0.41067810957268397,-0.49700283819543645
5911,0.379233298942957,-0.5990716767655218
5912,0.04047998459994911,-0.5623415067705172
5913,0.3188453011860148,-0.6106509491358258
5914,-0.17091107822814144,-0.31071322011478275
5915,0.32550653194526075,-0.6112398696683548
5916,0.056171520380177406,-0.5005548770964153
5917,-0.05301714578786403,-0.5719440749007907
5918,-0.20406098961991317,-0.5185617825609541
5919,-0.3893157596856246,-0.5596083256237159
5920,-0.10273232006193832,-0.5978335154034918
5921,-0.47122438205131806,-0.5155160339832165
5922,0.5276237816165226,-0.42353216901307966
5923,-0.49704648677126734,-0.37140558477743824
5924,-0.182351030109514,-0.565033282193817
5925,-0.13160854534174388,-0.5548675552505852
5926,-0.5496390545422977,-0.4280536814301397
5927,-0.3849342918181311,-0.4345738951209202
5928,0.3773485367353173,-0.6073519697618571
5929,-0.024890169395547314,-0.5467653301513498
5930,0.23240099343824142,-0.5628599705238616
5931,-0.3743205443507965,-0.4780393974794772
5932,-0.7180862420615979,-0.4044039747999377
5933,-0.37922896093815667,-0.39485058776416004
5934,-0.8681299299558906,-0.3307049757981032
5935,0.8762252032506997,-0.5664432120598039
5936,0.3097164387490529,-0.6084114141047622
5937,-0.12827740287040276,-0.508027836747358
5938,-0.5787810388635687,-0.42848489965158665
5939,0.0954439884262582,-0.451180550901298
5940,0.5902165412785995,-0.5878988349032096
5941,0.22503773805450292,-0.4855045562535738
5942,0.005392175889596057,-0.5314775808324853
5943,0.38335842774440265,-0.6227987789348751
5944,0.631424306716117,-0.5644001570342065
5945,-0.16050523939995778,-0.5254017259071615
5946,0.057862710748309516,-0.43815180379895136
5947,-0.34390536470883104,-0.5666094734847497
5948,-0.13586630520090406,-0.5544288030670682
5949,-0.07095772679259778,-0.567575781468683
5950,-0.7331726282307001,-0.40550529714327876
5951,-0.05518869686223859,-0.5337706616574042
5952,0.04867551598088016,-0.6430317437161508
5953,-0.28924829561143,-0.5724349716700337
5954,-0.04194129002364139,-0.4649911954621517
5955,0.10113981821074002,-0.6131396779990245
5956,-0.2798119778168377,-0.5765919180203793
5957,0.09823000290777725,-0.5665989982065843
5958,-0.4141037084674331,-0.46550437423875524
5959,-0.14425730312043536,-0.42747507188102557
5960,0.1970478293302361,-0.533436718586062
5961,-0.0930725184936859,-0.41308160887734025
5962,-0.5067557110892602,-0.411742451361524
5963,-0.8253594959301537,0.044748938412651665
5964,-0.5995813309209158,-0.31972992026027686
5965,0.22281681541221257,-0.1023529698360974
5966,0.3089449265816795,-0.35593375554802137
5967,-0.11449106787023457,-0.42776642126490866
5968,-0.4331770237000156,-0.3884211197242298
5969,0.5086176340122958,-0.5346775349178933
5970,-0.22423303303321482,-0.4791746748694904
5971,0.651475227639053,-0.49743884395472904
5972,0.38331038850588467,-0.45983329006363294
5973,-0.23075113474266232,-0.5443730389244889
5974,0.17786658211067483,-0.5187837257179988
5975,-0.5318911909291455,-0.3749432190500369
5976,-0.6331328024352425,-0.2739173228178544
5977,0.13555773326533743,-0.519670008546767
5978,0.7940010346491001,-0.5386751755816168
5979,-0.10534845836062533,-0.5089769455240465
5980,0.6254088391753396,-0.5457687592042872
5981,-0.32287451911726534,-0.5139379578121622
5982,0.8158851699985181,-0.4433035541464675
5983,1.0233183636866507,-0.3330470439037362
5984,-0.15083571105174143,-0.37855829605879615
5985,-0.4051563523153158,-0.3839727878556172
5986,-0.3326068105091294,-0.47497015385083646
5987,0.9539469120804516,-0.5112232812093017
5988,-0.11939252943058863,-0.4939941722865321
5989,0.029201671487290984,-0.5012092243842613
5990,1.474660896687677,-0.06941410871470817
5991,0.0362998712059855,-0.22365040680007559
5992,0.4583630142323672,-0.3657827284166286
5993,-0.7287665243313016,-0.31083195013344084
5994,-0.09141102819308225,-0.35754347710167167
5995,0.06631672700065339,-0.5787162274310821
5996,-0.15288133054871555,-0.5211569069530185
5997,0.007578558184083961,-0.4575501300844654
5998,-0.4138269238209725,-0.36821316137565663
5999,-1.0802531862821094,-0.2883574405938334
6000,-1.1975643743674285,-0.20252472213275874
6001,1.5344816346835233,-0.32636998455055793
6002,-0.025162256583333625,-0.38678246031021324
6003,0.4406053246785129,-0.6138264065354669
6004,0.05937528175597611,-0.5380150648764546
6005,0.3456402250114936,-0.5897713915544426
6006,-0.5352947768072751,-0.4508875918174401
6007,0.6402467471906459,-0.5959257523497481
6008,0.441375616580997,-0.5676225268075291
6009,-0.9211641497083517,-0.4829190251986629
6010,0.5664618680237906,-0.5319092675227379
6011,0.26103034762440286,-0.5796980812678576
6012,0.39202105941594045,-0.47681000653041833
6013,0.36814024634889525,-0.6163880597520239
6014,0.8348005566045689,-0.46250315206346876
6015,-0.8867763582051787,-0.4139019125902914
6016,-0.05797469458977091,-0.5118447143698683
6017,0.18270567089030498,-0.625823943882237
6018,1.0522766722247534,-0.4543338460574039
6019,-0.44083545892927123,-0.46470805989982744
6020,-0.1560750278627152,-0.5693339752330868
6021,-0.00199443136330754,-0.5375826416277025
6022,-0.02512487312316935,-0.49027684228413554
6023,-0.5487632930934195,-0.36523424445650293
6024,0.4618940192595316,-0.5102161307367917
6025,-0.4068304526124784,-0.4308200820727578
6026,0.9467219732531788,-0.47431233994155725
6027,-0.6020124598154596,-0.4721641403490393
6028,-0.4801199967149246,-0.4522642191955066
6029,-0.14253791192818546,-0.5287094472531984
6030,-0.4517848540500081,-0.38320591809006627
6031,0.082553775204764,-0.4528137649856923
6032,0.0017280603631528151,-0.5283707798148953
6033,-0.9366137923962229,-0.42300019103716563
6034,-0.9166502315637182,-0.17059689740595196
6035,0.11417440414472535,-0.36109275677359853
6036,0.4120902098095595,-0.5295674625216131
6037,-0.4363047169275894,-0.5271553317542778
6038,0.40055959723147805,-0.5199690065135029
6039,0.0038798292633213504,-0.5743381872492708
6040,0.04325097852550866,-0.5731270609279456
6041,-0.5115085683175399,-0.49705610710511794
6042,0.6320589014580273,-0.5816992062518551
6043,-0.32433971189711397,-0.5685524893394542
6044,-0.7274712563245036,-0.4858268606796631
6045,0.6163690703033381,-0.5669839896001364
6046,-0.2478283869672331,-0.46147094868174654
6047,0.5357154687605681,-0.5358815886257957
6048,0.6538630942971568,-0.17678870992838114
6049,-0.22476814542622495,-0.5109776321023336
6050,0.583953856148555,-0.4771091928283616
6051,-0.27990692894193786,-0.34409747434976257
6052,0.30439974370781014,-0.4817160538562603
6053,-0.3659554344396115,-0.4964142106235496
6054,0.18491430677330428,-0.43686739009076114
6055,0.7714312292304696,-0.45077080457059954
6056,-1.2952159503028906,-0.31439464002667605
6057,-0.44475166238348063,-0.3565104060342882
6058,-1.3335595178171034,-0.06311717746905186
6059,-0.10611560309280718,-0.3722813320608574
6060,-0.2785708678021783,-0.4586070959167911
6061,-0.18386229751274408,-0.46970642881952623
6062,0.43770896540464,-0.2864924998324168
6063,-0.8258469820780154,-0.26039168036196597
6064,-0.20622582090592936,-0.45550288638239367
6065,0.2439645651994097,-0.5381870064061993
6066,-0.039893185287851934,-0.422985408878896
6067,-0.33302121544406516,-0.4244747351584752
6068,-0.6431073065833672,-0.4819570407327563
6069,0.14844015439127559,-0.4750358273535579
6070,-0.003247399250950968,-0.3657638372731302
6071,0.22617178802203008,-0.48341518924283455
6072,0.7370551369951889,-0.40745126762278866
6073,0.012735135496980061,-0.5024682883838864
6074,-0.18932649434243795,-0.41930056576025443
6075,-0.18519055323218744,-0.4786481143676918
6076,0.6397847680334554,-0.22938377437505708
6077,-1.3556231282978344,-0.14552454407593274
6078,0.767852240959994,-0.21461297702859222
6079,1.1374457121399302,-0.2691514285631546
6080,-0.37406299321315833,-0.42000086558813476
6081,-0.3443134915458637,-0.38248853080402284
6082,-0.010277030578288058,-0.36256006092219845
6083,0.3962651496000638,-0.3885626748697205
6084,0.20711186714140162,-0.5049956427979801
6085,0.0457203782139887,-0.5308342932265411
6086,-0.6082059216973088,-0.40659201822901664
6087,-0.4375275028160053,-0.4811144138908739
6088,0.10271197463248825,-0.5389167291097108
6089,0.7564833720145271,-0.5350708110563722
6090,-0.5043613216212022,-0.40397016325163343
6091,0.8810784248985767,-0.502295824838471
6092,-0.6243923937333785,-0.41964767361856375
6093,0.6109588438944311,-0.5509971837233518
6094,0.018753922533546158,-0.5301975199158534
6095,0.679321808247348,-0.4631835361223436
6096,-0.7236087800576346,-0.45351843671025527
6097,-0.27371181062893907,-0.4373535012526178
6098,-0.5532740144066629,-0.43009432788234964
6099,0.4041480313748643,-0.5800195452638147
6100,-0.9247819988065662,-0.40942799017455617
6101,0.999689223160381,-0.5695641234140032
6102,1.6126178927407946,-0.5089750259920778
6103,-0.07793491708808059,-0.4880491173373689
6104,-0.13499544155258666,-0.5288878028216747
6105,0.04308300113571874,-0.5567053364660145
6106,0.797953167714465,-0.3782576768918162
6107,-0.589674859014459,-0.513882872146247
6108,-0.13960243100538672,-0.566627480219484
6109,0.8357117581924925,-0.5442256208428042
6110,0.9292459652293538,-0.2624788114212596
6111,1.220570968920617,-0.31936043471636383
6112,-0.865544375724592,-0.37109698888922205
6113,0.41217142368008175,-0.5557362573819004
6114,0.07985836526942582,-0.3876810191427757
6115,0.4314204195317655,-0.4208883672965778
6116,0.20326975814373519,-0.43677633772642643
6117,-0.3037277581505407,-0.3317851788934315
6118,1.036229398936043,-0.2512946685581214
6119,-0.08158078533764068,-0.0664623040233559
6120,0.46198544503592726,-0.39098796259323365
6121,0.09985207870431718,-0.46230443935041077
6122,-0.052967345591783725,-0.2711802037319596
6123,0.8437989406227234,-0.3160340142088516
6124,-0.038704716422834816,-0.3149156857999876
6125,0.6625402519202047,-0.20471304319259914
6126,-0.5320003608162499,-0.17706174071092548
6127,-0.6951237136674897,-0.14554967642793293
6128,-0.018665754593071328,-0.39166095319118327
6129,-1.171571384047471,-0.15479381370579715
6130,-0.8834676965076408,-0.18603218009596162
6131,0.022154585858222747,-0.4751277864043414
6132,0.2234801605986303,-0.454940353166249
6133,-0.11006472747227786,-0.527435361426206
6134,-0.46730339848319474,-0.528896072861225
6135,-0.1080402947741799,-0.5053234740167417
6136,-0.19548781022399497,-0.4896787148523325
6137,-0.22150746371798477,-0.5355364057511808
6138,0.7010904043666858,-0.5654017670023008
6139,-0.21014158197728264,-0.5734187584595277
6140,0.2962777159929225,-0.5709621763359318
6141,0.39477552590381854,-0.4963007946064671
6142,-0.31731814036634337,-0.48580744070538123
6143,-0.4427316978023648,-0.5315259399776633
6144,0.21060316316205036,-0.5493925004646114
6145,0.5806102440935935,-0.49769550828866277
6146,-0.24122086340236867,-0.4583965882313533
6147,-0.5031104034483984,-0.4150419886231797
6148,0.15023634899509916,-0.5325935919093309
6149,-0.3666545203661486,-0.41338925124226145
6150,-0.5937573506869452,-0.4027007874063049
6151,-0.2445970278450785,-0.43626203547989656
6152,-0.08286775594443353,-0.42980067435157204
6153,0.4758135436166479,-0.5828009703856188
6154,0.04211069755333905,-0.6179256422787899
6155,-0.2645638618554356,-0.5604959109382238
6156,0.8019611152919438,-0.5140607106067185
6157,-0.09413955277650045,-0.5133109363019716
6158,0.3487940392057067,-0.4281536684846131
6159,-0.035773304811617314,-0.5446018369874465
6160,-0.03415684242173884,-0.47788482311448033
6161,0.038514166344408976,-0.5871336262052032
6162,0.14965300953131178,-0.45798798306891864
6163,-0.3647569267822539,-0.5213112960681946
6164,-0.1814373337586821,-0.5683727811267281
6165,0.1266522810192015,-0.5260793552566084
6166,0.22998870554571574,-0.4462218368225759
6167,-0.12599805818333412,-0.46286574285353976
6168,-0.24276409578361643,-0.4807359314982624
6169,0.10873505713533593,-0.5285916223069425
6170,0.3331538212733862,-0.445187028319096
6171,0.24075437212122983,-0.4210546808339959
6172,0.06289419533146481,-0.1480994158973848
6173,-0.5257412629195635,-0.3610718485040691
6174,-0.9066083549701283,-0.1107328917515807
6175,1.7583079976198783,-0.33965221052807654
6176,1.4120873602487085,-0.20838465595471795
6177,0.7067845625663014,0.17408054637462567
6178,-0.626817272886823,-0.022376723375886545
6179,0.8098060933564133,-0.26710235572766217
6180,-0.05102677682405852,-0.36620099017874824
6181,-0.37330431078401793,-0.3195976818880226
6182,-0.38880510385458944,-0.3128270058165658
6183,-0.6564323328167302,-0.2790809243531526
6184,0.20162406001565045,-0.4956033508489238
6185,-1.1128521987886906,-0.302538627551411
6186,0.39081692143064545,-0.4409404679482007
6187,0.612488390652795,-0.482573445999672
6188,-0.6842928973084484,-0.4771966078542674
6189,0.17793472529175267,-0.5710893934461495
6190,-0.8356062284916853,-0.4533917879813205
6191,0.15147186766641488,-0.5163135473237986
6192,0.6160248174838947,-0.4804937672847015
6193,-0.03189227244106395,-0.5540062149200276
6194,0.34576823050548733,-0.5511783312626642
6195,0.6993070441823962,-0.4893718355621356
6196,-0.25034578205710045,-0.5349240009133875
6197,-0.1052411403951139,-0.5158057884167594
6198,-0.8782890284440228,-0.4780860729156832
6199,-1.7230400963798593,-0.0756355212935981
6200,0.7241241571020806,-0.2320052768460641
6201,-0.3310549887883981,-0.4079685621149131
6202,-0.4043398772535282,-0.4238674799632544
6203,-0.01774552825398073,-0.34395601765824346
6204,-0.6880527486539799,-0.46741938228942836
6205,-0.6577920651862308,-0.2577432954154493
6206,1.005072220992375,-0.36882118285101406
6207,0.42799991543145754,-0.556407165628842
6208,0.35481386445512086,-0.5337096031694157
6209,-0.25773481098480766,-0.49723650356162635
6210,0.0019510503661390333,-0.4958427543955617
6211,-0.641674985944029,-0.5525233297709093
6212,-0.3990318030914567,-0.5220303787806975
6213,0.09139112555693663,-0.5932093532249265
6214,-0.030095901979269292,-0.4739709315763776
6215,-0.14468708252250354,-0.467219834776479
6216,-0.18557386896154202,-0.43335452938398045
6217,0.9906355572864245,-0.5457983402310529
6218,0.7888479630484797,-0.28326065763940544
6219,0.1443075872393409,-0.4651536358951301
6220,-0.1671380767442603,-0.4766792917486508
6221,-0.04660942898186109,-0.4654119607176587
6222,0.5469909832376912,-0.3954868068297735
6223,-0.3643810130929635,-0.4941958622536931
6224,-0.4521686083014918,-0.5016347597763247
6225,-0.21169275122656697,-0.5417453405268248
6226,0.8316401760475213,-0.515680711106591
6227,0.015456193187438448,-0.44662867290700947
6228,-0.04866825868043946,-0.5152593208833723
6229,-0.32028774561124773,-0.45037365008898805
6230,0.24785085717404245,-0.5401665930799664
6231,0.08583083670649794,-0.4818213096125339
6232,-0.41812682388001465,-0.5400335887118627
6233,-0.1332456799492233,-0.5513762557881776
6234,0.1592096227290521,-0.4302097663415209
6235,-0.4472323989259505,-0.4901639435890924
6236,0.15250111375175127,-0.5289458190627038
6237,-0.15715621603126165,-0.5446725289610204
6238,-0.09351647117890646,-0.5576678829039939
6239,-0.03361420648585881,-0.5370676046603478
6240,0.3581449061522972,-0.5539946459257666
6241,-0.2758096466506881,-0.5122750779582005
6242,-0.05619534602928953,-0.5260767149914382
6243,-0.09694367954429123,-0.549853640000319
6244,-0.05569076029593382,-0.538580679321271
6245,0.20652701066780668,-0.5879601514687421
6246,0.2655653714675695,-0.47480041097153985
6247,0.32278018054853413,-0.4487804415313924
6248,-0.13956083425357868,-0.5620594271375383
6249,-0.25357963183578835,-0.5154367151630431
6250,-0.06579219464237619,-0.547964125863327
6251,0.02260772008620316,-0.5466097682777351
6252,0.566320132708198,-0.5499948480376692
6253,0.31389520248673586,-0.4727903398743531
6254,0.3437087463821728,-0.4378242980350429
6255,-0.8678519183854333,-0.44773329011946045
6256,0.056677481580546994,-0.5243865833540932
6257,-0.3265228846742016,-0.48519357228743754
6258,0.06961494149100772,-0.5116954910438806
6259,-0.8030073383940074,-0.33200772358026126
6260,-0.543500741872878,-0.38783772546032397
6261,-0.3360716729305115,-0.37119804496797004
6262,0.25859561736777753,-0.4519810958933332
6263,-0.9704843660503413,-0.05661809420301717
6264,-0.20010825346828318,0.8043009931472977
6265,-0.03076379391447634,-0.2950788688778522
6266,-0.340214839835194,-0.4558357587567402
6267,0.08913412458597839,-0.4678295229791093
6268,0.4141545769083572,-0.4099564812047187
6269,-0.7212050549326393,-0.46994124450062064
6270,-0.7998347227858466,0.08073056356955936
6271,0.3275241477291367,-0.35835524331497703
6272,0.3337132501906704,-0.4989233110274904
6273,1.0820995088586411,-0.39440028995713283
6274,0.07881644035243052,-0.43337000344128823
6275,0.7950755557475331,-0.3237396824911236
6276,0.15494114055167407,-0.34411904179344255
6277,-0.36176228196053845,-0.4097244788501058
6278,-0.3220650465332953,-0.43187706247402197
6279,-0.36040401049506127,-0.4227882381019194
6280,0.48063227339411846,-0.6109105213109874
6281,0.3137091629863197,-0.5468041778162898
6282,-0.4887758757816582,-0.3971827600167112
6283,-0.7942338646552672,-0.47215686746736435
6284,-0.28049130139972106,-0.3312704632988736
6285,0.11443056184953948,-0.5706292268003487
6286,0.06723192404942335,-0.558266624834215
6287,0.34376649953361227,-0.609475698050787
6288,-0.25858435667800694,-0.5676507565745594
6289,-0.6227873243354173,-0.5143985950566305
6290,-0.2564133105916622,-0.4736354063467139
6291,-0.02578325044380974,-0.5648124589828097
6292,0.4620574601413048,-0.560522305272746
6293,-0.6600151248466174,-0.5026817741612692
6294,-0.7866398176399504,-0.27178821015472554
6295,-0.08667876720142519,-0.2125839053674854
6296,0.0525333953992221,-0.43036589806024644
6297,-0.46219955632124937,-0.3088019823075503
6298,0.259001156446899,-0.1584496464529072
6299,-0.06892067575341027,-0.45096561992202233
6300,0.7618935265543241,-0.26827442151628866
6301,0.16959414163870715,-0.5108543573990456
6302,-0.2954259170279966,-0.39489790826840493
6303,-0.5299368196852027,-0.49311552293230343
6304,0.3439041144834016,-0.525696973917131
6305,-0.4427115477363746,-0.5136241652881732
6306,-0.30293850612104056,-0.46450897625769405
6307,-0.1382707548044451,-0.45038383330400783
6308,0.3871077357564627,-0.6250956269471196
6309,-0.39631121534671315,-0.44294963107568325
6310,0.12537483060965934,-0.5124944797440533
6311,0.30619623986657457,-0.5124037711930305
6312,0.33411599965821476,-0.5129256324130715
6313,0.15843814869515446,-0.5535308916444956
6314,0.3705970728454051,-0.5261184437092689
6315,-0.3575843772178274,-0.4971133120464615
6316,-0.3243617504736346,-0.5942375518936998
6317,-0.21285822391012896,-0.5369932507292717
6318,0.8016882261965584,-0.6003198915660617
6319,-0.4406329183557441,-0.4580480477687705
6320,0.8276076392014334,-0.40984337172909385
6321,-0.6756119880822362,-0.3434630882700339
6322,0.0389667254081898,-0.5339580060923091
6323,-0.19439558587127356,-0.6247743268940666
6324,0.23834212995982118,-0.5562829455360372
6325,0.1746025233301687,-0.5744066735006614
6326,0.30230025902749225,-0.4353101101925144
6327,-0.015186232809441176,-0.6020747747773586
6328,0.23750774137333924,-0.5609741056623921
6329,0.03764327397142319,-0.5932613272315669
6330,-0.4512066432229949,-0.20223981771070415
6331,-0.5200549985568511,0.046947942620101865
6332,-0.5568534499462939,-0.3706784368966416
6333,-0.054128993573295404,-0.06919817404885183
6334,0.03211210104039874,-0.5070929253525032
6335,0.4131319433226693,-0.47743071099663725
6336,-1.1271202852561528,-0.3871323484582297
6337,0.1278919620060388,-0.5195264876128401
6338,0.41557593265327336,-0.5156496541518153
6339,0.4686783515971496,-0.479962440859191
6340,-0.571614307418224,-0.3802666818447636
6341,0.013178190405132994,-0.5209540096406821
6342,0.25829960545427416,-0.4575229654619762
6343,0.09665661362417056,-0.4561063329747686
6344,-0.21772524988019984,-0.399349733070316
6345,0.17398836380470628,-0.4757161724307323
6346,0.43229088513275277,-0.4845204721712209
6347,-0.09613430014762299,-0.4552859325685618
6348,0.2994852950487787,-0.5224650009695136
6349,0.0911490854264851,-0.4715725401788184
6350,-0.23217028772324486,-0.39840128699678223
6351,-0.7280921099044358,-0.4255785438311757
6352,-0.3303775908379577,-0.2817190213099825
6353,0.09658589072679721,-0.3967034354179874
6354,-0.20551292955695571,-0.38503047127571627
6355,0.43622599367205733,-0.5508825041881534
6356,-0.05584415135786285,-0.558109317825125
6357,0.17824804290741333,-0.553445476510984
6358,0.9416518726743711,-0.43573923959896865
6359,0.9142314907119828,-0.31570598918887577
6360,0.05378390714266741,-0.3397224522943599
6361,0.3356108828974336,-0.21181645911743613
6362,0.4016018940316998,-0.4180196506308273
6363,-0.18195786516390666,-0.4493621681120101
6364,-1.038059552567079,-0.1847759098600506
6365,-2.380248192322403,0.4508356360257475
6366,-0.5007174917437335,-0.10775888134724941
6367,-0.33161089405914923,0.33693675594180966
6368,1.0009897707520325,-0.12705616999804037
6369,0.24352545670500755,-0.22728917030046963
6370,-0.7841453913847557,-0.46594487832009196
6371,1.352536454539762,-0.4397746536308502
6372,-0.2975827766444169,-0.5520759776903468
6373,-0.6323160522294634,-0.4967698104659958
6374,-0.7917201000774315,-0.4148049552122747
6375,-1.6753687796918768,0.5313154904664957
6376,-0.7766755434875527,-0.09408456688567843
6377,-0.9770404004245705,0.13830310303718862
6378,0.5114237667777651,-0.2046129054200692
6379,0.11154274586285297,-0.4041280712610941
6380,-0.37302124580509083,-0.4159890938257711
6381,-0.22929717059947496,-0.423061320741799
6382,-1.61782319954568,-0.03326145998913557
6383,1.5095873062923684,-0.3202422344074445
6384,-0.7466599001978478,-0.36855265601375303
6385,-0.0832782578690672,-0.3971158369955039
6386,-1.5282968827138215,-0.14728976696552498
6387,-1.7202715140796034,3.943468652929305
6388,0.00547441985797646,0.038718189740979805
6389,-0.8273229105646148,-0.07988076907024289
6390,-1.2664165203302802,0.3641547913758193
6391,-1.1229830778760184,1.599711190884161
6392,-3.0380159449932287,1.5660264435437554
6393,-1.1170671639993615,1.0752703956082927
6394,0.4286271330121629,0.6058015095549023
6395,1.4750926280370353,-0.005925621339219575
6396,2.0464128828101056,0.094363691571051
6397,-0.19189670540608628,0.14273913445700664
6398,-1.7289459220352248,0.04915062487263412
6399,0.6703252216771319,-0.17353704955087862
6400,0.8074103096308337,-0.3587863755560194
6401,0.14388027686889202,-0.28489778857017234
6402,0.376372630322129,-0.3130746811945212
6403,0.3977884730861835,-0.18304190054950858
6404,-0.8267553223877246,-0.31291934680583744
6405,-0.27248786876001363,-0.29114632843927
6406,-0.4714680286871485,-0.2583654175041998
6407,0.4844581575131008,-0.21314138500619767
6408,0.774492595658097,-0.3562680560677569
6409,0.44178010816051283,-0.3802703905206668
6410,-0.20196380117502258,-0.4117601772520343
6411,-0.11549714745470277,-0.4685117701593423
6412,0.25069507063665436,-0.4594904888676154
6413,-0.04068017411558957,-0.5006679409851442
6414,-0.15139697600309684,-0.44997387283535834
6415,-0.48989894547552126,-0.40397855873283506
6416,0.8558244927487428,-0.46819780412471007
6417,0.9593969832288429,-0.42715959485646304
6418,-0.23130595278834973,-0.40486034858002096
6419,0.7740495111707714,-0.40117188565610945
6420,0.632703403685915,-0.3832489851274435
6421,0.29481018796405417,-0.38859428882861957
6422,-0.10469904606250423,-0.38508198668904003
6423,-0.04661758555284757,-0.3681615373515
6424,0.6190553832383737,-0.43826001755168603
6425,-0.028461308445287714,-0.3960036708767324
6426,0.15094006128809836,-0.3725850938563494
6427,-0.7216931312486942,-0.30229404319458125
6428,0.7089064471011747,-0.45075708360883726
6429,-0.02783323586600539,-0.4329339767412036
6430,0.6992194331890046,-0.2732848683754003
6431,-0.5697969890951219,-0.3535553474321964
6432,-0.15135131490152123,-0.48387421689067855
6433,0.30541048111278407,-0.42958342117915993
6434,0.2882793059610699,-0.5595751782924415
6435,0.32073329452949356,-0.406872479866905
6436,-0.6713606954331733,-0.3582984885238039
6437,-0.09970260188207258,-0.47333369681740806
6438,0.5305859356548115,-0.45852293002606154
6439,0.04218910748118384,-0.5339649817312058
6440,0.17092305962970886,-0.4370250809923181
6441,-0.06503249127933773,-0.5268024640827585
6442,0.5059532003172286,-0.3584283254107475
6443,-0.04624403074403998,-0.2887710936868886
6444,0.1951216979451665,-0.4914363843529534
6445,-0.33644870154269507,-0.4476965227874363
6446,0.7860274405511516,-0.44157637004552125
6447,-0.03332891847812501,-0.4025591546466697
6448,-0.29628999311077614,-0.4365600247178911
6449,0.2175679221687593,-0.5556422605576437
6450,0.4122544292368573,-0.4643113879668999
6451,0.31034866588801335,-0.39253950849826796
6452,0.1465964236395858,-0.3925678405376935
6453,0.050813595398062156,-0.4017800453406422
6454,0.39302658939626306,-0.31300610817437063
6455,-0.0817066004271909,-0.40167348325657415
6456,-0.23959222274209555,0.8626831188331492
6457,0.08336488987815666,-0.4022635875041828
6458,1.0527789672904286,-0.22321285341190011
6459,-0.18040245394581036,-0.398532697410402
6460,1.0740946055021334,-0.16089760533237724
6461,-0.7226156263675423,-0.2566236175806761
6462,0.6524448702000192,-0.349792720960917
6463,0.4805765910442132,-0.3664047288355256
6464,0.5239198033979933,-0.31468017767325973
6465,0.08106959783622067,-0.184220639076136
6466,0.880162734991945,-0.20623790985387408
6467,-1.2449375510796112,-0.1653199560215528
6468,-0.5535916855575316,-0.16591369664732636
6469,0.979550700892684,-0.3956381907362899
6470,-0.17323213561925727,-0.4537222861238451
6471,0.06277221825207313,-0.3901994091937044
6472,-0.5385496846953846,-0.329556320972386
6473,-0.4911573644799417,-0.3973596288330552
6474,-0.6292702795535409,-0.25495391149656355
6475,-0.21114285986778517,-0.3585295025980236
6476,-0.023556233322221433,-0.4101262583703056
6477,0.9906191692304447,-0.4677683819024359
6478,-0.7611536821400601,-0.4209085041417676
6479,-0.6482206036793015,-0.4029256433366242
6480,0.2960884241682136,-0.45915454976428527
6481,-0.34711949833735595,-0.5447747285138044
6482,0.3396213269823378,-0.5292288868598367
6483,-0.8003046724784593,-0.5376625690247268
6484,0.18307726586711118,-0.5507841068153656
6485,-0.22209384275725463,-0.4478408097876024
6486,0.46011346982721646,-0.5254139105218733
6487,0.06427342207723939,-0.5676663639269692
6488,0.5048261658646594,-0.530745296503132
6489,-0.48129324205137425,-0.5149656077603568
6490,-0.44160577528582573,-0.5449385009219746
6491,-0.051996965533223055,-0.5412560106516804
6492,0.6303336623810918,-0.5688486161105573
6493,-0.25129546923788,-0.5515284715284475
6494,-0.6580228413035836,-0.3883006156471417
6495,0.2306016069624623,-0.5725910621585911
6496,-0.22933219042536718,-0.5646238533967567
6497,0.4234395183085408,-0.5217509834509999
6498,-0.897258812959787,-0.4305197638685558
6499,0.48755768511167047,-0.5165610528920929
6500,-0.03501579042528254,-0.5594245372321144
6501,-0.2668794496541777,-0.5573711408974124
6502,-0.6987487321091065,-0.47143542186532683
6503,0.3187443152686919,-0.35199574551986484
6504,0.7156938994289838,-0.46170951573428415
6505,0.8269851076541409,-0.5385798370111361
6506,-0.11235009484308861,-0.5041639089526884
6507,-0.558036081412902,-0.48513332163019857
6508,-0.0027155294042990556,-0.5604071353426282
6509,0.16351841965321676,-0.5690516745377054
6510,-0.10756650628200133,-0.553133210616171
6511,0.3612418424446053,-0.5716719121950982
6512,0.10863070904716568,-0.5116172067303988
6513,0.3971199499188623,-0.5623886346331697
6514,0.6681678183737054,-0.5450802857182087
6515,-0.026114897969401155,-0.5137811786752036
6516,0.28997555167051303,-0.5227183601056513
6517,0.18011405019395535,-0.49748406845261534
6518,-0.6128450893884305,-0.48516551280598896
6519,-0.012028810017855664,-0.57368002294567
6520,0.22502220406690668,-0.5822601484559484
6521,0.11978902563368765,-0.5482056952216604
6522,0.217120443705522,-0.4706777292778619
6523,0.13066525510203061,-0.567698117764088
6524,0.4366950715037218,-0.5026602691836389
6525,0.01261961129368532,-0.5079784823221577
6526,-0.2541766556601374,-0.4729686226587173
6527,-0.22689633226512015,-0.5203365630727406
6528,0.48689271115645766,-0.5600476863770046
6529,1.3455285388259297,-0.29268008888208863
6530,-0.8588727158741071,-0.4488537962301592
6531,0.24634655415855916,-0.43046899876818623
6532,0.05013338875358389,-0.4725075541902503
6533,-0.20732067017684302,-0.5276801507634075
6534,-0.2241734461402154,-0.4878361296345951
6535,0.1833453898778577,-0.5613750719362692
6536,-0.32195235600198796,-0.5248815572404782
6537,-0.26422259792759284,-0.3757365208640776
6538,0.278996097856579,-0.5581838673884227
6539,0.0826541921414817,-0.5412588795971678
6540,-0.5679807165871317,-0.5333504059270046
6541,0.12452821172630812,-0.5615420762434411
6542,0.46649592519351873,-0.5664284124701944
6543,0.5325734243393726,-0.5164545232551213
6544,-0.33649403730573424,-0.5568778746788198
6545,0.317219252579883,-0.566295685844957
6546,-0.015173832823859102,-0.5687932392348936
6547,0.25758429046125636,-0.5635400853396765
6548,-0.21956910716862624,-0.4750341200524356
6549,-0.14563270963475827,-0.5296899083549722
6550,0.30311287942376947,-0.5752590926027139
6551,0.1420164570676773,-0.5112560014133627
6552,0.7058312401814607,-0.307515913917667
6553,-0.4458736245892194,-0.5107171483800662
6554,0.12346420031596131,-0.47136768455473155
6555,0.06893985991747595,-0.43610911990589935
6556,0.4095434034570769,-0.5237487835328699
6557,-0.2655805867059626,-0.45137581120449294
6558,-0.11405196273785456,-0.5422433702314133
6559,-0.31855713504725525,-0.45874989068976046
6560,0.31027532826151694,-0.5511645590002311
6561,-0.304171237720227,-0.5675873623434413
6562,-0.22629271740283574,-0.5067375625564199
6563,0.17596856044862005,-0.4503174778999214
6564,-0.31934166288583726,-0.490718221278992
6565,0.3567177068705623,-0.6188824463424001
6566,0.184606528437991,-0.4429236774460159
6567,-0.5159623097563689,-0.48558623061951856
6568,-0.23334620493753175,-0.34528172469007756
6569,-0.43627105883299994,-0.508723422548868
6570,0.4701784009246914,-0.5172130310049969
6571,-0.0015306261544834132,-0.5807601041976552
6572,-0.4017723791641668,-0.49574217101819307
6573,-0.3641485366044955,-0.5261091948463276
6574,0.715960941340764,-0.49140026884646026
6575,0.34874978198850193,-0.5397194461233831
6576,-0.5877319500375415,-0.5390230984810616
6577,0.05591922707024276,-0.5276111658109293
6578,0.3833043586077494,-0.5469626309496967
6579,0.38243468277245823,-0.5902722696249135
6580,-0.433499958254094,-0.5214278918497749
6581,0.007609666228142508,-0.5788392906669071
6582,0.40087661981211364,-0.6007908340903417
6583,0.0854676445335942,-0.5774509454699305
6584,-0.32834468711387127,-0.6226179197278995
6585,0.23510705715159871,-0.591641229481922
6586,0.06301141528628099,-0.5261520384967899
6587,0.10234602285729323,-0.6041285925373676
6588,0.19137703077656418,-0.6288549352961302
6589,-0.1869782471232578,-0.6041963342339371
6590,-0.18712060291606739,-0.5704636010212657
6591,0.15593358332484833,-0.6616840697606068
6592,0.23914526713365483,-0.5432375292456516
6593,-0.21233573725119276,-0.6131584763291529
6594,-0.6008354064123785,-0.5054850700963253
6595,-0.06004225392360737,-0.6281899856290641
6596,-0.24914214936973308,-0.5280541685506751
6597,-0.010716514504907558,-0.5898732786163923
6598,-0.6655407234577329,-0.45606677673928303
6599,0.06780479006243782,-0.5042796087591042
6600,-0.09429487388922567,-0.5454990546255574
6601,-0.03111251757298006,-0.5639453918496267
6602,0.0698574388700125,-0.48275596918723246
6603,-0.11304576461616829,-0.5770844615481833
6604,0.5384342787854839,-0.511435465999279
6605,0.24548546084724907,-0.6126041952044121
6606,-0.6162307869603356,-0.5609732140074366
6607,-0.023326728337447762,-0.580072315483236
6608,0.2876569739672129,-0.5898562788382022
6609,-0.3924671310890043,-0.5715181957054409
6610,-0.11839248783581366,-0.538551134615327
6611,-0.04591474997858264,-0.597270513132711
6612,0.28489214787365635,-0.5872844463436481
6613,-0.1182494651243327,-0.5705557033680777
6614,-0.0416504290419159,-0.5573271327372338
6615,0.17478507016599526,-0.6318786389199784
6616,0.4122880245682811,-0.5586063199680179
6617,0.14225364514153815,-0.6367942180849198
6618,-0.4188497226072618,-0.567993417669746
6619,0.41248414166527697,-0.6164269218101782
6620,-0.33053617412406866,-0.580221943556913
6621,-0.2096134897588533,-0.6154696457460792
6622,0.5768396472499339,-0.5363030247316667
6623,0.09446681740848595,-0.5284111649895008
6624,-0.12220613410555588,-0.5497905841717108
6625,-0.3461841627725825,-0.5562069580699122
6626,0.2592129764182586,-0.5551486361824828
6627,-0.2516926599576396,-0.5865607251868522
6628,-0.24464088134753953,-0.5318855820131774
6629,-0.09720547899028145,-0.489234368080249
6630,0.14342780234423028,-0.5792596936949287
6631,-0.13294136642859186,-0.5321482650304622
6632,-0.004767958897176095,-0.5375231786088485
6633,-0.1310211527600934,-0.5957270006349639
6634,-0.4597834930758328,-0.390190473940381
6635,-0.6621746648752292,-0.11868920508405363
6636,0.09313876411127806,-0.44835864989423596
6637,-0.00981833256928514,-0.5226386418206986
6638,-0.41133364590918414,-0.5234602828055182
6639,0.15412104024421494,-0.5611375455790304
6640,0.9841148141439758,-0.4939924918307634
6641,-0.06742573213439673,-0.5850863130765042
6642,0.32021565670803886,-0.5183311264288458
6643,0.4759477208185525,-0.42108762974604774
6644,0.22523645990888572,-0.4836790456051776
6645,0.29006173644158134,-0.4915410722045386
6646,0.4110714973344599,-0.36994990438068387
6647,-0.46280496709240976,-0.43437225005265956
6648,-0.25324941728816813,-0.4862943582181062
6649,0.4937956813101342,-0.5593531840717856
6650,-0.09406921659764111,-0.5429301098220313
6651,0.20254634073666153,-0.5304130150676769
6652,0.8922442821437232,-0.1425353868205996
6653,-1.1280838874842172,-0.024173308751843287
6654,0.2997212827841705,-0.4584386572320597
6655,0.026803823915696294,-0.42336145030454053
6656,0.15405366592427955,-0.5162481009719927
6657,0.2355646559819741,-0.4822791687348332
6658,0.6214379723484071,-0.4555639973413042
6659,-0.15175295721523746,-0.49980565120800635
6660,0.018841702768888524,-0.5806324981082214
6661,-0.1928892521100185,-0.48084948286538176
6662,0.6707738081867346,-0.4331067187129146
6663,-0.10250520813753043,-0.3571043345679624
6664,0.20726909396984575,-0.48381127345072866
6665,0.10979528598898258,-0.5160320925444232
6666,-0.03618055674000837,-0.4256169853007345
6667,0.17001584374230097,-0.5010084024434182
6668,-0.1738098474925912,-0.39773926088551026
6669,-0.5126289035206429,-0.45525651765195546
6670,0.5673287485708302,-0.4476717793941851
6671,0.0018555923052415973,-0.5246844284294039
6672,0.08417246874538964,-0.47321585968255797
6673,0.07537156879912683,-0.5612527753963288
6674,0.11087404235848275,-0.4717016491989497
6675,-0.02889844118951465,-0.48620265961437176
6676,-0.3647107416409871,-0.5072891609966095
6677,0.39443916135183005,-0.6436900256717488
6678,0.021461130464997438,-0.42164288135800937
6679,-0.08019604187276629,-0.4915371222384244
6680,-0.0857914483813276,-0.5641450307243274
6681,-0.432745287853589,-0.572358850094034
6682,0.325206732224188,-0.5180461099019663
6683,0.13469981814798607,-0.5749516817353253
6684,-0.065856478593725,-0.6434217835378045
6685,0.04812889304705934,-0.5078628511533134
6686,-1.18547302223351,-0.3348979186608821
6687,-0.019526889439452993,-0.43596917828093196
6688,-0.26051840426826917,-0.37405417626997367
6689,-0.4285551163953538,-0.44212476876044227
6690,-0.2513807638038196,-0.4681790903269561
6691,0.0036979761789461326,-0.5569041063572907
6692,0.015549363864434241,-0.5364227929687897
6693,0.11691604662145433,-0.5808595000303896
6694,-0.18354329557562557,-0.39842898249905456
6695,0.11430358989333293,-0.43895651342149933
6696,-0.0009119098906325961,-0.4620691304613387
6697,-0.1371980063115677,-0.4765644303383177
6698,-0.4495578849085809,-0.4411156016877443
6699,0.21887024544259873,-0.5293369019246705
6700,-0.4357122447608136,-0.582170301910379
6701,-0.3001429635114082,-0.46516774962716523
6702,0.5351201955598212,-0.5440593373351471
6703,-0.10865795895265373,-0.5634099951595459
6704,-0.5022291220472812,-0.455834898879947
6705,0.046720353288925154,-0.6076715131445197
6706,-0.446571621691177,-0.3985826571955851
6707,0.08227187932251478,-0.42534604446355917
6708,0.2955838531750132,-0.5420198830005035
6709,0.40356488107809146,-0.5955640809678865
6710,-0.06036226037478012,-0.5180651584396526
6711,-0.30061445940876275,-0.4951304080398474
6712,-0.26561932417165035,-0.5228554059814375
6713,-0.3224123972972747,-0.4995984342615209
6714,-0.10586895617062003,-0.45261448575433855
6715,-0.05962305584842919,-0.5487539802238682
6716,-0.2401423268164477,-0.5454948160595635
6717,-0.08202447273794329,-0.5468931143806617
6718,0.001088307829643696,-0.4510203316933871
6719,0.4194749483713245,-0.5351262039350355
6720,0.26747332767183396,-0.5071995458843309
6721,0.46903186085074317,-0.51345960956466
6722,-0.4164738569956466,-0.3774717237565777
6723,-0.22575033909518274,-0.5338548077068711
6724,0.2981013801865751,-0.604995744297384
6725,-0.10301134252074513,-0.4441210369912236
6726,0.050417402455269,-0.48503759374085553
6727,-0.28828752440001987,-0.5283577520877191
6728,0.6361434912881281,-0.4518818458870513
6729,0.6002753773414424,-0.45726338742623773
6730,0.017295246007256584,-0.5450836298938421
6731,0.6206478676794471,-0.4546263824978601
6732,1.391957297391737,-0.20906151193391714
6733,-0.07104764077350402,-0.04984449510414239
6734,1.4984056192599529,-0.1368042723113671
6735,-0.03590412612916002,0.18970317085248417
6736,0.26225150238143596,-0.2759603813087476
6737,-0.13925781462559228,-0.2862370779427933
6738,0.5483125928795646,-0.3626708947304003
6739,0.1495100738002079,-0.3184520215622372
6740,0.7048672799540909,-0.16790602199872107
6741,-0.20954316642813567,-0.28978188636847085
6742,-0.7253429590570788,-0.352878783351861
6743,-0.07635711598020359,-0.2953986740801392
6744,0.9287538048453715,-0.383429812726599
6745,-0.2807537913573351,-0.40671776565445916
6746,-0.520863917134261,-0.10308960688647636
6747,-0.45308230881935446,-0.41008780723631005
6748,-0.4403496457859332,0.042016158302674814
6749,-0.9720904515541301,-0.1228984427205315
6750,1.0832550252480322,-0.3344431355572823
6751,0.3178665625412612,-0.4466472453633887
6752,0.6309955103334349,-0.28240849423997655
6753,-0.5496660035585268,-0.36346572950843536
6754,0.9276622495301594,-0.34214176948705904
6755,0.16594389115938174,-0.4574270701386647
6756,-0.5901561037289863,-0.40225297170523894
6757,-0.15475019424525915,-0.3949696041383416
6758,0.6915189129730698,-0.5282618874005316
6759,0.6023394452278708,-0.1492055356140054
6760,0.18411053297622734,-0.28248032399379713
6761,-0.8405198584832257,-0.2991381020463143
6762,1.6295038897417848,-0.2565130073036112
6763,0.08064727739202368,-0.2540079439957987
6764,-0.235857258078133,-0.4051313638687395
6765,0.03084978371982091,-0.44402586412344314
6766,0.31786481715623016,-0.377963958399393
6767,0.10020725433470448,-0.5337595185415033
6768,-0.3569340120294398,-0.38355087709641583
6769,0.30520380240087036,-0.45090092159331213
6770,0.06732090043400196,-0.44463121026948094
6771,0.2967754431966387,-0.4029835318476858
6772,-0.8001258758961227,-0.3739056210717458
6773,0.2541746672340824,-0.42712432750719537
6774,-0.06091009364827355,-0.42625922417484213
6775,0.7269286315147779,-0.5593924049710447
6776,-0.04492314223219086,-0.5604368375749015
6777,0.11079043564874898,-0.5400122166989666
6778,1.7170029871885442,0.10894180878847738
6779,3.1541377935185886,0.3205175496581001
6780,-1.489849529391747,0.3186181727121647
6781,0.38720932879360814,-0.2634886549800883
6782,0.06594016142714633,-0.06334619843760884
6783,0.8353675257752261,-0.2436459339911491
6784,-0.07857667094836174,0.07253765610819944
6785,0.03935721334345431,-0.31303424986137346
6786,-0.8121152317191911,-0.2719261348338929
6787,0.10051408205302156,-0.2722727039457084
6788,0.9032790392476867,-0.3230524560735278
6789,-0.09702105714637742,-0.3072083756766803
6790,-0.3614247613697344,-0.23349807804061062
6791,1.0447941592183194,-0.08971294018832907
6792,-0.5876929572235123,-0.23658230463072044
6793,-0.27454231344519836,-0.32516435669166566
6794,-0.45754073203233214,-0.3478538801921819
6795,0.3548991247902661,-0.39351952210162633
6796,0.15873046779384167,-0.3706688619601597
6797,-0.2508474075865258,-0.41176491424850725
6798,-0.6728069041255882,-0.25191154457575904
6799,0.02727446558849158,-0.44916211837009906
6800,-0.055076351960107774,-0.4926224879070536
6801,0.022562837817583878,-0.5362525367976716
6802,-0.8359659485122285,-0.2424678941008288
6803,0.04820032319701066,-0.48299002542442976
6804,-0.16480378868709147,-0.4477386663317055
6805,0.16101044454842414,-0.49281801916930273
6806,-0.42516524598956684,-0.43610821993227983
6807,-0.13633137748588256,-0.4782900843668035
6808,0.2968671554863945,-0.48128997229654025
6809,0.07803271285638656,-0.46771525948656095
6810,-0.0696443994830206,-0.48897984622570345
6811,-0.6702860216139153,-0.22562839255208672
6812,-0.14097488510962788,-0.2742144135519451
6813,-0.2555629828370742,-0.422360377775816
6814,-0.7047393704035424,-0.30722216315596246
6815,0.7805292040284109,-0.5011923624958167
6816,0.5115957321560395,-0.4376626987233223
6817,-0.14573937133503875,-0.4833744884374158
6818,-0.42771843460665365,-0.5005409820337308
6819,0.4242183057561242,-0.4235597787445004
6820,-0.9346282430445294,-0.33044544075739973
6821,0.20279315526350655,-0.46176431283867403
6822,-0.06252884798037626,-0.4393908088872775
6823,-0.428405199869658,-0.44569043439238265
6824,0.1783443060323907,-0.5112932252131811
6825,-0.5950104171675085,-0.22065550534228637
6826,0.3040112249293852,-0.3734988380546823
6827,0.35209001135025375,-0.42157724537061353
6828,0.2315592285518228,-0.4184455115515751
6829,0.6154608206499258,-0.3646192794481955
6830,-0.08540682687270262,-0.26317988167769474
6831,-0.3171147261598805,-0.4937812666002556
6832,-0.7995183044134749,-0.3427835841683978
6833,0.36854716785332703,-0.48939367143263046
6834,0.22646143278833955,-0.35074588981101457
6835,1.4890204659890498,0.05525332632595452
6836,0.8590636927393339,0.3729014779589071
6837,-0.4320715545232034,0.17618005083452037
6838,-0.37600437618627147,-0.03756173920521429
6839,0.3518072821126,0.009213229531240721
6840,0.6771549049301288,-0.12554883814121526
6841,0.3890774472578644,0.04232407024806091
6842,0.16063235013356317,-0.1890455017624565
6843,-0.7039508135592509,-0.09502917262598207
6844,-2.377066030881673,0.6521570838832895
6845,0.9170941296001267,-0.14199563857730219
6846,-0.5352428596434269,-0.2349571738794476
6847,-0.8343636620128075,-0.18461806945161485
6848,-0.9653203963341503,-0.07848737465097574
6849,0.12351602947928186,-0.24172746400954248
6850,1.3972546969993642,-0.24078523105089827
6851,-0.19589686091943537,-0.30354261415913947
6852,-0.9505985294932643,0.0478503987371733
6853,0.8041194797219199,-0.4156123068859509
6854,0.5597649158916559,-0.4040508507181872
6855,-0.2994085821783073,-0.37530313338938553
6856,-0.36042243913023686,-0.36628163050262125
6857,-0.4260590887001443,-0.38914561203627335
6858,0.8173012366661991,-0.4368594757699606
6859,-0.36018785707390727,-0.511091133638224
6860,-0.06054451852394847,-0.5567972263779648
6861,-0.14465686298723973,-0.5302116453797032
6862,-0.1767053175099146,-0.5444831809914754
6863,0.5587670863599566,-0.6023414650680392
6864,0.5618132332257577,-0.5691592736099433
6865,1.221067306604658,0.8865697555933127
6866,0.49202439188537045,-0.045998264729368174
6867,1.0506603927188982,-0.1357263597326235
6868,-0.13178311353605657,0.3552235142469593
6869,-0.9867852521806293,-0.05394543933531011
6870,-0.6490231879103058,-0.2420444162920361
6871,0.5356711909818342,-0.3726362673896147
6872,0.3643871448391472,-0.46752883204000556
6873,0.8025958145554924,-0.3823817157634235
6874,-0.4414622070794391,-0.21496079553831668
6875,0.17667872039050556,-0.15403869829970773
6876,-0.10781495492143488,-0.30596558953790504
6877,-0.11864422089849738,-0.5429193685309429
6878,0.9543634620609589,-0.14941364730285803
6879,0.20890782145174533,-0.3315905461364436
6880,-0.7816794831369647,-0.25425270613619255
6881,0.09717971219418722,-0.4109588214394769
6882,-0.08050213672031162,-0.15530174013333614
6883,0.41471883549491706,-0.2889710743182989
6884,0.7336325035093999,-0.3536384303241274
6885,0.23512493671215842,-0.3636030009710663
6886,-0.522814135473849,-0.28895769954440814
6887,-0.5375059965102805,-0.19137585644301383
6888,-0.1241455919773882,-0.34419642897428027
6889,-0.2892211533966999,-0.3929834882225712
6890,-0.20318400948195578,-0.30030251475692
6891,-0.3765365930046518,-0.41755762567409904
6892,-0.12187127658908234,-0.3677265394657149
6893,-0.20059872452889715,-0.37452459955315665
6894,0.6274853632413282,-0.3352539982485987
6895,-0.4052096310496483,-0.4862759879063519
6896,-0.0567895364039829,-0.4340561703696982
6897,0.14297517802201357,-0.528174918904498
6898,0.7325499633815443,-0.47507164358039466
6899,0.12899458124571578,-0.27357711643982113
6900,-0.27916181617871116,-0.30469161587774984
6901,0.22548619134964693,-0.29658314291452337
6902,-0.5737159038389446,-0.3510273631761291
6903,0.14380961677011847,-0.4735004925750034
6904,-0.09045324578438577,-0.4683441980404728
6905,0.0158314111775403,-0.515652136117398
6906,-0.3110622272117157,-0.484478237282451
6907,0.46901876003937054,-0.5575886328419457
6908,-0.43920743172737436,-0.5334040982825979
6909,0.028093627119053582,-0.6011193152524936
6910,0.45052284707645457,-0.4736826893362909
6911,-0.07933428381267364,-0.3893515946349446
6912,-0.034770630450293265,-0.4321241886121569
6913,0.4515361411496765,-0.37701478144261524
6914,0.437591564752018,-0.11856169060729822
6915,-0.24195052661720232,0.012645857919162728
6916,-0.042873589615254316,-0.3674357829034457
6917,-0.07817328040718612,-0.3867964054527719
6918,0.46120686139850864,-0.21242422269152061
6919,-0.36750021364327834,-0.28442583133170757
6920,0.15779093869612745,-0.34333460473838423
6921,-0.24235473073834213,-0.3546312938852059
6922,-0.1992756989758812,-0.4140924884946202
6923,-0.04843904042836245,-0.09637509300072258
6924,-0.5916083951124812,-0.31724693338742566
6925,-0.44367412139328566,-0.16015568345348352
6926,0.05772260719172057,-0.174321031682794
6927,-0.047256313727230125,-0.43274680881037875
6928,-0.05661045018485067,-0.4244665948389326
6929,0.3152878165000715,-0.44304488047882656
6930,-0.3589542725897746,-0.4643484538573141
6931,-0.34756143838151193,-0.3391865598814222
6932,-0.282020848811862,-0.39964256402406195
6933,0.24521810098312524,-0.49019947313964013
6934,0.2595280296189354,-0.22626767570963718
6935,-0.4310032959972572,-0.3350605420820896
6936,2.3430145581023205,0.8139649864070744
6937,-0.47529504222007674,-0.17644245775837414
6938,-0.2628506871240032,-0.3062780438797657
6939,0.5581975084173322,-0.27704176957125054
6940,-0.6295129452034754,0.14565922722095975
6941,-0.21139979193730024,-0.40389402165678195
6942,0.9441660698378088,-0.39937139826718443
6943,1.031424184008406,-0.06599917150824612
6944,-0.4148225310922316,0.26197791740065174
6945,-0.5075459812531747,-0.25663405742862316
6946,-0.6553808975379163,-0.21755538278539294
6947,0.2762365857195682,-0.33225526460679083
6948,0.08442052629951072,-0.19592232798340398
6949,0.17274682409882533,-0.315400416707761
6950,-0.8350098847163749,-0.22445369167864537
6951,0.5702952353002245,-0.40200210565643446
6952,-0.4538456186633046,-0.45000333780921203
6953,-0.18712197614839168,-0.34818180297403817
6954,-0.06655739305687977,-0.32188477560194706
6955,0.4383960612064269,-0.5370641677108489
6956,-1.3389905935025344,-0.1655840734834393
6957,-1.0907463338728143,0.0014086310223456605
6958,-0.7826384960282858,0.02407493421263311
6959,-0.15821675243871125,-0.14985143596675987
6960,0.6621338087953411,-0.3956393092111252
6961,-0.413064581874473,-0.44192118026101296
6962,-0.05264238668167271,-0.29197961960185875
6963,0.15968552390475454,-0.48551304941682893
6964,-0.3814457527453146,-0.4405115026203688
6965,-0.06839129478318949,-0.487637828287448
6966,0.1526173698382117,0.01983689887836522
6967,0.24968096064134845,-0.48095953342730585
6968,0.14028067005145434,-0.5243315810984104
6969,-0.264041347929446,-0.47716397831699564
6970,1.033006117382217,-0.5312130073277014
6971,-1.2011006169017282,-0.4300716860281092
6972,-0.9466596995786334,-0.046085151334130964
6973,-0.9572142133832128,-0.22193626951198114
6974,0.4999952379080748,0.0664930221955924
6975,-1.2084793593336274,-0.12052810065721689
6976,0.08051063214489543,-0.3527467258286801
6977,0.3305265635400922,-0.4850396207148015
6978,0.23227776599821937,-0.4440292848779324
6979,0.4419938122085972,-0.5048831732861684
6980,0.23528286087982442,-0.462971610642354
6981,-0.09482440646832925,-0.5374327474806215
6982,-0.14125666059351144,-0.2748631976142649
6983,-0.3824443593814317,-0.4236656427131506
6984,0.48834862210723184,-0.41448452033933547
6985,0.07616015293510706,-0.5130211925002042
6986,-0.43265382511986883,-0.5185348045831799
6987,-0.3875246935056826,-0.5082736516887494
6988,0.22814198017006426,0.043709977709210576
6989,0.2307177085827712,-0.4042533498639742
6990,0.21289851830602513,-0.5200410361574404
6991,-0.34987233579919513,-0.4100953277724316
6992,-0.396814990270495,-0.4683711395654078
6993,-0.07224558665012315,-0.36337356019768674
6994,-0.20078738786620998,-0.4978191455310725
6995,-1.2316045851644533,-0.07401776507873713
6996,0.7439405533680881,-0.4281772551164293
6997,-0.6225186190957185,-0.38146631539492915
6998,-0.37483411040146164,-0.4589338667682119
6999,-0.07717087694887423,-0.3454815381075479
7000,-0.4454910658717585,-0.33214366653724003
7001,0.6428169939889479,-0.4843455963808492
7002,-0.3303411120460153,-0.38894582038249503
7003,0.6851142173097357,-0.5255912570715491
7004,-0.6289070346144019,-0.49820167433527457
7005,0.37750326633507364,-0.5819418615846536
7006,-0.1496176213709035,-0.5188314442876647
7007,0.017676703763776273,-0.42896554340529136
7008,0.5742119431691722,-0.48405760479168874
7009,-0.3298324583326238,-0.5240693353407367
7010,-0.10266542674014142,-0.5435007635649037
7011,-0.6251981058264634,-0.43979157365900257
7012,-0.35573875996556653,-0.12375971814635664
7013,-0.1571507375925563,-0.4011503662940931
7014,0.2694988949982918,-0.0842727379628678
7015,-0.1598122979570413,0.06369388645133738
7016,0.10626957545012455,-0.22927825172887079
7017,0.07200946824454235,-0.5020704723243838
7018,-0.2604807900143652,-0.5075431465925854
7019,-0.0039607620247496455,-0.5084106802649337
7020,0.24250282410103452,-0.5092784526317224
7021,-0.21803935472722838,-0.5261254010380304
7022,-0.5624912960988875,-0.44088179693003815
7023,-0.3111447188012713,-0.3000990031973959
7024,-0.08506463203192842,-0.48984132768808364
7025,0.1577196997243402,-0.41212218239984383
7026,-0.29892494651785534,-0.47207832371198183
7027,-1.0701088056010288,-0.1099367614032671
7028,0.35251885936521804,-0.36573693895442905
7029,-0.5785951953268546,-0.43746325722009616
7030,-0.14397425777563605,-0.3606132484060538
7031,0.4614594203819738,-0.43340102072854525
7032,1.3131806528815717,-0.14678580160475502
7033,-0.9766046387257832,-0.37808171211521713
7034,0.300244491312781,-0.3551823828021958
7035,-0.5636389988663534,-0.3663858328384275
7036,0.91613047010889,-0.3112762946889358
7037,-0.18928138442453651,-0.46114681955749875
7038,1.1435064689539947,-0.3250321833182408
7039,-0.10168430715525933,-0.39273876312552897
7040,0.2512579808752957,-0.41078596112387034
7041,0.01979366115384995,-0.4253986554648019
7042,-0.1696849192309419,-0.43216938920585785
7043,-1.4104134517056754,-0.17229569361099162
7044,0.4060827831623502,-0.4892421267699856
7045,-1.4820765294695537,0.1444980034078268
7046,0.9578226407272283,-0.31478590890921526
7047,1.232876975327306,-0.36093483736341486
7048,-0.17712586626666596,-0.47801013094417655
7049,0.19430942709803428,-0.5174532337509298
7050,0.38646440433890833,-0.4842745616496649
7051,0.7320797222716855,-0.42375848761442564
7052,0.46988227857229764,-0.397741433334601
7053,-0.1641648522334866,-0.4319366205297452
7054,-0.8829930703966262,-0.36716918238428636
7055,-0.939277583829412,-0.2726709564667894
7056,-0.672332146174277,-0.4550690674342117
7057,0.14065202132719343,-0.43368680550372335
7058,0.36366781958986566,-0.34764396535591013
7059,0.006819441532997244,-0.5424031969968637
7060,-0.9366189716000509,-0.47625817560067485
7061,-2.215750756337272,0.5642650697687496
7062,-0.65315574791923,-0.19619380460803007
7063,0.9576438201742158,-0.3543166302905663
7064,-2.613630572261482,0.39799968777080486
7065,-0.4215128067468766,0.7665597690341871
7066,0.38423501549222494,-0.026264360332176495
7067,1.017305181220901,-0.17673044699806617
7068,-0.9108538523859576,-0.36605583337083186
7069,-0.8316957673843026,-0.4792309311282333
7070,0.8049239210154947,-0.480825618916403
7071,-0.8639694520435593,-0.4298198232713236
7072,-0.24854179114691352,-0.4079158036103985
7073,0.27371936900459704,-0.4414378616810944
7074,-0.21035860109792484,-0.35641285045061843
7075,1.0212619371741374,-0.5459471923735947
7076,-0.045481189396984194,-0.5185621233606509
7077,-1.0653328577035253,-0.4071902388568723
7078,-4.810878695299258,3.524247149715131
7079,-1.9362757396010715,1.3679936066932765
7080,-0.04581340122023381,2.7353562737535206
7081,-0.20755833106062868,0.5750569005478594
7082,-3.302451802957218,2.0597747409509504
7083,1.0704189251501288,0.6632281736727025
7084,0.7494444077687983,1.2777543698515679
7085,0.3903047664858633,0.10418556828200175
7086,-0.6997558365385116,0.1013042757789145
7087,0.2554838417145399,0.14634234442966726
7088,-1.8471430624974687,0.451826418861621
7089,1.5879365387452042,-0.1594492962952414
7090,1.122270427786665,0.183978998391918
7091,0.5226579612028729,-0.0558073274379727
7092,0.3300875314201127,-0.18977312623872508
7093,0.6589181133502673,0.14155714540183545
7094,-1.2352013436288356,-0.1238538833074132
7095,0.3430063203820074,-0.32309189539184935
7096,1.1245297600809936,-0.3646484238237406
7097,-0.3473832285075928,-0.4119785533629233
7098,-0.28929957523876765,-0.3211472061505355
7099,0.015816470763356266,-0.3689706614859606
7100,-0.16728123619157467,-0.3964107812801332
7101,-0.42445771657518744,-0.3309739055819247
7102,0.007752616861049352,-0.39996052573105745
7103,-0.946410970268315,-0.26428070079370364
7104,0.7463447717041238,-0.4299146937761418
7105,2.2505036897098956,-0.16018866500285484
7106,-0.712807435475712,-0.16986769784154937
7107,0.9400121763960956,-0.20384792339476246
7108,-0.06799615514494771,-0.12768624288272493
7109,0.3779562079695254,-0.18866209308912885
7110,1.8090404797314001,0.08068792905470433
7111,-0.7737836672423031,-0.11478599427391335
7112,-0.8637167435690659,-0.16975661956832824
7113,-0.3525779020953546,-0.278330489508166
7114,-0.1395640474554064,-0.08752294361092051
7115,-0.20745216805249192,-0.16044551919378336
7116,-0.2599239611236848,-0.3313376262368408
7117,0.43250636732565945,-0.3256275169324498
7118,-0.293551835354562,0.13974222447065893
7119,-0.28022481479289824,-0.3936898663416435
7120,0.5138864609065092,-0.3253992250077857
7121,0.5681049876601153,-0.41608914134461195
7122,-0.18152109164783004,-0.23238841187888376
7123,-0.5281299502664348,-0.39120687473980864
7124,0.6253294150228262,-0.4572949483344561
7125,0.515808459472313,-0.40351083564513507
7126,0.26206026757235606,-0.20811004510204226
7127,-0.3400259514469839,-0.31239729930255455
7128,-0.7688082367426448,-0.3522583900565549
7129,-0.1867867415502956,-0.4481796359470893
7130,-0.1098416329752036,-0.4025582619643295
7131,0.09730888259189212,-0.407804969132442
7132,1.2771251234418497,-0.24272013054960345
7133,-1.395034989332921,-0.2176896830554183
7134,-0.7216428062901964,0.2380662736149265
7135,-1.0137936289422604,-0.049275883973743696
7136,1.4670140992892464,-0.34088181369525017
7137,0.7053872324292346,-0.4159008364415137
7138,1.3261729742987418,-0.19647879179294733
7139,0.47215022770631665,-0.13475500907838645
7140,0.12042769896857353,-0.2544387825746669
7141,-0.7006539336284038,-0.2917689449174265
7142,1.4499719082066886,-0.18732845284754293
7143,-0.49822190365742125,-0.15083383089825947
7144,-0.6623490535587875,-0.33077887241628723
7145,0.6215966391355378,-0.3431168308206609
7146,-1.158920513571865,-0.34960565519480136
7147,-0.8106030695713129,-0.27004976539993003
7148,0.15305280579003083,-0.4368987869627587
7149,0.7729943922854636,-0.4791441823830179
7150,-1.2426185342373233,-0.3048047220009229
7151,-0.37717667488319945,-0.33111204809808686
7152,-0.7389564861812447,-0.19416564011830542
7153,0.9822713440372609,-0.3597783752107452
7154,0.2881869914992401,-0.4003097600725478
7155,-0.7340553203735021,-0.3923578244545267
7156,0.012509704873076595,-0.4786447446977915
7157,0.19333595764001574,-0.397872987779462
7158,0.7661655414990416,-0.5143432138798022
7159,0.01659677738461863,-0.5082638154524268
7160,1.0318747052015471,-0.4699891299494981
7161,-0.28724703632351895,-0.41429376036319404
7162,-0.2289499976844079,-0.4832735793409359
7163,0.5200947680131318,-0.5254179829743281
7164,0.16694548867644338,-0.5451311182343711
7165,-0.05818899203706288,-0.4802226268927082
7166,0.24038452585088743,-0.4820648601954521
7167,-0.28014851070917385,-0.603909919989508
7168,-0.08469666537976542,-0.5900875891074591
7169,0.5081020469927617,-0.5621500363844376
7170,0.04168997342412891,-0.4407609342798439
7171,0.4231658184299981,-0.5761306888912338
7172,0.3679672574608739,-0.44790299925327554
7173,0.1655752255555065,-0.4803507915325317
7174,-0.5282789248485827,-0.418758687937114
7175,-0.3984766570915691,-0.16565688378765592
7176,0.3647329640882422,-0.34675814978512176
7177,-0.4083473086454734,-0.3573485555994167
7178,-0.9897299045296568,-0.3574862225540063
7179,0.13754064070903577,-0.4418421418937772
7180,0.012800031033464573,-0.42971820899435076
7181,-0.42874285065939555,-0.5282658658455612
7182,0.11360233436512933,-0.5667208663905482
7183,-0.23342552597218766,-0.5451215936107617
7184,-0.3084093992794655,-0.41102650149110637
7185,0.2566703297752077,-0.591195838504088
7186,-0.07080797621664908,-0.47671097953346175
7187,0.3365399580884108,-0.5312228870527655
7188,-0.05822529281006794,-0.5658807312048709
7189,-0.29203474769655097,-0.5464845977947992
7190,0.16791203050034148,-0.42954659254105354
7191,0.19601395777953812,-0.36855394448904505
7192,0.01287255406460044,-0.4489920233434742
7193,-0.039724669572592804,-0.5815737035026163
7194,-0.3583726046821001,-0.5566903349838597
7195,0.07731054492963141,-0.5774067729770685
7196,0.22046077742658365,-0.6371000306349152
7197,-0.09419789676031101,-0.5941236001364605
7198,-0.2974122570946185,-0.46469443859542814
7199,-0.3667582248753766,-0.3459793311169452
7200,0.1692717159014065,-0.43270791153020344
7201,-0.23396314882933764,-0.5281553765464015
7202,-0.5865406763040002,-0.37534368708443633
7203,0.1950216650291068,-0.3701130094661721
7204,0.6053504569687947,-0.6206318420261628
7205,-0.24038827333293533,-0.5626743357851965
7206,-0.6770480031306646,-0.500974538854568
7207,0.38622998633240785,-0.5232807252947498
7208,0.18570009082284414,-0.5622881357596227
7209,0.002434436207193122,-0.6135942722115887
7210,-0.31397099885005764,-0.3855513145200127
7211,-0.1794726842739087,-0.5445635892422566
7212,-0.10378663713166533,-0.6423408863714624
7213,-0.40055526381675116,-0.4986973044343198
7214,0.3835106762244669,-0.5578049108332752
7215,0.08393435432624276,-0.5560202068688462
7216,0.09409605578865722,-0.5329391387796674
7217,-0.053410223106038046,-0.6281578584418614
7218,-0.01787050585686168,-0.6142704899874709
7219,0.11611129903978819,-0.5698759956767007
7220,-0.23060437279750165,-0.5994843991284459
7221,0.3904257939353356,-0.6354355847338943
7222,-0.4610290781982973,-0.5593694211519766
7223,-0.27333799113648977,-0.6001668647690342
7224,-0.18842576302130434,-0.4897446654507105
7225,0.7582501912279948,-0.5913440007684501
7226,0.03196023463140404,-0.5699130227810478
7227,-0.27425052453849974,-0.5182370235469622
7228,-0.19058826114133942,-0.5111650436804822
7229,0.22434952691625482,-0.5464536368186688
7230,0.013970080184439534,-0.5063207441854676
7231,-0.10649641085503171,-0.48833625467729597
7232,-0.4507767751311484,-0.3780927382530429
7233,-0.00595250184701893,-0.5085848311632721
7234,-0.10823354693889864,-0.579167968660495
7235,-0.14820778291595293,-0.46335266629025856
7236,-0.7274387842703806,-0.08515907893647406
7237,0.4026288535448781,-0.319648510449479
7238,-0.21393713267866418,-0.3901283795820456
7239,-0.5407381483382137,-0.35767707610140437
7240,-0.4217699155255368,-0.40791824448354375
7241,-0.6499719697207024,0.1069233322897379
7242,0.7259901176401286,-0.49298107803394137
7243,0.4685482599043554,-0.5139489098425227
7244,-0.6379662356050423,-0.5063137490601758
7245,0.4005077240248115,-0.5861592400310275
7246,0.749604819015847,-0.5268363862226532
7247,-1.3370063637121412,-0.4606379692313212
7248,-0.5730050211308517,-0.37609705239892066
7249,1.3031286526470773,-0.4826327517382858
7250,0.25448367952566525,-0.5124718031888034
7251,-0.10313145228909204,-0.5622839968395866
7252,0.1407924291328361,-0.586105714482209
7253,-1.0287425856414123,-0.5220016636267255
7254,-1.047140234169418,-0.3658565421740476
7255,0.8786798544177615,-0.5419938675393913
7256,0.649788694555037,-0.5382407082513028
7257,-0.015266027428614793,-0.5799456964860948
7258,0.33970738348500895,-0.5254075780815324
7259,0.7106132753634313,-0.5352013961972931
7260,0.06732906738545158,-0.5203692529818872
7261,0.4390854903664426,-0.49959264342619236
7262,0.27511213571265075,-0.5525940560985785
7263,-0.008535782179554379,-0.5351514281984515
7264,-0.599210641264317,-0.5147324210925267
7265,0.41339509734064966,-0.5915274317685287
7266,0.12273872937595881,-0.5828167522983191
7267,-0.09956915634217081,-0.5919052899125641
7268,0.3657872524630525,-0.5858245087699758
7269,-0.27420814869239973,-0.566482568840818
7270,0.07220107984018062,-0.5353411197416195
7271,-0.03257805509231741,-0.49554596669832707
7272,0.13684900559684524,-0.6070525261757146
7273,0.44408383701672255,-0.5418032509133446
7274,-0.1552002730714358,-0.5403526502815315
7275,-0.5051069095233002,-0.46982135324270086
7276,0.08034965232992966,-0.5701801214127046
7277,-0.15643544479404112,-0.6261450233727639
7278,0.6742649045551009,-0.5987442777132888
7279,0.07125198922975177,-0.6285621100812597
7280,-0.2262005182673129,-0.5806523170154865
7281,-0.1967029459878839,-0.6065187094813841
7282,0.19358155279628655,-0.606212585301494
7283,0.14517146191265154,-0.5567142241456156
7284,0.03811204735741075,-0.644961648652963
7285,-0.22611344603873668,-0.6282304282715007
7286,0.25585024446688365,-0.6538601693318815
7287,0.027683479313893013,-0.5770470402448418
7288,0.11803197042327712,-0.5371648569394026
7289,0.15494265069727817,-0.5398881138942585
7290,-0.28289496952478144,-0.6053299068655481
7291,0.1334220963156302,-0.29320961126906014
7292,0.5689250334246296,-0.4608045897448466
7293,0.593499856447549,-0.23051969050270693
7294,-0.7774102548755367,-0.4242746016516441
7295,-0.5849873544245469,-0.49497556477179655
7296,0.07785385525967065,-0.50751409111853
7297,-0.29236492175045325,-0.5679814710496409
7298,-0.07841700610120603,-0.4490470002956433
7299,-0.4202665359139767,-0.5419716103838081
7300,0.04090106763705973,-0.5505236696591039
7301,0.13548016503758126,-0.6148250282773533
7302,-0.5543775097564891,-0.5429635918624338
7303,-0.04915539689392644,-0.5448037186961247
7304,-0.013120259938582502,-0.5956600341525266
7305,-0.03269726764139381,-0.6330697491910424
7306,-0.6670468681266969,-0.4162577922372363
7307,-0.10130752167346645,-0.4375860246897087
7308,0.08396919855980031,-0.4947072499325111
7309,-0.28934594439896266,-0.5609703425570497
7310,0.8998902486759437,-0.5302615730507501
7311,-0.3479662515529045,-0.540880375855104
7312,0.40642373426523637,-0.5812313275690302
7313,0.09238288300252988,-0.551159428555994
7314,-0.015418941000088669,-0.5873379577344074
7315,-0.42036499116502607,-0.5927295350256473
7316,-0.056992948681705985,-0.5636539014791335
7317,0.22000618812470876,-0.5026922302409613
7318,0.3635921327837425,-0.5653910735523899
7319,-0.33015751502326096,-0.5421539116212966
7320,0.2376252778502443,-0.5709790100723309
7321,0.730107616339468,-0.5506882319189041
7322,0.1911525220386197,-0.396722827462345
7323,0.07176642760224243,-0.5149573989882015
7324,0.1775759226254909,-0.4269933984088572
7325,0.16604188160445432,-0.3888605104456043
7326,-0.3936044026580259,-0.24907836898218078
7327,-0.2285155502990864,-0.41500615122662565
7328,0.4374183707056182,-0.4547974719426345
7329,0.8823698921528088,0.09213804209353706
7330,-0.24864891825587707,-0.17065829724290738
7331,0.12335677830265873,-0.41353502638514067
7332,-0.34577541001972195,-0.38003262005075256
7333,-0.34472289354665464,-0.3144115831878653
7334,-0.1318297285851194,-0.44693070870361123
7335,-0.1849424977182345,-0.4493667340010925
7336,0.4062096725658301,-0.49085747895129184
7337,-0.02000193279493829,-0.4888608975436614
7338,-0.4007845359031052,-0.4572583375296865
7339,0.2525069858142786,-0.5360768816434142
7340,0.5475769439789602,-0.4818876511515068
7341,-0.1763065595081826,-0.520029938928707
7342,-0.3991051328067349,-0.5317205031251966
7343,-0.2010011615216181,-0.45286641759385743
7344,0.05445695860618636,-0.5949988809024529
7345,0.09414120290456303,-0.5633683837234128
7346,0.2604295633161435,-0.4881572425862125
7347,-0.23877223405600656,-0.5803827981580205
7348,-1.0554404081454785,-0.4190115533558629
7349,0.4308042187011265,-0.569183377436357
7350,-0.7259156746502721,-0.4794367875099982
7351,-0.6386554855463557,-0.39672425246365384
7352,-1.0209301642253952,-0.17157836051105307
7353,0.28645427824056474,-0.43012211369821707
7354,-0.5040754686267614,-0.39135847114234046
7355,1.0110498307242555,-0.5331372048011325
7356,-0.35690427790732154,-0.5221697355796264
7357,0.5391314013431842,-0.6309837594805898
7358,1.1218974590533837,-0.44567294896586096
7359,0.15850831814532332,-0.3996886838348539
7360,0.068691208430243,-0.5050055213637504
7361,0.11085159002295886,-0.5198728649596124
7362,-0.11246191086734336,-0.5287184878861851
7363,0.40505176406141,-0.5339821075887987
7364,0.5609739116573116,-0.5686621174101439
7365,-0.11604883948464967,-0.5280925259509893
7366,-0.2810374559038356,-0.4082110955681855
7367,-0.14320926416332697,-0.39996274883713373
7368,0.07935308313987458,-0.5467969189039545
7369,-0.2359733792724642,-0.500304031085985
7370,-1.1000867784544113,-0.24283469441069605
7371,0.0052111400330830445,-0.5157974873865541
7372,1.553652992045597,-0.10293839463851125
7373,1.0670888593175127,0.10713179110036829
7374,0.5490729278328286,0.0807672875129709
7375,-0.47587570213583064,-0.20218220250869834
7376,0.08582225249830533,-0.48247077435559993
7377,-0.10694255470129574,-0.48133522559252684
7378,0.144744910541885,-0.5123896065916332
7379,0.22288119940381024,-0.48556239484661634
7380,-0.16659636664484573,-0.5501485796306071
7381,-0.11911723608424962,-0.5246161954796774
7382,0.45100044840838177,-0.5195354632653598
7383,0.4647940276774607,-0.24319410980594447
7384,0.16495149454488572,-0.4765159061868314
7385,0.07311697283346186,-0.38764204784999073
7386,-0.15925053641178116,-0.426812831773257
7387,1.0236877516341687,-0.3995586320132343
7388,-0.2435417048487274,-0.2390459080032385
7389,0.07974268276383613,-0.4250676258172264
7390,0.03288462059150827,-0.512770898804768
7391,0.04251260228805936,-0.4184611374215005
7392,0.028310823766205556,-0.42745319043971264
7393,-0.2555148072882884,-0.48443917106932866
7394,0.563918475677213,-0.33362100835474356
7395,0.21144230828591873,-0.42328767782045634
7396,0.7026604988015872,-0.3108585059978629
7397,-0.1692561368523303,-0.4443170028730085
7398,-0.0819842722162749,-0.42881082165940954
7399,-0.47611706793643205,-0.445775934252026
7400,0.45424128393564245,-0.5228618972846927
7401,0.15886777410209169,-0.42955993697949546
7402,-0.41248438220450906,-0.44218553433402974
7403,-0.06075465008866896,-0.4565656323356884
7404,0.07687518970726379,-0.47897209224254317
7405,-0.16084048042187077,-0.45955786696597595
7406,0.4481617282699718,-0.4964454059712716
7407,-0.18817064820739013,-0.5395618988513936
7408,-0.5365132445035827,-0.5059449595408195
7409,-0.2088716428934588,-0.3994661838865538
7410,-0.2884106664626518,-0.3764011544846715
7411,-0.37527142736715996,-0.3026859443103839
7412,1.0731854270755445,-0.35700168068421406
7413,0.09776080126629604,-0.17509606366929648
7414,-0.1469768652518094,-0.3853500409391548
7415,-0.37041231707754324,-0.4167962019911881
7416,0.24319470926098916,-0.4640670841262093
7417,-0.11590986643969772,-0.47917758177517206
7418,-0.024068169971876115,-0.4756066275928845
7419,-0.051234979399106796,-0.5174460197940899
7420,0.43507473216597964,-0.33965788280186776
7421,1.083167192132013,-0.27703564257365404
7422,-0.3886566737427799,-0.13588305484044946
7423,0.8677739392701204,-0.29642137720388795
7424,0.6753416609198393,0.01838788337938295
7425,-0.47025930988902226,-0.24783540335337867
7426,0.29431152459311316,-0.37505191223071904
7427,-0.40720249659684216,-0.32597643849154395
7428,0.30878220892252967,-0.3949869028178247
7429,-0.5144237320415597,-0.3617748363078879
7430,1.1460732827330609,-0.3868330752206936
7431,-0.35816199928649556,-0.21472636922768065
7432,0.16871265928718915,-0.4028006356763868
7433,0.07009115776557001,-0.42234211388987575
7434,-0.07143917574703398,-0.47184676196601405
7435,0.21993294708969371,-0.4321483050583695
7436,-0.0598200768315603,-0.364086609627669
7437,-0.3239556478490953,-0.4861282240206493
7438,0.46030244455193076,-0.5049584143923928
7439,0.34703165910124434,-0.47568202222907163
7440,-0.0856702687732416,-0.5145357001725539
7441,0.48263989051913875,-0.45703610271752687
7442,0.5915879285983479,-0.287682373649575
7443,0.44520778749149087,-0.33630556641403364
7444,-0.6886034861180909,-0.43895446105105135
7445,0.2729318671932334,-0.48228260173627996
7446,-0.31685652528931574,-0.20126897697692916
7447,0.03541896206285349,-0.4736312606236776
7448,0.34016938885757386,-0.514736236888252
7449,0.014181413182964507,-0.4115890209600742
7450,-0.5767289684050495,-0.5376173346724618
7451,0.23274803369285818,-0.5627279842263211
7452,-0.49745407786190426,-0.4034255793927917
7453,0.029831016878618916,-0.5608820216768942
7454,0.5382517189601261,-0.4838658273308052
7455,-0.30048245047067473,-0.6367613987913537
7456,-4.051058083991617,0.7096213709254037
7457,0.5612455389250702,0.7035515898710811
7458,0.6466229950177225,-0.24147929631521697
7459,-0.772283172328735,-0.3000871798761302
7460,-1.251093786349862,-0.17514125255800272
7461,-1.488168904773463,0.31737765581045363
7462,-2.229021884429773,1.3850192998572959
7463,2.3091814347383446,0.2826818816812373
7464,-0.5956731118298692,-0.06936893425636595
7465,2.144865131154979,-0.15043361865180865
7466,-0.4595345961430453,-0.3247598523535676
7467,-0.20756031711770528,-0.5659754736620465
7468,0.22863064574550654,-0.43694640258470197
7469,0.14249172857991393,-0.43570371465847274
7470,-0.2728578066971712,-0.5381481522059637
7471,-1.040754363590493,-0.29999391697093997
7472,0.5906605173967145,-0.4292615652770264
7473,1.6979088632014008,-0.21389073228504257
7474,0.3081632771211768,-0.41208906450027166
7475,-0.6368100238103955,-0.4357553142720133
7476,0.23239864276830302,-0.5653797992382893
7477,0.1871773390114242,-0.5069815600673397
7478,0.02944794525030807,-0.4108442609984662
7479,-0.46218952190097345,-0.5204242893366626
7480,-0.42095399817186274,-0.513783309598445
7481,0.1388294110207267,-0.5806292500986886
7482,-0.0771814020411963,-0.5778351816120477
7483,-0.08637101541568006,-0.5104535617266278
7484,-0.06653717057632076,-0.5226001446478117
7485,-0.24982350623214938,-0.5166661757220143
7486,0.41960900523911865,-0.5432333496346186
7487,-0.4149345811488188,-0.48641980831518233
7488,-0.5116196979545601,-0.44475431406357996
7489,-0.06341753315319971,-0.4836582644632043
7490,-0.1841065306193116,-0.45128993654693567
7491,-0.7664943866679454,-0.43386975537246836
7492,0.4479839057066805,-0.5176192552821288
7493,0.280999166859793,-0.41975537009977476
7494,-0.003000393062266493,-0.4680772588847344
7495,-0.096736167309909,-0.4305030219175006
7496,-1.1097648111591418,-0.29017550574107215
7497,0.03360833217624999,-0.28001232718017605
7498,-0.12837646763630448,-0.362698690979355
7499,-0.10994900322788723,-0.3935778508574947
7500,-0.38730284250895813,-0.3786404899303564
7501,-0.12985344304557941,-0.402494637328715
7502,-0.5180809964765561,-0.26633730060026006
7503,0.11711042681951665,-0.37220311232358694
7504,-0.8607480940023536,-0.21667429938987876
7505,0.6874511562102791,-0.4492885992891473
7506,-0.7768968355423237,-0.41965254524756773
7507,-0.5175183430253658,-0.37532485357653445
7508,-0.10675552976930278,-0.4421177297763119
7509,0.38133879824105116,-0.4747541618501206
7510,0.5086744952158729,-0.4799585028920731
7511,-0.400359430827518,-0.50961064277389
7512,0.3416880293308211,-0.4812479982682454
7513,-0.8360911355260203,-0.3802668369120603
7514,0.2122575530176111,-0.4963884351859857
7515,0.51094449003703,-0.354054980631838
7516,-1.0208230149555386,-0.20063349703190478
7517,0.039322098497726714,-0.34342059600804686
7518,1.0521888935368928,-0.3790821616782755
7519,-0.8623118636432737,-0.4817502067867571
7520,-0.7924741960914808,-0.34882257796819177
7521,-0.7904765998411861,-0.1544538226625069
7522,-0.6336608287604398,0.40111168946464376
7523,-1.5752441991762975,0.5327666903165643
7524,0.7389445503370756,0.18468525564924315
7525,-0.680417728638127,-0.23901188230353504
7526,0.0736470729859688,-0.04645819629623485
7527,-0.5980531206155496,-0.07463407594860132
7528,-0.33974570386299174,-0.15305010244661754
7529,-1.7771620127284862,0.5483873929062802
7530,0.04264874456670482,0.4041039934220124
7531,1.344866231827738,-0.37404611535269566
7532,-0.15683113243626348,-0.22710852782560897
7533,-0.355179684297487,-0.38742628808149737
7534,0.4699789528644877,-0.48675561010323914
7535,-0.6618169197695128,-0.4484459506165769
7536,1.150094215757767,-0.5263910991060525
7537,1.3558891474447619,-0.4571567127440456
7538,1.1214512127164256,-0.24802234556952124
7539,0.9582271405863664,-0.15291711333807406
7540,-0.533275616529464,-0.3753965793995851
7541,-0.5919995071492644,-0.285991824863379
7542,-0.2533458610775788,-0.40115477810897293
7543,-0.0019043200826802786,-0.38449620667932743
7544,-0.1026044186063694,-0.5826705381875723
7545,-0.64802078881367,-0.48206700591490237
7546,-0.22248995984500272,-0.3371833958981032
7547,0.38902015938768836,-0.3942051069895487
7548,0.5738101119769343,-0.3688745200281746
7549,-0.6467369852535496,-0.49898422140218074
7550,0.2653770911966141,-0.5163016860862573
7551,-0.40032258896112766,-0.4587484522807447
7552,-0.2254654091976209,-0.5050312592841949
7553,-0.9081660644754627,-0.45862523087267926
7554,0.7840436684579148,-0.5971593203034437
7555,0.6119850966963678,-0.6176877266089932
7556,0.41040204315456136,-0.5433204308887011
7557,-0.6091454438099332,-0.48870604719586225
7558,0.3010924519177002,-0.536164065391455
7559,-0.5814534281567147,-0.45706488080881075
7560,1.1273896882540984,-0.5277380017758283
7561,0.2520676639292167,-0.4987641183916155
7562,0.45849636715509967,-0.4830201296748522
7563,-0.42287134443721813,-0.4142619611509593
7564,-0.013683025043687966,-0.47261517567266154
7565,-0.3516723897424791,-0.5060335286639509
7566,0.1160538472616211,-0.5050538504451202
7567,0.6823358892611157,-0.45593321943167037
7568,-0.5314155524290729,-0.5523158745907565
7569,-0.1779986572357164,-0.49158392045642846
7570,0.38313467835287507,-0.5353879084461299
7571,0.1613327724169592,-0.5967249194070773
7572,0.5187192121654702,-0.4645721367152923
7573,-0.2514433474182442,-0.5628567832651157
7574,0.30011598393735467,-0.5686694109115233
7575,-0.19336435551932515,-0.5092912866286115
7576,0.5851089445615453,-0.5821718325419604
7577,0.1642627500267801,-0.4780134063322734
7578,-0.0919257981734766,-0.5195612149181746
7579,0.19472069821172283,-0.5525512670956376
7580,0.08437700834329569,-0.38073244066936596
7581,-0.35463171730917714,-0.5749706905001823
7582,-0.12081065024077678,-0.3674975158985663
7583,-0.32762857154147357,-0.5268486974732264
7584,-0.6170888938047626,-0.4742223851173787
7585,-0.2919626789350908,-0.46831492308862605
7586,-0.36440921893234013,-0.4742722737810375
7587,0.2475415535835697,-0.5126631547499017
7588,0.19005131135855155,-0.5388947839400985
7589,0.1591419256509455,-0.506311615659087
7590,0.5255915794428463,-0.5065151135120332
7591,-0.5687108786435414,-0.5014396283531736
7592,-0.847600418470258,-0.4253976530765862
7593,0.37458248156105983,-0.5572459269377089
7594,0.13414051080969233,-0.523629944349929
7595,-0.28029470612917795,-0.5507923982913296
7596,-0.6289352671960343,-0.4866128943527836
7597,-0.14458240485888427,-0.38867246699394997
7598,-0.27287246459017744,-0.2885639191143896
7599,-0.6941619967898295,-0.3505258759060844
7600,-0.46795108736714214,-0.20661144537924542
7601,-0.8570671223023962,0.13508503890876788
7602,0.8602540600143161,-0.34407813734706005
7603,-0.03960869189167581,-0.499114659906252
7604,0.5732940797583536,-0.4963372435806836
7605,0.4748897280196864,-0.409639835689508
7606,-0.09560142745040731,-0.4321504752036119
7607,-0.5294035321614202,-0.38193630809080026
7608,-0.7636836103051535,-0.37811171352215445
7609,-0.1148092513019877,-0.3843428475238747
7610,-1.3288999859896997,-0.06196306076993361
7611,-1.1537391266451156,0.6461013780652498
7612,1.2329774805801466,0.15313931084061416
7613,0.7160247965285648,-0.10306288094629511
7614,2.0460588018714403,0.22685026362669958
7615,0.24948525078758324,-0.08403983432044429
7616,-0.19616294693506506,-0.21058334756803643
7617,-1.6345672611077264,-0.03140581384161441
7618,-0.5957374031195642,-0.12639142668098824
7619,0.8328277829029445,-0.1161709187174882
7620,0.256483209309178,-0.32301934223670403
7621,-0.22126935028556688,-0.34423347083066963
7622,-0.5574243389495203,-0.21656577605734698
7623,-0.797578072238208,-0.2932314748142741
7624,0.43661747404157886,-0.4087943833756418
7625,-0.34863607842229444,-0.3809191153038456
7626,-0.5210177390676506,-0.22258809824479348
7627,-0.31447877794313583,-0.39008332296735065
7628,0.7827361315387528,-0.10935300226379888
7629,0.211909573714381,-0.31451891912456115
7630,-0.24248890913586693,0.41135505039602427
7631,-0.17835615192690205,-0.3526052336100646
7632,0.8256704480826366,-0.2358264391938516
7633,-2.5786495540819057,-0.00463176024634597
7634,2.2094277882927207,-0.11262706703816808
7635,-1.419345700876903,-0.1447630170980747
7636,1.003463856295859,-0.4669346679374515
7637,-1.0975301174930698,-0.2624110740125945
7638,0.04140960149815617,-0.41051032539119664
7639,1.0937051760826308,-0.4932827859349045
7640,1.6127014818075505,-0.39075099485295506
7641,0.7564365364190296,-0.03541068555607705
7642,-1.104509786574391,-0.20667577799233203
7643,0.8263110863224927,-0.2332279882934657
7644,0.176221504094844,-0.3280152144582019
7645,0.6549113252307839,-0.4717643203897188
7646,-0.577482727173753,-0.3385540541499983
7647,0.2475331284971586,-0.5197697232341063
7648,-0.37416717953075324,-0.41743057402406714
7649,-0.15092254248819767,-0.5655267475133291
7650,0.24107550848997936,-0.5098949335487317
7651,-0.4175046180243329,-0.4886425181514589
7652,-0.6935515659334965,-0.3449524758879099
7653,0.7507620373891848,-0.48659043451957634
7654,-0.47822209464778537,-0.45161432326065776
7655,1.2074136275357614,-0.5023139605661423
7656,0.31200467989872926,-0.14296181804398658
7657,-0.8035462771445395,-0.3038179154274707
7658,-1.3882089864109077,-0.008339212110763758
7659,0.6131042318538418,-0.48929250160245097
7660,-0.6975439950891559,-0.3533076750327635
7661,-0.026090812274388628,-0.3157503200303256
7662,-0.13339398748678685,-0.2771951113410579
7663,0.2171223274802959,-0.4288177186473944
7664,0.9037659328126516,-0.467454611219167
7665,-0.9002330944419248,-0.43457586871870874
7666,0.37829796472822613,-0.49911611103219605
7667,0.5570468873688608,-0.5317119879064762
7668,-0.12210042648443642,-0.546212029200434
7669,0.35714243743655133,-0.5534516274502326
7670,-0.07606547791534639,-0.42301874619297586
7671,-0.6065204776262677,-0.4969638566088007
7672,0.19390971721148018,-0.4607293434484313
7673,0.49111561283335853,-0.5331757155570893
7674,-0.07009052576742232,-0.363633047289589
7675,0.1702111569652262,-0.4543585213358895
7676,-0.30660798591643396,-0.4024513876424392
7677,-0.4032574321500182,-0.1892297428318277
7678,-0.5365886639386053,-0.028946834013831094
7679,-0.37806818056826946,-0.4157695666829732
7680,0.118893207581205,-0.4870136646502793
7681,-0.011129104911532779,-0.4990345712057148
7682,0.33959688189598214,-0.41065173475549505
7683,-0.20498871948933461,-0.47452634552729095
7684,0.06652357553235291,-0.5339223915759409
7685,-0.30512997137948206,-0.5633897951905866
7686,0.6531624239885115,-0.5133015976685611
7687,0.057269396740244345,-0.5094497172637088
7688,0.00828828302864105,-0.4513905832469952
7689,-0.616648574259437,-0.4632871774307482
7690,0.0067114624661752265,-0.4616197933922876
7691,0.6859315228746427,-0.439597265703755
7692,-0.16638576990646847,-0.4669475888045607
7693,0.17927604323309815,-0.36432579824962874
7694,-0.10866227679776846,-0.4957706514620649
7695,0.30789353261443647,-0.45374862056582066
7696,-0.3662115135157579,-0.5261944784606735
7697,-0.20607046776938728,-0.5107425331985795
7698,-0.3832286256002954,-0.4361123536483989
7699,-0.10781384922326007,-0.5499054406502368
7700,-0.20572044925318725,-0.5215210081922859
7701,0.08060424356367407,-0.5233185964553557
7702,0.4761030396020837,-0.4756305776182012
7703,-0.2284635256973859,-0.47323530506618877
7704,-0.5256790306629834,-0.45228781523318146
7705,0.28650309123710904,-0.5530981555695885
7706,-0.21000877025289846,-0.4570441884633397
7707,0.44625760445452684,-0.4875566000008034
7708,-0.7857401403620512,-0.4625190195910236
7709,-0.8252793637680076,-0.2476997571781538
7710,0.4542466561144498,-0.4139621754966156
7711,0.4167333907489198,-0.5014323950318683
7712,-0.8948513624845943,-0.32703992952610395
7713,-0.6339985273684204,-0.04311111107514621
7714,0.7394262415172927,-0.36327431566390067
7715,-0.27920286702781394,-0.44524773965923525
7716,-0.30682378408529826,-0.45909633769989494
7717,-0.41001999203834355,-0.38294884809961943
7718,0.4764242654079139,-0.2981911462087099
7719,0.2324205625924545,-0.4356139401814895
7720,-0.36160356638784025,-0.4228586186819088
7721,-0.7364080792420334,-0.20126997078217496
7722,0.39843899050698617,-0.4813296302059029
7723,0.12202238896920442,-0.4918873374521935
7724,1.802030288901023,-0.10605610626630156
7725,-0.3332471017070251,-0.35212598487054014
7726,0.6273472329804578,-0.3987338281166396
7727,-0.4646106213365075,-0.4434417388036758
7728,-0.28561358251974706,-0.5286061923893726
7729,0.19732618734737314,-0.58766546322478
7730,0.04072092705815822,-0.48764561879006807
7731,-0.27298668477581084,-0.5168251089203233
7732,-0.4400806682763729,-0.5264023273720024
7733,0.2801466186609838,-0.6243876639181054
7734,0.3212043491804551,-0.6026629348991116
7735,-0.06920474155887621,-0.5613074870137525
7736,-0.6753316717013929,-0.5269394481062852
7737,0.3608477740338862,-0.6079867230736227
7738,0.02279782119961994,-0.5538945708628614
7739,0.11573882869805578,-0.5093290583722127
7740,0.07295029437770344,-0.4007154619053985
7741,-0.07876527737570634,-0.5944463075181657
7742,0.6853555413865537,-0.5119536270932111
7743,-0.054008667996503355,-0.48141076270302957
7744,0.5240849929823417,-0.4718106368216157
7745,-0.3162223813114989,-0.4482976790525616
7746,0.2574164332513353,-0.5010651900270847
7747,-0.36283138137043414,-0.4941221135505732
7748,0.33099262290455694,-0.5385321150813994
7749,-0.20377308654425286,-0.6051422510639578
7750,0.2594562857197695,-0.42388396540716755
7751,-0.5531697376769975,-0.502810351658283
7752,0.321836777952839,-0.6041723964010857
7753,0.07369563086467462,-0.5424149604320625
7754,-0.4733232845501078,-0.48437675014608733
7755,-0.5255551569659659,-0.5542368894692595
7756,0.5542238286491851,-0.4968473660352328
7757,0.5139527768959752,-0.5070834839739439
7758,-0.30874946196803926,-0.5637996027250858
7759,-0.13209124628555655,-0.5649479150960676
7760,-0.4199426926863275,-0.4311041523632432
7761,0.0771308032356301,-0.549457505368708
7762,-0.18525873681869032,-0.5454749276060402
7763,0.31924631083416316,-0.48771239364831276
7764,-0.308917656141199,-0.5526802221803148
7765,-0.0907998422440236,-0.504084620144789
7766,-0.19718667884449512,-0.5026221283599459
7767,-0.6685328376775677,-0.16058093181927188
7768,-0.4505763084471045,-0.24837089833724657
7769,-0.3313164592578902,-0.2780391892556309
7770,0.34963205093634103,-0.4256169069792614
7771,-0.31939477201408484,-0.2933423583174069
7772,0.6360122481008847,-0.23516712544374052
7773,0.29088046726059896,-0.48593074184708934
7774,0.08241195302061452,-0.4761177953284424
7775,0.04041190497949096,-0.533892939307331
7776,0.26520845307383406,-0.5448638467671609
7777,-0.22344895733357517,-0.46740504190520976
7778,0.13698772739123655,-0.5476017616978638
7779,1.3414192473074775,-0.2991798387559485
7780,0.7683644909925038,-0.10539763475190966
7781,0.8872898713812468,-0.20270262114742704
7782,1.0884281964489626,-0.05032895336548983
7783,0.18739705287125583,-0.05199333634502469
7784,-1.4097475450162382,-0.11785646814985692
7785,0.293327033548118,-0.3725960863764456
7786,0.24844129722943156,-0.44616957652140543
7787,-0.6369225058634389,-0.39833425329503225
7788,0.14653095622615517,-0.43742274124367225
7789,-0.08210256951074851,-0.43576101747968543
7790,0.005703622725859532,-0.4019436758480128
7791,0.25386398858770726,-0.46812909435495376
7792,0.38387535818808477,-0.4730599284128024
7793,-0.40292798074028285,-0.46184821347745336
7794,-0.07872935999854455,-0.5090256381520499
7795,-0.12878194923899555,-0.5460361956908097
7796,0.2713320049546645,-0.5840668449157665
7797,0.02408054962742942,-0.5391705761016569
7798,0.039275722366548374,-0.4805766464491322
7799,-0.05457744140110616,-0.5745949281801813
7800,0.2143143809963287,-0.47566178113219476
7801,-0.15550591114918025,-0.472049204619636
7802,0.2533675741357403,-0.5034203225474275
7803,-0.001956937602706285,-0.5200333468239245
7804,-0.4912277759294493,-0.31790626097967467
7805,-0.6780260895820339,-0.1782496215363662
7806,-0.53569987443835,-0.2492140658038861
7807,-0.6284603418526029,-0.1647028971823783
7808,-1.1375599734452375,-0.21447662412380886
7809,-2.51119786408062,0.6515228209013662
7810,0.983739691270646,0.027240164507942186
7811,-0.16325543549465574,0.017363104720645672
7812,0.8425623903004624,-0.2737862317717192
7813,-1.2351991267265845,-0.0676470716870897
7814,-0.5831769755127761,-0.04238371549278863
7815,-0.4785496871243387,0.3981760977704854
7816,-0.6253114759944919,-0.1595472033648298
7817,-0.34109231077503827,-0.18411820812228927
7818,-0.371059981363135,-0.06866518109133175
7819,-2.7484762144845716,3.8553066866660846
7820,0.2269109008312865,1.2369306202365735
7821,1.4138676588536836,1.1009292056825466
7822,0.19695908139992604,0.2163699382263004
7823,-0.3646461498652696,-0.014058047367521573
7824,0.18749678698239716,-0.3527434921857638
7825,-0.08353339521004484,-0.4249628757491444
7826,-0.8217179930997118,-0.2747364102433606
7827,0.3495830745383975,-0.438632911031835
7828,0.650565174228428,-0.3858526886829875
7829,0.2144558433699745,-0.382443803795196
7830,1.0645540553422428,-0.4292716646614067
7831,0.15300346502861947,-0.37332666025045524
7832,0.18683724838175608,-0.44887389178199555
7833,-0.09149930384576174,-0.5047931075134614
7834,-0.49340139140827494,-0.43859610373361874
7835,-0.31471153383925976,-0.45573868475924467
7836,0.33149067794883735,-0.5738760490487405
7837,-0.4769187605273106,-0.5236636735721311
7838,-0.7845148309337695,-0.3609732124931966
7839,-0.3505794903518752,-0.4759440851963591
7840,-0.1892118883483517,-0.39728396238324243
7841,-0.02511351395741062,-0.5203168667978079
7842,-0.2561213052203764,-0.44627664648813165
7843,0.5808940836061091,-0.514526811637326
7844,0.462394040881024,-0.5400322849808671
7845,0.025505313143390745,-0.5966412803128215
7846,-0.28288975270973454,-0.5031369466151591
7847,0.7476446315522818,-0.5482920135747282
7848,-0.10416351713136454,-0.45728088961129415
7849,-0.3183451301778503,-0.5134111846339768
7850,0.2528892375810185,-0.5844164924156358
7851,0.2589664763011364,-0.5818818943385824
7852,0.45563215021662035,-0.4119992092340069
7853,0.06358204614135864,-0.3303967992699047
7854,-0.523765680578678,-0.4174111709517493
7855,-0.13147991157501504,-0.5791402508991021
7856,0.3063660887725319,-0.6183996300116714
7857,-0.02288836470920696,-0.6072375363177428
7858,0.20496303486189596,-0.6037566969971663
7859,0.30653991837375233,-0.539296258887323
7860,-0.03636594344823669,-0.443159188158684
7861,-0.24056311806811276,-0.6104391285794765
7862,-0.21983501531473945,-0.5214385191929947
7863,-0.10369201524950962,-0.5483554208171889
7864,-0.07530301010693538,-0.5984498658916761
7865,-0.12591551704009027,-0.5920083724728437
7866,-0.09599927505377737,-0.45160293403352436
7867,0.5141721115801012,-0.3845862379704875
7868,-0.3085880887640484,-0.5641251574353159
7869,0.2553371459017126,-0.6074012606959203
7870,0.01898722384741469,-0.5676071577786063
7871,0.15716763921524982,-0.31353729029766675
7872,-0.12005064869507256,-0.5257310194069268
7873,0.08947336690778411,-0.5504149829027972
7874,-0.7464910281386058,-0.3842020528910735
7875,0.2528730728279587,-0.5197481589935766
7876,0.0648091606631179,-0.5071802551330423
7877,-0.0564446782449872,-0.5326759939953921
7878,0.08058999293189809,-0.5938941741473841
7879,-0.08853008348139466,-0.5595841202878885
7880,0.38316094440034515,-0.5597558949314504
7881,0.715373002931871,-0.4236126280913459
7882,-0.463311035179602,-0.30113266262591193
7883,0.05209495179406705,-0.5258717460972278
7884,0.18127549820381625,-0.5042748533616114
7885,0.10309466466636563,-0.36484101886820025
7886,0.32579360705498395,-0.45350448450620634
7887,0.10627494022881986,-0.4895911782476711
7888,-0.35469838011423704,-0.3786509172455289
7889,-0.1470852851630812,-0.4959503566269278
7890,0.0628215560328546,-0.4517146956656246
7891,-0.020045308362955518,-0.5018897145367816
7892,0.08684630292807,-0.5598413179092671
7893,-0.08160498234484012,-0.5479720689874101
7894,0.09574394114361652,-0.5747498087794853
7895,-0.2939949142074188,-0.4562941614655531
7896,-0.27969454178069403,-0.5254878125952133
7897,-0.35545645265472453,-0.4329450173492508
7898,0.0886846414060792,-0.5407307313879335
7899,0.004709156650804368,-0.5091988122638047
7900,-0.9503899083817945,-0.3344339488006945
7901,-0.5495953476293223,-0.21508191238848773
7902,-0.04416271820772091,-0.38150996704775986
7903,-0.5501371033864678,-0.30637908935540265
7904,0.8715252186860817,-0.3695597749618728
7905,-0.5696205239685325,-0.2518456260357728
7906,0.18543102874038966,-0.45649692933563935
7907,-0.9045790008899094,-0.24480657599024147
7908,0.3666689370594733,-0.4075328928135864
7909,0.34954880693441354,-0.4645048525821318
7910,0.0029339474126216358,-0.5283464937791948
7911,0.33740013033535465,-0.5778149702320229
7912,-0.8650966145161806,-0.40894610697530753
7913,0.20695554024268073,-0.5111721794178528
7914,0.3033810427498974,-0.4984493174907182
7915,-0.6327463601385546,-0.4529329552615673
7916,-0.727567528103715,-0.003821424714255617
7917,-0.23247452746569197,-0.33015974799233855
7918,0.5733689681008757,-0.47265049485657384
7919,-0.2732506676585531,-0.45109133504053195
7920,-0.018861519838468885,-0.4158063906312816
7921,-1.6096847192518449,-0.059501950817060494
7922,-0.14502603667975164,-0.07929429024490009
7923,-0.22577636869206633,-0.25955310240184887
7924,-0.16436841045784648,-0.15595068470740825
7925,-0.5841371357306447,-0.42362713312340555
7926,0.8014954446117162,-0.3038170662285333
7927,-0.18368949776809715,-0.4806201591648635
7928,0.7246567570313118,-0.44730589280335903
7929,0.2867988407181304,-0.306973224913612
7930,-0.9795971376044319,-0.42266052246648544
7931,-2.566171840648459,1.7961027058080872
7932,-0.8562804832405106,2.558177693136519
7933,-1.1937928420801989,-0.03564703793968784
7934,1.601685797496319,0.054155027766438255
7935,0.2642356075805061,-0.2547495566107007
7936,-0.8302671627617266,-0.25506413353072843
7937,0.388821546581037,-0.41584824551807065
7938,-0.6015302472049138,-0.1937449500500585
7939,-0.5929498650324055,-0.18924855651001654
7940,-0.9071903238627875,0.3417595506915965
7941,3.001545453102042,1.1063320472797786
7942,-0.5966690570638219,0.3234229920133342
7943,1.528440434646887,0.016755663017999634
7944,1.3248927416920986,0.23128133270832385
7945,-0.1904291713010915,-0.25801380738707347
7946,-0.06622304233701917,-0.30834574617747695
7947,-0.9068057179304835,-0.23131952881576595
7948,-0.24931706717348232,-0.12848339683707205
7949,-0.8611118001460978,-0.251823796085184
7950,0.09979464932452617,-0.14390564887714702
7951,-0.9849049721715949,-0.05937239059625315
7952,0.2075560589708837,-0.08689967681622932
7953,0.20000467727619306,-0.3593139313939074
7954,0.26815258526004515,-0.3543079330524439
7955,-1.0215997339905094,-0.23965678149064096
7956,0.36648699394008627,-0.36986348659036705
7957,0.340091796830749,-0.3802849941380514
7958,1.2120125210647161,-0.2577094575888901
7959,-0.32628293617849224,-0.41069275389722787
7960,-0.39328711123611154,-0.44991216513968096
7961,0.46495167668450527,-0.5286109330447423
7962,0.45098168630907853,-0.4513872046585094
7963,0.28047017496170523,-0.3887119478540958
7964,-0.5549476167650828,-0.5060764538867091
7965,0.7461672456640369,-0.5359075092030781
7966,0.41583903985406323,-0.4952520671581973
7967,-0.2868145664280426,-0.5122600977660264
7968,-0.12789224814187442,-0.5203776585345748
7969,0.0656982287820817,-0.5633732239958749
7970,-0.4316598390169929,-0.4796199405840836
7971,-0.014151766766734653,-0.5173551086163831
7972,-1.0003903438628463,-0.29084410106769154
7973,0.06909973136708145,-0.30629486651693183
7974,-0.11199195208421969,-0.30156523387873946
7975,0.3646508870891704,-0.5270424312695985
7976,0.11705691759346123,-0.4334963397415868
7977,0.03174094704535733,-0.497183665901057
7978,-0.07134878770527671,-0.35471801824306726
7979,-1.2973136372353131,-0.169040899140948
7980,0.28525200913362336,-0.2791165148798449
7981,-1.244925211077818,-0.09718066169431325
7982,0.758483986287882,-0.29856787530137086
7983,0.1403800930978261,-0.39145639594108705
7984,0.5635101927164639,-0.5328679262085775
7985,-0.426106498077267,-0.42089486157704337
7986,0.5628407383957781,-0.45980381260074515
7987,0.06197215222517189,-0.3380184126772116
7988,-0.18482146502959187,-0.4641993105849942
7989,0.24314269268550906,-0.45090241431361927
7990,-0.024235546446613764,-0.3622425172992773
7991,-0.5619853641382717,-0.3268311615033845
7992,-0.34831482690381477,-0.39289974630652313
7993,0.8919769029301012,-0.29690132592995117
7994,-1.636501445732265,-0.00875538503344768
7995,-5.292277949172316,4.228510508617247
7996,-1.745665144464871,3.0639141213542045
7997,1.7072365118224109,0.5738296151308568
7998,-1.0821144339445652,0.5156557285046313
7999,-2.951318952210216,2.3880189615423406
8000,-0.26031184109004946,1.0872348511848529
8001,2.329013853106517,0.9983288446383517
8002,-0.90141373285588,0.5575180623202862
8003,-1.0306672023192611,0.24838790437518043
8004,-0.14490951473725175,-0.13821665510029638
8005,-0.974179817421649,-0.09760042351713771
8006,-0.039219434782959244,0.04950028835310473
8007,-0.3628322274332822,-0.14774519177967088
8008,0.5877097212055252,0.18628113427504306
8009,1.793774721955829,-0.2384725015010321
8010,1.3233819683543284,0.09426847317816124
8011,-1.664266353224851,-0.07600739451091895
8012,0.738778719455483,-0.4602327407314795
8013,0.011898025778777415,-0.3558450510736891
8014,-0.5317763312291273,-0.2968145744936061
8015,0.44113196236998403,-0.3653550297003987
8016,0.18352114946219678,-0.5258399881496666
8017,-0.9878840718283975,-0.3700126101015869
8018,-0.7579959602932986,-0.3752104464920346
8019,-0.29449312684281426,-0.342680739718092
8020,-0.27077095680692803,-0.4658831175720624
8021,-0.39965859560637185,-0.3905209318614767
8022,-2.612773432473212,1.3530655149065953
8023,-0.5445588411237002,1.7779001098168445
8024,3.0473749561296173,0.8006674544142736
8025,1.3353817231282088,-0.033382857355847104
8026,0.04009344875467912,-0.12408861650196262
8027,-1.3012758881006006,-0.19124207381935393
8028,0.6471730192977835,-0.338455060451377
8029,-0.8230916781720817,-0.42365671105113456
8030,3.4949823039797816,0.29523130729031766
8031,-0.1497496116706123,-0.12396118740666222
8032,2.223884572811816,-0.038251192553675
8033,0.307012451276693,-0.20543999161268844
8034,-0.6356323907284283,-0.18752788758013966
8035,0.8476590265219891,-0.2903333551968152
8036,-0.4632729815498698,-0.3632373113409273
8037,0.26811485481669317,-0.351387211097767
8038,-0.6726111680126239,-0.11113586771393343
8039,0.4244512719321811,-0.16005617992173748
8040,1.431984377477993,-0.27341031689121503
8041,-1.127562856493039,-0.024776640104132927
8042,-0.24829863811438802,-0.3982731878309987
8043,-0.8048851337325715,-0.47327874623410043
8044,0.7209879466566759,-0.5120374608411336
8045,1.1475010187006416,-0.42376037499583297
8046,-0.35800592051200514,-0.4615815854754942
8047,0.5762420844275712,-0.49267802283081225
8048,-0.14248339236079893,-0.4454668982894888
8049,0.19686253639182813,-0.5145579717137113
8050,0.20420103142287716,-0.434442684932172
8051,-0.5111060773718721,-0.4681909365999315
8052,-0.27749344593156444,-0.48528580392822884
8053,0.3663880399289143,-0.5602045248627007
8054,-0.18587642258691092,-0.487191220234942
8055,0.7655330578277711,-0.4091068168391788
8056,-0.2953874275180395,-0.4818995329456892
8057,0.074143179518608,-0.5470265900563882
8058,0.6857150999027953,-0.4382044382441356
8059,0.19393391052224124,-0.5117739825347185
8060,0.006425150768335225,-0.5194479016975624
8061,0.8461553609610254,-0.22606968823125567
8062,0.4194157599072951,-0.36498718897384874
8063,-0.5148019163126817,-0.3872454867223549
8064,-0.15572181661460863,-0.25002753489451346
8065,0.4968341810510077,-0.31723169311943217
8066,-0.09871837590843391,-0.2454003948908564
8067,-0.4333001650307248,-0.3503294101597006
8068,0.06080314706058549,-0.4452365290550421
8069,0.21395065636058902,-0.5669249916683464
8070,0.32123802729583056,-0.423871662371294
8071,-0.35506208406960643,-0.4660168367121474
8072,-0.5089920909201056,-0.5179577538413571
8073,0.26504241077577295,-0.5273494490428542
8074,-0.5385934172673414,-0.48127883548586897
8075,-0.7159211145301582,-0.2741314496657827
8076,0.09447835189235587,-0.3323873094367993
8077,0.2226437755629407,-0.48358268267108095
8078,-0.288949554846056,-0.44702481431721686
8079,-0.5543141714346708,-0.42928145254812355
8080,-0.5519266972605391,-0.4228316773607251
8081,0.7220657448549547,-0.5292526990886243
8082,-0.2248465943958391,-0.40594130628088804
8083,-0.5948279017102411,-0.4227930144682599
8084,0.22284293579830117,-0.529607342245473
8085,0.28049998679554683,-0.44498574374698846
8086,-0.3370957799700561,-0.41695366108046505
8087,-0.04184739373368721,-0.47405926584199315
8088,1.0389671166295589,-0.41756842739518046
8089,0.9190949435252047,-0.30092934195882887
8090,-1.4758577922033103,-0.3039462793890006
8091,-0.38956809486162874,-0.4249653751861262
8092,3.261062735311846,0.9487396426655844
8093,1.0101491164259129,0.7413735409339215
8094,-0.1332720891795699,1.0097878105536846
8095,-1.6940574380748268,0.15999134164661322
8096,0.09358737326241282,-0.1217957712488262
8097,-0.6755508358186363,-0.3895350289857351
8098,1.1584301781569974,-0.36595157654672517
8099,-1.6914961448956638,-0.21601480201946185
8100,-0.1533928174656958,-0.23756171165686396
8101,-0.47319594692069195,-0.2913460566050274
8102,-1.1328506087275796,0.1451194289954592
8103,-2.488555981700658,0.7486625070724674
8104,0.8288416619537825,0.9186448958186219
8105,0.1198326514500669,0.2968099711134388
8106,1.774704096895556,0.28688141540703144
8107,2.920197064096373,0.38772875178641575
8108,1.05208711958981,0.5349566468795524
8109,0.13291416469059908,-0.09796046478229929
8110,1.523624058735502,0.6295413696870973
8111,-0.6291186335722004,0.07411308297907192
8112,1.1139605273686413,0.06654352748063509
8113,-0.3821942703124659,-0.3381414118317944
8114,0.4570441661513642,-0.2936565052797145
8115,-0.3847175675218385,-0.24353474521055285
8116,-0.4920034831085111,-0.08747443096297514
8117,1.23010383697762,-0.32413967333865634
8118,1.0854138473287862,0.22627770886773757
8119,1.5936961385810513,0.6665310687241963
8120,-0.2310183005194428,0.08274049514034952
8121,-0.6091616823866709,-0.22573125799932958
8122,0.20464291963503012,-0.14936019901681705
8123,-0.31508296944407516,-0.12457727264798653
8124,0.0077690423977232175,-0.04107425239154916
8125,0.06359240194232796,-0.3313962137231093
8126,5.246949208658557,1.2534033890831617
8127,2.019830456003535,1.1276592918517887
8128,-2.564085040145643,0.9361682218089914
8129,1.350425093067002,0.41403636028044055
8130,-0.5124799756238538,-0.06856826196611775
8131,0.2506247284703396,-0.020115372950446825
8132,-0.07825027201539744,-0.047243676717780986
8133,-0.2028780961720811,-0.21735919627508038
8134,-0.25681521777218796,-0.12322728927445616
8135,-0.4745795741653056,-0.2953546047066424
8136,-0.040651056450456295,-0.30258983812697887
8137,-0.041132591843056135,-0.23376035512247256
8138,0.06630159077366848,-0.45626628566929484
8139,0.26254974678084886,-0.3758011959273109
8140,-0.4008413186007005,-0.4247838315664004
8141,0.7968516260352417,-0.39291832292403145
8142,-1.3586088288783569,-0.2534124156819672
8143,0.08937017504816795,-0.3324567841199427
8144,-0.01050907629480157,-0.3658877069288905
8145,-0.6501817125007692,-0.37363083048913787
8146,0.3903355255570473,-0.4792187988141752
8147,0.4192683641530284,-0.3431386925236156
8148,-0.32911524354747335,-0.4202083233124637
8149,0.17717332629750607,-0.48131955904946394
8150,-0.460484796599957,-0.47627826834358156
8151,0.300415365857273,-0.5774310180596302
8152,-0.13054534819251973,-0.571480753549413
8153,0.13553474719022535,-0.39266919998902927
8154,0.746743844484481,-0.47004014359362195
8155,0.5850411806272858,-0.2669763532778105
8156,0.8313802786892195,-0.15448253468072287
8157,0.49490521152613837,-0.14847564754059123
8158,-0.3839420899947333,0.19398439704496545
8159,0.41617531385942513,-0.21725968388933187
8160,0.5613227382128742,-0.16451823386264752
8161,-0.25402819804185656,-0.19769992825028615
8162,-0.5411588098585549,-0.177863369210557
8163,0.16666356424818765,-0.25201338754383323
8164,-1.4675545370354974,0.5565982872424384
8165,-0.8848420764919087,0.009089289450969665
8166,-0.34266526403804815,-0.055002784801495744
8167,0.6567393835752386,-0.17388751310494072
8168,-0.2416945571946828,-0.1831948231277048
8169,-0.06476217533240926,-0.45438258991169556
8170,0.2262213714713153,-0.4429770665940395
8171,1.240443030587912,-0.2492909694711984
8172,-0.7292896948632624,-0.1657405332188399
8173,-0.3070383202418335,-0.4560022145122254
8174,-0.1510563850797171,-0.4061872340510041
8175,0.01752331166392395,-0.4983498000157244
8176,0.03134372970168119,-0.394703501326837
8177,0.24659457691585754,-0.5178038769675919
8178,-0.38803900935864194,-0.427830531013247
8179,0.6606390646639532,-0.3482136756700048
8180,-0.49075550285044367,-0.3855884083648187
8181,0.23521497120029447,-0.4776997283837374
8182,0.24819745237142263,-0.022640575726740386
8183,-0.6189229363860369,-0.3984795566325723
8184,0.34287339515991655,-0.4563214334980464
8185,0.0016173480235623598,-0.4499866030871392
8186,-0.018553735352265302,-0.4717952226850517
8187,-0.3930083951784305,-0.2958873869230443
8188,-0.0611644740614729,-0.20459530106537616
8189,0.10141100426042633,-0.26258832696172374
8190,0.5135683443550353,-0.2537070333847902
8191,0.5726532368066308,-0.22155408021919676
8192,0.6526998590328242,-0.2436535184939062
8193,-0.586419590059249,-0.2841553405485004
8194,-0.008149376701473659,-0.24457284794241346
8195,0.16263036030180877,-0.3903936806567859
8196,-1.2096498183960822,-0.33653720362897394
8197,0.36713924000852616,-0.431537150426011
8198,0.03745466876056456,-0.4724688838981535
8199,0.7953876368422094,-0.492350879475263
8200,1.186130897464618,-0.1674628433451369
8201,1.1285956035277176,0.13676580733925026
8202,-1.240995009833003,0.019328962497335747
8203,-0.9703406815998259,-0.18975982589751828
8204,1.013380459260915,-0.512253986914921
8205,-0.053834619513504996,-0.49112890184163494
8206,-0.69552147392206,-0.4559144428742471
8207,0.13085308344280258,-0.44293083778660297
8208,-0.37878224527263676,-0.4722401786147011
8209,-0.39287649903039623,-0.4849980751962069
8210,-0.42964097523631445,-0.43219387873762827
8211,0.21247038785490865,-0.6127304848445286
8212,-0.13684670636134474,-0.5484631184534068
8213,0.38337067170744965,-0.4154900437912638
8214,-0.39569525146171924,-0.5003968871274371
8215,0.9502910995459852,-0.590498298424331
8216,0.2704989546434315,-0.5421006584384958
8217,0.7124077538491527,-0.4446605667467271
8218,-0.8349372290983995,-0.4455920906731176
8219,0.4367528535314654,-0.6363540551823351
8220,-0.22449798850745595,-0.5223200000219816
8221,0.28264690492668093,-0.559047522891216
8222,-0.5366492094821552,-0.41806533875573704
8223,0.037284805968028446,-0.5969560571476654
8224,0.09668891023290273,-0.5863140290834312
8225,0.2656070068529207,-0.5832151737873705
8226,-0.6737444150719135,-0.5279875460038475
8227,0.009073953296087267,-0.5356732759360022
8228,0.34533670107635367,-0.49198404543076824
8229,0.4723029011858026,-0.5134984711654761
8230,0.7111692178520141,-0.43880842933280395
8231,-0.6676124134371826,-0.5170605845269569
8232,-0.7433139589903449,-0.4323224935053342
8233,1.4465829071307705,-0.4879095884033236
8234,-0.1544865832266702,-0.4727932003599945
8235,-0.6705124499444794,-0.4371547509675695
8236,0.9214706480215616,-0.4597907253236304
8237,-0.2488445856763236,-0.5356419314466743
8238,0.9611761870125473,-0.25528465494453273
8239,-0.5904637278967285,-0.4043315138442159
8240,-0.041801892848605283,-0.5823151214187137
8241,-0.126745537429361,-0.529104258836505
8242,0.10535127362051974,-0.4932554478353313
8243,-0.03144208254072792,-0.5226669595608457
8244,-0.27304571169744446,-0.339301536530912
8245,-0.21489359583809337,-0.39591297512380746
8246,-0.2916918422653272,-0.3447991657102556
8247,0.19342758099145854,-0.45814242711939807
8248,-0.6934347329049366,-0.4527810120401966
8249,0.24787499397152732,-0.5292744102793934
8250,-0.04058768304727589,-0.5303480723254779
8251,-0.1362005339086786,-0.4968318516819275
8252,0.2009660987275666,-0.534326953701105
8253,-0.11619624876816463,-0.5475323497454322
8254,0.03986180484637484,-0.544690682232319
8255,0.6140012144058545,-0.5285560949626857
8256,0.19326763284812382,-0.5257130856014631
8257,0.09840548735413855,-0.5690078178041643
8258,-0.20380329456083235,-0.521849886122905
8259,0.9738957011201446,-0.39869155426898517
8260,-0.09191863320165523,-0.44131244343858056
8261,-0.2689740458820925,-0.4413031087273815
8262,0.012738537879532415,-0.43301947535919455
8263,-0.8451900299104468,-0.3862803858531806
8264,-0.3982404460215097,-0.4325628852997362
8265,0.668074688278327,-0.2930381652445487
8266,0.42348064754336057,-0.38541289079503355
8267,0.12163398069192544,-0.547306390330381
8268,-1.5015263128060934,-0.015408402708766866
8269,0.508448169352106,-0.44386123612581857
8270,0.16164611103516877,-0.4402164993408894
8271,1.0085768819061698,-0.3934140198630317
8272,-0.4457198142853881,-0.43418871810815457
8273,0.3491805280480011,-0.5403356306594036
8274,-0.45474222420166327,-0.4981733361640312
8275,0.13676390982447714,-0.490445466173252
8276,0.7240931980256912,-0.4677642737476777
8277,0.1341624151079369,-0.44805561353649315
8278,-0.6376647859879029,-0.39809417342309034
8279,-0.15990383339890682,-0.4117999938502614
8280,0.17211464458857442,-0.35800588735285666
8281,0.37174944062869375,-0.3747021941046273
8282,0.5188428058790625,-0.3715561747283149
8283,1.1377718780072497,0.0784603351373049
8284,-0.09870687475788162,-0.08665821725625913
8285,0.25364897064093156,0.10718602425907502
8286,-0.5441647599395781,-0.2062525997793297
8287,-1.4276198871575463,0.6803579454438484
8288,0.8202820678616626,-0.13739516744194386
8289,-0.2807125606994897,-0.20336750334942155
8290,-0.6987247940410293,-0.08940487856503196
8291,-1.3229371194096513,0.10391967978270818
8292,-0.4973094681128704,0.24312030650534922
8293,0.22065215867897292,-0.31365101355809494
8294,0.7480691686696694,-0.37118767757870413
8295,0.17625032736746946,-0.3544400447952159
8296,-0.6715993940835598,-0.38630091572075054
8297,-0.21517745330462154,-0.21712170181672136
8298,0.892114474177618,-0.4708744904553277
8299,0.288890616219773,-0.37176720988503636
8300,-0.9881624529295262,-0.4307589623786605
8301,1.1037100954651544,-0.5042034101821363
8302,0.047122359262716663,-0.4971000070227335
8303,-0.23302921038431113,-0.5017869453021798
8304,-0.008167435645052188,-0.46461663976010825
8305,-0.08844333488352238,-0.5596270164256346
8306,0.9443165957587366,-0.45615736733524426
8307,0.49909132652926885,-0.47929603378949887
8308,-0.48332133202876165,-0.49132549027479794
8309,0.23995271266957266,-0.5143938806853994
8310,-0.35193527401956404,-0.5669236111584698
8311,0.07761387381039016,-0.5766529519077069
8312,-0.173678171760301,-0.560916402875054
8313,0.5425808011864376,-0.5938608274417255
8314,-0.5444709993535096,-0.41008038416678044
8315,-0.38060138818350736,-0.484455152609956
8316,-0.09892925369726908,-0.5331074093468708
8317,0.1591724341030987,-0.5790192095248754
8318,-0.4131342476622312,-0.49066763587118084
8319,-0.34341410929161514,-0.584508264177351
8320,-0.3732211602209772,-0.48326893200393495
8321,0.0013726616889860556,-0.5250704092131278
8322,-0.0069787248144731005,-0.4608466322784044
8323,-0.23886368687235135,-0.5655465397826319
8324,0.24735152129088114,-0.6142778254768183
8325,0.2621605561636863,-0.4889890383930887
8326,0.5366475808324167,-0.46197664445982567
8327,-0.2380236441763299,-0.47930696411607915
8328,-0.18578681456661952,-0.5700461179041006
8329,0.04894680017559523,-0.5607849675225022
8330,-0.2692193201227998,-0.5684625723793081
8331,0.7221517105513015,-0.44326938379622144
8332,0.4774744669513452,-0.08605039844374975
8333,0.08611580120711854,-0.5761775297433606
8334,0.4377390187229781,-0.4277581241889739
8335,-0.22395471750192456,-0.49652801152021847
8336,-0.30758933024696944,-0.5215636467302125
8337,1.052548314232785,-0.1701735608308832
8338,0.22046066506896503,0.11466442763696967
8339,-0.5824440836775789,-0.27339725511949303
8340,-0.17600961686294136,-0.46689216405667483
8341,-0.01020932787614312,-0.5173590643032049
8342,-0.3668267730932601,-0.19701845451778946
8343,-0.3147668370986069,-0.49011034649897706
8344,-0.17167123506092222,-0.4177137326968657
8345,0.3418316021631281,-0.5182091718186784
8346,-0.24120769191040245,-0.4578576766787711
8347,-0.44304687815691307,-0.44345252009068953
8348,-0.3129772422384567,-0.4882671071982073
8349,0.30122201810889776,-0.5135801673612221
8350,0.3637887199399977,-0.4059585573050044
8351,-0.09136432754598592,-0.5640536747440202
8352,0.10307794869300238,-0.5125641590281925
8353,0.028538675144185364,-0.560727358648372
8354,0.2497239459994687,-0.49195792286416423
8355,0.43361702700603294,-0.32683593719281184
8356,0.16340238449353536,-0.4422239446379961
8357,-0.5020564181635874,-0.37091957247575263
8358,0.6349221230532884,-0.4821883791119775
8359,-0.6655746427089838,-0.47024577049880845
8360,-0.21263194043983918,-0.48267783710563306
8361,-0.14260205924379524,-0.5517437174786026
8362,-1.2748299118464586,-0.2359025703868014
8363,0.2418635058887035,-0.3847820730886139
8364,-0.27190995923760697,-0.3269962382595265
8365,-0.2996580220879514,-0.43140116011195206
8366,0.20719535526449095,-0.3775547691515534
8367,-0.13837178817619697,-0.45816252994885037
8368,-0.13571533003490197,-0.4158224990885836
8369,0.09900457530504254,-0.2723259244928331
8370,-0.1006409104447601,-0.5825995612955002
8371,-0.4333266311949278,-0.43319991011463477
8372,-0.18762258190270154,-0.4039190483264053
8373,0.27013166359936236,-0.46289593380724336
8374,-0.30715231129199144,-0.40427320524296273
8375,-0.23723091239060845,-0.2602123434985422
8376,0.3089066194184406,-0.4505696036775644
8377,-0.7951857066101372,-0.2481050633457722
8378,-0.4029710082329589,-0.249941374585807
8379,0.1903553560217809,-0.32709453165646313
8380,0.3496475985874545,-0.11953527923319747
8381,-1.1735662823733544,0.1250755704491862
8382,0.223961192984276,-0.24797943463277716
8383,0.7761895562154345,-0.32483104234794924
8384,1.0330731900602166,-0.2700192570471719
8385,-0.5839549645939369,-0.4140041465692289
8386,-0.24774534214117247,-0.4869139392157918
8387,-1.1160223973876278,-0.230313158406878
8388,0.35495494790803,-0.06573609279542685
8389,0.8392228634222048,-0.40190089809459856
8390,-0.4125826376002613,-0.4104645924129173
8391,0.09992623706167694,-0.41599786456833787
8392,-0.13860175613919853,-0.5070815346234049
8393,-0.03319349824524479,-0.5095314180372225
8394,-0.009160469652985215,-0.44911472668600255
8395,0.3919781539066631,-0.5041215587049366
8396,-0.050563229162285735,-0.5176554959033748
8397,-0.5411070941386269,-0.3995553407360778
8398,1.118125182666045,-0.5135691406681951
8399,-0.7855299523224263,-0.45225739096758266
8400,0.0487238811597229,-0.5139829197095546
8401,0.07388645669670149,-0.5424517841683651
8402,0.007292730039235902,-0.55481804423597
8403,0.3471788120753843,-0.5331699040629744
8404,0.47582835295662435,-0.5269733729037203
8405,-0.32613923958623664,-0.4741522429787432
8406,0.2532150090979214,-0.5422994385799476
8407,0.24203798429269385,-0.5524796110204376
8408,1.2654199415477385,-0.3703249987857482
8409,-0.9263327120157491,-0.2712835920779153
8410,-1.1665277233255813,-0.35714400279360575
8411,-0.2927892321619119,-0.3641596472143452
8412,-1.042030748125795,-0.05702803256432219
8413,0.39492147971285135,-0.4400092616128027
8414,-0.3191037221880976,-0.37949611885998996
8415,0.22933223537266137,-0.4513570667315868
8416,-0.706541312860616,-0.46867284170913576
8417,-0.0014793191968327218,-0.5180335872387115
8418,-0.31870186325335836,-0.5109476277342878
8419,0.4800099654803073,-0.5996621651992632
8420,-0.14545383942434711,-0.5228011533927528
8421,-0.06090557633628155,-0.5367308587904751
8422,0.05259612120452186,-0.5626708037377016
8423,0.42947676452820743,-0.5939787253468674
8424,-0.837412766447094,-0.3473205079163587
8425,-0.7525669844643187,-0.23086517206083007
8426,1.2824212212374553,-0.10907385291223991
8427,0.27716305809208835,-0.36339439355108366
8428,0.501824963215267,-0.49404482867085875
8429,-0.07988287769124802,-0.5145874516855251
8430,0.3920100467272873,-0.5791825745910142
8431,0.0732668924500318,-0.46747609692939485
8432,0.18827913805730506,-0.5190610461563515
8433,0.05799817751652465,-0.5486380148796459
8434,-0.38980621855809244,-0.37823514076827675
8435,0.6034682380570431,-0.6157099939705016
8436,0.2771027789690818,-0.5622675109482538
8437,-0.07787548076334493,-0.6101810272610536
8438,-0.24631202178344533,-0.5167365280112286
8439,0.020201966282155738,-0.2773423950646348
8440,0.10285911001091391,-0.47593920835684184
8441,0.08331134065756009,-0.5449525809795961
8442,0.2693633209905536,-0.5441760013742973
8443,-0.8426723511492656,-0.4714175414120737
8444,-0.345789910050001,-0.42795315469208
8445,-0.2788734302665508,-0.48067855880311644
8446,0.12926628252183991,-0.33401946140525096
8447,-0.23009820524544622,-0.3757898361208395
8448,0.4891737993455653,-0.5688213034630631
8449,-0.15449127651593325,-0.5346236786757936
8450,0.541595611925876,-0.5489057554323461
8451,-0.5069094218758302,-0.4375536306451456
8452,-1.110230239896783,-0.312056006881012
8453,-0.17242262049383203,-0.36272463017799705
8454,0.30054556652937975,-0.4039004672690407
8455,-0.446643225107572,-0.4861265039739201
8456,0.5941774309853832,-0.5309920099684028
8457,0.5486867416943062,-0.30479156922100786
8458,-0.6185622533798155,-0.4631724712824172
8459,-0.019389487567891245,-0.5017450683984659
8460,0.5421648641014031,-0.47960711671903716
8461,0.17356534889186653,-0.4486958052445675
8462,-0.49739012973451396,-0.5095482193298577
8463,0.06094404826382551,-0.5438510268881104
8464,-0.050652143180623485,-0.5541252193730583
8465,-0.12249699436569919,-0.5601715594213976
8466,0.10853567594579742,-0.5935567343806076
8467,-0.40924673445200904,-0.4981921827242769
8468,0.25468389484482473,-0.5431002035284835
8469,0.09207653290521914,-0.5746689325851408
8470,0.05536689395271579,-0.5168385835983315
8471,0.5781522429873085,-0.47802438522806273
8472,-1.3713336953666933,-0.09409265942586735
8473,-0.3503179159901671,-0.45107313192732645
8474,0.5547733608585779,-0.4741714045943167
8475,-0.4050396143244995,-0.3467006372231242
8476,0.4684054402796966,-0.35097310955230704
8477,0.14119101137348397,-0.202041817335673
8478,-0.2491512168871883,-0.1119713901008152
8479,-0.5940590323235949,-0.28306365790769084
8480,0.20700709018040003,-0.3553371943374008
8481,-0.1360810752289909,-0.3747888351426807
8482,0.08119597169149503,-0.495143997798124
8483,0.6403978821354448,-0.4938308115421933
8484,1.2019496834168633,-0.39580844015211036
8485,0.24852728839751723,-0.30690832523296036
8486,-0.4540282675367397,-0.369418868961322
8487,0.5032397860914503,-0.41635864109968324
8488,0.45234812020692794,0.20966103332829966
8489,-0.06525372970213852,-0.3264798319625054
8490,-0.9484145209608842,-0.4028847272450483
8491,-0.7003319566679913,-0.4616077460381425
8492,-0.6811317716365094,-0.435803237662688
8493,0.2566433175449771,-0.25340466725119126
8494,-0.3188963589534489,-0.5053913950091706
8495,-0.5143765020029475,-0.3240550707263815
8496,-0.456625695250429,-0.39849595897143586
8497,0.18703183576244245,-0.4868759933677545
8498,0.7127485225930177,-0.5139628038150131
8499,-0.09634094765284555,-0.5306888577984137
8500,0.17203549943192117,-0.553348506746834
8501,0.09039416768167069,-0.46443893425940896
8502,0.6129938717738134,-0.4908171518748058
8503,0.05506243651540182,-0.5641009422914257
8504,0.3006356702519714,-0.585376135057054
8505,0.16736395819719083,-0.6055879459536666
8506,0.10398949783459885,-0.499462998254762
8507,0.38048464069423876,-0.43802600048881224
8508,-0.348583745417073,-0.3149398199100887
8509,-0.01471676233455217,-0.4983612331540336
8510,0.3781131682991004,-0.5417481025420396
8511,0.06257271107995867,-0.5377383064707387
8512,-0.15084960894443578,-0.5113060042662485
8513,-0.028686633039463144,-0.5359877866150011
8514,-0.13746519855671274,-0.5264979205489309
8515,-0.48584923083760123,-0.48592073009268244
8516,0.0026918063125560467,-0.6027323560099672
8517,0.25980491453737575,-0.585878375098225
8518,-0.5393371437608873,-0.5128481678123993
8519,0.4871447302568559,-0.5372191835495334
8520,0.09906709039023658,-0.5137951055580735
8521,-0.18116941650014842,-0.5434361478096518
8522,-0.35185250119365163,-0.5565655060827821
8523,-0.1665568321705861,-0.5303496694203751
8524,0.51879113073113,-0.537551641383966
8525,0.5320457925734156,-0.49373593503573693
8526,0.01017847205025734,-0.3905004358227592
8527,0.3262984207439195,-0.5407011174637741
8528,-0.12354161824348454,-0.5720585197062484
8529,-0.34813524459849604,-0.582207757885087
8530,-0.06465880100999948,-0.5597083012654004
8531,0.2088189559309118,-0.6230105733953549
8532,0.044508317309759966,-0.5832918451787232
8533,0.13308818791051383,-0.5900183642287479
8534,-0.15871298039126008,-0.5304340570820385
8535,0.06783289231591941,-0.6281007424753076
8536,-0.12176607420968498,-0.5904040423286849
8537,-0.13022673582449823,-0.5102829864814186
8538,0.3744206784480341,-0.4380446634755682
8539,-0.22189214040994007,-0.6080691495606998
8540,-0.0031254074217969587,-0.4791032305112112
8541,0.02211033999086061,-0.6076263727893042
8542,0.33963058236461324,-0.5811192645450833
8543,0.20010421890405308,-0.5445198270039461
8544,-0.2606837258082359,-0.5186298533302588
8545,0.2023908721385053,-0.32268433033219834
8546,-0.0694239069062883,-0.43882196714013166
8547,0.14445899710435214,-0.4847219492327212
8548,-0.0023709801807816986,-0.4699890131383177
8549,0.30989133771096306,-0.36520905388818997
8550,-0.42559713329698606,-0.3012876122007226
8551,-0.02221760919887479,-0.3557781222779935
8552,-0.19784514988142932,-0.5781323710198575
8553,-0.04657008253163472,-0.5110169759891855
8554,-0.29945882738629137,-0.48442146786730234
8555,0.18207466933834218,-0.5189208577001377
8556,0.16235310438584166,-0.4879337363436768
8557,0.14563926613204975,-0.4515903420507877
8558,-0.008129921238241623,-0.5284833540318289
8559,0.13731162247561596,-0.5489009021705376
8560,-0.21838798240834909,-0.5164172529899539
8561,-0.06378917998408028,-0.5713304759883508
8562,0.039260538928563064,-0.5296881894440699
8563,0.032143211446074293,-0.30876663042554653
8564,-0.02686646357617626,-0.5132757783605005
8565,0.008691533590915667,-0.5457304114791326
8566,-0.07181603142788406,-0.5459247099603093
8567,-0.2698164531983501,-0.5632470665879232
8568,-0.019322578779661627,-0.6086420616252022
8569,-0.0319383061130108,-0.5464256113355107
8570,0.0464340214770428,-0.6005709038771645
8571,-0.4581841121163188,-0.4326921862371261
8572,-0.09114332935818041,-0.588926079438146
8573,-0.14197251567226746,-0.5954240390878283
8574,0.2652294782229748,-0.5614750011629619
8575,0.26052072654539726,-0.5404724639529319
8576,-0.006380641262862438,-0.5086562983973031
8577,0.021760726511426777,-0.5747917361653712
8578,0.14911474797316934,-0.605965514391606
8579,-0.18749258667994698,-0.5334375371515085
8580,0.37588500276360864,-0.5711491893004312
8581,0.6045139303486856,-0.27531738553901813
8582,0.12638934790023656,-0.061159859136462685
8583,-0.16083350189725767,-0.3233082912819481
8584,-0.17711392685393054,-0.3193088936665456
8585,-0.193126123789129,-0.5236030210202512
8586,0.28454887098408427,-0.5354284608727965
8587,-0.13758602696059796,-0.5171188299995703
8588,0.4820710402210617,-0.45056268308844
8589,0.6200119522030779,-0.15503646758295717
8590,-0.4123355727040858,-0.3394892519181726
8591,-0.2692641927492561,-0.45029304898844713
8592,-0.05517508448308124,-0.5657880289864383
8593,0.2996778253620091,-0.4630293006351716
8594,-0.028593569832629243,-0.5483721504420984
8595,0.02932143896927268,-0.4920360411515692
8596,-0.19322518804324618,-0.5433613283691849
8597,-0.2061114456936078,-0.5289759959638545
8598,-0.15775481177099468,-0.4871715477880237
8599,0.14144164837034934,-0.5541197279571805
8600,-0.17933244025977926,-0.616476223460504
8601,-0.08865405373422311,-0.5921958111092165
8602,0.0022543545428189687,-0.5673795136703621
8603,0.22014769803498696,-0.5549426944790588
8604,0.011225549517127363,-0.6205866013866946
8605,0.3775546504676534,-0.584205714674024
8606,-0.16099159026124435,-0.5538032078510965
8607,0.20338469809562618,-0.6035099861019273
8608,0.16732975179871382,-0.5759299354477653
8609,-0.15736464730550273,-0.6019488196593185
8610,-0.14766527704859791,-0.5360217526589148
8611,-0.14903782874876434,-0.5935812380575387
8612,-0.13276663567964245,-0.6083189570635749
8613,0.11448835093240893,-0.5151401419151461
8614,-0.029025610927761028,-0.5536441916518456
8615,0.395133882670592,-0.5063905052081342
8616,-0.27536141363065747,-0.5313118136452514
8617,0.18175883397217132,-0.5618344068182384
8618,-0.263374141761922,-0.6023613953533167
8619,0.04760869681990883,-0.5340403214446966
8620,-0.2759479679872258,-0.5910564493412603
8621,-0.13564092930573854,-0.6326638338653159
8622,-0.30448817629914815,-0.45546528136696324
8623,-0.02787736387988083,-0.601368940991868
8624,0.2964980064158618,-0.5575623585750629
8625,0.017583594477469905,-0.5925133664106239
8626,-0.08183136395101552,-0.5342480483872286
8627,0.1098233373711171,-0.6153531985649157
8628,-0.3916186852979451,-0.5833666800800796
8629,-0.047632922678821105,-0.6121766360775102
8630,0.1954409306865047,-0.5832923201993773
8631,-0.11684316354162536,-0.5531918153560127
8632,0.00817338946524734,-0.6310025197443421
8633,0.07008843689026167,-0.5818466417632915
8634,-0.0568412240419267,-0.5555161055785124
8635,-0.07686409054657552,-0.6441477321951699
8636,0.10782983537777198,-0.6100972245768874
8637,0.21884105854051678,-0.6335802371148127
8638,0.053411513792271326,-0.5690778352906852
8639,0.06856188096125398,-0.5876456455755631
8640,0.06453705248737027,-0.5703471315229872
8641,0.1278666491639441,-0.5830917833503422
8642,0.04365329190400264,-0.6395903267803089
8643,-0.0725142027655768,-0.5689600619547158
8644,-0.10333683000388792,-0.5791465718089575
8645,0.20001067094654204,-0.5939096969671666
8646,0.08021571189471306,-0.5229056303862429
8647,0.051117648181758034,-0.6239693667102961
8648,0.6483505535278407,-0.5268264382072271
8649,0.006521752094764403,-0.557354156025262
8650,0.018106149211704017,-0.4861549318744859
8651,0.22983625667468008,-0.5544234319047397
8652,0.2932328984288997,-0.3172598335033747
8653,-0.2798478760378766,-0.49195723090192073
8654,0.6319059312302039,-0.47306088387552686
8655,-0.12316153463142293,-0.4657852971409838
8656,-0.3928572805102372,-0.49104514978205827
8657,0.3670715399609962,-0.3132983557673185
8658,-0.2648142690802499,-0.5121071811680322
8659,0.13494802905152808,-0.5301144011766105
8660,0.20918995141205388,-0.547752578268359
8661,0.640953617162504,-0.4264318991021772
8662,-0.7584442251626249,-0.4189730840903625
8663,0.1907884073474854,-0.5806436080502562
8664,-0.4633541374717298,-0.49159241536517007
8665,0.5435732135915473,-0.5690141688671234
8666,-0.09767874877606804,-0.5144272483612913
8667,-0.0722524644304087,-0.5825962010752571
8668,-0.05071514886433298,-0.41842129903301684
8669,-0.1766698884751782,-0.46171413034768655
8670,0.4625447704262735,-0.5118900976937462
8671,-0.3237248632069956,-0.5157724199831417
8672,-0.7989874799289913,-0.2609402005993336
8673,0.02475723552763532,-0.13007360955567804
8674,0.07316923560620109,-0.37229913917118873
8675,-0.17028718495974202,-0.3818594081183757
8676,0.04638263702307745,-0.5285749822363994
8677,-0.47278415150698055,-0.42224865589910393
8678,-0.04359199331475474,-0.4549660507989718
8679,-0.3417369299587145,-0.43830836465687456
8680,-0.07087372176150927,-0.4472498466931192
8681,0.36634613228827867,-0.45559188260391714
8682,0.02428320888245948,-0.527109653089147
8683,-0.378348804759285,-0.5663109120851789
8684,-0.2747790440592091,-0.5016785607670766
8685,0.6370014226436059,-0.6063410615204408
8686,-0.2705357201618192,-0.5557314441048267
8687,0.4689232975574997,-0.5724438151230798
8688,0.18606188128730963,-0.5417940128786993
8689,0.050391952335857575,-0.4721916713116997
8690,-0.2384886162070202,-0.4671556510548785
8691,0.07540559076894163,-0.5167621346972829
8692,-0.4995157370560816,-0.5223813605686995
8693,0.08127388706597373,-0.6093048564452537
8694,-0.11178950152709383,-0.5404340508942252
8695,0.13562159140491958,-0.5911823205025128
8696,-0.23594048589565472,-0.5904630215104538
8697,-0.25529587520333624,-0.6087936044429091
8698,-0.032787594453554156,-0.4219749842845521
8699,0.5095625829638287,-0.5910750994092211
8700,0.4973042586992252,-0.5654574853711057
8701,-0.21951423574573922,-0.5007067136475951
8702,1.2031098546228813,-0.2695637441831009
8703,1.9851082819176955,0.7726644371538757
8704,0.26877072648946626,0.42128751314318924
8705,-0.15673738498095477,0.3536201443858417
8706,-0.15449755683817232,-0.05441696164730266
8707,0.8908720647253882,-0.3077100908644631
8708,-0.650848583504494,-0.11555944855809266
8709,0.1105134502621089,-0.3230808242258653
8710,0.12403004883542226,-0.22634161616421006
8711,0.53938095782391,-0.12361277111858998
8712,-0.1292338010726624,-0.06871032438445913
8713,-0.1292330157108641,-0.33570100055697655
8714,-0.7711110859052138,-0.2664478867143971
8715,0.19907396659588475,-0.472273621360262
8716,0.27700032515749656,-0.4792061714392544
8717,-0.7525443268314355,-0.4913659448920847
8718,0.24017613330002524,-0.5269206167698652
8719,-0.2374972472818029,-0.4758568496687404
8720,-0.056871278263660646,-0.43697743257362165
8721,-0.4921438546095172,-0.44312372814845713
8722,0.03324644871366245,-0.5655055268852577
8723,-0.3028489872425086,-0.41251086617234156
8724,0.470166555220696,-0.5846459708302983
8725,-0.1541299814652041,-0.4789650763866271
8726,0.010367326838757266,-0.5573546591943833
8727,-0.259171268908377,-0.5003402410824508
8728,-0.4762964265785477,-0.4371064544352692
8729,-0.03654713738556226,-0.5286821382452777
8730,0.29435817517211044,-0.578672969052969
8731,-0.37352722389296233,-0.5242388086714366
8732,0.09658570951683484,-0.5963705454292705
8733,0.16519612646691237,-0.4242333705276719
8734,-0.1114416463274189,-0.5594170220782324
8735,-0.2478984312610496,-0.5245353376812661
8736,-1.0517770121735541,-0.36517368973129144
8737,-0.6580356641755947,-0.037474753608082084
8738,0.22175703511606382,-0.3667949125056622
8739,0.42033963894859916,-0.49247511078300826
8740,-0.05318107273141002,-0.5480926660045747
8741,0.01609019764306882,-0.5955498207773801
8742,-0.19562924248405975,-0.43667303544765046
8743,8.324639921709724e-05,-0.41971946886282185
8744,-0.4470908378618112,-0.42768860837859374
8745,0.0016760887576450344,-0.438170568304854
8746,0.35617906785960163,-0.5203998000836445
8747,-0.042185675430381424,-0.556226360774894
8748,-0.5718768522341612,-0.4368052353374088
8749,-0.2343314312486491,-0.4238534547935519
8750,0.06453332902542655,-0.5303777867251996
8751,0.18357114415376966,-0.5072086829759554
8752,0.2061169362674592,-0.5350474469081572
8753,0.006632892424586685,-0.5276336842259682
8754,0.2746618083261086,-0.5262753861343007
8755,0.2968168009433766,-0.27427242950752034
8756,-0.12210709779495833,-0.6024498632899481
8757,-0.3583504238274157,-0.5090335006927957
8758,0.09517501121159447,-0.575093371449056
8759,-0.13295431971993046,-0.5077783378252125
8760,-0.3051332803214445,-0.496315927138519
8761,-0.2625185301682981,-0.3796677429202499
8762,0.371058497328209,-0.532174369507428
8763,0.7257945047304784,-0.3750353111459305
8764,-0.8432431115964261,-0.38778735894838445
8765,-0.2931691317909069,-0.4825430454115279
8766,-0.017736431456615367,-0.15496962219605112
8767,-0.20117099460029486,-0.37571142407149705
8768,0.027446685816690318,-0.3053678624731745
8769,-1.3083803436135655,-0.04034074032444573
8770,0.19049748560851867,-0.35331633438840876
8771,1.38184010430441,0.4658615286137855
8772,0.4430226816693548,1.0145200454498489
8773,0.6645924975085161,1.1006771627072316
8774,0.4231564964228987,-0.13222476633771263
8775,-1.116980385533973,0.01279797389450564
8776,0.5490429268144192,-0.37952819671804994
8777,0.42103485546097735,-0.3882560189629267
8778,0.19066515717482116,-0.32396590052200946
8779,0.16156038821969612,-0.4667266384871867
8780,-0.04534429244240224,-0.42065793344884134
8781,-0.6786016854981523,-0.4710183222199729
8782,-0.35444129859946233,-0.3766048128605127
8783,0.14284261443325677,-0.464219612356347
8784,-0.362248126618274,-0.31055554659696666
8785,0.08736410732527891,-0.5308132807580238
8786,0.7005094086277196,-0.3501727304349662
8787,0.9970790871985323,-0.2037157321825811
8788,-0.014515242507147018,-0.14211382404442768
8789,0.9679018956394286,-0.016467273043457548
8790,-0.615969346145123,-0.290157387207725
8791,-0.1627128547216886,-0.31487355372001574
8792,-0.15692913446300139,-0.4471240347862688
8793,-0.027129588666300698,-0.40196775534324863
8794,-0.41072086713160616,-0.37523116796076994
8795,-0.22759921830343954,-0.5178179394243926
8796,0.020332989110073807,-0.4699075796890738
8797,-0.759637375615274,-0.36159346628136524
8798,-0.044707419406922244,-0.46644881371293906
8799,0.193367979858987,-0.5010791148811474
8800,0.06933973481405906,-0.49508636502420345
8801,-0.5399073463092674,-0.4786204052769528
8802,0.35879181761759255,-0.5153924993900021
8803,-0.36199061419900963,-0.5327747078550474
8804,0.04635605779127321,-0.5176412857997387
8805,-0.19404357300058375,-0.4201587086663693
8806,0.6121255684979715,-0.44928857730925986
8807,-0.683458629866409,-0.38438591470712635
8808,0.3686593860135209,-0.4285525170380857
8809,0.18563420858626464,-0.5675403646899156
8810,0.4815458973589023,-0.5206715548529174
8811,-0.2222503016474853,-0.4237865321414648
8812,-0.3175522920572063,-0.40719031020269925
8813,-0.43076942600448276,-0.49514878842213633
8814,0.005580969308072914,-0.49616931533682584
8815,0.3158829979388899,-0.5756794033934052
8816,-0.5192602796478505,-0.38050255829301893
8817,-0.5376750197125654,-0.3956953570899381
8818,-0.008131587772717969,-0.5524020849834455
8819,0.37375030986527286,-0.563002626829901
8820,-0.16874142445394752,-0.5359652485489287
8821,0.15951031262138535,-0.5447504895612152
8822,-0.27679283531210597,-0.5400850464109461
8823,-0.46065226653189006,-0.4995670658419977
8824,-0.16084125926220905,-0.5121317080011993
8825,-0.6503793950436411,-0.325462105096204
8826,-0.296978015505677,-0.43961471919250544
8827,-0.3518685574980813,-0.2602030339164038
8828,0.08237914071180796,-0.10584089310586352
8829,0.33995037173216985,-0.5075775955080779
8830,-0.4396628520121602,-0.5416204448704134
8831,0.06431851989003629,-0.5572183822390797
8832,0.37663485905230815,-0.6141324418868932
8833,0.004233446971936179,-0.5018388226870868
8834,0.0422210410623202,-0.5663870178044915
8835,-0.11205960531082663,0.3004148142283261
8836,0.09934789640718317,-0.25081602247392437
8837,0.5613201176553417,-0.3122465344363185
8838,-0.8589013964089329,-0.4456685150820312
8839,-0.02764993518630786,-0.3909177701149309
8840,-0.5412994417158509,-0.35042473678503927
8841,-0.08318229126174556,-0.45094384936785037
8842,0.08001411032020261,-0.46311992706673843
8843,-0.03780288311391124,-0.39709329742088467
8844,-0.33167151561557023,-0.38757260947848704
8845,0.19035997343787545,-0.5100967651205827
8846,-0.11791564023694297,-0.47200548480804466
8847,-0.17980427755717285,-0.48556759457931703
8848,-0.16698509519549812,-0.4472771135287231
8849,0.27592208542559915,-0.4726646174328296
8850,-0.6253789570682872,-0.44513643377076745
8851,0.41234122944777624,-0.5040261827523573
8852,0.07862470083790905,-0.4784511070904826
8853,0.05494739311256124,-0.44408007954302836
8854,-0.12441918945224639,-0.47876455494202075
8855,-0.5729144445636395,-0.042756533766493375
8856,-0.08478702957788603,-0.3640551763499765
8857,0.015085206325153604,-0.4377979051157304
8858,-0.30962758687361985,-0.15338811283921489
8859,0.5255134328416727,-0.27079973096401694
8860,-0.6532428506951381,-0.006557259052627426
8861,1.1438758416630026,-0.3786981644272812
8862,0.8808001967633573,-0.2956649614598716
8863,-1.8468150202297584,-0.12371750390293039
8864,-0.9922823952313281,-0.05356318062039932
8865,0.08471276175716791,-0.12310197634411033
8866,-0.5688665402713399,-0.28370435924202453
8867,0.5740288049579025,-0.48636866015748936
8868,-0.3044367269187717,-0.2312559326951677
8869,0.09866772177002077,-0.5756235306858573
8870,0.8214888583352714,-0.43066498819988197
8871,-0.30047387530633196,-0.4895254064487742
8872,-0.15555646443553475,-0.48917023027306344
8873,0.12330154270544463,-0.045467748939157775
8874,-0.13452828970041478,-0.21092042679894812
8875,0.009103078762761693,-0.44167111623227895
8876,0.0756526377007396,-0.4653133505166056
8877,0.04312579750939522,-0.5131796542195469
8878,-0.3445393283431521,-0.5120712246246574
8879,-1.0226783388793141,-0.25621794555375166
8880,0.09961938572986492,-0.4879884775162146
8881,-0.5335058456765958,-0.06454565107779633
8882,0.2036300013232788,-0.19621835278849106
8883,0.04712903755073938,-0.43504032234030765
8884,-0.7340020693795176,-0.29690595181248314
8885,-0.3379734843422146,-0.5173087256024017
8886,-0.12598784634751253,-0.03781308649044579
8887,0.7789710919031253,-0.46795105923538727
8888,0.3088536859245665,-0.5570667020850377
8889,0.2632030465190483,-0.5251538589016389
8890,-0.26157916376807167,-0.5061420905181431
8891,0.5728127140214884,-0.49865709527828334
8892,-0.31834029386368445,-0.5628873476917117
8893,-0.14005365443416165,-0.5916756218139668
8894,-0.06701840793327368,-0.4878993259902922
8895,-0.2619001634720046,-0.5831602255872821
8896,0.3654575212163541,-0.6269765843507124
8897,-0.6506965782751315,-0.5145632745805936
8898,-0.7165487663866357,-0.42627540148549475
8899,0.44013745848654307,-0.575107064551443
8900,0.1729459978518453,-0.6011674450821213
8901,0.30172856194727615,-0.5784158559973089
8902,0.14672920910229012,-0.46337177243110617
8903,-0.08203107199135479,-0.5387010536024421
8904,-0.03906152565481697,-0.5730170205713409
8905,-0.694354902811784,-0.49393448993654276
8906,0.022101483590174206,-0.584044422044148
8907,0.7202247671228463,-0.27752379801821286
8908,0.5154712848277818,-0.5240218021669333
8909,-0.10282842527559151,-0.5369899819164204
8910,-0.4204405116983481,-0.5637948403039634
8911,0.3708100200044388,-0.5634939056119066
8912,-0.08690976388919872,-0.4991513669746926
8913,0.48825281069191445,-0.5420067889718053
8914,0.4937828807865934,-0.49352529723072885
8915,0.345063639708631,-0.4584629275449592
8916,0.07255966188925764,-0.510088070330332
8917,0.013740988399135701,-0.5371784016885592
8918,0.13426173793083926,-0.2743939371680228
8919,0.1450291217486319,-0.5409348476577535
8920,0.0923796274150419,-0.5178303778122398
8921,0.41364495159850095,-0.5413832014983633
8922,-0.30741171019591923,-0.5183371007530414
8923,0.3054536835057117,-0.45262463552048326
8924,0.2529109992424865,-0.5486731763751429
8925,0.19377813882886266,-0.4980957708640293
8926,0.2654022674734475,-0.5209101705797115
8927,-0.3179210938336216,-0.44210839375100314
8928,0.8577182897737268,-0.5940147778428913
8929,0.3430912107302572,-0.3911271634548656
8930,-0.43761489200245207,-0.31495797168442285
8931,-0.2290174667096586,-0.5005480848274665
8932,0.6341427892549389,-0.50084301480409
8933,-0.12572876037554098,-0.5591170077975591
8934,0.5946803171622901,-0.40391666712568314
8935,0.5560639835076614,-0.40740694530537325
8936,0.04755410002947724,-0.44239860458184177
8937,-0.03756309378753694,-0.3464828221939472
8938,-0.23921433260712055,-0.4290253692647806
8939,-0.27760242679998004,-0.4930528967199613
8940,0.2419205946381067,-0.5007068012162303
8941,-0.16968109187915006,-0.5197084477870718
8942,-0.054027888944008534,-0.500199355622159
8943,0.22907885778624687,-0.5715706265032702
8944,0.3344751746398194,-0.542627775599499
8945,0.03448803950672847,-0.45520015957847937
8946,0.1749399341627997,-0.41896191232256663
8947,-0.28840700986039364,-0.5308008656990783
8948,-0.5057267975551971,-0.4725813214499115
8949,-0.20592245568252635,-0.4865193548486993
8950,-0.33485027869899975,-0.47495409825709983
8951,-0.17270213812779492,-0.3759420754572528
8952,-0.44385428157447065,-0.42557776855492424
8953,0.44400806369782636,-0.5839581198920416
8954,1.0369942848058034,-0.47117172645006494
8955,-0.36327596463368217,-0.5296393207330011
8956,0.6040980667853537,-0.3638830840239005
8957,-0.03229825599674694,-0.2701675003659764
8958,0.6424010696211677,-0.221057474993113
8959,0.05629349949891555,-0.07211778024228568
8960,-0.3746695651285455,-0.3303512717095584
8961,1.1770745534934552,-0.37170089560358777
8962,0.8459425942416378,0.393265478034081
8963,-0.1386542100700032,0.11721803327189174
8964,0.4868705703122636,-0.21309992364899813
8965,0.7840946717550925,-0.1034302069110066
8966,2.2772865377701113,1.008913494651142
8967,0.06849349317749287,1.678187774926786
8968,1.010419017849894,1.3422127934511152
8969,0.1082565218388683,0.5643268052816152
8970,0.06645549113760538,0.3636656982159812
8971,-0.05635598332284716,0.30735568865277146
8972,-1.16360281419695,0.683431585016306
8973,0.1508575408390251,-0.04420118291726203
8974,0.18081402654435474,-0.022506806390432205
8975,0.5488922667997115,-0.2933103487489749
8976,9.086243776051071e-05,-0.2072144117473389
8977,0.33756266270782614,-0.31222878805356996
8978,-0.27731765478812415,-0.15788439169042306
8979,0.3046912733937447,-0.3435901295827581
8980,-0.5143419559282418,-0.2994255266183543
8981,0.8026604467803637,-0.20717759078571024
8982,-0.0794489128887042,-0.2460293300030446
8983,0.23571658710195809,-0.05524235162931814
8984,-0.43985777631868744,-0.3857935206804924
8985,-0.5941021494649384,-0.4056698299856979
8986,0.39427423391091143,-0.356896763484227
8987,-0.35071779005774795,-0.3734005802155582
8988,0.11053518062481403,-0.2607968393535295
8989,0.5168331448677184,-0.42930151033815833
8990,-0.3125207651611521,-0.2302853002044361
8991,-0.03226647419340618,-0.5405146679075113
8992,-0.136952959484888,-0.37623532776890606
8993,-0.27545464336736175,-0.5168329596304557
8994,-0.32379950876072355,-0.45129570647813
8995,-0.6485281873368544,-0.12953327322835606
8996,-0.8147195956586387,-0.2489027557775506
8997,0.1968049155980236,-0.32742469157942067
8998,0.3730371364445681,-0.3593160774988862
8999,-0.4341852102369279,-0.15341904886182794
9000,0.8027518821879862,-0.515122539464792
9001,-0.47077794414741847,-0.5370883358114391
9002,-0.06808522928087246,-0.47581286709159465
9003,0.5637258021789936,-0.4491826864836917
9004,-0.2016533525426733,-0.513123658169014
9005,0.18181547976589205,-0.5330339272102022
9006,-0.5607425413741514,-0.5048147263325284
9007,-0.7380892195684217,-0.45269342571574533
9008,-0.2654367569403171,-0.4869542060038282
9009,0.6516356426752129,-0.5587863336166918
9010,-0.19733807946346665,-0.5599168145332951
9011,0.4126680694547585,-0.47374570007061295
9012,0.07110593495843612,-0.5366663862239696
9013,-0.49890978526685525,-0.5269285949721629
9014,0.5384080810053145,-0.5172134580172381
9015,0.35261109799166407,-0.5621758966124377
9016,-0.12223514731176523,-0.52474171701461
9017,0.03197241314283473,-0.5037846069635478
9018,0.9390154602279457,-0.15187967249047313
9019,0.3523654258421188,-0.23299118124836626
9020,0.5194564345587457,-0.17924621198968693
9021,0.31592819126062444,-0.2638913807695996
9022,-0.2252463240044407,-0.3233078640954997
9023,0.6585396074207113,-0.3262803644430769
9024,0.016483483794839722,-0.3752727230126735
9025,0.01734931140003406,-0.38216889909266544
9026,-0.6035604640940176,-0.3913439925409434
9027,0.2356030097284474,-0.4694056045378387
9028,0.2993566919729293,-0.13218127776765448
9029,0.03231196160653049,-0.23399255290646054
9030,-0.05701456262350682,-0.23861296347508065
9031,0.346038125176417,-0.31782028322231776
9032,-0.04992462096771932,-0.3238366040781601
9033,-0.6665246335167047,-0.338429084831489
9034,0.7080916234054743,-0.423674335511452
9035,0.5389733824213624,-0.35185782369778557
9036,0.7561899843315069,-0.1796822968357211
9037,-0.7017499199359897,-0.22187620983568035
9038,-0.07139334008797713,-0.40551422033262935
9039,-0.5774824610707125,-0.17884011814864018
9040,-0.08189514777158818,-0.35095013686492127
9041,0.08748130728988666,-0.5097571685080776
9042,-0.5392894284001426,-0.4012608066770023
9043,-0.31744792922763615,-0.43206905621483377
9044,0.21611576440581212,-0.4675919363827188
9045,-0.10157916459147988,-0.5429243461903671
9046,0.14985511213918137,-0.29586505569365745
9047,0.31164175041204845,-0.4658104678194018
9048,-2.290089308014653,1.1426557099967085
9049,0.4859385658483237,0.08986611075417021
9050,0.2859406216421932,-0.06474214100782169
9051,-0.34407322381977534,-0.0881461768689487
9052,2.2332572170365843,0.3458267920429318
9053,0.4608113561296526,0.5091052840157385
9054,-1.0799881164731728,0.22845351246864493
9055,-0.3086578086602895,-0.12193006256205716
9056,-0.1899077100342143,0.02767131912007563
9057,-0.3553166234289574,-0.42263311873392967
9058,-0.9569173676118073,-0.11964549035904236
9059,-0.03212311193355682,-0.1949753114324983
9060,-1.078932330727449,0.4661414659868163
9061,-0.6540407615683976,-0.2546266299153422
9062,0.8806800317226008,-0.29728871285962033
9063,-0.5369534071578487,-0.36977488313312534
9064,0.5123714319488529,-0.5049457404819891
9065,-0.0331952333650068,-0.3782710857816674
9066,0.8409198688272317,-0.5281586187923636
9067,-0.37569183571731196,-0.4584775511331618
9068,0.19726280363453494,-0.550332036632873
9069,0.06462302659732379,-0.5864056235383917
9070,-0.12800082923947356,-0.4368883393858202
9071,0.49438945467098494,-0.5478126760185111
9072,-0.02617343515571638,-0.5356057909868235
9073,0.10210760444791855,-0.5706954921503393
9074,0.2670500500543413,-0.5666233375610904
9075,0.25554629038434473,-0.5524211050716316
9076,-0.1495504998881838,-0.533535713283313
9077,-0.13957678961918493,-0.600403764613945
9078,0.18259950538113037,-0.5478684642214157
9079,0.26188920703955126,-0.6096952769533684
9080,0.11845553476502083,-0.6043756703462982
9081,-0.0015394231225715847,-0.5165696645178088
9082,-0.3363575680630471,-0.42837731181688554
9083,-0.018132763079278462,-0.5681113302353744
9084,-0.004462409327800362,-0.5685630673887636
9085,0.14075221789645895,-0.5681956465723506
9086,-0.09491136125344278,-0.5305695621702986
9087,-0.14430606295631884,-0.5048752792208225
9088,0.03899942783270643,-0.6030145067961286
9089,0.13893297616176722,-0.5929169693477886
9090,-0.2767291744059559,-0.5555526282882298
9091,-0.3285442501130436,-0.5203134816372257
9092,-0.07558367562252219,-0.6244127966678259
9093,0.1564433122611901,-0.5976504082785584
9094,0.18923046371658372,-0.5364924173116132
9095,-0.4180471524871189,-0.49618548029743353
9096,0.5155953619833049,-0.5707957742821923
9097,-0.5114740066901445,-0.5406732832702061
9098,0.4133640353272319,-0.6398423979669146
9099,0.11538435558418458,-0.5258543043891215
9100,-0.40854921363303826,-0.5384341010814774
9101,-0.09667410844989067,-0.5696901707917261
9102,-0.4053226039152846,-0.4548401126820831
9103,-0.08905553870133703,-0.017788487707079345
9104,-0.9713912041815788,-0.2621210448291677
9105,0.1036176926014288,-0.3861665709183902
9106,0.27467383435877935,-0.5454483560605683
9107,0.45471102004675074,-0.5156716448851268
9108,-0.12609065339054695,-0.5786070846798436
9109,-0.3009766297503767,-0.5873578621577037
9110,0.12209280968094285,-0.6445982956068792
9111,-0.3143601840972478,-0.5599791875830199
9112,-0.5548794535282902,-0.2906625626229279
9113,-0.3585614364161233,-0.3915572111878587
9114,0.47270708021272795,-0.46554746809738096
9115,0.09905069735980196,-0.5524798492712506
9116,0.1674940901496749,-0.4259422425909496
9117,-0.328553486828776,-0.43589084122838606
9118,-1.0169133605721896,-0.22619090087464688
9119,0.04342763634941875,-0.43915718657027336
9120,0.17985618315421115,-0.5046203922652508
9121,0.13256806193320744,-0.5363467016608278
9122,-0.6962169916495696,-0.34857679088441135
9123,-0.40859018984172174,-0.32157264764274046
9124,0.035526329082185636,-0.19758191988554608
9125,-0.5197975516888473,-0.21710951924606095
9126,-0.8770684858127623,-0.01990690398525917
9127,0.9449089647786936,-0.3165040305811278
9128,0.5308731205706868,-0.315738719202631
9129,-0.3365852490830271,-0.5433956662340724
9130,0.4086737027163525,-0.5057852026634125
9131,0.36322661625187586,-0.4507849266625107
9132,-0.036503206588773734,-0.4219702673653797
9133,-0.18844715653395672,-0.467089752115032
9134,-0.060224651335988685,-0.561058832403665
9135,-0.2034768706811114,-0.5676701584248981
9136,-0.14451460956717238,-0.5633813010564203
9137,-0.05692849716690715,-0.54439797114919
9138,0.276110710732999,-0.5370541795334475
9139,0.34809770559955094,-0.5468547084799932
9140,-0.18601253335518073,-0.5796427486024512
9141,-0.3555912939048514,-0.474599221766197
9142,0.054151281980028755,-0.5272294911829337
9143,0.07340928300231098,-0.5588256213999031
9144,-0.451832232647861,-0.5112731577407975
9145,-0.08553932891630173,-0.5113526735576888
9146,-0.43793346260635224,-0.3828023027673063
9147,-0.14031282993113095,-0.3042971870711733
9148,-0.6372568700330737,-0.26501831094554834
9149,-1.0380416206553007,-0.006206862877302419
9150,-0.7533200736424502,0.3227016627285659
9151,0.8784199719728524,-0.022779966186964568
9152,-0.10097034429071977,-0.3472807459264043
9153,-0.5465104341414929,-0.4343768610145853
9154,-0.5568417101751889,-0.3331410950273104
9155,-0.10016454504060499,0.028219821408846046
9156,-0.25063237040851627,-0.2953009845302637
9157,-0.34819578410560753,-0.35971028641916225
9158,-0.8048252639384877,0.2394437306847224
9159,0.07864424103871727,-0.007314062044321043
9160,0.09592125437981089,-0.051938169181703214
9161,0.22320400484334071,-0.37692881529258787
9162,0.0657552846916084,-0.32817645942457735
9163,0.13348011017612912,-0.4360305222505965
9164,0.27118822278521976,-0.33564338328914184
9165,0.2882388898071842,-0.506194919134928
9166,-0.452572079380328,-0.3608869151841303
9167,-0.4834579045688533,-0.45232030223338215
9168,0.28674744522190443,-0.5587171404159735
9169,-0.5573262628113611,-0.4482862576308443
9170,0.38327230483053265,-0.5000108039947017
9171,-1.0100227412904423,-0.4463659375951985
9172,0.7339438183250684,-0.6220632855741323
9173,-0.18825270370889116,-0.5982393984559286
9174,0.6417895701731062,-0.5805203301943316
9175,0.3229478738206935,-0.33453028267963547
9176,-0.2840915306114612,0.014002713304621703
9177,-0.11791315972061445,-0.5634449088015036
9178,-0.14539424098186945,-0.4974948475477255
9179,0.41547117583146936,-0.588694616294537
9180,-0.015365594175749708,-0.5711779612201635
9181,0.2778493286747404,-0.5792714439265604
9182,0.4405911143164692,-0.5043421917112796
9183,0.2143424009180762,-0.4619176995952702
9184,0.3606504448187426,-0.48615081612477745
9185,0.11524396432025788,-0.5927936723211547
9186,-0.49816049740202556,-0.3754017583096583
9187,-0.224067412556493,-0.5705402395912845
9188,-0.41581140503384284,-0.5166410704633844
9189,0.09758972048385998,-0.602264743821186
9190,0.28510363288929175,-0.46641739275073957
9191,0.2703826229614011,-0.5506053907590875
9192,0.1772599023719511,-0.5589298036092217
9193,-0.040870814091168904,-0.5142950983622004
9194,-0.33869199361555014,-0.5889717476201174
9195,-0.4619438929287601,-0.5483761279139355
9196,0.0773235567398162,-0.5947166238606135
9197,0.1724524099905232,-0.623629509340735
9198,-0.310880806485946,-0.5533711771337148
9199,-0.3672293026359281,-0.5866643594861211
9200,0.36824667660605465,-0.5137871216082132
9201,0.32493358329276967,-0.5964249468514842
9202,0.241001575868967,-0.6495421991499432
9203,0.36232958833522894,-0.5836412365239777
9204,-0.20188069156179245,-0.4048048525052996
9205,0.17930937303902658,-0.5755172520536599
9206,-0.3077964878303146,-0.5249178996303652
9207,0.8601389324967932,-0.5773243675713281
9208,-0.5181078748322688,-0.5763715463569993
9209,-0.40528331693764486,-0.5639012003993409
9210,0.006855767218851323,-0.5752983479485776
9211,0.14123842509672768,-0.6380643082853912
9212,-0.18634215295224063,-0.5937503732286976
9213,0.35431134232635,-0.6094671376948076
9214,-0.11521603862344135,-0.5872469247785858
9215,0.5040822591977607,-0.5457909895713482
9216,-0.07073438504125636,-0.5447266810261425
9217,0.2503166344074541,-0.5381656262415085
9218,-0.35034445166582545,-0.29206956258133276
9219,0.02495800927995631,-0.5519384678141042
9220,-0.39027039115776835,-0.4718631764304945
9221,0.02384035201168415,-0.5550940998238496
9222,0.25290387851925644,-0.5306101812597974
9223,-0.26771710150322464,-0.566295429556926
9224,-0.5438337756001382,-0.43665898334067976
9225,0.12395238546499887,-0.5355789749381744
9226,-0.3907713965372727,-0.5624613699237759
9227,-0.046359846586261966,-0.5751455866179824
9228,0.14426499001381085,-0.5812912763992907
9229,0.5834007212715311,-0.5231493274192246
9230,-0.02954598707060043,-0.5420892514543421
9231,0.08656334973129583,-0.5918493517152132
9232,-0.03177178602514964,-0.5976526456937729
9233,-0.3070761076351223,-0.5570864444194623
9234,0.22343504197680977,-0.5924999518971935
9235,0.2739453721345309,-0.6144058826119223
9236,0.07051199561591537,-0.5691432581211512
9237,-0.38064215083512065,-0.568358487225677
9238,-0.27352622513853775,-0.5562065905625401
9239,-0.16143284017549642,-0.5774491085767037
9240,0.2324402277668591,-0.5936356491799738
9241,0.26060931573282636,-0.6249840775304738
9242,-0.12983397861523804,-0.586145667374617
9243,0.3089399254340448,-0.5851130443012096
9244,-0.19147989376891078,-0.5666834287782005
9245,-0.2782310747565204,-0.5851338961680533
9246,-0.016505432844794974,-0.5927792245065905
9247,0.12467805507428567,-0.552571493299534
9248,-0.19293155275633064,-0.5860711235773679
9249,0.2069276528516036,-0.6067562541812151
9250,-0.031992074462197886,-0.515260190042909
9251,-0.3053722585553002,-0.5845562375826507
9252,-0.06909295579891701,-0.6070501063075913
9253,-0.07663071625482928,-0.527414021892982
9254,0.053299491685853226,-0.4263187330825503
9255,-0.30804664521911684,-0.5338601680545344
9256,-0.33170224520135133,-0.35818395303396405
9257,0.6026508356690151,-0.4973346319837325
9258,-0.33816990002073627,-0.526937219283094
9259,-0.13885648387892677,-0.5701513844972359
9260,0.24854607532195763,-0.6082771895160344
9261,0.12599480983804925,-0.5976743835626465
9262,-0.3790208711782341,-0.5589738525866594
9263,-0.33088454059770295,-0.47747748455817934
9264,0.15816323004959248,-0.6180832315462471
9265,-0.10167015640718,-0.5747700422478357
9266,-0.23022521544883107,-0.6288009822452642
9267,0.5403438707312358,-0.6362536763945239
9268,0.24312455664420912,-0.6541674638496873
9269,0.13680830235725594,-0.6106512606736401
9270,-0.22672275025167415,-0.5106451497281075
9271,-0.18696554834804133,-0.6239670290699484
9272,0.36848937692731243,-0.6466022176627307
9273,0.24510705851776077,-0.6314796803913985
9274,-0.22759228125474099,-0.5635388323501511
9275,0.20204591616949338,-0.6306088076984658
9276,0.09577195499076026,-0.6290437243133471
9277,-0.010018925269504765,-0.6664691530708741
9278,-0.1265512877657736,-0.5824716038726397
9279,0.081256773351676,-0.6402757309583872
9280,0.139971072753098,-0.6388401847885307
9281,0.15710873289432425,-0.6524455887656877
9282,0.14725896924885568,-0.5995195411869196
9283,-0.21994284893996527,-0.5659979388154768
9284,0.014169312851447432,-0.5925384539786107
9285,-0.03456149466010323,-0.5878546546549634
9286,-0.23815205816309482,-0.6289810591191192
9287,0.20024785058763594,-0.6177663679948655
9288,0.06346679383425577,-0.6334383379418044
9289,-0.03901454717652906,-0.6162490243822987
9290,-0.22445579364779897,-0.571639975881162
9291,-0.2902248097544024,-0.5676582494395118
9292,0.15498780075040006,-0.6020019664122543
9293,0.1290511193503599,-0.6116798555343324
9294,0.12056803545309477,-0.602522148449474
9295,-0.3345209547388344,-0.5895140997104271
9296,-0.12627311821018555,-0.5994548038584961
9297,-0.26734126515991585,-0.6301641100509653
9298,0.11088194456880085,-0.5771189659766987
9299,-0.1518882997644452,-0.5884231592356197
9300,0.11223529866924475,-0.6324805969386179
9301,0.10619898193491688,-0.5898868730048774
9302,0.18449580713148284,-0.5965785733291071
9303,-0.3444934188966635,-0.6014079454532322
9304,0.03458123158531636,-0.6409621916379659
9305,-0.08386228209391755,-0.6379394743811102
9306,-0.07877875388147099,-0.6334427118787592
9307,0.09612592972597697,-0.6281864974624388
9308,-0.1913133227845833,-0.5588599121275327
9309,-0.014529625999154843,-0.618394806106868
9310,0.35715332521222637,-0.5162043545291214
9311,0.15222233678294575,-0.49029497109080633
9312,0.12355728808110544,-0.5628793340622855
9313,-0.006890952893916392,-0.5881788119492138
9314,0.04533024982010842,-0.6100293883885322
9315,-0.020080546527614276,-0.5723200584730588
9316,-0.2675101955914832,-0.6002680342388522
9317,-0.0552646518896209,-0.6005816643342802
9318,-0.16956619516990526,-0.5991603252094586
9319,-0.2094810463529653,-0.5245026003782053
9320,0.44161294923477395,-0.5871427141017841
9321,0.0448586197062908,-0.5381092061892208
9322,0.16978855838489998,-0.5935527383586081
9323,-0.0771405440346658,-0.6433747256423478
9324,0.11851564127757636,-0.6087024567977797
9325,-0.6245408974723716,-0.4713850204213331
9326,0.18621870104597213,-0.4847511523558331
9327,0.26967939963224147,-0.5253684520489996
9328,0.38863886707488887,-0.49159972666887697
9329,-0.14759822685069543,-0.5878761722125194
9330,-0.18593409452094325,-0.47370476029742786
9331,0.1304512549341648,-0.610538751643253
9332,0.2023626249425313,-0.5991922104995232
9333,0.21436222260864998,-0.5812717115342789
9334,-0.2223252744198762,-0.49867085962384927
9335,0.09319929998904655,-0.5092418025036042
9336,0.4188399151592141,-0.5168528437422206
9337,0.4541484507695,-0.32786626416428694
9338,0.0049956574373401005,-0.4404372914444788
9339,0.6883231063482986,-0.17469670939348408
9340,1.094891513275994,0.7884207584393342
9341,0.4706319966344002,0.6269837365496881
9342,-0.3147120124864806,0.047012263254355716
9343,0.082556809906928,-0.1914408283418978
9344,-0.7066313126556786,-0.03631698647272087
9345,0.6378259816124133,-0.3145498123976618
9346,0.1480015464944771,-0.27514231800596584
9347,-0.3182645663317171,-0.3935944923610392
9348,-0.18668254046792662,-0.4074168246331495
9349,0.3091860191536412,-0.3791748439508921
9350,-0.33671453232807286,-0.19319154597355848
9351,0.3129739605379028,-0.4605064815273112
9352,-0.18972341677069116,-0.23767924273825003
9353,0.4830533194378692,-0.36773736344315816
9354,-0.4809192021313448,-0.4076832785816531
9355,0.27320784805138715,-0.4479154048522047
9356,0.16882699513660449,-0.5030964332554451
9357,-0.1908609937290465,-0.549820196886445
9358,-0.3132227463053571,-0.5607694647691998
9359,-0.7358007658505841,-0.38832715668765366
9360,-0.5425105168407491,-0.39699577171119615
9361,0.27404329488854207,-0.47832220186266794
9362,0.3448719827349635,-0.55455956485116
9363,-0.20240039474640398,-0.5917046931713994
9364,-0.38223898194059763,-0.5512271958912182
9365,0.5489279278353542,-0.5355357998320144
9366,0.6893098195048966,-0.5294875736226047
9367,-0.294330140356186,-0.5093263122229775
9368,0.037361646203584606,-0.05096136021537023
9369,-0.42005354367712283,-0.5218499353591737
9370,0.7903471193767031,-0.6036662777105692
9371,0.9801402333335847,-0.49491501993380516
9372,0.5979137654011809,0.15977936317885233
9373,-0.7638191630343005,-0.34134344249969123
9374,0.7270580232254442,-0.2747768600210383
9375,0.0249951608989053,-0.3505128988119001
9376,-0.34858934665747804,-0.43373879554980876
9377,-0.2519925492723755,-0.5672873115864346
9378,-0.3456910894146928,-0.21393730453702506
9379,-0.5935182737241805,-0.40062916558139894
9380,0.34461521837644893,-0.5028296537273867
9381,0.11429013451402581,-0.5839394824393555
9382,0.12837915619718315,-0.5348666563250716
9383,-0.7751818672569776,-0.5213232185669909
9384,-0.4652832313399086,-0.4036533324616089
9385,0.12762304381422976,-0.5711758130822404
9386,-0.37403867489774467,-0.5336524782514528
9387,0.38220515918146314,-0.5286288840701473
9388,0.2680456606077465,-0.5889919092304869
9389,0.08996365977766052,-0.6360648693559015
9390,1.161886265200603,-0.5198141370629804
9391,0.11764417700005811,-0.4946688631258878
9392,0.326753774468754,-0.5606328208253006
9393,-0.5871575636402573,-0.4579174351324754
9394,0.09601332612059962,-0.5466555284408946
9395,0.8119234156419672,-0.18772474228998628
9396,-0.31863118602797696,-0.4599110338738499
9397,-0.5581194461746237,-0.46689301096116537
9398,-0.029659894395960514,-0.5346805699795282
9399,-0.317026625086159,-0.5223892962554152
9400,-0.19316121085641877,-0.5502886338576359
9401,-0.06297829843798837,-0.6007170538104468
9402,0.04331778902851479,-0.5912583568743954
9403,-0.11323371024091006,-0.586260547581293
9404,0.17472685893233073,-0.46029130234986265
9405,-0.28804338718913547,-0.5399286991415034
9406,0.0733410466891763,-0.47698855497144776
9407,0.1534183581597152,-0.5943811370327552
9408,-0.993447850989577,-0.47893906745770415
9409,-0.11198432486194122,-0.4863010898739875
9410,0.37676896895637313,-0.34785097960159267
9411,0.06756928271072571,-0.5443686699038386
9412,0.07636558236118096,-0.49955715171795095
9413,0.43026215092064746,-0.26620777633897413
9414,-0.4424739361897695,-0.44226733134394997
9415,-0.03798867806872693,-0.5284796905869404
9416,0.37833665285956364,-0.53572046345316
9417,-0.08242614263391819,-0.5578277713847961
9418,-0.3716647683728669,-0.5336120665896674
9419,-0.2394282598681823,-0.5360710914148424
9420,0.10564885634825005,-0.5251811125193304
9421,-0.25844485806297585,-0.510281192762318
9422,-0.06978243641533982,-0.3969157090192914
9423,-0.21870092723619705,-0.43363076714320153
9424,0.22971006435695526,-0.5480580847639637
9425,-0.28818636870920084,-0.5325554661264249
9426,0.06813524967060855,-0.49690724782877776
9427,0.2512137601766304,-0.4109890425040028
9428,-0.009508947393743536,-0.45187475688833006
9429,-0.3386557781991343,-0.5613468579035727
9430,-0.5053923215818712,-0.49094153376237476
9431,-0.47712522988580114,-0.27818390203133875
9432,0.2610047712000548,-0.4431769922648505
9433,-0.31646633198388985,-0.5122794524682862
9434,-0.06611252433793706,-0.5316986379266029
9435,0.6346262867909945,-0.2706118967442164
9436,-0.6948309888181594,-0.3815438280725036
9437,1.4723598975571217,-0.09850813726011434
9438,-1.349448788102514,0.009982431269023956
9439,0.003576563026272567,-0.3786775748546198
9440,-0.2890375980492366,-0.2809236524855348
9441,-0.04392140673288391,-0.46216709014229557
9442,0.706182742418247,-0.4717121749423441
9443,0.1683623828553044,-0.37233103703306836
9444,-0.27784311749903734,-0.4693497838566679
9445,-0.439966902599195,-0.3003271710149467
9446,0.12608443440948702,-0.2971003925927629
9447,-0.700830682717516,0.1915996529630768
9448,0.3920592083745844,-0.4120325101100908
9449,-1.0039089222243474,-0.3749067685587417
9450,0.34225406817563153,-0.2677432089844169
9451,0.08908669850136727,-0.4992009187384333
9452,-0.35332198737659437,-0.40951692023262076
9453,-0.09811053418054178,-0.46038460516576374
9454,0.2987472098658651,-0.5627877180070973
9455,-1.530896313428482,-0.17542517567350552
9456,0.5998574156837985,-0.40475529989423
9457,0.7591986097082227,-0.5327964082380712
9458,0.3019908968824666,-0.3487553454701995
9459,0.39492249290304343,-0.46149390067371554
9460,-0.5009659373141425,-0.4266216546693364
9461,-0.1358586891710233,-0.2514332142346962
9462,-0.6906088489177469,-0.3632716589684254
9463,0.03599191763809503,-0.42007973190957965
9464,0.010941362104787427,-0.5364202157347742
9465,-0.4277950877276272,-0.5269967040166017
9466,0.14471355720756982,-0.46934226399415896
9467,-0.7663554240498637,-0.2842988113859422
9468,0.9470282000104296,-0.48628205243961314
9469,0.31581292803501343,-0.4864196717120393
9470,-0.35369715653019634,-0.4409661939350856
9471,-0.3975392789227677,-0.4992903932846216
9472,0.5342965519624221,-0.564325325405356
9473,-0.19162997573115212,-0.6065944638908212
9474,0.4911381932547156,-0.54263693690323
9475,-0.06795076161961548,-0.5476711984110159
9476,0.1210106519885324,-0.5481269704111498
9477,0.2398419897888976,-0.5441368348394234
9478,0.23136830497727925,-0.39106837898343405
9479,0.4315121127976866,-0.46598486313932713
9480,0.15011419810557966,-0.46722107182103173
9481,-0.8922568927817076,-0.14422607511591196
9482,-0.37719086996421974,-0.4733419730704914
9483,-0.4339644479843926,-0.5415079464846883
9484,-0.4680309183955262,-0.5119179438741196
9485,-0.30442583518843336,-0.5300996446043613
9486,-0.2256035914007396,-0.39938658755863216
9487,0.7965587081373969,-0.3548360648813869
9488,-0.7264913821851035,-0.24113320132173433
9489,-0.011552373425577597,-0.5231712295621486
9490,0.2637411291609011,-0.608527949650231
9491,0.4437468838773662,-0.548473434051356
9492,0.15214982170837923,-0.5716033698352174
9493,-0.10305380100588184,-0.574748410263118
9494,-0.34448244481432405,-0.539690961454444
9495,0.05886084524120988,-0.6247832304198101
9496,0.3846947844324868,-0.5901090646062019
9497,0.10692568872825883,-0.6210603361106625
9498,-0.18762747722361442,-0.6143973158401186
9499,0.3441109012191114,-0.602706515679328
9500,0.11246953204148727,-0.5970645116731952
9501,0.0824009174752878,-0.5074983427228879
9502,0.12748240364197483,-0.17058240991608525
9503,-0.2830662123818171,-0.3115239306504976
9504,0.39129081281785677,-0.4731704262420862
9505,-0.15777316275148015,-0.5371443228774505
9506,-0.3887229463787388,-0.47697032560487584
9507,0.20589040616601734,-0.4843207886553217
9508,0.2202333467373401,-0.5396444465533307
9509,0.4446863351049833,-0.5027268005686621
9510,0.24459733016769716,-0.45497774976549127
9511,-0.35538335050816455,-0.45829561206525804
9512,-0.41811709911695194,-0.4618272837123553
9513,-0.025234573355759855,-0.5395344493975622
9514,0.2980867369904614,-0.5473953243847967
9515,0.1881508380323733,-0.5627970861114622
9516,0.2183707997861083,-0.4649155276465718
9517,-0.13650938567828497,-0.46160530962759944
9518,0.21232134267710281,-0.3899336576206146
9519,0.16932400646747603,-0.4138045079407053
9520,0.7695643296347942,-0.3495710258134323
9521,-0.04826197647307106,-0.4425475797095986
9522,0.4502450495420916,-0.1875368531181617
9523,0.057744996076626455,-0.44308567251695163
9524,-0.011894819768421301,-0.40535424950044496
9525,-0.4177537522519578,-0.4733048715397
9526,0.2799580191617554,-0.5053928093311943
9527,-0.3742589974396243,-0.484627302672989
9528,0.19940252990726695,-0.4714926073746249
9529,0.6262443302060652,-0.42285596684598625
9530,-0.36487537705043477,-0.5028798495267253
9531,-0.008033953160046967,-0.4921910354358541
9532,0.27163046830309623,-0.3934568489104985
9533,0.054723418170030264,-0.2429361550791368
9534,-1.1097245719255178,-0.1962104629940618
9535,-0.4499565803923446,-0.42636290251367764
9536,0.5447801576763895,-0.48650818514101635
9537,-1.1296189852939704,-0.2826965019270496
9538,0.24242398829015274,-0.4887067113687375
9539,-0.5457455950915525,-0.478123237012093
9540,0.16994465771933756,-0.5258940836881336
9541,-0.1323466429514589,-0.48728863246836185
9542,-0.40225389867047373,-0.21729150136566341
9543,1.0448691772807726,-0.4563419695424658
9544,-0.25472331564381673,-0.47562568720079207
9545,0.21324612819516042,-0.5754096663179487
9546,1.4297678919397532,-0.29993488769019905
9547,0.28863974771881307,0.025742569705712023
9548,-0.41005849733250915,-0.3210737556553777
9549,0.6285694194142809,-0.20575504929467442
9550,0.4019179526763044,-0.46188844814380636
9551,-0.23039567538609593,-0.47962993357703965
9552,-0.008254858028875678,-0.49483506701818486
9553,0.4056440512718221,-0.47051634980819756
9554,-0.6234113164653433,-0.41322102546250916
9555,-0.02037839605400204,-0.5026221490656432
9556,-0.59266921398899,-0.49605122842871374
9557,0.08551860991484088,-0.45593206612197557
9558,-0.27944374724159066,-0.5015058033128204
9559,0.4293393533733105,-0.4485623800895891
9560,-0.3845061717591301,-0.4973199459583058
9561,-0.7057932816835696,-0.37217997905797506
9562,0.44059558021482315,-0.43862038709394774
9563,-0.017050634235272633,-0.4486716011618395
9564,0.43465853057969245,-0.4407182859119033
9565,0.025116104130837306,-0.5013689079681771
9566,-0.17545275434557467,-0.49517738734229444
9567,0.002536303174581478,-0.620616840463
9568,0.21198588397655635,-0.6232551462593461
9569,-0.0006436725528523642,-0.5885415057275923
9570,0.07191709220641548,-0.566093722006195
9571,-0.38169111798231914,-0.5610554611405913
9572,0.3460116882024259,-0.6343413857710453
9573,-0.03377293104596605,-0.5975298323959579
9574,-0.3258923969778043,-0.5673219653521158
9575,-0.14207762068209565,-0.5822263916663629
9576,0.22739732271748347,-0.6366101031947897
9577,0.13100040245144845,-0.5502329203009401
9578,0.5447997122482191,-0.515726117020085
9579,-0.9734790081653946,-0.5069731847919515
9580,-0.15132367945995437,-0.5345032069962191
9581,0.1998648784133882,-0.6370394014378784
9582,0.3456896109424405,-0.6380411259415673
9583,-0.32687147838428493,-0.5709263355569044
9584,0.20756627049911666,-0.5430819123551259
9585,-0.3252205273576869,-0.43761763151554545
9586,-0.3716779368734155,-0.5215335482862647
9587,-0.055024264982272454,-0.5280401805389086
9588,-0.21304854363334766,-0.5363236283721279
9589,-0.025996334442146413,-0.5661158720061482
9590,-0.06483410262851268,-0.580592491161538
9591,0.07457792163774346,-0.49252260567492967
9592,0.4251954093410671,-0.564237452851238
9593,0.33010738778237514,-0.566835756869102
9594,-0.07121995111209,-0.5085624432984035
9595,-0.10433076983715613,-0.5847704062590939
9596,1.7130933153016716,0.4696063494731978
9597,-0.4274541580713539,-0.125261884257129
9598,-0.17988965940821838,-0.38515303681835844
9599,-0.07918678255617892,-0.4462093040667956
9600,-0.15309698788596893,-0.5296222797506055
9601,0.4473478421921445,-0.5398081279170122
9602,-0.38795437116441067,-0.45345280340656813
9603,0.16208700272078372,-0.5723937549366168
9604,-0.32613742285128144,-0.5573881843795226
9605,0.24866155932519238,-0.5446591817912232
9606,0.09692484089176329,-0.5882344184070989
9607,-0.0228385294598092,-0.43578387227621207
9608,-0.009171124317693539,-0.5641120665683736
9609,-0.299466555208677,-0.5016459774227249
9610,-0.4335818822666426,-0.459402421155212
9611,0.1517252086518085,-0.5191954080385589
9612,0.15445839174081277,-0.5373983733716019
9613,0.17002806015513458,-0.453482249564559
9614,0.0916986004382471,-0.4607389210438543
9615,-0.027904433066363463,-0.5250933588215675
9616,0.42743799813299777,-0.4443459735838682
9617,0.13233563870680712,-0.41508866865842897
9618,0.3153742674520051,-0.2686675164585613
9619,0.10020965135476076,-0.20963650219862634
9620,0.18974519458731076,-0.38873004996480276
9621,0.15477840803104917,0.030770816140394328
9622,0.9060217543818282,0.20849243498212988
9623,0.23358217426956315,-0.07444340865757873
9624,-0.010203939034278036,-0.09247740580329314
9625,-0.5188393570500264,-0.18838134631945289
9626,1.0088882759599958,-0.13818435459100234
9627,-0.5580760197612598,-0.2112527134905971
9628,-0.3488963627544242,-0.12024442863553371
9629,-0.6972282612309416,-0.1517437289035939
9630,0.19185624004882695,-0.2614970312157928
9631,-0.9110479173722489,-0.036448276369622765
9632,-0.7546100524543744,0.08837756680791244
9633,0.6061039294597779,0.050226459415272554
9634,-0.26399071532660534,-0.2386544543200918
9635,0.7647010811840577,-0.443353101100084
9636,-0.3176046012873197,-0.33194785562131546
9637,0.44801867069608553,-0.4744577456263485
9638,0.33144818432720413,-0.40531648562177036
9639,-0.0204385250358742,-0.35391559488133517
9640,0.18306397060127924,-0.470265933647773
9641,0.2472780760961931,-0.3784875557216026
9642,-0.4222753173216436,-0.47048166921952345
9643,-0.5221516847094627,-0.28083783006351215
9644,-0.019216786992754475,-0.4043571543614399
9645,0.014410017374839617,-0.16067625432962024
9646,1.2334351739951026,-0.13805247076466148
9647,0.29272911877161445,-0.3735160688449117
9648,-0.5660605608376933,-0.3146448498398284
9649,0.17907984808995744,-0.12869863944532423
9650,0.4108931951538065,-0.471930706314052
9651,1.7788976533049958,-0.0523415912850311
9652,2.106070113121213,1.0555212925075064
9653,1.0048039667169584,0.8342568856749696
9654,-1.0478109738604426,0.4108143135170944
9655,-0.810769998161677,-0.04163802548275572
9656,0.8982805418550046,0.76603837838647
9657,-0.6760337018560779,-0.06408519018140728
9658,0.9562656657834708,-0.039174532378143764
9659,0.3443268496482298,-0.25351494072062336
9660,-0.46982412593094075,-0.3362613675992471
9661,-0.4030332318763361,-0.33379937714488644
9662,1.2903047009049073,-0.16638389261120204
9663,-0.6554926592699725,-0.3672781584655935
9664,0.5223085603093177,-0.5429347710733836
9665,0.21194528096944024,-0.3827318085268128
9666,-0.3609569505340552,-0.3237948556226754
9667,0.13330279706390277,-0.4179300386560671
9668,-0.32668363736168515,-0.4274618199021955
9669,-0.40759987412335225,-0.4478500488366452
9670,0.3061471415813273,-0.4707685146334571
9671,-0.647895879451243,-0.4269989453235327
9672,-0.43032922606604457,-0.3059165901732714
9673,-0.3568815971612348,-0.37708537086824706
9674,0.4011173988298204,-0.4922965782277815
9675,0.31297972001438956,-0.5286907699791119
9676,0.32755853749732944,-0.48308051276167246
9677,0.14850964305175166,-0.4456532248369413
9678,0.6212933355908558,-0.32971985957315486
9679,-0.2063661603561951,-0.39298173344259385
9680,-0.24774785395492027,-0.49110399317922565
9681,0.2012340944226562,-0.5090585019404429
9682,-0.19979310841967735,-0.5404640035906172
9683,-0.19374765302656982,-0.4765555073695466
9684,-0.24788427046335745,-0.4661279520258969
9685,0.16048855634506284,-0.5404493032855932
9686,-0.5594492953570377,-0.47249293128527436
9687,0.44309736469665434,-0.558517285146999
9688,0.46249339107535115,-0.5226029388962639
9689,0.05349145923197001,-0.540965152810754
9690,-0.4136761364939816,-0.48841816273931965
9691,0.12353226318550267,-0.4974298738675243
9692,-0.3323663541881703,-0.4947804633159578
9693,0.2657188733669867,-0.4251403231633867
9694,-0.04008530708940668,-0.43807796046005154
9695,0.365906790478995,-0.49657216283700356
9696,-0.5017039306825175,-0.43083161589690433
9697,0.4618022688562034,-0.42633242544909433
9698,0.695941548978871,-0.127167383544993
9699,-0.025416152787053052,-0.25961051471159174
9700,-0.09272173357274391,-0.17450049428597536
9701,-0.29391572780177605,0.25423838380452013
9702,-0.2432479583986747,-0.3429349611329248
9703,0.5063846108629,-0.44619681914561965
9704,0.3852319932754458,-0.31401469786942177
9705,-0.2608936818640698,-0.435910743209167
9706,-0.30224425881177513,-0.4366902280643716
9707,0.02443972126565607,-0.35076040445480694
9708,-0.24113397766139102,-0.3934365870466693
9709,-0.20035278956013067,-0.461887784480754
9710,-0.4979780359822305,-0.27372920491993036
9711,0.06761495329035856,-0.5091002385614605
9712,0.14519989501665173,-0.4360971809906883
9713,0.35422841625520707,-0.4880651481278581
9714,-0.2553402259326409,-0.33041720787396156
9715,0.20697262678773962,-0.6050595536736898
9716,-0.18076897459833216,-0.45095143527754933
9717,-0.17505886325894393,-0.5181032497248209
9718,-0.618872214525055,-0.45570690220605575
9719,0.21201761023181048,-0.11978202072345834
9720,-0.43790778053724544,-0.36863721260599897
9721,0.2732697194058346,-0.48041906720537697
9722,0.15920865171865836,-0.44561214748029176
9723,0.5431700198866053,-0.46823378204084576
9724,-0.7810484193502908,0.07243882604877434
9725,-0.2117834145400815,-0.339584864166618
9726,0.4788699450279866,-0.22877554735551203
9727,-0.8386035515157423,-0.13537964363166127
9728,0.542023419728432,-0.4291663924212165
9729,0.5294320563703206,-0.5180018337028993
9730,-0.8144603681452226,-0.3798294851498017
9731,0.8882997964464666,-0.4367027413683053
9732,-0.5076866379005457,-0.3172957031531395
9733,0.5191366082126349,-0.4200274326193218
9734,0.044422003450537,-0.4291885587426787
9735,2.4701969419815804,0.3454604177638903
9736,0.8572168045042855,0.4454087640211202
9737,-0.06707346222637364,0.008233984361582167
9738,1.987915520471175,0.44406132852080915
9739,0.04722421971086619,0.16615333357679857
9740,0.6890811056400075,0.05885070506613006
9741,0.4551898760154793,0.23766909860339708
9742,-0.8344001506963084,0.03433060382153082
9743,-0.560771504409223,0.32498854705850444
9744,-0.5208115797015906,0.042823049865162124
9745,0.91992614633362,-0.08499773412177015
9746,0.7541706099469653,-0.23800009359879454
9747,-0.8813290900589777,-0.34134015336173446
9748,-0.15792749554492116,-0.26278695824339576
9749,0.05177982048106452,-0.44534110388480597
9750,0.49014354981190605,-0.3374720409670617
9751,0.006592775936427712,-0.476396327031826
9752,0.3217655504984884,-0.3592606606013039
9753,-0.07397394538428209,-0.38672165920563933
9754,0.6176644142188643,-0.3557704281629107
9755,4.330198192996011,2.910868024276551
9756,1.8116986583310195,0.7791882652607937
9757,0.08038250337211811,0.6976565549165707
9758,-0.1858334107615356,0.1656729797860207
9759,-0.30563102315026536,0.41318438551671055
9760,0.3180895319841868,-0.28628812712298896
9761,0.32725213941889414,-0.25229705869300484
9762,0.1374365806582072,0.039675333521183506
9763,-0.7755014629743061,-0.12911843276626095
9764,-0.24269074539677868,-0.09054636067835314
9765,0.7621407697896463,-0.251312147788661
9766,-0.5387359961023619,-0.1703182022634252
9767,-1.4400597572941616,0.3235604130149288
9768,0.11408259714288962,-0.03232850603699007
9769,0.5672918486593262,-0.4004938448382211
9770,0.525104977615548,-0.15265325910666033
9771,1.1160353870146613,-0.05257192280400756
9772,0.042254471606163205,-0.18769872965655465
9773,-0.00913640139032956,-0.1746982214077214
9774,0.3160515770123587,-0.2220312767657725
9775,0.7484787321081972,-0.0018151982671612554
9776,0.20511536379224546,-0.1734014098816054
9777,0.5160064235019273,-0.16126438469349674
9778,-0.5574496108844024,-0.09907672138854816
9779,0.1448043270999883,-0.3757549555658929
9780,-0.02006794457031765,-0.3515509052497993
9781,0.5047385061557016,-0.3636488620450862
9782,-0.788478794235974,-0.17267520793019597
9783,0.05519597614689318,-0.38868953140938306
9784,0.2080785552381024,-0.10326769215068443
9785,0.9928150990646545,-0.10276531777116893
9786,0.8325948343309605,0.07456118982163652
9787,0.4671615965784897,0.13144792074203454
9788,0.9533323059157673,0.4389792419399048
9789,-0.48990379751195573,0.7052637974331213
9790,0.49678191692604806,0.17732745386778387
9791,0.10269808895423538,-0.19613525466801796
9792,-1.0944866980268428,0.09388807976114143
9793,-1.1244739832025794,0.6440225086056303
9794,-0.8576476145644897,0.5379044760317906
9795,1.6178069532515889,-0.02817688695259543
9796,0.21673822674680407,0.18905924625208226
9797,-1.2355159519534784,0.11106315309822586
9798,0.6821801213651947,0.050138817499259816
9799,0.6477353555272486,-0.08030035453390907
9800,0.32764273114981507,-0.009698498942558462
9801,-0.08572073627272339,-0.09711621541073075
9802,0.17966131840375846,-0.22606323863322336
9803,0.6944731059733608,-0.06430603333727751
9804,0.6560324834958593,0.09569401392288658
9805,-0.1576878867317671,-0.08653509772969775
9806,-0.39308924731055866,0.03046462961156772
9807,0.6044137165970455,-0.1401523742067482
9808,-0.44821237724578145,-0.18729686689673053
9809,-0.030794417494006916,-0.042254734080540694
9810,-0.9573012672477061,0.401129067133325
9811,0.012207023761531701,0.08475487493086321
9812,0.059572292453735555,-0.08844297103387634
9813,0.11156820309203376,-0.04439373452913959
9814,1.115332654333448,-0.03415169417972115
9815,-1.3806948310377924,-0.22210577334276532
9816,0.3172777654631049,-0.30713877192325584
9817,1.324366917801972,0.17755794929426172
9818,0.03108746569825086,1.799139257653415
9819,-0.27550888985591626,0.1631956937696032
9820,-0.5119423370083248,0.5276212448884899
9821,2.0520016725441623,0.6254448404593959
9822,-0.26599121300327916,0.5367673279373087
9823,0.6589890530996063,0.379671556865994
9824,0.3606150946332261,0.6132177729411293
9825,-0.6623470345717343,0.5700405172007696
9826,-0.47214685114089394,1.607731044299764
9827,1.7440466023795735,0.6507969420677518
9828,-1.4639874760632272,1.2481508037489017
9829,-3.1099520844581816,3.0318244970551254
9830,0.014693876835773145,1.594128224467441
9831,1.2245390280325805,0.6905084582483833
9832,-0.39110146424689646,0.4332981081091375
9833,0.7137361073175866,0.7267629692288561
9834,0.28904792113833416,0.21306253453669116
9835,0.8096266321416271,0.003281820848847525
9836,-0.450553899919667,0.13239957402745045
9837,0.7488561968534134,-0.23750843823163015
9838,0.4542582877289188,-0.12377511173504513
9839,-0.988541158443001,-0.023882923254820013
9840,0.8738367099357915,-0.2636859695834244
9841,0.1907479793331389,-0.30841536809781633
9842,-0.4267746077787117,-0.1998956593958977
9843,0.25229637252426207,-0.26824685317844094
9844,0.06982404692874498,-0.38334117679706725
9845,0.7303671605835431,-0.21543305896055637
9846,-0.6146655707202767,-0.28945776505513704
9847,-0.43112439065264535,-0.23321185261104366
9848,-0.8923610460625481,-0.022830267581715177
9849,-0.8707069585825646,-0.08740261260568918
9850,-0.42529678346068983,0.0601898244918624
9851,0.7558481405028182,-0.3228088525386572
9852,-2.253075844273843,0.2816656845985759
9853,0.800688292068853,-0.20909322715945647
9854,-0.8621381111165609,-0.23400650533427292
9855,-1.74609936297557,1.2572022385908903
9856,0.4643052231733275,0.3229139950030529
9857,1.0497804729072644,-0.3483865261411028
9858,0.8079262028059336,-0.30531618972308033
9859,-0.09403978237298133,-0.31342764746956653
9860,-0.15026683049762676,-0.3409557859545688
9861,-0.046532957335313804,-0.43379019496661925
9862,0.16851511019370013,-0.3839225127502967
9863,-0.23954402128160254,-0.3338764709648361
9864,-1.3919552810910005,0.10108087611823201
9865,1.149314757393211,-0.5243560415798367
9866,1.629310531932089,-0.015985127760815926
9867,0.453864305334539,-0.27516664342693997
9868,-0.11415304865075751,-0.2496104073481264
9869,0.19587677052852825,-0.3549572755882502
9870,0.41074551155164346,-0.208838478495246
9871,0.22834704370033457,-0.3916895677765165
9872,-0.10648728043116011,-0.23219697074271023
9873,-0.6509013994350162,-0.32543113847085164
9874,0.6733188155672749,-0.500614292801404
9875,0.18355407711610636,-0.5027928907358902
9876,-0.34668107673585025,-0.4708316440762933
9877,0.17532486047696524,-0.1929023004647546
9878,0.2749575240562444,-0.314950215663682
9879,-0.17910571753204566,-0.29313779636870435
9880,-1.0512847891617287,0.3843100862263835
9881,-0.4882772764156883,-0.12656049476355172
9882,-0.63953567064774,-0.1707255457216988
9883,0.6821752216167873,-0.26684729240850713
9884,0.05051830151009384,-0.4287343369102245
9885,0.16264271364353164,-0.4701186218780782
9886,-0.26369772495499294,-0.2813323071505443
9887,0.6842919691172947,-0.5186738346721634
9888,0.4692000813633345,-0.4705209527652494
9889,-0.25677866854099185,-0.5038807878197538
9890,0.2958844071340632,-0.3496558899832099
9891,-0.2830686793433822,-0.38115828797974455
9892,-0.6700782763948675,-0.4441201314653613
9893,0.17669054889159394,-0.5046741201864156
9894,0.1782172478422894,-0.4434993695077745
9895,-0.18475846665358311,-0.48541021568289283
9896,-0.09858354250458488,-0.39349913577821743
9897,0.11586308889267813,-0.21971819984026808
9898,0.05261385327137593,-0.43385242651190337
9899,0.2744533094404484,-0.3518455707737926
9900,0.6126980654990815,-0.46276787793028124
9901,0.17205201533927522,-0.32162782238685256
9902,-0.5511180978688458,-0.34142527218773594
9903,0.11189198648371344,-0.4146017925875907
9904,0.5165241638580331,-0.5234732871928911
9905,-0.20118366751788117,-0.3546413559487239
9906,-0.44189168405090695,-0.36222031135539023
9907,0.15185893349300902,-0.49398595249186755
9908,-1.038111303975829,-0.22462936598176264
9909,0.20564394842392922,-0.38043188969340513
9910,-0.3593634411774231,-0.2507881207976064
9911,-0.6359978392467055,-0.054825456756415175
9912,-0.8635466442436345,0.09179466756291758
9913,0.18450815694937217,0.46054920980272407
9914,-0.34098326101437004,-0.053152575863648965
9915,-0.8887311120979998,-0.08106175553073017
9916,-0.1071565611865871,0.05829885660336605
9917,0.9282653210327552,-0.16975716293510346
9918,0.6276625977166718,0.0630763018140821
9919,0.03916884055953656,-0.3996005302142715
9920,-0.8674615579592685,-0.2841090883653761
9921,-0.7357610470524416,-0.2537954005934146
9922,-0.5765277459301649,0.07068071030441171
9923,-0.4907404018425671,0.2534932575797309
9924,-1.2712337213215776,0.724056686717826
9925,0.42938400070854826,0.10232040008477565
9926,1.028146251213612,-0.09422591805920348
9927,0.14586840565907752,-0.2871335954174477
9928,0.07091556492996387,-0.4815858379486113
9929,-0.5477472812662962,-0.3568718694580189
9930,0.7773241623428496,-0.4515241409201273
9931,0.7100886443666695,-0.43301503489260895
9932,-0.07433872055256757,-0.4009435781961823
9933,0.16909038074578814,-0.5182482701393327
9934,-0.15645750002314163,-0.4690439489223859
9935,-0.09578778266625972,-0.5454558132111744
9936,0.06055460455409934,-0.5405029390090852
9937,0.2228438909626073,-0.4430218750405943
9938,0.11460874233405806,-0.50757124408253
9939,-0.6031424084975896,-0.4242080751955752
9940,0.5254922014163066,-0.6187236167287302
9941,-0.011436991276277664,-0.5557930955689492
9942,-0.6485524096142626,-0.505572436246608
9943,-0.13126819535177578,-0.5427050656650757
9944,-0.489685434704477,-0.48403750644597454
9945,-1.0931264148099495,-0.40706519486922915
9946,0.4236700576408105,-0.47258490256514785
9947,0.9089063599024892,-0.5751186225378593
9948,0.6710456212189392,-0.4936167537315373
9949,-0.1181592332933133,-0.6013559030090767
9950,-0.339076058526053,-0.5060468627401943
9951,0.16044293532121903,-0.6041223495390067
9952,0.037048723289638034,-0.6147435391102857
9953,0.07203480761511911,-0.60567784591824
9954,-0.48187952194637956,-0.5204477334647835
9955,0.2741527559388042,-0.6121090142381778
9956,-0.12143345969797473,-0.5738387369799284
9957,0.5828721526209937,-0.43288968847939163
9958,-0.19446212455064552,-0.5028345876622283
9959,0.4878008460756763,-0.3549546168459559
9960,0.09657750816899388,-0.46310739293187264
9961,-0.5530881447044426,-0.5112794124647191
9962,0.11984944707980275,-0.5298613509033419
9963,0.08379020076357087,-0.4746250224300363
9964,0.48379049312670197,-0.43555664167671765
9965,0.21191969699495752,-0.38670517841407914
9966,-0.35270236439258684,-0.42560905191507226
9967,-0.3355706789507742,-0.46904203892706475
9968,0.39176502229198523,-0.5338914910408162
9969,0.5271108542696087,-0.4657223838858174
9970,-0.39119376307484605,-0.5141562328169809
9971,0.5155208715265336,-0.5176537173455061
9972,0.12422427400440192,-0.46293161830876184
9973,-0.0964388328844397,-0.5652765058447564
9974,-0.047042504655597915,-0.5140051056251741
9975,-0.10828460592610303,-0.5027986224006817
9976,0.3758830139200297,-0.4855416607371703
9977,0.5018354507603932,-0.4558976716215498
9978,-0.1493856906732194,-0.3868982262166847
9979,-0.10712563193466662,-0.5058885947434941
9980,0.05751584058820316,-0.5513801424667193
9981,-0.3647172250277385,-0.40405698488074
9982,0.5123282982885878,-0.4891864506882065
9983,0.48286206558198425,-0.256674114796144
9984,0.542456931020198,0.46687408796584196
9985,-0.5308624550111297,-0.3346906601069456
9986,0.12844598460149678,-0.38317885366962806
9987,0.3597244558718234,-0.04109005063182885
9988,0.006664314451798629,-0.29316124656936066
9989,0.24138382473572437,-0.38911762136335565
9990,0.020717550714109606,-0.267384026421616
9991,-0.2737984039453592,-0.36789040502999987
9992,-0.3039307126502867,-0.08736163027597198
9993,0.02270612002316294,-0.18903473877485583
9994,-0.14292870081839085,-0.3634705258345992
9995,-0.1523902457517824,-0.3395710387191395
9996,-0.344059091531365,-0.14588973360483046
9997,-0.22366895847453463,-0.35644570063533476
9998,0.5830043771677943,-0.26428149359230785
9999,-0.10211111754268826,-0.5411763890524911
10000,-0.24019719640450582,-0.28084092825906304
10001,-0.3404269938454399,-0.19306816949405764
10002,0.6638271028621212,-0.5323975712688354
10003,0.21748174842264612,-0.46326578547948666
10004,-0.3326495075525234,-0.5005693866562956
10005,0.2745692948878337,-0.5142306984532041
10006,-0.004034850381958709,-0.40523124330317206
10007,0.6220462507637701,-0.42063460372914563
10008,0.13815857155188865,-0.3304202476412409
10009,0.6355734148948509,-0.044198994018761754
10010,-0.9921518578984928,0.3146124561231925
10011,0.4798521588048372,-0.3701312985948105
10012,0.7884466197897105,-0.36457456157155893
10013,0.12649385162512003,-0.1694565214012807
10014,0.2376840891431881,-0.25579044555393904
10015,1.5996250432076227,0.9861250688999118
10016,-1.4030300741017985,0.04804072490769844
10017,-0.13360458242048276,0.08917501003464799
10018,0.9040130525773998,-0.1981461382921183
10019,-0.26294580828448766,-0.15564451565654192
10020,-1.229125035927799,0.07137012181784748
10021,0.0973681859667384,-0.32485597715228937
10022,0.2778796389992679,-0.22144383647655508
10023,0.12140646391607816,-0.36005685335360865
10024,-0.23700933112271225,-0.3189574565083487
10025,-1.0354929949226155,-0.1404860909155144
10026,0.27771913189358005,-0.35162208606968764
10027,0.40405677999956136,-0.4823696609757402
10028,0.44242127427688155,-0.4923330603075589
10029,-0.023908888047805284,-0.44904475466905147
10030,0.14113297235849914,-0.4952878974908035
10031,0.7977507089892418,-0.4265764400948481
10032,-0.19816690139471982,-0.3611919428896807
10033,0.10116055232956993,-0.3822037487428629
10034,0.1085485354384499,-0.45960661709744116
10035,0.626008546898194,-0.38137684466602934
10036,-0.63380891844487,-0.3080183521771468
10037,-0.420827941049971,-0.40549194462318394
10038,-0.07016026492200376,-0.4302336813300742
10039,0.7686523804239745,-0.5401868727416065
10040,-0.46424306470446797,-0.47087474604557933
10041,0.03120983989395088,-0.5132339804581141
10042,-0.6270907563274328,-0.4980204944318086
10043,0.08972192522620676,-0.44679304197669856
10044,-1.3776308156857913,0.30005922830690174
10045,-0.09321039603141348,-0.354285298829555
10046,-0.48248265698349313,-0.23031292171472584
10047,-0.3909866700603381,-0.24729879375343067
10048,1.2719825772042495,-0.48835414350115747
10049,-0.7165640477715337,-0.4957437855648045
10050,0.2146648342601223,-0.4873584045418302
10051,0.08784482609941036,-0.40427789176611917
10052,0.2023886004866232,-0.5274707017884642
10053,0.8445827521783839,-0.40142465264850274
10054,0.3276698789503716,-0.34908699902250157
10055,0.30046540956748813,-0.25415062416102957
10056,0.49167996712969564,-0.421307721641592
10057,-0.9194824716570102,-0.28187120307382085
10058,-0.08242894034420849,-0.3974833362582302
10059,0.22425017307358336,-0.16759185541362714
10060,0.5119087408586643,-0.22916735154956513
10061,-0.03650253903012913,-0.3584259255847893
10062,0.3780315440868612,-0.21802475156093465
10063,1.5982034385224124,0.10475556800248591
10064,-0.17319308992540358,-0.0874205388932753
10065,-0.1947722216230147,-0.08675468572939027
10066,1.0041047383083814,-0.11744138901280257
10067,0.2967368268742917,-0.019412057772092622
10068,2.6584574077656993,1.0069010951071298
10069,-1.0664322824545642,0.6199638036665086
10070,0.31535900734204414,0.054434262663060104
10071,0.4067187544095384,-0.11844440656933347
10072,0.4860034753580564,-0.020210341502123197
10073,0.5025625969943531,-0.16604723284677936
10074,0.19593116032233696,0.0594384249346271
10075,1.5898911390412078,0.5525734306852289
10076,-1.1740476248809142,0.459040328990185
10077,-0.219781529238254,0.70917919865581
10078,-1.0275449378300254,0.19284396276618476
10079,0.9662525272584096,-0.19885736787260724
10080,-0.7218732635353213,-0.21770046960547845
10081,0.024896977478718524,-0.32615750088274004
10082,0.8538073159250809,-0.24447936200689002
10083,0.3529461279110312,-0.18567793842872748
10084,1.1399396076677828,0.3284875970642931
10085,-0.16798063840171615,0.2053087501844107
10086,-1.1700060686442093,0.13877434278019163
10087,-0.37009133488394674,0.1034126409524538
10088,0.7602545071223409,-0.2067983035362219
10089,0.042246566535332285,-0.014468271911868905
10090,-0.598407292755824,-0.2293047444855706
10091,-0.031040563131978414,-0.16177823005630354
10092,0.39811918555149334,-0.008885637435996352
10093,-0.5417573774413396,0.03033101591456143
10094,-0.7743723292734256,0.13544717033128256
10095,0.4321665087467339,-0.21587018669792152
10096,0.3949898572553187,-0.2000823241913626
10097,-0.0848395553524763,-0.305213395384155
10098,-0.40373533337691425,-0.1761358085510738
10099,-0.7453269353464153,0.022790087937716516
10100,0.2918844193212156,-0.13883813311575732
10101,-0.5764223903857654,-0.23065860608519267
10102,0.7298559939126078,-0.3413704016568939
10103,-0.37852603152387604,-0.10624475008208391
10104,0.07113812464521652,-0.3238462189885417
10105,0.1688563046284098,-0.4025995054858883
10106,-0.06290244921448958,-0.29246697798251514
10107,-0.5064482990723674,-0.22767435509194855
10108,0.266798251071612,0.004150386249915428
10109,0.25637319995125046,0.18494113566875442
10110,0.2067618328398921,0.03167850702149032
10111,-1.2419638140911058,0.1987894096624953
10112,-1.6490123628168092,0.8439722264590049
10113,0.7366488145102964,0.12589629294046784
10114,-1.3212186180737877,0.05151798927086572
10115,-0.558095533113751,0.13727905712511834
10116,-0.7127772265730926,0.0673008421013203
10117,-1.0409998127795723,0.9946471088553707
10118,-1.3199438324299608,0.013377956980770947
10119,2.033315578155275,0.06888802757805391
10120,-0.3983275634889908,-0.1275756996605229
10121,0.9972185341404493,-0.19655532100809886
10122,-0.028278867463491862,-0.2771599118029182
10123,-0.8088739262279148,-0.22786182575803204
10124,-0.5632824143753233,-0.09788497576435687
10125,0.25911318889545853,-0.45683120361370705
10126,-0.5742505116841216,-0.3296459215586008
10127,0.6741176514618799,-0.4447676837751697
10128,-0.6037762484836275,-0.2813128659538761
10129,-1.0221503763260884,-0.16327881704854014
10130,0.2037146549315519,-0.2457275937564118
10131,0.13135123436109283,-0.42126117304898786
10132,0.11672807512747092,-0.48941607137613424
10133,0.12266845147870703,-0.2072626951388401
10134,-1.2375110468675112,-0.06394827216358424
10135,0.7814870030215406,-0.11693235270755767
10136,0.8331764803664862,-0.4082853469015922
10137,-0.15667836664425921,-0.3440621324900229
10138,-0.6129722860236696,-0.40136281911561755
10139,0.38604439464089635,-0.49135659913109214
10140,0.1333297856631331,-0.42751875993031
10141,0.10322187949967422,-0.49187852578067
10142,-0.006730863311373849,-0.30892583727423967
10143,0.2441896621325864,-0.5148188687435551
10144,-0.168358218614555,-0.5309154933878575
10145,-0.2197018144289483,-0.48674297948004214
10146,-0.3621228645959471,-0.4879484122114151
10147,-0.5076908367504301,-0.47231891289020006
10148,0.33659673513710925,-0.5518323216613161
10149,-0.01927997391391565,-0.5239695007293291
10150,-0.7291776152984807,-0.44036785714860666
10151,1.1784112782037428,-0.4499622660936935
10152,-1.6937726240177742,-0.22035951037157553
10153,-0.14687741873896953,-0.12758956556795817
10154,-0.9659946617479414,-0.03573917507310834
10155,-0.2589940314834045,-0.062292590939840305
10156,1.030891470287134,-0.3509733320010729
10157,-1.8684799993228074,-0.20519215033612667
10158,-0.30150598393431555,-0.2551674119739157
10159,-1.527412309837736,0.3933742191640996
10160,1.1884443493183907,-0.0583019251123293
10161,-0.2561565894821168,-0.24145491149960158
10162,-2.1174051435062333,0.6185165506290123
10163,-0.1993664679597601,0.4086330800507607
10164,-0.30189651377016935,0.09607970212110852
10165,-0.021353687508596994,-0.2229840399237768
10166,-0.2641973768197071,0.05622818462444605
10167,1.051248140102723,-0.13086235830864926
10168,0.3954095006997611,-0.28714533947859777
10169,0.00999947019248091,-0.43526930763787675
10170,0.5394757127027059,-0.3296225011606925
10171,-0.30672459272671887,-0.36826429885387507
10172,-0.8125022578949115,-0.3446685620301089
10173,0.3979902552038791,-0.48316806986086913
10174,-0.1944020150844733,-0.24146611341142754
10175,-0.3187271743379131,-0.39395330694012626
10176,-0.14954770732777276,-0.38219025769130793
10177,0.19224926760131764,-0.46340262133499693
10178,-0.19638546701888254,-0.28805396120163007
10179,0.045878502307918206,-0.4446950398435344
10180,-0.6332869665100456,-0.27065629239823874
10181,-0.263717581314073,-0.20071101702496025
10182,-0.19163704713915422,-0.364507263857983
10183,0.3757586102956199,-0.21715274949190821
10184,0.13529899107328897,-0.10248893313455815
10185,-0.3273787138361279,-0.4037274028078476
10186,1.1163677943012231,-0.368951049798642
10187,-0.4201222819929902,-0.3142765659487221
10188,-0.26901762265781554,-0.37231810900730633
10189,-0.40778841281874717,-0.4184693329460006
10190,0.08564652813474247,-0.4631905881884241
10191,0.847138204049042,-0.3687357482729021
10192,0.205288199723706,-0.37318440066537634
10193,-0.1817310923834033,-0.31778225693472056
10194,-0.47246440245165977,-0.3187431477383181
10195,-1.0084809293329056,-0.283983892506398
10196,0.4758731464500074,-0.5076923996325842
10197,0.9705684499436668,-0.34706197121727844
10198,-0.31334487184223375,-0.32140056603868117
10199,-0.3212591987798689,-0.3528144419632695
10200,-1.0287040438788848,0.8849353844483114
10201,2.101899206846023,-0.23401267767108586
10202,2.1994158026107407,0.09432894139666885
10203,-0.9007660185575016,-0.10771077931850731
10204,0.9141611006667466,-0.1438926767783213
10205,-0.03378016571050533,0.07575520050858532
10206,0.8966405115231907,-0.13373332448885747
10207,-1.965290560331624,-0.05953903677900525
10208,-1.9930477090506002,0.7128786989394291
10209,-2.28146241636644,0.8952286254625678
10210,0.6685178493184709,0.1471990135887995
10211,0.3423867190039727,-0.21033859310157593
10212,0.6146256363476083,0.06909013800426732
10213,0.6350313651002116,-0.1291485175768247
10214,1.16490520349801,0.04860154087058678
10215,-0.047521075117701386,-0.3113809635647898
10216,1.8713271240568767,-0.30262526062754824
10217,-1.1541517686257683,-0.1380138457112453
10218,0.256437421381953,-0.4183186936465349
10219,1.099131669510475,-0.2732123465264971
10220,0.2862374667967426,-0.15591991732927998
10221,0.3189706167956552,-0.16728103317050513
10222,-0.6639293389487453,0.026924880254557387
10223,-0.9340491361930883,0.4390658091546269
10224,-1.5768890266883764,0.5535098332299
10225,0.6823541938416199,-0.09052786105998831
10226,1.0364146351067942,-0.25551996465947513
10227,-0.6555699101881189,-0.2811999649405675
10228,-1.4986874711128546,-0.16470299105136837
10229,-0.5424944544525195,0.061302775103255366
10230,0.7561423966663788,-0.23172328832180217
10231,-0.07180684645480898,-0.2804923111061122
10232,0.09990857669273988,-0.4157947680504379
10233,-0.4202216810264363,-0.45127990359888737
10234,1.6199370122900192,-0.48391389299148124
10235,0.2829006753330834,-0.5045299520970986
10236,1.1849198065066846,-0.3860571081254919
10237,-0.03069487160649769,-0.30822071808735735
10238,-0.3087827868926907,-0.3891292436428941
10239,0.15795089370922824,-0.47389326228774714
10240,0.47148108708256947,-0.4646300144885293
10241,0.3575733887245608,-0.462844079252654
10242,0.7344784253464506,-0.0032572188811564456
10243,-0.37809498113746925,-0.34411714339760485
10244,0.443118633476316,-0.19619503163593688
10245,-0.14469138814753346,-0.4139138226173689
10246,-1.0096780291724892,-0.22066275665174617
10247,0.7458378980575378,-0.4177039121868196
10248,1.164810264254036,-0.05536368307267488
10249,0.2844620034152063,-0.3035322872685506
10250,-0.5478969775165424,-0.3102158088975577
10251,-0.34979258532927665,-0.4123839164122943
10252,-0.19940102378890218,-0.4036904877514897
10253,0.020977318841709815,-0.308837510508448
10254,-0.7506670284809662,-0.33122015930231835
10255,-1.0783203056679624,0.05960585715214618
10256,-0.7312488781487513,-0.2616447495330937
10257,0.7499839172202197,-0.4976159765262887
10258,-0.29245756596257255,-0.437288025903369
10259,0.3675334470140665,-0.4710229872960453
10260,0.4127203631574527,-0.42389966539117335
10261,-0.26501695630172767,-0.5234246778103495
10262,-1.0194414240199572,-0.3959712592549444
10263,0.9322461111208943,-0.5811140696040663
10264,0.1492664594692557,-0.5658120823042501
10265,0.21541352485217954,-0.5518093314221529
10266,0.9750222660142339,-0.3980805112344983
10267,-0.29657586405566655,-0.42769096867856493
10268,0.3871439657173041,-0.44798086798628356
10269,-0.4190910788693293,-0.4179224791491306
10270,-0.39263344993425714,-0.42209191616265074
10271,0.8617868375154197,-0.5414434990871785
10272,0.6452192695350841,-0.4828611429913757
10273,0.2212308904512055,-0.3844519313256988
10274,-0.5307245261307207,-0.3987657943485026
10275,0.5404170763964146,-0.5225393124564828
10276,0.1657386041640445,-0.20815186023278162
10277,-0.2422213918426376,-0.22815172683399976
10278,-0.22388753452433216,-0.41144913317294785
10279,0.2541284676115217,-0.4650081311525835
10280,1.2160325855264242,-0.29404813230276333
10281,-0.14642989136519113,-0.1876225176085891
10282,0.9113023999398552,-0.22364045250295755
10283,0.12318342445538527,-0.055179796800984476
10284,-0.8309839198253549,0.026273473524912383
10285,0.7502707829643208,-0.21269018796163483
10286,-0.15983282869433224,-0.3600200750262508
10287,-0.07434291253571403,-0.34179322948075697
10288,-0.6742306831574463,-0.19031415501488558
10289,-0.23979922952971988,-0.3028142833682918
10290,0.5729269255494762,-0.31941056119361644
10291,0.0126007052481722,-0.3906452890212438
10292,-0.1518230187348478,-0.38418547668952424
10293,-0.12576178652539688,-0.3837440233889248
10294,0.18129237848413643,-0.3159369057960815
10295,0.2923492027381101,-0.325410335528886
10296,0.19991220934656553,-0.11280579991665719
10297,-0.9045941630548499,-0.11440097459148255
10298,0.29597801567373544,-0.17874409441014408
10299,0.19248822377728245,-0.2616832240684253
10300,-1.1273191999023258,-0.0801318257327753
10301,0.8523249396491653,-0.1653976075130152
10302,-1.0868552644920324,-0.05505163362642655
10303,0.5813180089800545,-0.20859058943599487
10304,1.020601168547726,0.3599896759730446
10305,1.3569647711963493,0.8949184116080446
10306,-0.029605152715182693,0.5876085922041303
10307,0.2808725569616253,0.46383564170709957
10308,-1.355906305239643,0.38315661191521794
10309,0.5335617677749381,0.25668856256058514
10310,-0.1475156257058307,0.5617101944641144
10311,1.4337086798084653,0.2738582840747592
10312,-0.2713122180620802,0.23933726056809274
10313,0.5344540575889145,0.060764761620100874
10314,-0.2525053812674919,0.09047813145003099
10315,0.8401347702941687,0.29290320533266345
10316,-0.4285414851640841,-0.18038269705738008
10317,0.12670256066289257,0.3435862671559115
10318,0.8365406631429699,0.19736029019780832
10319,-0.1532843431821571,-0.01775922687420388
10320,1.164930791627539,0.25207625976984827
10321,-1.0811819999417773,0.28713602890341655
10322,-0.7823765030824069,0.034962288939838534
10323,0.32053111659071737,-0.2543321443818215
10324,-0.6343661511798298,-0.04452569779863947
10325,0.6204689911318451,-0.18734393558505708
10326,0.6246794111720382,0.027978291159101595
10327,1.1734982720062728,0.21124197161419367
10328,0.4143395679257154,0.3986928322320828
10329,-0.272919912985638,-0.023105758039023247
10330,0.22741887849709716,-0.0444137593075912
10331,1.2489856457068362,0.40260251741012487
10332,-1.822987720798927,0.48332774301437575
10333,0.09078882662755941,-0.2958698261774423
10334,0.5576636083553468,-0.04811635072147951
10335,-0.8418234502823695,-0.11514637119780405
10336,-0.27317561677431285,-0.15253278006593812
10337,-1.3238861765980652,0.18260902980723104
10338,-0.5506682166614023,-0.055984136298087524
10339,-0.029794848963214,-0.08101405431524124
10340,0.36721269669378165,-0.30404295425472866
10341,-0.4038345580275045,-0.44733702222941646
10342,0.3701427286922938,-0.33312390780475865
10343,0.9558865601714467,-0.3251717959249981
10344,0.7387023493670754,-0.2802097384380947
10345,-1.0375882965959449,-0.1432390989165321
10346,0.5214779900217079,-0.05855439201668158
10347,-1.2913984359651234,0.39915451064686197
10348,-1.207415609059511,0.06989131411847037
10349,-0.4581869216339515,0.696125982175437
10350,0.6819541981878938,-0.225226833616755
10351,0.5099970562476613,-0.3116637480725763
10352,-0.3521687998462933,-0.22384525942820083
10353,-0.009807644233514908,-0.30796685044281474
10354,-1.4528132142718018,-0.152742145744652
10355,-1.069127613411693,0.08381740605252515
10356,-0.06341845198858159,0.0035023720135522046
10357,0.5846974740724699,-0.38111017706124545
10358,0.4913241823177105,-0.3342766117714644
10359,0.20887819830621848,-0.40802419903011045
10360,0.2504621575033614,-0.4013747445572096
10361,0.588365960370799,-0.44154249482476843
10362,-0.8662562391973416,-0.3711589990626615
10363,0.9055135934453064,-0.37288830483466656
10364,0.7321032251091025,0.14515825073624428
10365,0.28969408892078363,-0.3167714651135389
10366,-0.16876185514992814,-0.02086052741893628
10367,1.0080391967185,-0.000611125179495367
10368,-0.032904470362405146,0.4331107971253726
10369,0.01638861163802368,-0.04530702117322359
10370,-1.483423040596665,0.15363438013625735
10371,-0.3638566207531479,-0.29372343580790816
10372,1.804304218596103,-0.1640634230530929
10373,-0.3494074567189533,-0.26765509682805866
10374,-0.2650895424516186,-0.29714648217442075
10375,0.11410522737174972,0.19868008689741218
10376,0.24803355954923764,-0.1986174619529955
10377,0.5140826351604028,-0.20480991501897772
10378,0.8645124350869297,0.9561509589312692
10379,1.4613765256870606,1.093313777908478
10380,0.2835668326058809,0.7093305876885115
10381,-0.5969918985178306,0.5357087587606058
10382,-0.5612991049832076,0.5952605848903991
10383,-0.18478531433944487,0.25596805411728657
10384,-0.7197698827416854,0.04386282429984574
10385,0.5065057054427097,-0.06888347004461691
10386,0.005775327873374635,-0.016739585825227735
10387,-0.28223522965184566,0.0668355778511772
10388,-0.20608661231995137,-0.05053604427684798
10389,-0.14216064813708074,-0.0043009328136183606
10390,-0.6523065622710165,0.6729430676619214
10391,-1.0281429800895532,0.09257253433144084
10392,1.8699016932335222,-0.004236371716080559
10393,-0.014905573252304344,-0.06744224131070381
10394,-0.5985155713415709,0.16565961570901766
10395,-0.18673829582114096,0.035468925492715145
10396,-1.6848375828804063,0.5754789715368887
10397,1.8745747708955427,0.6339831590264375
10398,0.5980644565446818,0.20087299474543613
10399,0.4612334118173837,0.03080198094635582
10400,-0.20228582547753074,-0.08531393635031025
10401,0.2614592543357587,-0.1817292077801037
10402,-1.5924962082608458,0.2583377254804511
10403,0.43904492521547916,-0.11265059829566884
10404,1.5032824935149505,-0.32829697517708195
10405,-0.537868748010546,-0.23736242224217036
10406,-0.7964936048582953,0.17845147982700454
10407,-0.8789521370030285,0.49057130017552397
10408,-0.16247807151602978,0.5727034450171681
10409,0.3451449249707627,-0.17076031021517854
10410,0.7983247967222693,-0.291558526713124
10411,-0.4430638038657416,-0.25929402819953096
10412,-0.2055010160770278,-0.31465354190857625
10413,1.973802947874083,0.06206236588949261
10414,-0.14810361429533517,-0.013882369634186625
10415,0.9453300030200161,-0.25455881278403797
10416,0.047822690881501914,-0.18301187421713933
10417,0.20564367310369155,0.029705111773749807
10418,0.31616905618695607,-0.26855806341932215
10419,-0.28546661894863057,-0.26652766466373107
10420,-0.4955358468602649,-0.1492322049086484
10421,-2.121920544380849,0.3209270718384788
10422,-0.7320365563314211,0.6600341044096841
10423,0.6423228864791416,0.014040005543937625
10424,0.5997024168337005,-0.24968337796813422
10425,0.4030724012425674,-0.2954719174275294
10426,2.4742348849866564,0.372133086708265
10427,1.7859950108652578,0.6647626685632845
10428,-0.8184816750747607,0.3379684675169586
10429,-0.09029132212340632,0.5765986651849389
10430,0.8527843020533429,0.19912347151204735
10431,-0.9437019545708628,0.010136163375949664
10432,0.80396877370466,0.08430756679821737
10433,-0.8466530883974486,0.692671246203809
10434,0.18559439517960433,0.16083612095734973
10435,0.3074240304589403,0.23546773098365498
10436,-0.659235807222986,0.1358008321080219
10437,-0.8787447888257295,0.13943663870524858
10438,-0.32537128711760394,0.16256301185554267
10439,1.9866992734365294,0.36500033359086603
10440,1.5519946551370765,0.7258377439921825
10441,0.42196244779420766,0.7394553248563023
10442,1.6039624383573192,1.3308108504074334
10443,-0.3758564127108795,1.2756217847582254
10444,0.2904192803981387,0.4984386613301043
10445,0.4481758139077297,0.12369826215362086
10446,-1.0384082322660018,0.5337702512842347
10447,0.33969357511638226,-0.05824959916251018
10448,-0.20389263250479572,0.02006175998537521
10449,0.16233708636344835,-0.16424701838240785
10450,0.42024926269193114,-0.004126262609895695
10451,-0.09538249877251183,-0.003408569734373243
10452,1.1530241101972776,-0.046563737810747685
10453,-0.23065234027125886,0.15158281875964402
10454,-0.8863206473633188,0.06504053147264148
10455,0.783392393438069,0.07269022084258718
10456,0.9263581082552038,0.359157770301744
10457,0.16324242767667493,0.1259308154890288
10458,1.557936770480802,2.0018058408402997
10459,-0.08392197893855036,1.1575933539540038
10460,-0.20299835747056946,0.7602173690892283
10461,0.846741396174324,0.7096250081539287
10462,-0.9080681432658669,1.056012557848869
10463,-1.0561177410527174,0.3410434690536524
10464,0.7611460417656828,0.046197867619770475
10465,0.15870058228139403,0.24402636717931164
10466,-0.5258772480347694,1.1225610899555556
10467,-0.8812128754228538,0.5979904662636653
10468,-0.28551397439775233,1.0494658833149821
10469,-1.7840000882260574,1.1569782099518047
10470,0.06586755930502447,0.771756797425965
10471,0.3240249359099788,0.1764200509296766
10472,-2.9176366958054794,1.5715008876624788
10473,0.6146219344254321,0.2782274051544972
10474,0.41317065508992373,0.5565870965702292
10475,-0.6631582933556923,0.259650829510227
10476,0.5114968256333701,-0.051374957930402414
10477,0.591149364293307,-0.09056103576407447
10478,-0.7199783519039055,0.04896549226096829
10479,-0.07458667169380574,0.07268898942834824
10480,0.32403577094974995,-0.14819169678129776
10481,1.1562316870955998,-0.10830595563820672
10482,-1.2269580451951796,-0.04229472171219496
10483,-0.7465139788710673,0.18234615623677963
10484,0.9635173725226047,-0.17743101386717602
10485,0.1616236880904724,-0.2515144492764745
10486,0.12124899978017314,-0.29032823554681014
10487,0.20074886389897018,-0.2145343799317322
10488,1.0826456950675705,0.032192014434404934
10489,0.7478489995080407,0.21060866073712164
10490,-0.6000584000868038,0.8780127860222331
10491,-0.017211330936557266,0.2541520469720789
10492,-0.17009455011280747,0.9984307066239976
10493,0.18204094928554407,0.2322184488125908
10494,0.638711318072984,0.30039172814163745
10495,-4.050605701856344,2.2879598022402408
10496,-0.5556324479009722,1.5009066118168668
10497,0.8429230948134533,0.1615991633160906
10498,-1.9304454658442356,0.548123809536169
10499,-1.0313032022430575,1.7195375401250328
10500,-0.5259636388783095,0.5515513473738775
10501,0.8516134216731934,0.012740642872131377
10502,-0.433538775475131,0.12200333379949933
10503,0.4812552306085958,0.07848038998062305
10504,1.1040904573033312,0.013219615710887603
10505,-0.7990160322601628,-0.12804614202433987
10506,-0.34119397570173204,-0.24151937634960768
10507,1.3659147362848452,-0.34199063527030504
10508,-1.0490654688248369,0.2016801987366867
10509,0.1366141683168932,-0.3385559296148008
10510,-1.2640464944065464,-0.1899803932871209
10511,0.8077274813436378,0.08494750271387584
10512,-0.4642032189344357,-0.3782292778529008
10513,-0.8954185220946671,-0.2811114298722261
10514,-0.7215262623026946,0.23415567040711366
10515,1.5091178672978924,-0.3071566210789097
10516,-1.1040908045041593,-0.36473556556858283
10517,-0.18941569085134066,-0.20494137707548404
10518,-1.073496993040948,0.1447371932415666
10519,-1.9794517656105315,0.8414367395065445
10520,0.4706296408014495,0.6927581545626701
10521,1.189622380249594,0.22889613991896895
10522,1.6025914220083928,-0.2472307362170616
10523,-0.036822863008758706,-0.22453451701139288
10524,0.24683343238614183,-0.4187634816293613
10525,-0.6961418568464208,-0.33968774309976807
10526,-0.5194266140537941,-0.21236475295198445
10527,1.2526987004140455,-0.3562426079142194
10528,-0.6023713488743198,-0.3689045102500617
10529,-0.6748688401985098,-0.12718347546862344
10530,-0.63778692683552,-0.1583468520284526
10531,0.724042944300945,-0.28026630368778466
10532,0.3496562425589228,-0.48353803570545345
10533,0.45294421856748823,-0.3400542637242889
10534,0.2046086393838674,-0.3489347715576387
10535,0.4150258240086884,-0.29906464115493697
10536,-0.6200497099606016,-0.08596315558098798
10537,-1.2660576719480092,-0.17662229376509012
10538,0.2328637765422455,-0.04163007813204069
10539,0.9742420346807346,-0.2053932258953584
10540,0.3198281056427008,-0.4041119416085185
10541,-0.11004186276114047,-0.39275930032695716
10542,-0.33593684022379516,-0.25750590887680097
10543,-0.043742620181822775,-0.4418629242841276
10544,0.8784186410784015,-0.504848898522395
10545,0.37814294738059967,-0.30899589929986615
10546,0.449869158082234,-0.31008157942022285
10547,0.23373902525346854,-0.33386573003634806
10548,0.6170162653331446,-0.11982727086941974
10549,-0.03583750218143999,-0.2614317137727794
10550,1.030345856915303,0.03210277314864603
10551,-0.5054513011195284,-0.09603917360550669
10552,-0.09042972298171324,-0.1104365369185247
10553,-0.018159647126811625,-0.3805151367915695
10554,-0.6436416595170299,-0.08178244150325886
10555,0.3111213498912049,-0.33148959450425763
10556,0.3745798391343959,-0.36233202459784486
10557,-0.3887354888850895,-0.4209620882526378
10558,0.009366287276954554,-0.43119756418993804
10559,-0.9011723211365966,-0.26432143062037233
10560,0.12086087801104288,-0.35046236062619024
10561,0.26944333573248597,-0.49100491558061304
10562,0.40264670031051203,-0.44765668724837143
10563,0.2752070132073588,-0.4233814760547695
10564,-0.5335848977083387,-0.43416282214446195
10565,0.05233819149695749,-0.49209535527087883
10566,-0.7629402032813991,-0.28060229838878264
10567,0.13525117777037518,-0.3549868262402288
10568,-0.1019088727908108,-0.34720609319360596
10569,0.2109959080781876,-0.4722865036390284
10570,-0.010229463285388147,-0.4526690928472561
10571,0.3896589132406419,-0.4752659006272325
10572,0.3808285719400114,-0.381789493318356
10573,-0.33169418952982044,-0.38522278618834926
10574,-0.3508287662374246,-0.43639948798533945
10575,0.35394841086666046,-0.5404904729717657
10576,0.9394852460679446,-0.32626812228485197
10577,-0.756842839841391,-0.21576512988806074
10578,-1.0446393344789986,-0.2108829251261447
10579,0.7588309598997183,-0.1422219594422099
10580,-0.4081933723477841,-0.3732175328171237
10581,-0.6625033902771638,-0.18984477494813412
10582,-0.47088698445743415,-0.26101130294869945
10583,0.5569016937123218,-0.3635925634415976
10584,0.10715494155624376,-0.44289615754461426
10585,0.494052248614099,-0.29162877953167426
10586,-0.2572287547508248,-0.3318904105431177
10587,-0.021083140210872355,-0.4567859950129547
10588,-0.12815213971983105,-0.3668072073801573
10589,-0.5191554244057538,-0.13177379935528397
10590,-0.7312591356171035,-0.25014877050396545
10591,-0.5169620475744792,-0.26084378317032975
10592,-0.17659755192544702,-0.1498651336247789
10593,-0.9184900246484818,-0.06004469837957644
10594,0.7552756016609851,-0.17159880453962567
10595,1.2054390372272927,-0.2583685199208375
10596,0.26142822157628304,-0.35681087905978354
10597,-0.5774616606507489,-0.39945353813250156
10598,-0.609870117212728,-0.40436921489270794
10599,1.1997447112054764,-0.42705857150779286
10600,0.0984566577609732,-0.35092571012442403
10601,-0.28992202675330236,-0.40341429260825734
10602,-0.4303111890978142,-0.495845858777093
10603,-0.20692582050714647,-0.5177896344099268
10604,-0.4246963085429376,-0.3647051402676119
10605,0.16379695234907085,-0.548543722012746
10606,0.6521322608759732,-0.44658398407175065
10607,0.04085870279118068,-0.5199239229605935
10608,-0.0038408775997609505,-0.5310415922313841
10609,-0.3561710151914776,-0.5520568666820135
10610,-0.2634910529205308,-0.45036838357697
10611,0.8112827290395058,-0.41397803340099715
10612,1.11040221311232,-0.2712960733981538
10613,-0.4592923891060613,-0.29364522783970465
10614,0.10112476166918825,-0.42666908821455
10615,-0.04667116203148586,-0.45933534911535395
10616,0.30140493874391344,-0.4191430087400201
10617,-0.8773304762222537,0.1262775843457017
10618,-1.259062015991929,0.18413119409714002
10619,0.08237599062925645,0.1849425251926175
10620,-0.495078861288401,-0.3166459878706005
10621,0.8975317585266916,-0.447433807180849
10622,0.16795928660756948,-0.3725987214706726
10623,-0.10496012241495659,-0.47208656952409406
10624,0.33139519301410203,-0.525984891185076
10625,-0.14778420615959983,-0.5332591615470328
10626,0.34217693141557354,-0.5358212305442588
10627,-0.280024685356487,-0.4818354245159228
10628,0.37013227767583906,-0.5098491341883628
10629,0.109351483089009,-0.5350958139667547
10630,-0.6611548046530519,-0.2978445948747408
10631,-0.031050002152655208,-0.33799609468577907
10632,0.30514926031110007,-0.38854164762138305
10633,0.830543989973132,-0.36801272752121766
10634,0.8477195145572446,0.2668522110899067
10635,0.2574992569230732,0.3177712876020553
10636,0.17813027652220279,0.35006821002965377
10637,-0.5966349643795392,-0.15875731094341622
10638,-0.01399796409830697,-0.28052728036064456
10639,-0.4467298888880907,-0.3205437945903261
10640,0.4684201362598313,-0.33056619595930137
10641,0.06730651974509157,-0.3913354912109441
10642,0.19958395192705394,-0.29953647589957855
10643,0.130212862303949,-0.38420334140621565
10644,0.40866368388407864,0.09325206942723448
10645,-0.1416040672536726,-0.2936277506034378
10646,-0.21011749814970654,-0.25066506797391436
10647,0.42488377077392714,-0.31252620775387124
10648,-0.8126097333030639,-0.07292172290851082
10649,0.12013783331661983,-0.3062555310533157
10650,-0.3854854275331178,-0.40304753050594017
10651,-0.40306954842251735,-0.25494353177289336
10652,0.4869998486901079,-0.3791812432306781
10653,0.3510945570869255,-0.30641032418850533
10654,-0.45794080851128677,-0.4039269800723012
10655,0.10955656456667169,-0.23115693535024978
10656,-0.048048183089658573,-0.48799436555981224
10657,-0.19351648394098805,-0.5205352012277944
10658,0.43161130996863617,-0.46606576447540926
10659,0.7009518193410047,-0.3831972050230658
10660,0.36960302139059803,-0.17047161215708878
10661,-0.595006047791929,-0.2508382622137221
10662,0.7298974360118237,-0.27806762350138325
10663,0.1442575063847338,-0.3029082857471081
10664,0.3383588136069346,-0.23933979445859016
10665,0.38724472231737056,0.10246939365098441
10666,-0.5811922331289191,0.36770598506197283
10667,-0.3849376248933862,0.022312018583927354
10668,0.4668993050562612,-0.12784919916677867
10669,-0.47673690006960984,-0.18752592444430322
10670,0.02188735450649424,-0.18247640902369447
10671,0.2461631956285916,-0.3630848959364356
10672,-0.18200343651897782,-0.28852574029384165
10673,-0.4596329882842021,-0.21470221984855958
10674,0.10717477177699428,-0.3197222457953799
10675,0.18102938964448284,-0.2840466730352861
10676,0.35134755158953085,-0.4415716213483451
10677,-0.11517412784520817,0.04193682073074849
10678,-0.1076362375405248,-0.1355129422422904
10679,-0.31708020806695225,-0.03040399252748692
10680,0.02538071943848335,-0.27745047564922065
10681,0.8279845198334171,-0.2137325967421544
10682,0.4114507431515592,-0.20806983335726376
10683,-0.18384588188032677,-0.2049019655431725
10684,0.28005440008980614,0.02188088349385013
10685,0.8263173056133625,0.11269268458565264
10686,-0.6371406409998771,0.520721925164644
10687,0.3282992101603538,0.020116798895728982
10688,-0.0735214884152914,-0.0017439817796034013
10689,-0.24310149310703427,0.06364259064937998
10690,0.2799489306047574,-0.06314051839104079
10691,0.12079614780883216,-0.290636414254294
10692,0.01606287707778429,-0.31159791706244294
10693,0.4684746263785549,0.28335550182759267
10694,0.9246383707681111,0.9856347148575649
10695,0.080881329229541,0.40078854994514923
10696,0.6009819992118393,0.21216863876117753
10697,-0.7978635935112512,0.10215367055290935
10698,-0.9544514230549392,0.6604771431882555
10699,0.1775152666039354,-0.16855639835472386
10700,-0.4112730740487715,-0.06953854112280193
10701,-1.020677720113883,0.10727583134882564
10702,0.3679818598326701,-0.1537357993252043
10703,0.09104470831972258,-0.23397012013162122
10704,0.10645607408625046,-0.26781270938317775
10705,1.2842336951334736,0.0822862425222584
10706,0.8012175237643852,0.15893967074495485
10707,-0.17339450857655297,-0.19097910290955095
10708,-0.1696139386345271,-0.1517925160584068
10709,-0.50897144557355,-0.06703797774669164
10710,-0.7277933047245544,0.11126815166306565
10711,0.13388916195571787,-0.33310925957909804
10712,0.41914992389932165,-0.37619596559168866
10713,-0.38628282257876934,-0.26275832339696226
10714,-0.7814870257560086,0.04164105211001835
10715,0.5906207268195607,-0.3427308506364466
10716,-0.009331413879992026,-0.4118982095574902
10717,0.7575119483419974,-0.43774384049368636
10718,-3.5349918227166857,0.8172553220747586
10719,0.9969465315840168,1.630181276922345
10720,1.3778515705186727,0.09553812060232623
10721,-0.4629925154982039,0.020348153835488908
10722,-0.3526685119077649,0.13364391066459702
10723,-0.4248762364484397,-0.1940228551085173
10724,0.5272083125929956,-0.1964247686407269
10725,-0.09944619707893974,-0.27344667798078254
10726,-1.7042905463545963,0.39356831487983446
10727,-0.26169159174521595,0.4311046733328143
10728,-0.10437113202341279,0.10522579240173967
10729,1.4732258398089977,-0.0617793854060371
10730,-1.1337010812344583,-0.09975482419991605
10731,-0.2342330338604077,-0.27355260208731697
10732,-0.41141359795376214,-0.03298766018866485
10733,1.1074915097627376,-0.24241559383575267
10734,1.5854953361958417,-0.19689010554188086
10735,0.5797276818235608,-0.21511732614396634
10736,-0.37895561041548237,-0.1995759587819107
10737,1.0889586807723635,0.1636854087709767
10738,0.7745235984624277,0.5448938191271172
10739,0.22073292403456737,-0.16399276144249003
10740,-0.28212937464834736,-0.272306219810989
10741,0.21791094980468614,-0.17036572778654624
10742,-0.3229231287278917,0.20289309546361467
10743,0.1951705320215756,-0.19023089189526976
10744,0.5746224821339614,-0.40376018808093106
10745,-0.7448329624708683,-0.3193678811154684
10746,-0.07219292615096516,-0.2982768150510124
10747,-0.4466906527284033,-0.34331576620002224
10748,0.6380806630919491,-0.22199645806126722
10749,0.7425393356900418,0.0798783334469355
10750,0.12126762014477624,0.08351741437437808
10751,1.3301291355350446,0.26884694459556924
10752,-0.53938032593275,0.20597400995977888
10753,0.4679169020027846,-0.03690218117289156
10754,0.5519857745739749,0.07360896966224416
10755,0.4546538575322682,0.051549237889378055
10756,-0.7679685194505562,0.06180637614736621
10757,0.19787234397924522,-0.05822151056439392
10758,0.25182297253082786,-0.11427121840858243
10759,0.08888597714361693,-0.16576925384382019
10760,-0.47321666145708086,0.7783925125785239
10761,-0.35913683935971097,0.15330856324543168
10762,-0.36325220094203997,-0.17034142323501705
10763,-0.6243207909165673,-0.13041917606941045
10764,-0.5066096409774844,0.2452177987561599
10765,0.6030043070509816,-0.2339094319048458
10766,0.1529233060281747,-0.12811877014641518
10767,-0.845346162871497,-0.018047010261175264
10768,0.48916883361292984,-0.029861255772168596
10769,0.9334908258842949,0.16448947956339788
10770,0.3094133366637983,0.21746921227977084
10771,0.22824893815426864,0.3042763684547303
10772,-1.1409226891784188,0.26267660151806826
10773,-0.19006675833585704,0.6128171565755007
10774,-0.09596017576155594,0.5946906569722531
10775,1.0847340352105797,0.0065823838788390265
10776,-0.37516054568244606,0.012616276606155566
10777,0.0255159597488852,0.021780001610557292
10778,-1.1618926520070867,0.37521859374655664
10779,1.0321355925304339,0.04886104848357413
10780,1.1950769050705055,0.25675360126858776
10781,0.4011567093018665,0.6033559928076628
10782,-0.07952979564623111,1.1631332571899926
10783,0.9873372375780829,0.8744275930996143
10784,0.6290835136431278,0.9582739697624881
10785,-0.4544263511878169,0.7012774783918793
10786,-0.0009640233335402575,1.0374306979159107
10787,-0.45126011233184987,0.6479304938445568
10788,-0.9051237811714022,0.7424997017426976
10789,0.04094664318895467,0.5629833041236182
10790,-1.5267045126475505,0.9357575685584322
10791,-0.6182786508999586,1.9206350612148448
10792,0.046139153778158394,0.5572377561703583
10793,-0.30717501596626534,0.1679629875817915
10794,0.9219812243713313,0.02346128519611329
10795,-0.9829375455130465,0.21015919845759912
10796,-0.8554823867136245,0.10214697674690622
10797,1.2034092447019582,0.014408944686214425
10798,0.41085315599231226,-0.24412347625860703
10799,-0.1279653825599331,-0.06437508310224399
10800,-1.7166008422221872,0.16253110736483944
10801,-1.4966931577632285,0.6103881483435986
10802,1.071430351707039,-0.18933053413150286
10803,-1.6914918028168089,0.05976093908741077
10804,-0.4426585844410884,0.33478512297653634
10805,-0.12575404599318019,0.03744008292630914
10806,0.6579047634294348,0.049184776513638576
10807,0.34824161487369526,-0.08324391502910235
10808,0.025782358095574838,-0.15008926153486488
10809,-1.0407535562717671,-0.007851573080064483
10810,0.32203776405446227,-0.19972537921881012
10811,0.9485369470684022,-0.39835089786924394
10812,0.43947451027519385,-0.2990997559373798
10813,-0.2639709550037858,-0.393770863972139
10814,0.46303226799135466,-0.4590336958936004
10815,0.03383168151416437,-0.41448465981398674
10816,0.6989708941725012,-0.3452578078124833
10817,-0.6877202853510531,-0.34854698125699574
10818,-0.414230576874467,-0.3757337296832315
10819,0.25896316814778636,-0.42933053300037083
10820,0.06767893247079529,-0.39859687653483705
10821,0.06031022823705095,-0.4420625799037086
10822,0.1942754861390338,-0.25836224369696026
10823,0.8787059218768413,-0.09611884773325918
10824,-1.5596017299484577,0.1210839580473967
10825,-0.28838269845726694,-0.14317431831986077
10826,-1.8138645063908845,0.7702330148498246
10827,1.746291043579621,1.9655348736099956
10828,1.4654351709409073,1.2783723918318253
10829,0.8793849229688745,0.3407123604877721
10830,-0.5640732841476815,0.5664182646209226
10831,0.4614977281140023,0.1384324040763834
10832,-1.0167462332082555,0.3269007735931275
10833,-1.3486760138402827,0.5701770641968279
10834,0.01424443297534885,0.3156627900794487
10835,-0.43241019078786225,0.5495534252042703
10836,-1.218755130558364,0.647591446761413
10837,1.1781575082543563,0.34500314970528095
10838,-0.595951472795117,0.1876200096100505
10839,-1.1645418523355584,1.0051973924145974
10840,-0.43373564696354955,0.25352282254826064
10841,-2.0908820454203303,1.7058533414268606
10842,2.7199467061501106,1.2694812174529346
10843,-0.12433414353428145,0.34389638755976404
10844,-0.5104331225385006,0.14214684102005742
10845,0.703529962962557,-0.0669526528894849
10846,1.0535663918395792,-0.19076115513689768
10847,0.42626302210550354,0.04674397516950117
10848,-0.5843654252955427,-0.09497011304245052
10849,0.534431749249098,-0.09062820817374179
10850,1.5231370085522147,-0.012461001050302609
10851,0.7692607519926462,0.07023850551332565
10852,-1.2053486240457498,-0.035761460372756404
10853,-0.9505915361783933,0.06463045837177635
10854,-1.6263561837950518,0.6831441988786925
10855,-0.5139920204727222,0.5778647141855076
10856,1.627766977012515,0.022825346377546726
10857,0.5833649744866746,-0.07219371692410156
10858,-1.1396847876815264,0.13429632308289463
10859,0.5571134562959372,0.2671651410869243
10860,1.2235740276235993,0.07436422201861616
10861,-0.45581138857844644,0.2714713464698867
10862,0.08506526536084641,0.0268428443931754
10863,0.21648742307378002,-0.24794118986447344
10864,0.7333601841013143,-0.24909813899108413
10865,0.6408014073502691,-0.32040459211860195
10866,-0.3092664583046275,-0.04081139209171245
10867,0.3259866617203039,-0.31288891080211156
10868,0.007915742322706603,-0.30480457705038044
10869,0.5388583903101974,-0.021756722502429743
10870,-0.030541797301403766,-0.09052447455858822
10871,-0.08446320057767243,-0.2596790026005418
10872,0.38592377799785,-0.10175177488342708
10873,-0.21228909622138098,0.2736494055428
10874,0.5330077050683094,0.01286142909490541
10875,-0.6875240487827071,-0.05189092668176179
10876,0.7361403123847033,0.5793445078157213
10877,-3.4827030448738303,1.4930434029659727
10878,0.7855572170889863,0.8214864439412999
10879,-0.2517148194359937,-0.00611774218940965
10880,0.9090936586302977,-0.13992869625175008
10881,1.5216746634190774,0.1214061324100975
10882,0.8499330883864962,0.4686743716126426
10883,-0.7244128733396784,0.570155814354512
10884,-0.5981460846109439,0.46989115946036286
10885,-0.1798238891035777,0.403274405243811
10886,1.396833288559193,0.2059872257412792
10887,-0.5131707876856201,0.061530116289524386
10888,-0.21768624702395978,-0.21564064920519724
10889,-0.3899697942782685,-0.27712072712298236
10890,-1.023705595169779,0.0452063094576642
10891,0.21999033481548927,-0.09433015850809925
10892,1.1060371797790667,-0.06919538039746698
10893,-0.07125514301318625,-0.31832706105139846
10894,0.34828015038649324,-0.2332343969713872
10895,0.20868381690090124,-0.005950217944579603
10896,-0.5480461900563032,-0.19509499674181913
10897,1.479927426889816,0.2047093495886464
10898,0.31633464469310224,-0.3016216900626221
10899,-0.4741049587008578,-0.2354343267657103
10900,-1.298766277909633,-0.004177292353189657
10901,-0.8290385788726599,0.10226466767206203
10902,1.3943764517873911,-0.098120320545665
10903,0.4772948865707769,-0.39208805140221975
10904,0.055491063246118154,-0.3836822152194867
10905,-0.014646522386731661,-0.3620775716120206
10906,-0.23372082545741993,-0.3537459639385614
10907,-0.019063700818483957,-0.3514557634078031
10908,-0.2044324737885928,-0.36530828996997283
10909,0.3533678839847807,-0.3585811011431343
10910,0.29985222330271744,-0.361059023188806
10911,0.4391685870866843,-0.4496192982169677
10912,0.45497008017324714,-0.3741035892116483
10913,-0.37930008652620756,-0.4121097013422769
10914,1.0412803434311775,-0.35680740296468166
10915,0.6173139785635199,0.04297983446346758
10916,-0.018523065859569164,-0.02229107712485799
10917,0.17143671068266517,-0.05098663018253776
10918,-0.3894207596372241,0.193382888791014
10919,-0.4176940546512133,0.27099146666757973
10920,0.7405840318937251,0.043292207470229147
10921,-1.0191923995225465,-0.023712007943457278
10922,-0.826690769024863,-0.03039551473541155
10923,0.33070824686422745,-0.3494538233581991
10924,0.33150423805402546,-0.24842525547465721
10925,-0.27817452840330964,-0.3561535010877179
10926,-0.9991568268578007,-0.013592526348950904
10927,0.5028123975620318,-0.37873935431229255
10928,-0.8708586485791339,-0.1448942889937139
10929,0.595177698313966,-0.1749398802961262
10930,-0.41784161318620905,-0.3250031283196933
10931,0.04870365387765122,-0.34997711997197456
10932,-0.23478070390432848,-0.39918352966636517
10933,-0.306155647089968,-0.206956484382658
10934,0.2721999641635629,-0.3911659507437448
10935,0.49756951482396755,-0.4056528169627084
10936,0.1819861954021649,-0.3746931925656203
10937,0.4003681714538783,-0.37866015191861624
10938,-0.47464844640042325,-0.15849053340277333
10939,-0.4407301452810467,-0.3299778507698629
10940,-0.10027822108850926,-0.38874830759063334
10941,-0.08111193666774869,-0.4747425093597256
10942,-0.4477916925045489,-0.3720260411905524
10943,-0.18175743513730816,-0.04008929414029497
10944,-0.8603993354293934,-0.0992763439769314
10945,0.2809649769992518,-0.39336627304389254
10946,0.19341705071980028,-0.3669244918854197
10947,0.3133861379267674,-0.44181856763099064
10948,-0.9727789780810998,-0.16108285725634475
10949,-0.10585660296807214,-0.15374553133825997
10950,0.6201813568006086,-0.22850471599148764
10951,-0.45285226468794276,-0.37851610433178956
10952,-0.5817562868485936,-0.3259386286762998
10953,0.6274075137360684,-0.44376903615599717
10954,-0.8358440580970311,-0.19512559406208183
10955,-0.9097743428915879,0.1596379225373571
10956,0.06697857099016044,-0.005568454007211343
10957,-0.12500036721467328,-0.3548255989122413
10958,-1.2230806368930522,0.5269631817257111
10959,1.4309085317199315,-0.09590387913317971
10960,0.20061801977125895,-0.3331234791256762
10961,0.4344125743132309,-0.35368703059785794
10962,-0.9216607665823091,-0.22093458310533054
10963,1.44581666696212,-0.2092711114947245
10964,0.09039836817608282,-0.2615342774067324
10965,-0.08167045956741681,-0.2459641825962467
10966,0.10910330347190159,-0.08149179567196595
10967,-0.5894090919108133,-0.27748868207363053
10968,-1.6505770436444835,0.40831854073850604
10969,-1.624719630717517,2.1045987025479937
10970,0.44746444675543057,0.85530336230198
10971,-0.11823858080109687,1.2808976956404314
10972,-3.607753568148748,3.348299895617287
10973,-0.1594256055107404,4.210782833086288
10974,0.9495694011243501,1.461358652661454
10975,1.6195770883828773,2.1550910160984387
10976,-0.8090281301260935,0.3342737244734072
10977,0.641670390292555,-0.18198426568831158
10978,-1.7746691919241502,0.24179365603176972
10979,0.9939551048547657,0.006157589066728877
10980,1.133237839703203,-0.22297312472074782
10981,0.33499363579154146,0.1840309680019266
10982,-2.0843465247861905,0.21008244198110965
10983,-0.16429794924713623,-0.04070636745396845
10984,-1.051323342062467,0.4074084958751264
10985,-1.1909459234775672,0.6767968689118268
10986,-0.7080349066762183,0.9089253895364217
10987,-0.3297322729017447,1.66062681201217
10988,1.115608273747528,0.1234845461848904
10989,0.8236341967379441,-0.19064840601975225
10990,0.09073706274902929,0.03537435916428387
10991,0.255306335962069,-0.26029215317819254
10992,0.04740191838422065,-0.2999658942811611
10993,0.9177007428319658,-0.2677560740318255
10994,-0.4665218174674864,-0.26174846645923683
10995,-0.16048223182746646,-0.3075720909228115
10996,-0.3615259218349431,-0.3348172142336387
10997,-0.18040582613098713,-0.27738097119894506
10998,0.24235548972750334,-0.10332901458843372
10999,-1.7736372269565723,0.43446899364203373
11000,-0.8226276550442522,2.1580925198162264
11001,0.3283684124795487,0.224725481473103
11002,0.395038673109705,-0.0026213046113751637
11003,-2.3426971767234495,1.4354592278205414
11004,1.70912649025341,0.9632519230362316
11005,0.9774930359554136,-0.02586034992704657
11006,0.5265779010863852,-0.03881122121073899
11007,1.1187472281930204,-0.21036442070017092
11008,-0.09448510284520162,-0.23722551431538136
11009,-0.11553446940383405,-0.27865501684050636
11010,0.7665250572965928,-0.3253342484776115
11011,-0.2558070064398484,-0.22150069822157
11012,-0.28260531382671006,-0.3135812723403855
11013,0.26434390785738204,-0.343296972507299
11014,-0.3551190403188016,-0.13196067991424548
11015,1.3918709799132403,0.02900631376935102
11016,0.5362584821252835,-0.038923643571079525
11017,0.256811721604933,-0.22818751477367816
11018,-0.7073163024390238,-0.11673870690098781
11019,0.013262435007995064,-0.37973893807271525
11020,-0.14117111301808052,-0.24734717874049755
11021,0.9033552349737398,-0.33066623874324635
11022,-0.4590105381340601,-0.26595484537385555
11023,-0.6222958625821932,-0.34336592789724435
11024,0.7451832731446654,-0.3960167992411124
11025,-0.32458033823692606,-0.35588202284239523
11026,-0.003589389369844603,-0.4561572029739789
11027,0.9903907026038177,-0.3830604780997984
11028,-0.7895339830776064,-0.23455685798387244
11029,-1.4407364573221557,-0.1926104792660962
11030,0.2682829019666961,-0.1870277220037102
11031,-1.4693004162832761,-0.20497301441447213
11032,-1.8267237835470533,0.2695301268061332
11033,-0.1372221196291245,0.14013435791150974
11034,-1.6485059181349504,0.7021390363344266
11035,-0.22804234782365382,0.36943130389223205
11036,1.1317223769297158,-0.00039972261017164057
11037,-3.1354813873672436,2.3012911277101025
11038,1.3348831253929825,0.5833192085624775
11039,0.313566895414625,0.19796765006713934
11040,-3.1165768120908353,1.5224005714068993
11041,0.4117181721020065,1.5872407143625065
11042,1.6216013676009327,1.3326592789968448
11043,0.843927753195831,0.4520503142741721
11044,0.44565474543983724,0.20345606798753896
11045,0.6554863206309804,0.1134205982954647
11046,1.581200093868853,0.634494783775764
11047,-0.6906283406228572,0.1360907805950708
11048,0.16871894189934075,0.16001699795067414
11049,0.4756712108965614,0.03788648949288852
11050,-0.3130257837934944,0.1621303361884514
11051,-0.1456852977886698,0.09183495841377219
11052,0.24740931116669132,-0.030176040283745195
11053,-0.6405361633412142,0.4433894487246708
11054,-0.4948371413753522,0.23009056202262057
11055,-1.4194472269868796,0.08570583555781659
11056,0.07563797104366037,-0.09195395836093034
11057,1.1145355342659407,-0.3144721939016562
11058,1.2248893402394025,-0.11801214748963884
11059,0.2882666056373101,-0.12518917345981817
11060,0.6224130999496984,-0.2724404909035422
11061,-0.1587298434972733,0.07981411462294959
11062,-0.37852373800845135,-0.17047486826310443
11063,0.21481319103093816,-0.12944267222235506
11064,-1.1428694111014996,0.025965821117075447
11065,0.701979482514621,-0.29495894053316607
11066,0.3012520800964303,-0.22641618382930828
11067,0.18202916084119952,0.039877968318905235
11068,-0.40538805199408906,0.37897107962640214
11069,-1.446577847261287,0.2150169536204014
11070,-0.7948423183525904,0.5544968178155134
11071,1.1706719736595135,-0.1970381989009044
11072,2.3376406321622603,0.605398566015152
11073,1.759771952815004,0.7537571465400772
11074,1.042338320359948,1.0146594947541483
11075,-1.3708936221397987,1.1053594359838488
11076,-0.6581355101922454,0.4078509533074044
11077,0.46465073413263874,0.3631860779922433
11078,-0.9451038614240551,0.06352280122757147
11079,-1.2468688961423282,0.25965365436022114
11080,-0.9082547156936159,0.2892904546431918
11081,0.8572839911299851,-0.028826003936029507
11082,1.5754169634073971,-0.15172661898112544
11083,0.6380717362629439,-0.09311691040798045
11084,0.5492510152565029,-0.4007706972319737
11085,-0.23849458747828572,-0.22874839005630038
11086,0.6875074759816293,0.011164776574583438
11087,0.009139703326232098,-0.23379814870626608
11088,-0.9192034664763468,-0.2096410662638352
11089,0.2946124294105797,-0.25368601087968157
11090,0.6230109134758167,-0.1804608377333815
11091,-0.5223271566861728,-0.2756586204479851
11092,-0.7116019512511013,-0.28198273231934196
11093,-0.29819085104892645,-0.24362509865152138
11094,0.19540147572161334,-0.4108834100080523
11095,0.09859529067506256,-0.4759946911366226
11096,-0.15114453890429902,-0.4607708680519826
11097,0.2662720073522343,-0.4181562802616729
11098,-0.8298025883279038,-0.31590736850885087
11099,-0.4913416770941777,-0.3111928086830674
11100,0.07627097807798143,-0.2691777828390146
11101,-0.5279900687400674,-0.48233226176851574
11102,-0.8344143089491033,0.08850665985107438
11103,0.6544097510143279,-0.25261374679554927
11104,0.3057943887186475,-0.39015883884608166
11105,-0.773062547957496,-0.31092418544625366
11106,-1.0063858628575002,0.1086041297965722
11107,-0.271975284794489,-0.07814387378249309
11108,-0.026743105738429758,-0.19132745910978405
11109,0.16932778975561838,-0.31349074478201033
11110,-0.9173839162651338,0.19384881329044307
11111,-0.0970805133673683,-0.17953654042204797
11112,-0.5374141654056631,0.14886384962223342
11113,-0.5730889806358439,-0.15407956246177956
11114,-0.25256617924564734,-0.02784270821327678
11115,-0.04665376310087326,-0.048316029311607646
11116,0.44798568334081096,-0.1739511142896174
11117,0.21479891759412204,-0.08086808897054937
11118,-0.1254100383196227,-0.18291559724898981
11119,-0.38066508075215505,-0.28396959155114093
11120,-2.1410919598147484,0.24260767523092885
11121,-0.9404255716727354,0.5710728916471057
11122,0.2954696875885468,0.3112392677964799
11123,-0.7663796447611846,0.19395252600894136
11124,-1.8551823858574308,1.1635569424336873
11125,0.587485236468934,0.23391843463946327
11126,-0.9643666967846835,0.18478142030563238
11127,0.6917488613986134,-0.10083187134421244
11128,1.3328520731205207,0.022718518928176668
11129,1.4055533429217835,-0.08391739366518225
11130,-1.9591250570097112,0.08920979678882131
11131,0.7762917874217259,-0.32142185329538153
11132,-0.3655813753429858,-0.314370042862735
11133,-0.52631296384362,-0.0723340583789232
11134,-0.41480882740604574,-0.19463346993994113
11135,-0.3041428705173061,-0.27686530145129123
11136,1.0240534225073032,-0.3581309501018699
11137,-0.3531772661255209,-0.3068326012085053
11138,0.5166755902242407,0.0888054668595449
11139,-0.10849775807311039,0.03806237303394623
11140,-1.1827484811171998,-0.06592771218440192
11141,0.6311717567237611,0.26202316128872905
11142,0.9438174739623031,-0.08705604284964683
11143,0.6012964854325413,0.11283014857179317
11144,-1.9527235719665916,0.09378198045574083
11145,0.5097537887337641,0.2888063822520227
11146,0.2882191621739026,-0.16740092653954003
11147,1.7758159476960522,-0.153470334925427
11148,-0.5253901407070739,0.3311072531632315
11149,1.569439119372961,-0.1273799973110223
11150,0.2571813682304795,0.30539700000807185
11151,-0.8025011664895995,-0.18451585317190022
11152,1.0028059954193287,-0.33373992052381724
11153,-0.09440523696571865,-0.28974071497675086
11154,0.38043927684509293,-0.15481705062988393
11155,0.6861776306193348,-0.30783863871162453
11156,-0.8274022127394435,-0.1671962025324496
11157,0.24535229288340077,-0.4032611125604482
11158,0.46002607206309676,-0.029333467932068272
11159,-1.162232193828725,-0.15710300534562718
11160,0.8467453671547324,-0.11643021738072581
11161,-0.7824807514146069,-0.3062844576665888
11162,-0.16319898855273074,-0.33480289938577107
11163,-0.002604952171850689,-0.3580772860887538
11164,-1.3865974825999896,0.21426994260483506
11165,1.5138599533659878,-0.18200385970388605
11166,-1.8894309198939065,-0.11221688413015685
11167,-0.6528391888670672,0.3127647620869894
11168,-2.0779262747914324,0.9667694259252729
11169,-0.6026435975931348,0.5757745984258167
11170,1.3686365050691498,0.007780548250501798
11171,0.3768885764296191,-0.18002547864480878
11172,-1.1398801303104789,0.321863903035706
11173,1.387601448199607,-0.3117111307832538
11174,0.44425934281902235,-0.2939011071391743
11175,-0.37281927275191284,-0.11474232461091953
11176,0.438475681319195,-0.32970849176987194
11177,1.2480656765380376,-0.3029875259333302
11178,0.4905794470322115,-0.1778096901948145
11179,-0.4014479251839685,-0.35451597548875974
11180,0.3332324287630136,-0.4372095008503331
11181,-0.4710754515137699,-0.3835642111894757
11182,0.8799484033506848,-0.3260080278949122
11183,-0.26579329850811695,-0.05674947917757183
11184,0.4299201092156824,-0.16607269929585275
11185,-0.18521482149931215,-0.28255547913025575
11186,0.35311988624617136,-0.41895014692544236
11187,-0.3927063878126166,-0.46123314162309614
11188,1.2137374303384523,-0.3920009839273127
11189,-0.9777248171027082,-0.28213781357159157
11190,0.0546220861041918,-0.5313332274860755
11191,0.9932734756149858,-0.4025765299076212
11192,1.2979026889977192,-0.324325452849745
11193,-0.28333440792140724,-0.28963451987829864
11194,0.9276416553363757,-0.16962402423006467
11195,0.16715605916015608,-0.19051074958760866
11196,-0.6412331799620182,-0.3444751605997048
11197,0.4909592794865523,-0.5197767197974333
11198,0.009175464391223225,-0.4036112148491525
11199,0.10176333290138434,-0.42678959136144284
11200,0.43815457116519163,-0.4311915544901884
11201,0.08046274195002792,-0.3929548084652181
11202,-0.3473561012092596,-0.4247720888135255
11203,0.2893392355636959,-0.4938671791800983
11204,0.23637936010703056,-0.4233979307124177
11205,0.48139549898301237,-0.3604191726524278
11206,-0.6280266747668023,-0.3653545232925483
11207,0.39145996882879125,-0.4451065437473728
11208,-0.30763948692926796,-0.4298416437246927
11209,-0.03871272990663138,-0.4593748294074233
11210,0.29482920965736686,-0.4247012696898947
11211,-0.5043736679147381,-0.47870272325911056
11212,-0.6010533714064277,-0.382053997177651
11213,-0.44588623243495024,-0.35055925980126934
11214,0.6630299005529495,-0.46553251383936073
11215,1.080251251557701,-0.321270542828752
11216,-0.17876148448246307,-0.18735940751746158
11217,0.11934967785424287,-0.44571637296644584
11218,-0.037967405153356365,-0.4361481327007008
11219,-0.43606709105164326,-0.4380127421727207
11220,0.2631073307802375,-0.5766695447003336
11221,0.08154158903840594,-0.5203474495206052
11222,0.23441693496825375,-0.43969980180904267
11223,-0.28174007920356925,-0.5161812160917065
11224,0.05742153411260666,-0.5617001426829307
11225,-0.18104496203554615,-0.5614015227156199
11226,-0.2992748161313359,-0.46930193373048396
11227,0.3895973335514376,-0.5565519348855678
11228,-0.048670783848671344,-0.4936940894216138
11229,-0.08137715210724501,-0.5300133060993268
11230,-0.2574352247886168,-0.4781674855697288
11231,-0.01585690619135092,-0.5151691636675618
11232,0.0496994939467791,-0.45248306310390046
11233,-0.1933339717248447,-0.4881569076678023
11234,0.21114863290518918,-0.5099800215572708
11235,-0.08019571644595426,-0.5353330146252567
11236,-0.07039153806701985,-0.4719165437105742
11237,-0.15033700950124454,-0.5358798769393619
11238,0.09388655263351911,-0.6288951630568516
11239,0.5446269249843197,-0.4343012605149853
11240,-0.2203084968346748,-0.37838164308998373
11241,0.2614347732200159,-0.43067390314897164
11242,0.07945832105424092,-0.4036091742018144
11243,-0.24736409259046585,-0.5231810326126457
11244,0.2522379865683962,-0.5203710545711785
11245,0.2200158832299879,-0.4740551808884832
11246,0.18731238456837804,-0.3828105845103257
11247,0.12546812863353596,-0.4376434014109904
11248,0.9435130623176669,-0.38357678617016683
11249,-0.8606001246082935,-0.369828266118681
11250,0.2860328377108001,-0.5417032728701796
11251,-0.6370384345034615,-0.2690674267620383
11252,-0.3947151236174205,-0.3547964841028184
11253,0.19838338714670764,-0.4894051982619768
11254,-0.14227266286298504,-0.4623331040767944
11255,0.4810578724660604,-0.5112424262953106
11256,0.12227831619567814,-0.6063666600147969
11257,-0.020469385583722383,-0.5475900634470283
11258,0.35555953475256813,-0.4702031187930271
11259,-0.21350673104681625,-0.41705574540361506
11260,0.5735307309150853,-0.44322405612340876
11261,-0.37516890304396,-0.3637000588964717
11262,0.18785515268108194,-0.3792118289641061
11263,-0.4717740103482249,-0.10643707051181937
11264,0.053487707599413986,-0.4112275998577582
11265,-0.15582864960773868,-0.20121619701418322
11266,-0.36528911952361093,-0.293384538529703
11267,0.05896813920845166,-0.338309070517503
11268,0.22712200139036148,-0.49847486040607103
11269,0.646273877165603,-0.45034512092113155
11270,-0.3258388673316859,-0.31621677824180844
11271,0.39685815616557096,-0.3976223921071931
11272,-0.25002861658249903,-0.35647270414095084
11273,-0.12191819159401937,-0.4209915721333265
11274,-0.39025459625431314,-0.4043174398079987
11275,0.1284459557736418,-0.5830583110286148
11276,-0.46332875646932997,-0.39280956702230874
11277,0.18683043269860908,-0.5817038155367915
11278,0.12884716153334824,-0.40128071417707045
11279,-0.068670289898221,-0.23823713758293352
11280,0.2756936805084748,-0.4716775000066411
11281,0.34155066249422666,-0.5272314657950902
11282,0.07310976233742808,-0.3666631162044113
11283,0.07779088214407648,-0.5313259534724901
11284,0.2106336898098292,-0.5016535564854298
11285,0.31170368133550896,-0.43160863359588636
11286,-0.5303157212406756,-0.5061011037733139
11287,-0.4715193116114211,-0.5103332575964058
11288,0.36431979897780986,-0.6027489149507405
11289,-0.18416514953373553,-0.5022769900746292
11290,-0.2478996367276681,-0.5296269290991035
11291,0.313371329920832,-0.5699378699529921
11292,0.08816447963121708,-0.5446681314097759
11293,0.3743517237626372,-0.5908800617292168
11294,0.5255977535332744,-0.35384829301134735
11295,-0.537123387053602,-0.11387264498893747
11296,-0.10832043224412928,-0.3974419672014247
11297,-0.38289574247587876,-0.4596345996822131
11298,-0.07164524034640948,-0.42878417767655186
11299,-0.05683676878677769,-0.49896503587863805
11300,-0.22452258151590276,-0.4762918341375901
11301,-0.1591711497551845,-0.4176604921925158
11302,0.051533551774324136,-0.4493152801935601
11303,0.10259114790961713,-0.5131027626339868
11304,-0.10352692457786929,-0.4995487130693315
11305,0.32548933587147005,-0.5113835765448909
11306,0.5224995698317512,-0.44910559330014815
11307,0.22830302766034047,-0.4317018201518388
11308,0.07058439869656635,-0.4532658594300609
11309,-0.40127691884268185,-0.5133451768105364
11310,0.33918999480172507,-0.5019815979951617
11311,-0.2888143915362959,-0.5081465831512422
11312,0.25449339393406883,-0.579662361501464
11313,0.35896519575454694,-0.4217514913090049
11314,-0.6195036875634642,-0.30048941751293873
11315,0.22768727758868118,-0.5318446943510959
11316,0.24393378961075216,-0.5640457751353856
11317,-0.23638281191122745,-0.5706229216415875
11318,-0.030070739350891378,-0.5291642844519233
11319,0.21311178034724873,-0.5643684541514142
11320,0.23078941707544678,-0.49556825490986406
11321,0.06252323606574273,-0.5454878868339085
11322,0.030900153891577763,-0.5119648209731735
11323,0.36981380198312325,-0.29917015223683896
11324,-0.150994351564837,-0.2592425664560121
11325,-0.02235592337223158,-0.4548925136108079
11326,-0.3105912831058961,-0.3862483644246731
11327,-0.19953097625226274,-0.5115980613231651
11328,0.19551169065635668,-0.5640952079007219
11329,-0.4384804983343188,-0.5188825756965947
11330,-0.2150999663617211,-0.49128844747662564
11331,0.03528855616918069,-0.5811959998994425
11332,-0.017232661141816943,-0.4812183731234998
11333,-0.31378974165606693,-0.5068649437381798
11334,-0.11400286454904943,-0.5303248506108071
11335,-0.4735967156610554,-0.2931071786807872
11336,0.15525377648279826,-0.42513371029612884
11337,-0.18053336336057482,-0.3968006073582326
11338,-0.17522101072034615,-0.428456272031014
11339,-0.205766125171949,-0.47403482616596027
11340,-0.17265135493355865,-0.43785445577720783
11341,-0.029305957573869654,-0.3943313120081849
11342,0.6140613765183782,-0.5428665457019733
11343,0.21472638823006088,-0.47775790369506627
11344,0.5700726338028272,-0.46476621167250926
11345,0.1490155375193915,-0.19985531285778257
11346,0.0909229900610604,-0.4057550611600904
11347,-0.12758973213176333,-0.37456009898199893
11348,-0.479397638541737,-0.35759054985522526
11349,-0.3484924576583027,-0.3979843269083315
11350,0.2906468093778657,-0.39732650241229106
11351,-0.63813247081304,-0.4228786163020753
11352,-0.24338024678789058,-0.2685558316732291
11353,0.8712293054789375,-0.4151646735035463
11354,0.08425541844563073,-0.3804068597183466
11355,0.0519944816059438,-0.42648319483641456
11356,-0.38594096328433997,-0.09904551338028969
11357,-0.05115643694649315,-0.3042725113714539
11358,0.3042810347557637,-0.42314663249290335
11359,0.2996975812225835,-0.42969392186450656
11360,-0.4448040183300517,-0.45010447078352855
11361,0.21745955918411822,-0.37484348169973203
11362,-0.4221419769254376,-0.3264256999255057
11363,0.4360486279474403,-0.35789484486538553
11364,0.08889882634253585,-0.42204546759944683
11365,1.269552361267621,0.017244110202580723
11366,1.7044443322922147,0.4252721305925571
11367,0.7447970772362996,0.5340802579007591
11368,-0.4601743577476009,0.4005179093416838
11369,-0.8301713457255678,0.14918072281326694
11370,-0.09179360525517669,-0.24064785319702586
11371,0.5055379236063108,-0.29025701328564707
11372,-0.18493429152365903,-0.3479560207779783
11373,0.373853600960185,-0.3049309491050265
11374,0.4427109914988316,-0.17820188389203107
11375,0.02917717415737489,-0.39978674791869506
11376,-0.5098982583255015,-0.4387209317581275
11377,0.13305506215339102,-0.33035284562926776
11378,-0.13150896908855417,-0.41913505097950055
11379,-0.27966266474899604,-0.49047350239043475
11380,0.16211838931742023,-0.37781246184785977
11381,-0.003447469518798577,-0.4794599996387833
11382,0.46273170615880327,-0.40229129076160935
11383,-0.049604457684705935,-0.5630288957900107
11384,-0.5488816837214231,-0.5106609491206275
11385,-0.2527986974209375,-0.4159014656476929
11386,-0.29440522455785295,0.14878817720870202
11387,0.7869160193552902,-0.44593044815495564
11388,-0.03512922959538866,-0.3946609305395905
11389,1.128818762187015,-0.47673653176409436
11390,1.733326416254228,0.22211060668327742
11391,-0.3829001836376837,-0.14075379932656723
11392,0.17138347046405653,-0.3375039897198795
11393,-0.7563311730810829,-0.35016915326087134
11394,-0.9074188570751873,-0.116161870352538
11395,0.6237273943930801,-0.3712980617603885
11396,-0.007274740452418127,-0.4609690600806154
11397,0.2762143685363647,-0.4277425029338465
11398,0.14006466982229995,-0.3057003765755418
11399,0.9386734106883986,0.28691802621525064
11400,-1.011010864502443,-0.09827003928949449
11401,-0.37488462519724963,-0.24212540171868885
11402,-0.22885317546677095,-0.21102518257935227
11403,0.2290661808368388,-0.28638853436271977
11404,-0.9595431515062954,-0.2809272908882945
11405,0.26711106009521807,-0.16283756620440598
11406,0.6286360547093259,-0.2621618755664973
11407,1.0651594535621538,-0.2738427358013243
11408,0.3894218766346725,0.62075190788458
11409,-0.41077943570040637,-0.10069603175726216
11410,-0.3102542700753214,-0.2898510401863136
11411,-0.2358114883883124,-0.30639994511079105
11412,0.038331988794601236,-0.1600831188834554
11413,0.33488015970093843,-0.3645722374971385
11414,-0.2194332566885564,-0.2914318622892522
11415,-0.13013304961581706,-0.307851460834139
11416,0.5525482651047945,-0.30762656895350254
11417,-0.19880869135169124,-0.35785366635273574
11418,0.30665308004994446,-0.3402247053464092
11419,0.6109576882866216,0.07331136059842387
11420,0.39063473822396116,-0.05114787962572624
11421,0.2647458626553231,0.0257988007607918
11422,0.2618256658393845,-0.10163040096324749
11423,-0.6342729487505562,-0.029704676171380354
11424,-0.10255593062855956,-0.34362912026986425
11425,0.13584122490641282,-0.3886758047800142
11426,-1.8678882808010082,0.1482375347915234
11427,0.7616872766868769,-0.10640085263399388
11428,-0.34784712705556725,-0.0903312759903986
11429,0.08321013209862266,-0.33764682634682697
11430,-0.2502483754658935,-0.24591160531594608
11431,0.40421890460227133,-0.37106802616002627
11432,-0.6596158289860113,-0.21045893945300725
11433,0.5263711767907178,-0.30270062945771364
11434,-0.550941577303209,-0.30560377698344593
11435,0.2341144127044699,-0.3656999041157365
11436,-0.5266459692030355,-0.24032152883450097
11437,0.6355637296549159,-0.3124349600395289
11438,-0.7424596589772415,-0.17081406815144173
11439,0.4613664211564543,-0.44322040245833444
11440,-1.0579473603263674,-0.14303955067266302
11441,0.29609759233633826,-0.40713438494511855
11442,-0.4550630028362243,-0.38577108376982633
11443,-0.3624865588903736,-0.2815190738913739
11444,0.4627054984610895,-0.10311125087295765
11445,0.4756640998041632,-0.41028061811050104
11446,-0.06788654381197504,-0.3284619149508205
11447,0.508321776371266,-0.28138647048999865
11448,0.30348064334539765,-0.3140791268856705
11449,-0.8288166521880186,-0.12931755069140213
11450,-0.9490266290133734,-0.0253543654531002
11451,-0.6298752112268522,0.4597359817123188
11452,0.04346221068481967,0.539987257248444
11453,-0.6055966151860588,-0.011636478246566287
11454,-0.194788161013141,-0.016738775419281787
11455,-2.0617695954900395,1.9782988943981363
11456,0.7591115838040053,0.27129960191269886
11457,-1.1299461893265692,0.03662207207844549
11458,0.7438771304464489,0.10172762615841403
11459,0.6383117069836318,-0.035478319527843444
11460,-0.8292102824722557,-0.23869112574167
11461,-0.29425628716500146,-0.03339454645924905
11462,-0.3915140066614325,-0.0975447238170246
11463,0.6263486348133424,-0.17178306282315925
11464,0.365381077492814,-0.1508302940202363
11465,-0.8699436570861557,-0.234994094200984
11466,-0.6245612010795573,-0.40050046537868333
11467,0.6642930634100882,0.05269051741756374
11468,-0.8909564937591897,-0.25165028161693004
11469,-0.39655433119274824,-0.34046617454828765
11470,-0.05129345245440934,0.47601359309085534
11471,-0.9910480367434171,0.1934859184440344
11472,0.6014101517802327,-0.034415517819382006
11473,-0.11923220952170956,-0.3639937256836722
11474,1.1025640570925401,-0.17857439554820315
11475,-0.041067853513823825,-0.40843387758531746
11476,-1.5177539882618218,-0.12930423140413305
11477,1.0220492941863148,-0.1774059394598722
11478,-1.1606983814389313,-0.20617007061213627
11479,-1.1180286172328164,0.08663916916763224
11480,0.7428122781083981,-0.2878047509835364
11481,0.3807772038876439,-0.42549402766423466
11482,0.11913048836117324,-0.3388808571306146
11483,-0.21267941778087787,-0.2192620476427386
11484,1.2094328135028094,-0.36455644892475675
11485,-0.963939932386956,-0.2493906377199509
11486,0.11936682572499223,-0.23165838405769434
11487,-0.20349436058338974,-0.40526937762418996
11488,-1.045972280580013,0.25414025688313974
11489,0.3002806606977179,-0.40681694756901854
11490,0.19738852647885297,-0.372592109231938
11491,-0.4078659059333382,-0.24121496099303052
11492,0.11853977380404318,-0.3590341204997984
11493,0.3190281369058757,-0.3507226275279066
11494,1.0517935089126715,-0.3842885266197103
11495,-0.14162041302099085,-0.0035051853589292137
11496,-2.269953594709373,0.7916194831005045
11497,1.4052672582798316,-0.37800102654606554
11498,0.09597836355375904,-0.3534449882962204
11499,0.6825118498619529,-0.43740050065677083
11500,-0.32988184889171507,-0.33518949658474995
11501,-1.5331875571843006,-0.23898148885591503
11502,0.41496166951722085,-0.3168835578130576
11503,-0.5477107883721055,0.18456904334891022
11504,-0.18516085398198712,-0.24985479627454898
11505,-0.012246084416710589,-0.2223272577493759
11506,1.5373495362062315,-0.3296174452970787
11507,-0.34411267746564955,-0.3402186891016535
11508,0.8521174429000721,-0.30945567330183305
11509,0.6063376212904346,-0.26716450222117044
11510,0.3291435283409722,-0.3028996615023283
11511,-0.45756283053822316,-0.42457720121513504
11512,-0.6085493895889224,-0.42605168444969455
11513,-0.2527794609614507,-0.40401248681546015
11514,0.36235820899844773,-0.3987561791134623
11515,0.2593073763896288,-0.49804218962982666
11516,0.6284218182946532,-0.3818614960369074
11517,0.3270800359420153,-0.42124207416337195
11518,-0.03997193656447637,-0.390778202021155
11519,0.33964913926204565,-0.30380036100339075
11520,0.37157195218179717,-0.3957798815198413
11521,-0.6139756111876524,-0.1984298313314421
11522,0.13023765750595306,-0.32491284172082774
11523,-0.18979925493011898,-0.3766707115673963
11524,0.6447146042494567,-0.18635432228348867
11525,-0.15700475972833317,-0.015055845106038662
11526,0.23160337203040762,-0.3133432380411977
11527,-0.7450705500739746,-0.36311416974725175
11528,0.5386793244910699,-0.49701202891953206
11529,-0.36394714894462393,-0.31072271060223916
11530,-0.5721366997399234,-0.3295318850400054
11531,0.49860137256314635,-0.34236377938876633
11532,-0.024411193702398234,-0.4164884577668313
11533,-0.1658558455013665,-0.3823568442934116
11534,-1.1170065313737996,-0.07164965590825803
11535,0.2761805565684942,-0.3563189961413736
11536,-0.8567840607522119,-0.29961123838724774
11537,-0.804102325536257,-0.13580963439382918
11538,0.6114150913232902,-0.37217258222332306
11539,0.47399073655975094,-0.4772517415459642
11540,-0.33768727453858355,-0.38616772210317973
11541,0.4442313477369965,-0.5587029063155978
11542,-0.36382117396029345,-0.34219750926313186
11543,1.4508886771711638,-0.3013848050227411
11544,0.4988549743358239,-0.33104120362642214
11545,-0.7138309656658294,-0.35481529828188196
11546,-0.15548284263955897,-0.3526504704211308
11547,0.31401207238434503,-0.36416297400350084
11548,-0.7156621327592761,-0.2606194781479563
11549,-1.147449536935731,-0.037155338820797704
11550,-1.5733104951378076,0.6339370998473641
11551,0.75443621899235,-0.29721326498985196
11552,-0.4041374878823346,-0.24180560784163374
11553,-1.3502674066144025,0.6152490322560357
11554,-0.17826600846379775,0.12412492755775319
11555,-0.9362647592940581,0.06070767774474618
11556,-0.07269606650077676,0.057907024805369564
11557,0.1308022842567473,-0.2126287004656312
11558,-0.43732992991511394,0.2637589199198845
11559,-0.400298221650794,0.11329953192680454
11560,0.1844054701125723,0.4263800761439377
11561,0.8405066002976048,-0.15715841109115522
11562,0.8686471597949722,-0.193094234213395
11563,0.2017242085448269,-0.1309861309954473
11564,-0.981229447240536,-0.11351019449987737
11565,0.7334115699891413,-0.35114112078302484
11566,-0.5144684190306781,-0.34647135016674024
11567,0.2948813247942604,-0.4574058393104298
11568,-0.32215350983284374,-0.3457814439929973
11569,-0.21859779903239246,-0.43220265470647995
11570,0.24560753063108387,-0.4501717783043625
11571,-1.2173157986593588,0.2753865309700313
11572,0.34052730690237754,-0.5108859508491674
11573,-0.2558135273337664,-0.40910006461010207
11574,-1.0772128505018022,-0.09237235284919348
11575,1.0110997692828454,-0.13284824965713973
11576,-0.8246106674751985,-0.360560575586558
11577,0.6723460275855782,-0.38335310282855123
11578,-0.10098964962833701,-0.3769771682739645
11579,-0.22923429739261394,-0.37108457943683915
11580,-0.03083992932382678,-0.4669234028258357
11581,1.3389882761340752,-0.422931136982969
11582,-1.0556015369293286,-0.2412153547401829
11583,0.7860942943994436,-0.5660090883350206
11584,0.00948938846564199,-0.49784145474267705
11585,0.5470082614963571,-0.5682621077426813
11586,-0.1113589093922438,-0.5039255012863855
11587,0.2641199431951271,-0.49077617431922566
11588,-0.49652264292340514,-0.39218170902966804
11589,0.4653350325192711,-0.49560497168856116
11590,-0.27344953014705375,-0.4672711934885541
11591,-0.8225730424345273,-0.4494991290175081
11592,-0.4522997514220964,-0.2663385272164055
11593,0.7476543164173174,-0.44795222098278786
11594,-0.1487682169279515,-0.4687562205758923
11595,-0.7128397884216056,-0.23394343898145809
11596,1.5983113251010663,-0.3522828730202708
11597,-0.03436670485914178,-0.3550253838191169
11598,0.7868465487230349,-0.5220271078264018
11599,-0.5649287517193549,-0.4012547992353574
11600,0.25954196637956345,-0.4576344441254844
11601,-0.29362384936579955,-0.4347839840651014
11602,-0.10040750083109312,-0.5049507192809225
11603,0.14297156269307384,-0.42302093222840476
11604,0.19201104747978073,-0.5311000114732943
11605,-0.3208982315041176,-0.42472205873662555
11606,0.2755182462725713,-0.5966888039320652
11607,-0.418897546391726,-0.517753478675232
11608,-0.6943686159236082,-0.34388494114060475
11609,-0.2420278118069662,-0.5203143047193083
11610,-0.9485345891090207,-0.3931821525635719
11611,1.211874001949683,-0.5047358865564303
11612,-0.19299910134738746,-0.5599765013159765
11613,0.32916393156943186,-0.5184995846443198
11614,0.14442219167313897,-0.5387345985869538
11615,0.3075770907051106,-0.5074682655067958
11616,0.31791293269909765,-0.4329801277612822
11617,-0.01792037281394769,-0.46234014752446423
11618,-0.43193375950548357,-0.40910423678257823
11619,0.29534441455916716,-0.4506117676933644
11620,-0.6343630947492587,-0.3542398316845994
11621,-0.23057414829528597,-0.5284681135128185
11622,-0.5149863556028236,-0.24848289866218665
11623,0.60747380425206,-0.33319017770699777
11624,0.7735754067152527,-0.33223768023761774
11625,-0.3421527527305121,-0.3937743354636215
11626,-0.5697807429103129,-0.1998573491608684
11627,-0.450857643392979,-0.24014691055070964
11628,-0.717830404781585,0.14081641374903114
11629,0.3349623004820996,-0.3426639214907625
11630,0.5105815551450771,-0.11013009480029333
11631,0.06767316807130347,-0.43615002545538145
11632,-0.07006547466649517,-0.3861763822112792
11633,-1.4822377023730042,0.22083022786615386
11634,0.2740664258515023,-0.33231201821876155
11635,-1.6342240871950124,1.0921248032360589
11636,-0.1368138209288351,-0.14997786331660334
11637,-0.49682122684181945,0.5616740519662905
11638,-0.598260254575173,0.022838699662840287
11639,1.1594917876206858,0.3146854432030507
11640,-0.8556150101023163,0.030753813459736115
11641,0.4994897164057866,-0.2378352326294198
11642,-0.38349059391343154,-0.12456479833805988
11643,-0.4805689830726359,-0.02065857268296875
11644,0.7398385090708303,0.045226388229246364
11645,0.2593386633201482,-0.07174202501367605
11646,0.4137254925677017,-0.2348458865742306
11647,-0.062350294265737065,0.20708196409461788
11648,1.118766375719578,-0.21342108681494915
11649,2.0730662621654705,0.30783400306985176
11650,-1.3720502000941501,0.17058198789277507
11651,-0.47386233659866,-0.0366667951541843
11652,0.17326591871134267,-0.38815603088646117
11653,-0.12309450689646748,-0.2290584016561678
11654,-0.10359051480206895,-0.33196842238102586
11655,-0.002123781894371077,0.08850394909793703
11656,-0.1927462273384149,-0.03896230698128253
11657,-0.029997509755282772,-0.45268867932694
11658,-0.21089981695155,-0.27503769804414363
11659,0.10910159600827317,-0.40142838797365127
11660,0.31994681879605325,-0.4447891163504253
11661,0.1143093052286723,-0.36722278771061084
11662,-0.38103674653460934,0.08524211450347742
11663,0.10927084962524061,-0.26441475663855396
11664,-1.1483921207639884,0.00873980802724414
11665,-3.1836417903155474,1.091841401448408
11666,-1.8875347475173645,5.010006434053611
11667,0.9502122095277105,0.630700480914778
11668,1.1912151357622318,0.17779294171194437
11669,0.9053555462352363,-0.026368794611947535
11670,1.2845696175564274,-0.08237867805313825
11671,-0.7418769048236838,-0.26097082097960184
11672,-0.27640577684978557,-0.35291407650026585
11673,0.06590614761915344,-0.5006860653652141
11674,0.08975046354503996,-0.5123079548021774
11675,-0.8121971506076385,-0.374970102234975
11676,-0.3769352557040981,-0.3346019250840599
11677,1.2001394258566669,-0.49727467102048306
11678,0.04326597713053324,-0.4184066002315764
11679,-0.48037434240753646,-0.43432024833530275
11680,0.39059296213458355,-0.5135970469990133
11681,0.2502346677987261,-0.6072621815839071
11682,0.5761002887784396,-0.3764276331870554
11683,0.4084013990058311,-0.4815279948803441
11684,0.5413853794450448,-0.4471371934040249
11685,0.06925069858205493,-0.4414991560976808
11686,-0.008583966834306534,-0.433373485346445
11687,0.7737368826772887,-0.44128360020185775
11688,0.9755778149853186,-0.25104134998518707
11689,0.17120551412487614,-0.2841463398507384
11690,-0.08966280419150935,-0.46118790048622477
11691,-0.038043755139293624,-0.43705635010561666
11692,-0.24964906006149512,-0.4055521752261845
11693,-0.3805792403061184,-0.46215639437500017
11694,0.24118688671734514,-0.4758921985935121
11695,0.008554325983290997,-0.54455921366311
11696,0.7674401044575976,-0.38239548270474555
11697,-0.051115780949544234,-0.4287948346284118
11698,-0.043227829631483035,-0.406600812864127
11699,0.11656677742252702,-0.44919971942942705
11700,0.17739495049131118,-0.5012196050011251
11701,-0.022410321203489292,-0.34519866279000155
11702,-0.14280625062014593,-0.4524580462768726
11703,-0.3443958000002207,-0.4931495700947096
11704,0.5454306745819564,-0.5112694648045119
11705,0.2287411784059641,-0.3780044077190584
11706,-0.2980030496550604,-0.4693623230134923
11707,0.22310218583835265,-0.49491896109050165
11708,-0.02122214676519308,-0.5623407775523844
11709,-0.16991180979324033,-0.43113982478379254
11710,-0.3107281922625007,-0.4963723008185021
11711,0.4612707567068258,-0.17378834915084845
11712,0.3950750828369754,-0.47810401327447855
11713,0.44054437394353513,-0.3034284796365027
11714,-0.08083713094750737,-0.36461982126358483
11715,0.20079124518693206,-0.4430733391579181
11716,-0.3153141981727542,-0.45081867081354626
11717,-0.012121839277002873,-0.5256942507825523
11718,0.10511256511272922,-0.46546543968280035
11719,0.17192665088783124,-0.42697347212902975
11720,0.49807552700700547,-0.4164164378908409
11721,-0.3260829619167576,-0.3688271632094898
11722,-0.17865085531890226,-0.4353299202064374
11723,0.0941373667452027,-0.5473766206902585
11724,0.06216762597167171,-0.48313299427205614
11725,0.43296936127705615,-0.34934360718677554
11726,-0.5163034375437116,-0.10304402656515702
11727,-0.31553886548270477,-0.431033725037788
11728,0.31813302156992296,-0.42932331380938005
11729,-0.4466917997161956,-0.3273350994629996
11730,0.043801302423824365,-0.3382570906414523
11731,-0.7025012241454978,-0.20144922357145373
11732,-0.06310211592772959,-0.4391381580213551
11733,-0.12845630350830883,-0.35840001825135265
11734,-0.22565653400581429,-0.4262346159455515
11735,0.2292148493663181,-0.3491418078751979
11736,-0.8632341204232504,-0.22463576148675524
11737,0.511054942226746,-0.35845837886111104
11738,-1.5634017869357388,-0.03541769700961615
11739,-0.3952009216263548,-0.06586570039682779
11740,0.12362942433677149,0.1710135372354849
11741,0.722171792655158,-0.09254532384868579
11742,-0.7294366692224239,-0.013828723189322198
11743,-1.5923226398819998,0.32646619836180524
11744,0.09741758363162248,-0.05364154544668309
11745,-0.31423214461174714,-0.29423980909926734
11746,0.5140969611089149,-0.198451559741265
11747,0.5538796063733972,-0.22620037590235387
11748,0.7782777731137854,-0.30562600481152924
11749,-0.02498345421150778,-0.3148433297196802
11750,0.47354705487269094,-0.3048920256795406
11751,0.6165649508629228,-0.37721717174087005
11752,0.9202020655120142,0.08737476482772498
11753,-0.0867681655509693,-0.15904809451694613
11754,-1.1083949470945311,-0.18701851886674287
11755,-1.2432555446422722,-0.11185861313537838
11756,0.3818256608293049,-0.36313593831444557
11757,-1.0305355320288048,-0.10771419372806479
11758,-0.9236794459802434,0.008046547315835123
11759,1.3105932643425324,-0.4037544966131299
11760,0.0795407061570795,-0.4193032010904499
11761,-0.7590989268117907,-0.40539613915963174
11762,-1.4047249557958879,-0.07045387951449705
11763,-0.25679786131316334,-0.32258245836166766
11764,-0.38350418078305704,-0.2617560318582494
11765,-0.400781847123739,-0.12740177003675762
11766,-0.4957055823404144,0.12473443551779896
11767,0.3731481088768797,-0.2133572888340641
11768,-0.4480477623586737,-0.30024878307271285
11769,-0.2052401321671948,-0.4305280927766379
11770,-0.19754442860063906,-0.293111838162489
11771,0.6073989043144845,-0.4204661850709655
11772,-0.14231072088779384,-0.4138836298404161
11773,-0.5775175944538091,0.020923267726267417
11774,-0.8264240088743907,-0.132469388695214
11775,-0.10527923873277274,0.09413215636830442
11776,-0.6094250675924017,0.03788320455814799
11777,-0.3755374498462108,-0.4229924321720941
11778,1.1837168495555208,-0.2630206295337487
11779,-1.0807921359238262,-0.30353747743504333
11780,-1.007340239664769,0.4684482184909059
11781,0.033693041229218214,-0.3379798241331258
11782,-1.5786778854930383,0.8161955716766279
11783,1.121701724802811,0.04955790764317426
11784,-0.9627797353263584,0.2380258102889471
11785,0.5129582669250691,2.6188558851515817
11786,-2.423859506793175,0.5138492095013045
11787,1.546006948246645,0.23191690621883798
11788,0.4020980596617422,-0.05753595379574657
11789,-0.004356543125693403,-0.22254961476177454
11790,1.3266524883062811,-0.17262828081307624
11791,-0.18408550150711533,0.010801282646437774
11792,0.3995525178992806,-0.2138726318073627
11793,0.30414735140982946,-0.3529347190184042
11794,-0.6810793557385677,-0.2786926806656982
11795,0.8776857962078134,-0.399365382346064
11796,-0.6901401615544417,-0.3669508016054178
11797,-0.560173791442241,-0.37537539031287825
11798,-0.8723760860316777,-0.15561082693788342
11799,-0.13758815506904046,-0.19414659149712427
11800,0.273266057087779,-0.485059859154521
11801,-0.04970777570047694,-0.4831225996450478
11802,0.579417253122611,-0.47182158246871747
11803,-1.038859635825599,-0.23395689033882638
11804,-0.30719175317541314,-0.23766027523992028
11805,0.02376566217261096,-0.2809632564672437
11806,-0.7446129333906714,-0.12205145817648153
11807,-0.590484660607859,-0.11634576635809381
11808,-0.42633503223433405,-0.10952736344793451
11809,1.0715733421288653,-0.33493877375703357
11810,-0.4741140513340993,-0.11248408523836667
11811,-0.5529594265818902,-0.09794401024328234
11812,0.26822069964330686,-0.1924039638666422
11813,0.5764480037290535,-0.22505627941828066
11814,-2.3115755639482263,1.5380101844328502
11815,-0.3206847367187348,0.29170297265207623
11816,0.9602860954104132,0.2686634624094944
11817,-0.4307413400909769,-0.1408021690215469
11818,0.8968167658992174,0.2421322031912202
11819,0.8789310669982308,-0.26410466749979444
11820,-0.0866435795535178,-0.42209417689697654
11821,-1.1451569676468045,-0.26911012082148694
11822,0.8248551110885584,-0.39942757293711356
11823,-0.383565999606295,-0.42786162065359346
11824,0.32650301183287295,-0.38123863955998477
11825,-0.547917794849064,-0.3853738700200351
11826,0.22978243350714422,-0.42537933174925474
11827,0.026920769477560398,-0.40063295065172927
11828,0.6125815852840107,-0.3916200613689467
11829,0.6561081951686407,-0.35327139984833256
11830,0.5806778221883792,-0.17075187133523884
11831,-0.4168818018182172,-0.2944435452331269
11832,1.3531113077634165,0.32988961588915083
11833,-0.685402135127537,-0.1421329410445271
11834,0.2339721226222821,-0.10923239995422088
11835,-0.7261930189298015,-0.13222235338419444
11836,-2.0817137818920113,0.12191884379383901
11837,-1.8852448186423973,1.2465332630530233
11838,2.409254782393143,0.40476104926282663
11839,2.259046022483087,0.2518686323675872
11840,-0.9559424628366189,0.16613658330590236
11841,0.5264954938377064,-0.15011400578959166
11842,-1.4056262080947488,-0.24796190429138298
11843,-0.9863690162148225,0.07758156785582933
11844,1.4620046863504113,-0.28661947819753064
11845,0.10311088189931233,-0.4186409664411974
11846,0.9886529698233143,-0.3253796264231856
11847,0.021112612133020195,-0.4117558539965917
11848,-0.7812631307343757,0.03260354259228061
11849,-1.811582309332383,0.04248888786655182
11850,-1.2489322944433998,0.08417143853273641
11851,0.5058826952799024,-0.3919105787476958
11852,-0.613690271819922,-0.0030514383831830166
11853,-0.18485901894477252,-0.3569507511938492
11854,-0.5501378297389982,-0.11202967257687838
11855,0.48188766987883946,0.1894010885661191
11856,0.29287223501426396,-0.37770750997594205
11857,-0.9628930648134498,-0.10429817383464415
11858,-0.023461868767613095,-0.39319363574529465
11859,-0.3143950131101552,-0.0884769326921459
11860,-0.0348033590916026,-0.1349496204966951
11861,0.4133429157399504,-0.27424358668230986
11862,-1.7004128178314308,0.3747776663259442
11863,0.4094125345515836,0.05950842363910312
11864,-0.28945425048894335,-0.0166025849327205
11865,1.4259877442545423,-0.2940757195254533
11866,0.3754642376887109,-0.29394319041085437
11867,0.054094695493696006,-0.36555848840072674
11868,-0.21600407393036872,-0.47890456449897517
11869,-0.47281479698564527,-0.5058592767392623
11870,-1.7597303736845236,0.09501430783948668
11871,-1.7937806870687318,1.6801346743188499
11872,-0.6124631261888466,1.6921408653433931
11873,0.2509665894282655,0.1899300500387971
11874,1.1153548051796558,-0.07556205949370533
11875,0.7220874576651898,-0.3246263553776173
11876,-0.021331667096077478,-0.41318935299062337
11877,-0.22470763331204124,-0.4573536666042996
11878,-0.08745213510654305,-0.18591995428857527
11879,1.0241455511089483,-0.3485010192450229
11880,0.11869318418350902,-0.09102294185957306
11881,0.9639524991564566,-0.025897991809520446
11882,-0.25350792347721063,-0.3973276372907114
11883,-0.7448657319159581,-0.4568100949277426
11884,0.3342750735243183,-0.580077373852857
11885,0.34078058422959656,-0.5029839168385093
11886,0.29558311658465775,-0.5018753899081623
11887,-0.2503094912687902,-0.528371608472145
11888,0.01897901316387436,-0.5837087586091741
11889,-0.0002453666721463216,-0.51325846796714
11890,0.33196921914064886,-0.5672606561839573
11891,-0.12349875261775618,-0.5370247378779277
11892,0.10926638467730142,-0.5919279505995951
11893,0.12213859269192948,-0.5322913888089436
11894,-0.08477949704926682,-0.518358223996638
11895,0.5683503387402201,-0.5267004278214262
11896,0.47365763076806494,-0.46969622980266007
11897,0.06851598438605899,-0.32639209036241623
11898,-0.5922282272543253,-0.4287644785505691
11899,0.45305355305487766,-0.49289490196655666
11900,-0.3266523358419238,-0.5370776331955118
11901,-0.16786000883117788,-0.5231420406050368
11902,-0.5405289852120351,-0.43169398146658416
11903,-2.02850325753429,0.3172759166248518
11904,-0.8541355318288192,0.5979184160004212
11905,0.5057571298796991,-0.2588816104018171
11906,-0.4008467011787378,-0.18575513835670596
11907,1.4481136666177608,-0.35175269079489474
11908,0.3003461347164093,-0.2588699612639089
11909,0.5936309259532236,-0.3759058955431663
11910,-0.1362539065202745,-0.38803434203114995
11911,-0.49941535680077653,-0.44098659989567324
11912,-0.5929664306179809,-0.043430638163588976
11913,-0.37688929460809917,-0.4004867463858073
11914,0.5377790009517553,-0.5415293763323045
11915,-0.5242713123508184,-0.48312941577749186
11916,-0.5300384763698559,-0.41697726985953226
11917,0.6551106306765917,-0.6008452257108362
11918,-0.757644404274037,-0.38743650849510175
11919,0.2952576569798095,-0.3905036967771238
11920,-0.7314103084218065,-0.3270797566486361
11921,0.6368564696193016,-0.5657277718406587
11922,-0.5382545307385214,-0.4665523730991339
11923,1.903701778294826,-0.4703762740898732
11924,-0.3927798217314153,-0.38606143055994513
11925,-0.234113689739802,-0.470277859771853
11926,-0.2867881986380804,-0.5079525848745226
11927,-0.16006745619831358,-0.5406920142059737
11928,-0.58204338258738,-0.4981164866094357
11929,0.6295952479753125,-0.3701901842206809
11930,-0.8160093086571197,-0.4326202925901871
11931,-0.2184558465800811,-0.4932949484665553
11932,0.4175354877614349,-0.46284402950794984
11933,0.4030367363700274,-0.39185157480148824
11934,-0.6757063890545509,-0.4309667972735518
11935,-0.47854560240336796,-0.27370693685173403
11936,-1.1453517771529216,0.14931728816645257
11937,0.09895013714117697,-0.16284484428339666
11938,0.5781606151746083,-0.2778305940753819
11939,-0.011385139102751228,-0.4008070783215432
11940,-0.9447581371545086,-0.12451540486769967
11941,-0.9132864571677456,0.40694358365545213
11942,-0.012017688893568359,-0.12478873280219269
11943,0.14285015006503574,-0.3696158304925777
11944,0.9236716180361099,0.20449445252619092
11945,0.04141549934213481,-0.24783190224442658
11946,0.7190763163176919,-0.38025271122549414
11947,0.036068138187777564,-0.471712700035835
11948,-1.30810082678568,-0.39843993560788193
11949,-1.6476691933700163,0.7511500768879635
11950,-0.8173263414411428,-0.060752034724348265
11951,-0.6623206689732447,0.4921331444376533
11952,0.14494581909844156,0.14507841356939255
11953,-0.4120199606040936,0.4360590551662369
11954,-0.1491096127566343,0.05107017841548857
11955,2.170320236735328,-0.2403484277394099
11956,0.009584606929647887,-0.16440644962431256
11957,-1.5892897693304435,-0.270770767820053
11958,0.7953388805869124,-0.5007602659243647
11959,0.27090526634346185,-0.452396746938658
11960,-0.37237380008562787,-0.3675062199094547
11961,1.118396333968444,-0.33760281030156103
11962,-0.8407865856795047,-0.20453683748230853
11963,-0.07379466618216497,-0.506694484329865
11964,0.7151564601968271,-0.44899074451509474
11965,0.016518933934804733,-0.526473277223364
11966,-0.0012861017818628692,-0.49619837824570107
11967,-1.1853548306847683,-0.23200591870157106
11968,1.1449247463444432,-0.5067763460051499
11969,0.1814587464044335,-0.44006494148609915
11970,-1.2358546911731099,-0.30370109220255304
11971,-1.2282942853894339,-0.07208577791253842
11972,1.8462290453602437,-0.3459900549839847
11973,-0.522055245338594,-0.38003036887454195
11974,0.28336490598533975,-0.20082830428382142
11975,-1.242306196373186,-0.16822272921493928
11976,1.361740112445313,0.1417144473665372
11977,1.0985591806098989,-0.038250405765244674
11978,0.07360822232137851,-0.2476995220993194
11979,0.5739526291010306,-0.38590984054979965
11980,0.04431625588209465,-0.36999704248551957
11981,-0.404890734054795,-0.3723420473655121
11982,1.009314759128756,-0.385337139257674
11983,-0.31143695053894077,-0.3446589528077272
11984,0.5762628931985971,-0.4073555086990021
11985,0.28897160430503704,-0.481927555157357
11986,-0.27851859424713343,-0.46490595858253164
11987,0.08709583200763853,-0.4615359776931749
11988,0.6286942870551041,-0.39762357808010274
11989,-0.3789174229648362,-0.460123654612044
11990,-0.6153394573118796,-0.4501405199199124
11991,0.4128331488107636,-0.487592282557535
11992,-0.511896722845982,-0.4834729949679311
11993,0.3696763846053515,-0.5642294220726778
11994,0.05450282171115268,-0.4805540067140086
11995,0.41675507291849834,-0.620302494920425
11996,-0.29978340955396127,-0.5031506898997159
11997,0.21101723657890137,-0.5753417432955787
11998,-0.3563134928410187,-0.5196171184569635
11999,0.20618745745515937,-0.5713341757505741
12000,-0.036678393453264936,-0.5184047011260314
12001,0.33877479629159396,-0.45795976588017534
12002,0.5042243485255664,-0.47572619267515726
12003,0.14449630238451824,-0.40428737976506174
12004,-0.003032243698433506,-0.318394443231274
12005,0.008994246614289887,-0.4434397559867692
12006,0.3815715283081666,-0.43236358408695563
12007,-0.4532483253796932,-0.3436286323184585
12008,-0.228047111039518,-0.475356141543972
12009,0.34209544463889113,-0.4281831990466316
12010,-0.3364916870570523,-0.4713921427441284
12011,0.07014029945770271,-0.5813091400419934
12012,0.0023513737357409355,-0.4642092489717367
12013,0.12367873031858997,-0.5670130193498147
12014,0.48108424582748943,-0.4714947862147003
12015,-0.13718183699197775,-0.3988534405790692
12016,0.1431193595965329,-0.5220218420203
12017,0.18484297404018393,-0.4931997062374539
12018,1.339453553532542,-0.23103980835581728
12019,-0.8744255562914945,-0.1977979141330603
12020,-0.34792485278393903,-0.33828763780815124
12021,-0.19580413192376325,-0.4700976522296852
12022,-0.41094842015643657,-0.3971161327223531
12023,0.1589683432104499,-0.47636955712550827
12024,0.6865453076979416,-0.4001450223094175
12025,0.007030842203115154,-0.5072181580565227
12026,0.21646737404992336,-0.4579139796598286
12027,-0.6736643732750623,-0.3981185192906683
12028,-0.012625771049980515,-0.5126621630853683
12029,0.1928114285092679,-0.5110728142050981
12030,-0.5250913204337693,-0.3451052069876901
12031,-0.5756088277259956,0.0015678997004018591
12032,0.656455908772457,-0.38923557134757925
12033,0.03195890179875506,-0.481716322584763
12034,-0.17761928421342846,-0.39670141125492997
12035,0.36817295093767044,-0.44283303587479705
12036,0.1618096075690276,-0.14758257351288573
12037,0.03869954666812251,-0.496722250410014
12038,-0.6254531453363213,-0.30727554224323067
12039,0.24546180211279098,-0.4734541077723961
12040,0.4603302793639826,-0.5101406668122798
12041,0.31474051588571533,-0.47264959040837284
12042,0.3488330300076122,-0.39548811283040985
12043,-0.5829690449404421,-0.3961696040016296
12044,-0.18174169416858174,-0.4754970717084939
12045,0.5213882232113586,-0.5004281583471207
12046,-0.261989413008758,-0.4508429606408851
12047,0.4031521792291792,-0.3709186869560104
12048,-0.15436147715563073,-0.32981564468183655
12049,0.3761619995282643,-0.3702355222930594
12050,-0.18321867605084466,-0.45152405101375903
12051,0.6051238990346328,-0.4030461051915656
12052,-0.40152309341410913,-0.36182816506459636
12053,-0.2661715962168441,-0.456357671440887
12054,-0.3960720131598598,-0.43464494459034464
12055,-0.025746328601540948,-0.5139465971383409
12056,0.5010282206005456,-0.5538073578472751
12057,-0.0380731244679765,-0.509451977145722
12058,0.3179286736080894,-0.47224860925137263
12059,0.05267200294726921,-0.45946284538651627
12060,-0.3047101946908331,-0.4594121274784063
12061,0.31918295049779816,-0.6071463738328399
12062,-0.744742110277852,-0.2584478589331563
12063,-0.22979349363410398,-0.41059175638201845
12064,0.5034203395154784,-0.5402597990660261
12065,0.14655632451046394,-0.5928790939025398
12066,0.4602342032827029,-0.33203316565362645
12067,-0.4186216660046558,-0.4004360404289138
12068,-0.2885889322014063,-0.44470220470292
12069,-0.06481452421717712,-0.5281586772301821
12070,-0.16254893953969424,-0.4161030721755102
12071,0.9622539538838533,-0.27715668099622875
12072,1.051320261190384,-0.24470135419141548
12073,1.038130375441692,-0.09639115428445755
12074,-0.5862684255112262,-0.06127031311124906
12075,0.04551118837276327,-0.31750342958535666
12076,-0.3491700033841186,-0.3652839689430107
12077,-0.3773635302367576,-0.4401976549888885
12078,-0.7029819516193455,-0.41091001698023094
12079,0.9274355417715449,-0.2972478380180558
12080,-0.356986390911927,-0.48895506834077435
12081,0.9492496629211133,-0.5625458930373763
12082,-0.4700336175919216,-0.395519287024171
12083,-0.2036051543552351,-0.39645550574317723
12084,0.02097125544097582,-0.5135481238427715
12085,-0.25702273122638364,-0.6117319167323246
12086,0.10626398224073626,-0.49506080871163055
12087,0.0053866583613975325,-0.5326890471451897
12088,-0.7989134054720154,-0.3804784810974801
12089,0.12269186047307484,-0.5450876565850716
12090,-0.21687254802324793,-0.44159716921327224
12091,-0.2701687962719304,-0.48854363956498165
12092,-0.12671067588102883,-0.5185493219312678
12093,0.6953415768089756,-0.5586882283341092
12094,-0.5518880155076527,-0.47777595216990604
12095,0.05566820390759938,-0.5048179660700957
12096,0.515767091127406,-0.21777707973347504
12097,0.23740325829897746,-0.3343546881070667
12098,0.23974636433998192,-0.420374852035037
12099,-0.07073654288817943,-0.4932821231841535
12100,0.5062649524225906,-0.42693599742422217
12101,-0.021841167428145396,-0.2746499665048686
12102,0.08127176327438325,-0.15663601008318548
12103,-0.4764053989164247,-0.3822411131280685
12104,0.2175763769723162,-0.275381077583916
12105,-0.07408313527178824,-0.42376904324315207
12106,-0.03995065089591867,-0.43671018159477576
12107,0.29896449110655615,-0.32184212874793977
12108,-0.39313565652366417,-0.45375401599414256
12109,-0.5897422391369965,-0.42763418662457253
12110,0.48709946480653515,-0.4842859821635871
12111,-0.25522790369269943,-0.4290431601872532
12112,-0.18438661990722746,-0.4117214914178759
12113,-0.156826490545554,-0.5266610505859747
12114,-0.07029344606496787,-0.4833924395974145
12115,0.03178363804942408,-0.46272619983097474
12116,0.10820841638923488,-0.49084073645899806
12117,0.14272085292666092,-0.49993479473763863
12118,0.2283990407799438,-0.5133638041048151
12119,-0.20385196142098358,-0.48101707427613016
12120,-0.06330624534815847,-0.4674936699943947
12121,0.4778665692056216,-0.5298831831685268
12122,-0.14665468168128654,-0.3119634818440444
12123,-0.4993884809541403,-0.4958817709799038
12124,2.0505442828628873,-0.11305000657071243
12125,0.4091674787245097,0.21489004524360827
12126,1.0622569480198556,0.5652200058259246
12127,0.48533743519586797,0.25713514047722874
12128,-1.4556767002164974,-0.05405785121553963
12129,-0.6002108985125216,0.03570845359660875
12130,0.794240549273303,-0.3810362082679308
12131,-0.4011690618715662,-0.3956627770374213
12132,-0.48197590746228264,-0.3026802427745839
12133,0.290613122526927,-0.3878239549598682
12134,0.8319617985598281,-0.3340837896188961
12135,-0.08920124251174287,-0.19436981712161072
12136,0.8455185247993914,-0.28078894771387897
12137,0.5999466441757333,-0.32291440510111175
12138,1.275014350358637,0.042149603143928
12139,-0.7838833263873494,-0.14013762363821594
12140,-0.859709770317143,-0.17309244586593003
12141,-0.26662564690864465,-0.38924086494516796
12142,-0.5619389752963616,-0.34833565295914637
12143,0.4047638063423446,-0.43215684219547146
12144,-0.774576388916813,-0.40768795850740164
12145,-0.22355526671831968,-0.363386739598073
12146,-0.1473528627234246,-0.43491049751940314
12147,-0.3126784119312156,-0.5133372099253146
12148,-0.4744800255873843,-0.383293793752878
12149,0.1461829403106669,-0.59261473584473
12150,0.03973848908963748,-0.5497142842572134
12151,0.25636881432625186,-0.583907469055563
12152,0.9771145631954286,-0.3666949292150164
12153,-0.49068156326832163,-0.4899168662108622
12154,0.7249330125068943,-0.4706096193228052
12155,0.09633750744444708,-0.46408650605025903
12156,0.7331951457276972,-0.4228092073122547
12157,-0.4315370858526531,-0.38888382301724256
12158,0.4026680294385805,-0.37102692461205616
12159,-0.34519794306343604,-0.48999752946958935
12160,0.1273404039506638,-0.48297391419503816
12161,0.664410401944768,-0.43158319983353227
12162,0.10210745949083705,-0.44381728392376113
12163,-0.21731112145728843,-0.5515916876690501
12164,-0.16892601407538524,-0.491768960381441
12165,-0.24349660428418954,-0.48435727256992406
12166,-0.30352517608777624,-0.39218625613272373
12167,-0.15345457121836326,-0.43128263431867114
12168,0.26143687085911343,-0.5134486614596889
12169,-0.1696637063401524,-0.3495290781413518
12170,-0.041676034472817404,-0.4128979217871204
12171,-0.07579503141155895,-0.41519728262202715
12172,-0.2252184543108927,-0.47183853317123475
12173,-0.656513569025494,-0.42432728127475483
12174,-0.05415925760807199,-0.4339817192327064
12175,-0.1288751752253368,-0.5489125238422263
12176,0.15189928801238936,-0.5087584760487398
12177,0.4831003030817384,-0.5377730378643367
12178,-1.0882325585704475,-0.37605605673695236
12179,-0.37466687176652586,-0.3560398210817443
12180,-0.22308720881918095,-0.4480354309547946
12181,-0.1608190515433444,-0.46028595808752687
12182,0.5731252697901867,-0.4869378270826972
12183,-0.5499385727171897,-0.43839915624515313
12184,-0.19170404784242992,-0.42271883407547556
12185,0.19736421792879144,-0.577480323798375
12186,0.31891978678396266,-0.5038651110632042
12187,0.05045150097438358,-0.5819813655082905
12188,-0.419466019802637,-0.5380425119804741
12189,0.6678266507424079,-0.4695501379752413
12190,0.11770615290406264,-0.5172252930610257
12191,0.22666667614336353,-0.4685684518503203
12192,-0.5057764853162574,-0.4998809570961948
12193,-0.7402240540616726,-0.2886856076906361
12194,-0.009293655586219746,-0.4087955233181124
12195,-0.49500445996857484,-0.4034117460768666
12196,-1.0239023656151758,0.3746555515083695
12197,-0.15960409195955214,-0.04579120490023367
12198,0.009286786901366596,-0.21356168788081634
12199,1.0785513104184175,-0.47349598197271564
12200,-0.1673342773275311,-0.42327222122616953
12201,0.07260167358280695,-0.5493103444557094
12202,0.5909084276294273,-0.5052226568984898
12203,0.28199441661620095,-0.40556350358343857
12204,0.6122049766650458,-0.35880516710923704
12205,0.36507722177943674,-0.43936811824330396
12206,-0.152454686095062,-0.46162820272472765
12207,1.1964617767883354,-0.3408547809429113
12208,0.2563279882581117,-0.2255689596195079
12209,-0.317885264343421,-0.47984652491934526
12210,0.010717086769239726,-0.4696526269489
12211,0.2917155915069892,-0.41708084439406307
12212,0.08980063867850481,-0.4597682139665551
12213,-0.3775238169467529,-0.48453955590293835
12214,0.09331704940719189,-0.35852017118787033
12215,-1.393492279265981,-0.07652913833583981
12216,-1.6832135785330065,0.05712101120364273
12217,-0.16385470766871948,-0.19567594301631921
12218,0.12032484659082934,-0.30265541448917
12219,0.3981045292352636,-0.3697527970456091
12220,-0.045214392739663975,-0.22965477133637108
12221,0.40129982854098867,-0.4043170665227692
12222,-1.9721035850131785,0.2775572187875484
12223,-1.8316478240906275,1.0505118339989612
12224,-1.0508872299049057,0.38127987522247186
12225,0.5249927677364875,0.04373787808209305
12226,0.683487404807425,-0.18489741870123283
12227,-0.704622296142607,-0.190428274595091
12228,-0.9032808980539662,0.0018211348847192027
12229,0.31777274880389456,-0.3158234815271026
12230,0.7193082519666345,-0.3319138971105136
12231,0.3462129129972234,-0.33420353238828454
12232,-0.654486649008154,-0.1986728024198916
12233,0.26614531476568354,-0.3351056542655672
12234,0.09388360526348216,-0.3553172654409065
12235,0.4354330995927172,-0.5262155674756097
12236,-0.19144553577365822,-0.482348867750392
12237,0.8748348895107215,-0.4992180192467098
12238,-0.5913416950595658,-0.47697301597732433
12239,-0.24184189318308752,-0.504072274448517
12240,-0.34669032575819597,-0.440287210603539
12241,0.6806724625587331,-0.496575686396986
12242,-0.23873229865248619,-0.45830446926044577
12243,-0.16017193329609036,-0.533784498262626
12244,-0.203605931147288,-0.5226780447570664
12245,-0.2039056276574193,-0.3742435350163658
12246,0.6937014509196341,-0.5743027403105547
12247,0.7061531866606117,-0.5455270685952144
12248,-0.9788691659922273,-0.5363221867738782
12249,-0.29202826662451525,-0.4914106754947627
12250,0.06431192200203519,-0.5391093877700863
12251,0.5818345279466187,-0.6396601223359886
12252,-0.4604191677296659,-0.6252153464336365
12253,-0.520906867917428,-0.42134071573989873
12254,0.4562475382456255,-0.1850083812128844
12255,0.33226424164529783,-0.5662472012238894
12256,0.3730758634599295,-0.5337036705387448
12257,0.1643449666392124,-0.561833229891959
12258,0.5565509159514761,-0.43936662001907506
12259,0.002000795162025555,-0.4954667801177017
12260,0.2556689853077014,-0.5201981953825502
12261,-0.14418768213145913,-0.5296616746971099
12262,-0.3608225399460239,-0.3865388271809837
12263,-0.1988212881609258,-0.5098619646862091
12264,-0.12568907471341864,-0.530148330118731
12265,-0.764413396873764,-0.20463293531247823
12266,0.0865457939147377,-0.45800924009877236
12267,-0.9849096799548672,-0.38227375704598837
12268,0.6256963273185164,-0.5092303156793307
12269,0.3215832251386972,-0.5114435029551491
12270,-0.8152818659233937,-0.5147431973097168
12271,0.509014579540016,-0.5941892361878915
12272,0.08496977574635464,-0.6118811267988826
12273,-0.29440340840183904,-0.5406088069423611
12274,-0.2636090734497299,-0.5762142763963845
12275,-0.7191259319696268,-0.24650094463010647
12276,0.5163264421166426,-0.5428829610122679
12277,-0.2401930633553839,-0.5568564391703029
12278,-0.485315266524857,-0.4736286346060368
12279,0.42945501883125575,-0.5175217921114474
12280,-0.06922627760685302,-0.5002272254219716
12281,0.1913964807433033,-0.5046752149806637
12282,1.8299640538525417,-0.5027094093513709
12283,0.1428784579576488,-0.21191186908421195
12284,1.239501673912997,-0.21896102194197442
12285,-0.495009564010329,-0.3434840912226096
12286,-0.6148674361036244,-0.5016405095657365
12287,-0.06688439169736962,-0.5194164901958632
12288,0.5375432353257344,-0.5573165526622046
12289,0.057617457123656436,-0.5264063221891234
12290,0.5859450222873931,-0.5305404432523573
12291,0.2998418018874344,-0.47963344602025043
12292,-0.49040081031303134,-0.4319808171725584
12293,0.22802779905426268,-0.551889500861831
12294,-0.4312971191866764,-0.379343273784815
12295,-0.08565966384778108,-0.47010374445615455
12296,-1.102798570387688,-0.3321819544968468
12297,0.4484367255564634,-0.4850110509558559
12298,0.7056608443258736,-0.524701307491236
12299,0.034072149741523595,-0.48407146158158926
12300,-0.48153343519089864,-0.4545899251192207
12301,0.39161684340016994,-0.5768806198782865
12302,-0.09640045105017582,-0.5591836144182267
12303,-0.4312936383093619,-0.3726967735066612
12304,0.47130606282737536,-0.5878927991057132
12305,-0.3211644243949332,-0.44702936112967423
12306,0.39906485953497034,-0.4936366701718832
12307,0.38004027433370663,-0.5625884991932418
12308,-0.05283988922183496,-0.5513252502440121
12309,-0.352279462628631,-0.5819649935486272
12310,-1.0066786019870153,-0.3611419037927618
12311,0.35592734370046947,-0.3388319052190645
12312,0.022713269179092346,-0.5346016599643093
12313,-0.43375673492566497,-0.45759378639579795
12314,0.3928818077490867,-0.566699087566685
12315,-0.04482981301627063,-0.43222028397777484
12316,0.5310203304494615,-0.19441366298667187
12317,0.2248655557317106,-0.21023512587531662
12318,0.3648034012284964,-0.10453083840113181
12319,-0.5178570471338919,-0.23173123527048622
12320,0.9334884383808119,-0.3880991879722139
12321,2.100865882325136,-0.08727771159209863
12322,-0.5042521365502234,0.045299605821654834
12323,-0.11680192400924796,-0.2586074009926281
12324,0.4958103424533878,-0.2114478103026639
12325,1.085680173152547,-0.050355616368285325
12326,-0.7717853048896882,0.04699738273825067
12327,-0.23816767771214528,-0.409264935524087
12328,-0.5696057709658902,-0.3937446741280785
12329,0.45188872982515105,-0.5561436734286637
12330,-0.07370355661518854,-0.4956939340354944
12331,0.7408690737435705,-0.5222698478140332
12332,0.514298426805292,-0.5419370157578535
12333,0.3336526518771431,-0.49755509455462166
12334,0.7074343380069886,-0.3525389745789595
12335,-0.9027997602740231,-0.35512222470252514
12336,-0.21028270899058463,-0.46102936679351153
12337,0.05808244589260553,-0.3890187185876804
12338,0.027318338761596422,-0.5272242113906106
12339,-0.03917508148457765,-0.5130102021967243
12340,-0.39932109226643964,-0.5946199679637715
12341,0.1753910076422095,-0.4877492298996217
12342,-0.20610793694574817,-0.5375679847702237
12343,-0.19904050357558242,-0.6142630440258855
12344,-0.428153939286475,-0.5239333695646574
12345,0.07145796016520298,-0.5582365563108325
12346,0.4005607569828338,-0.5523911127819043
12347,-0.165123321696623,-0.567143817574399
12348,-0.7240301224649803,-0.38404389486564583
12349,0.47853581775597515,-0.6145944314210922
12350,0.20783037016858538,-0.49196260761379285
12351,-0.04463893197872971,-0.5582545355589607
12352,-0.22714502577544574,-0.5443530826340071
12353,0.15276825727028165,-0.6607322987325225
12354,-0.19416402454166612,-0.5149376819207736
12355,-0.1600783771877107,-0.5655488139512371
12356,0.08869209216699085,-0.6295345588512763
12357,-0.1020805679607071,-0.5549257828796785
12358,-0.19817842293716986,-0.44867462418259463
12359,0.07876472553378569,-0.5664851008567892
12360,0.18281676273773004,-0.5597705545440703
12361,-0.09018892927215974,-0.5641609829571939
12362,0.04484062439423003,-0.5514119157980665
12363,0.8543093200773962,-0.5014997860713727
12364,-0.4706361447891391,-0.48170776220231387
12365,-0.9819530701748699,-0.3654671072886979
12366,0.22313621958318677,-0.4699101051362626
12367,-0.12838795655212937,-0.531787701354666
12368,-0.6875700924497817,-0.4880196196520673
12369,-0.031064099703134576,-0.41434652468362726
12370,-0.2649583530103181,-0.5193389751662691
12371,0.04457989644503882,-0.5305980783864107
12372,0.21799300958590348,-0.6076701684185892
12373,-0.18445961192598845,-0.5511419367114984
12374,0.23762287143491215,-0.5518301390034015
12375,0.20614046594627058,-0.6150364440125566
12376,-0.38939833945537705,-0.5309949787101822
12377,-0.1672207775063978,-0.510447549347095
12378,-0.07228625487157239,-0.5564363068459777
12379,0.42966723747673413,-0.5672902157669606
12380,0.033852586301684945,-0.4672496821399154
12381,0.4487162291585228,-0.19982882360939036
12382,0.5137286409504854,0.0027037021502802627
12383,-0.3928310977553488,-0.2684660825472498
12384,0.09293018737995708,-0.30277719848050805
12385,-0.06352274651594532,-0.120036511700041
12386,0.42633451492979024,-0.3459124035779321
12387,0.14964283680076798,-0.2809849789823196
12388,-0.3166585672247777,-0.35254814059137557
12389,0.16226433612128704,-0.3544769511963828
12390,0.3367836658573874,-0.449095943017577
12391,0.4390759162848074,-0.4255051048974435
12392,-0.4035718001560923,-0.47355113903004
12393,-0.3019690489719736,-0.461436262720914
12394,-0.2687651247308756,-0.429010006690592
12395,0.40458450857123757,-0.5271205147525921
12396,-0.051799724752054785,-0.6208135813267494
12397,0.15434492676740355,-0.4684251545083564
12398,1.9501057218530558,0.4450861688909432
12399,0.9075329441721703,0.35112721378695216
12400,1.410467790044784,0.6851841098358226
12401,0.09827894077602696,0.16507514772021503
12402,0.324823371255415,-0.13832548901260489
12403,0.7140558307247792,-0.10850144799495669
12404,-0.2742025596256045,-0.08826386183807604
12405,-0.18323294693090758,0.34258494810048246
12406,-0.5688658595217474,0.2305314146785012
12407,0.10627567714525074,-0.06718904787796852
12408,-0.2899698505346982,-0.18862274619656033
12409,0.3540383150279891,-0.2694626663885918
12410,-0.25675555640851044,-0.24672090549184073
12411,0.16888882388013826,-0.15439684162499487
12412,0.40657260617117913,-0.03091076499691725
12413,-0.21878856365450658,-0.220637183145918
12414,-1.1606813519140755,-0.1179151027541248
12415,0.05204105984109681,-0.2228593932387286
12416,-0.03046182669456591,-0.1525738395374677
12417,-0.2411434688020316,-0.25971626558881916
12418,-0.09469495761317512,-0.3234878817323628
12419,0.5526350137827808,-0.4567939636933056
12420,0.5490528782838823,-0.4025471747081178
12421,-0.1306855998394543,-0.4334774347445437
12422,-0.21706603838126706,-0.41397962652752496
12423,0.10538568929181137,-0.41561995042050665
12424,-1.698259752869732,-0.20453587320298688
12425,0.17794487929377187,0.6250113959621626
12426,0.23923180019779253,-0.3041685510615941
12427,-0.09794269329770552,-0.3980541293232953
12428,0.3072067705507087,-0.46482439907619
12429,0.2579011023214476,-0.5140226469542649
12430,-0.717956188695599,-0.4513124121137533
12431,0.5469835454756407,-0.5635775178691109
12432,-0.36017949509818825,-0.5137470970399814
12433,0.8372214729025758,-0.4509914262953635
12434,0.01751048821649423,-0.48434853764455765
12435,0.282192395260658,-0.5801836761100179
12436,1.143493690671791,-0.16165737661599403
12437,1.0816697713226402,0.1821554275650733
12438,-0.22826376129699444,-0.3472019338982083
12439,0.5722552058821907,-0.3902109643281345
12440,-0.1036855085955461,-0.37606475154380525
12441,-0.18358994456620045,-0.18669931303400245
12442,0.18510903505942947,-0.39598417828436244
12443,0.556483385643755,-0.2657434206711074
12444,-0.20149837216076763,-0.1001906254392583
12445,0.12901392010577256,-0.012801694413691223
12446,0.8798188921181774,-0.204609378210393
12447,0.14350041414894704,-0.30207452946790453
12448,-0.029850124569783087,-0.3418388057011547
12449,0.9339090397134601,0.0338191051030224
12450,-0.8324397712844117,-0.183380705675594
12451,-0.031379614588399406,-0.3920451168220793
12452,0.39571430894799486,-0.4291329841105496
12453,0.352131638902624,-0.29179488517329355
12454,-0.016223190001065563,0.3165098482349216
12455,-0.8795444884570421,1.3107023159974023
12456,1.2152128168457714,1.003382540434595
12457,-1.0728440886744863,0.050187998401852243
12458,0.23227319757398898,1.0967682384034547
12459,-0.9827845408188357,1.0854690340217512
12460,-0.3916720901558659,-0.14672342783533385
12461,0.3253303362773882,-0.4052571805158249
12462,-0.03884400107528115,-0.3712075739653335
12463,-0.4368926737345691,-0.3843451564638294
12464,0.28962172206091713,-0.49674105705835503
12465,0.02465337656639046,-0.3304425887520794
12466,0.5593438281906463,-0.4812518806659414
12467,0.696526054464105,-0.008271700159201714
12468,-0.7386536841402501,-0.19693922054113383
12469,0.02529647587458362,-0.4855986522926525
12470,-0.21912840052530927,-0.27297633577175034
12471,0.0755081706411294,-0.47120999846099093
12472,0.04529983484748581,-0.40512179990963393
12473,-0.2757707013610013,-0.434997192612622
12474,-0.29190508711305435,-0.4042567011265274
12475,-0.21572946696681347,-0.3092923845971251
12476,-0.15960569240176267,-0.45785063053576663
12477,-0.2339160120876279,-0.504906053852293
12478,0.3655283249387966,-0.447184555513109
12479,0.4102892656297508,-0.5010672624653465
12480,0.3903922781150891,-0.4937806429383625
12481,0.3756678180994657,-0.49753030756476696
12482,-0.3151904764709426,-0.4089044386322695
12483,0.7187997513316008,-0.15768114400684158
12484,-0.19746308701814066,-0.2107029942442596
12485,0.27231446452744573,-0.07943466504291535
12486,0.4990879423978191,-0.1292266523953009
12487,-1.0298818407728898,-0.20470136236193193
12488,-0.5264605179975587,-0.15685412050518666
12489,0.09018676208863363,-0.39376526671145506
12490,-0.18689387194594276,-0.3702366959755478
12491,-0.2920717021320853,-0.4252476149250457
12492,0.10570402151672323,-0.43759682148011975
12493,0.5523906728295878,-0.5087923376295829
12494,-0.08413170814692911,-0.26263324629861373
12495,-0.3938403592982604,-0.41980808868836966
12496,0.11116820857937712,-0.42241528934522443
12497,0.25219387565701473,-0.459982225327975
12498,0.5580024260026446,-0.3606998731555458
12499,-0.15720339958072146,-0.31452902637278757
12500,0.16580236878507107,-0.42632960906003
12501,0.2088126400962792,-0.497311949761644
12502,-1.0636127302275233,-0.018680313664273016
12503,-0.03499768670525356,-0.3537140158661045
12504,-0.12401282198136111,-0.1949991341890662
12505,-0.3602315576836587,-0.322822458777924
12506,0.22491516603276043,-0.44114247406835566
12507,0.5541428039320451,-0.4388728515788645
12508,0.49816382580671686,-0.2166885330714205
12509,1.292773712769786,0.5043572839877049
12510,-0.7357793283392173,0.9906735784896977
12511,-0.23582267605082904,0.01031603383926509
12512,-1.142056510458085,0.06384191748884856
12513,0.08620468810267586,-0.19197878784309463
12514,-1.0983475483270773,0.08471425507216708
12515,-0.027056250911475538,-0.2656613631291228
12516,-1.438573452853316,0.042204410993400845
12517,0.9979025552599917,-0.2992695544862251
12518,0.03532250124560121,-0.20964366459434625
12519,0.08046761272542727,-0.46419123645141297
12520,-0.08563623167934538,-0.3312821680354578
12521,0.47074812304776587,-0.5538022976758371
12522,0.822385341634101,-0.4472086780985553
12523,0.1751158230525333,-0.40061253543636305
12524,1.0524006618313702,-0.19633869254011876
12525,0.6140700241131761,0.06547961818870625
12526,0.01570717205593511,-0.08011968639501428
12527,-0.39463486638659656,-0.1345663602361687
12528,-0.5747694317540764,0.04111943247765405
12529,0.09813323683079804,-0.25655369413783835
12530,0.1178714429772093,-0.44205852774753385
12531,0.10374441090457806,-0.4730450054327003
12532,-0.11764060937049725,-0.5112824602699589
12533,0.5861200859981556,0.0775269883926525
12534,-0.516484756494554,-0.30025846163908104
12535,0.010602770684634333,-0.4278687597871518
12536,0.5869820124212815,-0.5415237050869457
12537,0.3470107994972787,-0.46136441240526327
12538,-0.17384427158656884,-0.42753655760784987
12539,-0.27872026043956183,-0.46999031566846755
12540,0.4260909700722955,-0.5227047431115537
12541,-0.07479814341474639,-0.5145158537789759
12542,0.1823812229738538,-0.3853336115337665
12543,0.28902015005133574,-0.36059402404126273
12544,-0.3713388288024975,-0.30340328455875226
12545,-0.03206813019059612,-0.5273274470737394
12546,0.13648870316046788,-0.5303491445343087
12547,-0.3259349553688556,-0.5039977134244495
12548,-0.4722410306654785,-0.3871327351213389
12549,-0.0886588152814175,-0.5161409416468267
12550,0.3646883769591561,-0.5155028852937612
12551,-0.04527389638587865,-0.553873889395353
12552,-0.43037379588386265,-0.4439058109442918
12553,0.003178846410425311,-0.5200000330010235
12554,0.19903538943280744,-0.5405574778033257
12555,-0.08892850559938038,-0.5398085847795314
12556,0.5239651223845759,-0.4323631929522561
12557,0.012890140365315534,-0.3604306690655182
12558,-0.2559765064125551,-0.46246763682921493
12559,0.10266543766263574,-0.4643091761842645
12560,-0.19361117368143183,-0.4664247985970135
12561,-0.1270929745116027,-0.5627422639382175
12562,0.12714812934954264,-0.4559600971222171
12563,0.04173338326891622,-0.5174167893086142
12564,-0.17416712558749176,-0.48630758686687375
12565,-0.15781582615513456,-0.47428349805407044
12566,0.43796159839615917,-0.5373609243403319
12567,-0.1835746428689103,-0.47157397140051
12568,0.1953233260842114,-0.228331332839337
12569,0.2974370145162351,-0.4420399501948444
12570,1.0674392380990765,0.721407819470126
12571,1.4023809440038055,0.21300725633264017
12572,-0.39479689795450795,0.22073273501444773
12573,-0.08268432026429819,-0.20848299055958738
12574,-0.7476897254501303,-0.009621450179344654
12575,0.13795818973419163,-0.13672289510686172
12576,-0.422465521825717,-0.16726796599521487
12577,0.13810977648932518,-0.38686795856756495
12578,0.5146238495493464,-0.3685609007582879
12579,0.268979132025309,-0.4152743218348824
12580,-0.17465673961054495,-0.4539648158700074
12581,0.2242406519471912,-0.48955632829496226
12582,-0.0985118781999911,-0.43832895084387596
12583,0.34487480708388474,-0.37574465071463825
12584,0.675264629591349,-0.32421731476984095
12585,-0.46109072020943837,-0.22050706839159723
12586,0.8525644577442498,-0.35953328081096086
12587,-0.37162210788912015,-0.3874576240634079
12588,0.04894536264495208,-0.3165552495610328
12589,0.5936835900067043,-0.21396760766022874
12590,0.8930470962200626,-0.17509720685849003
12591,-0.21316735025463843,-0.13682009117752003
12592,-0.489942067617567,-0.04662283214935118
12593,-0.2778047507026894,-0.2521630621076269
12594,-0.6104229602499888,-0.23441517491449038
12595,0.30306864732094924,-0.47801233227823176
12596,-0.3283620398686779,-0.2531639948290545
12597,-0.32078350776031606,-0.37078320248285285
12598,0.5310479496467692,-0.18761374803601055
12599,0.6346060421919323,0.0355134875839392
12600,-0.4357189519444398,-0.18118379337638013
12601,0.4175884271282831,-0.31010321488298054
12602,-1.2719307749532436,-0.015219378121015037
12603,0.3953643659379297,-0.341949321630684
12604,-0.4238239582331171,-0.22714412278794416
12605,-0.7076504069411541,0.05218835365276146
12606,0.31636107833300353,0.20815948697033487
12607,0.09644581750216233,-0.3930354496826293
12608,-0.2818360613454023,-0.33675991691544926
12609,0.3814424566530688,-0.4587743206356928
12610,-0.2487931063082141,-0.294935374253246
12611,-0.551495920310232,-0.15709056675207067
12612,0.09134863045075049,-0.3910158528221346
12613,0.17123268000829767,-0.45278200197391244
12614,0.4995983268677458,0.005354473484415687
12615,-0.2685090612569481,-0.3276207437378595
12616,-0.1745009021019589,-0.272591309709963
12617,-0.4081094430025105,-0.33815466043790865
12618,0.5799654838858244,-0.35122403508794947
12619,0.13302479467812828,-0.3895626720948502
12620,0.1795810608115759,-0.11784811480715965
12621,-0.10520282965043742,-0.40031966717915135
12622,-0.28478328172858475,-0.3262922878552113
12623,0.3489257015231169,-0.4734834406882856
12624,-0.29299724876375915,-0.34947408925666595
12625,0.2550809212739682,-0.46984679353660913
12626,0.3254560768568477,-0.40454882646642837
12627,-0.29709530954431573,-0.41214540216403256
12628,-0.27942350756978657,-0.3529094137121987
12629,-0.23948762165354198,-0.4132284193941049
12630,-0.11795774046467802,-0.2529138439523729
12631,0.579804513410929,-0.2710039129577469
12632,0.47495365099694214,-0.17693477804945698
12633,-0.2665507640914582,-0.37576072488523365
12634,-0.2613685477146841,-0.33668908063591063
12635,-1.2581611999624112,-0.20601320829423342
12636,-0.044051427078905865,-0.32855934098741485
12637,0.3515233658277735,-0.5637458661894952
12638,0.14440452864228584,-0.49673361288113393
12639,0.5339405447425918,-0.33736970603916466
12640,-0.8370541157963941,-0.1532397965486327
12641,-0.48673389646896764,-0.02429652265317149
12642,-0.22137981429952402,-0.32563199876365434
12643,-0.030816612046672062,-0.5158882218922782
12644,0.3736239474450067,-0.44244970216758595
12645,-0.17088099149229766,-0.3758413376628045
12646,0.5434758164005501,-0.45639556768384415
12647,0.08455457008366857,-0.46164829633519594
12648,0.3686670966698999,-0.4271128777701639
12649,0.4266212775946521,-0.24269886158765613
12650,-0.7378825725449017,-0.2293014092034527
12651,0.2888306975375961,-0.46013722609301827
12652,0.3719863951782583,-0.14872554472221153
12653,-0.08976204717116526,-0.17197706327427628
12654,-0.022921537336104733,-0.19835054063512964
12655,0.3167041185631051,-0.07529443711678879
12656,-0.370281441248893,-0.1237863682320889
12657,0.5787069024223566,-0.25688895084499874
12658,1.174058792169532,-0.02636526895029101
12659,1.2712790748606515,0.5198299505672112
12660,-0.14124945285098206,-0.10819227009035892
12661,0.3763396376074551,-0.07869249438814503
12662,0.4502226621714653,-0.3087962085245713
12663,0.21500366444692035,-0.2617481901121386
12664,-0.35415840207139115,-0.27725778166121584
12665,0.1586111822008448,-0.13138768841611692
12666,-0.7492388780379885,-0.18442984996161227
12667,-1.3389652088565713,0.2157302690219814
12668,0.9240992512735521,-0.2168051871420447
12669,-0.9168718420252118,-0.07041715587391989
12670,-0.28849602533177104,-0.2666917923896016
12671,-1.1134622662308244,0.3646211832763661
12672,0.6587248987729543,-0.42319339052331256
12673,0.053425590066919666,-0.38020980924472925
12674,0.29088056692530717,-0.4422379281398041
12675,-0.5731484903996044,-0.32905026962039685
12676,-2.462083373255258,1.338839645715633
12677,0.42661293487367263,0.22833117930703378
12678,-0.13750736093037794,0.7792108940803062
12679,0.9127173250326795,-0.23306855778572272
12680,0.2308658592950277,-0.3594385750237961
12681,0.47258222429919544,-0.34341089810694725
12682,-0.22050820034479046,-0.33260020738878454
12683,-0.02894802180894674,-0.4567368630274005
12684,-0.2126801501013167,-0.4658849663947548
12685,0.2204731777918912,-0.33583194397654703
12686,-0.4465046845564307,-0.4337017154340826
12687,-0.45691158295259,-0.3095525548180032
12688,0.23435887283730986,-0.2949670376957714
12689,-0.7311764562501245,-0.27427297533126294
12690,-0.05250680369248508,-0.4136035942030977
12691,0.6755610243593274,-0.364003935006758
12692,0.24150082345493812,-0.16332606099430727
12693,-0.4759331603467477,-0.2282175659970001
12694,0.1752308539219303,-0.34751230068217465
12695,0.2044400663318938,-0.4559856718616017
12696,0.5889775064110323,-0.4698146137350208
12697,-0.2593197372462447,-0.4368760360145945
12698,0.22035230481459417,-0.47293258631432505
12699,0.016493802459523227,-0.39606878203170953
12700,-0.5511379452033135,-0.34051724910700293
12701,-0.6159765099486098,-0.35501560316762715
12702,0.7714681380825924,-0.3724017960260967
12703,0.9116962864361292,-0.3715657557081812
12704,0.44938410289364533,-0.1154358171719628
12705,-0.17617805328797562,-0.23600503159395175
12706,0.4007908314724316,-0.2739719209010066
12707,-0.27610132341479443,-0.24666789103682973
12708,-0.09198550225795249,-0.2921905681186978
12709,-0.1266051817025331,-0.07263356545385324
12710,0.1303906857712752,-0.38890497043015265
12711,-0.05892136661264838,-0.3560706056357557
12712,0.16491520360787323,-0.3801414345629827
12713,-0.17651902547966425,-0.47151202490088895
12714,-0.27904751213785123,-0.43542687241929984
12715,-0.38955135849320693,-0.3947240740093028
12716,0.2763070619850947,-0.526842360833721
12717,0.004412247487909417,-0.32578576180991525
12718,0.3030058914340871,-0.49890791713039145
12719,-0.3611125099371101,-0.46993669108098524
12720,0.2668962135662774,-0.5532556451973363
12721,0.18379815424591814,-0.5035963567827727
12722,0.3058991615939578,-0.5191972271378998
12723,-0.26119840787148435,-0.4970640239587845
12724,0.13374776073548753,-0.43839893174921163
12725,-0.07034349563602962,-0.47239464610159354
12726,-0.8853856443081114,-0.148619712063223
12727,-0.30298062922215846,-0.028217097180260872
12728,0.9661513757501241,-0.4373259469545049
12729,-0.8465671275873842,-0.47966845049993717
12730,-0.45714972750837823,-0.22323842996803517
12731,-0.1196841020669021,-0.316267872009629
12732,-0.14019820312165027,-0.3168973936613885
12733,1.2095347540110533,-0.5218533251949343
12734,0.08830985383034196,-0.31687902330163026
12735,0.018662371589368107,-0.43801017924184144
12736,0.40517936723717596,-0.49033467754795385
12737,0.25004215743726976,-0.4481229343115917
12738,-0.35447642591314305,-0.40602618923231404
12739,-0.001008092273418906,-0.48465541147208147
12740,0.5071790564813726,-0.4388488708178184
12741,0.1103865050917072,-0.19319215772386683
12742,-0.2686939698937058,-0.31266116078264095
12743,0.909867119268487,-0.3728919283074037
12744,-0.698230748453265,-0.28236062794369726
12745,-0.4795901365113425,-0.4160327725200057
12746,0.4635976013211445,-0.5319400763595198
12747,0.5009378828121102,-0.45119657900993043
12748,1.2390084088197697,-0.07042811423197921
12749,0.1878428563527238,-0.35329514777623544
12750,2.6400577133951884,0.7917632923549283
12751,0.6397338615787053,0.46679071136829253
12752,1.1089119524166138,0.23523924597439816
12753,0.20667160434773504,0.09238867084835424
12754,-0.1749767666231006,0.2206693409983237
12755,-0.7291813659090809,0.033382599510570446
12756,-0.5048583651130426,-0.26348864681002676
12757,0.6654778205310735,-0.2849907229050902
12758,0.5316171407124592,-0.02008462574896676
12759,-0.2112070274537703,-0.21555420612070852
12760,-0.11259247746271188,-0.3038526849636965
12761,0.25654364458468765,-0.019475519408891945
12762,0.7173101402792197,-0.15984219274184802
12763,-0.7871056995294937,-0.21698550295127345
12764,-0.29013660433827815,0.13544756602142588
12765,0.10428895921798215,-0.07847264961960063
12766,-0.06266487978190768,-0.2754792148465496
12767,-0.14941334664939893,-0.16230854851980092
12768,0.34923275862343456,-0.2067063801547569
12769,0.13312624495507103,-0.07853362322072559
12770,-0.6802542869020795,-0.2050476042514704
12771,-0.7771483787943845,-0.04617628274878867
12772,-0.5099396605989149,0.02169957450342573
12773,-1.004918152208533,0.08706846819202617
12774,0.2883928442444832,0.05680389335143966
12775,0.6427459213701952,-0.2263290176337553
12776,0.18685590383018172,-0.23826156736484366
12777,-0.1397470429617481,-0.2902242207730636
12778,-0.28282735374209095,-0.4485174744824469
12779,-0.43505778744821194,-0.3947129661589784
12780,0.027103150901028154,-0.33431108927526343
12781,-0.3019968315267188,-0.3741197040233457
12782,-0.5116066796399895,-0.2883327764470297
12783,0.15191403160955966,-0.17020402843686616
12784,-0.6711099182069176,-0.2933253967386639
12785,-0.17534326866229227,-0.20077380911297635
12786,-0.9155854290648402,0.015351905677629674
12787,-1.9339530371594102,0.7855563527585631
12788,0.6812305078204418,0.39059817751106063
12789,-0.8787022087958276,0.4045059036429093
12790,-0.45052729631002025,-0.11575756043866817
12791,0.03990922343857737,-0.24947681748332046
12792,-1.4337472303202403,0.4448631615560076
12793,0.4613376181053331,-0.12687160933654484
12794,-0.8907399774759186,0.23166084720603297
12795,-0.025925070900398244,-0.22898216030760232
12796,2.3235490118104303,0.33723700758102715
12797,-0.30922051422354246,0.19202549202376507
12798,-0.028892519815471383,-0.016097566148756057
12799,-0.031080725431814622,-0.2713859502834208
12800,0.3725748847846934,0.02898310331628655
12801,-0.10264591918572678,-0.19397449433306901
12802,-0.6330078688632841,-0.08326782537157743
12803,0.14947028147517516,-0.3668192691715985
12804,1.2001742810055813,-0.39299947222946197
12805,0.17884458737202474,-0.39571309391311776
12806,1.0112327659648181,0.3112365977611019
12807,-0.5409251886871869,-0.21459664594289687
12808,-1.7365484532300184,-0.17552528316925742
12809,0.45433233462015227,-0.3290467445911458
12810,-0.07951559933494566,-0.3497945896571849
12811,0.06303780796723095,-0.27840803035291256
12812,-0.5127225658042883,-0.3559078497643344
12813,-0.5749702321231933,-0.3426996490148989
12814,-0.18163241858208592,0.5888819279583573
12815,0.26976016808607084,-0.25422952114526104
12816,-0.04923868484072589,-0.40829034851645984
12817,0.6992347647503105,-0.5486922921030354
12818,-0.5440272915209673,-0.5174257527619832
12819,-0.13186960519885824,-0.5802199928935813
12820,-0.972981407951688,-0.34292330909013374
12821,-0.5794657387818034,0.2987799105441671
12822,-0.8087719382472696,-0.22912857701604478
12823,0.4345944776030346,-0.47512878398809294
12824,0.21396494131313118,-0.3737052885575426
12825,-0.2558338301999874,-0.4957653137895167
12826,0.5787443746771896,-0.4847797663721094
12827,-0.5484191807680018,-0.34844543483334556
12828,-1.3206522851314115,0.46111663912764844
12829,-0.011930852687261583,-0.14770091197324922
12830,-0.7601282167053438,-0.3047394475322133
12831,-0.3923679558430168,0.016134043198446593
12832,0.6713867798990756,-0.4218788767500877
12833,0.42134161397702585,-0.5196131780967358
12834,0.2746716943201299,-0.49887095143150334
12835,-0.46446210679467337,-0.4619558400978322
12836,0.43742368241452817,-0.43537798329916244
12837,-0.5223219566678146,-0.37907478846686965
12838,0.38909439479216706,-0.4429231401385031
12839,0.5544854103891423,-0.3938672992833557
12840,-0.26456957337596615,-0.432818355085163
12841,0.9612874826237291,-0.390402543637905
12842,-0.33736107786990316,-0.2453854505007762
12843,0.4791233830679891,-0.518774321603803
12844,0.06150847991590056,-0.5501504572944953
12845,-0.27335000334581894,-0.4311289158060084
12846,0.11078851924038216,-0.4681276202179087
12847,0.5277582285064825,-0.457099517538611
12848,0.26815349256086457,-0.36901867693726337
12849,-0.5315473639497409,-0.3472887171712491
12850,-0.4433367252917742,-0.3770438156723991
12851,-0.2683199642530645,-0.34198208056759954
12852,-0.047927991412719334,-0.5447814679384942
12853,-0.16484110655304118,-0.58344838257156
12854,0.49473080637015404,-0.5889294210907645
12855,0.3811006260374234,-0.5388510704219605
12856,0.16005629030675356,-0.39573787374382213
12857,-0.07531535350634795,-0.46421463491725196
12858,-0.8811281144136164,-0.2722986615220577
12859,-1.0448641903552043,-0.2119933577266628
12860,-0.48663908045419974,-0.2478910472418977
12861,0.8882394660780375,-0.4619509702127409
12862,-0.605319533685596,-0.276560652750885
12863,1.2209459064517791,-0.30080771504695475
12864,-0.022626473530719116,-0.33589215219986834
12865,-0.43641899830726394,-0.46389183744228313
12866,1.0946148656014443,-0.3143441823485359
12867,-0.01796527851403197,-0.31118249489933075
12868,-0.4262099855304844,-0.3398760509736065
12869,-0.003040254765655193,-0.4563804718624428
12870,-0.4080415728501445,-0.3848709691936162
12871,-0.3680116296103495,-0.3834835740651721
12872,0.8648676689302252,-0.4456331144876334
12873,-0.8755888226961543,-0.3751309944827434
12874,-0.8311580838281859,-0.33511762068798917
12875,0.44371867766242873,-0.08305009601113096
12876,-0.4092358167850348,-0.4764299556492398
12877,-0.5700511646926637,-0.4059081653597866
12878,-0.5693353862862848,-0.15620823596570393
12879,0.7212983009271992,-0.3893247300812634
12880,-0.42743533337044076,-0.47670039108084755
12881,0.08381853326216754,-0.4572893822153524
12882,-0.8451375380154178,0.013202660408208486
12883,0.8057625595295242,-0.42539099462751057
12884,0.0041716357829449414,-0.5183108801218873
12885,0.5294388826044202,-0.3494056822627202
12886,-0.5021361538183529,-0.3185103766182971
12887,0.9150753242183803,-0.40735110502079924
12888,2.6404190608795624,2.222867714789015
12889,0.20350196014082225,0.7661216950158423
12890,-0.6999952327893362,0.3403140766815385
12891,0.7323595915864385,-0.013560841289091116
12892,-1.419233194710092,1.0401260587146846
12893,0.11431107355051956,0.5327291506749672
12894,1.1164299568685434,-0.019218627859877407
12895,0.3065395374069258,-0.1361375309664743
12896,0.04529070690708015,-0.22700624805791042
12897,0.7806446716141021,0.08185651552715227
12898,0.11515607905437292,0.13763269365516367
12899,1.2304765556799462,0.23387780111670237
12900,-0.3001993743659955,0.16822694211955125
12901,0.9438837691481674,-0.06365945898800743
12902,-0.21904965291996764,0.45542989291004987
12903,0.5112022626013369,0.6525254165759957
12904,0.009475609897560347,1.1338618809797851
12905,0.6677849593080826,0.6230782606439381
12906,0.3880126213316037,1.234672716161178
12907,-0.5841600612744476,0.7066727788010714
12908,-0.17545416962919227,0.23720376871724175
12909,-0.20546461177002767,-0.18344910023491523
12910,1.5241786502986523,-0.022111376370118577
12911,0.2424744868518077,0.6602215152665317
12912,-0.4813361128759196,0.058144132666613405
12913,-0.5772861911604238,0.10457421406684782
12914,0.48827271640789166,0.027703528395165128
12915,0.7443569333675718,-0.22503583859604526
12916,-0.2604027769117509,0.07837136809149255
12917,0.3969182171081929,-0.17340762451763608
12918,0.03681513774448334,0.03496161149419873
12919,0.7120925856641082,0.5214963033157479
12920,0.3066083038521164,-0.09526930455663714
12921,0.35527552748463614,-0.08770720191214895
12922,-0.5278379876208957,-0.012220427236570713
12923,0.04952450736745093,-0.04338803908350719
12924,-0.02410367994787748,0.025584349514314597
12925,-0.4899544680765172,0.05269237470382469
12926,-0.22250944345669507,0.12404599731171854
12927,0.2285922580831073,-0.11775433652080028
12928,-0.07258412650043147,-0.15257684864245225
12929,0.31705242601933004,-0.028271608849502625
12930,-0.245020036764644,-0.13074449933308954
12931,0.21817825869320018,-0.3332595368324935
12932,0.23797136405518396,-0.33142427653094586
12933,-0.40096182391716756,-0.23952670304756946
12934,0.24803025288160427,-0.19808722403693713
12935,-0.2859629860276296,-0.32784695699334593
12936,0.5260571332987578,-0.04676748259172349
12937,-0.6392140777132991,-0.04014892594915544
12938,-1.615649309344649,0.46786381130936383
12939,0.8480450356106576,-0.05047338054958915
12940,-0.9471269139521968,-0.04602443472170459
12941,0.3019472584144341,-0.24990406198374954
12942,-0.7574346418377028,-0.20164150841739903
12943,0.6283113614955572,-0.20388384301567986
12944,1.3286902417361064,0.20573626813073304
12945,0.40498745113210755,0.1694864316476481
12946,-0.6191083229352268,0.7972497278105293
12947,0.4405931554036326,0.08455043325648891
12948,0.6751875001761813,-0.019006730887842146
12949,-0.3733946463176628,0.056146144387365995
12950,0.7471690570168512,0.30786722865044985
12951,-0.20988358926575096,0.37268791901869697
12952,-0.4772272045067037,-0.11054746598120034
12953,-0.08086699112857758,-0.04739832491139353
12954,-0.0572742856381409,-0.30066358157589784
12955,0.19927878508501587,-0.2923775993042206
12956,-1.2002420141930792,0.005614379614443207
12957,-0.4972710740005621,0.11561419625503407
12958,0.4736953717259617,-0.062481623796874816
12959,-0.5586278291019261,-0.24717795989084962
12960,-0.03128169002405954,-0.24270815940404666
12961,0.616308432696266,-0.2139369929442309
12962,0.9598182061257235,0.3557381419998014
12963,0.25179470799825754,0.02549595512267079
12964,0.10925258480986687,0.07065139465620406
12965,0.8818954282739815,0.07411673530736161
12966,0.764159739150144,0.24068537185812788
12967,0.23564673647228765,0.19423048835048556
12968,0.2883037720570129,0.21593960219973507
12969,0.37487384194356993,0.06364580104423621
12970,0.5650013124122722,0.4865306384594523
12971,-0.6612196147263179,0.48480910812946487
12972,-0.022864308276632293,0.4387919588182748
12973,0.7150047252824114,0.5349810742537052
12974,0.17066465110759269,0.17812109632867357
12975,0.023617342011038468,-0.04556393125823807
12976,0.4356754609456561,-0.114781081174968
12977,-0.1031351772456168,0.03521584077829433
12978,0.13485463036157266,0.020492053079986222
12979,-0.3029139316892619,0.07001296050209492
12980,0.22873659585909914,-0.34437072243676997
12981,-0.07814165850622098,-0.16202485495470353
12982,-0.18490445333996178,-0.05925620538073017
12983,0.35089844266177644,-0.07781236589130501
12984,-0.1001223328400069,-0.009498198441529063
12985,-0.9441072047394251,0.2157884547748627
12986,0.7535747558260133,-0.11171899162726416
12987,0.8556025730504963,0.25107617616561995
12988,-1.821550369067045,1.8033233086597973
12989,2.524920081156308,1.2536890263962182
12990,-0.031994873273881584,0.5376667926260251
12991,-0.9048992050928748,1.8064704514643959
12992,0.17147147242597735,0.1960150123792021
12993,-2.312996488527921,0.7100467772820178
12994,0.19764686867080009,0.8759917851898897
12995,-1.0898260802403867,0.5973986435331076
12996,1.7559874815607446,0.3820276410421758
12997,-0.9413219217034501,-0.08808599543298107
12998,1.0560661384080006,-0.048423140232494666
12999,0.6638277739223987,0.1644522143657004
13000,-1.219415864973843,0.0509167001461069
13001,0.27416032002698737,-0.3080893824862934
13002,0.5332762703089341,-0.28621169714563094
13003,0.6248033959233917,-0.30193747096137163
13004,-0.6634528865698688,-0.17899942785269973
13005,0.3270208246194875,-0.4198605533314925
13006,0.36435455064077765,-0.29628113146233614
13007,-1.2330570301180857,-0.13313097198356144
13008,-0.2098073714218822,-0.1481098526675979
13009,0.4934564543664814,-0.40387832246723593
13010,0.41396049913709787,-0.3287471690688467
13011,1.1798512052311314,-0.19116405250233498
13012,0.06029562957260982,-0.26537656493427275
13013,0.8509130122445873,-0.2267626240557689
13014,-0.3181677940817008,-0.2231791456595199
13015,-0.44958071995821935,-0.3930331094421285
13016,0.48728868111949336,-0.3762048420848147
13017,-0.034802741435308766,-0.38103892797268396
13018,0.08193378601149588,-0.2523219532747163
13019,-0.08472400490880978,-0.2631612454149086
13020,-0.6065163061806852,-0.35308605670205256
13021,0.3408414106041207,-0.38142992897896016
13022,0.8566248811419044,-0.3417552548072402
13023,-0.017648109764642338,-0.29976285054943497
13024,1.4845753379457878,0.11002884084938604
13025,-0.9694447330215703,0.44426995069838393
13026,0.5239022038184475,0.671322108548002
13027,0.39384224556318886,-0.09134003115396923
13028,0.20889635156027495,-0.0030192494931721853
13029,-0.5272639701759115,-0.18385055813082485
13030,1.396252822124511,0.9384407367183712
13031,0.8532326103833733,0.34657798136987655
13032,-1.1797593209923436,0.3823951460983597
13033,0.1648199922598887,0.640729920416457
13034,-0.8275457549666979,0.33003864774485575
13035,0.6907078918194866,0.03250830782640214
13036,1.030575027008986,1.1192675079709091
13037,-0.7505405304993793,0.3844113306503903
13038,0.2447227590099272,0.05795753654872764
13039,-0.23622986294269643,0.019400362704329058
13040,1.377356035236854,0.41226337739214847
13041,1.0407902947128247,1.7888764054911281
13042,0.00022422468690021756,0.9171797380376169
13043,-0.15053401629775773,0.6853230489968152
13044,-0.06368431835743532,0.4034815646708144
13045,-0.43244156991098714,0.3828618464577458
13046,-0.607634009806453,0.4368757725929767
13047,0.9416080704997175,0.5448971795665164
13048,-0.31225864165086553,0.2429631063578947
13049,-0.7848185024564722,0.48855691828095804
13050,-0.1634355515222957,1.4629507525513277
13051,-0.5184132768195473,0.690180153319195
13052,-0.7740897676917277,0.6419028314676642
13053,-0.2902710887899534,0.2694864259209169
13054,-1.1328743264124788,1.3930855408846103
13055,0.018372969464249517,1.1881953912252865
13056,1.3057847984913784,1.0227032397543556
13057,0.4619032308915482,1.0553468585418952
13058,-1.121361686654538,0.8533401149047728
13059,-0.4206703584745641,0.28029518598867104
13060,0.5690537805188121,0.4370797981493325
13061,-0.3059497378830279,0.2603509285811449
13062,-0.37116186432638415,0.662547074526919
13063,0.04880075689345995,0.8022361692451907
13064,-1.078502188275622,0.9144628276736696
13065,0.30575531926962646,0.01797657948473798
13066,0.6175619442386998,0.420161546726708
13067,0.12838872147835623,-0.12653546012216224
13068,-0.5534478072795669,0.1721825512644109
13069,0.720044126165654,0.3034320628388267
13070,-0.8013211997755264,0.0369453448056017
13071,0.1535684074802277,0.001898581205907135
13072,-1.4703951828822235,1.1970109926377086
13073,-0.2700762049629914,0.9521456209146292
13074,0.0065611586730860896,0.4159220757104729
13075,0.02183414386229767,0.05548005267339336
13076,-0.24493670069805037,0.42295826162129024
13077,0.3984725540483189,-0.034363745031090624
13078,0.32410480419325904,0.12051520299535971
13079,0.5239246394757475,0.31102092250569485
13080,-6.346822368374585,14.740724790933237
13081,-2.887784573190447,3.682767881488667
13082,1.5100600648675544,6.465385240305043
13083,-2.7654766533753583,2.4565451959091624
13084,0.6631861732606873,1.4511748314264008
13085,0.8714520726047752,1.304481731232983
13086,-1.0658792881785937,0.5736989537813094
13087,2.624801890103144,0.34024205409806374
13088,-0.09481053335549984,1.4103646775847545
13089,-0.20551480259614277,0.3798967647639234
13090,-0.6573655751926712,0.4372418942825289
13091,-1.2382765172387473,1.3121684252245784
13092,-0.10369500675930363,0.5295983930289981
13093,0.22553800424607004,0.19497136545785765
13094,-2.3460732137928484,1.3487093177177871
13095,-0.20703255183324906,0.9954966488892864
13096,0.07494324756900891,0.7796433352097206
13097,0.32112758418854126,0.2578866163630116
13098,-0.5523180318981435,0.44791524767516966
13099,1.6534736593142734,0.17443503837675406
13100,-1.2989743063850354,-0.1339128452004847
13101,0.3595167803279755,-0.15640912651098174
13102,-1.0354583575584744,-0.10201270610246653
13103,0.7075391592926016,0.4017434543575343
13104,0.9890967671784879,-0.2866422854489002
13105,-0.2667791453921333,-0.26085712777501757
13106,0.11789662403730158,-0.4874341541344946
13107,0.7957542560972554,-0.1953786225190408
13108,-0.1356498934229493,-0.07180127265298565
13109,-1.2387082254276656,-0.05707584695252267
13110,-0.5629602993855952,-0.1354178896093341
13111,0.767114392739601,-0.37409440888480716
13112,-0.7423045203774976,-0.2743614499397429
13113,-0.009714747359937366,-0.18127174249949732
13114,0.38151592984077354,-0.15994900769625076
13115,-2.0790636546426846,0.4550798749955093
13116,-0.4619543727986544,1.0461857745501404
13117,1.0940062089108922,-0.21950101669190017
13118,0.17816060543117118,-0.05862761126857678
13119,0.7428518464467505,-0.3692309430702853
13120,0.3033271203360573,-0.09131672697926627
13121,0.7331989270903972,0.5254052836355397
13122,0.45503538124999976,0.9581789322751045
13123,0.6684015024510952,1.0526210175781177
13124,-0.3628703013505005,0.14153040031759812
13125,-0.18671926572653424,-0.20834352098701522
13126,1.0084363208224316,0.07777265751893946
13127,-1.1470142934351373,0.43883098569121515
13128,0.5666148324593879,0.18820859791630629
13129,-0.7861883025792641,-0.09953639615009824
13130,-0.42137734034468954,-0.042757593112349564
13131,1.1244892205061825,-0.1573503292527026
13132,0.47067336354632344,0.015286165991373071
13133,0.16886022585826202,-0.09119157835595985
13134,0.20516959506336954,-0.2502675850259093
13135,0.3675372534042564,-0.2074776371188305
13136,-0.19325396741239995,-0.18363639926424674
13137,-0.392050114131472,-0.19648155358682684
13138,0.5460580334567634,-0.3551430967155319
13139,0.7999292615168824,-0.2953035042983651
13140,0.07965035304944842,-0.002065306689533808
13141,0.10372455174655554,-0.1335292027349377
13142,0.45342374688554715,-0.2010163664672066
13143,-0.037466285553687424,-0.29813148727510047
13144,-0.4329527686089187,-0.2738839674452382
13145,-0.6258158978766276,-0.1484341053786259
13146,-0.5361682989167204,-0.2637011973978248
13147,0.446508648763666,-0.3637612454645916
13148,-0.21458934671241123,-0.19421894282589036
13149,1.3711550588402373,-0.2233142916531463
13150,0.2918923914437293,0.7058049670226282
13151,0.7847900937022683,0.229957044560266
13152,0.1648525296171581,0.23551539775822689
13153,-0.47731413961767444,-0.10415551729649072
13154,-0.8351000652573947,0.030454216068165826
13155,0.022146048399291303,-0.23827742101335364
13156,-0.39726505760519576,-0.29216297665132546
13157,0.3255981999499659,-0.20850800820847815
13158,-0.08424897703831155,-0.30822711876856246
13159,0.5393042142405533,-0.4059329713525377
13160,0.25329094043240324,-0.44036192760829873
13161,-0.9321923213812643,-0.31350439145879283
13162,0.2657762105464423,-0.3114956361404449
13163,-1.1367997221358606,-0.020371598122236115
13164,0.3095185766570375,-0.29068107544983335
13165,-0.3851820465355301,-0.0994521125239659
13166,0.328321068143096,-0.02743551149296833
13167,0.602895720771175,0.14826287860751108
13168,-0.007942230562388396,-0.22840392398790466
13169,-0.6113044793249698,-0.02830799767304458
13170,0.319021007213635,-0.23072599203448418
13171,-0.45584377418327093,-0.2333779668094827
13172,0.3022582641372128,-0.44589062649752276
13173,-0.179242622046836,-0.4403425723915637
13174,0.4334881959004234,-0.36882937523595344
13175,-1.511833647281778,0.28440089101442984
13176,0.5039785658150163,1.93802532265307
13177,-0.08467485363259919,-0.16463974158696482
13178,-0.4458850072505649,0.00926557299590404
13179,0.0971354560853715,-0.10917841654745825
13180,-1.8504461913061132,0.7614495858401688
13181,-0.43559808681804707,0.511376065441268
13182,0.8171759141895831,0.7452581525658334
13183,-0.6244756253568803,0.30504299626091186
13184,-0.5923739414069431,0.21969974719682267
13185,-1.155800270433193,1.2852788205463879
13186,-0.35234012892085825,1.2667332242136777
13187,-1.4824757127116166,1.1350879537810112
13188,-1.0062713727896386,1.2382364336685632
13189,0.9963658386247966,1.131909445287726
13190,-1.016807385025385,1.1039908399102383
13191,0.594479606657839,0.3126765995730513
13192,0.5750237143654799,0.16938363611011736
13193,0.3841755737249231,-0.07129585709502931
13194,-0.8017452108513997,-0.0249185505373673
13195,1.6905871239378392,0.4396679945647034
13196,0.6162342806603295,0.5123021266345786
13197,-0.5969977590594259,-0.1560577855372664
13198,-0.523761785271769,-0.24938611095859847
13199,-0.13182500659147425,-0.4268144581185895
13200,-0.2626173354406494,-0.30240607762073163
13201,-0.528898164354798,0.3476851992486011
13202,0.6570245147776745,-0.11405551016139359
13203,-0.8771183413998256,-0.25005026070310016
13204,-0.16221907724061177,-0.3639040346699923
13205,-0.23928754106234948,-0.36227230153734474
13206,0.6317882824238584,-0.2527570553798067
13207,0.2205465131918411,-0.44511087094564766
13208,0.08040317562424969,-0.3342705320182714
13209,0.7426897395332174,-0.29490935176772565
13210,-0.4625585550088016,-0.026117878027238223
13211,0.37425714194566545,-0.156051910983802
13212,-0.13797618253366611,-0.41271506446396333
13213,0.4273057223990387,-0.4880937619688237
13214,-0.29760311071749246,-0.2107345933981632
13215,0.5484091977180031,-0.4234043212698031
13216,0.5001353695012573,-0.18498985941264773
13217,1.1193400456371376,-0.05580538604363788
13218,-1.5016161461122215,0.15799559714529282
13219,-0.511030664153332,-0.04654588495796208
13220,-0.2899843427800685,-0.2788636533983806
13221,0.779030220693085,-0.4309548485744705
13222,0.895948503008489,-0.193679587036744
13223,-0.32256206735223036,-0.17788773281154147
13224,1.3873953410465611,0.16617101305093912
13225,0.3352466624819584,0.01854197335378556
13226,0.0700715232973378,-0.1958076247745161
13227,-0.4574034316720614,-0.17454264294426525
13228,0.3501521424720033,-0.45239434833897657
13229,-0.035282525392253364,-0.3134401664049567
13230,-0.3320487094688865,-0.1266773047281922
13231,-0.07649360040443207,-0.39637354088094157
13232,-0.3867904958897407,-0.2946010911793974
13233,-0.25171727408148326,-0.2959125088861699
13234,0.7232451681415324,-0.37669935066784876
13235,-0.10994593740569211,-0.09550746259060323
13236,-0.4009400477375105,-0.3661285087495562
13237,-0.34731163135072324,-0.28225939431618313
13238,-0.033509606361286776,-0.33230760777954294
13239,0.8821154946378302,-0.527617306197204
13240,-0.17918546973628627,-0.4774609852648491
13241,0.40599471772128404,-0.529910088470349
13242,-0.3000589101671321,-0.4964371595085122
13243,-0.7350077449138186,-0.2859657707040742
13244,-0.2858917880408926,-0.24678818262117663
13245,-0.03652991604375165,-0.4713405383752757
13246,-0.31925490787368216,-0.46659322754087246
13247,0.2870541411141459,-0.34624539264708437
13248,-0.1789340398919676,-0.4256955040196743
13249,0.20668243005601572,0.2127426928885272
13250,0.47765238323275205,-0.34979249488523334
13251,0.34018111543557406,-0.42568970681506085
13252,0.3780593222328125,-0.2673031730670739
13253,-0.05095930550035046,-0.3672487255434885
13254,-0.26706137054575346,-0.2856423165721009
13255,-0.022709254170112485,-0.4460979893645391
13256,0.3792367890108848,-0.40315306690309854
13257,-0.14134777775232796,-0.4346963970977995
13258,0.1570991152130323,-0.4284898152813449
13259,-0.04522018821605214,-0.27166086532270367
13260,0.005429678921900679,-0.33403316568559815
13261,-1.9123939672501566,1.783283218010756
13262,0.12699077641184223,0.6709258103311251
13263,-0.1800387203391117,0.594027694580278
13264,-0.23970159192299942,-0.08736981943831812
13265,0.044407738263171494,-0.1644974257551347
13266,0.6402315608845721,-0.1848499400570811
13267,-0.29697353648592567,-0.24662150044192416
13268,-0.44879902987375103,-0.3066437579255968
13269,-0.5233745269053613,-0.22340112303486714
13270,0.16516608818803205,-0.2791664168087747
13271,0.2626153968111757,-0.3346170498886196
13272,0.38632420997880523,-0.3473033066447378
13273,0.4524289322353053,-0.4234535972181186
13274,0.2871709822544683,-0.23735621749435115
13275,0.20918131857081237,-0.1976789865059707
13276,-0.5769439540184357,-0.32987101456811996
13277,-0.4810708740677821,-0.22091727290184854
13278,0.174562550604855,-0.3354928760563136
13279,0.749420607539634,-0.27471636216595713
13280,-0.210018299318772,-0.307453255871276
13281,0.49480021630465565,-0.40257622363846757
13282,-0.09090085292258901,-0.21963226241436684
13283,0.29047952177896347,-0.2765946593904188
13284,-0.47039799856566605,-0.227963445744726
13285,-0.07215649101613125,-0.3739402977710342
13286,0.5974028367348415,0.015763232946146205
13287,0.00944046454619635,0.3152266071701524
13288,-0.4175707761698449,-0.2861485389301991
13289,0.04304595164446102,-0.5034489675440506
13290,-0.4299354254363647,-0.3759680497628619
13291,0.06819437961869947,-0.46986723223019905
13292,-0.1926963190443359,-0.5286293796424808
13293,0.1636907673065534,-0.5208616067147267
13294,0.2999719144554687,-0.6057551663351434
13295,-0.23094134866489638,-0.507179608575428
13296,-0.05963985089646965,-0.5898905397617814
13297,0.12491582737764959,-0.4416364623939115
13298,0.1114959015742522,-0.5357802761576101
13299,0.15959804067938402,-0.45348851958981024
13300,0.13873676351770914,-0.48070674602938235
13301,-0.3877579973987541,-0.4877213799087982
13302,0.020028641527880656,-0.48784568328162514
13303,0.1931304296439856,-0.5374647225296706
13304,0.06507521188332036,-0.4829832755663571
13305,0.11006001888421345,-0.5365453944892898
13306,-0.5093511851229412,-0.49496780398470414
13307,0.285288698720953,-0.5878349564026689
13308,-0.27675991856293003,-0.5735724180362167
13309,-0.14845619106536692,-0.5608717289170335
13310,-0.0513170556207989,-0.5168573384699457
13311,0.1982519738281428,-0.5595032340957448
13312,0.28222246276453555,-0.5353097873829797
13313,0.007915357196767054,-0.5591480704123082
13314,-0.2147181777387683,-0.595400386487664
13315,-0.43760377699427905,-0.5600176402557198
13316,0.1558203607068584,-0.5588991637753645
13317,0.34407526756412604,-0.45063213092231735
13318,-0.279765736797907,-0.41574259259749424
13319,-0.09710905889448955,-0.5113332461269007
13320,0.07468938506670746,-0.36277806543310204
13321,0.09133418023671001,-0.3442699376105504
13322,-0.2869551715280243,-0.3250546676146811
13323,-0.22218658104250558,-0.29356091427406084
13324,0.5615032455410728,-0.3636848163773154
13325,0.27200607096071816,-0.5137807103081687
13326,-0.21094086626146646,-0.47855564729527644
13327,0.584014743837112,-0.5645606025199584
13328,0.20945662453888145,-0.4293412606372624
13329,0.34950944867772243,-0.42404137932498226
13330,-0.15700290470000022,-0.3591733797301561
13331,0.02792949922572708,-0.43456562702729573
13332,0.8617693941889858,-0.28540204206689934
13333,-0.26892533711187216,-0.3015560754876234
13334,0.48870459226840884,-0.2004179594731787
13335,0.3354648874902792,-0.1390589163667821
13336,-0.07654322593020736,-0.31158743274238065
13337,0.8575886096282392,0.0665074457881099
13338,0.2019698744930913,-0.14928144445785108
13339,-0.2009619286654155,-0.32764053167930135
13340,-0.21927201818885544,-0.26113487437175475
13341,-0.2601312452595676,-0.32716627021972233
13342,0.45483549964612735,-0.42257874775599763
13343,-0.19851154241153438,-0.38315152488839627
13344,-0.37900464885646445,-0.24691916756711557
13345,-0.32479799308157825,-0.3677892813752465
13346,0.5659845186554525,-0.3350185772410049
13347,-0.1578417047721655,-0.4392643222760608
13348,0.22522225366594864,-0.2475661394449028
13349,0.21945427620654429,0.41348473506520056
13350,-0.22239615812609642,-0.2975525298721648
13351,0.2725849784862154,-0.46320687990680287
13352,0.14630410709954772,-0.3719349844541084
13353,1.02002901269203,-0.1767256258014101
13354,-0.22967572521521767,-0.169535875098855
13355,0.20314424335486675,-0.18388735024704972
13356,-0.3900863090172161,-0.2417948780412636
13357,0.76306645491355,0.3079710952270651
13358,-0.3101192120162909,0.37198456734415825
13359,-0.38583528969966435,-0.1693182968283659
13360,0.38632044361965007,-0.3102658430162295
13361,0.26314931930599517,-0.3665725209515142
13362,-0.35748179431801924,-0.3243366988587405
13363,0.11190960196500824,-0.4671883587567202
13364,0.1629901927247974,-0.4214570876154396
13365,0.1883758914116195,-0.2477980993532462
13366,-0.3460447881911383,-0.36649615413250786
13367,-0.32541401117403335,-0.3544344910206155
13368,-0.10028744915022769,-0.40346988891492885
13369,-0.25989662298651117,-0.40869746871436063
13370,-0.27672598266013865,-0.3405422292114508
13371,0.23553512958159237,-0.4204805830648402
13372,0.6162285674513126,-0.38923633565621907
13373,0.16309379642173047,-0.23115255850562705
13374,-0.16561397185998808,-0.4593762584610065
13375,-0.14125644828482495,-0.26359638206529534
13376,0.2269502839367893,-0.26539330527981436
13377,-0.28402922220510224,-0.25030020418165966
13378,0.42545006863061874,-0.26592537218097617
13379,0.14768297343980338,-0.2671132064411292
13380,0.6824205355995799,0.09625106637590496
13381,0.24267009254823194,0.12620823083996818
13382,-0.6536248930707828,0.1651375060522045
13383,-0.3789602699850691,0.040159253842001405
13384,-0.29846090202217174,0.22516640210901429
13385,-0.5263638008476856,-0.1387747321306732
13386,-0.20052360361923324,-0.22944501266923534
13387,0.03876031788545394,-0.332576605092258
13388,0.03521068717391868,-0.3686182942413473
13389,-0.21851255856877613,-0.24150836096411565
13390,0.010376589990394796,-0.42446527668740963
13391,-0.3157909360987076,-0.42930517641540306
13392,-0.12722193208644936,-0.4838333890231292
13393,-0.9034827956887092,0.8133500452483138
13394,0.35849262983669206,-0.2806622475542755
13395,0.18240285801185216,-0.4992439703818562
13396,-0.7342322634906275,-0.3934792939658305
13397,-0.21177502409472693,-0.27194157877833147
13398,0.3834784133919878,-0.41016954704912256
13399,0.020667748050670856,-0.4629150477352515
13400,0.4280295601472207,-0.4877140680838302
13401,-0.5510952542306434,-0.47896898042249686
13402,0.23662152059872113,-0.444890582879386
13403,-0.0882317088681322,-0.5059828842545069
13404,0.4132404177550479,-0.5396016630168377
13405,-0.1518784111154415,-0.5490037728189279
13406,0.5149286639932287,-0.3885010668269934
13407,0.22857462730665826,-0.41060515818620236
13408,0.7160786847202762,-0.4373266854236139
13409,-0.09435519406079795,-0.46300547497400546
13410,-0.6977697499818278,-0.4245152765174326
13411,-0.5020920097443683,-0.2741098808184753
13412,0.20840829600580446,-0.5403319444891417
13413,-0.6874730880108365,-0.3418317854939334
13414,0.4493024675068845,-0.39641823681873145
13415,-1.2310796203816752,-0.09031678356672619
13416,0.3382387964688245,-0.07392561914549119
13417,0.10443416862614215,-0.2061075699142199
13418,-0.2636490157180959,-0.3327187795662435
13419,-2.0751562316686885,0.33707328681301657
13420,-0.7961369014413783,0.8479825036505187
13421,-0.5774659286210723,0.3325742220165495
13422,-0.8910402869752468,1.2377039077042948
13423,-0.9579271690244573,0.41732954962326063
13424,0.4824765133575438,0.2952705825597537
13425,-1.7213431319977028,0.6507136958764052
13426,-0.02812327870329826,0.21029234980735845
13427,-0.6901988523514166,0.06482510768255396
13428,-0.460756101510222,0.5164048280670275
13429,0.7390873018008751,0.09419237200372167
13430,-0.2580432698912068,-0.24377513175048265
13431,0.5605806832883392,-0.2746943993076779
13432,0.06323511661617336,-0.11542042037363552
13433,0.3236067604454298,-0.35207882775062305
13434,0.5886957697260558,-0.2840154435456683
13435,-0.8395845758929498,-0.28657583405781795
13436,-1.2816090069713932,-0.04937418549262136
13437,1.4407519383661531,-0.06313877167588783
13438,-1.2031341391471089,-0.1435704430576935
13439,-0.9155286274831721,0.3349908114752008
13440,-0.4225206931887578,0.1283341032759412
13441,0.7073400878085631,-0.04620566145056913
13442,0.1096216999746275,-0.31057651873524655
13443,0.07389580374955568,-0.1811268870742859
13444,0.020688403124921657,-0.309314436848273
13445,-0.31645476747455015,-0.34646834069486765
13446,-0.19518786004059524,-0.274435117849918
13447,0.8974701957859682,-0.41624912849488477
13448,-0.5034562739887578,-0.3550524512900197
13449,-0.42885020644741495,-0.27063412202644893
13450,-0.5604525345651874,-0.2573495690063739
13451,-0.5588286177081355,0.09671408849614095
13452,1.490553244785155,0.25172179075853396
13453,-0.18790635521767257,0.12927452734180506
13454,-0.300359262107224,0.011270588763003839
13455,-0.2159606548524712,-0.1162465850357783
13456,1.0247253258512825,-0.25359648643075494
13457,-0.6110447872984022,-0.08908335433659625
13458,0.095485226382149,-0.3060558372637848
13459,-0.21802665960494388,-0.3350074461024851
13460,0.18260826223346796,-0.13004058227998683
13461,-0.30024227866344844,0.9499767479711351
13462,0.7338679079831945,1.1025667104239458
13463,0.033792724121729165,-0.20075607095348585
13464,0.7651834068257196,-0.17976117273516246
13465,0.7557939305730245,-0.19377582395158893
13466,-0.472301060146437,0.23838935082121937
13467,0.44340573590644344,-0.10162276931872641
13468,-1.0991497235613183,0.20463471336437333
13469,-1.5891706403282901,0.22679201752595468
13470,1.2753631444274367,-0.09020902953903366
13471,0.38807891567146313,-0.16286577855023726
13472,-0.7837734027159198,-0.22906784304898603
13473,1.366056540965007,-0.206994474437027
13474,-0.6374254391718872,-0.28255028868945864
13475,0.11336211195609966,-0.3576485139592927
13476,0.7593344448477385,-0.12833462054115827
13477,0.9971170685732821,-0.15875235047402864
13478,-0.26770184782894996,-0.1523500310577739
13479,-0.41089424543831704,-0.09584099773594523
13480,-0.25506721326869014,-0.29367616911454597
13481,-0.2959656256349964,-0.41916987293538327
13482,0.8580046829869636,-0.45862911527694944
13483,1.2299676864599647,-0.1133536171425174
13484,0.48990794126086135,0.3081120656950938
13485,-0.5717162423489105,-0.22607704820909258
13486,-0.617436894969719,-0.3371927472857854
13487,0.2107538938908439,-0.3845629259091727
13488,0.29372979472089894,-0.380565748605926
13489,0.38076633147268857,-0.5251388832763765
13490,-0.7599290960140473,-0.17602994741086397
13491,0.34244799997696485,-0.5637717904739348
13492,-0.4441015797023601,-0.4425399454837118
13493,0.3150266921547298,-0.36409124640793555
13494,0.35394374076184903,-0.49826358891459777
13495,-0.00380785203173261,-0.5602806094933243
13496,-1.1960617591572775,-0.2633726782474856
13497,0.7774374453567797,-0.5464340395931451
13498,0.5920767248359371,-0.5446109049137248
13499,0.1896119961083868,-0.4856335625070592
13500,-0.7643007477082565,-0.44648247397438023
13501,0.7632319857830043,-0.5366608723626243
13502,0.9563058898266926,-0.31568589911427153
13503,0.27936116883605044,-0.45911381769242354
13504,-0.41099192514889843,-0.34333034716060223
13505,-0.8734309855602923,-0.3171939826180427
13506,-0.04545300547731656,-0.4932441343253635
13507,-0.410455253932869,-0.31770853596883425
13508,-0.7134918166580669,-0.32675803253988506
13509,0.06534884435706141,-0.38897596558265435
13510,0.1986951030537932,-0.5095574054620832
13511,-1.4721962234658816,-0.09828271903130303
13512,0.4857224909761692,0.16245424528623387
13513,1.9762057876093728,-0.2793512897875319
13514,-0.41836599295471605,-0.004376491698341409
13515,-0.6491018061066226,-0.3224014271676948
13516,-0.913021525063197,-0.17258469282676345
13517,-0.34280651318735766,-0.3225980429690759
13518,-0.2130321558327494,-0.4342856152527877
13519,0.01841257731230534,-0.4424072621343513
13520,0.12987344021485894,-0.3874624402615949
13521,-0.06310533493965226,-0.39649227580990815
13522,-0.2360471136303739,-0.1683126238777385
13523,-0.8794445774738188,-0.16990033016963266
13524,-1.639144779623639,0.7768032495451005
13525,-0.6670663748310417,0.47970881012693334
13526,-0.48248341495005637,0.7538650922239956
13527,0.20440436745433666,-0.1403834214108309
13528,1.3801452333492548,-0.3044536318968646
13529,0.46103387173149885,-0.34325129464689896
13530,-0.6796773865074611,-0.028709168889128417
13531,0.745799462122786,-0.3235080341155457
13532,-0.30614856920268846,-0.3790962309325715
13533,-0.5838831271113961,-0.2623998692815415
13534,0.11827514625906509,-0.1330560601435769
13535,0.3141408392128165,-0.20997015946341774
13536,-0.30968160878660855,-0.29357721716240626
13537,0.06100127787815048,-0.29647244144597834
13538,-0.48798141248243904,-0.2960568524750838
13539,-0.592627294876352,-0.1704055088079215
13540,0.17162896461878832,-0.14752757975810404
13541,0.7126416324774574,-0.33220080889158604
13542,0.04193583877229216,-0.15573692693383978
13543,-0.16725774176704628,-0.253302884969943
13544,-0.13617402986933938,-0.30390762788595316
13545,0.8728279730637319,-0.29230075395557636
13546,0.6975551935272181,-0.22414272545854613
13547,0.21466183669335964,-0.3112520438113127
13548,-0.10751948479744519,-0.1333031422932074
13549,-0.13088245032594892,-0.4732063105408276
13550,0.13518967910941773,-0.41749162597346295
13551,0.5744280281866377,-0.23736170769099008
13552,0.2816898149757464,1.239626152242122
13553,-0.3109314818230848,0.09437730598855996
13554,0.207268632903412,-0.352371780771639
13555,0.10494983540901566,-0.34177256883393076
13556,-0.39554224507200364,-0.3193037664109585
13557,0.37273794252008696,-0.4145650161401801
13558,-0.0978878832715578,-0.3812754776222301
13559,-0.17323404470892562,-0.48704152266995193
13560,-0.10220398680348836,-0.41590046745661013
13561,0.13751932786752846,-0.31435235799031663
13562,-0.49549897919622415,-0.39483501912319385
13563,0.9796897361228923,-0.45451122564842783
13564,-2.1485349737165693,0.6000071161824095
13565,0.6286856919151159,-0.06094004482674606
13566,-0.9321281194239381,-0.20940940901386024
13567,-2.598559998418168,0.6746477686874485
13568,-0.5379180110166815,1.110751625489328
13569,-0.25907968209921395,0.48718105627101405
13570,-0.3308828004037188,0.7116770632499119
13571,1.5475829395415321,0.2278950114446578
13572,-0.4469609012947165,0.029273355194480086
13573,-1.4767392983770222,2.5729556131705524
13574,-0.2978600099848426,0.5469310088320548
13575,-0.26286456865632396,0.15783706843586853
13576,0.009240303358242871,0.35040670627975085
13577,-0.5154168764205285,0.041581548495473866
13578,0.23398239518008224,0.2311010230682326
13579,0.36114282143020165,-0.19616157003445922
13580,-0.006227278356595417,-0.310412506741213
13581,0.2034577580848356,-0.2652964472553502
13582,-0.3972086830566261,-0.045017941196930006
13583,-0.37752170033144533,-0.20420079098574498
13584,-0.8133768257513693,-0.22166209620373317
13585,-0.22182507187575526,0.2856988258943233
13586,-0.7985192350735099,0.09135367933484746
13587,2.0497260184016652,-0.19970369211210134
13588,-0.02553703993068382,-0.34025292973864185
13589,-1.004317311976982,-0.22917011501892853
13590,-0.6696436941759422,-0.24757758074677783
13591,0.9890152256531892,-0.3788816792868189
13592,0.4425029762498972,-0.48236991319541367
13593,0.6090797830623471,-0.42837410637481393
13594,0.13960587835777274,-0.37403040688897266
13595,-0.2540647697214418,-0.3603167634854657
13596,-0.03321075618763014,-0.36224125112111333
13597,-0.0022119997185489435,-0.5480642767841357
13598,-0.9284012542937464,-0.12616414688605762
13599,0.282029220882959,-0.22907177386475425
13600,0.009068674235139856,-0.4404346690539223
13601,-0.2433907758037214,-0.4505512277320624
13602,-0.7228957911093331,-0.31820734707361226
13603,-0.6184171883771244,0.0002677172917833065
13604,-0.11478590848376455,-0.07393730445041466
13605,-0.6646331702953977,0.09861193232052438
13606,0.8297780278978572,-0.3058606591716239
13607,-0.36564578741391734,-0.3432199259298539
13608,0.973383225437546,-0.3585811025572867
13609,-0.25942690762123666,-0.2719652576362151
13610,-0.07420633708212152,-0.21720521766280626
13611,-0.6612574998664065,-0.3604587629241149
13612,-0.9710631264916402,0.2389659537587443
13613,1.7305946792134146,0.24065706231129097
13614,0.7364768717741637,-0.14338739417283403
13615,0.00664186676597424,-0.19682216864164223
13616,0.02712188886479911,-0.2642580069198024
13617,-0.0722126295359908,-0.1769098723924334
13618,-0.30736431591498664,-0.35902754876083415
13619,1.161804318427354,-0.3842287260169432
13620,-0.4646296056588196,-0.10739524263224846
13621,0.12323020457367564,-0.3525388907921916
13622,0.3114578288483131,-0.12183170356858675
13623,0.24055515016320536,-0.22348936278295867
13624,-0.35656874067523886,0.07855129111445387
13625,0.24558729872019897,-0.29817188984324
13626,-0.48020892328115544,-0.18155657127559446
13627,0.11134087588356677,-0.10728711864106885
13628,0.09337108197954624,-0.2728965827157259
13629,0.38136539825292914,-0.27626040207348457
13630,-0.817820675140902,-0.07322265034458984
13631,0.37718031965493126,-0.2493599389434149
13632,0.31653397041217984,-0.29457922696854577
13633,-0.19970578582278709,-0.29692531431521196
13634,0.3167205889586098,-0.12713470638352126
13635,-0.08604894074941058,-0.033675239676087126
13636,-0.45327256605979577,-0.19562986792163145
13637,-0.3578201117613678,-0.31813928560312243
13638,0.38328526573945254,-0.34695589269098137
13639,0.6799143018399176,-0.20998657538706683
13640,0.4367478760361218,0.06561397689967295
13641,0.2672715702688124,0.38733501625086886
13642,-0.3493692370305425,0.47567813840129425
13643,-0.47138024554663865,-0.0966053052568664
13644,0.1553607171636103,-0.277858732166212
13645,-0.5559434196788069,-0.3298812944502333
13646,-0.06613038392467373,-0.42802590071656005
13647,-0.030392021510606985,-0.48078252576402464
13648,0.46508955195709306,-0.43740730013478657
13649,0.04344662388263897,-0.37634816440816915
13650,-0.7378581051795998,-0.15438317603433424
13651,-0.49508410129592345,-0.3501827371035127
13652,-1.3678315067069473,0.3907016347102584
13653,1.6976422226689238,-0.19529804272189552
13654,0.6891061593303413,0.040364414154538855
13655,-0.46988973329081635,-0.22356353545825486
13656,0.7198531881588823,-0.3360029426106308
13657,-0.4328124163302586,-0.28481146010252295
13658,-1.4479763136209751,-0.24472479971191524
13659,0.5439995683601603,-0.3726089849031132
13660,-0.9144238345731799,0.2510154591646029
13661,-1.5831186692719492,0.9071646436724191
13662,-0.345339458684492,0.5150590674464388
13663,1.644764133294222,0.18737035438543898
13664,1.3353192394233744,0.5910562400929764
13665,-0.07147492011393179,-0.007766146523282405
13666,2.061371218533827,0.8662445060434091
13667,0.9740063248445994,0.7255240033259228
13668,-0.8985680022965296,0.1010732580810552
13669,-1.4156950235645709,0.03977476627976419
13670,1.196780690218725,-0.16513425497589773
13671,1.522355257670669,-0.022283835740207383
13672,-0.7672708366659021,-0.12445287003607658
13673,-0.3202236726289904,-0.21931741631781065
13674,0.38693704975866633,-0.0018724271688321664
13675,-0.3273413981450766,-0.4155589747952726
13676,1.7540034133304359,-0.1973032101510423
13677,-0.3320797049238741,0.16563509119195546
13678,-1.6380036308409487,-0.02647893889638446
13679,-0.752065493434148,0.027012688025859016
13680,0.9073571878256098,-0.25988036740910075
13681,0.10345984732962704,-0.3400787662871025
13682,1.541344683913369,-0.09875471502071233
13683,0.9515699711770409,-0.05584710606882637
13684,-0.018845207934083737,-0.21342127856651813
13685,0.9891182773164259,-0.1198262920506504
13686,-0.5213001636056531,-0.06579236456366397
13687,-0.019315813342329735,-0.2859783751283031
13688,0.30941908853987937,-0.28141855166191415
13689,0.20212282576296245,-0.30630525277129583
13690,0.4469482302561875,-0.1961027067500207
13691,-1.1879957951187639,-0.14343784856918007
13692,1.0791737595621893,-0.36280999722134455
13693,-0.18981766870878697,-0.35085981146154527
13694,-0.15333127871731772,-0.3566264686859358
13695,0.044869471252849215,-0.5071830534744787
13696,0.13838946490813572,-0.4070001546000012
13697,0.2655498517575652,-0.4111581132929285
13698,-0.6529260897320166,-0.38941315594167547
13699,-0.40633171579901983,-0.3976842500761248
13700,0.27227640423271876,-0.43842042405816306
13701,-0.3519911227790966,-0.34460935763177175
13702,-0.542509725851846,-0.287022070020852
13703,0.006264289686700173,-0.35426360139867374
13704,0.967230901974914,-0.2093270449261414
13705,-0.17829003112762976,-0.4717218453067147
13706,-0.3027736035958339,-0.412892510063744
13707,-0.2261260698285261,-0.37724317979372934
13708,0.8368681916269911,-0.38815759781615194
13709,1.2923178778751445,-0.008963897207401317
13710,-1.8912894326569383,-0.0037591708289562292
13711,-0.766933460698019,-7.807461675353455e-05
13712,-0.3970009287569723,-0.11805084024370983
13713,0.42787179010990667,-0.3584187007820337
13714,1.5104290689035544,0.33181012548297184
13715,-0.7147966426995372,-0.15839272669361118
13716,0.06504841530889886,-0.42956938828577607
13717,-0.7511327209792233,-0.3673885481118877
13718,-0.4813104560025461,-0.36552736559656257
13719,-0.012459459853971568,-0.4551738144444333
13720,0.31512727505893345,-0.3452039081202361
13721,-0.2686390095132888,-0.4307751764310648
13722,-0.5564413614729534,-0.3133706105836025
13723,0.0994978440821925,-0.36349077965257665
13724,0.4839478374924406,-0.5171886367645181
13725,0.4506567627834753,-0.5173907562537933
13726,-1.0849075760075901,-0.3271531637285639
13727,-0.1376085934415964,-0.473909815630576
13728,0.589138906852678,-0.5268605806886772
13729,-0.15857828593298856,-0.5084812185363944
13730,-0.6243382572949233,-0.33717976609044953
13731,-0.09833147035490732,-0.005350729188937323
13732,0.5927078508922075,-0.4376444949090641
13733,0.16062161471667885,-0.5583729601458717
13734,0.08053889182284434,-0.39190724574177255
13735,-0.8170505286803131,-0.3604315930045427
13736,0.10281184451256783,-0.47785890268643
13737,-0.6529789588087812,-0.46221668607748856
13738,-0.7707745563990283,0.27843374407812804
13739,-0.09291795110012459,-0.12956255778038236
13740,0.7845539347602809,-0.0820154939084699
13741,-0.8303675582269416,-0.3496879542800141
13742,0.09078244804841062,-0.4369263505187011
13743,0.09164145730604396,-0.35812284760965635
13744,-0.04502314752632247,-0.5117326307645452
13745,-0.31329528726787426,-0.428469879104266
13746,0.5300850033419485,-0.45657734739923916
13747,-0.07660892703457615,-0.49585913286595534
13748,-0.4647663239957001,-0.28801286566644113
13749,-0.453353763045361,-0.3464123308522514
13750,-0.1595083454302256,-0.4831029413003506
13751,0.08484821857248011,-0.3409252968779059
13752,0.12595882852797227,-0.3323824988021357
13753,-0.6293667898929581,-0.22920451936233271
13754,0.39512850567015073,-0.47620757594655994
13755,0.6076619501586801,-0.5525327892634893
13756,0.693574980964747,-0.09977629629347827
13757,-0.7623780092516218,0.04486213499224308
13758,1.2614385946860407,-0.30518517665087064
13759,0.24225417580140907,-0.16332251343401566
13760,-2.0276294718857626,0.2612728384116457
13761,0.14387147680613074,-0.30993301977733095
13762,-1.9445153367148524,0.06176895827937563
13763,1.0009024106790534,-0.12625555776056932
13764,-0.06900754672667574,-0.23665803123914397
13765,-1.0005277724034896,-0.20961456630433029
13766,0.4764383486583135,-0.33062195631918845
13767,-0.3509228219028044,-0.33890356804714167
13768,-0.364380136754005,-0.3275051795626748
13769,-0.7163562213570462,-0.3136964323770111
13770,-0.39718036009693924,-0.12365990111849856
13771,-0.00398142536471228,-0.34815927441349875
13772,0.7984018798939446,-0.4761111082138736
13773,-0.09733943923938479,-0.5653082610011033
13774,-0.04894819558987858,-0.5154370436343302
13775,0.5264712441833309,-0.3962711582667219
13776,-0.5110816052267857,-0.40145447560104636
13777,0.8599069136660455,-0.4172917529660116
13778,-0.09571157640281078,-0.4927939270665528
13779,-1.1469964974063458,-0.3053820081313586
13780,-0.6537927266185294,-0.27599631411332276
13781,0.1844924052559758,-0.3529878424864654
13782,0.22278326125429035,-0.5513775658497467
13783,0.22697371284187676,-0.5118613791769482
13784,-0.16488734880533887,-0.15397745820306552
13785,0.5626597370074206,-0.3978649071717469
13786,0.23339040378996978,-0.36960877095372563
13787,0.150089467611603,-0.521534634393441
13788,-0.26749017256317453,-0.5336118011038242
13789,0.3473182424159756,-0.5771183383795653
13790,0.28007606646476124,-0.6073792705041599
13791,0.0016669917649999467,-0.4967662762335345
13792,-0.5964737230947227,-0.5636051658642054
13793,0.22000937376493776,-0.5766676615382105
13794,-0.8339304096623316,-0.4865302522690398
13795,0.2961146777174955,-0.4753833836536884
13796,-0.9424976886374257,-0.39686346926646615
13797,0.6115323548290889,-0.5588037081779114
13798,0.7512543021701971,-0.47976493213816784
13799,0.11969639803408888,-0.5050083662728787
13800,0.11682724784200452,-0.39841511340084995
13801,-0.4486828436971818,-0.5228934324915611
13802,-0.953543703201916,-0.30617602526845084
13803,1.1353626910752588,-0.496275166940354
13804,0.4603372044677955,-0.5645864082194199
13805,0.014855733536868315,-0.48864651995981095
13806,1.168635826498029,-0.16631818687434818
13807,0.9706911801560121,-0.12858462403210352
13808,-0.7432911642383456,-0.3160287990028492
13809,-0.3732923583249807,-0.4717446107468454
13810,0.4864485737409178,-0.49823209719029987
13811,-0.7910172384512273,-0.4658450336409937
13812,-0.6810352726657717,-0.39087190471856564
13813,-0.20066180204163486,-0.45004763522875146
13814,0.8632167443439994,-0.529768237633781
13815,0.1280608110658152,-0.40953836808190053
13816,-0.008343681275013462,-0.4764202913803537
13817,-0.5764974208168111,-0.4808878057646597
13818,0.5110202787064578,-0.48902776893417477
13819,-0.2858475281065529,-0.5341949029229682
13820,0.30221605949713637,-0.48753575135865984
13821,0.3682111283222931,-0.484691980033854
13822,0.12662505853143244,-0.41423260469292905
13823,-0.11492237480281435,-0.3726277733065884
13824,-1.2208691851758906,-0.15603035993555234
13825,0.37217016145945864,-0.4326994473250962
13826,0.6728694220955175,-0.4527306199815304
13827,0.46890101248220434,-0.4433708279951154
13828,-0.14845145147413755,-0.41533855627714855
13829,-0.2621576141255733,-0.39988645237099757
13830,0.6235489334528006,-0.39872913256783915
13831,-0.09576119793724158,-0.2226124709850591
13832,-0.48853545333412457,-0.3887908159083807
13833,-0.45293930710228286,-0.3688550159657227
13834,-0.4067874373515552,-0.3162100406132428
13835,0.10513775192265448,-0.2936830265656682
13836,-0.38148532488325465,-0.14875282809645152
13837,0.4586410009283453,-0.4390829254060135
13838,-0.9167608869482979,-0.3854434335266659
13839,-0.23052242536674553,-0.29429007642322713
13840,-0.4404777880424307,-0.28976064022252584
13841,-0.07476305201513435,-0.39299438699145134
13842,-0.8905415173449492,-0.04939000323275311
13843,-0.09679317473349744,-0.31143234574910406
13844,-0.05708317282569732,-0.30469543554478457
13845,-0.01278780112457017,-0.3393640797286469
13846,-0.8992211475433823,0.4639303539468025
13847,-0.18229626506017615,-0.14062891002198658
13848,0.4681592893745792,0.6930015538006754
13849,0.15116635567296283,0.1969354462116697
13850,-0.15229721019812312,-0.08305524759763937
13851,-0.12885026320841259,0.25312359519942457
13852,1.2298647537874754,0.6058920540992436
13853,-0.31949186211091696,0.27958916520449933
13854,9.901601332646182,9.064471678047035
13855,-0.3652594072244291,7.407062915500559
13856,1.3635843664991023,2.9023585147243804
13857,0.32601029643173973,1.221940371810042
13858,1.891580992678661,1.2588012141239926
13859,0.5795065646209928,0.8670160543633799
13860,0.7155967872088425,1.0116599851659034
13861,-1.713884407479904,1.0285340188861622
13862,2.495249076546982,2.1181899075335973
13863,-0.5278909514582234,0.9085191005298946
13864,0.2458092429568944,0.4814217092465446
13865,-0.85205122361966,0.5260304384329697
13866,2.2159712594056824,0.771373719844939
13867,0.7362646324041483,0.9983473114041129
13868,-0.6808288897026705,0.8163961273182611
13869,0.1841437882303505,0.0991421108706277
13870,0.817524136108587,0.013102792099094429
13871,-1.4415572566991248,0.46559204356331685
13872,0.5844098387956889,-0.21291005074953395
13873,-0.4009629550392954,-0.26067445494837854
13874,0.46765658965294177,-0.24691575294158002
13875,-0.10029750755683067,-0.27429434875835007
13876,0.08470788747134916,-0.18990652401711433
13877,-0.19590214700210623,0.2829541185775615
13878,0.41375137126284817,-0.14238932547715855
13879,0.3311494176789513,-0.28044071235157436
13880,-0.024372904093494567,-0.3015973384094191
13881,0.3055225733337075,-0.15876970722698053
13882,0.047366087602846045,0.9207465100884095
13883,0.6144321812521311,0.15259625479960165
13884,0.12720051499195303,0.1465570560495934
13885,-0.18324717499017226,0.10571382205574877
13886,-0.8709357042457669,0.20213901779342358
13887,-0.293172161623432,-0.13712234748451624
13888,-0.0174731627401949,-0.04368006571654098
13889,0.09700103752179909,-0.22772869406008184
13890,-0.21126794827331666,-0.28752235912129304
13891,0.5117167871640785,-0.39871820847235784
13892,0.39592435323493697,-0.18779582026126404
13893,-0.026142324193944654,-0.18716060493471287
13894,-1.0837901039325557,0.15288112566204182
13895,0.48735078524976805,-0.2526941140348937
13896,-0.7375526605265028,-0.030957637586067316
13897,-0.12178985662701894,-0.21249055971521988
13898,-0.36471629046072235,-0.13582790401410028
13899,-1.1940118079944024,0.6247749781076993
13900,-0.9428445621906206,0.5382055938695802
13901,1.0481289239629936,-0.16752457998719517
13902,-0.7240790365337993,-0.22329970298502771
13903,-1.5228539553057416,0.1690648383994256
13904,-0.2469755113168362,0.7793635287281542
13905,0.585400974325724,-0.170587990000254
13906,0.20340406605929362,-0.20757298993819295
13907,-0.323758272392488,-0.3104873031507187
13908,-1.0450322690859388,-0.3455567322269351
13909,0.4467738343672018,-0.44968686671383795
13910,0.8769816883293354,-0.3294642458475136
13911,0.041602194825272706,-0.1509738100505162
13912,1.1534134429445013,0.5729750711328373
13913,0.22897319944409883,0.4007483565800035
13914,0.03752943077539677,0.2689749651610232
13915,0.6649130428106625,0.3819613335255708
13916,0.5900797586459386,0.5832462256896415
13917,-0.1402895838879134,0.302560686458737
13918,-0.6352233037080689,0.23295757717383708
13919,-0.12730233898190405,0.09867889307443468
13920,0.08726197152723443,-0.1980185539038894
13921,0.18057437048838246,-0.30321020917493324
13922,0.3659375035767422,-0.1405831952579344
13923,-0.7776008786142325,-0.20250314640585929
13924,0.32778216643128805,-0.030968704537228164
13925,-0.4128090224600188,-0.2184808329678241
13926,0.14427823524761985,-0.11057253083168206
13927,-0.845475403645014,0.3193127563578203
13928,0.652943540151795,0.23306070321947708
13929,-0.05396930501305821,-0.2916384040366418
13930,-0.3309473483320623,-0.29729068787907065
13931,-0.22270941198525315,-0.28469841461367074
13932,0.7483197912413659,-0.2300349481892477
13933,0.09586748323159511,-0.3714949243623743
13934,-0.6420221501263277,-0.3088148549621096
13935,-0.2795740771105851,-0.34321105251708395
13936,-0.24985329211919685,-0.36799010331912796
13937,-0.2050907125457775,-0.32702372462055357
13938,0.44233224271141486,-0.4751476825350096
13939,-0.26767050605248977,-0.4634877006986023
13940,0.000771515792536542,-0.451881528042786
13941,-0.3363439402815168,-0.311503155131717
13942,0.39679713937727995,-0.33099286083341406
13943,-0.07194824817262048,-0.28589868084078063
13944,0.20630610866990698,-0.40562336845253744
13945,-0.5582224169262828,-0.335679035152484
13946,-0.018016967331662942,-0.42516792062691006
13947,-0.44015414254405283,-0.22589462178162345
13948,-0.41054325041239303,0.13760533035067696
13949,0.09128718843230826,-0.2647182745065929
13950,0.03538290621616862,-0.22946859073713588
13951,0.6275718774513165,-0.14221000963234764
13952,-0.9261278789365138,-0.2135893939235554
13953,-0.20141566851822454,-0.37433856866566423
13954,0.2910182579740519,-0.27782094846972016
13955,0.3415625707360942,-0.2226922107947274
13956,-0.16255077717947974,-0.44656849888366595
13957,-0.11172511670478895,-0.4755150221789574
13958,-0.3592352489394289,-0.3793327460154923
13959,0.0443576943450672,-0.39215529999773335
13960,-0.32277822266512274,-0.3645607052445079
13961,0.6351959466636238,-0.4784357835890348
13962,0.22733345894298837,-0.42220390703125366
13963,-0.5401422194512971,-0.39010932110760804
13964,0.2501993154469513,-0.3188488794996717
13965,-0.0173188718130637,-0.48879970572386694
13966,0.30982597793282063,-0.5177280703731243
13967,-0.16682836256479358,-0.5037794004153628
13968,0.2984542590220598,-0.5407822060384924
13969,-0.06779554878415125,-0.5555736355709716
13970,-0.005751335831539545,-0.40800487243357336
13971,0.11081983747489829,-0.5074983688196487
13972,0.1768838830152601,-0.3504903588752214
13973,0.25725846994829377,-0.3442404771355664
13974,-0.2657095346853032,-0.23143533917521686
13975,0.14911115102813485,-0.5266773294045256
13976,-0.4969645797640447,-0.09892348423531398
13977,0.44555469752371446,-0.4258881729077435
13978,-0.615674970078106,-0.320586099861619
13979,-0.23370903697944195,-0.3892031489976409
13980,0.051070055290743335,-0.4851082200251302
13981,0.002081223834653369,-0.5238084007365414
13982,0.4969783278229913,-0.5074297045696636
13983,-0.046659283314364246,-0.5757939268584319
13984,0.12912186657213096,-0.483386808646182
13985,0.4490379211650242,-0.5216573107468463
13986,-0.052706428485925286,-0.39459489731637326
13987,0.10168394408587546,-0.46652839904792753
13988,-0.16361062037833163,-0.5125333336683534
13989,0.1927706315806678,-0.4336854983979258
13990,0.09490977207315146,-0.38136394976968
13991,0.21194017685598734,-0.3922423956522287
13992,0.5477538507377628,-0.34597613518237424
13993,-0.4256007898287134,-0.3669618894983127
13994,-0.2831974210195245,-0.1460405906625485
13995,-0.40537738226653336,-0.2731444020224167
13996,0.7427971596189228,-0.3956780732366476
13997,-0.1668515393378535,0.05200543721667854
13998,0.1029809543831305,-0.047980323352399386
13999,0.24225560489028616,0.26192437095576393
14000,-0.8870310385757981,-0.03499483536476815
14001,-0.6757617505684498,-0.0828854169174942
14002,-0.22272750713444026,-0.19709412490977485
14003,-0.2585472084633701,-0.3811341845618306
14004,0.18433195213836057,-0.4118261660873761
14005,0.46104437770076995,-0.479600006395779
14006,0.3299408148986325,-0.37541018965604095
14007,0.003361174936255663,-0.33847036285196747
14008,-0.4534675256954238,-0.39365174026099503
14009,0.4260303122526338,-0.3403416004338966
14010,-0.33134319665603806,-0.2526423874003351
14011,-0.2237543346537397,-0.3624229510667784
14012,-0.21556687249305737,-0.3659613525435382
14013,-0.18695329024375365,-0.17966051217391793
14014,-0.4031402022906636,-0.2268649256460173
14015,-0.20981727805388806,-0.12053623324815811
14016,-0.2256830212494503,-0.1230015666629759
14017,-0.657954179157645,-0.22037670450728675
14018,0.5870113376841658,-0.35088291895655704
14019,0.2375698531893314,-0.39717634506795235
14020,-0.30911570830877666,-0.33873663656413766
14021,-0.5025935938175079,-0.35922446579634765
14022,0.3606484830318588,-0.2268538933118167
14023,-0.22705914944197703,-0.42761052145875117
14024,-0.21993428441804183,-0.4254387745157256
14025,0.2049952857569521,-0.4622777040071139
14026,-0.542076629318936,-0.32437633409939376
14027,0.3286309548691947,-0.5068828044110262
14028,0.40847292455906925,-0.4348706521106998
14029,-0.5785589184637489,-0.3149968073631227
14030,-0.5884743866098455,-0.08380052719960848
14031,-0.38282965647204564,-0.10082609903335021
14032,-0.0008269529451384533,0.33966708066290374
14033,-0.2278728546070237,-0.2613786572672001
14034,-0.35164270913856893,0.4296420581740982
14035,-0.10560298483662231,-0.08531286594170075
14036,-0.131936629476844,-0.3317521236638145
14037,0.26782018802098234,-0.46911299978275883
14038,0.26925676603595017,-0.4010536102521435
14039,-0.24188522481299052,-0.47009872354547416
14040,-0.0543848056123352,-0.4676839162263002
14041,0.18657564111587663,-0.5171798481088195
14042,0.09136337716645054,-0.3951156106400857
14043,0.20668703733823401,-0.3164041497979431
14044,-0.21062725815706404,-0.2647348577192021
14045,-0.2990752665089016,-0.38063484604296177
14046,-0.4051367102037784,-0.2459606642724561
14047,0.3828284359903957,-0.2868670006497368
14048,-0.0006193522596029772,-0.447531512243832
14049,0.7256505326425661,-0.17902311777389857
14050,0.8215365423332363,0.20779812970139389
14051,-0.11256898537031622,0.1756372578487021
14052,-0.3799550789363919,0.08036755823707252
14053,-0.7484692393864113,-0.15221407006226997
14054,0.43209041661516345,-0.0671141984404189
14055,-0.5652428205254711,-0.27686489711595796
14056,0.3311145641292345,-0.45476372573825724
14057,-0.031514484563190066,-0.4377084390991595
14058,1.1681326948937096,-0.18377952651816043
14059,-0.47384633112955993,-0.2403842896523276
14060,1.4300082850326234,0.0647266351286739
14061,-0.4232822711556014,0.14782005974855988
14062,0.929298378603003,0.029893086005302175
14063,0.5596297844988021,0.4114964408327233
14064,0.8758697380905,1.1851766683660594
14065,0.04221259014762405,0.52263875297319
14066,0.19986477522973325,0.6215677646497418
14067,0.32235133174780123,0.3641037441282355
14068,-4.99305587782197,8.790073947098383
14069,-1.5101818715319058,2.3554634110911126
14070,-2.189908175492774,2.9163231361257553
14071,2.309820655862177,1.20464699961717
14072,0.6346409796609255,0.3537431423400351
14073,-1.0881926854712805,0.031641747407690615
14074,-0.12273880334599652,0.31371780880317945
14075,0.2897013623062862,-0.17980691817989913
14076,0.7803408222492607,-0.16801508944482813
14077,-0.07814434956467597,-0.20283338736725082
14078,-0.3560701979104061,0.11651549425187786
14079,-1.6616155944229087,0.40903796763992917
14080,1.9005427438994733,-0.35404795690690316
14081,0.6141141877095958,-0.3803956415359491
14082,0.23970474926600688,-0.23271851743732458
14083,0.32770173586915113,-0.3174569570805638
14084,-0.08790321967366277,-0.43275328544207325
14085,-0.5605321909174015,-0.23647098428692787
14086,0.2372962692698157,-0.11194872300986848
14087,-1.179158124844586,-0.12267965231491129
14088,-2.8388228117662186,1.0899418438800834
14089,1.16752196130805,0.4976968499851412
14090,0.5772609964467014,-0.36570351531590845
14091,1.0577535595457366,0.3158083736803888
14092,-1.0393178240927974,-0.24716285212979244
14093,0.9429151419331404,-0.3555222282819513
14094,1.2846475303844014,-0.08410345882171794
14095,0.4936111073499259,0.512651332957561
14096,-0.20844263908086158,0.11489470050447885
14097,0.43529964855641917,-0.1865391704319982
14098,-0.28546007367131704,-0.0010301758335489325
14099,-0.41050949610573095,-0.11497263794400028
14100,0.1998564594208707,-0.2418398926339771
14101,-1.1756575312212911,-0.20886558064540192
14102,-0.544262812600338,0.07087582280351969
14103,-0.2123551495873764,0.19757701405650935
14104,-0.056922314519055224,-0.17374730880218875
14105,-0.04418559409538405,-0.33782739127567274
14106,-0.8587231107077176,0.31158885600762287
14107,0.27150766368231577,-0.15395979102681934
14108,-0.20201257094500236,-0.01648457135164065
14109,-0.945550596415856,0.4594057780996572
14110,-0.3101770297453534,0.5788381289738344
14111,-0.20022312214645202,0.12749406955060238
14112,-1.0136778229658336,0.3371798097722531
14113,-0.8037298908630223,0.5402336223727662
14114,0.6703120877197192,0.47397037905898276
14115,-0.8910486178027796,0.09612990505873255
14116,-0.3196444297394449,0.9490651315325404
14117,-1.3254175647471016,1.2277009828648762
14118,0.07866492796889707,0.8947782072854974
14119,0.27496753981644634,0.010379056606478587
14120,-0.19119295295938835,0.2867476641468619
14121,-0.09872075246962933,-0.26045312987711533
14122,-0.41769225392344317,0.054356991614690445
14123,-0.15128091427397147,-0.2085644886050384
14124,0.6091382235497463,-0.0757978921055126
14125,0.40318931245278444,-0.29894024009098624
14126,-0.8393391790983953,0.12341845231348188
14127,-1.6913922141450015,1.1353472668165066
14128,-0.20348182123212044,0.1786170752968651
14129,-0.252217583452983,-0.043100135550514
14130,0.32462631436515066,-0.2569975861882515
14131,-0.04130930089186971,-0.14324292702920605
14132,0.3005512521646412,-0.028165977649289145
14133,0.5470977098792109,-0.1343804503287953
14134,0.12779566743543844,-0.19949020857059632
14135,1.0242508970843507,-0.10278495635843116
14136,-0.11726682891549012,-0.028274765153648976
14137,0.2937044282004446,-0.22692426541018984
14138,-0.6774700296769944,-0.12645693672208125
14139,0.4867867129191016,0.09880319604100475
14140,-1.9531330816109664,0.46812423528389724
14141,1.393349544556026,0.3000590017812565
14142,1.1609592008400629,0.4155711756359308
14143,-0.031004843125501634,0.29119175919573315
14144,0.047561177585277024,-0.10053019859713655
14145,0.829544702583766,-0.21215567294101642
14146,-0.996419253411683,0.02619254740645635
14147,0.8945822181229668,-0.26443856890061457
14148,-0.3723481225760122,-0.2627887062446033
14149,-0.6876220975116435,-0.3630595362546644
14150,1.1496244168531065,-0.1019687290648326
14151,0.1301409447719636,-0.1569618566321854
14152,0.3269899430529561,-0.4209184950685509
14153,-0.9846050823926338,-0.323544884993215
14154,-0.34178698113654926,-0.02472232455837714
14155,0.7116448190395613,-0.35984180344030975
14156,-0.8118523545175228,-0.4520839213863064
14157,0.15913292317531977,-0.4631850540808219
14158,0.2452395929202471,-0.3398870769748458
14159,0.07443931725268443,-0.4084211051003237
14160,-0.7056550223338691,-0.32194132438175255
14161,0.2151696034541601,-0.549782394406634
14162,-0.7049298305703866,-0.20230184023675393
14163,-0.6339121099610091,0.9267560393417461
14164,-1.9777320999569628,0.6404549998898009
14165,-1.625366171585517,0.850927097220479
14166,-1.6260270504786576,2.11694784624215
14167,0.69664406288372,0.4586348285534255
14168,-1.9536416430009167,2.718353081756781
14169,-1.8643699092743307,0.9795746528463064
14170,-0.2147323965706792,1.6392675011898428
14171,0.11054221079571659,0.08607934181513653
14172,0.9839217387826075,0.2497453858805665
14173,-0.3494780627545467,-0.04238201854082806
14174,0.3593184573768862,0.008755527529877294
14175,1.1152053416903323,-0.06194139411534803
14176,0.8040993158112414,-0.01854869788204397
14177,-1.261487868881965,-0.20476967033861582
14178,-0.4069951415719983,-0.15293335438543285
14179,-0.4625028900842274,0.10971177368347389
14180,0.7147816169038936,-0.3850359993438078
14181,-0.16884470954701367,-0.3403104790180584
14182,-0.5902140643902131,0.05165992082434388
14183,0.04738205561845588,-0.19987151233656703
14184,-1.4403998571786805,0.2770256908325184
14185,-0.25720938091449713,0.6133229636344866
14186,0.7323028284029268,0.009493698110121948
14187,1.4229287555252097,-0.21811011825746762
14188,-0.11768195303263317,-0.24458802433476162
14189,0.8311028895080852,-0.08881438555340354
14190,0.7227385716205662,-0.09139906236722269
14191,-0.5682729784639301,-0.17324936757682158
14192,-0.6236705869444995,-0.18647471269496332
14193,-0.009866668443327847,-0.06693337082646206
14194,-0.5812642489209523,-0.33986674542723416
14195,0.5706523078887772,-0.32577854985024307
14196,0.3331899688279081,-0.4933798475143131
14197,-0.2189827396103076,-0.44866323117659684
14198,0.9415822696387831,-0.39269395911735827
14199,-0.05890050934947897,-0.2096151391328217
14200,-0.001425446317188864,-0.4352860106976562
14201,0.12721014923025706,-0.3981494177681072
14202,0.37070755603787436,-0.4523938177833128
14203,-0.3749643769010644,-0.36655808444059457
14204,0.5785502639052928,-0.34130187661735323
14205,-0.6472101852859112,-0.25619256051173184
14206,0.2885868697049661,-0.29775946486099825
14207,-1.0010434631249137,-0.08959766945196741
14208,-0.010822829191669653,-0.3794371351499377
14209,-0.176278801941084,-0.4254011248511637
14210,-0.4151896631528517,-0.28818161628497
14211,0.28485625822907623,-0.4232949096010602
14212,1.2123080301011095,-0.10673885035358349
14213,-0.18551657923154818,-0.2746823322092848
14214,0.04168634849359073,-0.31379817205816546
14215,-0.7631499645445406,-0.3027561186919689
14216,0.23026783147530386,-0.30681148820119963
14217,-0.14504970931673267,-0.4789454623847851
14218,0.40799424750559876,-0.3799752419624008
14219,0.23141553865897418,-0.4095988168207424
14220,-0.8945568739110391,-0.3586161055462396
14221,0.4271351915046403,-0.4368748883285064
14222,0.5420495498264811,-0.39043858070952553
14223,-0.19223296204617116,-0.43866426062725583
14224,0.3181369744111889,-0.4521660943889613
14225,-0.43738479516425743,-0.44583678799274407
14226,-0.30893063589301323,-0.3394351480596266
14227,-0.7839106038390762,-0.31872656116030124
14228,-0.39595314174461116,-0.30512476865059224
14229,0.5596891432130897,-0.43884224665501154
14230,-0.9500323367919091,-0.33047885081495787
14231,0.4504851088715515,-0.5558361612423562
14232,2.989778890046641,0.8361690441567884
14233,-0.7316390311312856,0.7564705383696784
14234,-0.7231963993094481,-0.03943093322860684
14235,-0.4981235947086585,-0.2808094894714451
14236,0.18544547418424492,0.5165413812169505
14237,0.3868273122701131,0.6170272817813149
14238,-0.6751574079090735,-0.008763969070017058
14239,1.239208707894489,0.04103266516850636
14240,0.5400068126754165,-0.22322204783466693
14241,0.32621478395826675,-0.006048026890137503
14242,-0.4994695123092527,0.04828527073318155
14243,-0.23632361442920716,-0.2614826365014359
14244,-1.3635281340781076,0.06808417127642698
14245,0.34716259929881294,-0.41368550388787523
14246,-0.30957388071569164,-0.3871169138417196
14247,0.9005454758904158,-0.33162326265865705
14248,0.3999299636934804,-0.26938952234436414
14249,1.046086412664053,-0.2409131373611174
14250,-0.7438711664145892,-0.26306453580051625
14251,-0.017690331511822734,-0.33338054291469693
14252,-0.7995857410392337,-0.23116038993570204
14253,0.9582984292026545,-0.38711018787111895
14254,0.2624837270120061,-0.458530502598337
14255,0.9472402763252559,-0.35957479935103703
14256,0.8471961545970272,-0.25780794392901685
14257,-0.32387910823809857,-0.39465096558321155
14258,-0.06522044401232499,-0.39720893727080553
14259,1.2903670033713723,-0.24134941592903997
14260,-0.42598601636761324,-0.2754501658680088
14261,1.195127818839225,-0.07970859140371478
14262,0.28819527397993316,-0.1935946356857801
14263,-0.038673279274843174,-0.22747273240295113
14264,-0.6313191608090408,-0.31582418479367635
14265,0.31309308761154514,-0.23894295756436135
14266,-0.7133948959745388,-0.24258806674737687
14267,0.23645639037064847,-0.4368420228949596
14268,0.08597357333835212,-0.4656715378615945
14269,0.9295819751311003,-0.44471800606314216
14270,0.3482141221353896,-0.3188748364635249
14271,-0.5725890943359228,-0.25930799769514695
14272,-0.17356925301626008,-0.40865639428163464
14273,0.8020344461578608,-0.4670895942348567
14274,1.049698680018007,-0.2209010425366534
14275,-1.009340363666311,-0.4296602811120102
14276,-0.19176666697107028,-0.38494452758774644
14277,-0.4392553502595591,-0.5224505099786381
14278,-0.3382974763792775,-0.4413244077832901
14279,-0.15159438683004758,-0.3998431350634621
14280,-0.12732531207525982,-0.48370656931499945
14281,-0.6861880127071057,-0.22870535443959106
14282,0.011509915973970357,-0.3429073620853654
14283,-0.24312428733767785,-0.4139773275089552
14284,-0.27126632114378996,-0.4631313296170511
14285,0.7484727283239913,-0.4075151813339134
14286,-0.5630105562527261,-0.45098365037345456
14287,0.7247754114407206,-0.1317911038884452
14288,0.45987540929071513,-0.2956889877931528
14289,-0.603726569445154,-0.39130825135545877
14290,-0.3346585276204675,-0.4225231893163115
14291,-0.45480871424499936,-0.3467735560415262
14292,0.6735991091559869,-0.42281060590748126
14293,1.156788121232408,0.5929127278359885
14294,0.7630100400362032,0.38832139983983605
14295,-0.40593690486358985,0.27056913997288096
14296,0.524305480435045,-0.2846700737803457
14297,0.12120143867675101,-0.24465142307003263
14298,-0.052403754119814995,-0.2563533853743014
14299,-0.7253552333220882,-0.31458102563375373
14300,-0.05481462540507432,-0.30684117905343555
14301,-0.20571077104812086,-0.4263822152848483
14302,-0.36452860132918646,-0.2572461979440392
14303,0.0536025912885908,-0.40897616405137655
14304,-0.25688912678845294,-0.3904038427009775
14305,-0.45607923653088545,-0.32014008897842794
14306,-0.11853470997339394,-0.26068304472391407
14307,-0.7003781538729876,-0.06595600358236411
14308,-0.18888209383800375,-0.23414034269901768
14309,0.06756783389239684,-0.22000628252890658
14310,-0.038085936640303276,-0.37065427853225075
14311,-0.3396306965429344,-0.31174846937545964
14312,-0.15340676154235428,-0.41310711317458887
14313,0.9106895953972068,-0.2846706720865256
14314,0.2685587976591006,-0.0814312784638096
14315,0.4469175259702542,-0.3617319409432854
14316,-0.30374914373848605,-0.24831485242574397
14317,-0.2723911826446895,-0.4660146282301052
14318,0.6334146159851601,-0.44485815354822084
14319,-0.1518870010929443,-0.09338775153118048
14320,-0.25136842738522663,-0.3439044897962377
14321,-0.14367473223823643,-0.47799364184748444
14322,0.7349172023784607,-0.4137568165582865
14323,-0.3098516176203605,-0.4540298503099231
14324,0.18512152343082225,-0.46872157366095407
14325,0.3077055980273136,-0.46701184564348247
14326,-0.16053471101643843,-0.11264024598166725
14327,-0.6361587395467692,-0.4217063729782936
14328,-0.31594746767395704,-0.34085764779167266
14329,0.9547571603826832,-0.4435797639202758
14330,-0.7058549147144894,-0.28307093555201723
14331,0.4152306375565541,-0.4782853754437868
14332,0.7013486336713887,0.5757101125234074
14333,-0.3966033870414863,-0.0020181463994287663
14334,0.4874591963489462,-0.25340638487317996
14335,1.3662952980434153,-0.09297516285931164
14336,-0.1810488803752477,0.6913502209802947
14337,-0.4479503259744981,0.09518495732788994
14338,0.925869894586541,-0.092906825871771
14339,-0.7213539203317956,0.03038011069644174
14340,-0.006339369305151407,-0.05073667077705615
14341,0.5836703260838151,-0.28086112546512015
14342,-0.4274775821559388,-0.2885476564574916
14343,-0.3167077147145953,-0.10763337580325114
14344,0.010780879252629933,-0.22432997450827924
14345,0.6718746190806667,-0.31275688237333926
14346,-0.49505518855173514,-0.3480519743996337
14347,0.9142118855687843,-0.2576451297325284
14348,0.20384590653518211,-0.10864522682899384
14349,0.07410303646055132,-0.3698281265894665
14350,0.4186978185709708,-0.3264407357437133
14351,-0.045950968054055116,-0.02326565535280682
14352,-0.6311200661125945,-0.22318360202935278
14353,-1.0854149097468042,-0.14795736040343602
14354,-1.1962617491839613,0.5593764173674529
14355,0.9340939346785482,-0.25242206330385497
14356,0.2418476519243947,-0.33254953987142827
14357,-0.31564664246538493,-0.280902996009754
14358,-0.5722648278751582,0.6837363275496006
14359,1.0102284385332723,4.099787620978385
14360,0.7993018048724532,0.763240662647459
14361,0.15388500015707776,-0.20519035868589697
14362,-0.7169064077280801,-0.18171765192309236
14363,-0.7293195585066264,-0.19756363559700602
14364,-0.4650955840006277,-0.24067370412172984
14365,-0.6332594563442017,-0.3182898535384668
14366,-1.323344404650984,0.23671031474690102
14367,0.33697677259238734,-0.300515635094512
14368,1.1441482938292065,-0.31289023980046693
14369,-0.7555833978419989,-0.43904128353503985
14370,-0.1720725138455254,-0.4628595265592382
14371,-0.028232048264387757,-0.4654686461741074
14372,-0.8961580597222135,-0.2738325113829566
14373,0.233599572100662,-0.3748359603751006
14374,0.8473885010320307,-0.4052784163194737
14375,-1.1545986383731415,-0.09102296348427774
14376,0.24376957076738312,-0.09687152827634438
14377,0.2283981717584325,-0.059864728436622765
14378,0.5895790632979481,-0.38324523674711625
14379,-0.12409094925633699,-0.36675251180898866
14380,0.45244332894443523,-0.3092263709980176
14381,0.21061902767168697,-0.3089723835430529
14382,-0.3536594651228799,-0.35978859006519504
14383,0.5392890890556171,-0.41936414953130724
14384,-0.5145342641858263,-0.46240449794940974
14385,-0.1704971625962901,-0.4589373362482372
14386,1.0309119320098223,-0.32562726026919314
14387,0.12685220415056395,-0.4525061765731629
14388,0.16583165562185873,-0.45524550338730724
14389,0.3233422121932192,-0.3898731416994821
14390,0.5682002706182112,-0.3911332034623392
14391,0.23007487410689506,-0.3610889241530692
14392,1.0875229261308745,-0.16564436755886935
14393,0.8966135809230728,1.037717991388798
14394,0.07936177024415943,0.2819349937129695
14395,-0.34135183354749254,0.21556377355007128
14396,-0.24820483959369288,-0.24598358403206688
14397,0.2030200834241482,-0.12534473453046294
14398,-0.3782776322951231,-0.17829551450162917
14399,0.6353622204819379,-0.42516021861966025
14400,0.12073422419130928,-0.3784957949540655
14401,0.30772861715138117,-0.3438836788754489
14402,0.17363717830282882,-0.30731448266684097
14403,-0.5256614427858832,-0.16721988852008848
14404,-0.1508765912211041,-0.4126224806523683
14405,0.41247136784231037,-0.25029219085978455
14406,0.7328137556592914,1.204194218673834
14407,-0.6171969177277736,0.7269475026474964
14408,0.2649090678509336,0.5601710805774006
14409,-0.21000005361503205,0.25152538336564706
14410,-0.691222349959934,0.016454960465678403
14411,0.05349719820134032,-0.3767462020127481
14412,-0.41427383747423685,-0.2803676135094407
14413,-0.2295825311800087,-0.17834280764203603
14414,0.4827177408610158,-0.3016189846919372
14415,-0.04658180055933134,-0.4781717986297114
14416,0.37669486481738107,-0.304660296127991
14417,0.26209212509727475,-0.48284720055522856
14418,-0.591776571541514,-0.35525593098303304
14419,0.11320540775289165,-0.4862261856166016
14420,-0.2327852073297431,-0.36392474552874854
14421,0.3885417729078061,-0.4216207198518595
14422,-0.13073485828908304,-0.42653156531830677
14423,-0.11991988573063171,-0.4184041629138676
14424,0.9304863125045568,-0.020380295323381287
14425,-0.0004522852744422434,-0.1306054917062459
14426,-0.15250517950814865,-0.3399952684757628
14427,-0.017332656743867636,0.24867985849798474
14428,-0.14161543942714291,0.46707660725101696
14429,-0.6558703583690013,0.629703196959607
14430,0.41953670902510853,0.4399182480760847
14431,-1.0490091762843075,0.11332123393011963
14432,1.0443196816572407,-0.13753720366492378
14433,0.5522607109339207,-0.13807765941640548
14434,-0.47407800759982727,-0.016061958747348046
14435,-1.4455134957465157,0.3587682270626055
14436,-0.2815485310604578,0.11455496125699859
14437,0.024610277909741192,0.24663786612432814
14438,0.891536023227673,-0.17682547834756418
14439,0.07762571564830109,-0.10880458692493658
14440,-0.4453127666133278,-0.37438974089489435
14441,-2.337391751872206,0.7558553718928518
14442,0.8432324310853965,0.5973918296547761
14443,0.7800932311920638,-0.2559656232824582
14444,-0.051221308800095844,-0.02013840289023275
14445,-0.32329817742090794,-0.32024552409944007
14446,-0.334246874375258,-0.31196099449883463
14447,1.0594654816108857,-0.3756425216679323
14448,-0.3856233351387179,-0.41940470801940916
14449,-0.5280552713471193,-0.31365386848410853
14450,0.13614162683462522,-0.38733207922655066
14451,-0.2266603599003915,-0.41235749714295905
14452,-1.1158175026558288,-0.23285230858624179
14453,-0.6480332989863643,-0.19164162438865315
14454,0.5500739027199879,-0.02261905161709965
14455,0.2070940572384197,-0.4427238070593465
14456,0.019644471724953053,-0.5207510100325246
14457,-0.19722687481676834,-0.4749165920852961
14458,0.6723434281152788,-0.4308789514942057
14459,-0.33153681136770663,-0.2935428006272723
14460,0.010375319917792792,-0.3480357719585649
14461,0.39218020866938824,-0.5476370466048724
14462,0.7099314040440413,-0.3044416961927093
14463,0.5884904001092502,-0.4404772960403768
14464,0.04041697271512758,-0.05492269138238833
14465,0.08421650798847594,-0.4036482031008388
14466,-0.2141524501591154,-0.10269414075699723
14467,0.014097074107878907,-0.35967613099988
14468,0.12181191948934805,-0.3674319754918096
14469,0.03267102507931105,-0.41591120996073666
14470,-0.13346240350980806,-0.24838771810007337
14471,0.8783723979482233,-0.04504825688722441
14472,-1.2772985150672838,0.011506748477720902
14473,-0.10190307744073522,-0.33311902734912335
14474,-1.0043242405655397,-0.04205069040574032
14475,-1.1346671796242498,0.2383423886085021
14476,0.6380741240844892,-0.13313202019160733
14477,-0.5577915135301109,-0.29208058288256933
14478,0.9207371144374521,-0.1251209887334037
14479,0.07466783622971221,-0.10123686833492399
14480,-0.4423798583001376,-0.1836641036679571
14481,-0.1801767082611241,-0.3384553826960688
14482,-0.11611243312039979,-0.19729632699523664
14483,0.42343673047670327,-0.43399739932776776
14484,0.34190962608358755,-0.2846365376982746
14485,-0.12413943764420271,-0.31682189994941595
14486,-0.3146806493798466,-0.3614836715670578
14487,0.2505952324801549,-0.20321395315865118
14488,-0.24049723136763104,-0.2954205412835443
14489,-0.5683058844797206,-0.09432925695281599
14490,-0.3018096759074056,-0.41953895015845594
14491,-0.4418282718360392,-0.13385050838367782
14492,0.010324722143420456,-0.22338391233312943
14493,0.16227487081838096,-0.3581163327740613
14494,-0.7567048798917696,-0.3118604191669268
14495,-0.565968655489864,0.07987794032358626
14496,0.6690848029491615,1.4126862219833924
14497,-0.43096607971696704,1.8566574220960337
14498,-2.687653501537589,1.277959690004667
14499,-0.7625702921206685,0.5329352602778344
14500,-0.20036967579056086,0.18805810979210802
14501,-0.2780064628866286,0.16068398356319546
14502,-0.23733563866231416,0.17167256415762688
14503,-0.13106622018341155,0.3198190497570446
14504,-0.23448303967706297,0.009464936778551841
14505,-1.0276228147049287,0.37863614348817665
14506,-0.2637242723332581,0.5736216986740132
14507,0.8967232070557344,-0.08825463852729326
14508,-0.0960414416219281,-0.23375948455893641
14509,0.31765503880806517,-0.22818477092251072
14510,0.3943043015778776,-0.10469534045986216
14511,0.3046351185619698,-0.31047571325636036
14512,-0.22933318253287965,-0.2624164323111373
14513,-0.05813730775466463,-0.34866896344428666
14514,0.5819219593358537,-0.04657007248459483
14515,-0.49341482422843286,-0.23848022945104447
14516,-0.4725825614769705,-0.28542926268657237
14517,0.512635293311059,-0.5430501408783325
14518,0.6872422455430556,-0.3902570921777214
14519,0.12140411796980913,-0.20536383087141885
14520,1.1172021364106735,2.835620270372241
14521,0.6569728562268919,-0.051950414409519
14522,-0.3682613744760282,-0.12686826270083265
14523,-0.4934151541545598,-0.3492119049909403
14524,-1.9919498904629778,0.7216446224302144
14525,-1.3669220085465152,0.9430982481942712
14526,-0.7449412528292066,1.687299070663515
14527,0.17487700311791213,0.4445949863786961
14528,-0.3987737069439232,0.7864295078330893
14529,-1.0396749945779835,0.830647487772697
14530,0.4863401455371984,-0.196158780826102
14531,0.22454763494664534,0.20339939727977396
14532,0.1666549904473917,-0.17076032847673192
14533,-0.8379361020745029,0.46505490113676884
14534,0.5057113997965285,1.0029182157263032
14535,-0.3275460599862846,-0.1703901622239784
14536,0.4990380994697791,-0.2720477052231833
14537,-0.21001632998452868,-0.28437469766913437
14538,-1.6519408485945406,0.11988274200385567
14539,0.4346795637570412,0.02318403531346197
14540,0.37777401657340187,-0.3883684733556549
14541,-0.3367553226545969,-0.28783563238201465
14542,-0.1826196708080518,-0.26969217722485983
14543,-0.8170567997920746,-0.08023913099936286
14544,0.05926801984234164,-0.2266442526948917
14545,-0.012263556750268636,-0.3631018304699449
14546,0.8034832039064563,-0.17963384514972777
14547,1.018955174852117,-0.36631646660804695
14548,-0.1876775151943379,-0.401355723076983
14549,-0.7911505422257371,-0.2682593809695517
14550,-0.9200805798981768,-0.19422074068638545
14551,0.19407506485056025,-0.2983374179223604
14552,-0.7550933397314559,0.18362253132731593
14553,-0.07388396752666294,0.14785988675315792
14554,0.41194047544918033,-0.03828149931292937
14555,0.32607035797970185,-0.37708896343126946
14556,1.3946638425802644,-0.29741416765617296
14557,-0.09862553414482461,-0.4597525576912722
14558,-0.8495946664540517,-0.3819913482516663
14559,0.4770225871840154,-0.47083849678391815
14560,-0.23846247147441127,-0.4557591548804084
14561,0.3604787883588875,-0.6110595199980864
14562,0.24738039694840078,-0.45479687202655045
14563,0.2514596367379017,-0.4356475892547588
14564,0.4575085994800386,-0.4294876192284737
14565,-0.4784362805582823,-0.4277194743532868
14566,-0.47057842094565905,-0.3671802797771264
14567,0.07703450271523396,-0.41240223460980713
14568,-0.5389827330263545,-0.3213686044441646
14569,0.5483106338756343,-0.43593407089155717
14570,0.1736446272463638,-0.5255336245831845
14571,-0.8583242397804106,-0.21470591201074662
14572,-0.1076570875015272,-0.45905081283789084
14573,-2.007200066718259,0.5009652555698983
14574,1.470884757252338,0.09129646518072033
14575,0.16528930094339744,-0.3357707142460825
14576,0.4369564894372174,-0.2541130031730863
14577,-0.371269347740727,-0.39105961842516884
14578,0.9621206186355694,-0.4170101136387386
14579,0.9221682604883595,0.03812326127938816
14580,0.06761030081707572,-0.10636292634200818
14581,0.1955294349469241,-0.2603443003178348
14582,0.03920702296598013,-0.363260157734977
14583,0.38743711821014365,-0.39010910386216435
14584,-0.7634274123861812,-0.04966751560599415
14585,-0.23191038469906333,-0.4336486390697398
14586,-0.21468384529023932,-0.47655892205455014
14587,0.075173106938671,-0.600346524380582
14588,0.6130824906471851,-0.259871069602772
14589,-0.3553038124278893,-0.26887895061090017
14590,-0.07817735900423387,-0.45308841735509464
14591,-0.04920828799447817,-0.4569930576846865
14592,0.33893449304967754,-0.5150908648396725
14593,-0.2367676351186986,-0.3555361994960031
14594,-0.012666745275128769,-0.4611532951254663
14595,-0.12661597861950516,-0.5067825766069317
14596,0.6114502841834836,-0.5368146581148541
14597,0.029046683755187278,-0.40047590945569705
14598,0.13206928913751445,-0.42406992933595045
14599,0.05459052986994444,-0.46106164853843834
14600,-0.3389183995676175,-0.4664317711487405
14601,-0.41070136409424846,-0.38172458635742307
14602,-0.3380618520449105,-0.40519029563715275
14603,0.12138445213489935,-0.4846409764907524
14604,-0.33371318560031776,-0.3073362002656902
14605,0.18831239181947126,-0.5244599289538303
14606,0.23329305003175838,-0.40279625856119006
14607,0.28881067324017556,-0.4538009785061435
14608,-0.6756509830557617,-0.3913362119506806
14609,0.030753350371624424,-0.5370259293229229
14610,0.1683075314846976,-0.5433088433363452
14611,-0.12955582349818373,-0.5555270770191992
14612,-0.07744209275685675,-0.4429521511802688
14613,0.35276898718983224,-0.5547370242722477
14614,-0.41986874721605727,-0.5113564752007338
14615,-0.5874538695127715,-0.2757090904854437
14616,-0.761728798076131,0.6195161601263167
14617,0.5895466615410424,-0.38375596908877346
14618,-1.3118475562269831,0.39311763442587583
14619,0.5273393036970224,-0.30628331355792887
14620,-0.09536763615730585,-0.37994441473483026
14621,0.5425601479744402,-0.4558368085237398
14622,-0.4816986139644989,-0.4459594157365255
14623,0.2372934511159372,-0.48400152602202945
14624,0.2804848928746355,-0.3064859713854713
14625,0.3266794839420932,-0.2708474941252605
14626,-0.09404245483756396,-0.4311091399662343
14627,0.5827662320367333,-0.41674849284076154
14628,0.48608313306177975,-0.41249538602153096
14629,-0.21766378051914592,-0.40384398340701483
14630,-0.7588748536741193,-0.38831039744563445
14631,0.13325627719365446,-0.5041775180866128
14632,0.2855994602574166,-0.5286987179017034
14633,-0.18544551663067135,-0.5394051291947054
14634,0.49231874852875035,-0.6006564948194596
14635,-0.2948613479302653,-0.4956424878284195
14636,-0.4667637033133822,-0.4576246908573431
14637,0.23637112885615227,-0.5747762238521823
14638,-0.07273389915559919,-0.3536155356975125
14639,-0.20270055889040298,-0.5398126431603806
14640,-0.0009043617372562949,-0.6176582757870527
14641,0.07549282603189417,-0.590415944165349
14642,-0.0480291103671586,-0.6126928784748328
14643,0.3018665779412737,-0.5146006486304598
14644,0.27115374798357694,-0.617433203893049
14645,-0.08302647468406509,-0.606456173563801
14646,-0.4173092231337653,-0.5310448034943165
14647,0.19063523102642718,-0.5722398541900926
14648,-0.42561072297305697,-0.5208738235981084
14649,0.25970871051386707,-0.47535743248440343
14650,0.1598387597418448,-0.5164169157554338
14651,-0.25456720891520435,-0.5532768353219722
14652,-0.034979279599956024,-0.5645705144345206
14653,0.09002967327648286,-0.5914361514400995
14654,-0.34344117234271593,-0.5417851450018242
14655,0.32182827869276115,-0.554253378060645
14656,0.10390934052330106,-0.6053236003160568
14657,0.02031908344694417,-0.5636301730668175
14658,0.321404033826849,-0.5001917527006919
14659,0.23750435558214897,-0.43690320088139184
14660,0.02350944415556705,-0.4244137343330105
14661,0.02383297194761297,-0.5779641547450937
14662,0.14353453455227316,-0.3944023810186184
14663,0.1419247031955169,-0.5174361746392769
14664,0.9482326778124481,-0.30218386178731466
14665,0.7329629416867167,0.12097451252705078
14666,-0.7783101768338885,-0.2138151200498442
14667,0.49710907587263536,-0.430417058100081
14668,0.2902822797693584,-0.2033099848507522
14669,0.2866630444575868,-0.4380585372492308
14670,-0.2251063719389708,-0.4514035867594539
14671,-0.06831589556126522,-0.40356051601206366
14672,-0.34754704970915556,-0.5011447648533901
14673,0.0026341467058773865,-0.5636561171747779
14674,0.10734765897469131,-0.518085881823365
14675,-0.11109410379195277,-0.4483404864728134
14676,0.31112574612501814,-0.4973927333279385
14677,-0.12403873367024204,-0.4025208616572919
14678,-0.5234274813866633,-0.5092466985738119
14679,-0.6655210435903006,-0.32627511557123734
14680,-0.2681216529804746,-0.36532493563258506
14681,0.2582495619343894,-0.443438986817322
14682,-0.433998038609918,-0.04777303967407988
14683,-0.388187873668861,-0.32498860555043163
14684,0.4405869807629076,-0.5132733075211521
14685,0.11266055689298721,-0.5245576646964734
14686,-0.05537978355722583,-0.5004068839405581
14687,-0.6198972716136201,-0.3351010110954934
14688,0.09194430576669471,-0.20507839607512868
14689,-0.13800800181078124,-0.3877659812403631
14690,0.3634973680379732,-0.44878647015356243
14691,-0.1625252173159227,-0.5682354802653728
14692,0.07900455120599478,-0.5271717696683693
14693,-0.19337744506850976,-0.5330696376001101
14694,0.3907525253701624,-0.5055783265637431
14695,0.1674744362983372,-0.453845062322761
14696,0.41427523121535587,-0.5253214231080964
14697,0.13373873329841043,-0.37656942949458294
14698,-0.06309438790606452,-0.42312008548109425
14699,-0.34882249545454797,-0.474184783466353
14700,-0.2945279334501319,-0.46019824799212944
14701,-0.7396966789935217,-0.21610208333655018
14702,-0.36902889919137155,-0.2910552582991494
14703,-0.14444569586425876,-0.320431084580367
14704,-0.37561887679918166,-0.36190080258178703
14705,0.46022608553530064,-0.12029681597663655
14706,0.03693637278583913,-0.5636763053193998
14707,0.24659101781321283,-0.44734609723850094
14708,-0.41107693324234124,-0.5177727480222719
14709,0.3135808064018838,-0.5346850276566699
14710,-0.40936129144281796,-0.41022984464273254
14711,-0.023042604411650888,-0.44401256626082075
14712,-0.025160894083650846,-0.3953672873051151
14713,0.15576850653166807,-0.4313814454339076
14714,-0.40371989911697553,-0.4245120066619969
14715,0.30963437856807974,-0.2632802922774725
14716,-0.07918430516643446,-0.41064539785626825
14717,-0.0029283848581901552,-0.48252124369650473
14718,-0.46607117993325836,-0.3786684265411466
14719,0.3137011876569439,-0.5811461722579074
14720,0.27446627985854005,-0.5227285573190976
14721,-0.11688472336250721,-0.40425669644898826
14722,0.24782228175015944,-0.3886162350309082
14723,0.17546500856361913,-0.4358564102768373
14724,0.44953887580746926,-0.4989459398918605
14725,0.22831476580365995,-0.5023004696480259
14726,-0.1363342324337997,-0.4618269792984241
14727,-0.2055478147326875,-0.46294722027564766
14728,0.5269626457013251,-0.46878555366966157
14729,-0.08245179915742379,-0.4696603092568071
14730,-0.055950353534418955,-0.4949708433215686
14731,0.0038296642014494075,-0.3439234695359736
14732,0.10705634685518242,-0.5152657320805377
14733,-0.11275151895439174,-0.5586795501862769
14734,0.038260156298459004,-0.5441561310025789
14735,0.16983278336234836,-0.5563919037891343
14736,0.28249359403400487,-0.5023832752034612
14737,0.20543373579175078,-0.4191031604940764
14738,-0.4953336546618147,-0.4602635030061683
14739,-0.2078617191685099,-0.4277327699352383
14740,0.25646089136428246,-0.5638437388904556
14741,-0.5835732784005178,-0.5530909989542542
14742,0.37277485105624125,-0.3414420126630426
14743,-0.02076697726552485,-0.5762854887058102
14744,-0.09843020762632049,-0.5246582558672783
14745,0.24992469988028534,-0.6467313994699955
14746,-0.09394775499536107,-0.5490565896849952
14747,0.046812938034303066,-0.5329926275816697
14748,0.24552414441202464,-0.5001397752284588
14749,-0.24234991605112885,-0.6110274434508369
14750,-0.10346652536666542,-0.4875178405792954
14751,0.2197596457934551,-0.5637800549132627
14752,-1.3684290817678155,-0.24149807237446042
14753,0.13362124049450735,-0.47215350047367166
14754,-0.6346360022476891,-0.3730055770693193
14755,-0.9085768692671049,-0.03353575996041522
14756,-0.7348641539396661,0.3555977337810174
14757,0.07309367119598813,-0.23255882473498984
14758,-0.7377908030604786,0.06932606426205042
14759,-0.5436636226158544,0.18960288453964919
14760,0.9678509836590002,-0.14811008695319994
14761,0.08875892983931735,-0.3203421082789716
14762,-0.20358527506134774,-0.2858967923321172
14763,0.6670723002524681,-0.3916507726724118
14764,0.2644038124122233,-0.323002189763047
14765,-0.6757457864591755,-0.2931557939729053
14766,-0.7467211244748947,-0.14441684841856253
14767,-0.8693115069528738,0.4045465385819016
14768,-0.46964069850509194,-0.11836893408009477
14769,-0.19168720918629256,0.3809166576300856
14770,-0.39091295553481376,-0.09699102671126077
14771,0.1587240229999101,-0.3236614452841543
14772,0.2123813624329773,-0.41803551739180006
14773,0.2588626985685083,-0.4032925210231462
14774,-0.03413339236542584,-0.4478460506196223
14775,-0.8407334882010478,-0.33602653802803156
14776,-0.6742532899725336,-0.03203948283286741
14777,0.34300620347071203,-0.22062918141662877
14778,-0.3156048779581898,-0.2514914933827481
14779,0.8996387331136845,-0.2647713493702054
14780,0.8098396332693629,-0.26253081855661814
14781,-0.29357036805584,-0.4822940804672753
14782,-0.23799413698231422,-0.23547962613899925
14783,0.3978423443121856,-0.16449805329763686
14784,0.6228967410095184,-0.3786167971286361
14785,-0.242304506993068,-0.41438803365746957
14786,-0.46338786739326704,-0.2569543407442093
14787,2.197033328384929,0.6597531899925546
14788,1.1605478521812382,0.7706084173426729
14789,2.3269973125788934,0.9031241281863792
14790,-0.09378101376869281,1.3539515885416329
14791,-0.43167510097611395,0.04179822102598217
14792,0.7524950750491717,0.04291028953455374
14793,0.3271835427486045,0.028487285650214147
14794,0.6023682258540538,0.31985481242418784
14795,-0.5944524528460959,-0.09651762725951875
14796,0.0726667617042566,-0.14520834033751415
14797,-0.8997548559327737,-0.05569836447334504
14798,-0.5213648131981109,-0.03546289866134124
14799,-1.2106496302522871,-0.1640827525521547
14800,-1.260302075845699,0.2386717025478125
14801,0.6041218272757612,-0.08388356019899797
14802,-0.02128376997279087,-0.3727995610504323
14803,0.018004936156776417,-0.43567413255965437
14804,-0.8794534697595643,-0.11853131157909524
14805,0.6460160613176567,-0.38196719052551986
14806,0.45491383462771945,-0.37199057693414156
14807,0.03215977693806605,-0.4279482234595021
14808,-0.2120318644107929,-0.29460561632644294
14809,0.26933333876069016,-0.37765113362258773
14810,0.07100125102551189,-0.2421503960740266
14811,0.7431452519862355,-0.18703711983332377
14812,-1.066757536286804,-0.164295459999577
14813,-0.39333394865865073,-0.12336890604522754
14814,0.7016696037452871,-0.20682177874269186
14815,-0.43787040899435753,-0.2556819710449621
14816,-0.16610568040209303,0.20628236086016133
14817,0.26548538066267663,-0.24442151967508174
14818,-0.2997301348976196,-0.046429804927676656
14819,-0.926629152654198,-0.3128619289694741
14820,-0.23306629515214544,-0.32553416544290376
14821,-0.06344813286672978,-0.21606580649556506
14822,0.33941616673872116,-0.25804641647954235
14823,-0.17122797747942822,-0.4250242726197508
14824,-0.16717637958321888,-0.3437100187326971
14825,-0.29428118220879945,-0.40789572493427156
14826,-0.5948335831006983,-0.1714049487238249
14827,-0.10780548106201798,-0.2860874607954256
14828,0.381337887137818,-0.3342671667281111
14829,0.15179312985373622,-0.37107696773530807
14830,0.5172435479192228,-0.3956975969390966
14831,0.20878680513289005,-0.4510998110952988
14832,0.05837523577038426,-0.517796072609672
14833,0.23799792199999212,-0.4631637078375781
14834,0.11285418582797521,-0.49082225943865615
14835,-0.2735503424522045,-0.5064664086351868
14836,0.4971364641595241,-0.5400382811660643
14837,0.0540881014982422,-0.5656937201786194
14838,-0.39232107610621875,-0.4876367827750887
14839,-0.16636747803295646,-0.5282068073369554
14840,-2.917375229728346,0.78562964220257
14841,1.4318908911914017,1.3736981003484816
14842,-1.1721033398946001,0.15831140598085003
14843,-0.8010643290157217,-0.05087505110679537
14844,-1.5286474304680435,0.3643896824650273
14845,0.7929533395431047,-0.3180478297839989
14846,0.22251097441289774,-0.2545812870358565
14847,0.15309017911850348,-0.22141502985948985
14848,-0.2823362568316782,-0.2234113498068172
14849,1.2459548026197174,-0.33540264173913004
14850,0.9025339100252364,-0.37825057300743226
14851,0.08136150910115175,-0.46955640639209373
14852,0.7782988713471591,-0.37868079061824866
14853,0.39063637502748966,-0.25354747268438116
14854,-0.34463776945465496,-0.365995472728764
14855,-0.1114078401858308,-0.393805517592343
14856,-0.47960982871310415,-0.42112067235803663
14857,0.48916555192397176,-0.5044822340076327
14858,0.4298318463419991,-0.45674041298921153
14859,0.026793968247467367,-0.28552308503934304
14860,0.9791469027426263,-0.298225789259235
14861,-0.542458368383028,-0.25684227047018504
14862,0.17504202544599592,-0.5022023127198937
14863,0.3804248335295321,-0.3873657643293098
14864,0.4107491823854302,-0.39433375938781734
14865,1.7334101093615824,-0.08222060264855097
14866,0.4112819632229712,-0.010235744845432201
14867,-0.560483440788326,-0.08309745129006779
14868,0.17393399107725208,-0.19242475757913902
14869,0.056855755232792404,-0.4917003940574649
14870,-0.0845528078422915,-0.38351459061959625
14871,0.11978958618540238,-0.44149168645724746
14872,0.00040995706443541606,-0.43774279684572387
14873,0.21562566861289748,-0.4442745981885271
14874,-0.29117730843276923,-0.4564253993472294
14875,-0.09152229680666217,-0.5497385361526823
14876,-0.005904051466613271,-0.4549106252478576
14877,0.24049583156525436,-0.3202424670879666
14878,0.3667961237491211,-0.118552887437347
14879,0.006844200152890832,-0.44629153331584825
14880,0.06710463765390223,-0.352810374507798
14881,-0.009806732704732602,-0.4202595452225798
14882,-0.7008034464316052,-0.21199134499890976
14883,0.18096708607717388,-0.3320624066695885
14884,-0.09780364872936775,-0.32420369394038095
14885,-0.2340209464552654,-0.17426925907895063
14886,-0.2998225353243026,-0.3946008804462883
14887,0.8539260208893354,-0.31426545450772364
14888,0.3532108783270812,-0.4072754197367754
14889,-0.43521081034201087,-0.31588536447952353
14890,0.5764400121254513,-0.4588598432241443
14891,-0.5341511008303268,-0.3775848202939978
14892,0.1767501689672269,-0.4271656235130015
14893,-0.06346284905707396,-0.43553660021365437
14894,-0.20713188747223912,-0.3507843913058555
14895,-0.5407003222088708,-0.40111117128568874
14896,0.1577906481870044,-0.44532728644437475
14897,0.0761212782297702,-0.523527575076581
14898,-0.6798434070562255,-0.4436907609277611
14899,-0.38867451709861356,-0.33727806530807264
14900,0.10371121604839544,-0.46249058765815954
14901,-0.666700083536737,-0.23314598561679872
14902,-1.117497774505236,0.08420209102822708
14903,0.2964937607325784,-0.33397354142339913
14904,-1.901975428429944,0.010273944328873477
14905,-0.5534773746043827,0.5263415106826442
14906,1.091721357515394,-0.02555345449320122
14907,0.5803414063497346,-0.10002008979011086
14908,2.864070609136808,1.0300592637268202
14909,1.72270841952172,0.685088179875532
14910,-0.6618552370429248,0.7104392302367132
14911,1.2936113185820013,0.0644292526001689
14912,-0.10725012680151627,0.0704899735371979
14913,-0.3495703871047899,-0.09704101641266343
14914,-0.1764552878026053,-0.15121295516634203
14915,-0.39959863225601494,-0.19438257954458826
14916,-1.1629139106807302,-0.1323372207913429
14917,-0.7243696538613146,-0.09708971447441808
14918,0.7743519031156049,-0.3881757390858094
14919,-1.31365737231239,-0.24324980332111945
14920,0.6355934152734638,-0.4138494620334554
14921,0.4147090719621912,-0.4662429904494019
14922,-0.019110689698535924,-0.3661093158216953
14923,0.7834873127842658,-0.34360895092861166
14924,-0.10097395806279899,-0.07420295304267789
14925,0.16565020368336936,-0.385152193732805
14926,-0.9011530258647896,-0.3566471305052366
14927,-0.3017886193484874,-0.38918308065623614
14928,-0.08266367213170377,-0.4727797821817425
14929,0.6894038592618202,-0.15408512600835747
14930,-0.4102344021599306,-0.2225131404050723
14931,-0.17731317229395593,-0.3296225609699625
14932,0.3128785008274181,-0.43787795428600895
14933,0.3725115704457687,-0.44439391240498877
14934,0.9194843237331343,-0.40347850197811735
14935,0.5745317138268293,-0.007859864938717404
14936,0.2551819554528587,-0.19983889641535268
14937,-0.012733569555594756,-0.3119645562975326
14938,0.45965672529663754,-0.3509883307655678
14939,-0.5843791338480021,-0.3860560386672573
14940,0.425248074858238,-0.38688350687246015
14941,-0.3440974796365213,-0.5030645621655951
14942,-0.1123945848614872,-0.3254644337327689
14943,-0.28197824449445685,-0.482171196077089
14944,0.4772432998803189,-0.32877806619533945
14945,0.2809466448008743,-0.23181826784432014
14946,-0.00755669483067317,-0.25045257307228574
14947,-0.4347633682444982,-0.2575063766832401
14948,0.0328777752519996,-0.36178963743104536
14949,0.36833297267343107,-0.5054442332686895
14950,0.5667724107808834,-0.1456147296737314
14951,0.2522050285350093,-0.26391541286514525
14952,-0.6377014698930762,-0.3605104012750804
14953,-0.3890711666746238,-0.13024103860698444
14954,-0.5907328118219974,-0.16814530069096312
14955,-0.4928922362122131,-0.32274962790107725
14956,0.04851317099603707,-0.4329689466004895
14957,1.3077435934067096,-0.20744106579727536
14958,-0.2531874486215578,-0.14600848206955275
14959,0.8341653079020164,-0.3721130991747127
14960,-0.22442941367818725,-0.3459490658196558
14961,0.09014732343462059,-0.3576414451446555
14962,-0.7303091439302759,-0.3771975510854789
14963,-0.17017285303123333,-0.38463241509461965
14964,-0.3348471615574212,-0.32422790193323625
14965,0.25947901034199244,-0.4552950261538832
14966,-0.37890111593529674,-0.43331700489224156
14967,0.18562323879555548,-0.48674478717844155
14968,0.07329130664455888,-0.5118356148277239
14969,0.07360003528340692,-0.5185300178534206
14970,-0.32367524419931143,-0.5063562248543962
14971,-0.4368985543318031,-0.46943657282911444
14972,0.014476491110056852,-0.4059987728029859
14973,-0.13040680499389842,-0.4650065220816
14974,0.02938624853521684,0.028726834592626163
14975,0.3919189499580018,-0.5213820539760797
14976,-0.15666659368293231,-0.4356584565988647
14977,-0.17635022459607907,-0.43254524486467666
14978,0.02418589976416731,-0.42484528475031286
14979,-0.04908492398521741,-0.30779238662941577
14980,0.5622351486978541,-0.47881468358019147
14981,0.300378103920572,-0.4332169445982664
14982,0.4950710517833454,-0.29831014292178565
14983,-0.31938713342268843,-0.3222358339563733
14984,-0.20564400520329235,-0.3029669861579938
14985,-0.1351677982077462,-0.4775966951348495
14986,-0.549284601883182,-0.37954630459443245
14987,0.6352086065313934,-0.48390755915377254
14988,0.2798837014710132,-0.5230952243954107
14989,0.3992201347197628,-0.45153180562090683
14990,0.02161731384799312,-0.4527388313347241
14991,0.45432050837440646,-0.3355499031724361
14992,-0.2159374374076726,-0.40451861781997683
14993,-0.15738469426360877,-0.4514533731674691
14994,0.5804324020347191,-0.44785779824163174
14995,-0.2896766637468591,-0.4427573008321903
14996,0.0650455129859641,-0.424243505901123
14997,-0.46649129522102867,-0.43047576770071294
14998,0.1117214323718784,-0.2150573414283383
14999,0.0051169284656609314,-0.5152641845553436
15000,-0.780965409183377,-0.3120649957450045
15001,-0.25945395700694057,-0.348512074413012
15002,0.8065663057714397,-0.32368052072284265
15003,-0.033716677306868184,-0.4472122355537891
15004,1.133984362695141,-0.05676751448408486
15005,-0.5865740632382798,0.6642143214567735
15006,-0.4795204501688945,0.07853828127555558
15007,0.7027581083020227,-0.22068609866321276
15008,2.2817847893803047,0.2600221071644326
15009,-0.5989213705207277,-0.1582328282590275
15010,-0.3339341880711071,-0.11262190423266842
15011,-0.5191738146239229,-0.4416754189880479
15012,0.94332896462437,-0.28308178173031173
15013,-0.26205639615096554,-0.40421241349530307
15014,-0.028762689613293452,-0.4064019380051961
15015,-0.6614607110040135,-0.39928815186126193
15016,-0.6982486836619468,-0.3644201988849852
15017,0.32148997955682973,-0.47001409920323983
15018,1.3441296017988866,-0.5105738175138501
15019,0.09051999198490002,-0.4383058076299566
15020,-0.37430875773301825,-0.48048539806096735
15021,0.06452936558869993,-0.433128488258918
15022,0.2376987281318724,-0.5197423244806603
15023,-0.5202132389534619,-0.5271501120655901
15024,-0.6065843358202957,-0.4168475634633431
15025,0.214464141074361,-0.47862238893513087
15026,-0.38434282785104945,-0.5062551425585105
15027,0.24247848604318592,-0.5469019323435985
15028,-0.030619596498948444,-0.5177348609892721
15029,0.7442148633056754,-0.36805859415441516
15030,-0.07113870099320299,-0.36029634940918753
15031,-0.4022213803236743,-0.422344486079099
15032,0.16464807965075848,-0.5480011335913316
15033,0.08875934218772849,-0.5281589669836588
15034,-0.10736887918250823,-0.5470148074459313
15035,-0.02548055560547497,-0.49820963690739545
15036,-0.6694579659343112,-0.47582652888209986
15037,0.31230668332222555,-0.5116055747124789
15038,0.3115688818223127,-0.42789725743394996
15039,-0.38803284308231095,-0.4587716471827819
15040,-0.09986755470927348,-0.5796683648619978
15041,0.12322932307735515,-0.5876540284392406
15042,-0.34983426659360206,-0.5264370145295639
15043,0.039648094983261724,-0.6376651111966444
15044,-0.5100174690534542,-0.4772029128155541
15045,0.19175971606542094,-0.43058978561427946
15046,0.19590013286111424,-0.40925080717180135
15047,0.5365689714442871,-0.4124096779022494
15048,-0.012218452584407862,-0.5173215007944036
15049,0.07463622185526332,-0.5803237246522284
15050,-1.0603589688699577,-0.36091305549378344
15051,0.19040577402127634,-0.4236657657433261
15052,0.22768944717175676,-0.4246330454071637
15053,0.12617139276624093,-0.5461107511786428
15054,-0.44334043447086324,-0.4561148712553118
15055,-1.0583263335119255,-0.2097747490885838
15056,0.2353901321314949,-0.2534210821342681
15057,-0.3302698872239015,-0.46082322316290897
15058,-0.08462161641372723,-0.3680753606157539
15059,-0.296612835304021,-0.4295844791550407
15060,-0.3976123588947645,-0.4277501110891237
15061,-0.18960273467692962,-0.5126142067603644
15062,0.19126929991497724,-0.4082095053134311
15063,-0.2193541179588008,-0.42002487607768435
15064,0.07567966215809066,-0.4326354322879333
15065,-0.5805175580739536,-0.40682527132542123
15066,-0.5890721906727164,-0.24844989905146037
15067,-0.21246537622203313,-0.15111044837260978
15068,-0.41691489951309474,-0.3196248824399234
15069,0.2833738048455246,-0.4837960747143399
15070,-0.02616207413854566,-0.4537485060070172
15071,-0.2573143869095898,-0.44224050027302575
15072,-0.273905634158695,-0.4201491471950559
15073,-0.2506867472872089,-0.4543258686962686
15074,0.684466974679932,-0.44399707437444114
15075,-0.3845685419138982,-0.5006265126367467
15076,-0.11648473969841279,-0.5139948534267724
15077,0.3147881699797566,-0.5890573870756969
15078,0.5359882162600511,-0.471870948415246
15079,0.39460776316891294,-0.38620662632246483
15080,-0.28437333025095124,-0.5119528741839116
15081,-0.43581525824349693,-0.47402104739644885
15082,0.49131255620615594,-0.5341355306668928
15083,-0.26608037220088204,-0.4714335065521518
15084,-0.07779289294731874,-0.5174473238582401
15085,0.20954014592456036,-0.5263814255950647
15086,0.5002496324943212,-0.4196655585557964
15087,-0.2852366610601629,-0.4836038613337471
15088,0.2179538836195298,-0.5174951200191403
15089,-0.6707501333283744,-0.45223296508296995
15090,0.8384150635800302,-0.4215300670853622
15091,-0.3171585829538301,-0.5172405186470438
15092,0.10181756375354335,-0.5385464020061063
15093,-0.5083324550822358,-0.4630990018417988
15094,0.5383167167474114,-0.48645427821540177
15095,-0.19217110349840952,-0.47900790093846385
15096,-0.8053987066976093,-0.25014426965681774
15097,0.9338705668154786,-0.5203780924757729
15098,-0.45636680752286257,-0.5244069289061533
15099,0.10177581755779067,-0.4655545532926297
15100,-0.49878482935224916,-0.22923311722419282
15101,-0.33336369377781355,-0.32262575748383165
15102,-1.7796839952939716,0.6173937335208922
15103,0.618501985907291,-0.24586532806717187
15104,0.33805637735325816,-0.34462663553945255
15105,-0.6554566429828227,-0.3856577417527306
15106,-1.2620058541163717,0.07911358236596873
15107,0.13142125079947747,-0.18925030786653607
15108,-0.09881157466896798,-0.38452037450488746
15109,0.12861208539062918,-0.4524369636922841
15110,0.4104346746630157,-0.388314097423629
15111,-0.6089954683353441,-0.4175664734906477
15112,0.23406306439562796,-0.4273044024185005
15113,0.034853146492275236,-0.5017908126348165
15114,0.5203546396140188,-0.42508848847444414
15115,0.3528384555697672,-0.5003888833131023
15116,-0.7310333589436354,-0.5247055174373488
15117,0.270991298308167,-0.5369168738130194
15118,0.6424464773622232,-0.4447307016026332
15119,-0.7968533805736929,-0.349657323116812
15120,0.24992866218270085,-0.21083648136626132
15121,-0.331016745591224,-0.47925176574129547
15122,0.47002545368741494,-0.564905619252881
15123,-0.23897346593731786,-0.5522538458903543
15124,-0.44199876238951374,-0.41809717342075337
15125,-0.16108351777471236,-0.49097524663677217
15126,1.059180576941534,-0.42793312308038134
15127,0.5411615043681416,-0.42108848187620024
15128,-0.23837807888729728,-0.4436565544429352
15129,0.21173319989586212,-0.5095058444358521
15130,-0.05570378296060514,-0.5211511246902581
15131,0.11403215494478776,-0.5938595403391906
15132,0.31813670671158056,-0.5774557835451719
15133,0.040784168925661626,-0.5050488208650379
15134,0.07828357812358641,-0.46607863199247995
15135,0.570947942638396,-0.47920837632598107
15136,-0.31954396387055317,-0.5429990107017755
15137,1.605841228004463,-0.3572734043651728
15138,-0.25536184451861266,-0.31212271479553816
15139,-0.6743642215527559,-0.4817572087078139
15140,-0.8482623438217844,-0.47583336859855807
15141,-0.44441860464556643,-0.44757616335126665
15142,0.06617493674256508,-0.47601308212404325
15143,0.09736835403965144,-0.47115597500679324
15144,-0.08322410556386528,-0.5289686745437974
15145,-0.7718614196623048,-0.3851858256303814
15146,0.3227314802038093,-0.4828836665596912
15147,0.6825653329316385,-0.5084221681712248
15148,0.7260594776194369,-0.4577131884732433
15149,0.059614346518306695,-0.40820705894372783
15150,0.325729819017853,-0.4683017970361491
15151,-0.020464100128741364,-0.4432602932099903
15152,-0.008293682291116227,-0.4646694125788227
15153,0.10404365571007185,-0.4965470108235547
15154,-0.5925451016052911,-0.5356787953950399
15155,-0.27609383426333944,-0.5042771631745757
15156,0.2188853569093314,-0.5972685780947946
15157,0.4479295227598559,-0.5095340488341151
15158,-0.49160399546496303,-0.561218892604074
15159,0.1626676455882148,-0.5817531376612013
15160,0.42423951216877753,-0.5420687244255906
15161,0.21873946370365624,-0.39842522678236986
15162,0.19863568211902496,-0.4633210013846202
15163,-0.08782196269245206,-0.40157009750222916
15164,0.17766855256967345,-0.48097146946575653
15165,-0.1597811857020423,-0.523275603692159
15166,-0.05935048218312284,-0.42755972410864507
15167,-0.3069696126979604,-0.42917313636157
15168,0.3922979758489527,-0.5526590227139396
15169,0.5587033198848088,-0.4710439384128064
15170,1.010600843387981,-0.10058850550060386
15171,1.0287064791241138,-0.09315365361850945
15172,0.3917201303395185,0.007513438904324932
15173,0.3730227022910514,-0.0013137485940763888
15174,-0.6321051511543704,-0.04607652162142216
15175,-0.15063760923641087,-0.3427761460880589
15176,-0.026087858006909485,-0.40571077961190105
15177,-0.14878276334837545,-0.4303442879056861
15178,-0.21423870207296913,-0.4026217839190867
15179,-0.9499636610115748,-0.3037928579583219
15180,0.46588820962584687,-0.3690248032734182
15181,0.16732327374830655,-0.5409140611309411
15182,-0.09669251951696088,-0.33751465965745103
15183,0.11009293797760722,-0.5402426228255435
15184,0.1084439932886554,-0.5238304509243737
15185,-0.25315226364320365,-0.5507126660853584
15186,-0.049603770541981784,-0.455962950500308
15187,0.4020199256837448,-0.4900053122806001
15188,0.04413599978221849,-0.43737993891951343
15189,-0.03160635354876849,-0.5327713555126332
15190,-0.032339480311764784,-0.4899483845066633
15191,0.9838051075284376,-0.29834399395154937
15192,0.08272518072012112,3.917561485905123
15193,1.4999948958334335,0.2151275792470938
15194,-0.39218305151874805,0.022179245538403336
15195,-0.10570826112195683,-0.22336037279913684
15196,0.3465746228382786,0.10377842836952299
15197,0.009411565452435855,0.05708656904058583
15198,-2.076070984362169,0.31966787639378935
15199,-3.163240685882744,1.6432223498732426
15200,-0.5972701803601131,1.1969561229979242
15201,-0.7265673654334427,0.45772356544966675
15202,0.4054773394609326,-0.030812932734634743
15203,0.7680868708913633,-0.1567578261467146
15204,0.3579548212274981,-0.34662033908298273
15205,-0.860079531015763,-0.3424274723826684
15206,0.15818107623602448,-0.31671232415546463
15207,-0.2386786976545451,-0.4525663207531158
15208,0.43860558950202155,-0.5019720247748071
15209,-0.11350355390506814,-0.5077607635943819
15210,-0.2624578513401854,-0.55288600168534
15211,-0.10285136083593743,-0.44046791076400627
15212,-0.7500083308624759,-0.27513780005049776
15213,0.5394721618182257,-0.5837183068044687
15214,-0.05095327527024384,-0.42153210926046536
15215,0.8799922397387013,-0.5216622393494328
15216,0.5476311944174264,-0.4415859088973102
15217,0.0013522966348608195,-0.4029099504559435
15218,0.11290199570924161,-0.517654622998956
15219,0.45435614248755746,-0.33266545268238124
15220,-0.25382121574543337,-0.4900558833232638
15221,0.6850943279907699,-0.46075722595917096
15222,-0.3753527171286723,-0.06635784402199944
15223,-0.10614840855759596,-0.5577445809619013
15224,0.4546462084510708,-0.4839565182151868
15225,0.4309493013860485,-0.4413422349105248
15226,-0.7586665782210721,-0.3724653578630119
15227,-0.9906404310878215,0.5411756353545986
15228,-0.04036371161797637,-0.4260462954382499
15229,-0.7781050613909227,-0.5107861833959247
15230,0.0494016715917465,-0.5162590657339798
15231,0.05355602235595556,-0.5321713979292108
15232,0.720176397081802,-0.6195790573615569
15233,-0.15422749261836016,-0.6309013491343054
15234,-0.21945773262819715,-0.5472261307807508
15235,-0.013848662573713097,-0.5649394717914183
15236,-0.14429166999781282,-0.5400617851413632
15237,-0.228516999465713,-0.5567373395345929
15238,0.0904308659106752,-0.4951456888653301
15239,0.1700147843445727,-0.5966219990055541
15240,0.23861869848592793,-0.5617472056429296
15241,-0.0526990954876512,-0.508946865726943
15242,0.1254928508644097,-0.5838107668440002
15243,-0.128978464390303,-0.5961420717868695
15244,0.24801154646892318,-0.5851700471868974
15245,0.048350587016615244,-0.5912565565762243
15246,-0.2948777447904309,-0.23652837359021528
15247,-0.1627272493141356,-0.46054898184094517
15248,0.32901311623505686,-0.5426318725550277
15249,0.837104735323009,-0.5740523105534643
15250,-0.16860451864490758,-0.5136295736083105
15251,0.29731828705183916,-0.5582889596743571
15252,-0.1451762209323916,-0.45544319781744735
15253,-0.038804391731953665,-0.5208473196002336
15254,-0.6130003278765345,-0.22049867401084133
15255,-0.19592510008251585,-0.4509493260218428
15256,-0.2522662428456611,-0.47184277387791695
15257,0.1477448058236982,-0.5783843309456457
15258,-0.12630002639642104,-0.5184320516336549
15259,-0.5152499128874102,-0.3625835135828858
15260,0.01421743956044715,-0.5154699512452235
15261,-0.1573941583691797,-0.5259548688704966
15262,0.12769020363415837,-0.5770154947569736
15263,0.07099299110491757,-0.5492505454307243
15264,0.02158201488453554,-0.5476258194483239
15265,-0.047967635842973984,-0.5720373496903575
15266,0.14170694165050776,-0.5629677812856413
15267,-0.031677942505158,-0.5925529141662823
15268,0.02240553920975641,-0.5665184191205249
15269,0.02833694266815312,-0.5523008725546673
15270,-0.17967676440984004,-0.5699773825307368
15271,-0.043626473537555804,-0.6010533972499038
15272,0.2609880534035846,-0.5931916147656066
15273,0.012270281140106606,-0.5382634919856504
15274,-0.6683428914935883,-0.5039137482643548
15275,-0.060541763497105376,-0.44289428468506653
15276,0.33968091393181055,-0.4759310063393407
15277,-0.41379919602677273,-0.4417088371783782
15278,0.09097151793924241,-0.46857462106551456
15279,-0.014755823715534924,-0.48037105902254446
15280,0.2358926170697585,-0.5173304096495095
15281,0.09705621026879363,-0.5135404358848442
15282,-0.03782407907271046,-0.5029027115456688
15283,-0.23673349040169483,-0.4820695437525463
15284,0.01900703886744356,-0.4517812531448225
15285,0.23594664687316594,-0.5591925949178501
15286,0.34019077760138156,-0.5166433064892622
15287,-0.1721953177689356,-0.5281480967631998
15288,-0.054648470282357024,-0.5505567815022425
15289,0.0028676812858721926,-0.5077289161331379
15290,0.22638742300529227,-0.5862963118125157
15291,-0.17563360785355625,-0.48478869716536316
15292,-0.14108691406968935,-0.3708399310885651
15293,0.281692932539574,-0.5337690853793214
15294,0.000518687733725964,-0.605880452617295
15295,0.03965036562510228,-0.48263160274543343
15296,0.09187995242378502,-0.5300618745999598
15297,-0.20487585826179186,-0.588299013216862
15298,-0.4607434136637309,-0.3992339791225852
15299,0.2457810127127762,-0.48325973602960526
15300,-0.3671400439107903,-0.5112836494331621
15301,-0.7218276291405565,-0.3487910271684629
15302,-0.012494741799500853,-0.32075935256104415
15303,-0.12486716430643195,-0.2838448265200692
15304,0.08614989135115238,-0.5556810105232886
15305,0.1302347878379214,-0.38032966954960185
15306,-0.1966137029554674,-0.5549420477596521
15307,-0.2658893319691918,-0.5741837308124866
15308,-0.43495485684095553,-0.2918984365846734
15309,0.35129676392525344,-0.5378464451725521
15310,0.3116439274441662,-0.5835892477012542
15311,-0.058940054417337906,-0.5642711820326581
15312,-0.4428770133312159,-0.489432638627308
15313,0.37457835392999134,-0.51444380715234
15314,-0.1942195580820422,-0.5713084867267463
15315,-0.11288063560640306,-0.4900645845480089
15316,-0.3357093412409972,-0.5084887398970959
15317,-0.08333969850661449,-0.47767885839834145
15318,0.13999189046029434,-0.6370640717390059
15319,0.047105781921971845,-0.5855996058066001
15320,0.2779798491233846,-0.6065859715174111
15321,0.1929212738765825,-0.5696564030147829
15322,-0.04807282222451267,-0.599900432668713
15323,0.029947187690952982,-0.6432054746055015
15324,0.08808221126993582,-0.6241711976211998
15325,0.06938940548281923,-0.5669787882516226
15326,-0.05688003472802242,-0.5916649150580678
15327,-0.12096356190119226,-0.5518531840476343
15328,-0.11130443827289782,-0.6157189294265611
15329,0.12041119330003794,-0.6262684136974362
15330,0.07400447692708352,-0.6107425737560587
15331,0.40889576982965975,-0.511141013673174
15332,-0.06923681410744133,-0.5140975519401673
15333,-0.28994916567999285,-0.5589206606154413
15334,0.33924715352812895,-0.5227301916859015
15335,-0.11788981974024644,-0.6011765281836591
15336,0.3337806506064472,-0.6139395459716962
15337,-0.014685345075884067,-0.5657676114807435
15338,0.2477860683148805,-0.5148960804161717
15339,0.2355824098256644,-0.4798924894935929
15340,0.05851398208551581,-0.611777037315661
15341,0.044999851586649466,-0.5244479145924243
15342,-0.11395961717968142,-0.5143229318030405
15343,-0.011951568967387078,-0.5812284310999255
15344,0.09452803652010199,-0.6045607956983675
15345,0.5239221673080551,-0.5726859952553303
15346,-0.23450307919424052,-0.49291758465009733
15347,0.35187182316258764,-0.5770097394004212
15348,-0.22533992260242283,-0.45491303005923095
15349,-0.10203448042635134,-0.5828794527749741
15350,-0.371322569004652,-0.5674757766746815
15351,0.0881727506077057,-0.5707797619049368
15352,-0.08668740978650605,-0.5492387485531695
15353,0.1929079751733028,-0.5973491990729577
15354,0.09159962141646691,-0.5589910904484191
15355,0.18881935799880825,-0.6134730389902299
15356,-0.08369325582637319,-0.598972890169072
15357,0.09565402264705539,-0.5544469293030807
15358,-0.22472649438886985,-0.5066196434910901
15359,-0.136346898782799,-0.5709453535726019
15360,-0.14126742577857163,-0.5610101302952679
15361,-0.02315986650164923,-0.5185958075901798
15362,0.014093613382666235,-0.5696081630456138
15363,0.32492210229978363,-0.5376727390397089
15364,0.3732295575846627,-0.5076818608358024
15365,-0.22255059191724338,-0.5837643267136864
15366,0.4132167199052498,-0.4806793125018379
15367,0.7097786406600021,-0.39226038203048497
15368,-0.2082798404109825,-0.4869848620148845
15369,-0.16058031703984307,-0.5444745218478678
15370,0.10349197350421378,-0.551832842693264
15371,-0.07899388552506155,-0.5709466168041639
15372,-0.5154531543447219,-0.4748790068224233
15373,0.3391992126713899,-0.5384037414976817
15374,0.19447755123247493,-0.5675672125440641
15375,-0.3884479825748,-0.600959738586411
15376,0.46769529364939455,-0.5837502171584037
15377,0.05869385796699507,-0.5689276512018626
15378,-0.0019203537885622343,-0.5669641352978974
15379,-0.05226766821828087,-0.5807461140286074
15380,0.14011674163444693,-0.4652496809824926
15381,0.18117818761707918,-0.45815416299942857
15382,-0.22523641291867566,-0.3054011788944761
15383,0.1282111351193081,0.0783125235261543
15384,-0.060889295569857886,0.06370932141519996
15385,0.059803645835083206,-0.2970954212397299
15386,0.21114089447050335,0.19859782926427938
15387,-0.2029332508225877,-0.08124529165661053
15388,0.3177597713560651,-0.2453338357937052
15389,0.5420302997509939,0.2933015925456538
15390,0.18376045610388608,0.36910535760291513
15391,-0.27649688982485443,0.05125662221060194
15392,0.49712376953266874,0.2735282097662811
15393,-0.4822998432745073,-0.26990247175810633
15394,-0.29439096045149366,-0.05906240525061163
15395,0.5842088504473589,0.0902358543169862
15396,-0.007030068031746455,-0.18681126281422128
15397,-0.2460729625685074,-0.004059700964546817
15398,-0.0720782401892239,-0.23662431281004964
15399,-0.2979356555555403,-0.3400264615340965
15400,0.04919323999305484,-0.3798565113471263
15401,-0.19612291566910986,-0.47175892145454695
15402,-0.32236282921493786,-0.4734130039978986
15403,-0.36019439664576447,-0.2014848258114684
15404,0.4033270167986743,-0.41607937515944726
15405,-0.6180595144609508,-0.29171487730782125
15406,0.09305658742321243,-0.4912756869420695
15407,-0.07722480772994322,-0.4124161542150886
15408,-0.19656623309586888,-0.306638523965473
15409,0.37516595192672236,-0.4776915197812824
15410,0.06538632191729421,-0.49295149387465265
15411,0.20632465622148613,-0.48310128130598134
15412,0.5772839373398682,-0.35707263672469775
15413,-0.13510753512866638,-0.5365669099734227
15414,-0.31471115312746045,-0.47272793187340106
15415,0.16452280159781077,-0.5561646377021361
15416,0.01713310538072793,-0.5778302524628004
15417,0.5859777456716381,-0.5000688931373282
15418,-0.2442619392167698,-0.34308329721760183
15419,-0.13915039892291664,-0.5151889141277439
15420,-0.08011447484251935,-0.4355725165817387
15421,-0.22764087114622072,-0.5363065403598442
15422,0.44056712453481206,-0.4533574915150978
15423,0.3586667895775389,-0.36497094698837484
15424,0.028704072308579583,-0.3896782643054994
15425,0.3758676735690503,-0.09031300420398733
15426,-0.06212843921523644,-0.2888875966313901
15427,0.9146239006024438,-0.01923581763243261
15428,-0.15667067730039724,-0.22175988124051244
15429,-0.7546087343128431,-0.1646594815476884
15430,-0.04251047714562602,-0.32871307236394504
15431,0.30381162228163044,-0.14750277838865297
15432,0.2143788087150509,-0.20588295966577003
15433,-1.0343855530921562,-0.32543728113388987
15434,0.14490570348270823,-0.3113080076923842
15435,-0.1800924938630156,-0.3452441299497488
15436,0.09927039452768738,-0.3153084522576791
15437,0.06081375283396625,-0.39585437919565336
15438,0.055516853700606425,-0.4295376165609141
15439,-0.22941105247171692,-0.41415788295949324
15440,1.1337588295896919,-0.16048953709726285
15441,0.4751292055767194,0.1559141998181086
15442,0.16457824855401176,0.16335565871003627
15443,-0.29756830088175085,-0.21591666386962716
15444,0.11890049746776074,0.171368203032304
15445,-0.4732072542795276,-0.17738118461321511
15446,-0.41799448503473363,-0.01598380237896764
15447,0.3441268918072001,-0.25448511817985303
15448,-0.3668149710501374,-0.32955683146890047
15449,-0.15240420912966637,-0.3785637667925649
15450,0.12296484732328963,-0.2970129641906082
15451,-0.10515250761023937,-0.4645560890881197
15452,-0.4180982228215688,-0.3403899722838612
15453,0.45293538701723085,-0.472451415925502
15454,-0.6246000148424921,-0.11182133466790757
15455,0.6462519406433317,-0.5404921181996769
15456,-0.04330777421416987,-0.4536939972465148
15457,-0.3299093306758713,-0.4519073980342972
15458,0.48246460472346114,-0.1337620912465008
15459,0.5006990630185828,-0.2813289271473918
15460,-0.2593510511711491,-0.16490895829333901
15461,-0.2585491648933054,-0.3555884922811106
15462,0.005595739568392771,-0.38584320023933827
15463,0.7570874275646342,-0.20470720844549442
15464,0.3789323259214639,-0.05639975987463722
15465,-0.4803503615545182,-0.11736531797967857
15466,0.6964829807772579,-0.2876833088440622
15467,-0.02802134275674159,-0.12347613113050812
15468,0.006057511340907621,-0.30556226581566526
15469,0.5893788031258671,-0.15801767730757552
15470,0.058357461238125415,0.4998520022292414
15471,0.5050782576648224,0.4141755141880291
15472,0.0832522774987447,-0.08280586893767429
15473,-0.2131863501025662,0.28176608077047866
15474,-0.7017689352663353,0.1749526923477775
15475,-0.09386162954444945,-0.2072569831781429
15476,0.08407119651171363,-0.266502683424784
15477,0.4246929503943755,-0.33638641317070606
15478,-0.18509977339391584,-0.17100974517859072
15479,-0.1221976546402454,-0.2693176688535279
15480,0.6356257850294609,-0.18134564121622795
15481,-0.10325708917641728,-0.30801500575928303
15482,1.2532977848711306,0.4628753670415111
15483,-0.5435680388955161,0.0658954492821537
15484,-0.33158883167724096,0.32701180502379534
15485,-0.7450321865944672,0.20006142091950452
15486,0.7939305500514006,0.02246897975592023
15487,0.3911439608573829,-0.07665777993765817
15488,0.5421400494491531,0.16036121852742224
15489,0.07469322081934748,-0.23066157258161435
15490,0.04628385956363112,0.13900948724875217
15491,0.6037065135401346,0.37933160786812353
15492,-0.6035024965053061,-0.023420445573065912
15493,0.012104256170539734,-0.09351783739788737
15494,-0.39022811165127785,-0.1354603165527361
15495,0.5352949608852929,-0.08989302954759848
15496,-0.6597371824558815,-0.10637200950139533
15497,-0.2119508421747981,-0.2937111396597687
15498,-0.18232217507369805,-0.31627382515190955
15499,0.9686454049647059,-0.011170398128742445
15500,-0.902056500964931,-0.32315200037474545
15501,-0.2561798106565377,-0.3086099031877363
15502,0.1779923761606358,-0.4045178039724663
15503,0.32244956789065615,-0.47331823374969884
15504,-0.14478235231956946,-0.5042362515601713
15505,0.625821236165138,-0.2538707353945992
15506,-0.7551983464884252,-0.18160163860558465
15507,-0.19729337363242125,-0.03754960627811966
15508,-0.3840925987120039,-0.30641751495136765
15509,0.08760564449711955,-0.3125327931610157
15510,0.007122030697943557,-0.4098743676442144
15511,-0.33581887550126144,-0.3496980258864152
15512,-0.3807626039722863,-0.36380969204366226
15513,0.30036722779631414,-0.36760710139953806
15514,0.5356305208690785,-0.22362858659954776
15515,0.28590687251808494,-0.08991933141626517
15516,0.21149325244905576,-0.4212889797289388
15517,0.27525151018834737,-0.42940191331255245
15518,0.2597335178996259,-0.39674305392157955
15519,-0.31240511448157743,-0.43460206308457805
15520,0.11927105382614986,-0.42875365125634557
15521,-0.384405012697415,-0.490844947274126
15522,0.0009706373979515969,-0.27956550691751725
15523,-0.45766347642943495,-0.4409277216955698
15524,-0.0997223906304128,-0.36921846766657124
15525,0.005746113878766763,-0.49882349236694007
15526,0.2882635640432481,-0.2636098920992331
15527,-0.8722696118468242,0.09692296799154522
15528,-0.5204367192993158,0.06227348403185666
15529,0.3251334855191026,-0.28729269715889105
15530,-0.22975199067003318,-0.192801909455096
15531,-0.6814601517955805,-0.13480902611921156
15532,0.33620273729304806,0.030622942788977134
15533,-0.41953611216013575,-0.4141016868598026
15534,-0.5510606329716089,-0.27459077572094137
15535,0.05203276279622819,-0.005148336358145933
15536,0.267482489822282,-0.2549474057007274
15537,-0.4910670378018731,-0.004131738940076984
15538,0.23017082088181295,-0.1762200538699528
15539,0.32684047394555277,-0.35916046008518265
15540,0.27067763534910483,-0.34815464085046394
15541,0.41781110941642735,-0.3055437525669406
15542,-0.2619299080294072,-0.44065057720555917
15543,0.7007943966996072,-0.24648644229893119
15544,-0.0006226205450896426,-0.3670588527120157
15545,0.18805268433859723,-0.2385204030927402
15546,-0.4515103006172174,-0.462249260921361
15547,0.1246578225986156,-0.40457052341141225
15548,0.041390252170592674,-0.5033056869774323
15549,0.7663838038382141,-0.4692947773840884
15550,1.4410084216704873,-0.04889910155856242
15551,0.09569254964731226,0.619188712030457
15552,0.6624014986839233,0.33420887766719426
15553,0.2718487233891403,0.20734633886212084
15554,0.30336597265762083,0.1303520277926828
15555,0.6101630279710745,0.660275874819611
15556,-1.0541932301851233,0.09660922181541175
15557,0.22340831802691993,0.10173721434675982
15558,0.21289628766833096,-0.23403337066930407
15559,0.12165326245558729,-0.2871973153431667
15560,0.052769770316842414,-0.28353745860621743
15561,-0.08948283686213192,-0.3510476380127152
15562,-0.21285601174513588,-0.35350278857238804
15563,0.17735718272318587,-0.1523582591964927
15564,-0.25995380910157834,-0.3933700023474663
15565,-0.008849508236226178,-0.2585746549615137
15566,0.27989322727370636,-0.3878685210273685
15567,-0.8253718848118669,-0.26763057142205277
15568,0.5577380069096824,-0.20744307072923096
15569,-0.3616444183665429,-0.18376925252962933
15570,0.12130562769430833,-0.3709641015840118
15571,-0.06969457728448489,-0.24004241545353983
15572,-0.26174321800201467,-0.4151987534074394
15573,-0.39225416419478953,-0.35168226602929675
15574,1.154473695172097,0.05100927307509283
15575,0.23193749766095959,0.003998283970746808
15576,-1.1278096474345773,0.21613064060179044
15577,0.13421153988028794,-0.1894776270991587
15578,0.21228504356877395,0.1639695655124217
15579,0.07202749683257274,-0.031947563671880466
15580,0.4297051525916184,-0.04892090980559582
15581,-0.1198298136188188,-0.1927036449966389
15582,-0.7443357732643736,1.8269417093173659
15583,-0.7813265198838464,0.10655782625795486
15584,-2.4734440687613755,1.9364235128555392
15585,0.7165202260295713,0.10708266845455998
15586,-1.1865096670558473,0.32598985106684525
15587,-0.2561984432423319,0.6080320681856793
15588,-1.3656860330342635,0.5993696839720207
15589,0.4646646440404124,0.18196526405162478
15590,0.44743772468805876,-0.10059489410195184
15591,-0.5481325409945371,-0.06718148336916019
15592,0.27854322511253765,-0.34934665797675296
15593,0.009410451858869474,-0.3821105460718624
15594,0.6350851623420581,-0.2673221128410164
15595,-0.7483343388313178,-0.2604536829876576
15596,0.33534801848038814,-0.35182996212566997
15597,-0.04269341289054735,-0.4452075519395157
15598,0.13770212645837024,-0.4665234141685653
15599,0.5544130321581259,-0.027230808327053824
15600,-0.40133982266457147,-0.3452871372660467
15601,0.22986862377951597,-0.4750154452636137
15602,0.2853401204211035,-0.4869099013124744
15603,0.2441474551560468,-0.45521895663121437
15604,-0.08273109700895367,-0.3744374230907066
15605,-0.01569538398378706,-0.4778082106466612
15606,-0.4080509707402101,-0.46839984843883054
15607,-0.3363863512546363,-0.44842336244728276
15608,0.23398595152555565,-0.5244460229546178
15609,0.9327862682500536,-0.45045560123736317
15610,0.37331492476369094,-0.2589529590815476
15611,-0.8801265483493701,-0.40403167178801436
15612,0.18255817962892698,-0.5160890054817123
15613,-0.45764666374025703,-0.49006845217905465
15614,0.5656191924559376,-0.5001902702100538
15615,-0.1891271340975314,-0.37855448646573014
15616,0.5290108212296735,-0.3991592378852123
15617,0.19119104748368412,-0.31928681486799415
15618,-0.17205864643193086,-0.38909540341075494
15619,-0.384096858503556,-0.3744911395604034
15620,0.18493274741056606,-0.4634850190477096
15621,0.05226399477370401,-0.4275982189942562
15622,-0.337737916184181,-0.4045494854361541
15623,-0.9870154259589614,0.016718131025421787
15624,0.4699800915076825,-0.39273697412361985
15625,-0.9056187663533259,-0.2967628556650996
15626,0.5316508708920267,-0.48697078431943247
15627,-0.16481487858950938,-0.33972049357918305
15628,0.31304941317825047,-0.46446999542295175
15629,-0.16124172037865667,-0.3890736655637457
15630,1.0056066723362347,-0.09741442954797783
15631,0.2339308499943372,0.293392017982702
15632,0.37117128192723087,-0.2134585004872293
15633,-0.23775321343311867,-0.39151949313947937
15634,0.08559537150241084,-0.45567221604818076
15635,-0.4094434082350736,-0.3205675881124701
15636,0.23199252569008993,-0.5053492578414219
15637,0.23364371541099538,-0.45061099058140874
15638,-0.2457439142091725,-0.5105603014475192
15639,0.08614475432517908,-0.5292731955454365
15640,-0.48270732481640005,-0.42427171479564074
15641,0.2576465891261042,-0.49348572443283656
15642,-0.2106808446741472,-0.2991523780198528
15643,0.11371561035507194,-0.26763357114095926
15644,0.30946623612554947,-0.4941275692000305
15645,-0.378008799527613,-0.32544057373648094
15646,-0.20867233828056134,-0.4532183876368626
15647,0.6466083507850837,-0.46906664895465616
15648,0.3528906163622702,-0.4018019497086662
15649,-0.22712104498799085,-0.3456248105972434
15650,0.33392280145297343,-0.29381451077226917
15651,0.8355179971044419,0.178973953884693
15652,-0.0950694932433353,0.1613710022740431
15653,0.46740638675400453,-0.07473950765842266
15654,0.476308523205052,-0.19651646852994076
15655,-0.37777439150413633,-0.2120768003307401
15656,-0.4797225757555919,-0.32038680811808273
15657,-0.29404053488134807,-0.4794445780937388
15658,-0.4104153140815611,-0.3089342271604829
15659,0.3803734430221048,-0.4323290603016999
15660,-0.19319876629491045,-0.47993423688108144
15661,0.09867393835456845,-0.43514214138904994
15662,-0.010244809253156727,-0.2571163587911377
15663,0.00018659020274326525,-0.2943176238189558
15664,-0.036842634697986855,-0.182492315387299
15665,-0.3726234939601568,-0.14374178470694612
15666,0.32736736622719553,-0.3556876523093708
15667,-0.09883097642852268,-0.3726181342408105
15668,-0.3444813336816351,-0.3838567992241427
15669,0.3738110129153989,-0.4848503881015337
15670,0.2848495047296557,-0.4739243469774097
15671,0.525510169721335,-0.28699594627551467
15672,2.019514555915893,2.5097811203531943
15673,0.26903941343839916,0.26235334480677763
15674,1.2013494619553786,0.7149882760744515
15675,-0.11600315232773617,0.36233700037205574
15676,0.764496004903671,0.16218240077359286
15677,0.000952722145561526,1.216435407939385
15678,-0.18429872235567873,0.3936536700229186
15679,-0.1979526929947976,-0.09051583884353932
15680,0.17698898848155903,-0.03456231331336292
15681,-0.39750128404601265,-0.14127235799036925
15682,0.4876415281008154,-0.05621380976411659
15683,-0.741183659985308,-0.13479240390925895
15684,0.16164310746431507,-0.18608686995343127
15685,-0.26716425867162735,-0.14271437970632941
15686,-0.5841705145609205,-0.14426302993231369
15687,0.12642560588937554,-0.2777754540684864
15688,0.08851817088491444,-0.318686307669718
15689,0.8031017711224607,-0.20747896991408382
15690,0.25703069666329004,-0.09447569140138753
15691,-1.5959626790647643,-0.130043343707561
15692,0.6455046661536075,-0.3545982886705221
15693,0.2000242236270293,-0.43273611017737607
15694,-0.013934160908508167,-0.28442713442578255
15695,-1.0979766326739049,-0.22534458744008712
15696,0.3282110926945284,-0.34807761926195013
15697,0.31063370185609357,-0.4174224173057289
15698,-0.919434096126516,-0.2646436426141156
15699,-0.5259779213224286,-0.21898885433270832
15700,0.1752728064588586,0.2628346798182543
15701,0.08271610795476683,-0.3857862055393821
15702,0.3883828672814722,-0.3744317678424619
15703,0.15686898592666446,-0.4419609675087402
15704,0.04310788616708566,-0.5748973214005505
15705,-0.3559308115452763,-0.5625500075238877
15706,0.5160517365797082,0.012428999978559355
15707,-0.04670156405025045,-0.5299229468009321
15708,0.1794930002668431,-0.4615451648425139
15709,0.18711984584116018,-0.5735107958169376
15710,0.3317751065241406,-0.37162437764112544
15711,-0.024554864385640383,-0.34153588763263415
15712,-0.39768679184461775,-0.5438145606306872
15713,0.27738713093771694,-0.4658439617940371
15714,0.1335656821863778,-0.45622590078200226
15715,-0.3250619589381638,-0.44616614190347414
15716,0.09998689571365757,-0.48702406240535834
15717,0.33272345967061817,-0.30297092670575376
15718,-0.40143671343699733,-0.4369826840826439
15719,0.06831125897905108,-0.3952921711322851
15720,-0.29109398035963985,-0.2931857545703978
15721,0.5515696343283276,-0.3555091026543673
15722,0.5824641233148256,-0.3365640737707594
15723,-0.3252702736289284,-0.3398919275029523
15724,-0.1727551309101729,-0.47860702142713407
15725,-0.0503033742539785,-0.4792991191876851
15726,0.250095099361535,-0.3736285751752458
15727,-0.7079602349420282,-0.33123127868197133
15728,0.29901562354492145,-0.37089601075518264
15729,-0.38972662814281495,-0.44316553357239963
15730,0.3288111869617425,-0.5271171277123788
15731,0.9961061871244957,0.01980622748747335
15732,-0.005177247287814097,-0.2723018330488425
15733,0.5315939564981266,-0.3068012067506124
15734,-0.6359050714740837,-0.25736477491731546
15735,0.05600452185782388,-0.29330576491808596
15736,0.0709581330433746,-0.41467337041950614
15737,-0.15908947075532134,-0.45654078255591835
15738,-0.4937441519020702,-0.2743257997294285
15739,-0.07940893972357091,-0.2910024010746334
15740,0.2701292224192733,-0.1449629593628407
15741,0.09819540809103584,-0.45185827156982367
15742,-0.20187064903136365,-0.46589361487173603
15743,0.32681010507642,-0.3822928735612762
15744,0.3381947071806301,-0.34793627327064724
15745,-0.12234698126739826,-0.3821713257229166
15746,-0.5319286299203758,-0.2797760919302026
15747,-0.09625025007421188,-0.4685839315628408
15748,0.37771936121991884,-0.4445772086198939
15749,-0.13653736426910082,-0.4796620841307707
15750,0.019609524123471535,-0.45480390928530606
15751,-0.03037246896011627,-0.4720484011274461
15752,0.11396921384711448,-0.42567861206910007
15753,-0.15244263517050627,-0.45605887791560146
15754,-0.38048034520383056,-0.30014118876620355
15755,0.13275090288810246,-0.12418057923391791
15756,-0.1008892861012769,-0.3715892622508456
15757,0.08403579783330424,-0.4027035677696404
15758,0.20073637953436957,-0.21234013538338922
15759,-0.0769255844573484,-0.4793059906166722
15760,0.18054774953674735,-0.3274535819829322
15761,0.2605564994799549,-0.14061174798396578
15762,0.08291781377331855,-0.3880274341002491
15763,-0.49402964438770325,-0.43858525338888715
15764,0.029504599652167146,-0.2794324030281817
15765,-0.10107824674347125,-0.31154187783799275
15766,0.9496944602116164,0.6675689288443087
15767,0.6634545689641277,-0.07297118316980383
15768,-2.053834306225819,4.549685511812372
15769,0.18535909134929585,0.310009699820742
15770,-1.6385106749718714,0.7042643422766326
15771,0.8773201826454361,0.21560863303840266
15772,0.580479852308153,0.22138099334271116
15773,1.6503107464896898,-0.10621322693551324
15774,-1.4262861846460242,-0.048978521233857375
15775,-0.1775522200710876,-0.12171042904557139
15776,1.015260756215275,-0.29353869343280536
15777,-0.2489806548552746,-0.31005471470368035
15778,-0.24940400472128302,-0.2769411267469801
15779,-0.30979519507407544,-0.4274558534383949
15780,-0.24797354917353964,-0.42202722455113406
15781,-0.2865268976600785,-0.19881672598883104
15782,0.6988838169958214,-0.33763185177885036
15783,-0.2879012977579663,-0.3550460610753342
15784,0.5409998589901859,-0.2903130430458049
15785,-0.20000062237651192,-0.3738007459688768
15786,0.1436614860261793,-0.40383809216589467
15787,-0.13318160444515859,-0.42385936070810337
15788,0.5297632252456017,-0.5462547630940203
15789,-0.07819466299105027,-0.46356220816510624
15790,-0.48600385332079793,-0.420950826921311
15791,-0.22657468679052153,-0.4582523050647352
15792,0.009080367762668557,-0.47638917128620467
15793,0.08837997012877793,-0.56092066870587
15794,0.006352927925584588,-0.33034911517942
15795,0.3610243526820676,-0.4746916076700726
15796,0.13375216872034995,-0.4513299977936022
15797,-0.027899785563059838,-0.3626289545371837
15798,-0.47031409470662033,-0.43049072829678764
15799,0.01556987599486401,-0.43966263136168837
15800,0.07064111457279283,-0.5156819604785714
15801,0.10351949943919841,-0.508351371919862
15802,0.1519070814787832,-0.22961113356749718
15803,-0.032786459799324874,-0.4735147294104597
15804,0.31289386447955075,-0.4881495462573441
15805,-0.0697814423114479,-0.4997238598286201
15806,0.3649260481136019,-0.17676639019064005
15807,1.1160842304124838,-0.05686453022185341
15808,0.051126747221160236,-0.222673761393547
15809,-0.05973368056991297,-0.32392239114925736
15810,0.8741692915096108,-0.19063268771989395
15811,-0.24075405421185492,-0.36186682197362807
15812,0.1501766657688109,-0.4092895958958476
15813,0.06857394519695972,-0.2777347964827777
15814,-0.26811197582073204,-0.10861053355916431
15815,0.9570745212367909,-0.23550074003349675
15816,1.5595676125913893,0.7261363880326769
15817,-0.6386803860046072,1.0859430242455943
15818,-0.016407718985861415,-0.06791652646302407
15819,-0.1434345395982264,-0.160202023896454
15820,-0.4677392952948662,-0.037736672546434896
15821,-0.6534047255205928,-0.18528310973214795
15822,0.3938756564465369,-0.3293999397792424
15823,0.029960129727359237,-0.37269776047520553
15824,0.104939877546646,-0.3888116374217175
15825,-0.3987163050758507,-0.2933613748489853
15826,-0.4761252871761525,-0.38005029861279743
15827,-0.12463827745714195,-0.3865129695917745
15828,0.08882304708623753,-0.16048743311757924
15829,0.15451780399841758,-0.09801602609728716
15830,0.0034779226619473334,-0.2646029954823552
15831,0.5553502904893705,-0.1804445547431414
15832,0.11444990049769041,0.12487733334930858
15833,-0.04893092923580452,-0.2376099081750101
15834,0.2453892096975688,-0.22695486657625652
15835,0.1759108777825157,0.21771233513312183
15836,0.2211426454947741,-0.10835662115035982
15837,0.17340667288125153,-0.1367884222693664
15838,-0.564810642906204,-0.08143525509984131
15839,-0.10329499618627183,-0.29218786108061734
15840,-0.1177425605397637,-0.27710613682611285
15841,-0.028023232457756266,-0.4120877747048095
15842,-0.031421950513935336,-0.11368815399948329
15843,-0.2797454554768289,-0.4630227445158902
15844,-0.34892960538421414,-0.16471431120256802
15845,-0.2075673089254599,-0.2415243540442003
15846,-0.1609693142952581,-0.27777730929366007
15847,0.18151878572027708,-0.24072810655409727
15848,-0.18111174860905593,-0.472414593975247
15849,-0.03786154030966546,-0.5256192811741978
15850,0.23041705677481125,-0.3294417671757164
15851,-0.2743351766031816,-0.35065508307728765
15852,-0.3517069278588581,-0.3042671399884933
15853,0.3488675352286426,-0.26011219216343673
15854,-0.3173458492015425,-0.2866873889380724
15855,0.015217293304873215,-0.3934208372102775
15856,0.10670003402689912,-0.5279414450182686
15857,0.0478041273426122,-0.44763196687075146
15858,-0.08295580989586702,-0.4099501774607258
15859,0.47376510530611704,-0.3555429526365857
15860,-0.41044568004470267,-0.37429265986801774
15861,-0.3579645606387113,-0.3544915495682967
15862,-0.42287051529034775,0.2835143578019992
15863,0.7040395955737164,-0.29350750887289045
15864,-0.044347090790195394,-0.3267759171741019
15865,0.4215976433864759,-0.04774725726542278
15866,-0.22564604143934353,-0.3700459448765424
15867,-0.03163596894745943,-0.2916389379350658
15868,-0.13900791248230113,-0.0419410457852139
15869,0.5750502508160705,-0.3373217352073993
15870,0.13123186926239502,0.4867375340639509
15871,0.45001082164473843,0.40470022025616237
15872,-1.2317468847850443,-0.08883719071925444
15873,0.953334463894458,-0.35720506602286584
15874,-0.8259380468620029,-0.013765944671319724
15875,-0.025747767287469844,-0.36127675677208004
15876,0.3096386487727044,-0.4193870426241749
15877,0.2007561687980384,-0.27729005954987773
15878,0.43051693988410056,-0.26633045302209946
15879,0.4620926592919888,0.01746110055367929
15880,-0.33245837390190597,-0.1952093671682122
15881,0.5096141778795106,-0.27438666963057173
15882,0.17992551462297493,-0.2748044209543729
15883,0.9562417593883178,0.06891508614967261
15884,0.39431234560554335,0.12230892088484892
15885,-0.4213777354772286,0.06414574473371364
15886,0.4160209938666232,-0.1535236781139117
15887,0.5927872167474364,0.018526172151393253
15888,0.5657425586771926,0.03024730621145015
15889,0.04298420067174329,-0.18574274265802182
15890,-0.5775128741716951,-0.306889280963456
15891,0.4856159968096853,-0.2704481228603748
15892,0.06416198199876415,-0.3175640829980741
15893,0.3535782801365766,-0.13400024319617132
15894,-0.8231999203315904,0.08748110303288135
15895,-0.4746133668923351,0.059540709885121904
15896,0.4783689269851143,-0.3064844162963238
15897,0.044005887208126836,-0.08837317845429224
15898,-0.3026379637063204,-0.019355443962908905
15899,-0.2112872717750018,-0.39365053742601863
15900,-0.25241505520128465,-0.46435191512748
15901,0.10819932007170932,-0.4871490761433442
15902,0.8000756384989632,-0.18174609989873264
15903,0.7105165762644988,0.8350410301979191
15904,-0.4312908331940644,-0.09862630497954995
15905,0.11727597249627572,-0.21213966468781031
15906,-0.4995161590797051,-0.1761099503772962
15907,0.5171921560194596,-0.24851402217274993
15908,0.01672528073690125,-0.2960729631153596
15909,-0.15020420281105076,-0.3598096545988963
15910,0.0676107354690488,0.29518593488440553
15911,-0.2553075707857577,0.11528299780227429
15912,0.6883143106815274,-0.2917741750722253
15913,0.3102975710674797,-0.18819431289972471
15914,0.23288857853793293,0.24741080686506295
15915,-0.321194276389862,0.2449562895302828
15916,-0.3101720164237071,-0.0590002063333883
15917,-0.6168844800995962,-0.09695584340759124
15918,0.5898695462910668,-0.10165662569294515
15919,-0.002430776120939124,-0.2835980902129844
15920,-0.05595895995451415,-0.4098741005605486
15921,-0.036752056091054405,-0.37348287439624683
15922,0.09109684186722718,-0.41916624286727994
15923,0.1540147847350479,-0.37078839138326175
15924,0.17342658797121607,-0.19304057201468863
15925,0.1684424360000126,-0.1129877587203848
15926,-0.18355383255531404,-0.3236960814046235
15927,-0.29011246907752397,-0.2902729752602948
15928,0.40302429464969886,-0.3048182808318251
15929,-0.21702730917799898,-0.16908693352865117
15930,-0.1600000821622787,-0.22591658214518
15931,0.13028424696854926,-0.2611642304279135
15932,-0.10777896811511546,-0.20395466052530514
15933,-0.03385967461652441,-0.28301581359235306
15934,0.6300875105893582,0.26593495136869855
15935,-0.25504992544112653,-0.0903147691328942
15936,-0.16170298014732934,-0.24274424521776994
15937,0.17434668073177534,-0.2851549142048743
15938,-0.05093357220580717,-0.12730758861948233
15939,0.0931028097239744,-0.3498703162757539
15940,0.18206597776151676,-0.2939660616812476
15941,-0.22737145882051019,-0.3567839922713127
15942,0.2121531656816511,-0.3166733139909521
15943,0.3792515917938931,-0.2780993985506608
15944,0.4161510093079621,-0.08008532008472419
15945,0.14657680631274397,0.044551822421258255
15946,0.13438379048350665,0.5335733147889837
15947,0.3134480924210753,0.22918897701000646
15948,0.25111506855124477,0.2903929604234719
15949,0.9843759453483957,0.6966629719256016
15950,-0.11975339520198555,0.42729320565090934
15951,-0.011947089212673229,0.13622689173175162
15952,-0.14536197249451818,0.38117324821451937
15953,-0.11954390402179615,0.10671245966843647
15954,-0.8061143379789847,0.2791579337790425
15955,0.4909533505868256,-0.02772497267854783
15956,0.42437928861510815,-0.29463355164878535
15957,0.1767172922349661,-0.17761078921755713
15958,-0.44983817409441246,0.15360216171582525
15959,-0.2954526865506353,-0.2271959274609553
15960,0.6764108664349749,-0.1826715846489415
15961,0.03597850526465786,-0.1616901926365505
15962,0.07126258857223627,0.10031284852071047
15963,0.42482268280940494,0.21502129775996837
15964,-0.4163409462721676,-0.028719099444965257
15965,-1.479898892833641,2.171447161844535
15966,-0.36333713091495967,0.8667758642365282
15967,1.0005257775714191,0.0625386687054914
15968,-0.38926893116122907,-0.0548926217312953
15969,-0.31118067687959233,-0.14469993462870295
15970,0.8339968910934377,0.12294554678193355
15971,-0.4612907765208658,0.1772586691483417
15972,-0.64775488806702,0.4248122666393943
15973,-0.09483702657112733,-0.06983803093897889
15974,-0.4136710721484533,0.3985209283464774
15975,-0.22387419154446006,0.1638392008919597
15976,-0.7322197030166417,0.44175936953002926
15977,-0.8290111711932335,0.4598933007606074
15978,-1.6897786874077265,1.9339129644650612
15979,1.0356114735271802,0.07197703144469102
15980,0.6906074050580847,-0.23636653248841277
15981,0.05590317910438114,-0.38884490057370763
15982,-0.23182282925125394,-0.26984351593020955
15983,0.3379268119044127,-0.3815676381973269
15984,-0.19250211434901895,-0.4399680225993823
15985,0.12754525955020737,-0.47922550455082097
15986,-0.11420588743681023,-0.46315437502512113
15987,-0.08559956228484063,-0.5083822064077451
15988,0.1974498785968571,-0.49968131706155594
15989,0.09046156003715285,-0.4390284580606929
15990,0.7037596059262908,-0.27661466767109755
15991,-0.26512984023508596,-0.400180302706591
15992,-0.15508808991256495,-0.5310511164567415
15993,0.24588403282539148,-0.46424033541487375
15994,0.32355328519601284,-0.40431619998622703
15995,0.2939924582143382,-0.5013006300879883
