,Y1,Y2
0,0.4768791434051657,-0.31772787611837244
1,-0.20588511005527418,-0.44301504448915585
2,-0.23661341044247652,-0.27215823265919636
3,-0.2904817591360149,-0.1344217599150233
4,-1.058879479190696,-0.10916473384149136
5,0.264783370782249,-0.04215082127941917
6,1.2251288545284091,-0.0010009144614485932
7,-0.22884073622559833,-0.28196775350219777
8,-0.7106238049478423,-0.18376243902133826
9,-1.4237782008678375,-0.333631200007919
10,-1.2664385716635267,0.1809917463288274
11,0.09722368295293832,-0.18973880924224615
12,-0.6994275761922166,-0.11102118295347888
13,-0.14976170314977966,-0.27885035221701493
14,-0.20403028251465102,-0.21744442517578158
15,1.5254997091631926,-0.07821220861701025
16,0.962759077172968,-0.22061959701611794
17,1.1634700483722713,-0.12420449607309134
18,-0.5783112106666746,-0.31884472319043455
19,-0.8711703425084083,-0.4053121393567287
20,0.889161103820488,-0.0748005553450909
21,0.6480147478968271,0.06072675273573841
22,-0.8841174357706559,-0.3766049431689653
23,0.7664938270566504,-0.3895714926851641
24,1.4989837580438237,-0.6126091807778884
25,1.1002065067668765,0.8465908026590778
26,-0.8210852572273429,-0.10012921251350307
27,-0.40225213376224345,-0.350244475683069
28,-3.3058748124316804,1.174367996117459
29,2.13279873396273,0.7756573036347302
30,3.1372498500273522,0.9463897988199476
31,-1.4172703920785499,0.6294118700708216
32,1.3522826292199563,0.3874725329553399
33,1.1597408390209631,0.6427748731822243
34,-0.2644123598610978,0.15782798342271878
35,0.8501499244652463,0.4769778474522408
36,-0.5435318227655268,-0.06475412965969957
37,-0.3288347312808769,-0.2285834046176184
38,-0.4571015431594241,-0.16740867731644385
39,1.4255624127540467,-0.25584279223382655
40,-0.8412540920709035,-0.21756625276154717
41,-0.52567731731982,-0.26378550336143347
42,1.076395487524295,-0.272445064267514
43,-0.5709781637849729,-0.08141401618953455
44,-3.068537703427119,0.14212253670819522
45,0.08650468062602412,-0.13255232817542792
46,1.472449878191754,0.17693782414217132
47,0.7485151160397959,-0.20733422247126615
48,0.44494018996225704,-0.24656084898193592
49,-0.31002964907741776,-0.4920962976971217
50,0.444932382148138,-0.43187951627802235
51,-1.2013927208297885,-0.1994232959078612
52,-0.2580719042021057,-0.5104686672516122
53,-1.2896023757247672,-0.1445867777803258
54,0.8278008789395995,-0.23280538336178289
55,0.49344189385521686,-0.4943931372792002
56,-0.12119218498280823,-0.5661244218931815
57,-1.3452520152659595,-0.23747232445175728
58,0.9384808690677547,-0.3866437045565545
59,-0.20635385462442904,-0.6402218398517642
60,0.24745325855310374,-0.4323556280930796
61,-0.42494800466447036,-0.5835299546365645
62,-0.7814238693301456,-0.3193957225640634
63,-0.2855971081084041,-0.3286297825107376
64,0.06926975092477072,-0.4985259218790786
65,0.4131467222750087,-0.5408081245748149
66,0.5786052468560735,-0.1332540935307858
67,-0.8435799595366256,-0.33806548700598477
68,0.43059858979327614,-0.40869983324932035
69,0.14784566214976824,-0.505068090814777
70,0.18065719208517955,-0.07719443895807074
71,0.7421497128297618,-0.3207981925209227
72,0.1050644207678757,-0.39196840170688796
73,-0.20110045560686257,-0.16474032610123474
74,-0.6319478254302999,-0.3156836276573819
75,0.6041247316279535,-0.2613860816423693
76,-0.8354118512666835,-0.38276475618375894
77,0.42774025428406404,-0.4119248147501998
78,0.8052988705573908,-0.32924071735026167
79,0.23565049811112615,-0.33128178856297885
80,0.3633094891325658,-0.5029023438515721
81,0.8379227622011115,-0.3134486357876033
82,0.40335666445495455,-0.3698857974357369
83,-0.5647795945392508,-0.20832407208098236
84,-0.295205915874759,-0.46663609270934614
85,0.01559838124866475,-0.522173614237286
86,-0.1580060859093606,-0.5454768411490906
87,0.29355216724581196,-0.5236680119262651
88,0.5942505998767497,-0.4248219359732214
89,-0.00448089849358857,-0.4612433299022348
90,0.4565296512108614,-0.46290771488586135
91,0.5891938259218285,-0.14206759462297472
92,-0.7249121580062652,-0.47348288661956595
93,-0.8600304490622183,-0.48576712166247193
94,0.16362662310509934,-0.3613698180321827
95,0.5628549645810966,-0.4059226200606011
96,0.9319843306908261,-0.22037211439805499
97,0.18271664367823776,-0.4337498984177336
98,0.12226174217491348,-0.417623110631133
99,-0.30750307597441984,-0.3433649528195053
100,0.32028332403481485,-0.3701004642611155
101,-0.336201601097576,-0.3230552659148108
102,1.3848846532674588,0.10050461018125434
103,1.6510693328180701,0.17803293149697383
104,-0.042042299452033666,0.15254533580332233
105,0.7661679942788279,0.20666180736318376
106,-0.22638795712950371,0.07525526570150651
107,0.2529839295392462,0.019381034665128333
108,0.3709269971367076,-0.40668267536013947
109,0.1493668371595292,-0.4228760650302136
110,-0.6973957057995709,-0.2718151182131412
111,0.21252651690296337,-0.22729833141711814
112,-1.0446537229694681,-0.004217420777530151
113,-0.4647544908773898,-0.25810845233115576
114,-0.4096405980070432,0.04128887730999492
115,-0.1130878735253836,-0.33862698885905185
116,-0.5933221899897594,-0.07201489324501179
117,0.11340633315088611,-0.2903394104770151
118,1.1247142733278435,-0.28488313426205036
119,-0.26098798993114053,-0.16686416139511284
120,-1.4166060161177767,-0.0048715427759853935
121,0.3257803125021942,-0.2734460453869695
122,0.6311363195557135,-0.30682583054761375
123,0.19363671909072805,-0.33399116200293266
124,0.13422510623561357,0.14454584288017422
125,-0.18854871390602998,0.18412217614986168
126,-3.4839787593794567,1.0900544261530838
127,0.38232918844977326,0.4018160569319841
128,1.9263483356241595,0.1224154472664509
129,1.8578547609766662,0.26090574885549345
130,2.8195927196535266,0.31885877580144584
131,-0.4730661003430374,1.028059525018215
132,1.2496534451247174,0.2769258764683359
133,0.10186499266642146,0.25467910355337053
134,-0.7703357714178171,0.14030598397330743
135,-0.8246529964757298,-0.14381274994225332
136,-0.0737909944322265,-0.3561984219114751
137,0.5080850743949583,-0.3981600715953295
138,0.027361797393345988,-0.6654460022741427
139,-0.5228349661885513,-0.3687360745743987
140,-0.15616450390169254,-0.36333417760955794
141,-0.2399460633658218,-0.3873711419403322
142,-1.2742013401644887,-0.07870737703542555
143,0.007686740923859792,-0.4118939504703678
144,0.630133574986373,-0.3326280961519412
145,-0.2372728957937609,-0.3898946956138236
146,0.028616694296027534,-0.44793400017826523
147,-0.8612579751864742,-0.3403841352860664
148,0.3597472317491821,-0.32626973267454434
149,0.15051230002566707,-0.39771282507455785
150,-0.017206460659098033,-0.4347558321227466
151,-0.8980842822540033,-0.48182812507352446
152,0.34892201521554655,-0.5248645394347587
153,1.0927069335908355,-0.20292053735036764
154,0.4361692135834726,-0.5008727013597744
155,-0.3108872134953001,-0.5891634276031885
156,0.3996119723266679,-0.3874736179920001
157,-0.5499853022130868,-0.5366990577942385
158,0.5397571652581148,-0.41626360079404856
159,0.014495948723167423,-0.48876325716440416
160,-0.11583848831935589,-0.3893579330204404
161,-0.4048771856819381,-0.4615077619200456
162,-0.6611134948993656,-0.30092311311507614
163,1.3077739261445616,-0.30535733598640946
164,-0.1108246441232853,-0.3653626672230328
165,-0.48114258740403587,-0.5252509004022632
166,-0.6501013307636805,-0.32474960216342424
167,-0.330436405465469,-0.43142300031689684
168,-0.0915270292458048,-0.4209595103715067
169,-0.4481603342658762,-0.23893212209986553
170,-0.7421650253665169,-0.31011551689035466
171,0.16120890082143297,-0.4177074400507961
172,0.9728851179473456,-0.3755681655479922
173,-0.35620599826387245,-0.4064855550309743
174,-2.4195919395750636,0.43351496756460983
175,0.43363972416546004,-0.2457593949233448
176,-0.4008328522734046,-0.3347128938922683
177,0.2563799900172548,-0.45706269674168043
178,1.0916898881294368,-0.19962471035160978
179,-0.242552673522534,-0.38239874668854545
180,-0.34355289788111654,-0.29393932224189645
181,-0.27003367282068824,-0.5569822258197513
182,0.6067617329265617,-0.43080493411291865
183,-0.07614469694727904,-0.4914940828091726
184,-0.8431245555829286,-0.34974488363230305
185,0.6574111896189164,-0.2712699241328802
186,-1.4503975901354247,-0.3397855623194219
187,-0.8102125033448498,-0.21427212715912541
188,0.03581994104211045,-0.41092871549158394
189,-0.6520716933975857,-0.16595700536765917
190,0.28450909108509004,-0.25245644046637344
191,0.5802577721255531,-0.3270115254848287
192,0.5687460299498236,-0.4648434143133041
193,-1.3008897820225918,-0.25279334136519105
194,0.1834408867650109,-0.5152874138821937
195,0.2210136515072909,-0.3095401290947445
196,0.624015158287363,0.16150189421742564
197,0.665492316750428,-0.36673872832763865
198,-0.25259875187796776,-0.097238117432389
199,1.2221187667318412,0.18581094933016032
200,0.2589372275219619,-0.3472652038838655
201,-0.19434720738432626,-0.3717918583692692
202,2.6980596985736662,0.2657204008078352
203,-1.0587975991400214,-0.1589105304152278
204,-0.2406537243764379,-0.41514853808440055
205,0.20788705154813525,-0.46545886129247926
206,0.24738451493527897,-0.2233485967581364
207,-0.031845712413346244,-0.3732689837171349
208,-0.5220367914842279,-0.428897212305128
209,-0.4950999728339759,-0.4498891507006876
210,0.2092654352296469,-0.4974804816084256
211,-0.1946719486084664,-0.436766100549717
212,-0.31436333670367633,-0.5046437731122541
213,-0.6365010243770612,-0.5308036857988369
214,0.40102082482663237,-0.13910158784692486
215,-0.963231924852383,-0.3193333528648828
216,1.6357954106293433,-0.008718293788540124
217,0.8411888703728431,-0.2058059162834378
218,-1.4009984320046418,-0.1661630253551033
219,-0.9871732001037323,-0.24979529903093062
220,3.085735510028795,0.3100519060054232
221,-0.3956926086592746,0.9806008073916456
222,0.10921156160772211,0.4605067208692245
223,1.336212503870268,0.007221141059134933
224,-0.3817589151764527,-0.14177621268195767
225,0.8479024650439521,-0.18130577604026019
226,1.3921325916305265,0.8106739302640054
227,0.7104050878386131,0.5870707195262864
228,2.739900518677949,3.6520944757873415
229,-1.9104075291926006,3.5992001787540033
230,0.4553388634193748,0.6973257695765714
231,0.09850580529237929,0.07233634968277894
232,-0.43406913642633926,0.14736194897415975
233,-0.24245483918472296,0.13205045747378055
234,0.6595421828185631,0.6324847754608772
235,-2.366010483411593,0.5152517097671424
236,-0.7431845715678947,0.12650484535917464
237,0.17116753620631608,-0.05444434464618951
238,-0.14287559883458759,-0.38908467919292256
239,-0.47700296693045596,-0.3393183879972661
240,1.3862620683323166,-0.14862280462136532
241,-0.7813193870613516,-0.4254591397769558
242,0.19759771189945013,-0.38617021889217973
243,0.14843421382386346,-0.29497429969212785
244,0.19665801513153186,-0.4323724100082238
245,1.489378244881959,-0.11397727848131164
246,2.756522427935509,2.2880165178403167
247,-6.767244211444484,7.570418067020658
248,-2.312241464421597,2.2980823308815377
249,1.6099686446002992,0.4368468210376756
250,-4.4954897634195055,1.2502298471752487
251,-0.15606190661211308,0.25433869144279253
252,0.8662217097952226,-0.21535830428981986
253,0.3151289592487655,-0.0978820126390475
254,-5.266421261767043,2.0225641998037998
255,-1.769129724507367,0.9781478809622902
256,-4.8446645609399965,1.5596966382889745
257,0.5328594268954039,0.6750539130712768
258,0.5824876074280722,1.4184004018173366
259,0.6684369198780734,0.20788017033360448
260,0.1824205707357237,0.5706655880624908
261,-1.09619393130287,-0.19291226216190663
262,1.314227094872244,0.721018202436111
263,0.5425678316337871,0.22098957946787193
264,1.3395682260050767,0.134769745375475
265,0.36267051806190476,-0.33381830365801735
266,0.5308560609357336,-0.23042775281276015
267,0.3080489697023836,-0.33277679989203546
268,0.44190888438569176,0.12688405182188453
269,0.3396708193975365,0.25558834516223117
270,-0.048706121411176084,-0.07938564787786699
271,-0.4860977734318761,0.04212392968118281
272,0.5875041336240784,-0.43151746150899295
273,0.7759310558846094,-0.43168480785951113
274,-1.188939490468432,-0.2428657341767673
275,0.5110872767330676,-0.4091268109274322
276,-0.9029917500925163,-0.2928661905428971
277,0.7788702883667541,-0.29442717858571466
278,0.034543228299060647,-0.4297414029550035
279,-0.4296697927278924,-0.36339296335090393
280,1.8387433637970476,0.3193304131036627
281,-0.44459350797075414,-0.5896836399132541
282,0.024163518014480245,-0.3627934509779078
283,-0.5321626670283053,-0.3440419699115441
284,-0.02747123944538654,-0.4851477163650141
285,-1.0216966410109976,-0.4091157544984112
286,-0.06990988965086364,-0.5796658472901124
287,-0.12125219521536792,-0.3663525037106956
288,-0.6625836002144512,-0.25438584753726656
289,-0.7881795548586309,-0.28896513801067947
290,-0.0496167968149796,-0.1920606437957242
291,1.138714071315917,-0.26902168374100743
292,-0.7604980695548147,-0.38404388578158766
293,0.8481455072790093,-0.3777929854908827
294,0.6829643575614691,-0.22967071588576796
295,-0.2180069119130671,-0.24579797793872352
296,0.302388196831466,-0.19075600133166307
297,0.03646480279594383,-0.5389332370152687
298,-0.6393419019367581,-0.30168549390023036
299,-0.0973867337816931,-0.4614017848085583
300,0.7679027522149283,-0.33183658502251434
301,-1.4209811501345655,-0.2727562852391514
302,0.1991051702684825,-0.09812394714298509
303,-1.5728962393282298,-0.1709120429883186
304,0.036483084594412296,0.044817666710685794
305,-0.9080115832289929,-0.15886150665792148
306,0.9246357925857588,0.1764750651737316
307,-1.1232553768733213,-0.21953962523419945
308,0.470946331999483,-0.4011782410123197
309,-0.4001504632623447,-0.3342927912823597
310,0.051651807881230694,-0.004345976419274422
311,-2.094810851613316,0.24371774358106582
312,-2.2826210851633255,1.0647669712617125
313,-1.6651465444437688,1.5927522833507504
314,0.16488330446706057,0.43171157607498534
315,0.6711303767545964,0.3541126426317083
316,1.7170782213110396,1.0424530582060816
317,0.30345166115788946,0.3136982562972057
318,-3.6586505795280875,1.5579707424075517
319,1.8879854276694843,0.41614418549168
320,-2.284219081146717,0.34088210665262864
321,-1.660136225398805,1.0738503871415965
322,1.5835170588591092,0.7620978193261058
323,0.8055504510448829,0.16591601499050976
324,1.673937413404945,0.3999533410454379
325,-0.017114790281578446,0.09210854360157697
326,0.5013544719963178,0.191846731855336
327,0.6563988038303276,-0.21448659884059842
328,-1.1433864257886501,-0.1293340096010077
329,-0.7608616894004248,-0.22221175715679872
330,0.41763122211762693,-0.3256844695694175
331,-0.18998007684466606,-0.29687153433326585
332,1.3152827457447622,0.06970480770268886
333,-1.0347028331820027,-0.2582984769344926
334,-0.9592716309364512,-0.3570300661511093
335,0.5347228161683661,-0.555381591109057
336,1.992419401219642,-0.016886395221951497
337,-0.04806278139240233,-0.2521757688921573
338,0.6190742762973106,-0.261182349992351
339,-1.2989569608466116,-0.16869610093456894
340,1.0271866496108122,-0.15633862801857917
341,-0.5900467708721512,-0.1864698083609656
342,0.29815695508527246,-0.3198063071535827
343,-0.9892088102330144,-0.28757917645098097
344,0.9779293066476639,-0.3500428572098584
345,1.0188409366469267,0.010392370104173515
346,0.2918665469880809,-0.21946747460793667
347,0.20866080739147258,-0.4827446407543218
348,0.06504839064745382,-0.4399909350158544
349,1.2510759846558819,-0.08818790192044644
350,-0.17780384107042804,-0.2895208494084581
351,-0.11683790905870434,-0.4212153098664113
352,0.09576312475216697,-0.49104621990647
353,0.06642046199306229,-0.5705598219484374
354,-1.0503046183132596,-0.33553625308435564
355,0.7910539427992845,-0.49939916143094676
356,0.3260950927439784,-0.43161466494345624
357,1.0468701727128202,-0.020520758387607002
358,-0.665553633414741,-0.024503604593579587
359,1.122474967182446,-0.07490538709093128
360,-0.2646809962489724,-0.4769034604415192
361,-1.484273735169693,-0.19714762645242892
362,0.6021786126345112,-0.2863804481192418
363,-0.33863179932549203,-0.4172453343569229
364,-0.7181102392882445,-0.31254654517900216
365,-1.5455181754915603,0.05270355524456849
366,2.085536628536926,-0.011592908217026104
367,-0.501980289834115,-0.4223728388976522
368,0.21723024791738227,-0.42648423789943624
369,-0.13240625607462878,-0.5530708060943921
370,-0.25312456961315144,-0.4604320735716788
371,0.39244550615530205,-0.5396059359749297
372,-0.3783174920775142,-0.5161731460903247
373,0.2987452487862652,-0.5300383672846806
374,-0.575199566020196,-0.4405080210247422
375,0.4415522117123013,-0.5024494282503048
376,-0.3894238227555736,-0.28004054297874026
377,-0.13896829291661889,-0.4896249986182194
378,0.5092627966956095,-0.36532172061359536
379,1.1892376285553046,-0.3107765145199473
380,0.8222246214699501,-0.3270226643797121
381,0.10093139381653199,-0.5116235039139725
382,0.29309846175900206,-0.30805966689542996
383,-0.04121536561597294,-0.45186367230101776
384,-0.8327639486672939,-0.4806190379020373
385,-0.3443630207200413,-0.4268703883802686
386,2.140660741361377,0.26869014603076335
387,0.3014125511438984,-0.10394759798091457
388,0.3081033976631352,-0.367224717999164
389,0.8431787945617023,0.055750193377397755
390,0.7842205929367563,0.22960156095299325
391,0.14482431676621693,-0.0754309654631998
392,0.4120243793160835,-0.31044939041338393
393,-0.4415946422842567,-0.29470398123688124
394,-0.018811939800592814,-0.16180255185932027
395,-0.15268286991399885,-0.4156937987300142
396,0.6035075720207284,-0.2189760019484428
397,0.09204500552079292,-0.3633486108274898
398,-2.7862361265860707,0.5726847145413735
399,-2.7937894360411524,1.4767192798210673
400,-0.6741604828308949,0.21164057582023207
401,-1.1497152404741322,0.6969176348429386
402,-1.0755602532240967,0.374873337038386
403,-2.269575061470417,0.606677750831102
404,0.42330983416983403,0.06966683135137605
405,2.9622241621215055,0.3897633060871514
406,-0.5836824767324785,0.07330605549304672
407,0.14025654147504285,-0.19260205134817096
408,1.577374980155151,1.9894308270397683
409,0.6773493507621507,0.15616575808732833
410,0.06250772799815829,0.2778735019771502
411,-1.2370505619707006,-0.01248194646899864
412,-0.8820177403792667,0.22421940797081805
413,3.3815947773309394,0.8903624877077226
414,-0.9597008309332024,0.4566886764351442
415,-0.4599430668871089,-0.09737992786781696
416,-1.213007259324769,0.30666989969366787
417,1.3318736148311383,0.47227715411893034
418,3.0387806964316484,1.4552534615849846
419,-1.072337426097616,0.9987002741834333
420,-2.309610275307616,0.8673695934743141
421,-0.03820013424964791,0.2170689273556695
422,1.7009300979703523,0.44631117776067575
423,-1.8940730141830455,0.16354330856379798
424,0.30622008459718375,-0.21892515672764523
425,1.268192326826164,-0.3315238683127448
426,-1.1813248942827457,-0.2567288297193001
427,1.235800310399335,-0.19117166172776665
428,2.1995740693901484,0.31118258962157574
429,1.4204611321511513,0.4906638687274081
430,-1.5851738592524272,-0.021654263261768864
431,-0.1324640106244803,-0.1996723252271686
432,-0.46409001136358186,-0.2228616726228104
433,-0.03520717183382918,-0.32724103814248484
434,1.10760813973548,-0.03537846887104519
435,-0.424420841024379,-0.36086875179185296
436,0.11030336804610508,-0.45433865824704667
437,-0.5794831709362092,-0.3222912017674693
438,-0.38892889797679825,-0.2912420633701854
439,-0.15492192794002685,-0.4830436259592359
440,1.1234232974224896,-0.2135244567458782
441,0.29102128351774115,-0.37509004067060914
442,0.3025299695588206,-0.4334707062391554
443,-0.24339061538841064,-0.41917019815689727
444,0.8295352779539124,-0.5155466587107448
445,-0.8200463941819213,-0.4616527828045628
446,0.07593129571590246,-0.5755635412332181
447,0.12943636855514185,-0.4529803207727986
448,-0.32045198751200277,-0.5770725477873252
449,-0.09923151747194417,-0.5707648123088536
450,-0.9977320879797739,-0.33172957672303377
451,-0.4776880257703854,-0.3181062804519127
452,0.249253361913223,-0.4350979593338964
453,0.44048623185581637,-0.4379413497731883
454,-0.6868865656631101,-0.38334728631096016
455,-0.035820036490935514,-0.541234830050416
456,-0.8483064813016813,-0.3911863491677393
457,1.2605337017718874,-0.3403776705467928
458,0.47283867067666663,-0.4636102614955312
459,0.6470231667157943,-0.45849466166129393
460,-0.4564028252200167,-0.5548059006711423
461,-0.4191665719125285,-0.5444930267980239
462,-0.4572782609723106,-0.5704978701468268
463,-0.2799876227012392,-0.7002222946441663
464,0.9433195832085505,-0.5690358494757692
465,-0.5130889686906127,-0.5418865028877283
466,-0.4924225709784601,-0.49050167472907347
467,-0.3956827566624953,-0.5626839033293548
468,0.09674123794989253,-0.5122961554437051
469,-0.25519011539144,-0.5177428107993064
470,0.6208625920760485,-0.3704441246645469
471,0.1353146214538532,-0.5462253083817458
472,-0.6208004787381765,-0.5378215882587768
473,-0.33640217144512535,-0.43678422277648676
474,0.24457431378588262,-0.5305785961278475
475,0.5278633103385816,-0.5093021584740219
476,-0.47927720184428646,-0.5722960470406107
477,-0.23227856183576787,-0.5962723453228637
478,0.14325168138233235,-0.514002811412537
479,-0.1569440205616258,-0.6084523220277069
480,-1.0159861234550625,-0.3693548669484208
481,0.3903000025312334,-0.49819972224121833
482,-0.31351251650985723,-0.36065479413555646
483,0.6913185507647799,-0.47250866628171284
484,-0.040982869203602335,-0.6334344108336033
485,0.21250516501538397,-0.46398401367558506
486,-0.1364135349634742,-0.5671259973840915
487,-0.3557521353903861,-0.566929949866659
488,0.5253458553095876,-0.4342220500081574
489,-0.09110195775051744,-0.5061449097775392
490,0.8591794031492342,-0.36768854641214177
491,-0.11502247228536994,-0.493307976749249
492,0.21327888722644178,-0.41137615125975346
493,0.2662175412369764,-0.4695903257456887
494,0.09127000464480589,-0.5807066257917661
495,-0.34721517961375215,-0.5188569089355447
496,-0.5955123170712935,-0.4556425092072658
497,0.07541332432112496,-0.5393848430771646
498,-0.5356295583839848,-0.41644016968723696
499,0.4474611338391167,-0.3377142690412165
500,-0.35271854233103606,-0.47766409821636013
501,0.006841125391468028,-0.564676529361251
502,-0.10034630302937309,-0.4597575509189842
503,-0.1343036355285957,-0.553357062658923
504,-1.280318406327436,0.05639096176760977
505,0.3549776992253839,-0.2873482424879261
506,-0.9305215317305509,-0.472169079078427
507,-0.7377239136788223,0.14095778838272124
508,-0.7144587954833705,-0.29490978843522064
509,0.17520268412866108,-0.19588655779275432
510,0.3058737874662797,-0.18166340745118048
511,0.44737493052721666,-0.3390115728637637
512,0.08707751233701122,-0.36168371711947866
513,-0.19070785594680068,-0.5291954851266979
514,-0.8932244991937855,-0.42701167336346835
515,-0.186743214236,-0.42334647530014524
516,-1.127548910776261,-0.11839500442100448
517,0.9172470891411372,-0.28462410496613433
518,0.48159484333532543,-0.4281425388272313
519,-0.16818832116695598,-0.4782080761812394
520,0.4948534043384185,-0.3867017882852877
521,-0.19750341401677413,-0.5908278989797363
522,0.054601682595569856,-0.6128777818067287
523,0.7058308379821637,-0.4435859605171346
524,0.06876768386330784,-0.5339129935093895
525,-0.4059120795305448,-0.5581231490706539
526,0.9160183883546756,-0.34062333905346354
527,-0.33937813925155547,-0.5335163521947157
528,0.1419807390692549,-0.5138180752964201
529,0.24442478934363132,-0.6539698945843421
530,-0.09673478041537538,-0.5019755880691047
531,-0.2801176046512338,-0.5160091381754249
532,-0.37727927844414455,-0.5320643488760374
533,-0.41065109369333586,-0.5541491606559554
534,0.5168167727342686,-0.49098549970704175
535,0.32358636555599485,-0.6195767887607609
536,-0.004551325954766761,-0.478574459662624
537,0.05626985401938783,-0.49319828576311453
538,0.23515823757503695,-0.49197439348440264
539,0.3284902008242563,-0.5470412701357148
540,-0.6840114523085443,-0.52319279712654
541,-0.4519594793322288,-0.5351877439951569
542,0.5012952256170967,-0.44869882660383664
543,-0.20976529085288884,-0.6028996443069126
544,0.3361938223291231,-0.5487138165689011
545,0.33512117152829857,-0.5294282458716195
546,0.1516785099902872,-0.5309385142377734
547,-0.04201179095681157,-0.41427372809731144
548,0.4747845335445089,-0.5436785525689743
549,0.7012019321298348,-0.4466127194946715
550,-0.46195877856795364,-0.4734176776861694
551,0.4616941984874705,-0.6136346448321731
552,0.20058904919889559,-0.47027258330368693
553,-0.15810043610360022,-0.49554760498330597
554,0.06758516047063728,-0.4741585632840226
555,0.4703831182463798,-0.5005567777385005
556,-0.8522715156614112,-0.4559363651867476
557,-0.23188628861689628,-0.5886505542187306
558,-0.2558147448393183,-0.4373075651848396
559,-0.15413016583613787,-0.5040169040181492
560,-0.0397426399403516,-0.6536777075436512
561,-0.3004612345877655,-0.5561508928611929
562,0.18643982908785345,-0.4571142767171448
563,-0.4140006846301524,-0.5429559887218337
564,0.04393106106385081,-0.43577079551370934
565,0.39656966770907265,-0.5111676127041659
566,-0.3754551536285362,-0.4903129567341997
567,0.2398343928440958,-0.44040265286361857
568,0.0791762244233255,-0.6141358271753582
569,0.33179386870415206,-0.4674205314011257
570,-0.23139984078004977,-0.4513885963948202
571,0.37175906720695717,-0.5642677075892555
572,-0.4010691054276164,-0.41350178239437785
573,0.3757258815008365,-0.5947277789531703
574,-0.33928562424889575,-0.4986400027238884
575,0.015598162143870692,-0.5931088705196269
576,-0.7939922154711313,-0.4245469755797967
577,-0.6727246103534915,-0.5216049262635912
578,0.13139370561157304,-0.4645478351589619
579,-0.5882422885243022,-0.3968436095590183
580,-0.120793485536318,-0.49611129825866485
581,-0.10998462250776372,-0.4014088301064105
582,-0.7252970093335509,-0.3885191929227122
583,-0.31032154695392306,-0.3232351671489269
584,0.9955965910956627,-0.3203490108452812
585,0.34020865528360955,-0.5497958284935673
586,-0.4281267589106395,-0.592181524658689
587,0.7859663112026748,-0.44432233927964937
588,-0.16420935073690943,-0.5511164691392191
589,-0.1584217359430138,-0.6256912400649031
590,-0.5182128049301873,-0.42836129501862485
591,-0.4507091337965037,-0.45298466155396266
592,-0.08836515318025574,-0.5257874871117539
593,0.45332611608424433,-0.5059377313300744
594,-0.778812064644325,-0.49895751877659167
595,0.2755853540030473,-0.46282787639512313
596,0.10337563292077401,-0.4371804718225559
597,0.2508083141200322,-0.5594934371994962
598,-0.15226167446395206,-0.4399639174433039
599,-0.12737629219357421,-0.4753354169033921
600,-0.7546664057179144,-0.5033270971701859
601,-0.6218874471238314,-0.5925036225410678
602,0.17811274271526178,-0.22934106399916954
603,-1.5072893960680065,0.5032746599661924
604,-0.8908844914209116,0.17112687683329433
605,-0.8449903492240188,0.6907177452734609
606,2.0852271293846316,0.32576533687274656
607,-1.371131828146166,-0.1419055070473033
608,1.2188512716771887,-0.12282840316372454
609,0.7522620835901332,-0.16143328228376508
610,-0.9502612407163973,0.1399772723688251
611,-0.7573114533971903,-0.4248510344790214
612,1.001162900270041,-0.2829064010877135
613,-0.4918077724340466,-0.3124433583353725
614,-0.7066066802396715,-0.3702386300400142
615,0.08920839102888378,-0.13368922671487837
616,-1.1111005325141563,-0.3649871987937465
617,-0.6940834683463886,0.1670363192051532
618,-1.0150240837202456,0.1122004225666762
619,-0.5811007425786847,0.08709994822202285
620,-2.459387834050539,1.6320559597642081
621,-1.2277960018341592,1.3870541843510915
622,-1.6732410350415563,1.217526650114407
623,-3.9962793948149136,2.9168533346678402
624,-1.4358512035611608,1.544686574925339
625,-0.4685454706847053,2.150987713338028
626,0.797592433447074,1.0067211904435032
627,0.12338638164797056,0.7548621977951218
628,0.020653501406124736,0.27240827243811305
629,0.6368352066978388,0.5208252303149413
630,-0.6801249414874254,0.17627512992599295
631,-0.4536731844121901,-0.22485979036352505
632,-0.6863624854758489,3.364412870374778
633,-3.140681905442547,0.6508518579803575
634,2.3358234899730634,0.8338006700471363
635,-0.2548748737109182,0.36483796051159245
636,-0.274692133029005,0.07276608447720725
637,-0.8158260990222509,-0.2867394789283695
638,0.8429049387084132,2.3712586265972018
639,-0.1559442109604499,0.454403505509686
640,-3.433865631822572,0.5935472872741884
641,-0.336009685130146,1.1084334886674039
642,-1.1460244968688702,1.9016154649378354
643,-2.0558712456589903,1.7350858397718323
644,4.219385379380344,1.930423476257598
645,0.1228342891449219,0.6284633595479401
646,-3.4134243867711795,0.748007922682704
647,3.188275945216637,1.0919396496168314
648,-1.879202485044277,0.6360514831269427
649,1.2917230035627236,-0.11865811784122701
650,2.516646074654755,0.9091440533176077
651,1.4959199240901855,1.7458587310775238
652,-1.9857683637527934,0.7026468847990524
653,1.8135251160092771,0.40270904918787076
654,-0.650552573133453,-0.17852819168388148
655,-2.1317041744394394,0.40538886824777587
656,-0.7719280912737209,0.06792935896712715
657,-0.05351329015680703,-0.13405818341276754
658,-2.086615193984543,0.31916080223820065
659,0.45548373050671065,-0.06016055463789664
660,-7.057432537602309,3.9859402894149265
661,2.1525087279756416,1.3445475120954324
662,-0.5749124360796914,0.7556487888811335
663,0.9342702749858803,0.8357605523087976
664,-3.0538968709174372,0.974612203396792
665,0.8967212791707037,0.3387973366568875
666,0.4049898407808564,0.8974776972307484
667,-0.050925342566118886,0.6741481496326653
668,-1.3921644289154886,0.2569664713705401
669,-0.37850052064743833,0.600778527690936
670,-0.41024066164104067,0.2846779730718053
671,-6.91747834446493,5.106687089818575
672,-4.081160763675728,5.303552087607609
673,-3.226635447552328,9.558752636071652
674,2.6368223532277213,2.7672637480324775
675,0.13979336252886554,1.3466153267002252
676,1.051437255609767,1.154028792711537
677,-2.0765327380378866,1.231615429652308
678,1.6271518307579727,1.851717154242296
679,4.672235047789572,2.3026073914374523
680,2.6149230286590806,1.7319828390362915
681,-2.0640423270564194,1.5311534417316055
682,-0.9669440445610435,0.41007373817942916
683,0.8061066656045702,0.5476223881536594
684,1.8514370719087232,0.4641296238927354
685,-2.1367930752522026,0.8053388174010283
686,3.5367578829701145,1.414995981049898
687,0.8103229596549425,0.8814473580475103
688,0.298472119834563,0.7324153422409849
689,-2.4540667232316595,0.7060999072017159
690,0.6994730417682433,0.16206461192890217
691,-0.4159658125848198,0.1490887039180915
692,-2.6696412817957182,0.5290819665630374
693,0.45654422261274974,-0.260255878190762
694,0.34084785417590924,0.25959334075590423
695,3.9650133359680453,1.7992102158425454
696,-2.719151709398666,1.093438264488141
697,2.2688241037908368,1.1634899412768702
698,-0.6208855505386177,0.6482678076792235
699,-1.3432167771883692,0.6373091111819825
700,-3.480055237211344,2.5802479984579465
701,9.777477345426746,6.6238293830773625
702,4.374905170429555,7.044800765369336
703,-7.697497280542819,14.422950648101324
704,1.3786465900909577,5.612879459258217
705,1.634138981510259,2.694177239293622
706,-4.076129588103192,3.02945657125804
707,-0.5769317456984882,2.9151486863132097
708,3.7487895614813094,1.477956579775398
709,-2.1163772423826805,0.40168698597729
710,-0.803298392786339,-0.11370316693310079
711,-0.29493638062718214,0.48759431155285504
712,-1.634073648358712,0.7603496917268783
713,-2.433631103082104,0.6596244049028767
714,4.119203837978816,1.897664434077622
715,1.4188301650079418,0.283949515104169
716,1.6493260194489374,0.4791265651942277
717,-0.15141546745433165,0.7113195301276526
718,-1.3116579145318736,0.19111302238780573
719,-0.7971894932848097,0.40047167683267026
720,1.1309664004294557,0.02686606434580005
721,-2.288422923842089,0.17464210058904397
722,-0.5134350600925756,0.015257442379342318
723,-0.3431029600446055,0.04675654416088315
724,0.1447126990908567,-0.03320930062340602
725,-0.27835919743841875,-0.15463854671096383
726,0.8826892577179363,-0.047790510950461246
727,2.2200415702298284,0.3942341595044342
728,1.7872834879246309,-0.006187435990110929
729,-1.1148135295911539,-0.11890037991245822
730,0.0739321403378454,-0.20353373059698004
731,-0.9462448946236358,-0.13835906448571766
732,0.07296610344109694,-0.41788806771177267
733,1.1540287702475682,-0.23226901591804122
734,1.4684407356834246,0.2220825025267771
735,0.8863074942431749,-0.43113030207406167
736,0.09833056126962836,-0.1713420275862964
737,-0.4979848530164196,-0.09076211577362334
738,-0.8755199267392787,-0.057572446101237934
739,-0.305216292115298,-0.10432278295681738
740,-1.7841087168960108,0.24839210381098406
741,-0.24184400232509445,-0.2717468216201022
742,1.5277553259145287,0.14392179544079384
743,-0.990048551841484,-0.23931022511748082
744,-0.2340439224931109,-0.2512205889158091
745,-1.4578787974046108,-0.2195106858121623
746,1.1003375923771186,-0.0812325076955956
747,2.2940529535454472,0.18404308051184123
748,3.0035040495762306,0.7931909413099644
749,0.35872441200936844,0.05860985260162091
750,1.1983547014565894,0.4393140501570163
751,-0.7188145530349581,-0.02508207712276178
752,-1.0770164379117582,0.029149025079384355
753,-0.761713929513601,-0.021183229927177222
754,0.2200828863801202,-0.34773371319042
755,0.6001781440413774,-0.18413667921617416
756,-1.6324617915343262,-0.13671661039244556
757,0.2944857325901671,-0.26508773553167075
758,0.7616641948109982,-0.4020131866656408
759,0.9384847913861228,-0.44020776267480144
760,-0.08004547962177169,-0.22071747948073878
761,0.2541034122540776,-0.24683820031391507
762,-2.106509262619194,-0.036296568028515136
763,-1.2911513807462005,-0.010812618865295012
764,0.464517922553192,-0.31508005963175567
765,0.5822872098427879,-0.35828324602515516
766,-2.113955232255054,0.3260801467083685
767,-0.28843002237141485,-0.33557391731789626
768,0.2998808785110745,-0.30051822786366356
769,-0.7839046091315507,-0.4150199790804955
770,0.05047891231425711,-0.3088519869650461
771,0.642042562793655,-0.2028724513425517
772,-0.2931436407744517,-0.22477470407935426
773,0.28452351065539133,-0.3537321028318091
774,-2.0684756676648854,-0.030060453270542742
775,-0.34175129189021103,-0.1123639308276535
776,1.353335860003544,0.12915397685021154
777,-0.09974515493790218,-0.35694668369937027
778,0.0931169310520571,-0.12798049195961347
779,-1.0457858706640764,-0.10938005871275734
780,1.4281345094047442,0.05736102145008695
781,-1.1820145989235473,-0.19414548684643232
782,0.16241722451025647,-0.3521846937298546
783,0.4071234941410602,-0.41738685369927364
784,0.4432357602036856,-0.278666993643368
785,-0.36178067862532926,-0.38931383692881727
786,0.7656872590984256,-0.10196832268492659
787,1.3764369164850696,0.02811867967482959
788,1.3387875953649635,0.33385905500418467
789,1.4919038697611091,0.3830079530345498
790,-0.44543277160316697,0.49231841791968667
791,-0.16445177947722084,0.2855057352966768
792,-1.2460464150243848,0.11864955350748277
793,0.3692769782014159,0.1012585723229453
794,0.4087310124490111,0.010669630148833958
795,0.8123947242413622,0.029279600250462834
796,-1.7242711880321986,1.0926524004820197
797,0.379206489999371,0.30747783105910365
798,0.5354427892982758,0.576326807327208
799,-2.3871029447391243,0.36221535523200465
800,-1.9229788619773065,0.40714164236700456
801,-2.765381339151128,1.0686352160754562
802,-0.46038377696061505,0.3763094118152214
803,0.04878077769484446,0.14200534664059292
804,1.2824858188313555,0.21551768676711894
805,-0.5342609125905631,-0.3246627061768368
806,-1.3520895206264152,0.20025492081618904
807,-0.14533811433765342,0.5631984691959212
808,-3.8634195903241917,0.8817040203930365
809,-1.1107486540749356,0.6176196086052389
810,-1.5581729704200415,1.0541410364599915
811,-2.3580831929222734,1.1566584700932387
812,2.903910215415882,1.9901863768047483
813,0.5146239423273763,0.5786371666519554
814,-0.8990982893809919,0.1568252093200833
815,1.1766737710125579,-0.11033591904891177
816,-0.07201709940734047,0.8545467288877155
817,-0.6030392815271337,0.09330727530599017
818,-2.151889971719705,0.5015302014892811
819,0.47948218110513396,0.3474245455655194
820,-2.8427487552084707,0.7200031846324606
821,0.8576722905210384,1.0556727007842626
822,0.4127933039962791,-0.14138913216711335
823,-0.6969028147474088,-0.32962259306396613
824,2.657731981344127,0.3697109197619357
825,-0.2410960258286434,-0.21997355086803178
826,-0.7374784200604271,-0.2060485613973212
827,-0.9075788895629696,0.13283028806000655
828,1.328062890383459,0.009388654919093659
829,0.23773887650363862,-0.45116795820786715
830,-1.5544409464514533,0.06795304828050633
831,-0.35601592699345846,-0.11924433651247834
832,-0.8569407464213724,0.02097668779806558
833,0.9566239845022652,-0.19760666490069626
834,-1.4854920988603504,-0.11163684387837401
835,-0.5067303117133756,-0.17638246227354473
836,0.10893188751740895,-0.4008197448260755
837,0.22979040393428196,-0.20439307201699375
838,0.8751602621126237,0.42603290886380685
839,-0.23033726102698526,0.036041322290844335
840,-0.9009072771367925,-0.0901993225460198
841,-0.5923649194564835,-0.12157808182503146
842,-6.9297994193675745,2.3387527742359078
843,-4.232978158908844,3.733831373405666
844,4.98649866770044,2.561381544917
845,3.0284310564314763,1.0224086678111033
846,0.9587572169819266,0.47041780759173546
847,-1.8012969947078177,0.09739722551047733
848,-0.9624243004144661,0.054631854974676625
849,-0.08452826876754341,-0.05563760392447992
850,0.29253271892395344,-0.14452530737868252
851,-1.7025011838786597,0.1448160330902485
852,-0.3933339677791241,0.2708074751578733
853,-0.20904843107840165,0.0315654865656563
854,2.831587723077628,1.2888736291057632
855,-0.6205733351738956,0.2917712403428182
856,3.6396623004388924,1.1580128456228198
857,-0.8896322321080262,0.559613485481677
858,0.4285770698700604,0.16649242347178464
859,0.9560655531603007,0.012950029328628404
860,-0.3588432974629465,-0.0858387261485063
861,0.4532302994283913,-0.29725011170549026
862,2.718401507867372,0.4962271485379266
863,-2.1028219027502986,0.13000450293824625
864,0.7784122735348719,-0.25992257916008343
865,-1.2522797105457841,-0.2103721200294763
866,3.422424000854076,1.7742068131070963
867,0.25626724240942067,0.19977045737700014
868,0.7765646680334699,0.3479634512028129
869,-0.949442727813414,-0.15926410556058515
870,-1.0711791247738454,0.10520769300941418
871,0.1781878983553583,-0.33156657117425026
872,-0.45420917184061876,-0.13985878839695792
873,0.5098274387725094,-0.22500511876359272
874,0.161096156220153,-0.33467458570262076
875,-0.8798096080895073,-0.4484015568891824
876,0.546354790781102,-0.29979934553954346
877,0.22355027123547955,-0.29753872681469506
878,0.16815440422203048,-0.29929645773744873
879,-0.9887473792415779,-0.36905196124715217
880,-0.5831474270973771,-0.21699712793198211
881,0.8849734610412529,0.20547101032232837
882,-3.222005417140328,3.1342086191422016
883,-0.23070782390757036,0.10266692884787315
884,-3.5856317487633995,0.9987694740498961
885,0.7375081643401781,0.9338829556929295
886,1.1693511508640997,0.15227182241733514
887,-1.417729253751797,0.16483569512592142
888,0.9973576258026956,0.056040560146116275
889,1.4678224603306558,0.550943564133648
890,0.5710606427424,0.6048347707892084
891,-0.7000477430698252,-0.05882676946982637
892,2.2682000333603196,1.9884870505492063
893,0.9966515666870471,0.5262832321784184
894,-1.3860011464119255,0.9293615365399815
895,1.351023601076498,0.7587685133924374
896,-0.3224179669512631,0.3739239029879563
897,-2.56783067215096,0.7755355948163306
898,2.110384818809965,0.43552240993747937
899,0.12609039021195478,0.09873830941651332
900,-1.3192520130971581,0.16354787606076762
901,0.6212580754640398,-0.12734243915443613
902,2.43263295501057,0.22659540843169304
903,-0.7350018607604417,-0.032441116453301055
904,1.193475146905346,0.10284777559408861
905,1.5886465347484058,0.254177103036309
906,0.348395606603355,0.7269095414960445
907,8.028641224851237,10.648827778333683
908,1.7306203407221288,8.214094354154229
909,4.5531754848214145,4.000420795537629
910,0.21867936913469688,3.9572928083785386
911,0.04638373102507176,2.848819171455943
912,-2.0409727394729993,2.3001837472095787
913,-0.9338471654091933,1.7935209232532685
914,1.6599847580598923,1.08378350638814
915,0.18967915175706385,0.43558051134934817
916,-0.5621025816815053,0.06188822692229334
917,0.003802858740539372,0.06007001687015215
918,-0.10810289116889382,0.044526237432949506
919,-0.28037313746504183,-0.15861396803251784
920,1.9963914775775988,0.6681638568261791
921,1.4872260371578552,0.5411255375453724
922,0.8729666088788487,0.860058188562549
923,-0.7140327481277994,0.10769577085058091
924,-1.5398712663365748,0.6715928527964762
925,1.2994889878763232,0.46523417759730123
926,-0.4807266602966912,-0.07058354511213846
927,0.3163131828367758,-0.20203719980284315
928,-1.4532901613969766,0.16292250841883119
929,0.05447078510431186,-0.2774503480088899
930,-0.6519108089987209,0.08842223383250172
931,-0.1397228399496157,0.027796188826237883
932,-0.0964302729954151,-0.26712389552336924
933,-0.52191091299634,-0.09307946583659288
934,-1.1416660553655027,0.3354530136926397
935,-0.5680825473585343,-0.02341643179512573
936,-1.9167614883671988,0.4128328111477272
937,1.4807008506698995,0.2395400285485623
938,0.06545187011379416,-0.07045399079535872
939,-0.7640272548078654,-0.22282093018066712
940,-0.2511508271175351,-0.16784092341886622
941,0.10595802647934927,-0.19139440733751462
942,0.9736171924960241,-0.027497200592181748
943,-0.19247256013826836,-0.1504392807946273
944,-0.5922152801046663,-0.4087695825782558
945,-0.5724862715071162,0.03566032829423829
946,-3.06180328395893,0.8717265093368695
947,-0.6939669956939551,0.20403980640221367
948,0.8177997091146062,-0.06866459444862155
949,0.3774648687998571,-0.3609247360209591
950,-0.19917217635716147,-0.2227675425628751
951,-0.528196885007,-0.1833141564781712
952,0.9834958365313139,-0.14884891618303128
953,0.9799560956034733,-0.17248180191869633
954,0.5758251576418064,-0.12472193488221947
955,0.7473935972098498,-0.28744867113174266
956,0.04529636276771082,-0.13909115835437139
957,-0.20811361123294395,-0.32969249410138923
958,0.6984695150562138,-0.0995901434849516
959,-0.5415968733229876,-0.34138884958132976
960,-0.7982535989871296,-0.14880449856678077
961,0.8656775464602212,-0.4644919677993984
962,-0.11757171262323965,-0.3171584443244132
963,-0.8224394255690518,-0.15398860621501292
964,-1.4989253669251852,0.7692661356289346
965,0.3026906580416555,-0.28932543859136484
966,0.670617605301691,0.008268416078094948
967,-0.12340584317964355,-0.3137958135168146
968,-0.7297281138673248,-0.04048705219918711
969,-0.21540407649956772,-0.3849735436312942
970,-0.05294408127063044,-0.41810494989505453
971,0.7991808190472274,0.01637655325017276
972,-0.11233570185145361,-0.21703525794633116
973,0.8686913645249369,-0.20068361442860527
974,-0.11782982049265203,-0.49496069682870525
975,-1.062696228964104,-0.19696839306088906
976,-0.2896197312552977,-0.544877113945958
977,0.9166521954805295,0.4214920608831161
978,-1.2972305711015708,-0.3137722140639717
979,0.04443773321788058,-0.268678235732996
980,0.81016518596888,-0.06690674410273972
981,0.2846181048468135,-0.20030145011856282
982,-0.22703888450788395,0.4354517820713313
983,2.0840227557342597,0.5340132573804568
984,-1.1082910050286656,2.3514690515597145
985,-1.00044970904471,0.12632684710552025
986,-0.3639708575602125,-0.18939028323465165
987,1.0872495295280178,-0.015534034386309042
988,-4.56170468719116,2.173069803777536
989,0.35780851996180074,0.10818994185243627
990,0.33931928475373463,0.5535574497766649
991,1.1586078649395035,0.21730521152469442
992,1.283925311228848,0.21567772523028475
993,-1.8588129868673717,-0.15356380389327343
994,-2.386346825262955,0.47178371684191267
995,-3.5136427400940096,1.5614167449688332
996,-3.284201399498015,2.3449759121456406
997,-1.0026758313370219,1.4718167791312888
998,0.9256099044482379,1.3185123189915873
999,-1.2853778221909185,0.9498395843440964
1000,1.830573891112644,0.839236392000725
1001,0.9418013806861977,-0.054620860692156784
1002,-1.9889429073290685,0.9266023678858893
1003,1.3106736698001282,-0.005847106217591061
1004,0.42063493852485156,-0.21201742395933695
1005,-0.013218057289240415,-0.08689140780844512
1006,-0.0181575464950694,-0.12010588882774413
1007,1.9251383609727015,0.19098104222309767
1008,0.40764020669346424,-0.28131206917742824
1009,-0.4515462474689299,-0.3111795709055807
1010,0.05774455673515655,-0.3686638011949866
1011,-0.88997552281226,-0.17466845622507735
1012,0.0569789097927908,-0.3714883794064223
1013,1.121399687914749,-0.04224879505030554
1014,1.1845768302345565,-0.04076333820881886
1015,-0.9777770128089095,-0.2445100013443508
1016,1.220039466402679,-0.019594654318888377
1017,0.25264851863647514,-0.3057330953335057
1018,-0.3362898954931663,-0.3775064795063806
1019,-0.33174135878619315,-0.4130346734816037
1020,0.21448460477864628,-0.391000811916136
1021,-0.4235547867284416,-0.45365235289431505
1022,0.4242357970768531,-0.35381838279442057
1023,0.07302868483744013,-0.3836723528659144
1024,0.9458917243641128,-0.3459327502496339
1025,-0.8293897157563074,-0.46633995100826
1026,-0.4446912103206002,-0.503143613750672
1027,-0.20404551247963149,-0.44361308615775863
1028,0.7477481323640538,-0.30779007715584983
1029,-0.25974501286147167,-0.336279902578952
1030,0.8644063536549188,-0.08714496032900647
1031,-0.9310843350292116,-0.30882155641462605
1032,-0.10671860589966635,-0.38823157120838425
1033,-1.335488183092263,-0.03287586724540717
1034,1.878336135604496,0.28454334524480673
1035,0.39446114650997754,-0.23486861584801877
1036,0.7240076929010569,0.0976177323182256
1037,2.23026286765669,0.1856634239822926
1038,-0.7003717702900333,-0.30846886904029747
1039,1.7609325348102072,0.05511496408699712
1040,-1.0694688107294619,-0.14436470095117473
1041,-0.4075969793463529,-0.3276345662347806
1042,0.6082209582849617,-0.22495821847959233
1043,0.5733199644327954,-0.3331037350047175
1044,0.4443937650714681,-0.08137724522680115
1045,-0.0585730191685504,-0.3889668869907458
1046,0.606198247146898,-0.18589843477045398
1047,-0.023848333482188178,-0.38577817866011044
1048,-0.7061732106672532,-0.2980299569041281
1049,0.2812493963894241,-0.5013613744353379
1050,-0.6168909346132697,-0.457288935156254
1051,0.6081833096164627,-0.7579592759692485
1052,-0.10577228403352554,-0.529564440027764
1053,0.561251990307377,-0.31071211609136506
1054,1.1363100972803664,0.16319253956026794
1055,-0.5182149260114302,-0.2787190515483961
1056,0.36962130057927056,-0.2825081787369662
1057,-0.15532839170243334,-0.11564175475883094
1058,-0.3802419461271219,-0.32177965254383395
1059,-0.5816654284914967,-0.28318032885160677
1060,1.596842798649678,-0.08490168211028984
1061,-0.4926931028540957,-0.3615557780098605
1062,0.05991935391514763,0.636892330761074
1063,-0.5575092388401162,-0.11180333575698752
1064,0.6785802373032085,-0.1031110216557794
1065,0.07267860115311348,-0.0994131299577202
1066,-0.573399535959647,-0.17987376129417817
1067,1.840135693520129,0.30353514841523666
1068,0.5414011001852849,0.23418947437027318
1069,0.7721184141101274,-0.0695021854667772
1070,-0.5290231236806413,-0.11537827043198348
1071,1.2829090926018822,0.4644502161657975
1072,0.11161296728265963,0.5261598434585741
1073,-0.09029709907521935,-0.03533618736080438
1074,-0.5628901824257944,-0.10637621254593839
1075,-0.5698811026319186,0.3890437288765337
1076,-0.18314804397837398,0.24841965327378526
1077,-0.3383952599120579,-0.29675510475374645
1078,-0.46308379906291686,-0.13518537296129862
1079,0.7580586330223996,-0.05476760702953429
1080,0.15827774250342097,0.3103537780363056
1081,-0.7781806784278172,-0.10658941318069559
1082,-0.6977472690001478,-0.02577815848116166
1083,0.4030119584986047,-0.01805657894797405
1084,2.664359887934706,0.7825415840051247
1085,-0.016656624023659306,0.09235347250344886
1086,-0.6981888945512822,1.428093973488968
1087,-3.4319849027543636,0.8877847536068714
1088,2.0245687809840014,0.22706987324492292
1089,-0.3098941240350113,-0.183799751131969
1090,-0.26314364373563803,0.0906716764200017
1091,0.9383978334375268,-0.12000000711305986
1092,0.9776585184927092,0.010017610984829145
1093,0.006023657729852888,-0.3218855387591555
1094,-0.9691572366726985,-0.42869840101027523
1095,0.0666306917999927,-0.3102838614377574
1096,2.068294378046869,0.13103216121348113
1097,-0.7755967598819774,-0.12013426264540411
1098,0.5128943933724922,-0.26830806495886517
1099,-0.07459321386088164,-0.17469361867488087
1100,3.180278618260533,0.793492153557632
1101,-0.30553376868716625,0.4071146675295988
1102,0.24005013143959053,0.38304915607148826
1103,0.11217634017771744,-0.05445793616205666
1104,-0.6803004286282657,-0.11126396810693341
1105,-1.3328577082369324,-0.13180721675152518
1106,0.9814420334469284,-0.04155609536010682
1107,-0.5202416004549117,-0.22968267729809377
1108,0.1887362661152539,-0.5135490707906215
1109,-0.07411984441455821,-0.42328827426846427
1110,-0.2822392967579512,-0.5111863841211087
1111,0.8107483919969477,-0.37342235770704857
1112,0.2737895563274732,-0.11599022004031398
1113,-0.36359479865176714,-0.4200453466416917
1114,0.27459713073776254,-0.44932986374051065
1115,-0.11277209402286631,-0.2399323937340463
1116,-0.9171742389998861,-0.13623188094624564
1117,-0.009719068846575002,-0.5141505374498053
1118,-0.2397791330630092,-0.420363391057756
1119,-0.039208880257233875,-0.37772097413376104
1120,-0.445168821945529,-0.4472369783183685
1121,-0.04666330722038711,-0.4482540650384108
1122,-0.8697629284283651,-0.5372169115989147
1123,-0.43073870276127146,-0.5448999010252853
1124,0.8120998254479853,-0.319256233562243
1125,0.004045277788897628,-0.4800067980757464
1126,-0.7115564072179611,-0.40929868301154104
1127,0.5046256587213617,-0.3303704742569927
1128,0.5194335849331972,-0.4554634992327792
1129,-0.6436153120109463,-0.6034508617832395
1130,-0.09278813291997998,-0.46008510837258143
1131,-0.764188942359902,-0.4362460531350889
1132,0.528839133519661,-0.5205661066400049
1133,-0.16734592417107194,-0.5880537445638372
1134,-0.4021306799195731,-0.4993500584675098
1135,0.318488117922739,-0.4560313735983682
1136,-0.01657698758337095,-0.5424637872139564
1137,-1.631725837491918,-0.0015971728738609914
1138,0.5656989826947572,-0.4444277229471555
1139,0.36357488342676614,-0.5064956848414419
1140,0.3755215205612177,-0.5006763083653162
1141,-0.35924185511948314,-0.43627610469821565
1142,-0.14384059149303746,-0.5152537111913229
1143,1.072004395244719,-0.125977238857743
1144,-0.13479353832423713,-0.1709900463456396
1145,0.5336680515617487,-0.30828099089679795
1146,0.4804531359894094,-0.5207692832401752
1147,0.15897960290958657,-0.3684007353859078
1148,-0.06487988094564678,-0.40189150023860776
1149,-0.04904785278782617,-0.5196209437266126
1150,0.8084102268178049,-0.04480645353602565
1151,0.13751756721434294,-0.34445306501759604
1152,0.49319005967222174,-0.2981021150493738
1153,-0.8679494926412076,0.03341409339717624
1154,0.3332476627783588,-0.36571509471501096
1155,-0.2232835513558764,-0.42172730419023663
1156,0.5515537167534027,-0.13476807109147887
1157,-0.10101683811327755,-0.3047458693101064
1158,1.4108007966800509,0.06129249651025337
1159,-1.674048849490644,-0.01032783107573551
1160,0.16809364389097514,-0.2748666559009375
1161,-0.2519063534617822,-0.417302093993025
1162,-0.3594249667642787,-0.40321788054285057
1163,0.12406446684045269,-0.48590467609366683
1164,0.5437149701709237,-0.45491453859914865
1165,-0.1526921221038189,-0.4939745388067933
1166,-0.18481670572662084,-0.5526218932385094
1167,0.006267315512529292,-0.39694820803478403
1168,-0.8664146593776564,-0.37818819447596597
1169,0.457504558268798,-0.4975035720013995
1170,0.5341091393907216,-0.48027053860378266
1171,0.19620485341081528,-0.49752512733014476
1172,-0.4104305450232408,-0.4299075561341589
1173,-0.029387439870090543,-0.577314612147502
1174,0.5787818787667477,-0.26382494010358726
1175,0.23360148542382453,-0.38797231148079603
1176,0.38989488541964834,-0.32091059327145055
1177,0.21946412792700332,-0.60938054230506
1178,1.098700422098021,0.3698037936705115
1179,-0.3829137103577109,0.05583616202635014
1180,0.9493563818728817,0.49515820553973156
1181,1.1329736670922959,1.0247598240877287
1182,0.6654249311238996,0.7674146377588671
1183,1.3749377977120716,0.861132657855479
1184,0.13386484678709842,0.9688342672558196
1185,-0.12392358656704494,0.15841048890357637
1186,-0.6125191980001486,0.3687421607679161
1187,1.966459770585447,0.06321768568426284
1188,0.425806784554274,0.3600473863178696
1189,-1.2516126118744904,0.1624234505022886
1190,-0.38627598700489024,0.0480753275302859
1191,0.23323718170956598,-0.20406699161505126
1192,-1.5065512110112924,0.18435493369753966
1193,-0.02246714560697846,-0.03200016142322701
1194,-1.3317949112131524,0.07489265201876741
1195,0.5031953547007451,-0.254245434812145
1196,0.7028198733497986,-0.3074375084149602
1197,-0.5465237744567334,-0.36407283983458405
1198,0.49993351452414136,-0.4263171000385969
1199,0.8912946174122399,-0.20612809935033202
1200,0.17227778908458247,-0.4746086849430601
1201,0.424175827986193,-0.27516280466160736
1202,-0.17586346183033563,-0.377166845367063
1203,-0.4867471108411766,-0.28442141968888
1204,-0.26759443689010576,-0.28078290433010733
1205,0.2117852712459115,-0.5058192119892774
1206,0.6146638958663008,-0.2577963291534971
1207,0.44763777802387816,-0.4693050817436881
1208,1.6330345051610338,-0.03280240503253648
1209,-0.8310065868621719,-0.1287563723876993
1210,-0.12431214803847432,-0.11867655573544597
1211,0.024246150608429773,-0.405101443927425
1212,0.3265333290459682,-0.3164316406283162
1213,-0.29608219275344716,-0.3263097924930499
1214,0.6005316622480733,-0.4247865989438201
1215,-0.15568596417780528,-0.5064897829314569
1216,0.30710261503214864,-0.45036743475035135
1217,-0.9618311877774485,-0.4817915777900881
1218,-0.4235215469895015,-0.27951433761741823
1219,-0.0024667681473545255,-0.39067838661096976
1220,0.15212696190500796,-0.4469357313893412
1221,0.02228600955551374,-0.4965382002630152
1222,0.6029402698543549,-0.44278074077920904
1223,-1.3340574799872922,-0.1369922903060799
1224,0.3864932081894874,-0.22703543881888344
1225,0.8192946616606581,-0.3106969681379086
1226,0.6439492678677013,-0.07803961952293478
1227,0.007651481874859978,-0.3290642228779127
1228,-0.599309787187592,-0.2484760616593831
1229,-2.2166374030224816,0.529136579470251
1230,-0.21623870912516965,-0.2910341873254655
1231,-0.9183320544683587,-0.05347623423139025
1232,0.96037294967238,-0.30112541225420864
1233,0.5212068180355623,-0.3172104180534089
1234,0.13353325203025768,-0.4332436571120767
1235,-0.6726080756861821,-0.24337613204543038
1236,0.7343511847544765,-0.3269341476825923
1237,0.046124262927757315,-0.30775842981113033
1238,-0.992721248149436,-0.3700275955586979
1239,-0.1369462748842506,-0.3764538296267768
1240,-0.9252604062645781,-0.20271553684773014
1241,-0.8908423878293726,0.2969155142754517
1242,-0.9691804645770401,0.23444171914763576
1243,0.9304206352736167,-0.0457122412932833
1244,0.40200659268577776,-0.28319935142732855
1245,-0.8169363824346759,-0.3495071138495619
1246,0.47878663256045506,-0.3961576225687812
1247,0.21367017147448408,-0.4338250948421529
1248,0.20283176159356564,-0.4929424446844799
1249,-0.4821740179795658,-0.4588188179933438
1250,0.5997339151054584,-0.31901463664484275
1251,-0.36285259033265327,-0.420522838972724
1252,-0.9754932900553572,-0.2567686981670965
1253,0.04543208606150323,-0.5260204610570691
1254,-0.6194530232425454,-0.15588898754708017
1255,1.314756319251662,-0.09243452182473366
1256,0.14803353041597767,-0.4210221043804675
1257,0.642179919435254,-0.2430594900097167
1258,-0.2576084020758895,-0.3913090124144252
1259,0.9845150331769791,-0.009010237903312956
1260,0.3306490201674047,-0.356229933719601
1261,0.6166892642423271,0.12547957656259293
1262,-0.976990701492923,-0.4439087664173088
1263,-1.2620980404021096,-0.08245781666093466
1264,0.0561098628853679,-0.4229312116243815
1265,0.535594539612666,-0.36673526790314864
1266,-0.325260766476248,-0.08964774806673567
1267,-1.2175825023755844,0.25976491570046156
1268,-0.36880761841087406,-0.08240078070832693
1269,0.22154828733602738,-0.1484022023418107
1270,0.38385134674002497,-0.24524190534399246
1271,-1.0927701354505404,-0.07162922227156668
1272,0.275671274073379,-0.33110499448963615
1273,0.38750256918056813,-0.46199677044637766
1274,0.5313033252940474,-0.32149359643243136
1275,-2.1176594074668498,-0.046274182096851496
1276,-1.3564549732734847,0.14176565885392187
1277,-0.8951789015360415,0.789206094357154
1278,0.5471726081216722,0.15783782053440945
1279,0.27847072226764547,-0.2417838378490635
1280,0.6729209598269803,-0.10560132934704858
1281,0.2516646294012742,-0.34396154107162075
1282,-0.9864905428117372,-0.14391787182769838
1283,-0.15301571584660567,-0.2446391667526214
1284,-0.21415106678596818,-0.3019150854979501
1285,0.6879762628557994,-0.3944757795821129
1286,0.82340219373371,-0.17649053686606905
1287,0.8723636096787125,-0.04847482212780116
1288,-0.6242749057955806,-0.24395034191864517
1289,0.26636121038614463,-0.534065745216207
1290,1.2050746348171062,-0.3280560720750738
1291,0.9029055566517502,0.38906493666786135
1292,0.7704053592259779,-0.07812504407499765
1293,0.17649849460545664,-0.26774605010121066
1294,0.30764866827528026,-0.11405479285072695
1295,-0.9006923397955334,-0.14596357247252606
1296,1.147000501332068,-0.18271821847152842
1297,-0.7557748164138071,-0.40108070021218756
1298,-1.1958601687464798,-0.005879658403282403
1299,-0.33326857334473503,-0.35998086099435406
1300,-4.629859729238662,1.9113570042193464
1301,1.6863552600118754,0.4083232183901727
1302,1.5285381766649344,0.05499619630545122
1303,-0.4130825255413162,-0.33319122245370114
1304,-2.643356299350914,0.3780963737216936
1305,0.15969973317957809,-0.22345835926546986
1306,-0.3411459449442834,0.2229312927515628
1307,0.8505085418986696,-0.2784274751568998
1308,-1.6898959865692498,-0.031419211642002454
1309,1.355677554714927,-0.15242774409949297
1310,-0.8398851832168491,-0.13773237387849013
1311,0.45580105994239106,-0.566353226546972
1312,-0.9262542170299729,-0.2642120976831268
1313,0.017844530427564675,-0.4136085768905342
1314,1.0067467553042881,-0.1018497065447253
1315,0.46854879568306695,-0.46895046035194654
1316,-0.7430689514141454,-0.4070295252639099
1317,1.1322313253068899,-0.41362454115632574
1318,1.6423406267933802,-0.31356503905738187
1319,2.679825638353495,0.5099758218726045
1320,-0.22998103292801836,-0.2444251937792726
1321,-1.7012618716233803,-0.025989091810571685
1322,0.3540411791160436,-0.38030247973067044
1323,0.4339375735710759,-0.4077491626654539
1324,-0.3358016091775342,-0.25440963436630304
1325,-0.6485510236409369,-0.24393235904675356
1326,0.5420880826515616,-0.45860904091989707
1327,2.5273623135279646,0.04055400075050064
1328,0.48545922601079594,0.8543884005761454
1329,-0.4596213309407564,0.08603675230225008
1330,-1.4415513921002665,0.020711130550687823
1331,-0.18083596576964392,0.0831176479994836
1332,-0.18309723973685907,-0.1606578049766628
1333,-0.5548624160982543,-0.3166870419374964
1334,-0.08997655838301569,-0.038388443659141375
1335,1.3397498828174625,-0.11689606891423407
1336,0.6382197645980997,-0.23174434964434168
1337,-0.14421605923824216,-0.3528343160976297
1338,-0.2968002995586385,-0.047599994709470184
1339,0.010155699427938536,-0.4993432835992526
1340,-1.8210183620668543,-0.2146984078877742
1341,0.7268721787311195,-0.403143453095132
1342,-0.9500941130532944,-0.2668770996146994
1343,-0.3993558631744557,-0.47153991124885286
1344,0.7417276659801554,-0.43152559153712755
1345,-0.18187563498271342,-0.3634062536711625
1346,-1.5434311492878923,0.37725334683772205
1347,0.8662655425240696,-0.06690309833371365
1348,-0.030061066619833432,-0.310337846672906
1349,0.7614500764495887,-0.4353779248822468
1350,-0.38539005577273056,-0.2857436804665425
1351,0.5006853503896551,-0.43511680099205785
1352,0.76979558263678,-0.3104645342479294
1353,-0.2745179272160062,-0.4538705591511252
1354,0.35652168627866654,-0.48062508730562814
1355,-1.6352172965794138,-0.26222616844454966
1356,-0.6392565093736707,-0.4412737654017216
1357,0.36571935950301937,-0.26743449980219103
1358,0.2759455187578078,-0.2198439126699468
1359,1.1656969877428094,-0.0019730079730245764
1360,1.1329203427399306,0.01867344028659368
1361,-0.18576405044416777,-0.2407481942945264
1362,0.5583450935576573,-0.08943464171350266
1363,-0.09863259204776986,-0.27818914685345086
1364,0.00033501824191672913,-0.3699618767549785
1365,0.5565617018323388,-0.39013049667355604
1366,-0.8096807649509589,-0.11890894560175638
1367,0.8090215930171957,-0.20452152027451706
1368,0.15739722437181902,-0.3692010584828202
1369,0.07770190684238648,-0.32155571731573174
1370,-0.26707226679095597,-0.10657828093339156
1371,-0.7115029108747446,-0.24705848593844612
1372,-2.6335944656062518,0.6357926216703792
1373,-0.1260685631188435,-0.0669403435106988
1374,0.7537881111914215,0.08283715929317867
1375,1.5809536208813824,-0.003418019973573619
1376,1.356141821143971,0.290914436420447
1377,-0.03068620362775598,0.3143529003177784
1378,-2.8156036745935666,0.708872765824237
1379,-0.4307229758178712,-0.08054139987830722
1380,-1.1423234969066836,1.0882296170548653
1381,-1.4708737457228098,0.93033271305697
1382,-0.15383384346879225,0.2727003341225458
1383,-0.1437000771019984,0.110197456139385
1384,1.8378589584382556,0.39385306033901946
1385,-1.6009731269781606,-0.10409652444944661
1386,0.7640508455172557,0.40052056513315526
1387,0.7412383496293062,-0.18929027918270822
1388,-0.30382567388287784,-0.4885030122104762
1389,0.9819154673534748,-0.2215901903758325
1390,0.269918091210281,-0.2834145584283062
1391,-0.2756790263574415,-0.37253496372557754
1392,-0.0589580611581792,-0.4805529374511923
1393,0.382267604017439,-0.40733013443158017
1394,0.5660008434643452,-0.24492598503568028
1395,-0.3793532072565242,-0.3898349821033651
1396,0.03160405806028538,-0.4349302152887228
1397,-0.5978492345850147,-0.14412364208911918
1398,-0.27516408797976255,-0.17484793398568735
1399,-1.0582662205734463,-0.30086069943507177
1400,0.05970977049997317,-0.4570981618245432
1401,0.6037368153149816,-0.48081435415130536
1402,0.1795249185352667,-0.5737999513957978
1403,-0.7638656699053717,-0.42343123173607133
1404,-0.8034154847057128,-0.25829390764202126
1405,0.9128997754268721,-0.3863604624347169
1406,-0.5224005858999561,-0.47052891717293166
1407,-0.34025946931225093,-0.4293661190420075
1408,0.6191416293987361,-0.5245701137244705
1409,-0.4290212604698845,-0.5477366916753698
1410,0.2892133206966107,-0.42017656273060333
1411,-0.0733901904945807,-0.4290890207697271
1412,-0.8095932750239428,-0.4859937448533599
1413,0.4151820214784081,-0.4953369406217254
1414,-0.807973380820628,-0.30970800254333086
1415,0.9401403403699112,-0.3513723409273569
1416,0.7834839862352505,-0.3536744360524361
1417,0.1787315678309523,-0.2840743739160656
1418,-1.5548049246717954,-0.24784568827721842
1419,1.5384244135042957,0.01166689333517859
1420,0.23075159435514347,-0.34391320201693
1421,0.23429156801830686,-0.45479976658777077
1422,0.44109610480932804,-0.24688432252239562
1423,-1.7972011883600296,-0.23611909487865504
1424,-0.11178518431221965,-0.2591119413317404
1425,1.2654777912319157,-0.07856233966010537
1426,-0.22832944053858387,-0.15638852188910707
1427,0.7082418825215901,-0.33270418030631754
1428,0.3892914344127656,-0.3295511243365974
1429,0.6189496922041515,-0.32630324132166433
1430,-0.7688446648331513,-0.27944253979953926
1431,-0.5139084140442987,-0.35213427886471504
1432,0.645988442852394,-0.46929868110224227
1433,0.7290541911360506,-0.26204885954099844
1434,0.34917953300623594,-0.44170599608214434
1435,-0.4055224267943797,-0.38486760905498096
1436,0.8044376617149406,0.16396823206304048
1437,-0.9801114442230744,-0.40998782607596373
1438,-0.3939100413627754,-0.19495212753963842
1439,0.13285365905641583,-0.483620588305679
1440,-0.03565530773065281,-0.5309753727447178
1441,-0.546922184931368,-0.47874650908593297
1442,0.8810588724361762,-0.34156714181480874
1443,0.6865546591306096,-0.33917435835401866
1444,-0.08878780571997884,-0.4245562354973501
1445,0.057779197319156705,-0.46002482081655116
1446,0.47871389521704844,-0.030204058958486185
1447,-0.24755857238369033,-0.34328689577752647
1448,-0.1732380089294479,-0.34536540826650863
1449,-0.08868968696620447,-0.29211158415349037
1450,0.729449491470433,-0.17481196982294842
1451,-0.10824691340349478,-0.2849078747680983
1452,-0.5731248195497383,-0.28516545964819473
1453,0.7941270506292589,-0.20961027508423066
1454,-0.7438486700367316,-0.41986518611973245
1455,-0.3252525091863922,-0.41349757530604325
1456,-1.1929266601641348,0.23351321254912136
1457,0.5903437524551842,-0.16608635114268352
1458,-0.3212649916233937,-0.20455836995236498
1459,0.05012283975358539,-0.24484739885842283
1460,-0.03592400128645326,-0.3909400318600086
1461,0.10194215048597333,-0.4286340699789305
1462,0.5163131404810949,-0.3120294483673013
1463,-1.214224472667842,-0.25663382034437765
1464,0.2236699205707829,-0.40987548613993685
1465,1.047063679396934,-0.3926712143492893
1466,0.1410704843289594,-0.31812510679933836
1467,0.2519208334942314,-0.35469203469231225
1468,0.8126728718714354,0.47671048967553287
1469,-1.761206947552108,1.162960751394991
1470,0.3253203952561391,0.16499402298418334
1471,-3.7286030354911395,1.9174967359481876
1472,1.2803600984229186,0.3984875660834505
1473,-0.7467345375180473,0.05917168606525647
1474,0.37924243414115233,0.10432066436912976
1475,-0.041641476567134766,-0.2696046816014215
1476,-1.4233589028676317,0.12203467238165241
1477,0.026275818427667658,0.09704374195281798
1478,0.3820303194282516,-0.029323668610354847
1479,0.36753545153854283,-0.3282955320599984
1480,-0.2564091851605138,-0.5495293852242369
1481,-0.6482215443247145,-0.3957369746148417
1482,0.5530204902091636,-0.40673996501224163
1483,-1.6724299571852268,-0.0066702078962565525
1484,0.5924445704283435,-0.16031969614965838
1485,-1.07906158923887,0.10611092322639629
1486,0.007704128864625931,-0.16847853062603158
1487,-0.7050180980907687,0.1665274569020194
1488,0.9490933663003333,-0.2042360709162183
1489,-0.605226318423702,-0.29184379289711454
1490,0.17457728384610205,-0.17121699698699064
1491,-0.5275691628212769,-0.35474763406927456
1492,0.10045203317347612,-0.4609926080305735
1493,-0.2595420653959829,-0.29034866603939447
1494,0.5603005463872955,-0.49309700312688576
1495,-0.3327059990271393,-0.5207349050558663
1496,0.07476591806083038,-0.5147766302293915
1497,-0.4941354820800258,0.23030413154163712
1498,0.11360817122015782,-0.4430874182775073
1499,0.45067916369586647,-0.3067920060747661
1500,0.3531853679470227,-0.3690847765289257
1501,-0.02426952614973968,-0.5276492778055526
1502,-1.3548135865414377,-0.16197262998251055
1503,-0.20149373032721818,-0.46537572759837387
1504,-0.0830309055955884,-0.2662803960750444
1505,-0.4154321433536819,-0.07997408847904555
1506,-0.08691654951591862,-0.4720430462672708
1507,-0.052329993822536225,-0.41714221530012696
1508,-0.7737050324657859,-0.057090108145631674
1509,-0.0958931844311185,-0.22472836970652763
1510,-1.2945676668687356,0.26036647411984415
1511,1.5802853760802238,0.680674721556515
1512,-0.7654827597083508,-0.2774787064160814
1513,-1.14187178822054,-0.27392711008020565
1514,0.9273300571476742,-0.2432307412469033
1515,1.3448667821474523,0.0886927786026093
1516,-0.3214659359149279,-0.29131287424301966
1517,0.817869883300708,-0.45775854612515554
1518,0.5684218229316448,-0.28955580853964025
1519,0.13905310062369203,-0.3717364939791826
1520,-0.817400627833027,-0.539337306093341
1521,0.8288924014288145,-0.30901406752187877
1522,0.378860901783473,-0.3499852704152867
1523,-0.4959199424823159,-0.5541943268356743
1524,-0.2776101002076292,-0.538239592488133
1525,-0.18489992176153353,-0.5856262199202296
1526,-0.02944403863553946,-0.3874824524208337
1527,-0.6913332630557055,-0.3920238561170951
1528,-0.48314477883527196,-0.35190498969681305
1529,0.9105023432975635,-0.35505628658828553
1530,0.5800231347939371,-0.3866144410139267
1531,-2.0791695475203853,0.5308228049855636
1532,0.2798417948608765,-0.2702484296290192
1533,-0.20643671412035774,-0.3191925094297112
1534,0.6094991914149934,-0.34301469619355796
1535,-0.1627117234895191,-0.29973474691815305
1536,0.3111687859082989,-0.3442964070644211
1537,0.15297980789329813,-0.32241010181822893
1538,-0.5866120456950763,-0.5004362775297633
1539,-0.9056229677872266,-0.37856754546356186
1540,0.17584275162911145,-0.45104383452535124
1541,-0.31645366518693474,-0.44035059714653735
1542,-1.226353229975306,0.18594018533764498
1543,1.7374166351628153,0.26767989676039416
1544,1.459951978911902,0.09756305849258703
1545,-0.5628174716533523,-0.266056237070306
1546,0.26964780684720174,-0.4103207282997595
1547,-0.34474937135198536,-0.4175230272091508
1548,-0.2998071519087997,-0.4434077076652001
1549,-1.1197539810844557,-0.16540897316824324
1550,0.8417461626150479,-0.2785163677784491
1551,0.7191318146970094,-0.2945695251784695
1552,-0.16485523209598102,-0.4879847028775156
1553,0.32486159380695323,-0.44756120810330735
1554,0.09084687647749029,-0.34755587423098877
1555,-0.699628573303745,-0.4281269205697782
1556,0.636552192192953,-0.35623550447425645
1557,0.20871372417447598,-0.4002016950723667
1558,-0.3916678495931944,-0.459810691474806
1559,0.998543403261332,-0.11603793597250013
1560,-1.3647110296240506,-0.17667986037807687
1561,-0.7558668430101435,-0.28355597163393453
1562,0.048115862182369185,-0.25820963525816953
1563,-0.3536647788756251,-0.19885608886524075
1564,1.40513744200587,-0.10269704401300692
1565,-1.5953747179842637,-0.08270759053740509
1566,1.0662969994621054,-0.20266758434605125
1567,1.9087668694787259,0.26000900176109387
1568,1.2611585837789692,0.18125381761553008
1569,-0.49514273947331644,-0.021751844107755686
1570,0.8008154132181934,-0.3941264760817178
1571,1.299249946030049,0.161286393131899
1572,-0.6576979982631183,0.013351741390166844
1573,-0.7436797680375277,-0.30596609143708686
1574,0.5714932356290251,-0.24941570199230279
1575,-1.078631727068131,-0.20326486658639747
1576,-0.2082531829281941,-0.2660995418441041
1577,1.1779460366299306,0.0618745951086552
1578,0.5504704105088498,-0.32632220998030415
1579,0.8583611206776042,-0.14390127824697835
1580,-4.225516004586405,1.6715673777787348
1581,-5.6172723423606,2.7297415670977476
1582,3.9712174415371644,1.2984220808562286
1583,1.167500796084186,0.3709198501176444
1584,-2.531274034884337,0.22697488035259397
1585,0.8369794143646837,-0.08171083364407625
1586,0.46895170465588265,-0.293764248094322
1587,-1.8017328231936056,-0.06132766955524285
1588,1.410817538294188,-0.20778787995920509
1589,1.673284052697757,0.09306784289238032
1590,0.3072436397427297,-0.5230445689331937
1591,0.6713805280473709,0.10487910429416614
1592,-0.9790980583691914,-0.47561274268255005
1593,-0.7797722316165684,-0.43357467377811865
1594,0.881138297235326,-0.19584332210143493
1595,0.6039075154352362,-0.3894034486485728
1596,-0.4357807085773501,-0.43319237833733226
1597,0.32092601352910877,-0.6117025721375052
1598,-0.7038393437075513,-0.3352953549840533
1599,-0.22458359304809658,-0.531939314758924
1600,0.6316462174850671,-0.4978591704856169
1601,-0.22194257192310418,-0.6417160285443759
1602,-0.9290691230908118,-0.44923172504570696
1603,-0.528925782321563,-0.5431326452808368
1604,-0.5781310958834494,-0.3482168842486732
1605,0.01498512149583453,-0.47081274908221715
1606,0.11031813500615839,-0.32645547773844064
1607,0.10356739340055154,-0.42958714124853026
1608,-0.07922025471653844,-0.3739688393912767
1609,0.5251374964910513,-0.4748109549824002
1610,0.43609860737944695,-0.48441314493587717
1611,0.3406676246661561,-0.48432921933217166
1612,-0.44445855750938457,-0.43348927035937823
1613,0.2795493324609856,-0.5689154053907378
1614,-1.0801037345559323,-0.4195484950752405
1615,0.3534994518261193,-0.4003009995855995
1616,-0.47629721650480655,-0.450408392724429
1617,0.5753533951392645,-0.4238996389798936
1618,-0.3881015318268306,-0.39156558555488963
1619,-1.6970164568052573,-0.27627868678093104
1620,0.32451059791876335,-0.5480686469726247
1621,0.5017671807508463,-0.47329595455395534
1622,-0.31664509613990754,-0.4629289391374698
1623,0.38291677555256387,-0.41161725450758524
1624,0.23330003557424278,-0.5115438382072667
1625,0.7512741942284321,-0.3058097300989123
1626,0.4302202972282555,-0.3747167409058717
1627,0.189856335437127,-0.35146168197691374
1628,0.8630124946292596,-0.4108032226826581
1629,-0.2949971525804532,-0.4495359806254947
1630,0.11609243885231285,-0.4032122228812426
1631,1.1149936469966333,-0.5068662215127074
1632,0.20403406998172524,-0.27644359366006094
1633,-0.00396016390721507,-0.1785564251871636
1634,-0.32980902705778015,-0.48554975788876253
1635,0.9256352043145931,-0.36250367821468543
1636,-0.7555883703695805,-0.3373350587732562
1637,-0.24880493543068932,-0.46068869809815627
1638,0.24330663441775235,-0.3884518932110316
1639,-0.5471357523901972,-0.5322473810825954
1640,-0.06374804775658138,-0.405980301276163
1641,-0.618280957634063,-0.46690491829605196
1642,0.05683534922184719,-0.3005003887311112
1643,-0.18048970786091004,-0.6325368463370381
1644,0.8041360938409013,-0.47480784416048516
1645,-0.20277056168013882,-0.5059120065718681
1646,-1.068466415147108,-0.5202556586812093
1647,0.6399085408713721,-0.45705524530041297
1648,-0.2922582960904325,-0.667301558621557
1649,0.40529303162767594,-0.5196852861199701
1650,-0.1775535837264708,-0.3770266896190962
1651,0.6540216641851075,-0.5500616845512287
1652,0.6458224647616413,-0.43190893913455963
1653,-0.43839358663131245,-0.4320131497218128
1654,0.29257027912697015,-0.20096174913775974
1655,0.5762229528261187,-0.4072859094930632
1656,-0.14825274799928378,-0.31452125780696316
1657,0.043656309975520335,-0.43607359558380243
1658,-0.7132245362846755,-0.22714506134942644
1659,0.0698531309474148,-0.5001159415458913
1660,-0.20808269444459063,-0.35152955361223703
1661,-0.26543920838976265,-0.5843463698376294
1662,-1.2421487589144338,-0.359293257477851
1663,-0.8941486638154155,-0.13142298311351674
1664,0.4462731421432782,0.21887611733748855
1665,-0.43593377681676726,-0.2417941810756591
1666,2.1893074833290966,0.33525735583685556
1667,-0.8494559661753042,0.028662637828646198
1668,0.8904891324116307,-0.1589457615519611
1669,0.05993289921143863,-0.5298699046429659
1670,0.6015458159667045,0.6321101193530622
1671,1.506668100728164,0.10875462424760154
1672,-0.6843462262630348,-0.009961679872820692
1673,0.6859160350531314,-0.21449687117982458
1674,0.27011813419999486,-0.19556038464279651
1675,-0.023544684903496982,-0.32586906444584773
1676,0.2584600557081916,-0.23394877619360577
1677,0.1207763695663896,-0.370361163421022
1678,0.3930793884755861,-0.36369535717312174
1679,-0.08966732625762094,-0.26863254336130793
1680,0.2666643821901532,-0.509881641199063
1681,-1.9748271021695274,0.10052545313348105
1682,-0.2058055446212086,-0.4220592887263873
1683,-1.4297292820411678,-0.01462662892747621
1684,0.4463834200512289,-0.14166170665034786
1685,0.42632991850311563,-0.298487247446124
1686,1.000020312774001,-0.2865157794670051
1687,0.040103755916300915,-0.5547434560876328
1688,-0.19672865000341055,-0.4103433754323116
1689,0.28138122498999363,-0.38230545281590633
1690,-0.26289799596601304,-0.3480561930021693
1691,-0.4806264738618535,-0.4909319501417454
1692,0.19395480433051715,-0.45559680719947016
1693,0.3769880322149761,-0.5463570579510291
1694,0.15493492874415915,-0.5238095744680918
1695,-0.4295941464111391,-0.4913459011974587
1696,-0.4023028346167482,-0.5536115631462959
1697,-1.0666628695985065,-0.4717307459350296
1698,0.9100336717853842,-0.2516743030901754
1699,0.4438270846258616,-0.5626046466805784
1700,-0.4787468326951533,-0.6141502561597273
1701,0.2566455568293308,-0.5224786234918009
1702,-0.24794311986829667,-0.46682251438842004
1703,-0.10269038329151614,-0.4780095612131341
1704,-0.5086657761095965,-0.5115754718336349
1705,-0.3264500446119257,-0.2461714869717059
1706,1.1681130548802754,-0.04255689100193405
1707,0.3358150440105543,-0.3493366446645002
1708,-0.9912920382594587,-0.36407285119642174
1709,-0.11907509869709035,-0.5317783749917702
1710,-0.475069944083529,-0.41693068548682666
1711,0.7714847103785083,-0.4973225526042677
1712,-0.033239012745530316,-0.5105477627054812
1713,-0.008925131632250838,-0.6251320333495717
1714,-0.5049376225662974,-0.5428991779289801
1715,-0.3072216235591144,-0.45310879251448566
1716,0.832378140830699,-0.3953686289224032
1717,-0.08585171542207588,-0.5966735382187249
1718,-0.8450776300874434,-0.4120381190277945
1719,0.6206642196438218,-0.4082189119925912
1720,-0.01993600287067998,-0.5145430584340003
1721,-0.02391967284674229,-0.3827941803131436
1722,-0.3136892705244453,-0.5102102166347304
1723,-0.28907711367805394,-0.5841499033766504
1724,0.5201605683316887,-0.5311324006985512
1725,0.4558039169791016,-0.4889664724416568
1726,0.006778448925447544,-0.5154550489225721
1727,-0.1622181345864006,-0.4495620736894703
1728,-0.2932891348929788,-0.5148985116335446
1729,0.30352061996047175,-0.3731435353463948
1730,-0.6070295702037989,-0.5654495846334471
1731,0.2664357190339147,-0.30631460269550825
1732,0.5463579959923491,-0.32519974111495037
1733,0.1011263123233902,-0.565982174027529
1734,0.4595315952894039,-0.3072903678055503
1735,0.14769800604684202,-0.5701925724576505
1736,0.07066570345948209,-0.5548194079141275
1737,-0.6176986804339519,-0.5138733425475863
1738,-0.23158935291413046,-0.5028386538905936
1739,0.18598909244304462,-0.42362480471492214
1740,0.23854248237233316,-0.5350347656565763
1741,-0.2858120755074472,-0.4763232804218923
1742,-0.10936572735865203,-0.4760044932696189
1743,0.14010130855676178,-0.47482060109966207
1744,-0.3734102122924565,-0.539787235378961
1745,-0.1527935029907038,-0.48632248114718046
1746,0.47359656064346156,-0.317938187730151
1747,-0.4116045388287082,-0.5847601293096559
1748,0.28142661899027027,-0.586657146160091
1749,0.4846080734108493,-0.4766059092756757
1750,-0.13975332804156151,-0.5556638310741644
1751,0.22114755178794604,-0.5386468416604911
1752,0.6232807316062984,-0.22983196564336056
1753,-0.2759058879372137,-0.45151309202925116
1754,-0.5431933119047712,-0.5812771967361859
1755,0.16504750291300013,-0.4975142723626218
1756,-0.25732857331394465,-0.4331900402208897
1757,0.5215198896902256,-0.48637207985947484
1758,-0.23395785571606798,-0.5385467056616278
1759,-0.13231061605244782,-0.4163648635952685
1760,0.3966825344337608,-0.4277584064582671
1761,-0.09622173351233305,-0.4906480587607255
1762,-0.6369376353919386,-0.32214941515126805
1763,-0.38869156787601555,-0.49125631223378574
1764,0.17877187525814736,-0.48493418118739184
1765,0.13167589612007113,-0.5544765168270929
1766,0.4073153330171746,-0.553426991447255
1767,0.08951761071104836,-0.3623942841972767
1768,0.12498176609140987,-0.6008202335083153
1769,0.12238509660848201,-0.6237716908730108
1770,0.10643830965727047,-0.5614487187825223
1771,-0.22192597251653773,-0.495855727131154
1772,0.6405083618447162,-0.39587227227501265
1773,0.16072693453058934,-0.4787676752276664
1774,0.09291224698834244,-0.5512923493577162
1775,0.2788349878043104,-0.47237146676464803
1776,-0.017238477567597554,-0.5499664702533259
1777,-0.2503983294959541,-0.5912944471724767
1778,0.03614125072805316,-0.6438127523237483
1779,0.01803849395542334,-0.45120983928726743
1780,-0.3518003775892192,-0.5386243463770174
1781,0.10578645786341545,-0.6182998232033061
1782,-0.024115716644081464,-0.3876779328052221
1783,-0.0052998087006257966,-0.623128386246955
1784,-0.32336425539583236,-0.5721209776068081
1785,0.2279538767752916,-0.5634926929092045
1786,0.019794131396020404,-0.47536968337929975
1787,-0.05060810413105993,-0.5344398199257911
1788,0.8656899177150134,-0.38986425262128366
1789,-0.1511720515406858,-0.5793284164951901
1790,-0.3624127494220818,-0.40276930758768315
1791,-0.274922374177033,-0.486739121168124
1792,0.061941549676204466,-0.6314234760901831
1793,-0.18877516730584454,-0.6257691039956277
1794,-0.6083212856999092,-0.38454163217190984
1795,-0.052588972573310355,-0.48885704305061406
1796,0.335423429492688,-0.6561070839727374
1797,-0.16546015319250562,-0.5347510978064135
1798,-0.13587232967441515,-0.49360144173505527
1799,-0.2526292035020153,-0.5115919991480248
1800,0.38438559536305905,-0.55415018903668
1801,-0.07228382826296509,-0.5472107240577285
1802,0.5485581316242346,-0.4670423380405635
1803,0.45120911806979525,-0.4562031918891346
1804,-0.2752186571229782,-0.4212169965407513
1805,0.19286890421219505,-0.5197269947177423
1806,0.4073742189106674,-0.6215007995572658
1807,0.2937043620462151,-0.5727872855117105
1808,-0.35164628219369026,-0.5582776407955728
1809,0.46796803578773705,-0.5743693985895817
1810,0.28857088955245624,-0.28917169969903345
1811,0.057103063675378984,-0.4306478924357455
1812,-0.3924711676459483,-0.39191608125598676
1813,0.5176576681039388,-0.631047406490911
1814,0.12388155405747864,-0.4272496885716617
1815,0.5804120669433753,-0.4770566520390561
1816,0.11483857406147208,-0.2869069882333555
1817,-0.8320716469784265,-0.21330184754292336
1818,-0.046337382122113024,-0.5042463683389234
1819,0.45862152441066395,-0.44794377056594725
1820,-0.39269639649733123,-0.5807057714150861
1821,-0.1900170757057651,-0.5921291933081665
1822,-0.43037514365646395,-0.3716676506944288
1823,0.09216665733151885,-0.564017048361017
1824,-0.3834976380458544,-0.46224814084949306
1825,0.07124798070914878,-0.5745856183719864
1826,0.2666168816384778,-0.40400027925937
1827,0.4910451462314903,-0.3737414412618836
1828,0.27998841016845055,-0.45494112201399906
1829,-0.10299300405640133,-0.5480918868347429
1830,-0.37888937535805334,-0.4855933397443234
1831,0.4075918658757647,-0.5731223691196231
1832,0.1950196959090995,-0.4093049354188575
1833,-0.05009211862148416,-0.5521083000939443
1834,0.29113406316443224,-0.4536544005264186
1835,-0.2533135869157438,-0.5286285987559165
1836,-0.023555241194749554,-0.48841952857641624
1837,-0.22874801811043552,-0.5317385462172847
1838,-0.268162145766237,-0.4254998678617872
1839,-0.2624130359201579,-0.40768706936668275
1840,0.00972743403367446,-0.5045071738513786
1841,0.06039127697501068,-0.5518587125211563
1842,-0.0324600945090921,-0.5915787886296977
1843,-0.10536238009872267,-0.5364708346866633
1844,0.06007367801843411,-0.4803696827553561
1845,0.06662243732545642,-0.5767921567388008
1846,0.16706341257192936,-0.5147070836420559
1847,0.15008897919200598,-0.5274651182627667
1848,-0.23923795160913988,-0.4804391874774141
1849,0.09709453047764172,-0.6168812244190676
1850,0.2946709598636659,-0.44829957509090246
1851,0.14284584205671996,-0.524272358673876
1852,-0.140311042300987,-0.581823822901731
1853,0.3137202318049428,-0.46701130594554174
1854,-0.2634715315662779,-0.48171644447222717
1855,0.10580452916352157,-0.4860789321727286
1856,-0.47356960490704403,-0.6634841182561207
1857,0.28678583790134293,-0.5105462389916955
1858,0.19306542367999713,-0.5521985246494926
1859,0.4743685864263143,-0.3335962215056103
1860,-1.0377882914127559,-0.20269874603657462
1861,-0.2712610055839668,-0.36816801004613187
1862,0.23112515937828626,-0.41115044343362905
1863,-0.4896987914931754,-0.29867817401561714
1864,-0.38229983608787377,-0.3479823811465671
1865,-0.5230429274781356,-0.3198588987751114
1866,0.4668004563503988,-0.36474223386713256
1867,0.21021859397816922,-0.6586526074250517
1868,0.8311825893661969,-0.18032398875990036
1869,0.3344547101264398,-0.36534047378315726
1870,0.31259487899825467,-0.3027725153434678
1871,-0.15574717833978563,-0.49670498617697567
1872,-0.2994629869185893,-0.4158891066834213
1873,-0.18032011881647372,-0.479395341441058
1874,0.05600777046189759,-0.562971043210664
1875,-0.019056763711925218,-0.5016434065508931
1876,0.04957300083167926,-0.5505255532283121
1877,0.012955145446178262,-0.5929780578965625
1878,-0.14046701722691654,-0.5102018992155635
1879,0.3182752330113754,-0.5449734640874042
1880,0.33530634386119784,-0.5804542843696304
1881,-0.1197826202160509,-0.4741726848555111
1882,0.6633449939358053,-0.3204627029167111
1883,0.044649534799729634,-0.48729654374145026
1884,0.037261999635409576,-0.4962825253258164
1885,0.1705907143939645,-0.5655826359208228
1886,0.14125978395886296,-0.6285271991466974
1887,-0.23030121077157464,-0.4936060974112143
1888,0.2629405639339239,-0.5241489501008015
1889,0.014699721918774888,-0.5474821879629781
1890,-0.3448949083459748,-0.43311033182482106
1891,-0.27882315309962874,-0.5422751034825328
1892,0.2172391389108128,-0.5632086508812022
1893,-0.04829848317561192,-0.573945105789802
1894,0.8529592111249146,-0.41433423185385077
1895,0.0018141904114413188,-0.2514112041663193
1896,-0.36440362734257453,-0.5914139526353345
1897,0.07498539991534559,-0.44452630077236577
1898,0.7057253802343546,-0.3858820783168099
1899,-0.05710357351663839,-0.5657639803475978
1900,0.31122809766171144,-0.36876939870226644
1901,0.2603679356162572,-0.4818252611917688
1902,-0.33277327506753807,-0.43974853909948053
1903,-0.22282145254879956,-0.6006323941941755
1904,0.5739425453870097,-0.3556409511232643
1905,-0.3188698505500138,-0.5235308698482959
1906,-0.009154104047870204,-0.5403112020326509
1907,-0.14553751151973054,-0.5264012487644453
1908,-0.18119137345605413,-0.5064615316874369
1909,0.4098938358889025,-0.472902620074546
1910,-0.03062291981932691,-0.46031267367809725
1911,0.3169591617961077,-0.549123361994804
1912,0.3843851647043659,-0.48362425383139607
1913,-0.17369089449630554,-0.524404401837859
1914,-0.14853673765662423,-0.4291894035379744
1915,-0.0067289743976051974,-0.579599207534733
1916,-0.05393488294154264,-0.4929039755864657
1917,-0.10502192952449864,-0.4795821272009275
1918,0.253301050750722,-0.438855558142501
1919,-0.3974654654531914,-0.520904362518182
1920,-0.3321318616266645,-0.5216080900444944
1921,-0.26831957221072755,-0.2293053163005687
1922,-0.46564037770566524,-0.20757844168076567
1923,-0.45171643196464,-0.08180287598935987
1924,0.07699513523930396,-0.3008457689225575
1925,0.3243871069324378,-0.5726608021358699
1926,0.010570858593996035,-0.4582297358671774
1927,-0.22977246772519333,-0.46330369247738423
1928,0.002808894722954175,-0.426258232194874
1929,-0.500810708687108,-0.4559854826915134
1930,0.04867877342669469,-0.5120419307181568
1931,-0.10094225265510749,-0.5515008240521355
1932,-0.5200678006920629,-0.46470957763647025
1933,0.3014921391438655,-0.4814002901189034
1934,-0.14651814589596496,-0.5271641478200906
1935,-0.2060145645603936,-0.35678378846788084
1936,-0.6580723108925606,-0.05039448128027037
1937,-0.7091852670855754,0.371917073727118
1938,0.3772003910025261,-0.41541534386794565
1939,-0.7718509336595113,-0.6073544930568358
1940,0.23156495240549335,-0.5565207721409097
1941,0.43514411114605245,-0.6329463819104982
1942,0.6938741242616586,-0.21712164640924297
1943,0.27229358251028984,-0.505947739664418
1944,-0.06604769951352962,-0.4345311366735938
1945,0.013368322848796854,-0.4883245723726558
1946,-0.6173152362816561,-0.33517279106210235
1947,0.5482349557865177,-0.3605786099683516
1948,0.39960211650226796,-0.3353326890282031
1949,-0.24247213530022377,-0.4904696948933669
1950,0.8215520391013761,-0.2185719230264146
1951,-0.09417424153510516,-0.4183843814031102
1952,0.061433176066754025,-0.4303192102910165
1953,0.21841068372758066,-0.5524604788567351
1954,-0.5341614029057269,-0.38323445770693587
1955,-0.801459006202387,-0.3413548284112548
1956,0.5893915045636617,-0.4871800801793946
1957,-0.7765313549570755,-0.24205061365290234
1958,0.5329068469869395,-0.2002638836224312
1959,0.42413051778397837,-0.3151839025919875
1960,0.2769754898989376,-0.5450528370127733
1961,0.5061014864235018,-0.3794448569772906
1962,-0.8271054334553362,-0.46475029411586843
1963,0.1566314349573979,-0.6118331062829385
1964,0.14889344366986246,-0.5739032937041505
1965,0.09756678351919451,-0.610803724393651
1966,0.1179609840563976,-0.5753750442283859
1967,-0.045566415706766505,-0.5367388193562928
1968,-0.2616989522334414,-0.5585061056574399
1969,0.31180482039856317,-0.5703285306843763
1970,-0.20659984029684497,-0.5749620830079741
1971,0.04441117781133977,-0.5004473715045866
1972,0.20713713337544915,-0.6614178116202466
1973,0.5303315298772482,-0.4519322894214497
1974,1.1276059282580553,-0.3599279916904631
1975,0.5716331978500332,-0.06698800538389992
1976,-0.1294531000449754,-0.3722390930096998
1977,-0.3067158037315173,-0.4464721791172215
1978,-0.498421811492778,-0.2672070160230331
1979,0.06812440003098119,-0.5608043179479001
1980,0.3246456950325063,-0.45591715525002774
1981,-0.2109661260890865,-0.5549761024001422
1982,-0.6539429399200043,-0.45528295151058995
1983,-0.824595173330915,-0.19847857900585356
1984,0.434261788705685,-0.4964643002049437
1985,0.1854625978235796,-0.530258431493002
1986,1.0594222997297384,-0.42340369555245916
1987,-0.33935784148045856,-0.4559547984993556
1988,0.2217078704096696,-0.4618786632801629
1989,0.1852486086421407,-0.4981732872639578
1990,0.6477124921478933,-0.2894428646194843
1991,3.128072250496216,0.8014768112210694
1992,1.203030573249643,1.4608117248505026
1993,-0.46022230927774055,0.4554677819536238
1994,0.5784013851713651,0.4156063801836055
1995,0.3376489315544169,-0.026691090302091533
1996,0.6278635583443972,-0.07887145708350193
1997,0.17994573514809475,0.39436451756270274
1998,-0.10490100666304109,0.1556044835680586
1999,0.26708253163622325,-0.06456325811059613
2000,-1.1516079592004815,-0.043248424696826715
2001,0.5331303828314716,-0.2447967847370209
2002,0.15508596235445665,-0.22162763437412542
2003,-0.3593028383374824,-0.2649658732764387
2004,-0.12113305281229272,-0.24646768892408477
2005,-0.20885261104377387,-0.27812892991701543
2006,0.2492190370027878,-0.24676783444281408
2007,-0.3197859470916721,-0.3063180032062005
2008,0.3347092580739818,-0.4167340953301185
2009,0.4852789463783963,-0.24448583250976202
2010,-0.043565677728862606,-0.2538826081167518
2011,0.47022089362148345,-0.4212229439798433
2012,-0.019543333266517304,-0.38011036343125915
2013,0.606235536591672,0.1516024189660499
2014,0.2621194512627248,-0.31366753116781165
2015,0.06562866050052069,-0.14545511823535281
2016,-0.4774303754450451,-0.19546700029732794
2017,0.12564202400180274,-0.3671143460868209
2018,0.06824241376052653,-0.3503516796219174
2019,-0.40876876282367125,-0.29336209817936465
2020,0.5064446784020552,-0.3564418057117511
2021,-0.47578721344953934,-0.4659760432613631
2022,0.3740700052882622,-0.2388642207465907
2023,0.18249417927713446,-0.3116041551020364
2024,-0.2306068517595793,-0.3406821215423995
2025,0.1787233001220137,-0.48087167659403873
2026,-0.31367806556753614,-0.12635328993524625
2027,-0.44222480265068226,-0.2587074322100097
2028,0.019765516626470192,-0.25712088905441055
2029,0.2791800631087906,-0.24681583868640697
2030,-0.37472911161092715,-0.3866132981585475
2031,-0.5725851875309026,-0.4625177901867642
2032,-0.01674691774358497,-0.3555465690704762
2033,0.4465732021341583,-0.5074077028519673
2034,-0.8405103174906567,-0.4772315307920625
2035,-1.0712496393071769,0.5824416991358529
2036,0.3127444335440953,-0.3326733773988333
2037,0.0179916663923074,-0.3644707037616108
2038,1.1266666491233486,-0.01863736090004678
2039,-0.21892261419015852,-0.24164601028499383
2040,-0.5381553826426426,-0.30264972187636363
2041,-0.5288990484441035,-0.38808580705396745
2042,-0.16847199646196231,-0.26064685807889576
2043,0.9833422333476022,-0.03967684486644893
2044,0.2972018119859424,0.01900817575280525
2045,-1.5702593750810179,0.13876667126465578
2046,1.9574019904018707,0.007807060064330795
2047,2.2452707942992984,0.705201834202101
2048,-1.0108981308875804,0.8089129856836945
2049,0.1505569184724117,-0.036958808220375644
2050,-1.39551655314011,-0.15177904531284767
2051,0.8111213834572027,-0.2921406597760521
2052,-0.626101430220966,-0.21175926335941395
2053,-0.3016713650039492,-0.04342299408228456
2054,0.20325879195184415,-0.14684586529049082
2055,-1.4595658403088696,-0.24482016994617184
2056,-0.43374088940077704,-0.39626091913557127
2057,-2.454969702765339,0.15761467759045475
2058,-1.1043729031883087,1.254680985046304
2059,0.7218554349658947,0.14127622765608053
2060,-0.8603673796204688,-0.11659988828035828
2061,-0.06591145827078584,-0.23073159882669367
2062,0.028870030963737997,-0.27357180178367535
2063,-0.25915090879311004,-0.3949942544682078
2064,0.18106206540177855,-0.26024764903006425
2065,-0.41745316475069705,-0.3964220589747809
2066,0.8377757032538843,-0.29183519039734396
2067,0.8536590155360654,-0.2791263274249214
2068,-0.08764916419862911,-0.33362928955536053
2069,0.31735825212107116,-0.25991329648037376
2070,-1.1397883642681443,-0.43750977627041665
2071,-0.15641257125910607,-0.49291934860819464
2072,0.6940897612001548,-0.47750697058050284
2073,0.378226769383471,-0.5530326073497894
2074,-0.5650645776250314,-0.4182943507669997
2075,-0.173464110727648,-0.4826380836484059
2076,0.19719471416847661,-0.3903283763594393
2077,0.28925151175650377,-0.5109030486380198
2078,-0.6023382534328895,-0.4247773940892322
2079,-0.38840298519139266,-0.43993529695279177
2080,0.41045070603021194,-0.41808282494838167
2081,0.22474872760595344,-0.45299086536875455
2082,-0.01620492758442857,-0.3355255330547413
2083,0.5246959468272865,-0.43351442411332575
2084,-0.3850533549352037,-0.4129821768624726
2085,0.9363033921213174,-0.24651938591546937
2086,-0.3354761492115895,-0.3572653457025058
2087,0.40687596143653326,-0.4324981290681448
2088,-0.8458710731227236,0.3233029549528418
2089,0.9664402797105415,-0.23827500473262872
2090,0.46666224508541365,-0.2564965549618321
2091,1.9542818637461177,0.7857361186238938
2092,0.6168573057901277,-0.17040622031649966
2093,-0.20457607398483718,-0.38938369597989864
2094,-0.3331613684269249,-0.2962976796472002
2095,-1.0019456093848178,-0.11558011191447451
2096,-0.5413345429871292,-0.2050001291047615
2097,0.6910146746785493,-0.3191020046584664
2098,-0.767416101164765,-0.1527883253110329
2099,0.6165514333951272,-0.3336905793030982
2100,0.3475421296489565,-0.41581681999394926
2101,-0.08822467147982904,-0.5501222352023252
2102,0.1391421855230831,-0.18966566419355926
2103,-0.038336564778644666,-0.42725522611628963
2104,-0.030169741404215966,-0.44721332959235227
2105,-0.7944140312809607,-0.3699182126661038
2106,-0.06241891785054515,-0.33216888156158675
2107,0.5046672680878915,-0.47472759701547007
2108,0.6145595782598089,-0.36172157061265836
2109,0.2360568940465152,-0.4386944694564755
2110,-0.3181390417463559,-0.18526834959111615
2111,-0.8548284121518398,-0.28190384985123795
2112,-0.00634470196310033,-0.21464376258234186
2113,0.871951101752862,-0.32828004285584766
2114,-0.18457309481414552,-0.454157572830427
2115,0.9362647151227371,-0.1401803592210474
2116,1.1554360297239694,0.4998806599215949
2117,0.04994811118038389,-0.1242509954682871
2118,0.6588712670543194,0.0970748359326995
2119,-0.8501931376622534,-0.15399318750743027
2120,-0.08216579470506721,-0.46704096261501804
2121,0.17138883500543367,-0.2799992385591427
2122,-0.20443728364894515,-0.304872668332103
2123,0.8861138593950953,-0.09481314573460081
2124,-0.24015601696050587,-0.4186721036723443
2125,-0.11800425045005034,-0.30423113572265437
2126,0.3850248357341127,-0.3108119572383693
2127,-0.8712724176950712,-0.23380614045706388
2128,0.8780011727704805,-0.24889685986594784
2129,0.1310554285837866,-0.46503490940724046
2130,0.03958317194469957,-0.411865319592309
2131,0.6547636931742632,-0.27910202814147556
2132,-0.6478390426673915,-0.1112972484375366
2133,0.37339296568843483,-0.16472492875546677
2134,-0.02617073915528456,-0.3738441228669026
2135,0.482377680957605,-0.253434360268987
2136,-0.32726417023975657,-0.007177701168439715
2137,0.689643440993484,0.08207851254417822
2138,2.1191943914850966,0.4800509570392968
2139,-0.6933631385473384,0.8482970749853449
2140,1.7810650892581483,0.9919273536063494
2141,0.582767564021948,1.8523650258490851
2142,0.75158006459309,1.0986141386089698
2143,-0.44760533525496093,0.8539874704671976
2144,1.6575318789800062,1.0524803592079865
2145,0.35980876406689577,1.0225601612775814
2146,1.6679057090454976,2.754804562097545
2147,-1.1689400015119444,1.1993464686937372
2148,-2.2939140804047167,1.7823274397641569
2149,1.6356101992441152,0.4417067335019871
2150,-0.21392125674075368,0.10061004915463015
2151,-0.3134926640190316,-0.10029690293880456
2152,0.3018695680449235,-0.3828398744693621
2153,-0.4815902494306808,-0.15806420711057098
2154,0.36468813463100924,-0.13857802267492766
2155,0.278968892962228,-0.08087080761749706
2156,0.7173134525548778,0.011604137544237975
2157,0.33189158953564835,-0.19129559230928753
2158,-0.3878577098890498,0.045177965066563935
2159,0.10919643682185076,-0.303584791748406
2160,0.6349998635179414,-0.2861889203928967
2161,0.15865009685719217,-0.3855490112216665
2162,-0.12473963832406242,-0.2371941664359823
2163,0.12135256091174568,-0.28203025306703045
2164,-1.3380741013254291,0.14527395154996928
2165,0.8602294364447195,-0.22954026806400518
2166,-0.3922047227503218,-0.3833214943704739
2167,0.004206370152692096,-0.31891480822373564
2168,0.1941357422165636,-0.35262180785166664
2169,-0.05967665925523419,-0.44202808939750315
2170,0.06729285261707102,-0.2821884527205637
2171,1.1759851663410172,0.3710138738791443
2172,1.1866673067691664,0.477387049222881
2173,3.6088555727186393,2.838597406639232
2174,-0.4410293268447234,0.5836868366963784
2175,0.092400779741526,0.12299773171058695
2176,-0.19679898488552483,0.3752053131858254
2177,-0.12428858513142221,-0.12085369413721
2178,0.878464688863292,-0.009590353411556979
2179,0.5030916632894404,0.28904416574263336
2180,-0.07318947949432142,0.27858863436287706
2181,-0.10181192946954709,-0.059104432270266474
2182,0.3047451890981083,0.28978337953286804
2183,0.2146822466246761,0.4179334747140109
2184,-1.1974125260483959,0.10311723466479059
2185,-0.6771284363303627,0.22003272598832233
2186,0.9010735120886008,0.12312378122085824
2187,0.5052279701910245,-0.192019097374509
2188,-1.0871101261643354,-0.09035940688976812
2189,-1.5076565107528745,0.22264377894588314
2190,0.8843526133064149,-0.013950870864372869
2191,0.7305020610850657,0.019322950685300405
2192,0.13052887575711197,-0.11513120193151499
2193,0.03935775569438718,-0.18247044593188466
2194,-0.7091001233960396,-0.32400765862252157
2195,0.8112340949392541,-0.21609727735904474
2196,0.7044094657703156,-0.10682045530575185
2197,0.5109218181075884,-0.16178890582535432
2198,-0.12357967025035689,-0.16742545489152413
2199,-0.41488155050517067,-0.34845462513206915
2200,0.6719330913515974,-0.32476770315662884
2201,2.481580247467575,0.7863728566821965
2202,-1.1625354391171108,0.26227220486328384
2203,-0.5871099006221473,-0.03201768561590025
2204,0.1631203147634005,-0.2911007588404981
2205,-0.3673571884309579,0.04810844578873966
2206,0.9704680879408248,-0.3202241305455062
2207,0.07091722503518227,-0.31367261609584646
2208,-0.06464100184175614,-0.28169158739505495
2209,-0.15951094449808736,-0.2249930197919642
2210,-0.45251520536160206,-0.17072554797260595
2211,0.44919933420918723,-0.23080523642027578
2212,0.12620703751952073,-0.026494084213596572
2213,1.5528442447561948,0.2561932190505104
2214,0.8179898548696584,0.24555704453010194
2215,-0.5513044479070628,0.13066290915513176
2216,0.6494368030527142,0.2346617411244237
2217,0.10242795210991779,0.09469947320085426
2218,0.5574704165588512,-0.1156197672881488
2219,-0.8490779617648807,0.1728645849396331
2220,-0.30711889159492023,-0.20505656266119598
2221,-0.6553120963894412,-0.14278338740176982
2222,-2.091347442282073,1.0890061366308648
2223,1.1063172414333073,0.17592645029745493
2224,-0.1793343795371219,-0.28852863652171457
2225,0.9622759198639318,-0.14676191158309454
2226,-0.027768735429484936,-0.25583951905168056
2227,0.22331262601594082,-0.07704047290561566
2228,-0.8333128958153407,-0.20981167935621986
2229,-0.19129045663452915,-0.17930778574838008
2230,1.3687287301956537,0.30374309350703976
2231,-0.27738962284505025,-0.23200842776952155
2232,-0.05988920987005114,-0.5092895245255329
2233,0.5903846884174088,-0.2370611798716899
2234,0.7619525045825682,-0.01188939740793453
2235,0.010438615601494589,-0.27333431819431153
2236,-3.0227305470250703,4.383794461350937
2237,-1.7298247245731502,1.5204962972939293
2238,1.1286917120669444,0.9329179428556079
2239,-0.6018189311424268,0.6921591837199859
2240,0.2440220967929982,-0.1308060319060665
2241,-1.5893753408940632,0.05943175553935087
2242,-1.1835647258478337,0.9275664545404653
2243,-2.1710846313054883,2.3465182032479084
2244,1.4204710877508484,0.4425982558030028
2245,1.8799104968768265,0.29895994215145694
2246,-0.5789801919775898,0.04561838025175788
2247,0.31874770128963636,0.21065469203388384
2248,0.981204430677702,0.3860886836842343
2249,0.13986468996932988,-0.11602695396455008
2250,1.1422364532490281,0.5167448891653058
2251,-0.7014364939007914,-0.2428925225397262
2252,-0.05523455268461519,-0.3496281851069308
2253,0.7206081009375319,-0.21296604020757814
2254,0.835672832982708,-0.010761043289930536
2255,-0.4261558686803003,-0.26221075820400275
2256,-0.965763488388514,-0.3762714178800518
2257,-0.20261439403542703,-0.44563787450031933
2258,-1.8019333137781843,-0.10991298168286202
2259,-0.9388808692810636,-0.09393453449347675
2260,1.453024733371719,-0.13516413659165177
2261,-0.1476323037586309,-0.05608090933279711
2262,0.38446694092765643,-0.4487001572445596
2263,0.7789258018332035,-0.3075098488029027
2264,-0.12725144320377957,-0.4972765170314676
2265,-0.005084242293523555,-0.45145702190959613
2266,0.2852583953876704,-0.5484024575834345
2267,-0.19584904805413608,-0.4072446821892982
2268,-0.8037228003554435,-0.1594513681121984
2269,0.2709352162333142,-0.45612067066635675
2270,-0.5973963050210465,-0.3972105449219453
2271,0.5229310443860335,-0.4229858878382662
2272,1.0097589317017936,-0.40300176426161116
2273,0.3529229890082375,-0.490386506928991
2274,-0.004753367188514712,-0.4988847139336966
2275,-0.3489344743571352,-0.4644534320608845
2276,-0.6216861352300107,-0.4031685426272914
2277,0.19899247908855666,-0.5167662856794325
2278,-0.686382026946943,-0.2144388389503163
2279,-0.8817806673814707,-0.2523577886612087
2280,1.09847972110899,-0.3093653312707104
2281,-1.0402424294598978,-0.23202704056936269
2282,-0.6811434816512193,-0.3415122409368051
2283,-0.06800312171904474,-0.2035454153649034
2284,0.6452027884123854,-0.4546513445953674
2285,0.2941885080080294,-0.5334732141774584
2286,0.6011889731505957,-0.38483566069433506
2287,-0.000887572715295798,-0.5033166934739106
2288,-1.539210018799667,-0.32636702234108994
2289,-1.0506266433277367,0.11764304374272846
2290,0.26238460782853423,-0.3792941105053468
2291,1.0823665978943922,-0.2118417011303689
2292,-2.1855613057328296,0.27360854242938915
2293,-0.9044625514472399,0.15862475493234154
2294,0.37379115780795347,0.09823188101871896
2295,0.1846322592262265,-0.05886450696082665
2296,-0.3038564584639546,-0.30921599908038466
2297,0.5565953207342996,-0.37872708519646137
2298,0.8978711944179004,-0.28999089635470543
2299,-1.3471688977083875,-0.4048925254368251
2300,0.23965985494364056,-0.5139218741881578
2301,-0.21511894995297895,-0.4343223225181776
2302,0.07241876808588743,-0.3352486510136852
2303,0.8458379563374462,-0.24946329539746934
2304,-0.9398693435376335,-0.37938100631948535
2305,-0.44715144556997405,-0.4024889607997869
2306,1.342163326938902,0.01608518060963629
2307,-1.1531786243481645,-0.26983267351856755
2308,-0.8831440786979152,-0.06993256722515447
2309,-0.25191928411531817,-0.2681926178401547
2310,-0.378505089810523,-0.1040960108036624
2311,-0.9227203589756156,0.059728365232021324
2312,-1.2204221029438682,1.218418036665644
2313,0.12795083217008962,0.39677416887867123
2314,1.336455823781069,0.31004098755423826
2315,0.10561991733579335,-0.20417639895344625
2316,0.23567087629074757,-0.3612552635321499
2317,0.40908765518710244,-0.35141607913856876
2318,-0.08214537000923718,-0.424495331617041
2319,0.6472944395913308,-0.16587538356783604
2320,0.26863229222171164,-0.4135259999081409
2321,-0.03256466704662292,-0.3729094004967438
2322,-0.7007204232317595,-0.14143018837676186
2323,0.3284183180275595,-0.4454995722930266
2324,-0.16322612814303666,-0.23250905566125496
2325,0.6391413224522967,-0.4025709098609098
2326,-0.17897671968185014,-0.4462038528862554
2327,0.11404645797772062,-0.4030367063807925
2328,0.33651809892282947,-0.2240918093285564
2329,0.6730902598880532,-0.26922181205578904
2330,-0.2698352265206318,-0.25336445729298473
2331,0.3976591023760262,-0.4834385826313118
2332,0.2450271628771381,0.5543853639440564
2333,-0.164145620464777,-0.18558914489078626
2334,0.49372722813256686,0.36530369206578084
2335,-0.16564277535432786,0.27052143181581956
2336,1.2949749573166618,0.11833279919023276
2337,0.16445247004077224,0.24539005140333595
2338,1.238261133096946,0.16626397951357277
2339,-0.7618585867822061,0.3533325080282812
2340,0.20499751915697745,0.09061454415471437
2341,-0.7977764264271759,0.11450272577936146
2342,0.9221818964515699,-0.28305690110391024
2343,0.7359986622028697,0.23883109459727495
2344,-0.046921164513790636,0.11746738745374297
2345,-0.18540043904860115,0.2282749084416559
2346,-2.2523566651015017,0.5185971686828441
2347,0.23793935221524093,0.17827235040354708
2348,-1.1124383906439625,-0.3173771554508473
2349,0.9943981222335775,-0.034102933719873385
2350,1.36205098536937,-0.16490709644453863
2351,-0.6081088709510719,-0.17806647507538298
2352,0.4505447888533286,-0.25749028318877254
2353,0.2796179910424546,-0.3165162746228103
2354,-0.7123869881320983,-0.2541609237272947
2355,0.9543890336911095,-0.25551890454767023
2356,0.18229910398866028,-0.49460039295618907
2357,-0.030514169160768323,-0.39390270820407147
2358,-0.0687254365375719,-0.09041463376710297
2359,0.1017055191535553,-0.47538029351550515
2360,-0.041679750355844564,-0.45966837970337415
2361,-0.09825267481336977,-0.3961851742793393
2362,0.1887516308409924,-0.3769457916956236
2363,-1.4871644315568249,-0.180018347681824
2364,0.23260831059308207,-0.3684416617898119
2365,0.625259172833719,-0.5476850510926523
2366,0.48971507508074186,-0.40257685012734534
2367,0.16756164476683888,-0.5167870988307361
2368,-0.24983675150696463,-0.4301108146770265
2369,-0.4014890920945523,-0.2914810001343917
2370,0.26674821539248267,-0.513189081229579
2371,0.8546160003927928,-0.17298895819922766
2372,0.4413574768463734,-0.05802131945456865
2373,0.17129704681090785,-0.39768085429945266
2374,-0.6905371920977992,0.06063254472598423
2375,0.19934463390556673,-0.3144418640245581
2376,0.7500757087957974,-0.24820353788696664
2377,-0.19725628873870382,-0.40327304162592625
2378,1.1775736958249623,0.19354505012787163
2379,-1.7915325143138943,0.45408294297323315
2380,0.618686159055743,-0.2706258307754388
2381,-0.8443020502022647,-0.3806432531249221
2382,-0.3614695510480404,-0.14806050807964508
2383,-1.275054320000962,-0.265990012582044
2384,-0.49620557744746807,-0.25630333349318124
2385,-0.8411155228616015,0.21950801991823762
2386,0.4251096379091981,-0.34833540088201154
2387,0.010275842204811148,-0.3659414264603685
2388,0.8467649542146768,-0.23061403778681155
2389,0.09910283482360821,-0.43599041045784515
2390,0.7137708541577029,-0.2455104350819044
2391,-1.0493903848289916,-0.3096764778284583
2392,0.3420374109833346,-0.24817756370554278
2393,-0.6966082296352983,-0.43132140951100173
2394,1.0547254012469796,-0.3991851045789858
2395,0.48780527081892067,-0.3032300652519737
2396,-0.6515047850770291,-0.3885272085819521
2397,-0.012779913016367411,-0.3763395577134151
2398,0.8440974600811634,-0.3395398480611631
2399,0.46663684774823444,-0.20675309431046499
2400,0.33322373980373154,-0.27333661779947116
2401,0.15011282190885522,-0.3019605406076879
2402,0.05783892380515171,-0.07399936904638812
2403,-0.3880901600310732,-0.3112731329988111
2404,0.47374452056445504,-0.04435617019995666
2405,0.2918044667445379,-0.20203505196086544
2406,-0.6590784476075436,-0.18311968874106868
2407,0.5616477822948639,-0.18516711309953454
2408,-0.183130224415843,-0.26290853903405775
2409,0.4037723213892874,-0.2595331172602716
2410,-0.3106750729222175,-0.1388976392139003
2411,-0.1999170661064794,-0.4385934926446956
2412,-0.02871416609009253,-0.42206156472632916
2413,0.8034457703838226,-0.0053226438625489925
2414,-0.6575741672191842,-0.23640259189316598
2415,-0.45876829609216413,-0.15762100366150394
2416,-0.41249741571464715,-0.28243517505655136
2417,-0.17482331774172136,-0.30312914353635373
2418,1.4398426545534289,0.024818423111545446
2419,0.014357862192678317,-0.013025341156163897
2420,-0.1821465014731194,-0.16268733639682562
2421,1.266340023019806,0.29442867785189497
2422,1.1199673405251391,0.5174487141646397
2423,-1.655795085882084,0.8238528101975959
2424,0.8013176870489006,-0.05615739885151673
2425,-2.0450948410857284,0.6579667584088885
2426,-0.13421342599887542,-0.06283645716240932
2427,-0.8748546458265931,-0.008792700967156383
2428,0.9189950967105843,-0.010543687856985895
2429,-0.2786485658357293,0.009818706006826161
2430,3.299735870370896,1.2110351391854008
2431,-1.9996568872302634,0.9843605744514835
2432,1.9990177794473647,0.5596358741631341
2433,0.8639511268663377,1.2059745520879135
2434,0.05268980191547601,0.33765531517929515
2435,-0.5401905430018583,0.2321189511051959
2436,-1.240230606219324,0.5524666714780433
2437,0.40198549136123496,-0.15401893366751515
2438,-1.1510536723174738,0.3089849396402967
2439,0.662680393499718,-0.09212187137594248
2440,1.1679781912214677,-0.09175342821258997
2441,-0.28436977386868545,-0.3215940150828771
2442,0.5965814157578075,-0.1614940709499861
2443,-0.23350204785342793,-0.43522199798914896
2444,-2.269312735823885,0.20257290736069625
2445,-0.8118910173503204,0.22010436313171747
2446,0.42280907386230127,-0.28551331662416835
2447,0.6541580658313843,-0.36079078150556887
2448,0.6021732368263515,-0.3981895812805478
2449,-1.0550332185093128,-0.3380622025687857
2450,-0.17375508173032322,-0.3132050743156437
2451,0.38005810282520824,-0.390463141648695
2452,0.11509346031247936,-0.45875174347785597
2453,0.5580984305874669,-0.26953204583072454
2454,-0.6006247903839989,-0.4513309817529664
2455,-0.20294001503299341,-0.4528433368619479
2456,-0.29256599730041055,-0.2770373819858714
2457,0.267129830143233,-0.5487518670160715
2458,0.44371273623416563,-0.5097972627857432
2459,-1.2180058623982668,-0.39378670233560253
2460,0.07054287670958143,-0.5033443573648346
2461,-0.7028098001908339,-0.27002376197851563
2462,0.8323056546619944,-0.4116296277724534
2463,0.24561814939524096,-0.38538882200733793
2464,0.6621714751765615,-0.41804634979580746
2465,-0.17354784191908562,-0.4598818962984137
2466,-0.17228495519130155,-0.3545643645034493
2467,-0.2685087103826225,-0.510060089862127
2468,0.05463013534393901,-0.5514924177999982
2469,-0.2784353997908297,-0.32522164502407314
2470,1.0033829558364569,-0.3692870183231868
2471,0.08134461065420096,-0.2537601638753406
2472,-0.40470162403756765,-0.22233011405689107
2473,0.934300221842237,0.04390741119873712
2474,-0.43561008665104367,-0.197759110390557
2475,0.863781410111183,-0.12834520655131587
2476,1.0727678495974429,0.3986063180433612
2477,0.33221869832744544,-0.019686847416276715
2478,-0.675865339356498,-0.3110818697936353
2479,0.20381756723189487,-0.4254459366943387
2480,0.5172870663540137,-0.2598469063006372
2481,-0.3988288640965926,-0.32050936041938893
2482,-0.1538923610519758,-0.22025339147938527
2483,-0.9986892492104545,-0.422673244351084
2484,0.18283665057107112,-0.5668015216375258
2485,0.00048018836065299997,-0.37454586491330866
2486,0.14681026687652193,-0.410249608532654
2487,-0.6188173109433676,-0.4592449249941596
2488,-0.09672115027330708,-0.5247839818667084
2489,-0.5958874637643079,-0.4333528898481316
2490,0.007023176879168314,-0.26583135350541853
2491,0.500218007966641,-0.3751464911310658
2492,0.35944105237522495,-0.4885396293901979
2493,0.05913712549271588,-0.5006753025822255
2494,0.3374310970123464,-0.5934065167000171
2495,-0.10150888008082451,-0.6595863136393223
2496,0.3383818449931558,-0.3017754168283554
2497,0.14795360460562768,-0.432353015082659
2498,0.7461349048833111,-0.2966199302097718
2499,-0.16123026187160788,-0.5083965689894189
2500,-0.04164542962565687,-0.43740109660093796
2501,-0.907127182334649,-0.25623800410499187
2502,0.15701916958898687,-0.4151488912800585
2503,0.8052941376204293,-0.3656974934136755
2504,-1.4190153871553455,0.027298949705513886
2505,-0.47499389317694257,-0.23810778679198996
2506,0.15533984846663146,-0.3263405852708598
2507,-0.587202148710511,-0.4096411315103662
2508,-0.6952672333489094,-0.06105962778607506
2509,0.44666879048440844,-0.330946658922071
2510,-0.14435113371583994,-0.35459040752604065
2511,0.3209593719870393,-0.5133746178645437
2512,0.4714675899140932,-0.4542838848257571
2513,-0.8310003539857815,-0.48251349688591527
2514,-0.4382527473128011,-0.20827580542612711
2515,-0.27887285483034707,-0.4691607000138618
2516,-0.620371378837158,-0.025814172336961094
2517,0.058233469408204286,-0.05827125582035411
2518,0.649037151282878,-0.3703996713636769
2519,0.18151714325670815,-0.2421518272314701
2520,-0.3266281149663586,-0.40261587452297565
2521,-0.10844763688749273,-0.42588924056681066
2522,0.1959390271539206,-0.4634263946741124
2523,-0.8772911495298316,-0.3041806549174705
2524,-0.3481294095910541,-0.09347085686860093
2525,0.7141765574536069,-0.06449456480012353
2526,-0.15953293966249293,-0.2514739097091512
2527,0.21294048734716986,-0.2755197578045983
2528,0.742003177569272,-0.34759788986778495
2529,-0.1497710825319106,-0.25806378561228704
2530,0.6496455388619962,-0.4770501024996212
2531,0.5284694573888272,-0.2488993685283997
2532,-0.39384502182001496,-0.3972916268424971
2533,0.30215151713520694,-0.5231942662350798
2534,-0.5367768074790862,-0.41644066300548743
2535,0.4933941575576055,-0.4350324107174691
2536,-0.8989309357752898,-0.20511412088950565
2537,0.40862345856599147,-0.5097203838879298
2538,-0.2879856866881411,-0.48521088141889857
2539,0.3490696287256392,-0.5707262246192838
2540,0.06345240720512058,-0.5602653832663034
2541,-0.14568817774361795,-0.5409597377851059
2542,-0.4046554130744828,-0.4801202528487266
2543,0.42356456945278975,-0.5390467542155682
2544,-0.23569112285623786,-0.5824041262741667
2545,-0.35737018632718903,-0.5059541160242315
2546,-0.008305793860606314,-0.5820185284138507
2547,0.3603267212069797,-0.6137827863339006
2548,0.09836169506652326,-0.5620682985547181
2549,0.2879056934143247,-0.5120397101605417
2550,-0.20892899454091196,-0.5691306168789242
2551,-0.18803324249130876,-0.621333751722536
2552,-0.17452888994188578,-0.4826635869591942
2553,-0.5805272890021115,-0.5010262562120034
2554,1.058468170908855,-0.35299400075735005
2555,-0.09978688889365882,-0.5590043977366115
2556,0.15314852643701576,-0.5172319855844828
2557,-0.08470658142799603,-0.5602217996047892
2558,0.9615822856251489,-0.34265655553510466
2559,-0.0008864728407322886,-0.4760565032855373
2560,0.3069922464076398,-0.5988179741869882
2561,-0.27312434730800994,-0.4676953655073013
2562,-0.43469336387921065,-0.5065516067993269
2563,0.2724826338176208,-0.5874071061447904
2564,-0.1737501592689684,-0.5015327086717241
2565,0.06317056714628205,-0.5585561409623887
2566,0.4671290617621634,-0.4634089269951188
2567,0.69810518673765,0.04925265510822216
2568,-0.07566475549330254,-0.5070542521377172
2569,-0.34983345991062004,-0.5544791747739262
2570,0.28265478505787023,-0.17101614361608883
2571,-1.9970011075812475,0.7268774237216845
2572,-0.5903614436088347,0.4206423464888519
2573,-2.0732291186442127,0.06581805329068527
2574,1.4063841970768705,0.035958482166906336
2575,-0.0758871967361655,-0.5098338171266034
2576,-0.3950459760738642,-0.49142596597612564
2577,0.23353046698144808,-0.5392139152112774
2578,0.10185386751323522,-0.48587359514748674
2579,-0.36163702002101517,-0.4957394375251556
2580,0.42379052183072774,-0.5745355622019542
2581,-0.059889245413779574,-0.4536709527836503
2582,0.32108068525045885,-0.4308515544560456
2583,-0.4239657672235191,-0.5547115266215565
2584,-0.8840121762507807,-0.20462325929659964
2585,-0.3882874136767974,-0.3087063248818043
2586,0.2614241158423456,-0.338823049735804
2587,-1.3896043289595417,0.42340523058404456
2588,0.6960446939945323,-0.362382779054537
2589,0.05223713081531617,-0.4288204315248356
2590,0.44889524414041726,-0.6031996342937834
2591,0.16769806508570928,-0.5093319405734682
2592,-0.2604873457222465,-0.5288017755066823
2593,0.22801825489365302,-0.49606320690703376
2594,-0.10622465685039033,-0.47506237131979645
2595,0.45266253632141684,-0.538266507080941
2596,0.08797501246205008,-0.5076767641412114
2597,-0.010263586756677434,-0.4847705318425941
2598,0.16366080351442575,-0.43418287876773864
2599,0.2992327961041717,-0.4043290751373163
2600,0.4030253056128349,-0.4049514361129002
2601,-0.024936900998414918,-0.35576799326586406
2602,-0.5346692413850427,-0.46485884344653783
2603,0.13199117536423965,-0.5416444191494895
2604,0.46274460156555164,-0.5630796737797644
2605,-0.2523470452254405,-0.4945085364907298
2606,-0.23474595826194566,-0.543085877822091
2607,-0.281037584107261,-0.5732973450987917
2608,0.11062654667719629,-0.38019961973055405
2609,0.12129881015157779,-0.5287827986076098
2610,-0.3343340263611384,-0.46483835797215334
2611,0.04196205798280192,-0.6301975964549277
2612,-0.1615276591585,-0.47763017858398393
2613,-0.13885837755223096,-0.46024814425898253
2614,-0.5591632554074906,-0.28839176525967636
2615,-0.11447919592610882,-0.4464167828330051
2616,0.19383896840624804,-0.0988972896982154
2617,-0.44150027755546384,-0.1944299422842136
2618,0.2080582594103847,-0.36935248280538047
2619,-0.20917168363183514,-0.44606198672376507
2620,0.979548681009304,-0.5221467197756251
2621,0.22941105429982211,-0.3390344115209253
2622,-0.40699753444447223,-0.3454241358925463
2623,0.6425277666226135,-0.2031891163638309
2624,0.03366142320103774,-0.4597130377349423
2625,-0.2686652184151668,-0.4929132102857767
2626,-0.7179023621118806,-0.34225754942660747
2627,-0.582404464529483,-0.3699877627368255
2628,0.22303869041144436,-0.46211125802827935
2629,0.1526271287003615,-0.5563366340845937
2630,0.10546781288311219,-0.44382686994357423
2631,-1.0185107820585304,-0.09677089979048967
2632,0.5366777943412111,-0.6539333989621418
2633,-0.09521571349071474,-0.3163355622600096
2634,0.8397745888569165,-0.18993061884773302
2635,-0.18491324618913565,-0.4144675358319887
2636,0.07441060589793702,-0.521942936411479
2637,0.1612905428455429,-0.5179923623173178
2638,0.6465712645896579,-0.3591647824222987
2639,0.2213435080305492,-0.4036518152433337
2640,0.7067944496011728,-0.32126591340787763
2641,-0.4278488444756866,-0.4585392982599278
2642,0.3278976593199031,-0.5951678482159102
2643,0.5811271401140436,-0.3352897089919765
2644,-0.09774810450498558,-0.3514172964329716
2645,0.3537961042807479,-0.3482289540494592
2646,-0.4647154358274792,-0.3907664003978075
2647,-0.5129050461627148,-0.4376984925627253
2648,0.266755369571519,-0.5663093713609083
2649,-0.29367996003387664,-0.42329051017901287
2650,-0.15947472066746854,-0.4888374709259945
2651,0.8967416543849646,-0.42689753521708196
2652,0.43723148258580025,-0.41639078707120236
2653,-0.4617168770937041,-0.35651306060486015
2654,-1.3197387114826866,-0.24743346940431268
2655,-0.36156406713090483,-0.2834464141661246
2656,0.5690348879033891,-0.7159581197160053
2657,-0.2024555872200394,-0.6406220163464253
2658,-0.7936623464588466,-0.2836786146933714
2659,0.3676068065068592,-0.47551264055410103
2660,-0.26449662536134555,-0.5129669278096963
2661,-0.02268769339808957,-0.6087520421597837
2662,-1.1386059199316567,0.2659711786678436
2663,0.826797269567385,-0.29907564159162736
2664,0.3242314469162312,-0.1393389299089044
2665,-0.7783812540958327,-0.4520724737006655
2666,-0.3511718253198154,-0.1885890080158625
2667,-1.3692001093425095,0.15663068325013893
2668,-1.541208211851488,0.637669964930988
2669,0.22389399253826853,-0.13197769110714913
2670,0.5370108849251166,-0.025258797294476512
2671,1.0375533687674707,-0.12916355905583615
2672,0.3805399848942329,-0.37527917464991767
2673,0.5480752715064191,-0.37834878153144513
2674,-0.22816228456820767,-0.4924474606502941
2675,1.119411645738131,-0.2906915418708237
2676,0.8511074845029948,-0.21190382796773027
2677,-0.13929843008776183,-0.4969162693893969
2678,0.5919080132378071,-0.23905220509761407
2679,0.787787244077507,-0.008204250049667877
2680,-0.6831131251112865,-0.2559507436455354
2681,-0.1025670506627076,-0.3657134921031485
2682,0.36774180630555076,-0.374452592032955
2683,-0.04161012895829999,-0.34880751549644595
2684,0.0318141097048692,-0.29778438357062453
2685,0.30097563877086997,-0.33408818551091213
2686,0.7286880062272915,-0.4025449411328832
2687,-0.008638695373107297,-0.6885453522540392
2688,1.133423290337479,-0.06281253209833414
2689,-0.18214351459803454,-0.1895189843637586
2690,-0.3687569085797248,-0.40686622603100886
2691,0.5638978705220078,-0.31645729750303087
2692,0.10033756345036343,-0.23527877996134847
2693,-0.16428838658699144,-0.3703948157732534
2694,0.47206322183429106,-0.3141644107572089
2695,0.12658546980587781,-0.2640551747052369
2696,-0.2410891615224436,-0.26982585994344094
2697,-0.1546951097352306,-0.2788878377469386
2698,-0.2177449720419219,-0.6893521119986705
2699,0.19930973272680752,-0.3095465928656839
2700,0.2660751841313205,-0.28986410524124695
2701,-0.5821314807128987,-0.21321607991170372
2702,-0.3607534773616389,-0.104838099216812
2703,-0.7628235424242166,0.041001496545309185
2704,2.433221647837333,0.7905380467043109
2705,-0.7291487910920947,-0.26616073374261295
2706,0.16807664802638578,-0.0463936008676564
2707,1.0839797791454706,-0.15293704863961366
2708,-0.23956007673468627,-0.0641926842597361
2709,-0.4214925070867126,-0.2582951540205441
2710,-1.066858844036942,-0.08801807228123744
2711,0.5203950110013812,-0.388302035925861
2712,0.5962479919978696,-0.13861824135559045
2713,-0.8652040897600723,-0.19684500120086945
2714,-0.14359014727644068,-0.15478682951153652
2715,-0.9795912909806609,-0.25022836586776
2716,-0.5858750716265794,0.4291201188895045
2717,-2.5155817812072585,0.7755121880179506
2718,1.7790852488640487,0.15567277364674123
2719,0.19794660595309965,0.050748729742439436
2720,-0.2444853064537052,-0.3041147940689976
2721,-0.9688441541149105,0.07801284000096889
2722,-1.2389033451771407,-0.09272432622451166
2723,-1.7052476385495603,0.5038436909553544
2724,0.03368204741214209,-0.0521734376031516
2725,0.6476716185722637,-0.23703270884629765
2726,-1.1250203365587463,0.09202743488596762
2727,0.714579793535756,0.38758466292783844
2728,1.4566158606861173,-0.13493952445346363
2729,-1.2002317973295418,-0.13077012938036323
2730,-0.25740576045920366,-0.11845048609464787
2731,-0.14485049803009825,-0.4078884704364658
2732,1.2013027463848123,-0.4247578655138724
2733,0.9365989605610087,-0.3907447456264167
2734,-1.2043755745382985,-0.1533518675185168
2735,0.372650138921647,-0.5185070018999907
2736,0.4294551517960502,-0.5300947322006465
2737,0.4905670235610199,-0.37832693069576484
2738,1.0826744234573815,0.007644306039867765
2739,1.0667337040164475,0.04984917063082736
2740,0.7896746326322736,-0.3004541763173534
2741,-0.4804154217602261,-0.40068260950696766
2742,-0.9905495604728026,-0.41564775354279704
2743,0.5561889368371612,-0.4682518435816969
2744,-0.9281193199394111,-0.48575907174826616
2745,0.0789393796338298,-0.49481851706058044
2746,-0.27946247201668223,-0.4449652406194432
2747,0.21011480117772535,-0.5066337902134855
2748,0.039547144579253624,-0.49305734237752685
2749,0.744000759717267,-0.416610468829653
2750,0.07992816830979588,-0.4080891283255309
2751,-0.5671644777065123,-0.5386805958267716
2752,0.4704245960837894,-0.5925377223328024
2753,0.4405563669245466,-0.3449620792195436
2754,0.18664469790934585,-0.3454706731742483
2755,0.018805199593379784,-0.3535475133366771
2756,0.3566209724615148,-0.45900633922307155
2757,-0.2210547960245188,-0.49919730211674884
2758,-0.17376592779311126,-0.4607271939597306
2759,0.545059472739362,-0.42246135098915083
2760,0.6480828559866743,-0.3811331549755569
2761,-0.2034443035338684,-0.3112645341351985
2762,-0.2175243973857599,-0.07628666093547395
2763,-0.03455881863287802,-0.23163911289237238
2764,0.6101651049419409,-0.2538614208336521
2765,-0.9664213997176733,-0.11156180110054842
2766,-0.4174174102361432,-0.2192197687290896
2767,-0.16201926202839234,-0.4062088886191608
2768,-0.2157042789766964,-0.4202444390119163
2769,-0.3992878270384058,-0.3190900952351767
2770,0.01626585596964286,-0.35897072960566995
2771,0.599571121352699,-0.5013638442638284
2772,0.10482964528998667,-0.49960143705338134
2773,-0.06589501845303669,-0.5997104440183582
2774,0.37129102531162717,-0.4323705647966314
2775,0.21078070051550407,-0.5310329535933574
2776,-1.4981710010211993,-0.29284399773333475
2777,-0.7559380248315714,-0.10050481710734807
2778,-0.20846170222500393,-0.22904392116008324
2779,0.5253435920179451,-0.3341478238204276
2780,-0.0774124574141267,-0.18286300571338468
2781,-0.08261320210559749,-0.3206161696500598
2782,1.1216101155314178,-0.3874498730876207
2783,0.8833665208246112,-0.2435713474022457
2784,-0.15452180009547783,-0.22939839799246536
2785,0.5017250039880446,-0.22773001550947072
2786,-0.07407480233062175,-0.37278950423686263
2787,0.47209256917835196,-0.4860755531031271
2788,-0.440015157653295,-0.467073226463264
2789,0.3417712013087081,-0.377033897553554
2790,0.20790976257952126,-0.26641964306433963
2791,-0.2763200291238521,-0.2971962984819798
2792,-0.4066277174499743,-0.2821470695934234
2793,0.5907522618302942,-0.18512267316672407
2794,-0.6050335376405406,-0.39367543670553007
2795,0.17858902044791453,-0.40632819948136134
2796,-0.09805794727576866,-0.33568445804184455
2797,0.4567038277389105,-0.3580899698631802
2798,0.025227049485761766,-0.38192029377740566
2799,-0.38278286735069655,-0.46745975942292417
2800,-0.5556853230148188,-0.4570878563472076
2801,-0.3514493473189987,-0.2073584879603662
2802,1.409263364721233,-0.12994473055585862
2803,-0.13534623259971992,-0.225383481412858
2804,-0.573679397028225,-0.31806860089683764
2805,0.38213396907854236,-0.39611672418271393
2806,-0.2459882672626789,-0.3978291711075078
2807,-0.8342665778042582,-0.28118195216968855
2808,0.28996723990341655,-0.08864662777074783
2809,-1.1035068224928404,-0.3094647078493721
2810,0.10005993618707909,-0.2657199208461108
2811,0.11220054117460576,-0.07290214545463225
2812,0.1511647556295972,-0.11135659323241115
2813,0.06294497249111031,-0.2478503698286346
2814,0.42984266889986755,0.24162683353875616
2815,-0.4928861766316447,-0.1941356081157418
2816,1.205424578914009,0.014434079784595127
2817,-0.29696215769682843,-0.32714469909024524
2818,-0.39352901141255175,-0.4052869240017143
2819,-0.4008796153453684,-0.4144384059881516
2820,0.4965803287730143,-0.30449018913873704
2821,-0.29178384875139285,-0.45239538856429906
2822,0.34632082772090433,-0.3075554056715107
2823,0.6723026495112345,-0.33702654224574713
2824,1.137844019909208,0.24057613255584318
2825,-1.832164561577828,-0.0023940101283969895
2826,-0.07718952558923564,0.0600144608572066
2827,0.4323916669396709,-0.4310775404168937
2828,-0.06747923535065792,-0.33079281891825507
2829,0.12214873000453563,-0.22741712699612943
2830,-0.2768379212962472,-0.19789184054156495
2831,0.7736559379313251,-0.242223143985525
2832,0.017691244731320332,-0.4643272640007744
2833,-0.05616796199734231,-0.3920651851975814
2834,-0.2551475929680554,-0.40117799457337644
2835,-0.1487601257812985,-0.4251512159297136
2836,-0.409961659015619,-0.553879949902099
2837,0.10435422513618364,-0.4211813061211187
2838,-0.6962593722163264,-0.5705025055315103
2839,-0.6632117609033481,-0.4022867130777412
2840,-0.036623155426305065,-0.26579145329880804
2841,-0.13645901940263178,-0.6315595907835875
2842,-1.0896366566112854,-0.13310982044260136
2843,-0.5035993887934402,0.23217003600797906
2844,0.20677212934802686,-0.0879495506919234
2845,0.267683519575692,-0.3059093049008321
2846,-1.1702517775592658,0.03385988997305142
2847,-0.45659166214198865,-0.011759904377019958
2848,-0.45978583278283613,-0.0741082852653323
2849,0.3291433287934268,-0.5081415505865906
2850,-1.43746763966917,0.15925438963781993
2851,0.2949335169332027,-0.249265453141551
2852,0.9862169912597346,-0.10439062932725854
2853,0.5702887184173889,-0.03263801865818679
2854,0.618536354423001,0.05056745180486871
2855,-0.13732938994493427,-0.19185623466776625
2856,0.3421701430040204,-0.18961888237794725
2857,-0.021223869022407332,-0.5277784948060791
2858,-0.9215920987370712,-0.37279755612100796
2859,0.671962012115965,-0.24056482560514772
2860,-1.1791331498439246,-0.31694765861394303
2861,0.8666007066875915,-0.3051598883688379
2862,0.1703565566384605,-0.42101181473654714
2863,0.12043176667319183,-0.38893232128986244
2864,0.7968958599600245,-0.38763527233673434
2865,-0.1836381588782149,-0.4694566370329075
2866,-0.15624158181319894,-0.4276023979454914
2867,0.16821274673848335,-0.5071169113326074
2868,0.10698789155042826,-0.5842575393579128
2869,0.9332961770227791,-0.2063178855854337
2870,-0.26479905105335544,-0.32171655259998355
2871,-0.27765582698017144,-0.4843214062537543
2872,0.017698067415948954,-0.6474007550884892
2873,0.5140614068432791,-0.4820527607624029
2874,-0.431368081654646,-0.5811857268194757
2875,-0.07532513682245284,-0.5362858521364164
2876,0.12100014509823087,-0.5566758628825637
2877,-0.3484850001493056,-0.4623584797873599
2878,0.1437056563524589,-0.5558217153117055
2879,0.3135652132944322,-0.5557345859630028
2880,-0.7003005666624845,-0.436769452896406
2881,-0.1949554276061503,-0.49692593105633687
2882,0.1433238212279097,-0.5444728425982395
2883,-0.37597804153084763,-0.4998613848853328
2884,-0.8098078283079974,-0.21054377613030534
2885,0.33491923082472586,-0.42880518313640514
2886,0.44854148399032945,-0.4436000080237579
2887,-0.6754747166260067,-0.352823787246902
2888,0.3187976447435228,-0.5533337790014258
2889,0.14706896754762194,-0.4248761537154313
2890,0.16581431326977403,-0.500941569495421
2891,0.49412136843995014,-0.4573769887889104
2892,0.4986619964715161,-0.2784289942003436
2893,-0.18370866935938077,-0.5221652671480238
2894,0.14815064869223282,-0.48102830828305465
2895,-0.10074928641681685,-0.588346305046325
2896,0.3410000867816052,-0.5162565796681564
2897,0.11768580397658462,-0.4365944519230285
2898,0.15116626117117138,-0.48503837349485246
2899,0.37928475417248686,-0.5222370796745379
2900,0.035537789313007606,-0.4085638519729009
2901,0.18028241967344882,-0.4369510712322161
2902,-0.31530037563263613,-0.45519735812614437
2903,-1.1225113028810347,-0.072955516283239
2904,-2.029003394655307,1.7240741063779135
2905,0.04699549545604839,0.3642853467272055
2906,-1.9386611617157632,0.3492582831281358
2907,0.9779746564490738,0.20844142110668076
2908,-1.9701130694942597,1.727551137744689
2909,-3.097291503235527,1.653706862979052
2910,1.7481674869025796,1.632967342582991
2911,2.2888744240088097,1.054936506913147
2912,-0.07200281628672045,0.024314051093674516
2913,-0.9770181100835464,0.04280527123691155
2914,0.6292264310271073,-0.1777128626826635
2915,-0.24988522898369153,-0.21908883155960798
2916,0.9253016156670716,-0.2204331995560859
2917,-0.7608664402900139,-0.3080746166855859
2918,-0.9129014633206862,-0.05188469823636724
2919,0.13826993395342374,-0.18040349229918343
2920,1.1848309177098235,-0.3871024976228393
2921,-0.09379335428924049,-0.38579890480427537
2922,-0.7195611531240317,-0.26830492706837017
2923,0.8575390959139214,-0.5404106825850958
2924,1.2108040754827258,-0.020069622942626916
2925,-0.1197605305517293,-0.290345609700585
2926,0.8742591104432381,-0.09667661360056515
2927,-0.5733263496757073,-0.3163631690128279
2928,-0.26536112714829113,-0.5048640684465688
2929,-0.0037097162739875567,-0.5069561159077005
2930,-0.007098200217979467,-0.5353888769051534
2931,-1.1823000195371338,-0.4916779529862213
2932,0.8374389668916898,-0.38219600256215347
2933,0.7382813868083025,-0.3947342422905217
2934,1.833723805601501,0.06171555654487074
2935,0.33674174033002124,-0.20763701174408788
2936,-0.3875875595389552,-0.4398280973074544
2937,-0.33692182759914185,-0.5319348941007689
2938,-0.1301673196000694,-0.40362113076608674
2939,0.3136000843117407,-0.6316983049033918
2940,-0.4619517707187453,-0.46199536693091514
2941,-0.3202083985633923,-0.5492513617157061
2942,0.5805600735652378,-0.6486321222813527
2943,-0.5949237532685314,-0.3931292299206518
2944,-0.2908251632317692,-0.3900167315020926
2945,-0.1747627728819617,-0.4769850697774942
2946,0.5960480755026344,-0.30091041014550657
2947,-0.11789303718465594,-0.5148098837183641
2948,-0.2666784260645273,-0.6549196145492268
2949,-0.11704943018863209,-0.5528323345260279
2950,0.6110343179908616,-0.4242765298055057
2951,0.08304388226618198,-0.49972214607911336
2952,-0.02525651767427789,-0.46669793856371633
2953,0.3014842706291252,-0.35754421576790407
2954,0.717728468619558,-0.2667433243138744
2955,0.14725733027033427,-0.40985161794273284
2956,0.17063929894057794,-0.4904075815302571
2957,0.04060757971170609,-0.5044566152982981
2958,0.19951726990998403,-0.29480073286265013
2959,0.8123476306643259,-0.2922234488190446
2960,-0.2021755588753869,-0.367540170422262
2961,-0.62391380136264,-0.15309510562257003
2962,-0.0031560062258616794,-0.12490379287640535
2963,0.17039533276929741,-0.5479258795377289
2964,0.09299941796845512,-0.25766618374435435
2965,-0.39623610574372925,-0.5604799864877058
2966,0.10902725964262205,-0.4776364493312555
2967,-0.5881540960248631,-0.5129534368135001
2968,0.3803885174077908,-0.5515225159975707
2969,0.3213545677442332,-0.521143375262414
2970,0.3965078419845307,-0.49320473616566884
2971,-0.05545909966476928,-0.5739445438147343
2972,0.5686986885749229,-0.32757154837686786
2973,0.01270473764615948,-0.47441723756919674
2974,-0.39790434790755574,-0.4791309663622829
2975,0.022634824991638797,-0.5941910364616417
2976,-0.5130249189645473,-0.5586692049851834
2977,0.18480736710086598,-0.45628980081559345
2978,0.31691923197046445,-0.49841717247444983
2979,0.09420718949490003,-0.4920495687775951
2980,0.20296142729959477,-0.45216123699798505
2981,-0.057053811165884816,-0.3200797193386219
2982,0.19325188705454738,-0.5448154927918049
2983,0.807419991381438,-0.2566591390720007
2984,-0.24905927697588123,-0.3644902772670062
2985,0.48945817567451033,-0.40709571701881997
2986,-0.12933932324729408,-0.4293259260159987
2987,0.36596077986189735,-0.38816488120201165
2988,0.5372112961665296,-0.057453111208951
2989,0.188770065778615,0.030914281592586496
2990,0.4994095562261269,-0.36960572240927825
2991,1.8038433721546752,0.7301669586965225
2992,-0.6441587713726793,-0.0881414503252223
2993,0.22396025489714533,-0.2747253007571767
2994,0.178640168062475,-0.2714292908081981
2995,-0.879646844959666,-0.3286324773218311
2996,0.49170194251170674,-0.2311640262666828
2997,0.22128220216229755,-0.4034593057702651
2998,0.2230948860718982,-0.3132064094126007
2999,-0.5094997598460447,-0.27637256269995414
3000,0.5256903042808704,-0.23051546256271704
3001,-0.26987602809970324,-0.39078525779882456
3002,0.480125695775546,-0.32624806325335454
3003,0.1600411790591877,-0.025678607470480064
3004,-1.801394555490412,0.6246979283651951
3005,-1.639848887947306,0.11863144364665931
3006,1.5870434119074175,0.5823075164795962
3007,0.564897766389062,0.19710253307553463
3008,-0.09023446780747459,0.0020917917356752247
3009,1.7874439147276644,0.1618067273472836
3010,1.3642129277439565,0.4703106354201033
3011,-0.8264049547204488,0.6232846252573591
3012,-0.6525870475421767,-0.16049704175524895
3013,-0.6920395938050435,-0.036034726218931404
3014,0.9392706737445781,-0.06239911979452273
3015,0.1869970435198966,-0.3822199775372308
3016,0.7662131521562654,-0.1690582755674278
3017,-1.383115804860367,-0.2277594881833638
3018,0.31500046672689963,-0.4090000423056258
3019,-0.5453271355597897,-0.3596410128433456
3020,-1.0250968689926605,-0.22160586245634406
3021,0.6366471349881264,-0.3108811194456582
3022,-1.017418615207002,-0.36353724685251076
3023,-0.13292315220987236,-0.26489587371897594
3024,0.9902038285101581,-0.3228010614102743
3025,0.3614783727646459,-0.3204963483280653
3026,-1.010633751514157,-0.30052693912437367
3027,0.4996988785589812,-0.2743236106330108
3028,-0.363387072671722,-0.5339388062256804
3029,-0.12824551801185746,-0.3997252265184281
3030,0.7107835115867592,-0.11610067840829302
3031,-0.06483164806987252,-0.4366474727369143
3032,-0.41323810511891274,-0.4370832616952075
3033,-0.18019953603233654,-0.5119187670757599
3034,1.078105266795025,-0.31276273262340454
3035,-0.33909540089968826,-0.4777071508479873
3036,0.45264381013258526,-0.46284489612456436
3037,-0.7138839034862722,-0.3260112035395675
3038,0.4059861856175172,-0.4406503182900474
3039,-0.21124204042237568,-0.634637844717487
3040,-0.46745837862142425,-0.4993884862953919
3041,-0.13881392082851213,-0.44290059881663246
3042,-0.313718621035727,-0.43779822905584254
3043,0.3727275821949302,-0.4416962357485932
3044,-0.5516746313272494,-0.4893583739933801
3045,0.4988180128788755,-0.5259852568426727
3046,-0.013794681175194695,-0.2878816903155227
3047,1.1989379502440514,-0.2729002341421263
3048,-0.24967070866758162,-0.3464392649386462
3049,0.743663959233036,-0.3544472761587393
3050,0.021399402959884767,-0.19807131152530452
3051,-0.19953572701835112,-0.41152328018570206
3052,-0.5549603935019092,-0.3618662082263848
3053,0.47016736722933095,-0.43717057085563416
3054,-0.09930514739357924,-0.24989680259255043
3055,0.7340876203700738,-0.34405198750334764
3056,-0.049446885863143386,-0.3259770258306885
3057,0.4382359154486274,-0.2010842225535017
3058,0.6611831296356534,-0.07921703689192981
3059,-1.0759702201161905,-0.3455427590177381
3060,0.24437750688693027,-0.3710949164810472
3061,-0.39292941558102423,-0.5057272105036492
3062,-0.11657508298579417,-0.28859361203908324
3063,-0.24025860270701127,-0.4348679906396661
3064,-0.7650241862400285,-0.30298386938883426
3065,0.11687031568089895,-0.4879715453045773
3066,0.037216517218039175,-0.49699619459953126
3067,-0.5182594874967645,-0.3719313986996724
3068,-0.0853737353233753,-0.5080401834749312
3069,-0.3298316990095923,-0.29135284846352544
3070,0.06873994865319699,-0.5060469314738204
3071,0.443604530186965,-0.3001310351768388
3072,-0.7132359027235823,-0.2887480305006777
3073,0.4083792723904165,-0.4941656561368244
3074,-0.6016156785053044,-0.1442442836488942
3075,0.23620462364069267,-0.3958744922036387
3076,-0.5552049281324105,-0.10197024274263572
3077,-0.3702043878278351,-0.3218874913265114
3078,1.091437144596239,-0.3503414025265663
3079,0.30044252318895737,-0.3014964309763031
3080,0.19425142156761122,-0.4954914413661684
3081,-0.10439794884644618,-0.5554807165127069
3082,0.5312332863295804,-0.44583428192559815
3083,-0.2290895774192196,-0.4991312271089906
3084,-0.48417648313976835,-0.5908773221474156
3085,0.06975104330264309,-0.530056997085854
3086,0.5698959673315652,-0.42587619982098723
3087,0.0666396312064868,-0.3267332978772066
3088,0.11903258018362417,-0.44235675433063215
3089,-0.11712778107840292,-0.4885150806943137
3090,0.599189966162791,-0.2942153162535996
3091,-0.05999033946350951,-0.4350320138775713
3092,-0.01692396898038609,-0.41210749130659163
3093,-0.26278019113271556,-0.4597675390987348
3094,-0.2964349732797057,-0.5175959621665736
3095,-0.15776529186600058,-0.47032079265172444
3096,0.5789658560944148,0.7341293363301477
3097,0.9314470341609903,-0.32255964158368233
3098,-1.1807569319662852,-0.06303347212578284
3099,0.4644790465474652,-0.43119474537602387
3100,-0.04993273563889336,-0.37460893111031285
3101,-0.37665375619446173,-0.2677235854386746
3102,0.39637963107649477,0.019158131388395866
3103,0.9293704730996056,-0.06505364101202549
3104,0.23669904099616934,0.03455971992293341
3105,0.8935243542170507,-0.06124704815242418
3106,-0.8890306504270992,-0.30774529985311383
3107,-1.4304627606288114,-0.13519574759341876
3108,0.9861223516179728,-0.21005546512490444
3109,-0.34448607819804605,-0.4034365206365065
3110,1.3051229276809493,0.03418874728307414
3111,-0.14898454930260377,-0.2844777266411165
3112,0.18550783471491722,-0.4633107222937165
3113,-1.169876152200938,-0.3245923895971123
3114,-0.5904900123825603,-0.26567789915700746
3115,0.3411716870444491,-0.26304917199561484
3116,-0.4154784960690838,-0.569874674821595
3117,0.29138197419695766,-0.39408888422541255
3118,0.39892026606872233,-0.42770388140529825
3119,-0.4442961323470252,-0.43594874434790043
3120,0.3823730007859125,-0.4643707170792839
3121,-1.0600865678382196,-0.20156684354111212
3122,-0.596875322043418,-0.10708815921574107
3123,0.32194176587989287,-0.3757601138084431
3124,-0.6218965234579089,-0.45863960261587045
3125,-0.04176965968151253,-0.27613895245259334
3126,0.3728026380744879,-0.5611871314382088
3127,-0.023068749079899198,-0.4903452913531623
3128,0.2507020744141411,-0.5279682123429443
3129,0.06142054668698965,-0.5100132509318104
3130,0.3253848612261543,-0.5769782714029241
3131,-0.2513022878791934,-0.5848271756195651
3132,-0.43426479201272045,-0.59251723695373
3133,-0.5249746981154533,-0.4255047717682454
3134,-0.10210168568659313,-0.4879039853352567
3135,0.16313413165634683,-0.5316095801983435
3136,-0.22078665790109153,-0.5372382425289727
3137,0.10264465229696795,-0.5082174333403363
3138,0.3100238052509,-0.5105275675170071
3139,-0.0856971358190527,-0.5271201766347585
3140,0.31946785259371935,-0.6279750564682495
3141,0.21757273501152524,-0.46054567975031013
3142,-0.18586866970921861,-0.31037431693192663
3143,-0.22087632862961265,-0.5342524388910503
3144,-0.33116463316386874,-0.5446516330756785
3145,0.005589823845922076,-0.4101258964377241
3146,-0.6049294874826184,-0.49228194825012694
3147,0.12758161168791088,-0.31910596440555294
3148,-0.19199490624359017,-0.5066988105795975
3149,0.10946585085198074,-0.5483810748803922
3150,0.545875654222151,-0.5760355337030467
3151,0.3171208034405223,-0.5971495202437985
3152,-0.24232087727984927,-0.58790654243196
3153,0.1298138470075641,-0.5746602983234966
3154,0.010145459590152561,-0.49494528959772066
3155,-0.40343419647878875,-0.3867399886740196
3156,0.18587279373340027,-0.463869861491223
3157,-0.144493618286097,-0.5302459146089049
3158,0.32593268546121956,-0.5471952951837583
3159,0.1105814619628267,-0.5532762723144011
3160,0.29120306181150524,-0.5628104931007963
3161,-0.0761340228825961,-0.5539228878055217
3162,-0.3450115577819498,-0.46512555188190496
3163,0.24817948267692724,-0.5121627606575639
3164,0.34092706730673594,-0.4992100691343996
3165,-0.5629081275416535,-0.4882839473541305
3166,-0.4179490829661803,-0.41480986733965663
3167,-0.5538600796606905,-0.4607952335246889
3168,0.4644058802796426,-0.4766532792151089
3169,-0.2544207929720915,-0.4799665632517296
3170,0.12228717887753765,-0.4960335920937037
3171,-0.26785767199520083,-0.5077852459234239
3172,0.44380297423160653,-0.4956370297045266
3173,-0.056132628146199376,-0.5080842144090023
3174,-0.6757695481418775,-0.3491808218731472
3175,0.615237968420367,-0.2636854138282791
3176,0.29568690890549587,-0.34162007155929974
3177,-0.276560106991096,-0.5537604630677548
3178,-0.2668959274569305,-0.46416631059023405
3179,0.23873624970212504,-0.5969761136257571
3180,-0.24295426837673118,-0.5241132448522197
3181,-0.00641354708354458,-0.4513028633356422
3182,-0.369514560640706,-0.48638748033735435
3183,-0.019300951788038728,-0.5322660797735893
3184,-0.6624531149063286,-0.1522390691158275
3185,-0.3428157788232269,-0.13707451131425089
3186,0.41274994622954686,-0.3508282709204722
3187,0.3481452245713974,-0.44070438464648476
3188,-0.2283318431520513,-0.5245653108391741
3189,-0.0022790497561927248,-0.49465974528828127
3190,0.22881368204209857,-0.4493375287097796
3191,0.5909597866086699,-0.35272385109413157
3192,0.2831346232833792,-0.4204584507930351
3193,-0.18763844293369425,-0.5079945658064036
3194,0.4057404438070976,-0.4306415135094801
3195,0.25840955847061264,-0.37038696132350246
3196,-0.27157599555585166,-0.301935349917693
3197,0.19541813111690898,-0.5678113486987504
3198,-0.13364535554987028,-0.33639772282155755
3199,0.0334901727147979,-0.3843867795242679
3200,0.23094279654755384,-0.7119904181120522
3201,0.16034167405657318,-0.5201828165582082
3202,0.4448391045374449,-0.7244864820132707
3203,-0.1505912398523458,-0.7414920972868576
3204,0.10810144910356106,-0.6390986320832056
3205,-0.16384504529686403,-0.47922025155061754
3206,-0.501573663294162,-0.2966456772819398
3207,-0.10959984109089196,-0.3492975628699613
3208,-0.7361555084833655,-0.09274067423899773
3209,0.17827640884109214,-0.3709924282701462
3210,-1.1615225209962798,0.20600453803359933
3211,0.30220775538511824,-0.04663615095018182
3212,-0.452554826423335,-0.436522312680804
3213,0.7601787987260842,-0.5688527780224768
3214,0.19621918115875292,-0.5281756379272231
3215,-0.08865018325184072,-0.6035007747041572
3216,-0.9565149851749427,-0.682747047385056
3217,0.11053552824645257,-0.5872241551279175
3218,0.2870899042567733,-0.4713792116100376
3219,0.45954389188596045,-0.5107006858802818
3220,0.046202029970710934,-0.5264610053592477
3221,0.2774328971594155,-0.5223558881060874
3222,-0.22917250384271554,-0.4711008500122271
3223,0.15356573973822774,-0.5639422158924305
3224,-0.38089668375639185,-0.497462230528012
3225,-0.05042035063376926,-0.5668973544724208
3226,-0.3963008253414686,-0.4629925325520843
3227,0.9579394376952869,-0.39554968942193314
3228,-0.5931036199894344,-0.523452178208946
3229,-0.21773141597058515,-0.5708927096838365
3230,-0.24023852901991022,-0.3813720781095341
3231,0.11997631461946723,-0.5918154829981878
3232,0.4853739317205449,-0.4582059438007027
3233,-0.3913474084731518,-0.5827941905808427
3234,-0.27040450139588146,-0.4426572933821624
3235,-0.6681206804145567,-0.4439109510039483
3236,0.19012593605216466,-0.40058540420281863
3237,-0.30990095007040236,-0.5092561686954411
3238,0.3910758183755678,-0.32910938360032693
3239,-0.4511963488795152,-0.4870462324964139
3240,-0.3252407119933522,-0.46062535488981105
3241,0.2203294284075331,-0.2717118408547877
3242,0.4207862800690886,-0.44800149352824614
3243,0.18872770439122388,-0.4582056886820016
3244,-0.930819212485163,-0.3896020612479
3245,1.279845686985929,-0.11133194888858053
3246,0.8988615543692503,-0.3377487548607192
3247,-0.30538973565313354,-0.6630079473635022
3248,-1.2269211120656967,-0.39507055991600903
3249,-0.0434848712624851,-0.5691574148484669
3250,-0.8217670602503252,-0.5097941454945156
3251,0.4003413569355475,-0.4629436814937391
3252,0.13344503053275214,-0.5134712215340406
3253,-0.5415714296278173,-0.5173088689478097
3254,0.3455909315188086,-0.29812017264805746
3255,0.04498387833741632,-0.5190064120493523
3256,-0.6629369878095853,-0.4434935319051576
3257,0.02037510981831203,-0.4144466376925826
3258,0.6014397385810395,-0.3329134469195878
3259,0.3203268863767246,-0.39446685687294214
3260,0.22690787982573946,-0.6517527714872082
3261,-0.010421484409186887,-0.7117430441060396
3262,-0.32722874804445345,-0.4437792925821822
3263,-0.4796506747204935,-0.4235789859976671
3264,0.31307384500058755,-0.32160808523585055
3265,0.014849741179456644,-0.5213433442082566
3266,0.29333563668682144,-0.4950735332451959
3267,-0.5697691998035748,-0.4634570254292948
3268,-0.4159854708191656,-0.34927760828043986
3269,0.5406534435569905,-0.41985803354206186
3270,-0.16909027473337784,-0.4997956210918738
3271,-0.45113702123377275,-0.38972547771946475
3272,-0.8153331840132604,-0.0890084564554657
3273,0.09239115171280404,-0.47909763012371676
3274,-0.2533219051357596,-0.2395352329101635
3275,-0.45957774321606926,-0.4380413845772839
3276,0.026264424018909105,-0.5176337193584887
3277,-0.07517919923765437,-0.5379091210756168
3278,-0.07911346330995653,-0.44900499815609896
3279,0.42332876892708393,-0.1991972291865801
3280,0.22212478199827146,-0.39478823280885345
3281,-0.31187266809482955,-0.5345473230926379
3282,0.06710046579540196,-0.4726689592404244
3283,0.18436845988787498,-0.5434697075631613
3284,-0.19865145563654302,-0.3486649526146399
3285,-0.2262669705375638,-0.4908370113694832
3286,0.3174264129529154,-0.5508284512900288
3287,-0.32211041304664295,-0.47697754137470805
3288,0.19508924375820652,-0.5335636949660414
3289,-0.3700401592797531,-0.4968871058728691
3290,-0.03136407389647877,-0.578620176656734
3291,-0.34196353324112205,-0.3083065662610368
3292,-0.7336840698957621,-0.4501809277534706
3293,0.5751763321915183,-0.35876724561229123
3294,0.47399816615372425,-0.2492265683383911
3295,0.5719136550271314,-0.36314800595554375
3296,-0.03601672517869442,-0.35202715097999393
3297,0.20130444262707753,-0.3688365013779511
3298,0.23233452955474238,-0.23924711715460403
3299,-0.3228112948084356,-0.3594078576060539
3300,-0.7784526524958417,-0.5530434514334083
3301,0.2138442600137978,-0.610276214115091
3302,-0.3001280256259323,-0.4461566485837548
3303,0.19143141530535956,-0.4238277053419507
3304,-0.8876121379756996,-0.2687566833701087
3305,0.10988499844332272,-0.368491996046164
3306,0.43086522678432115,-0.5020797593746621
3307,-0.7465982348107486,-0.4712152846986749
3308,0.06262769927864348,-0.3228475257351525
3309,0.24170886948032733,-0.3935104644470675
3310,-0.2066640808988813,-0.4329105956148207
3311,0.5260415829431928,-0.5629831244928977
3312,-0.1461401187121958,-0.5224125515728818
3313,-0.4642924238077309,-0.513696995772055
3314,0.0005773799692999071,-0.6473536750629275
3315,0.33985045196362806,-0.4360800454323289
3316,0.6078066718814207,-0.3881017768388413
3317,-0.28772366948472616,-0.5807212360926464
3318,0.27763767045578663,-0.5543244136221565
3319,0.5650926338896611,-0.48727863541144045
3320,-0.11930583778258778,-0.5790932229527842
3321,0.12828318666723176,-0.608794105763211
3322,-0.9162188233719794,-0.6024439649477834
3323,0.42811705463497374,-0.5804561071221874
3324,0.3236502121545465,-0.5440222623668338
3325,-0.01928524962635214,-0.6450851378738088
3326,-2.0054797729740694,0.21104844311363483
3327,-0.17538616982711558,-0.4217909164636001
3328,-0.9574933626641744,-0.049762673797504695
3329,0.4343473460834475,-0.48493653267667824
3330,-0.4838427096698542,-0.21846997867929405
3331,-1.0346868385760526,-0.0739428504601991
3332,-0.4274767853306556,-0.031440838034287974
3333,0.45091797015666446,-0.2013622838418924
3334,0.5496044974789295,-0.1635242911893699
3335,1.1303411579212543,-0.14961191778427577
3336,-0.29162932661814006,-0.33032526173378995
3337,0.3151969241284309,-0.5857149702665253
3338,-0.7284946005427444,-0.4263612368561496
3339,-1.0510270882934152,-0.15634954776018736
3340,-0.9541531589058558,0.5646562477314955
3341,0.05103784617087326,-0.3690984337609437
3342,0.6423777886345248,0.21538133510273758
3343,1.1838153417304076,0.0427527422705746
3344,0.1748890988969405,-0.19454606961094945
3345,-0.06312681151708965,-0.407409684150163
3346,-0.4737830645320461,-0.43929504185580726
3347,-0.22008879817911006,-0.4835627515298131
3348,0.6247071749843064,-0.4786564950138358
3349,-0.5869561107695438,-0.5291095299158904
3350,0.4414870860588208,-0.25839224458753063
3351,0.7231223786212144,-0.31810897984076325
3352,0.4548828023648013,-0.33028827321151966
3353,0.017714226597387694,-0.4786006668994012
3354,-0.2240029092060313,-0.4227013351962443
3355,0.44146139641683113,-0.5919157680025178
3356,0.08226951970012175,-0.40440018992137095
3357,1.1775018858572,-0.13945686695861545
3358,-0.4756817347518014,-0.3022263893977234
3359,-0.12898785252291198,-0.49988143235684646
3360,0.24549964080363673,-0.39788210474881636
3361,0.15975238472041287,-0.5061851234868134
3362,-0.38749421808888507,-0.3784759819051504
3363,0.0562695860544844,-0.4541576516417085
3364,0.4813887994392584,-0.3668210291538686
3365,0.13549812379067133,-0.4783429379364944
3366,-0.1694601968688112,-0.34022683396143416
3367,-0.21613482707322984,-0.4218656281952198
3368,0.03684435550916931,-0.46305506421314246
3369,-0.11485517418037772,-0.40492943274598137
3370,-0.14169651292953153,-0.4889234734428528
3371,0.4601378252584132,-0.49778431081134655
3372,-0.25091024548411406,-0.5324980378986525
3373,-0.30538754528695633,-0.4341125860192724
3374,-0.8433884059159938,-0.32151552945818074
3375,-0.7321886551191908,-0.2726338289603544
3376,-0.6884692001539541,-0.2271987812729015
3377,-0.28426548138813845,-0.1704517393666813
3378,0.40309766576067285,-0.1434154924111152
3379,-1.0290057420595247,-0.11271197262086317
3380,-0.26327320903897894,-0.1796550783967214
3381,0.36577501471675133,-0.29888501484874874
3382,0.7767747151154039,-0.08931374079036966
3383,0.19271935383511057,-0.2619033770785142
3384,-0.09337809486628557,-0.3617847439270092
3385,-0.022787178223518112,-0.39327036024161444
3386,-0.525524472007356,-0.19614928256157615
3387,-0.18476438377073118,-0.3920633331233273
3388,-0.818036164760074,0.3655958479514454
3389,1.3128441611502013,0.11312095161198654
3390,-0.3886770062117969,0.11358776922632763
3391,-0.039463333253670935,-0.0733166940661974
3392,0.3027904912394559,-0.37271245684393745
3393,-0.43096922579400676,-0.30906031093134756
3394,-0.3041093837277309,-0.3122167854850853
3395,0.08095666067707602,-0.37604601833083173
3396,-0.853984771572403,-0.30953775662398353
3397,0.20077000957530455,-0.2349169956120373
3398,0.6291549193457106,-0.5270913807138862
3399,1.0614182719335163,-0.12151602443102147
3400,0.19814991280637118,-0.32585124029331775
3401,-0.261748624386084,-0.4437009141691445
3402,-0.39763108688107496,-0.2776686847612289
3403,1.184841598111451,-0.2392347303895395
3404,0.5477235496658356,-0.16598374384328551
3405,0.18602697737708157,-0.5314309094026175
3406,0.47412330939145,-0.4159621410001305
3407,-0.1937018172516924,-0.44719621155744094
3408,0.9250337772127663,-0.22717200247347827
3409,-0.2760512835748438,-0.566276387360512
3410,0.23442378709910444,-0.5652638815299758
3411,-0.5046299257100959,-0.5280389526801267
3412,-0.6788506133892271,-0.4022407715166706
3413,-0.46699398423607974,-0.4313188607754541
3414,-0.6346741652480956,-0.3448435156772892
3415,-0.13575832046129174,-0.5656877721930469
3416,-1.0576910045223107,-0.16867052488023648
3417,0.7851892905454337,-0.39014880136567387
3418,1.057133005434356,-0.3788794333279363
3419,0.2270759614427979,-0.5684698608440566
3420,-0.47026416893705136,-0.4761570307290456
3421,0.5505745971199786,-0.5443323036329448
3422,0.4225569803720651,-0.48636072932645413
3423,0.10202737568284848,-0.45137267550159865
3424,1.0949797862700774,-0.3074111862257398
3425,-0.40271068788115844,-0.5359326525347429
3426,-0.2639917211107117,-0.5094572029479829
3427,-0.46394734112890534,-0.4504392516908007
3428,-0.26699733985249907,-0.540343595078449
3429,-0.40019818614019403,-0.3906424737358737
3430,0.013516577910622801,-0.25578795399107235
3431,0.34255636663109945,-0.5164882810436485
3432,-1.032751810465124,-0.3712187653209219
3433,0.39692054412136635,-0.5034254533043219
3434,0.41447762929526333,-0.49115837150543584
3435,0.2065096617688073,-0.43960069842893745
3436,-1.4661337537002765,-0.22284746394555355
3437,-0.3498486578456713,-0.467711181895616
3438,-0.3368245882402644,-0.27237810353655323
3439,-0.7664107114317371,-0.1314744809360109
3440,0.3921946861409378,-0.42034289017096504
3441,0.985673981825567,-0.2247740570945439
3442,-0.5058534025293038,-0.43689100431029193
3443,0.7023599005173818,-0.4273203894101909
3444,0.41836468018902484,-0.3658196644259224
3445,-0.05760105423435688,-0.46649367443854195
3446,-0.2290405056498458,-0.6596136802637574
3447,0.6793844133546018,-0.4929520662278175
3448,-0.23493861420674597,-0.4738046712981552
3449,0.2788449471344146,-0.4722188929930322
3450,-0.15458941630113396,-0.5635851220346023
3451,-0.6709108220307116,-0.5003059643904448
3452,-0.2033181662138524,-0.4661093259517669
3453,-0.282479948535464,-0.3969767347789286
3454,0.5297041885054621,-0.5448612146134664
3455,-0.12923896022170037,-0.5738819657918719
3456,0.27415102849095674,-0.6047040069850452
3457,0.21907299570728378,-0.5142465417009737
3458,0.2162110993468046,-0.363498057361322
3459,-0.5875087371801717,-0.42751427855840163
3460,-0.0540340270570861,-0.35085817788998386
3461,0.0012616782616488575,-0.4900280047309242
3462,-0.9763587608155438,-0.31364994222428744
3463,-0.8014115514208097,0.09342631598129014
3464,0.9747426067984711,-0.3703104820598452
3465,0.3941732050307748,-0.42543545090339363
3466,-0.5700285469694018,-0.6000851080174769
3467,0.006068093623512322,-0.35135571879216126
3468,-0.548686874303649,-0.5036861391288837
3469,0.654147032135029,-0.20966000078228614
3470,-0.6039623974405963,-0.5178004884838268
3471,-0.041383832270860205,-0.2729825756049461
3472,-0.7080961604170356,-0.364516810282128
3473,-0.4178665443850449,0.08341173965087298
3474,0.45231600728180343,-0.23754310563785017
3475,-0.42634197396899,-0.39478126920306467
3476,-0.15406389701460155,-0.28093074149291974
3477,-0.33160365587752927,0.010935812072391055
3478,0.572710229395946,-0.2991285548019481
3479,-0.2192070269922585,-0.30506855212848577
3480,0.7647509267105336,-0.24123630112480818
3481,0.13547973902380495,-0.3943262476491086
3482,-1.0233951673646646,-0.1417111302785432
3483,-0.3919874230797502,-0.2521586685775767
3484,1.2895087004801677,0.13353346141669845
3485,-1.0404384897262904,0.45521136072803237
3486,1.7482121426446477,0.056950295054334604
3487,1.0605073171112265,0.3702117320507057
3488,-0.40665748283048553,-0.43726014654585654
3489,-0.48579337618559765,-0.3901995318483815
3490,0.487270008550584,-0.5028842558202183
3491,0.798331783550959,-0.29154806497245656
3492,-0.10981948752570266,-0.2991395598641326
3493,-0.25649555079937325,-0.39011477491708124
3494,0.737412102898005,-0.13250910672091396
3495,-0.8370084910657308,-0.32005240798872614
3496,-0.15989763148641725,-0.47667470392744793
3497,-0.9264374295258141,-0.4157249924092655
3498,1.3492309261335604,-0.2556125154297175
3499,0.8504595043784907,-0.4337317844853561
3500,-0.7037911014276524,-0.45884622539713427
3501,0.05763062207424974,-0.5884809486595065
3502,0.420700481040566,-0.496646779551001
3503,1.216388329945349,-0.21229874140614777
3504,-0.5138668835801157,-0.3983533784757253
3505,1.2924769255915,-0.12317640503004676
3506,-0.22169460477495503,-0.2923509886435344
3507,0.28847707504407105,-0.49326519236095445
3508,0.04391516422472411,-0.5657776013327992
3509,-0.6149475927864577,-0.42428036336271957
3510,0.1416608178793532,-0.5411835414030112
3511,-1.1169005993264753,-0.38232494575917286
3512,-0.32800310499474594,-0.448461302652164
3513,0.0036689523938550628,-0.5241491019450732
3514,-0.10259167416903187,-0.5100068196002437
3515,-1.1123791515802641,-0.37791939245836714
3516,0.6383818640564894,-0.3044396934068976
3517,0.23890246831151818,-0.5113006761658745
3518,2.4874984962049402,0.830761638585174
3519,1.4058611518807016,-0.059586338231457064
3520,0.5385952791530959,-0.015232037239429758
3521,0.5585973503719138,-0.117054016407611
3522,-0.5496266056885621,-0.1682582300456493
3523,1.2349790553025688,0.09020156003357752
3524,0.8442059769300952,-0.1901679924764063
3525,0.016372566707684305,-0.020156269211433514
3526,0.4909226618826057,-0.0028575075431702956
3527,1.2023878838394628,0.3625514266539164
3528,-0.21694754897560414,-0.12934061800732644
3529,0.2821175758708435,-0.3317584104826156
3530,0.2499827545027945,-0.08574358093992215
3531,0.4135458450010272,-0.25491979955262284
3532,-0.9245244839226539,-0.36145040546841345
3533,-0.2826929136089879,-0.45122523876869636
3534,-0.8285161326530964,0.4139689854647234
3535,-0.27583294804121794,-0.3070265261863404
3536,-0.7313128246964519,-0.3507452453620235
3537,-0.25167788396373236,-0.35800566564119995
3538,-0.720868399264507,-0.3907726997305576
3539,0.22066811414076892,-0.18562905240055907
3540,0.24274508988271343,-0.38297785100450743
3541,0.09195258717748445,-0.5662397469813956
3542,0.80083759028601,-0.3007286027571514
3543,-0.43303543447997483,-0.44445424097077013
3544,-0.32356849503232527,-0.41445596169229637
3545,0.20808845804810938,-0.4605389786805095
3546,-0.3389174340033966,-0.48791921136135996
3547,-0.27183226040998076,-0.5266396515527269
3548,-0.2792440888261395,-0.363415920330748
3549,-0.015259829690347837,-0.4838042999774733
3550,1.0148071329803616,-0.27274340683865184
3551,-0.44212080596748515,-0.5099663984457066
3552,-0.17778384250361895,-0.5174465743647129
3553,0.39059872033649057,-0.4870588733564205
3554,0.41996379707930664,-0.49318508486400037
3555,0.47181650309471157,-0.4098417549800655
3556,0.3772248171095419,-0.44295073932436124
3557,0.34741997085761633,-0.41768610822840835
3558,-0.563289847320424,-0.41741363749909266
3559,0.3236797143779575,-0.4939916644875507
3560,0.5316503635008226,-0.27105514472095527
3561,0.10824498439585872,-0.477059401632964
3562,0.02268085083073107,-0.3392768406160924
3563,-0.23680211981883223,-0.4297445088641034
3564,0.38339822315911165,-0.5031352924980667
3565,-0.1076646148774172,-0.529464090665156
3566,-0.23082820216156744,-0.5464851394818225
3567,-0.4763467873143391,-0.47957990581849896
3568,0.6808352942873753,-0.49335360209230006
3569,-0.07166595295565475,-0.6120169409139493
3570,-0.1088849546133614,-0.49810316074582806
3571,-0.3722965128464336,-0.5019379870610132
3572,0.3584917290646412,-0.632004876066266
3573,0.0010599541965218562,-0.45675525713695553
3574,-0.318594550520379,-0.3374470677243415
3575,-0.08645033396948301,-0.4902254788230096
3576,-0.37301442182335004,-0.3576451972802318
3577,0.13636565182575622,-0.4342034131620228
3578,-0.7251794370287528,-0.406259680149635
3579,-0.36639471398639667,-0.4148199840695499
3580,1.6375520577988314,-0.14426216694367042
3581,-0.7135328392801235,-0.39615615281254013
3582,0.2758270032503039,-0.16419921336400592
3583,0.795825570279987,-0.23909587266894863
3584,-0.5258510745575051,-0.42342566404922377
3585,-1.2924408925573951,-0.2553368238258681
3586,-0.4025413591171035,-0.43023048608159
3587,0.09419958841836179,-0.3259304388626976
3588,0.2653850870727483,-0.3398688875187106
3589,-0.6218625157240169,-0.4813542357870383
3590,-0.442387931366241,-0.3310601213242038
3591,-1.196201525620186,-0.21532648503685986
3592,0.47577915676231874,-0.2589707749844411
3593,0.8269008054812678,-0.3953058331800041
3594,-0.2815861135764981,-0.36007157148588786
3595,-0.42870236367956793,-0.4797879136408226
3596,-0.0415652607425645,-0.49664220703346185
3597,-0.4959552827291188,-0.29046050208790947
3598,-0.17536259821767988,0.856815602827419
3599,1.24463041573977,-0.13230243758521923
3600,-0.3819377084817409,-0.014315352924272898
3601,0.6065760853029314,-0.23326722121928264
3602,-0.5857361051693948,-0.3618515684799466
3603,-1.621093950919175,-0.34519235923565306
3604,1.7515802994828968,0.015020470600961039
3605,-1.1723555323052004,-0.2772721491816565
3606,0.563987793491107,-0.45296818219563084
3607,-0.4867376135205923,-0.5059508394178542
3608,0.10007849009446079,-0.48233626405766794
3609,1.0922494809785723,-0.32748161060973
3610,0.34713345964840603,-0.5596673897131474
3611,1.1834241680068205,-0.1468593843018282
3612,0.0678230009939636,-0.34130711273402153
3613,-0.22385261043421856,-0.44133384222717775
3614,0.4767337004340241,-0.30974974362250496
3615,-0.2920932621811864,-0.5464069721548185
3616,0.7138953269248763,-0.3279269312657942
3617,-0.04210028883820052,-0.4889747549917892
3618,0.7534508119905431,-0.3491917363762851
3619,-0.5462390759028899,-0.48501484065345324
3620,-0.40126057476853455,-0.3312393936453794
3621,0.025135471044809676,-0.6508118129117421
3622,0.17383924869831263,-0.5448134819148645
3623,0.24623652723883738,-0.5018079823141082
3624,-0.820581120958,-0.4261625657674576
3625,2.721296906344617,0.225104703647826
3626,0.45126997083848,0.7741432350705991
3627,0.6226138780180159,0.08783626690813823
3628,-0.5190814036131246,-0.29614379288992776
3629,-0.4091314774280684,-0.2997150767089132
3630,0.9150142098258721,-0.19609857476423587
3631,2.2695979098542347,0.6264004669644064
3632,0.6478267991941256,0.8968278616791302
3633,0.006906120874832389,-0.057828888132171435
3634,0.6513709780124853,0.09748517806971943
3635,0.1921022983626468,-0.12745150655373721
3636,1.2004246123140372,0.3241781994617827
3637,0.30498931947281804,0.48230956018590254
3638,0.7906872949933044,0.9985412984933774
3639,0.4924304580116958,0.2461674620284953
3640,-1.1065899729181075,0.25807475133597624
3641,-0.6781381882335048,0.6047327466304319
3642,0.36584816648005325,0.1432662270374281
3643,0.004053758381185546,0.004160934782858922
3644,-0.08430270857462893,-0.1966225065775668
3645,-0.25017163714763047,-0.3391531261169657
3646,0.9222985482468761,0.09640786057868297
3647,-0.19388996774148254,-0.4978434748585452
3648,0.1753652889359199,-0.22750343302483444
3649,0.285071521960637,-0.05144607467922502
3650,0.3780061565629851,-0.07111000482034893
3651,0.7282190812457362,-0.004282630152027692
3652,0.21877995952275847,0.37618245118345606
3653,-0.5920269015065621,-0.1118868541781724
3654,1.1692247666125644,0.5116402152094637
3655,0.19573368676566227,-0.15196084083372063
3656,0.36903223362655735,-0.19059106436460904
3657,-0.10380136076524298,-0.15510859934712964
3658,-0.05192563204339387,-0.22188830990521233
3659,0.10365175551757,-0.3286024900823943
3660,-0.04327341659558534,-0.31372127156263235
3661,0.8329159059758268,-0.028028391625781857
3662,0.004607971184921733,0.22010095553583894
3663,0.41312998887944274,-0.28485918842525737
3664,-0.27544766606326887,-0.10355143225644907
3665,0.5962707720754971,0.11962765117069882
3666,-0.725939152630752,-0.08423104679565502
3667,-0.5828752592357329,-0.059713433187283727
3668,0.029171004616625362,-0.21161941010873997
3669,-0.007622650322567592,-0.1678251141369117
3670,0.27673240790462084,-0.1820318614243891
3671,0.5748186321542506,-0.14478740069826973
3672,-0.6836177531871015,0.27631389357714986
3673,-0.06966195363887201,-0.37134720420130507
3674,0.29719474678565555,-0.32232928268000005
3675,0.4234938933638176,-0.3941690986467763
3676,-0.2035783709485326,0.03864614827473489
3677,0.02654289466434198,0.13185856887128208
3678,-0.6086701396566163,-0.14019048579781807
3679,1.2227489266114318,-0.08958409626816008
3680,0.44889143470689474,-0.057078465719832217
3681,-0.370266412381256,0.5383562918340478
3682,1.4167910373281916,0.13662908130712173
3683,2.435838824055639,2.391381867330757
3684,1.6413687391481449,1.4882632542117884
3685,-1.616048543572425,2.3397513717210905
3686,0.7287602197082105,0.8058889185913989
3687,-0.5736131700004492,0.12076449624984564
3688,0.8862809016165704,0.11934848916622484
3689,0.08250072716883006,-0.10770722416113666
3690,-0.5748818800122704,-0.03207412769073861
3691,0.570269662156636,0.4671532670453007
3692,-1.9287818575716056,0.9439924812673525
3693,-0.10683620294918156,0.24274419804664818
3694,0.6574983462817545,-0.21214726317118293
3695,-0.03349203377364135,-0.1946730008148569
3696,0.22345319771022193,-0.19058592913206535
3697,0.03774296660041576,-0.33369984928685703
3698,-0.6473586483309006,-0.2335429334034236
3699,0.6163013703260584,0.25901508536155293
3700,-0.18419675083117953,-0.2468379045671342
3701,1.0792956426769464,0.5640490242512909
3702,-0.2567849923079133,0.027590129190081414
3703,0.9401045253374699,-0.22334906344826275
3704,1.8738309063572518,1.2707481918019294
3705,2.179246170864014,1.6341760937203094
3706,-0.6126459226485144,0.36842309706637744
3707,1.2509478151979856,1.7386737375323122
3708,-1.8684729338065953,0.655269703350128
3709,0.15818368330849042,0.2780882251462975
3710,-1.031793448538203,0.14275366045616436
3711,0.6503489422547317,-0.05592255061343937
3712,1.1196746591741764,-0.1947212042192127
3713,-0.4269384619219968,-0.3288776147993259
3714,0.035075599291205406,-0.25258465601610713
3715,0.38956478673851,-0.19466684916268853
3716,1.0436495303654558,-0.1572181232972879
3717,0.8755478601272423,-0.00432999982283247
3718,-1.3254870236977596,0.42445326271269923
3719,-0.6350943888315609,0.05266744825397049
3720,-0.08576020910355024,-0.02647049752505351
3721,0.3400806355392486,-0.2630730530590809
3722,0.4601967882379827,0.10303950056200353
3723,-0.08211845396986292,0.15391275308031963
3724,-0.0749470793542894,-0.3253575608941144
3725,0.9834557104994489,-0.07042542662614787
3726,-0.6715645261320445,0.023450679617577214
3727,-0.6711870696789901,0.02613881443532662
3728,-0.093236745987644,-0.1735377149404566
3729,0.20899217264554426,-0.05583383927005611
3730,1.1237613505726824,0.1197311505543765
3731,0.026707893833238988,-0.11513641583594267
3732,-1.7492481405499816,0.023933612665441445
3733,-0.7909808957272502,0.18154820473469738
3734,0.9306820492920521,-0.02383568645412007
3735,-0.42177891508264925,-0.22295234362315672
3736,-0.1983564159168077,-0.23498051859058247
3737,0.49010825428682436,-0.2635758101632413
3738,0.2545116644777816,-0.29745278071919223
3739,-0.040378171872907875,-0.3927571119161478
3740,0.5803647287251337,-0.3141565468910825
3741,0.24382456235376238,-0.3646317044335814
3742,-0.013537793304044532,-0.23524327815800594
3743,1.0167560235249415,0.19238854666354036
3744,-0.03578990863954315,-0.1807914188652247
3745,0.6321302045988256,-0.2552568831150217
3746,1.5004353518111997,0.5616457191403321
3747,1.1689877594489637,0.5590852428076134
3748,0.36687272847486097,1.6311324879680975
3749,-0.5287593280618079,2.000462848671147
3750,0.5781168740376651,1.1581026936408383
3751,2.0260511482347145,2.0001388334064534
3752,-6.246566817426225,5.292123113780853
3753,1.558384572625513,2.1518481807913945
3754,-1.2890860181503023,1.5732030698813524
3755,-0.728318538405067,1.0591233075928665
3756,1.0548224277542837,0.4873144130779319
3757,0.2666523353051592,0.061308975810333816
3758,1.3393656313444326,0.6717868476999159
3759,-0.1569975829109322,0.3947824741085191
3760,0.8273810760997643,0.4297439153649155
3761,0.8512016993160764,-0.008606864411996512
3762,0.37126834902721717,0.5723585876734837
3763,-0.7877234297216521,2.665618854570613
3764,0.7708585870929979,0.22689327741544876
3765,-1.3153065982634198,0.002021635123742538
3766,-0.7584813455170586,0.16021639443663951
3767,1.3111145328683285,0.1033006389333053
3768,-0.41699892494120105,-0.28129783991726254
3769,-0.13792057348429404,-0.19012684915178157
3770,0.8434622503346477,0.11349202163815597
3771,-0.7941330140540881,0.22284487967501512
3772,1.3676887340401986,0.49127934072750656
3773,0.8811607970712633,0.7432297832345375
3774,-0.8080164124786118,0.6688293662678966
3775,-4.61647573698335,2.6839691960655285
3776,0.8021193966008112,1.743170741874796
3777,0.2524855336794174,0.34314651019321474
3778,0.5882417545309054,0.07991264247719165
3779,-1.231635689350564,0.4412968843104351
3780,0.3001028949384694,-0.021143311395499825
3781,0.7972379644148866,0.23170141577697315
3782,-0.41552090369941874,0.2506684212750704
3783,-0.2758728056391011,-0.1556240905326645
3784,0.5941887785261193,-0.12171667344455836
3785,-1.6770532449865816,0.32043073067637173
3786,1.3352911577533417,-0.012397609034126622
3787,1.012645260898212,0.19530177449040567
3788,0.09664851614913883,-0.3161730423997098
3789,0.5103516604990229,-0.2931483228700019
3790,-0.7173593712745728,-0.24549641681783912
3791,0.08729178432999307,-0.41035642698556885
3792,0.14407411010872745,-0.4455314910769238
3793,-0.289370981830861,-0.399199601178048
3794,-0.22792025674525812,-0.49217578273252016
3795,0.01372341082810799,-0.22081833514106017
3796,0.24296402878197254,-0.5453305298505281
3797,0.2187419418537796,-0.32502454377894696
3798,0.0822824602189699,-0.4651235787796453
3799,0.4123720948041043,-0.4503403166640765
3800,-0.24251282686605918,-0.4005457477109905
3801,0.7520131460204375,-0.1298416145220446
3802,-0.25125502865062277,-0.36667907001389743
3803,-0.6771073318976057,-0.3813933708509024
3804,-0.27304287761488655,-0.26011006758724686
3805,0.5018109883101419,-0.44011603505444297
3806,-0.10528591224909342,-0.5888581718908168
3807,0.606743790002127,-0.5376449659932454
3808,-0.11648765777152159,-0.27238548107414506
3809,-0.5580126740148375,-0.4228161238410667
3810,0.39834561988911577,-0.34387477228754026
3811,0.8620792015634958,-0.4543939339478269
3812,-0.5375196157957375,-0.4945047635654678
3813,0.4760214380757213,-0.40646131328690993
3814,1.414274454111915,0.19198961978520726
3815,0.2889077799140772,0.00032827071824695353
3816,-0.7587151562352951,-0.38058251041672353
3817,-1.5943917941986605,-0.4245767428313778
3818,0.5936967686741045,-0.17568172937077062
3819,1.371803478678503,0.09599729445879349
3820,-0.19544762356522039,-0.4816818962889381
3821,-0.6011571001064885,-0.3693969760226169
3822,0.6513068776911942,-0.3628534867738967
3823,-0.16218160594688602,-0.5514042561752279
3824,0.6869578565260311,-0.39087484008359097
3825,-0.09204821436688276,-0.47733410344688454
3826,-1.4387859597591852,0.3430214469243691
3827,0.24710073658305315,-0.3077268913095029
3828,-0.18090437721052083,-0.4916879862784026
3829,0.5038754719279752,-0.21676246731847354
3830,-0.8474523814052156,-0.2548793414050225
3831,0.23502048124729658,-0.4718405650600479
3832,0.24572446616475446,-0.5077817359114104
3833,0.31526359162735207,-0.7672763549274714
3834,-0.3279842986737503,-0.6092451098686954
3835,0.09902193128670828,-0.23905424579111675
3836,0.3871754809998079,-0.30340418523435203
3837,1.4590347817257978,0.058037162727052144
3838,0.6200946717505835,0.024167773934820252
3839,0.6835000285306753,-0.2296354157187847
3840,-0.5164221811978151,-0.259359028891168
3841,1.3982831550195183,0.1373996637985255
3842,-0.9416797804260392,0.45521938897463543
3843,-0.3973587673368717,-0.13135825717594565
3844,0.05644802703355478,-0.08107662396643947
3845,0.5965503085346809,0.12167354673965694
3846,0.19540185552679928,0.6309972643633732
3847,0.8304323834682147,-0.053884025871947544
3848,-0.6763838676404075,0.09664072129355325
3849,-1.196931401469664,0.26960593130858623
3850,-0.7518531217175504,0.06516378537387152
3851,0.6911254038912372,-0.12543126556309134
3852,0.5489340654506308,0.05749535712148529
3853,0.39720228042267947,-0.5243976942749855
3854,-0.19545855625647418,-0.3949534281945226
3855,-0.6881105520107325,-0.16824754431810726
3856,0.02147538974346816,-0.2258808826904925
3857,-1.3324536506015945,0.2537495283519796
3858,1.0496739086075113,0.1528805054705645
3859,-1.324101613473312,0.08911591994206439
3860,-1.3730140365160173,0.4725097347196363
3861,-0.13572696688225577,0.0027072602794371847
3862,1.6017523295270295,0.4267195892677156
3863,0.48949395201599133,-0.07037804449860256
3864,-1.1015935443607638,0.08532480240547488
3865,0.8259984134516333,-0.14394152534178642
3866,0.3763649235946578,-0.14221490201980105
3867,-0.09534693311801963,-0.13533953347645494
3868,0.2107793718887806,-0.26395997549089945
3869,0.20917212869373364,-0.17603163257645685
3870,-0.5943193855853177,0.15049583817246323
3871,-0.34445750054835,-0.21516337953146866
3872,0.3864577779435914,-0.4649707395172593
3873,0.44130355913305763,-0.2737244987235916
3874,-0.2756780267155349,-0.17930733808791216
3875,0.04657949634995409,-0.34365855664039224
3876,-0.3014880905837811,-0.08618473146599023
3877,-0.2484234452600633,-0.13244423205049344
3878,0.45178293698520533,-0.2456718597375562
3879,0.7814722969575675,0.2790459147379112
3880,0.36777097992087227,-0.2975806822894753
3881,0.25396323714504065,-0.3274025355871192
3882,0.3104349504179338,-0.26820611011200635
3883,0.45547531590236623,-0.518698205412135
3884,0.059480778332355655,-0.007078571657110733
3885,-1.9403523120144524,0.7000352122073824
3886,0.5910689381657043,-0.2663201925594536
3887,-0.8011312046654592,-0.2549356951744557
3888,-0.19828836926938842,-0.15441665270910354
3889,0.7903399146528534,-0.056920760959585454
3890,-1.3616350600678673,-0.25886215513567246
3891,0.6988462667389516,-0.2110130358148215
3892,0.4409072354389818,-0.34099430171065204
3893,-0.33601012340765035,-0.3917586039598385
3894,-0.22066517249846757,-0.21637081223636387
3895,0.2887067673195892,-0.5332737083334774
3896,0.544575930221016,-0.3065056173948564
3897,0.10383095409717147,-0.451136088274281
3898,0.24999856733400344,-0.3126784921432052
3899,0.30371001666273323,-0.359252131228574
3900,0.6181058352034773,-0.44596232244681056
3901,0.9321003189842983,-0.3106762127492435
3902,-0.8088033730587675,-0.20828105617024747
3903,0.3331555064716636,-0.2757618006133501
3904,1.2100132857494406,0.0310887479080956
3905,0.21553350406222704,-0.11215410962884156
3906,1.6125383309536412,0.007051396690626682
3907,1.325002117675091,1.8591190338413601
3908,-0.33323520054446315,0.3180048749165819
3909,1.2412141384466566,0.3690140702659369
3910,0.564170086439595,0.9414969512295025
3911,-5.944718724752108,2.766991585456145
3912,2.6008788617557985,1.075639643632334
3913,0.3142158991366507,-0.12644852284484523
3914,0.2083969385494615,-0.05097864696296081
3915,-0.614408945430116,-0.0021057004009146507
3916,0.10378827578298921,0.10331087626589111
3917,-1.6337452572705677,0.5368365776211373
3918,0.4200094511885428,-0.1199195091101323
3919,0.44258772112156364,-0.187601626581945
3920,-0.2588123414730646,-0.14311912956186784
3921,-1.2435819137565711,0.42797155754433747
3922,0.7466546532131146,-0.05981161106602295
3923,0.9695438948261091,-0.13557564328944488
3924,0.17026741329763506,-0.43079934275502485
3925,-0.713098963685076,-0.02022459895739301
3926,1.1104951163543881,-0.12959083532420304
3927,0.33600650880998517,-0.2783101690933447
3928,-0.19551134631623845,-0.1894952774765732
3929,0.29033741365896143,-0.44484165018762933
3930,-0.241333696034456,-0.5057883589303185
3931,-0.7670639861805104,-0.2835876272117748
3932,0.54751943530395,-0.30591063304977306
3933,-1.0660723606703706,-0.33806124902426404
3934,-0.9937804745421267,0.3433684108887486
3935,0.9417128370425606,-0.29482239896145346
3936,-1.7369104816699381,0.03164698249733616
3937,0.2678772670761273,-0.12292509389470832
3938,-1.1259969162690473,0.907247903101586
3939,-0.5147579164322293,-0.11031538177527143
3940,-1.6244519173194938,0.3645977955787305
3941,0.8764012080279048,0.0873334313553086
3942,1.630001323095947,-0.1642860614496804
3943,-0.3992807174887409,-0.36841718826863273
3944,0.22978000403123583,-0.235572084332395
3945,-0.866303896155635,-0.4369412410476645
3946,1.9185051429009468,-0.03414247634148354
3947,0.4543840692679072,-0.28727765837733205
3948,-0.15743188418011345,-0.3828620704530967
3949,0.08140807598308952,-0.4214800968483903
3950,-0.4913672726970599,-0.260060594906831
3951,0.9751789479126513,-0.19623919716113045
3952,-0.5413254720299615,-0.2944162116607735
3953,0.7540394468258601,-0.25318690262466287
3954,-0.319174561681555,-0.1901251439744499
3955,0.2047487065477241,-0.41616599562051304
3956,0.1651962027059865,-0.340236066108618
3957,0.2943972745451658,-0.4078009985229484
3958,0.24527647106953054,0.1645555570963533
3959,-0.9295684747038485,-0.17700507692263545
3960,-0.1985680330958841,-0.2023963880492567
3961,0.3251644112261699,-0.36257695058518646
3962,0.24516847922423357,-0.5271836317885129
3963,-1.7548118958347527,-0.07103553319010805
3964,-0.5963566197548215,0.21690840400631486
3965,-1.7327255095210403,0.9154142493409684
3966,0.6901508560234574,-0.08066938397049203
3967,0.09510818844769658,0.06250813538931568
3968,1.1979821625075795,0.08685254452959437
3969,-0.30684724096349625,-0.36236414463016065
3970,1.4912734540582089,-0.01592341984531412
3971,-0.9728553853545213,-0.3189875223076828
3972,-0.5077286564235124,-0.40535432808765803
3973,-0.5685434291010061,0.23799523958077404
3974,-0.6355410653583877,-0.07409535378113344
3975,1.1841197147196052,0.1010420496307716
3976,-0.5238216278528435,-0.4566120762586481
3977,-0.1366456459189458,-0.3832717515813613
3978,0.5876515500386813,-0.1303203452077849
3979,0.05556735897660148,-0.17694257924328655
3980,0.7634391351043627,-0.28990964969084415
3981,0.2666755917371321,-0.10646839450486187
3982,-0.5739579001003863,-0.40422876846858047
3983,0.03075402487625084,-0.5032854872718554
3984,2.007694216553446,0.13138356238953633
3985,0.23750824896869782,-0.054899116491839234
3986,-0.029336395843532675,-0.3316752944185718
3987,0.18364309078388713,-0.4557232225359925
3988,-0.324497553599274,-0.26764318457525393
3989,-0.19515132516952016,-0.4384200837369756
3990,0.030939039385020656,-0.4220458731705937
3991,-0.16920664265913662,-0.48330492871970576
3992,-0.34904441233801586,-0.3907537890446592
3993,0.014340243793410368,-0.6028559531464909
3994,-0.7521169593141019,-0.3124400486526203
3995,0.7663728493561742,-0.5323483327481393
3996,-0.12866148890333148,-0.5308086967453931
3997,1.0819900111281964,-0.3072988344090676
3998,-0.768737293014695,-0.03864179147470431
3999,-0.5796873614261234,-0.3894942390525774
4000,-1.2539489847332543,-0.2266261147748226
4001,1.2700055279648028,-0.30351716258311934
4002,0.561986133034195,-0.35009743493215895
4003,0.01852490005816501,-0.3332449131832027
4004,-0.02138269244794827,-0.5019250730529803
4005,0.21415676569513542,-0.4471057514150414
4006,1.107488686337832,-0.1755871806716438
4007,0.46601788602731087,-0.2260838842059812
4008,-0.1902737744186807,-0.015046755394757666
4009,0.6023428514160546,-0.20187336253945273
4010,0.6499188366640344,0.3165795206997668
4011,-2.0789533940824385,0.2597278770530801
4012,-1.2958968946643061,0.2621532833616349
4013,0.32012816747764705,-0.348939054856541
4014,0.52666244155014,-0.155637563649964
4015,0.22935569866601935,-0.40495159928872393
4016,-0.11479065101438113,-0.23086528961960073
4017,-0.008972716151304683,-0.34649555462130444
4018,-0.21133997242499447,-0.2469590667156111
4019,0.47885497647169506,-0.18148712567422579
4020,0.21913067855512058,-0.3756604100085569
4021,0.7755409965399821,-0.33169704689958046
4022,0.06614300533136247,-0.3556311761860266
4023,-0.8000329401545185,-0.07892389834701061
4024,1.0781158442824288,-0.1882774943797695
4025,0.09896932233307082,-0.32274688605094215
4026,-0.6050716088714271,-0.34764622608790596
4027,-0.8713744922495482,-0.22580066011593486
4028,0.5009483355104138,-0.27168570925141644
4029,-0.2800428512882353,-0.42851349933616656
4030,0.45700332367328333,-0.2755073283257876
4031,1.0743298032117066,-0.1242767016896
4032,0.28389127953529336,-0.20260994291596557
4033,0.3004235279032147,-0.31191257254996746
4034,4.045533158042597,3.3261066291434025
4035,1.2109755726078246,1.8654809491720457
4036,-1.6994982754899324,2.5390634918094994
4037,-1.5055692659048066,1.5549898169918368
4038,-1.2133282135606405,0.4731378850897431
4039,0.3058373222709797,0.008217580686907283
4040,1.9971115867719074,0.20945875266541317
4041,0.40716523465772747,0.25848305752692735
4042,-0.719299829680716,-0.03188486096942725
4043,0.549639088913246,-0.12589176637041152
4044,-0.0636107292259174,-0.20156296406973523
4045,-0.8875541940215144,-0.33095940505117927
4046,-0.13071017244192853,0.03409958210082667
4047,0.2752921969802752,-0.1182096317970324
4048,0.33559828928795954,-0.34917430249292286
4049,0.6888475037611828,-0.32953101029335274
4050,0.797407362228096,-0.372725182187451
4051,-0.6453634825379455,-0.23954986369404804
4052,-0.56501412418388,-0.05577203925315302
4053,-1.7860338291340345,1.0940667772708932
4054,1.5750503565431564,-0.04984924986643777
4055,0.22970003158544716,0.6107626577654001
4056,1.000670977905418,0.2411965059502367
4057,-0.5402432843094858,0.12967331411038416
4058,0.4573472841297054,-0.1558338516244092
4059,-0.6529542953678711,0.20338489318199263
4060,-2.574739001769624,1.1102583858475135
4061,1.1155049557014998,0.510306219583645
4062,-1.720417771477285,0.9788537332226922
4063,-4.969895372329179,3.0052493750452123
4064,2.277365600488033,2.27026642141684
4065,-3.5057084250756225,0.7559583557638584
4066,0.047113078294253596,1.8887326491567848
4067,0.3812620828589214,0.5290448806427858
4068,-1.4310384836360144,0.206995763242824
4069,-0.2918661983403408,0.22251224362038405
4070,0.6162006149725358,0.4074119486698683
4071,1.1535572809380619,-0.0013006364367443568
4072,-0.05261681402980181,-0.11385164327034078
4073,0.12791095030866273,-0.11155321444854319
4074,0.5881779490190435,-0.16335497499277515
4075,-0.6821487811332203,-0.072307099063073
4076,-1.440068232757691,-0.1333563386125066
4077,-1.3752725309401708,0.3867925407719969
4078,-2.232603591674023,1.732701442732207
4079,-1.8813947360231258,0.7117000924759836
4080,-0.7097543277397077,1.1187940509031553
4081,0.5583249651497888,3.062251346969146
4082,1.375255564925122,0.8916888014134424
4083,-0.5524388306015978,0.07218342494967614
4084,-0.3559501580665125,-0.2577833346147066
4085,1.3119725410757836,0.4109112055865637
4086,-0.5117518268356592,-0.28629206037581145
4087,1.607874068793655,-0.08721670429892024
4088,0.7852930922426328,-0.2077514523518041
4089,0.35972486912211765,-0.21224912181857086
4090,-0.4188336705967315,-0.39387786494926136
4091,-0.2793912841397932,-0.4314121413081172
4092,0.7854724728496524,-0.17596763090414622
4093,-0.01846638722719346,-0.306166860373829
4094,-0.19354292512737717,-0.28074823543399574
4095,0.41325099999280734,-0.49698567102361346
4096,0.39113297176923023,-0.3265119235087005
4097,-0.09409671080201706,-0.35537160262186995
4098,-0.016458461930639712,-0.4412970534681778
4099,0.965199682606425,-0.15882907504801866
4100,-0.9628667200188549,-0.4667490096234933
4101,-0.20772731710624437,-0.4079699420792855
4102,-1.607589750120232,0.14864568744870474
4103,-0.1439039343476189,-0.28287977671396747
4104,-1.344884141625299,-0.21306335123909872
4105,-0.04423326035566966,-0.1998307892728761
4106,0.11508865670479723,-0.08377987428450906
4107,-0.3886153569515817,-0.09148562099793386
4108,-1.1475096952882913,0.05321269609843435
4109,0.7001404627992225,-0.3111015937474457
4110,-2.4361874318005663,1.1640276255681894
4111,0.9213281310685631,0.7545226983135251
4112,-2.0927880537120296,0.10240072580951257
4113,0.8349774496787087,-0.06556530853029227
4114,0.477209501029878,-0.18408199269176315
4115,-2.654625910791143,0.6137067192487694
4116,1.2237889357240426,0.34735034237801055
4117,-1.0798041129942697,-0.01315349138997099
4118,0.5598879667711372,-0.020448796553971388
4119,2.0932788788084817,0.2474847798122302
4120,0.9877812431675105,0.29966302839844183
4121,0.5472412491791382,-0.16375646173877995
4122,-0.01927231182072217,-0.034148458439850954
4123,-0.3905946242744371,-0.2282086866661982
4124,-0.9254591154714458,-0.22558384113068514
4125,1.0346493224650182,-0.2695558632391166
4126,1.0174225309868614,-0.025901665248532768
4127,-1.0814927223571353,-0.2219999179571466
4128,0.8333173790113212,-0.3213063023802932
4129,-0.44654355126173606,-0.47530868135000814
4130,0.8912344999160401,-0.24334217521046236
4131,0.3847483740217946,-0.36920270574696223
4132,-0.48922833584037984,-0.44053228219839735
4133,-0.12754518421662434,-0.37877329479523836
4134,0.5582611597321178,-0.4085273473306308
4135,-1.278211254144615,-0.14675912473155622
4136,0.8426454355769423,-0.31874255807610297
4137,-0.2394628873224296,-0.41298780645630895
4138,1.1029738050177942,-0.28308618597662555
4139,1.2830015461710436,0.3071094718458536
4140,0.03374946726592615,-0.2551712779037597
4141,0.6138694484897512,-0.2737533571714952
4142,-0.5093262516366767,-0.2591598185733195
4143,0.09292449165138528,-0.2874186825151524
4144,-0.04498320372309528,-0.24767929882006076
4145,0.23231083137245911,-0.3674042994512564
4146,-0.28234563042861704,-0.3105051005446495
4147,0.6540078643889441,-0.36603511278027767
4148,0.686050826473746,0.1053783573331222
4149,-0.6240575275841038,-0.29389423462047654
4150,-1.0133759778414806,-0.010442601478970859
4151,0.19886391899960076,-0.24045401844833256
4152,1.441968269474808,1.3064594878312183
4153,-0.2865117522802205,-0.34828538975030043
4154,-0.5330819538470398,-0.22076386425221414
4155,1.3169233705008296,0.06286669926962299
4156,-0.7103280368882074,0.1281111409307187
4157,0.1192259998308271,-0.1307839322286376
4158,-2.178701620890432,0.519753706303441
4159,0.99875073353864,0.634558627865151
4160,-0.9755107722524627,-0.22479479596951255
4161,0.04933864717208791,-0.042867077317961216
4162,2.0211870620112835,0.40504730887148743
4163,0.13975125886235462,-0.3248053161573292
4164,-0.09016928435597915,-0.35344504901765356
4165,0.384787881692109,-0.307140577570472
4166,3.1040197048379636,0.6028872384433593
4167,-0.09547070561746679,0.3963923111416797
4168,-0.8937609576958093,0.20632386297815444
4169,-0.7721721743103657,-0.14759739159305396
4170,0.6056404186120031,-0.22189509178658426
4171,0.06519060130729659,0.10578839003694704
4172,0.3401007503988961,-0.3303055418499249
4173,0.20794504596168373,-0.15428439337184147
4174,0.5671100051562558,-0.07115289868878605
4175,0.05920948246026392,-0.41545722237794647
4176,-0.6758539391482408,0.018775755628069823
4177,1.6139176469763123,0.1245038327572319
4178,-0.3859027222526627,-0.1647535339779
4179,1.959511259450522,0.516644629407794
4180,0.7905634355243435,0.3394267476878511
4181,-1.7208198798301009,2.228598523875615
4182,-0.9775687928542438,0.23054472636719972
4183,0.49352574272189154,-0.08314100502880706
4184,-0.2560207803470349,-0.2701096170598831
4185,0.23463239116976198,-0.3087348186872026
4186,-1.2060334502643206,-0.15797577979576022
4187,0.8372456822209836,-0.22259279361586826
4188,-0.7002342506774033,-0.30334330102125195
4189,0.5660388273472586,-0.4317618141554941
4190,-0.581671211071874,-0.18332467254644247
4191,0.29902004612700384,-0.3103465059949075
4192,0.4306446001169122,-0.1890354562240177
4193,-0.4286064509445702,-0.35170032821609754
4194,0.27494808359525386,-0.12095993962007379
4195,-0.3180768700971676,-0.5532437747546985
4196,0.7387633985998704,-0.5184576192696481
4197,-0.5418832392839489,-0.18563612754458297
4198,-0.3808491302598076,0.2143218435949096
4199,-0.25772638093199063,-0.13981825692822245
4200,-0.43937331013349046,-0.3049803904344116
4201,0.29875104694711485,-0.25307806585524606
4202,1.0095602854165167,0.12421855725312095
4203,-0.3381681370301951,-0.16930240015346737
4204,0.688091077057046,-0.2046673180486314
4205,-1.9740850880357028,0.49014267759935326
4206,-0.9050680280203455,0.37952903484994305
4207,-0.7692422964696686,-0.3550626803705085
4208,1.2279043607574827,-0.12237529784831908
4209,-0.23192274625156178,-0.2799763606104284
4210,-0.28913400098107517,-0.3361817165538456
4211,-0.5167218675611365,-0.3725657509835223
4212,0.5235191144328443,-0.3208444179531875
4213,0.17256219862634015,-0.46765386433958933
4214,-0.44157447493612784,-0.36816576661511935
4215,0.6781774402738563,-0.1011159418568679
4216,1.1194279387542192,-0.040704102995575336
4217,-0.03403312419356813,-0.48030045368470087
4218,-0.2059147790228465,-0.09801430317615356
4219,0.11521654946360943,-0.4195213874890975
4220,0.43916868359684325,-0.42097283667840135
4221,0.4007484957488212,-0.18107842877930938
4222,-0.19654386982879438,-0.28158712995095325
4223,-0.16645772564110248,-0.3869398653618289
4224,-0.16662521118637066,-0.3021957843352022
4225,0.3146457670499331,-0.41102322837968697
4226,-0.7350429070921614,-0.2207360295932309
4227,-1.3308211421612919,-0.04410407788695411
4228,0.7062165088974077,-0.35657698343028665
4229,-0.04130742739725418,-0.02011406873686558
4230,-0.7648892585635368,0.10469440798704435
4231,0.44327694321258226,-0.34214005930277647
4232,0.03231180949035359,-0.14309933170337397
4233,-3.4741410280890324,1.0588493218451036
4234,0.9006017359433002,0.797273972433127
4235,0.7142128051923817,0.18566536211735
4236,-0.1340458190525063,-0.2575119874449957
4237,0.7834427575479711,-0.3913138293512005
4238,0.48561987682219476,-0.21893398679400866
4239,0.5623702001663344,0.009144631117537633
4240,-0.19704156333499015,-0.26981657319663377
4241,-0.6248591369904513,-0.349731653183012
4242,1.1706697722151138,-0.2934346001178627
4243,-0.009147134620303449,-0.5004146868961773
4244,1.1701230396107074,-0.053023803702238914
4245,-0.5920599766391079,-0.2528428058803339
4246,0.10638316268186843,-0.26085468455095817
4247,-0.06854623296832735,-0.26719466148889176
4248,0.11896499081875556,-0.2932741081061505
4249,-1.0055973872190123,-0.10509671465782133
4250,0.25072868229151174,0.011793106160844447
4251,0.0935921028417055,-0.06719311932221558
4252,-1.9610618067816752,0.7496605565972536
4253,0.8685315723449024,0.9143286984680791
4254,-1.9075641157511818,0.5026581694258953
4255,-1.0566569090495714,0.7721099188322509
4256,1.0462870333893548,0.17073998236640722
4257,-0.4115495596393841,-0.13024347863757696
4258,0.4419846306126485,0.2429698860893286
4259,-0.2980129865854408,-0.11060501636246833
4260,0.1815708479274769,-0.06434750564917312
4261,0.3763800082005937,-0.38098033457546165
4262,0.5678456047916826,-0.37066807316339057
4263,-1.0979166570325696,-0.40179857894873117
4264,-0.24361890445257262,-0.309143437695206
4265,-0.003979136517374637,-0.15693915665820343
4266,-1.3408206891228622,0.014243445833892004
4267,-0.1935850772722762,0.14547619301903394
4268,0.9197769984725882,-0.1833310955842175
4269,0.53505768392682,-0.4484599447793036
4270,-0.26724233409850656,-0.37078937916096566
4271,0.30895427272488785,-0.368573931696867
4272,0.19957308137746488,-0.4600742064864748
4273,0.60129752078765,-0.45330053899800615
4274,0.05839805158344569,-0.4382051727799344
4275,-0.17012009004049605,-0.3578971247908679
4276,-0.03316130866148739,-0.5674143585987064
4277,-0.1844280937792863,-0.40025896981076114
4278,-0.1686968457397507,-0.566621778957895
4279,0.2823962774874577,-0.47499848548492485
4280,-0.009220595334726966,-0.517849232582654
4281,-0.05283226569827987,-0.506666096232312
4282,-0.9075143640441804,-0.4283393370141697
4283,0.5559659230079521,-0.5029217618908993
4284,0.21852155436640086,-0.5424485232014734
4285,0.6185488956724636,-0.4662751610570577
4286,-0.6644220564924684,-0.5766111005129928
4287,-0.003891718805675015,-0.45037215274704734
4288,-0.48622093822029083,-0.49839011183937865
4289,0.01284150335632811,-0.49004570954614723
4290,0.09079572153978044,-0.43712928887192926
4291,-0.11970410565275134,-0.44626759589991616
4292,0.21620352524867548,-0.613886739246014
4293,0.11777691823968167,-0.5647241546091688
4294,0.8930838656781438,-0.3311488234572292
4295,0.27452007314833604,-0.2603781259938426
4296,0.2224745850929753,-0.43069020501854716
4297,-0.08077492161141983,-0.39920823410138484
4298,-1.3078959112730244,-0.23541765291753386
4299,-0.6315332403370022,-0.26254278090019856
4300,-1.6252874114007851,-0.05246679425945225
4301,-1.0858776975236608,0.4305332741319312
4302,0.762229034873433,0.0282322258629413
4303,0.3879278248898803,-0.18389302899791923
4304,-0.44614289284180214,-0.3792836029163217
4305,0.5872872337938642,-0.36390410369397863
4306,-0.3213301300097415,-0.3350447698777921
4307,0.41955484254001374,-0.42128775228237236
4308,-0.3910128750347813,-0.4428848829356079
4309,-1.0752980020778222,-0.3522744938782386
4310,0.10937326264718694,-0.13023546958214552
4311,0.5817918878500741,-0.46252509396788155
4312,-0.03984264134697291,-0.42894323663755096
4313,0.19253500718432798,-0.5857963905549413
4314,-1.2325336291815048,-0.27712413879316317
4315,0.14769141856971796,-0.38771626830871486
4316,-0.44724345681850314,-0.20676164294322497
4317,-1.259666365209819,0.002537249878024672
4318,0.9808756188369504,0.014975387529060885
4319,0.14785198192503618,-0.44727292490406867
4320,-2.0986087179021093,0.17067262200348135
4321,1.0695432508471558,-0.070437266036464
4322,-1.501938321597725,0.21968055731672267
4323,-1.0657709185076236,0.30273669559125094
4324,-0.03643792692269693,0.4142440843463693
4325,-0.29189931915827194,-0.035545072254989984
4326,1.376696208702744,0.3765867718410686
4327,0.6713232831092786,-0.2601506755306914
4328,0.4979451836880464,0.1962764651092377
4329,0.6102628359320231,-0.26834914742035054
4330,-1.5794835800438887,-0.014195725762549544
4331,0.1825080046630354,-0.49342986335010286
4332,-1.8706303450034132,0.23349299372707985
4333,0.7978951112945453,0.19002740436951712
4334,-0.7303196776630971,0.029824246564996437
4335,0.5491036950493587,-0.2598973483528287
4336,-1.1850189653168128,-0.1134709048336967
4337,0.9066569338045017,0.14173574302644423
4338,0.6291533359786075,-0.13077742496066086
4339,0.8838614137995956,-0.32467818833380147
4340,-0.014086105760558354,-0.1900298228988248
4341,0.4449898641595825,-0.3326867846494761
4342,-0.5646483058329198,-0.11811207074149502
4343,0.5812930289500734,-0.10817459648151236
4344,1.285300357785561,0.8050709373466022
4345,-1.1473961426780914,-0.15390146144261593
4346,0.8322819758846561,-0.1514365992237181
4347,-0.6628046521923794,-0.6827253018685834
4348,-1.5789585647502387,0.5783085601562036
4349,-0.6392829820892185,0.4084367844053206
4350,-0.649411533313559,0.023321285697480876
4351,-0.39006625203407763,0.10404888989914199
4352,-2.255715605108621,0.8825913282414856
4353,1.4346258156796114,0.9790851240594473
4354,0.350360039966816,0.2154503972112554
4355,1.8166323446264103,0.1402936091916054
4356,1.758065839917339,0.33542144101671734
4357,1.3527910883287588,0.645056905071889
4358,-1.0071173802752988,0.13903002479851348
4359,0.22422235655581862,-0.12890077939763356
4360,1.9268561876025858,0.42207053150138274
4361,1.4128970030379078,0.5480409779081572
4362,-0.8680243205069763,-0.21568096669972586
4363,1.5755488176113115,0.2193750385504529
4364,0.0013642430049660426,-0.10116289089149226
4365,-1.1114862136419155,0.28760292400807086
4366,0.01244556349197834,-0.2172544151756578
4367,-2.489306791354152,0.1798615729665404
4368,-1.044500692303885,0.37263149343582913
4369,-2.360226073129179,0.5241860360837525
4370,1.6965321921830547,-0.10615877303741209
4371,-1.6136258158399275,0.03870867243729384
4372,1.2201619485979798,-0.075544233811296
4373,0.2677964931980353,-0.1956883698957329
4374,-1.1821634881659506,0.8597535155655064
4375,1.721893179329673,0.03134101656919844
4376,-0.6026727711558185,-0.19974969981736881
4377,-0.1684378832794941,-0.4868657713442528
4378,-1.005036253239267,-0.24956172616644537
4379,-0.9275970382007654,-0.028669471117313633
4380,0.9268056926617795,-0.25569598054675347
4381,0.335584520061619,-0.49931658773084897
4382,1.2131359156192651,-0.21320763061657483
4383,-0.17852264769966703,-0.3122718481038588
4384,0.20027421725877265,-0.39406641681365406
4385,-1.6374226491806052,0.0038471332455820573
4386,-0.9045089744057102,-0.131397339159106
4387,0.09265779280977204,0.13821569984633233
4388,1.9186599397667625,0.018916841400001022
4389,0.16644856380972312,-0.4409423732991987
4390,0.8945923688805196,-0.3667427111341477
4391,-0.7330813584401518,-0.18671363175303665
4392,1.263286165123139,-0.06243680692506259
4393,-1.1349194223124832,-0.34064777333567786
4394,-0.831287271997667,-0.1088979532218792
4395,0.7122361852379652,-0.07263781613756837
4396,1.4327954145887358,-0.10424050689286027
4397,0.13877088846252972,-0.35247078852970126
4398,1.5112281644030485,0.6750402497861423
4399,0.08105246692026763,0.4054219357866874
4400,-0.5656005262332018,-0.29173546426473274
4401,0.29196333866014074,-0.4464184071469355
4402,-0.009462140753392717,-0.3248280187772937
4403,0.5697910732186994,-0.14967010673370384
4404,-0.45659094800770195,-0.29835736668405577
4405,0.0736435030926636,-0.420957714289671
4406,-0.021669965201396496,-0.27952044250819397
4407,-0.6471107250283041,-0.3186972647471151
4408,-0.7071207059948684,-0.30837518600874037
4409,0.7535093086749121,-0.33541852092741553
4410,0.7505694083988522,-0.36667299310758483
4411,0.22608406625999838,-0.40211116901120114
4412,0.06971450610825086,-0.4058371408310266
4413,-0.4864378327131246,-0.36260530623938847
4414,-0.0920189377463621,-0.30283479555119863
4415,0.15854587781292612,-0.39804648075287585
4416,0.15076985946543398,-0.4790776405578433
4417,0.1854248098201418,-0.3379831342794114
4418,-0.7007343888623255,-0.21979393479434872
4419,1.2520201276541427,0.054179890074214476
4420,-1.5236893219728334,-0.20402936777840786
4421,-0.06667925215234655,-0.5016648110290266
4422,-0.5476480661545611,-0.2752239558032856
4423,-1.3351128063812685,0.06310036810461805
4424,-0.11792780673613104,-0.03561758611631327
4425,0.29611370175635665,-0.18155737603964187
4426,1.2146850667445337,-0.014334417576773575
4427,0.5687369354767269,-0.31543856663802095
4428,0.09748174332307369,-0.199015314758712
4429,0.7776898065963096,-0.2195165113077097
4430,0.11852119519216736,-0.18829205231496962
4431,-0.49736953669029005,-0.47006835074311804
4432,0.3906409695760583,-0.3056554046714799
4433,0.3857445091016931,-0.363351482746389
4434,0.06005992849024938,-0.3015446970004322
4435,-0.9367213928157432,-0.14502254811421794
4436,-0.37481036181088534,-0.4349061513688428
4437,0.40938903548973704,-0.39163656822528603
4438,0.17563442222889192,-0.44676384380007406
4439,-0.6990685428076292,-0.25804203228973543
4440,0.08461665999607493,-0.5176521897410177
4441,-0.37450457695365635,-0.44908837987456285
4442,0.996633740402694,-0.2679114868494308
4443,-0.5141278066841095,-0.42416063142427174
4444,0.6937462723748,-0.0451095280644451
4445,0.8871679507256155,-0.0685903688178094
4446,-1.4885029467337336,0.2791173290027381
4447,0.5219142990437776,-0.08283967388442907
4448,-2.532572674266138,0.07185770231367516
4449,0.7073036009126707,-0.2583288530530068
4450,1.8027544875878734,0.10344393834722412
4451,-1.0016470567785054,-0.22723591481337652
4452,0.44636148264677444,-0.09863807167121194
4453,0.5465577728012341,-0.2644540145940456
4454,0.04805012790747243,-0.05789040878791177
4455,-1.3428208199812115,-0.07955988876682982
4456,-0.5098288404353961,-0.2989045133475134
4457,1.235197975963906,-0.15084001605110262
4458,-0.28050239072236516,-0.3479924317550873
4459,0.5844597418605048,-0.4185587582311233
4460,-1.3102846856083654,-0.3753675646960006
4461,-0.6895406662237917,-0.3814221484375787
4462,0.6105568588682632,-0.2693256296092129
4463,-0.748868060558762,-0.4308882655205286
4464,-0.06282506069266891,-0.504216413356515
4465,-0.10456300756998926,-0.40278732665996875
4466,0.15354843088194414,-0.39448608372260274
4467,0.16733297863320923,-0.4628003462623026
4468,0.20387194968205374,-0.4803406652111665
4469,0.68479545020957,-0.46356609714932406
4470,-0.46682025164253627,-0.5146726491737899
4471,-0.6087837618655867,-0.5477742850127245
4472,-1.6256894670743103,0.2964534690299242
4473,0.7633483554095772,-0.6250300024006695
4474,0.5769414040167077,-0.3821710516043618
4475,-0.9692814296798619,-0.5635360567846422
4476,0.6145405982881752,-0.30837949949857696
4477,-0.6765528114081657,-0.5224769570955007
4478,-1.2006611952790776,-0.23440521702746853
4479,-0.13032123503639836,-0.34946666040154784
4480,-0.23352659432442335,-0.4483077255923257
4481,0.1479456029174122,0.002703613180967901
4482,1.1378535536410537,-0.08097691849925603
4483,-0.05632030304937469,-0.572993523720125
4484,-0.2465053446825532,-0.4538791654490685
4485,-0.5722535230662306,-0.3621409073693439
4486,0.4197268673812927,-0.22948114014677343
4487,-2.2583929788688857,0.3557473641509564
4488,-0.35901664632112273,0.3948204240819878
4489,0.3672067194555363,-0.213897033544798
4490,-1.5677824748718803,0.4193682951619039
4491,0.2793134570281876,0.10090016722968562
4492,-0.4649602288957774,-0.12241806484976295
4493,-0.6456234858615251,0.2983777234053532
4494,-1.030702091431918,0.27239569372914185
4495,2.2465859776994987,0.2839838490825992
4496,0.6057861663572277,-0.3147665449852719
4497,-0.05777577515731305,-0.3515023089131615
4498,-0.4960844873024325,-0.46892627968731904
4499,0.40646099925047285,-0.2681876135248117
4500,1.0090962762522313,-0.28002783202709935
4501,0.5236720615898959,-0.3171235151407597
4502,-0.02026559075448192,-0.4731592877704941
4503,1.016372268743058,-0.11115150232345344
4504,0.5158768516369067,-0.38670805561800947
4505,-0.2242089390810253,-0.43680830687925565
4506,-0.2840193674573101,-0.3713947156104215
4507,-0.1190274414289578,-0.5162649111945039
4508,-0.4460434040726266,-0.5462990883873593
4509,-0.7320707655835809,-0.3991923673841946
4510,1.370560742898555,-0.27448250940228036
4511,-0.8822521462993732,-0.358688014963062
4512,0.6395413939347401,-0.38211904409198016
4513,0.24882752418520976,-0.4019503001889546
4514,0.3978743923064121,-0.5679587261754195
4515,0.2889805714452237,-0.4418765926306243
4516,-1.323512861608687,-0.35076079355965273
4517,0.16801216324445617,-0.3737774247782568
4518,-0.3834246010019132,-0.39646963686562664
4519,0.5226590479975153,-0.03024911704388264
4520,-0.30397827711063846,-0.3980577037936337
4521,-0.5848132086281321,-0.4677241244394963
4522,-0.4144411223107233,-0.46963582138558724
4523,-0.8070056471965821,-0.05138393788631282
4524,0.34456166901850416,-0.28873534723697125
4525,-0.09108518308068553,-0.3684218920627468
4526,0.6824594511923008,-0.2848155929966594
4527,0.17122309217764203,-0.4606525662797559
4528,-1.1624326737940258,-0.33517072938246617
4529,0.17679099477052518,-0.4853199437615865
4530,-0.5687946578915611,-0.4673715630165949
4531,-0.24245020185914856,-0.34050771369714405
4532,1.1751055584406678,-0.305892631374009
4533,-0.21318929089395752,-0.43221846729563784
4534,-0.4087692686807705,-0.5301918040463756
4535,0.47009684717810907,-0.48536565801429243
4536,-0.08504465530661831,-0.6375179630529977
4537,-0.467098157542765,-0.4262538930382339
4538,0.6211299409019638,-0.28815532533916755
4539,-0.9286617414580024,-0.31896054609869323
4540,-1.1928624885932408,-0.37306833072208423
4541,-0.03427609983872612,-0.42326130429157294
4542,1.1542061112941568,-0.2543663668499505
4543,0.7645099103812555,-0.323817234950156
4544,-0.06679519445405585,-0.47646214155682554
4545,0.5489939124284104,-0.4017863119598576
4546,-0.15852647717904128,-0.4740117184928776
4547,0.06089655760537038,-0.5301548788522951
4548,-0.011813158109026584,-0.4729814871293595
4549,-0.9002410552456014,-0.3674943945949695
4550,-0.03419775103585962,-0.35567985996314155
4551,-0.5273003562772562,-0.3035449334638094
4552,-1.4528141972910498,0.05302956039965648
4553,0.5237810702289342,-0.15044716337162137
4554,0.7512884119315545,-0.40877308920763344
4555,0.7493101787407883,-0.2659474651655599
4556,-0.023265821448169355,-0.5766366301095069
4557,-1.048416145755143,-0.448738025355763
4558,0.8903804427261791,-0.10258557023159909
4559,0.49731316122185965,-0.2752371795955837
4560,-0.8537010387968691,-0.2843995166530754
4561,-0.9690015291113824,-0.39526053319189947
4562,0.6031182316542233,-0.4222882737467929
4563,-0.12137925423484688,-0.4468088884921779
4564,0.17828278379146173,-0.4416213325947195
4565,-0.338988391034266,-0.523140057414395
4566,-0.4713782721923625,-0.5401970082728788
4567,0.7244434196603923,-0.10619967746440334
4568,0.3364270127312383,-0.45065892427678644
4569,1.4367102548207167,-0.04032783647677765
4570,-0.5226734341795467,-0.3503788021703499
4571,-0.29380028793500534,-0.2949447169917274
4572,0.04181212001878751,-0.5054873751991218
4573,0.19493423387275377,-0.5242934823814811
4574,-1.9563379945891919,0.06610854878427108
4575,-0.7692619745243028,-0.16775291786005295
4576,0.9160768503069631,-0.35750005651719563
4577,-0.03812025827751342,-0.5329598380524502
4578,0.6075498544295406,-0.333446411664974
4579,0.47984787598225187,-0.45935005866086664
4580,-0.3486622609251119,-0.5003306807046665
4581,0.11649899898622745,-0.5598672585690292
4582,0.4006718709407199,-0.37490842024723386
4583,-0.08032524555903746,-0.6221222922864449
4584,-0.36362906414384544,-0.3944734436593159
4585,1.1749452810142413,-0.2455178766885839
4586,-0.492067338516704,-0.521217375669878
4587,-0.039514125307282155,-0.5317066098536102
4588,-0.029720873716733764,-0.526967259629544
4589,0.7284216024063889,-0.39649607215591043
4590,0.18106368631801928,-0.551246598276777
4591,-0.33365186738581043,-0.5511937179080665
4592,-0.2489835089588958,-0.5508216727676772
4593,0.2926817758394834,-0.5447246761349874
4594,-0.20429870925149426,-0.239138521487196
4595,-0.7613956469362227,-0.5060999824393155
4596,1.168576089085716,-0.2514833230332391
4597,-0.19711735186654702,-0.4926457739646759
4598,0.4434039935927715,-0.5853836922768904
4599,0.066951678881079,-0.6066425972754104
4600,0.5006784370014096,-0.4574381502381333
4601,-0.03061248816660095,-0.557397103617219
4602,0.5742733531024826,-0.3896898022793186
4603,0.7023207563617107,-0.1064674973686614
4604,-0.0180493714542449,-0.5185708497852591
4605,0.9823539434083185,-0.18085472713593417
4606,-0.182495788395185,-0.4180764942924927
4607,-0.5939778599226309,-0.3817376799270703
4608,-0.04852976832438244,-0.4080278789758025
4609,-0.1677515321065497,-0.5177972594535701
4610,0.6286961191256643,-0.3854043591486056
4611,0.28905259771897307,-0.5004133357659836
4612,-0.10190253337478526,-0.4789561748350333
4613,1.153581741165036,-0.19914420610241346
4614,0.4040524671218665,-0.04195938983723338
4615,0.6486240008020943,-0.2883947431451786
4616,-0.5240959414069091,-0.3815082766174923
4617,0.19713251975598278,-0.4227454398034849
4618,0.4337244127639477,-0.41542080519653524
4619,-0.5413567120711744,-0.2687064980952302
4620,-0.834630109744753,-0.435731101400721
4621,0.2195240815495204,-0.5550137690961322
4622,0.40706536302969454,-0.6006710386207955
4623,-0.7530761301862228,-0.5159558351414888
4624,0.12779382265874678,-0.575804366096107
4625,0.35859288083910346,-0.559992136283735
4626,0.05396020844390309,-0.5320982131410866
4627,0.05313553052807918,-0.5496341120539002
4628,-0.506869048434616,-0.4341934864485336
4629,-0.019273759670535268,-0.5258991174162924
4630,-0.3654117993158329,-0.47032618237218404
4631,0.7279424471670849,-0.4823386733340411
4632,-0.06365254115174143,-0.5591460250741683
4633,0.5648148359926929,-0.4661098119989163
4634,-0.16573351945065998,-0.5139654076436831
4635,0.13140856193366374,-0.5056707899702703
4636,1.4368067790190824,0.2659260268416279
4637,0.9928449488403174,0.1538495279089939
4638,-0.7178712179663269,-0.0995796656465189
4639,0.7556734186313826,-0.10159876588861964
4640,1.5479632766458504,1.094604662103719
4641,0.3364040000352154,0.6501374271220147
4642,-0.18175231476387138,0.16578641503958716
4643,0.6573239740990467,-0.02180031734224147
4644,0.8539929477347076,-0.21881356952240022
4645,0.4367612580460092,-0.05227830857939306
4646,-0.18620664934009507,-0.05195544987237544
4647,-0.2126846865766455,-0.030192380553195064
4648,-0.02840650772622741,-0.18018839421155644
4649,0.7102000750995365,0.11010266440841229
4650,-0.24272840595659004,-0.24514840132261043
4651,-1.1809906934532088,0.11269921781264988
4652,-0.30399144361743713,0.14571330799137308
4653,-3.2476698733570135,0.7713712097398128
4654,-2.3540071595838685,1.8116413894959023
4655,0.9400857944303632,1.0612228704184719
4656,-0.3973330635621959,-0.0025485826898032776
4657,-0.3792362183837156,-0.21789077695881143
4658,0.41104787085650785,-0.24883879861942798
4659,-0.1961044277950169,-0.39198417729101054
4660,-2.407449162202697,0.3673144180078839
4661,-2.015572046546592,0.42872598982949184
4662,-2.248202198729323,3.1937735992262946
4663,1.3668837803210097,0.292383889769284
4664,1.6626634109064624,0.35081032398736767
4665,0.06931542550853342,-0.23554770947892995
4666,1.2412865007234135,-0.07268427926770635
4667,0.6610708665624921,-0.3519495792177961
4668,0.11690615755542699,-0.18560768406985015
4669,-1.3654745571967717,-0.3198618742030259
4670,-0.7769686104368153,-0.2515205124872566
4671,2.758899434028505,-0.022054193010794337
4672,0.725937617518522,-0.05467270062492348
4673,2.376726277220679,0.1957647319478454
4674,-0.8558726920787431,0.004137794470834649
4675,1.2860384236540368,-0.012367825256275083
4676,0.1147217486324213,-0.010503819825945032
4677,2.586729747650274,1.0671788059115492
4678,-0.2872853010436757,0.41005103430414314
4679,-1.9294962861026255,0.3816940211284411
4680,-1.7569819809134715,0.3977155060206232
4681,-0.43719978219796146,-0.12163615907394196
4682,-0.9491073020220042,0.08991999383293162
4683,-0.17055296223770097,-0.23597470479756316
4684,-0.49127721867952423,-0.3303902015519487
4685,0.1816954028822474,-0.4607473666238111
4686,-2.386276155431577,0.227387579327777
4687,1.3298968708172634,0.022084308197900193
4688,-0.3489135276172076,-0.21203435757541222
4689,-0.5225901274477786,-0.19396598293501355
4690,-1.7785156401501814,0.0662563854354423
4691,0.3431696873861225,-0.38257059894456436
4692,-1.2823424010239535,0.3192228617911391
4693,-0.232328235685701,0.19079568487465912
4694,0.8935593277877215,0.3435959057443667
4695,-1.6121941714345889,0.12216584225910046
4696,-0.37354077374727584,0.29728686364266743
4697,-1.3151103656973775,0.8158584846291423
4698,0.25142210083322664,0.3916635816561702
4699,-0.5545734099677178,-0.07083182656843443
4700,1.07260949036,0.5753794853834305
4701,-0.226303528334255,-0.13761819352296703
4702,0.896450572144421,0.0257612957609413
4703,-1.7634459614589661,0.27827892486745254
4704,-1.5889154388338431,0.9975904856514951
4705,-1.2523684594416462,0.1223665575684175
4706,2.4391510479569765,0.5246466565509118
4707,0.6889022094671939,-0.025983738624358654
4708,1.004853305864191,-0.20314957590797783
4709,-0.3080873288851368,-0.0814093006890372
4710,-0.35716287202831715,-0.1405183700382043
4711,0.18440443729546963,-0.33663814544572723
4712,-0.9152992481481504,-0.3647098029625869
4713,0.8686020450161119,-0.09086918301045253
4714,-0.16173004207777608,0.5398711265476508
4715,0.7896214809263226,-0.14279080542218764
4716,0.29179940102681634,-0.35213589745012286
4717,-0.7772788589416837,-0.3728099770410048
4718,-0.9300464009076091,-0.2151516890642793
4719,1.1314326410713993,0.05832614564879665
4720,0.07700447732653437,-0.44876798829233433
4721,-0.18540230239165237,-0.4086387585181891
4722,-0.257466128497027,-0.345627132244015
4723,0.6147221615150568,-0.30512308331812155
4724,0.5674954474582106,-0.29820162347305795
4725,-0.3821266215057217,-0.46795765668542355
4726,-1.2958060525947261,-0.0942555113372087
4727,-0.08527938158478376,-0.2845293685960316
4728,-0.9409231426134806,-0.016303700912805794
4729,0.09844292868233606,-0.2704884699422523
4730,-0.17367269072517222,-0.27123515165898104
4731,1.0844151311213728,-0.2946613052915003
4732,1.9829116130254567,0.40401949182330044
4733,0.20921938894210207,0.3483406149966757
4734,0.2897689059397658,0.0013450913960476873
4735,0.01728697260818915,-0.09282893457664611
4736,1.0143020311959843,-0.11781536954470775
4737,1.2006186636771727,0.02042589606204928
4738,1.1348815702277757,-0.14966851989018076
4739,-0.993958977375936,0.10056143983860075
4740,1.222455367342692,0.008698620859182743
4741,-0.3555024167687231,-0.1811632466514974
4742,-1.1720111156852275,0.05654630895838356
4743,1.870890987087713,-0.043244522685993075
4744,-0.44542929322254554,-0.2059685556073185
4745,1.7932473249818748,0.12255602239643162
4746,-0.2802769008731145,0.5814657936023062
4747,0.47991819940163927,-0.012455845932361043
4748,-0.11147697153373068,-0.20002820436822966
4749,0.1529069110241602,-0.39406151407923085
4750,-0.24475163683200546,-0.2455082637466134
4751,-0.6831890616339036,-0.2469375867715849
4752,0.3145209302869648,0.2003157938022644
4753,-0.694366184201275,-0.33360526443636496
4754,0.35963299856984465,-0.4617888141932106
4755,0.07113390469600434,-0.3556874232279099
4756,1.1398828435564936,-0.188277111422432
4757,0.3269254111098291,-0.36134386653411354
4758,-0.7102854831121954,0.0832104366265774
4759,1.288528384328476,-0.27852260672040774
4760,-1.0503214426814758,-0.30533878870106024
4761,0.14498104574987508,-0.3872608850831547
4762,-0.14748489641300583,-0.4424509807812457
4763,-1.4729254012016884,-0.3574233258698964
4764,1.0137852434604824,-0.3726780317651326
4765,0.543366226630915,-0.38911054728399763
4766,-0.6229226585457008,-0.24899958383458307
4767,-0.5838283034570725,-0.1890224965085614
4768,0.7404079300326544,-0.300840187981425
4769,0.3222666781856689,-0.49051001092723623
4770,0.4793936975062517,-0.34866205761699454
4771,-0.4922856065290741,-0.517720591345134
4772,0.7947256088945266,-0.384664532218274
4773,-0.0626135651670982,-0.5568915374203132
4774,1.5361012797743911,-0.10221480885247856
4775,-1.1469308181311688,0.5905047213243807
4776,0.4130651057660405,-0.15897164246624906
4777,-0.6762081938007108,-0.23937691964373953
4778,0.6383725117139505,-0.2472916338368027
4779,0.8950077647255293,0.04693525207732066
4780,0.7218354517132486,-0.08262868472234576
4781,0.2809016995135757,0.019791787890542173
4782,1.2153393238507668,-0.10084441057610943
4783,-0.6174601807432234,0.5183676771920395
4784,-0.5608148612941853,0.010233100261362066
4785,-0.5802005665054959,-0.17330320319735826
4786,-0.6124359767233203,-0.2659583382158839
4787,0.3575348172941073,-0.2597246391495457
4788,-1.363726098560834,0.128330354308865
4789,0.2515944600624479,-0.52012550496478
4790,-0.7415190114789538,-0.5746020958385964
4791,-0.15105118469192846,-0.39126984721189995
4792,0.5005539648084245,-0.4439659586773187
4793,1.3568676389559897,-0.18635645675586612
4794,0.3800176380498338,-0.2963108804347333
4795,-0.041083189666964004,-0.41618396932623114
4796,-0.8739571266391608,-0.3275782340443585
4797,-0.1690950583945819,-0.5402239818030051
4798,-1.0126420156205902,-0.3713216316213598
4799,-0.7171496492318645,-0.06167707434831601
4800,0.17600717655034104,-0.3556474827790551
4801,-0.010553808941765996,-0.43703883918356545
4802,0.18719274387543472,-0.00729302891647074
4803,-0.5947748391572156,-0.39560036245933927
4804,-1.1043206529507215,-0.14590081179616252
4805,-0.2714675422119161,-0.16658578104783914
4806,-0.7289651835492096,-0.2964499417107308
4807,-0.05245515833124015,-0.27358957156216157
4808,0.9293366040555219,-0.3776707831291647
4809,0.27578425138205326,-0.37222632237491116
4810,-0.033150119446070936,-0.4889150088489864
4811,-0.18208223659460343,-0.260883247253095
4812,0.338996666691613,-0.39994202913701693
4813,-0.37210663205140015,-0.5319450648951233
4814,-0.1802333069721888,-0.34384912195162687
4815,-0.22712817837215898,-0.22188290988597703
4816,-0.19733329971015606,-0.4167892652251749
4817,-0.2692551383021209,-0.3964136670951456
4818,-0.6844645353206545,-0.36427121887922975
4819,0.5743289271563475,-0.25960253448245996
4820,0.729447817892794,-0.4331005488561138
4821,-0.4383537681204001,-0.4416750971335237
4822,-0.5029196467936567,-0.2685295966018324
4823,-0.662820172748326,-0.41629841326849604
4824,-0.22933400104974797,-0.1475618507662305
4825,0.520285138170708,-0.36188982087322774
4826,-0.5328590229544878,-0.18646256475153059
4827,0.36290297152513773,-0.28818577455319305
4828,-0.9434446175154275,0.14291968501260008
4829,0.25239319365705903,0.035740076148559285
4830,-0.04550057746355665,-0.17739336492589242
4831,0.6224106713701073,-0.3212532380251045
4832,0.5865212276324246,-0.4192669884571669
4833,-0.7976206283598329,-0.32874135771720503
4834,0.9305498110488212,-0.3306306301348213
4835,0.9177147181454789,-0.3125181719871456
4836,-0.039562343931802024,-0.13040798967663264
4837,0.48828016501973637,-0.2617773684386958
4838,-0.779204249865549,-0.27651456863338975
4839,0.1079764931698658,-0.3668823206879992
4840,0.4843282101153298,-0.5165633644462367
4841,-0.6865158017289295,-0.3376381821410408
4842,2.470248826220791,0.0981013259576923
4843,0.11482796753023516,-0.2853894857812506
4844,0.4123537471528258,-0.4066396825174887
4845,0.05287523209442324,-0.21696587142495477
4846,0.17922735849812127,-0.43680530124126904
4847,-2.0950365749925486,0.08905268509248238
4848,-0.043017774288838906,-0.18371169441992913
4849,-1.6436463640809214,0.022733052949030136
4850,1.7817163689676057,-0.22511663518544686
4851,1.33409232257504,-0.2371044585591255
4852,0.42117717535213806,-0.2356683049775779
4853,1.5053893834905985,0.6129072914958953
4854,-0.8023919225049253,0.11304586567278074
4855,0.30689424639208174,-0.3167814713586797
4856,0.31520101359301433,-0.30120167340591886
4857,0.6542522172514732,0.034352491829398396
4858,-0.8332704777578928,0.30762512087849936
4859,-0.3457205492765261,-0.23245098819684656
4860,0.6224802955131962,-0.3000852107019121
4861,0.35716280895780483,-0.48716239212855017
4862,-0.8668638928131838,-0.3760237038145926
4863,-0.15710047156103213,-0.23110828048876939
4864,0.4177298924567129,-0.4217807372818335
4865,0.5792439613963684,-0.48797226431200935
4866,0.7399275371022586,-0.257123401236346
4867,0.22248905072396924,-0.08818484536998233
4868,-0.9538500092176853,-0.408161666948723
4869,0.3605223986927716,-0.4059981579699852
4870,0.5448440710647793,-0.3356512636300898
4871,-1.0568010063397857,0.013998074369357322
4872,0.08910771854310734,-0.35794471131353645
4873,0.15964115459669886,-0.4448190376441655
4874,0.5946136067496653,-0.22282987021625184
4875,-0.45084940574170074,-0.435142675271427
4876,0.1262928681673815,-0.4219122610657118
4877,-0.9967380946763947,-0.3306441414822278
4878,-0.4656405631392878,-0.007979259305930742
4879,0.271940296504877,-0.28971136078971826
4880,0.9583835156249788,-0.24844516180730566
4881,0.45564415141200565,-0.3450174594054234
4882,0.9297142866899085,-0.23898531904022946
4883,0.27513327505901275,-0.2386784475018228
4884,0.3973856520785439,0.09823738864105053
4885,-0.4163856447283389,-0.29971451767494817
4886,0.274063676331749,-0.2055133654707992
4887,-0.37837252084129663,-0.3695938684372837
4888,2.076772366870117,0.7635485338413321
4889,-0.9398545296996016,-0.11133071808937349
4890,0.33560572168659275,0.013203039285415885
4891,0.6379952859751787,0.03287587176849974
4892,-0.2943985454419974,-0.1434142736791562
4893,0.25054606563976434,-0.24476522340151446
4894,-0.699813272182102,-0.03438430886150677
4895,1.435065509112571,0.07757343596731733
4896,0.1989926005271035,0.017135201374895465
4897,-0.6588054814585078,-0.26481446744004433
4898,-1.2985253042369096,-0.0008004074469284417
4899,-1.5770508381594621,0.486039701280615
4900,-0.6064807727342514,0.5058574972730001
4901,-0.19333287778665442,-0.09878656057557016
4902,0.9254091105117636,0.013570913824575759
4903,-1.3652053891086204,-0.07703741389980066
4904,-0.21411933736382094,-0.23656432233826769
4905,-0.36775107153486586,-0.29155956716712766
4906,-0.23511861124916117,-0.27316086753900154
4907,0.049095651732348033,-0.44943898065248655
4908,-0.6835580308669695,-0.3368221318563124
4909,0.35790183262785336,-0.3816799246848488
4910,0.6675894033549444,-0.2822575623624052
4911,-0.5500897425568684,-0.44210191913955277
4912,0.631975185733871,-0.34739664289005084
4913,-0.01556163209507011,-0.3898715976560654
4914,0.9777198268979538,-0.2158142466359378
4915,0.44798468911923994,-0.2704753225065235
4916,-0.28030389605793926,-0.39373013782850885
4917,-0.21251866273714698,-0.42938639489407215
4918,-0.15282794029013258,-0.44756356293917077
4919,1.3431883976054482,-0.0813355975048854
4920,-0.6913918299832107,-0.5725211318591594
4921,-0.2539648387196813,-0.446119651705038
4922,-1.0152545360562701,-0.36518849810382636
4923,0.1940344743507163,-0.38110519543120147
4924,2.1709445008984263,0.19624658701361639
4925,-0.06218756035139417,0.05936476950317407
4926,0.3462333917323198,0.018302487849396948
4927,-0.13347330703297844,-0.08993528712717
4928,0.693692187160929,-0.10800895851227207
4929,3.066187124873248,1.2727786631523126
4930,-0.45135292538728305,1.7809539279945708
4931,0.4419144408808541,1.0480236151104754
4932,-0.1814176000694275,0.8074669939416205
4933,0.2283884995021629,0.2872890058918576
4934,0.47061760017079257,0.07923017799431689
4935,0.6100453719754387,0.07830085134209966
4936,2.1853895923730895,1.3644280545871221
4937,-1.674183741670535,0.553260162186492
4938,-0.7422397099467529,0.31984208133779735
4939,-6.520650427752492,2.0645734352562686
4940,-0.4144885704061213,4.209595993642799
4941,-0.0690839837535816,1.3392074639493048
4942,1.6663678275122722,0.9767172706826132
4943,-0.7701981730500258,0.0742249914963567
4944,2.527046788381186,0.4264803570109249
4945,-1.7691516671591727,0.3810620557429102
4946,0.19807869407457168,-0.15981154236015083
4947,0.31081261088767154,-0.31089349469158944
4948,2.456471183318893,0.3207021279846809
4949,1.1271061987363984,0.0872018408410348
4950,-1.0512088512449531,0.016056560954490567
4951,0.03980642712321891,-0.38467375313186103
4952,-0.6569653279526769,-0.47819315222804926
4953,0.6700661066656758,-0.21972150798286108
4954,0.3826947091211672,-0.47307876540107263
4955,-0.9018709675971999,-0.4120958363257984
4956,0.861180343459831,-0.5807879299677179
4957,-0.20994185994602227,-0.37258608344541755
4958,-0.0026597648732913093,-0.390853894859886
4959,0.8941171326563323,-0.3766604289479587
4960,0.6320593376348146,0.13770913180552594
4961,0.07792212960809874,-0.13013759320352222
4962,1.0789275819947193,0.053521151027964425
4963,1.0498933009791425,1.0975273134050894
4964,-0.3909322088504935,0.3993022614569931
4965,-0.3373331873191247,-0.12828447550726896
4966,1.0105997002951055,0.3377537498963953
4967,-0.05576717749696555,0.18796037778692629
4968,-0.8367078624231689,0.16198505725264664
4969,2.0374988046690703,0.07056565850673802
4970,0.4284818214205809,0.4298011196338126
4971,-0.40854314425727023,-0.2307376545901749
4972,-0.9510408930174775,-0.2686173628127896
4973,0.2122332534884261,-0.2858153579189455
4974,0.6097927077991497,0.20391829167939188
4975,0.9005358265137445,-0.07686867439218152
4976,0.08197533437382132,0.2539890867887774
4977,0.10994555280420848,-0.15315654356799357
4978,-0.07320282454545549,-0.18842284789886948
4979,1.0219715767552109,0.10922353538283716
4980,1.3581188837776845,0.5267010733099398
4981,0.5987320730787987,0.7245294716605438
4982,-0.6233768936471797,0.4912687582629147
4983,0.03017598746033337,-0.08923294511186451
4984,0.6111820881265272,-0.001769703848503168
4985,-0.49602934241051533,-0.17875484367256392
4986,-0.48808585522011744,0.27194668241056763
4987,0.6341588420878025,-0.05187911211275695
4988,-0.43413973501203507,-0.26152932171154786
4989,-1.8315452817326476,0.31669998850656056
4990,0.2527231758003331,0.03926100874410535
4991,-0.6440734908042107,0.23167321867563198
4992,0.15763696875523553,-0.21016953524012094
4993,-0.5744545619470734,-0.0813125534059311
4994,0.8264945452436124,-0.21463477129341973
4995,-0.4021854047441483,-0.12404958189708573
4996,1.0761644097484981,-0.021918445950598192
4997,0.5021558333172661,0.10627202212108133
4998,0.3192570171615313,-0.07269457576614316
4999,0.21515300130549891,0.48530998682038007
5000,-0.5305815920053715,0.07789638387759762
5001,0.0646123133214791,-0.15194705158635605
5002,0.37119557389138824,0.1263268516730717
5003,1.1748703741388824,0.14573712213331683
5004,-1.0466262011449292,0.029173245189906605
5005,0.18958882573482772,-0.11709733864994779
5006,-0.4778736555357138,-0.019723537390358453
5007,0.5637276693981038,-0.33872586234284063
5008,-0.2261636491635734,-0.38840935192855586
5009,-0.5012316063858022,-0.20141158141038998
5010,-0.32593473003898227,0.036884924022519305
5011,-0.6207927975388958,-0.15750703150246498
5012,1.0280787587102505,-0.31245837605062954
5013,0.3272354559187326,0.19283694628944162
5014,-0.6587392702919921,-0.18065542072802124
5015,1.3738510597107783,0.01425622956981279
5016,0.07131163019722692,0.15529125955415887
5017,0.4067108612197522,-0.1783946783365822
5018,-1.3296908311863649,0.10275723993439109
5019,0.6713086265416716,-0.17630048552521
5020,-0.4392594716468518,0.32172695265936846
5021,-0.8966920362173392,0.15297192324597794
5022,0.19213372071743318,-0.12767711699837764
5023,1.2446275684689008,0.17843923611670756
5024,-0.19907047994884924,0.423651269368683
5025,-0.23965720782948463,0.03730133926357268
5026,0.27214247146167303,-0.05472692576082944
5027,0.2025462580222847,-0.04907783972008141
5028,0.8045155301303674,-0.0652416692166656
5029,-0.9197139879422395,-0.1349116834909154
5030,0.8304836928343661,-0.2380235965458694
5031,-1.186297496903045,-0.3342058552983843
5032,0.7123170233261654,-0.27298641217109526
5033,-0.9328417959600516,-0.2989813025954856
5034,0.3035046138582088,-0.44488668347697047
5035,1.0091832431060164,-0.11782926872235693
5036,0.10649857878705948,-0.32776022117919784
5037,-0.6090316579711108,-0.33401584040380916
5038,-0.16007777054854322,-0.3992770985664108
5039,0.7184430911546336,-0.2037214157812886
5040,-0.05721395576326588,-0.34828647781701705
5041,-0.1165319801838749,-0.42565280273292727
5042,-0.014878733835498148,-0.4106261830453479
5043,0.062047566792282904,-0.38980958405268484
5044,-1.2407970044438472,-0.08710997225582787
5045,-0.22985085614598755,0.0016700837303445792
5046,0.6196109899380416,-0.24655983134886722
5047,-0.7070326214219123,-0.2665078571293905
5048,0.1469822334179705,-0.26165531493126726
5049,-0.12254810534269613,-0.37580168183763574
5050,-0.3115261975918975,-0.3708760087861819
5051,-0.7868221508731758,-0.18813660638732224
5052,0.7398046647438697,-0.3889121618124921
5053,-0.19309762773856878,-0.5081189368287151
5054,0.991233270615769,-0.21145657028041195
5055,0.07974130466218038,-0.4432176036002785
5056,0.4041557527162144,-0.3937018970414988
5057,-0.8944613741632396,-0.4753063390500152
5058,0.7828613831937649,-0.3156319941504464
5059,0.23282504488857647,-0.6127090500605518
5060,0.36980183965301794,-0.3122424097313845
5061,0.5030301824329052,-0.13343916906663972
5062,0.19995429763452893,-0.03527461890459288
5063,-0.8908833503232875,0.07131221443088706
5064,-0.04415903428262802,-0.3922097134467468
5065,0.37889023470094985,-0.29262515927260635
5066,-0.13298981006001623,-0.12241977162502982
5067,0.4591265622602867,0.004033969274479826
5068,0.36162322834069316,0.07066962513064656
5069,0.28244602222085124,-0.2926885675809773
5070,0.54219019386173,-0.13771309529314527
5071,0.35812241416132296,0.2560254326251338
5072,-0.3999798006636883,0.556419357364639
5073,-0.33342354355586584,0.1294621811898178
5074,0.3357584096044307,-0.3106568479775803
5075,-0.39699752852186476,-0.13167209129029783
5076,0.3885869036609241,-0.5136126027561705
5077,0.08948335409291264,-0.20169902360134043
5078,-0.8786093482455108,0.0982680089960784
5079,-0.8759048311282538,0.37776861058815414
5080,-0.8984516777308031,0.1599225125909228
5081,0.9765148118840506,-0.06936761952439569
5082,0.19041708281899805,-0.3741575997804199
5083,-1.2438314517778322,0.06615468702609009
5084,0.3937227992038098,0.09168064938375578
5085,0.37705308387894265,-0.23308899587355086
5086,-1.2660874343316877,0.10738671840804456
5087,-0.2519002153090787,0.26886275771736023
5088,-0.14736129105744208,0.046548532411520877
5089,-0.5959086064449111,0.42585365548063747
5090,1.3410523952847102,-0.05253135969117917
5091,0.1809588987220062,-0.3283504719707057
5092,-0.4722203017764007,-0.11206462677699372
5093,-0.462777632403837,0.003294149512890393
5094,0.6603589643534287,-0.2893897300551721
5095,0.2532794752478755,-0.3102567484619766
5096,0.4901503289944077,-0.28806989055272686
5097,-0.06959247602410618,-0.301698262117464
5098,0.5171606331697371,-0.223199831162816
5099,0.2721457020188546,0.00020325843144633482
5100,0.2980667458120616,-0.3384909552993721
5101,0.47340414861297275,-0.4252871686408888
5102,-1.8344525345980371,0.1679018252889973
5103,0.1359089472429556,-0.31029163295108864
5104,0.06919324508778302,-0.3321865661450791
5105,0.002262549745223441,-0.515721252333286
5106,-0.7166418069935621,-0.32368704979793905
5107,-0.4938797903765929,-0.02247116125884309
5108,-1.8748625242585328,0.7032545757951878
5109,-5.8409732444578495,7.613794391408163
5110,-2.999288235632483,5.8111862270935255
5111,0.21877373911479148,4.4386511917689715
5112,0.3541048202743343,1.7276583772973568
5113,-0.136939601629225,0.9531025539365935
5114,-0.026395711943249633,1.0760886752134526
5115,1.1912072996845868,0.32111269704461887
5116,1.196965565087837,1.390402029108393
5117,1.937491843388225,0.8145761082149667
5118,0.5577528121418919,0.627613842312062
5119,-0.8982460191905992,0.04621830568445165
5120,0.835411071470063,0.09829672930505498
5121,0.05427949574584229,0.0164616151781386
5122,-1.447276104945915,0.5493768469139615
5123,0.8966064019294125,-0.05629944049973237
5124,-0.03660219906750495,-0.23651068880400283
5125,-2.110055854693694,0.23498609018560465
5126,-0.5965888947157381,0.5492456130890543
5127,0.5427413381300643,0.8163660312238264
5128,-1.0303762059743917,-0.010312247184380813
5129,1.4243730875500016,-0.11931077311018831
5130,1.15447833414939,0.023138072466299092
5131,0.5779283576733097,-0.0775534510514033
5132,-1.717332839524833,-0.1990965110671632
5133,0.6203113718159659,-0.28529349526286685
5134,-0.5380714072394803,-0.4366900379570863
5135,-0.5580798582805112,-0.2399526939379703
5136,-0.2341612293985016,-0.40552836511662127
5137,-0.7805574202269544,0.2910680474869126
5138,1.108092884818543,0.03448499186579315
5139,-0.6815656752889151,-0.4553985621442619
5140,0.21183731322374688,-0.4796749522652326
5141,-0.9677148651714773,-0.25156466277545164
5142,-1.0060117320071629,-0.11415314056828041
5143,0.7084609208697338,-0.3726050726154365
5144,-1.495413153995932,-0.01878955202720503
5145,-0.37561206871433594,-0.33916361064095923
5146,0.2516290075709334,-0.1624155534838845
5147,0.42607084221736236,0.14846890380930913
5148,-0.13517411838088433,-0.27799996773665575
5149,-0.5435914277364275,-0.2826559002974519
5150,0.9838038817358158,-0.17873108492307002
5151,-0.7170454659296189,-0.43470608546457157
5152,-1.2638894237611735,-0.06411163783626458
5153,-0.6797306388094553,-0.06421615660865179
5154,-0.2002628388638169,0.14819772262537337
5155,-1.4916843032388472,0.22510620327067812
5156,-1.5435363502327673,1.063781503530357
5157,0.5957028780367184,0.4679866999673067
5158,1.0793352869422828,0.4331809149319288
5159,-0.6216562942681298,-0.05845189474878901
5160,0.8027685933756,-0.08171689594954082
5161,-0.944089134467322,-0.4841902743840427
5162,0.8652813912824714,-0.19867512948751948
5163,0.7263982286187034,-0.32271788006174035
5164,-0.0680561269079169,-0.2974853415827162
5165,-0.6144378737778242,-0.34974089770935757
5166,0.8643138871385422,-0.21764596264554623
5167,0.396505515949252,-0.3740345478592989
5168,0.4288094474165065,-0.49480138461611156
5169,-0.09214698678132849,-0.5713193621532439
5170,0.8121112876015338,-0.05117599822615303
5171,0.5620654726070501,-0.1519627501200026
5172,-0.6169419998546493,-0.40151606738584067
5173,0.47902482445510286,-0.4077205538625014
5174,-0.0717511810062702,-0.39877560320874006
5175,0.5667427288998215,-0.3194956584078989
5176,0.17622766321315542,-0.441643412957885
5177,0.11754362592331047,-0.5140597666351735
5178,-0.7450763370373965,-0.4119656381326525
5179,-0.09023558079022279,-0.3666176859123095
5180,-0.3132312346357288,-0.43300644842937
5181,0.24593498672100572,-0.47799471450764475
5182,-0.016141880711845025,-0.3888457940345039
5183,-0.19433254306121317,-0.5408450562603961
5184,-0.7564734680806197,-0.24302431449276157
5185,0.3853803527740721,-0.3378582186487272
5186,0.7966002022754172,-0.21617632113012372
5187,0.17325167692689508,-0.5032886160944339
5188,-0.900259253893097,-0.5218469390960789
5189,-0.5160905766559533,-0.21478247903875486
5190,0.5481311886271426,-0.2679784961409917
5191,-0.19754040366648645,-0.4827990422608075
5192,0.4857345637737551,-0.4289094859174222
5193,0.6402279079420293,-0.384030228531264
5194,-0.3657691962277352,-0.39613166516128007
5195,0.5394124506605741,-0.45190399526616154
5196,-0.21821744280010744,-0.5598709560780973
5197,-0.3598542480346725,-0.48081517849026756
5198,-0.022063196143570413,-0.3865619330636726
5199,0.9179342779100322,-0.11300005837471475
5200,1.3103564766700582,0.38431615174681677
5201,0.30441206181042246,-0.08031936022165506
5202,0.1510419042619391,-0.3450897193984638
5203,-0.09748378141761074,-0.22300568046278746
5204,-0.5749586629984217,-0.14415789364988638
5205,0.022934733971964494,-0.4792062537837296
5206,-0.6450945097128375,-0.08048302048369554
5207,0.10786024865191884,-0.27620275338259626
5208,-0.11356703312740608,-0.44862177362702793
5209,0.016667861786708815,-0.4348436571867458
5210,-0.48938013185979784,-0.2668981136196885
5211,0.4698141663672347,-0.2724031068888959
5212,-0.48129798126736534,-0.329571049210568
5213,-0.5212658933339103,-0.4609283830219403
5214,0.5463807208812733,-0.35542910158899466
5215,-0.30878639325172835,-0.4559650517776659
5216,0.6033796828813991,-0.4228648557298339
5217,0.4242442994946476,-0.44763813772726013
5218,0.41334594729393437,-0.37342877696768173
5219,-0.8562530762639184,-0.46401184141183704
5220,-0.2758169889705244,-0.4164235454893579
5221,0.29331917192695456,-0.5352069742049069
5222,-0.830244382825976,-0.22778697313259583
5223,0.19901707342269775,-0.5062968729750393
5224,0.3945932186599298,-0.5670301415676029
5225,0.5168298101186731,-0.3534254452825518
5226,0.4480539913470122,-0.3656122470562145
5227,-0.5280763327819379,-0.49062233756804985
5228,0.03443636516754334,-0.5113562558791661
5229,-0.13749854682064724,-0.5636738843266688
5230,0.6553321132851571,-0.45901881377321796
5231,-0.07131421610391975,-0.48846126188685535
5232,-0.34464785988197666,-0.5759676536299396
5233,-0.5005149635359287,-0.46694274196946295
5234,0.1189866373182949,-0.542130085193218
5235,0.060487754449154885,-0.46949482975015366
5236,0.09588701131429561,-0.5770646672689398
5237,0.33158463089218737,-0.5164756627548854
5238,-0.040243337827594455,-0.48166437052773103
5239,-0.08252794795700019,-0.5961334798569625
5240,0.008334710842582138,-0.5731803473200573
5241,-0.17238129280781173,-0.4677243143213753
5242,-0.3017414990361055,-0.3654048491951397
5243,-0.6021682963341642,-0.4127190897304003
5244,0.3193251980710501,-0.5262302694328491
5245,0.2218060584131467,-0.5792895432387107
5246,-0.5233091072178162,-0.45681373299800343
5247,-0.5403511703139814,-0.22886363699551646
5248,-0.4223011807767702,-0.3586316628041885
5249,-0.41332827897747326,-0.3448388652319855
5250,-0.2527252523062803,-0.08613788246971367
5251,0.19918758751154342,-0.1674466695649319
5252,-0.8692510911812901,-0.2687771141367732
5253,0.3566573736713513,-0.32017399075387565
5254,0.07217712765954215,-0.07127438552978246
5255,0.2552196008944908,-0.44587954902739746
5256,-3.0522798356114103,1.1104376955145805
5257,-0.29901308575255436,0.11065975839393213
5258,-0.6602849209104935,0.04148427737686727
5259,1.5573129145531839,0.2929156122254031
5260,0.35572426007625124,-0.411759556185038
5261,-0.8804024895191197,-0.5352096823051665
5262,-0.36813418507518425,-0.36561522874064567
5263,0.8715659024121801,-0.4388218239489253
5264,-0.13592101217467095,-0.3289306400313444
5265,0.8775385119610032,-0.3091475025820889
5266,0.6465743946871886,-0.418198261172696
5267,0.028417085939928338,-0.49942439286407136
5268,0.30417700245680557,-0.43007761096979913
5269,-0.3167958860968476,-0.45724978412569717
5270,-0.7723646064884391,-0.5663502039420643
5271,0.18786644577181572,-0.45367113461716757
5272,0.6311646864421429,-0.4270114215260328
5273,0.4774595642872078,-0.4195272316722598
5274,-0.42426617494662006,-0.5453005681976075
5275,-0.06380585933496835,-0.6293204281416804
5276,-0.22948143038285732,-0.5985941737966498
5277,0.42010354412264306,-0.51843221962716
5278,-0.4960148818218759,-0.5055406459927594
5279,0.025212479583489322,-0.5366696089101056
5280,-0.11704099197542507,-0.5310749178202647
5281,0.04155809380210379,-0.5118422758906805
5282,-1.0257367532932178,-0.39041563401093726
5283,-0.597447440157415,-0.2853261152586465
5284,0.15752581719335323,-0.4647218867577537
5285,0.3096923810216248,-0.5220512215349615
5286,-1.0247741664890135,-0.38593144129932466
5287,-0.26237387629135495,-0.20456830338768933
5288,-0.02032910270434199,-0.35203540982085224
5289,-0.6604914849283925,0.3634699480100696
5290,0.25075825073517727,-0.20716132634322137
5291,0.15841441332927658,-0.248552956704978
5292,-0.6160911899091621,-0.050267354357536514
5293,0.9076237622532838,-0.2616888768532667
5294,0.13139978187272838,-0.3341385344961624
5295,-0.4364049917440896,-0.45086628075226887
5296,0.3483062521368536,-0.5647084473811262
5297,-0.6019945877798273,-0.06641606377721344
5298,0.8913012820954039,-0.20280502958705957
5299,0.23308125213420033,-0.3942289344815042
5300,-0.3307874869343632,-0.5316811634872828
5301,0.4990126307752244,-0.4541723471775807
5302,0.1937695677036253,-0.32353352278210146
5303,0.7584756692972218,-0.10696599056943977
5304,0.0763434636266821,-0.4789634917822161
5305,0.4090035565618634,-0.381057176061676
5306,-0.5135603589311531,-0.2673872713505526
5307,0.6508375521020475,-0.445187548560263
5308,0.3135926324899668,-0.3902295421874846
5309,-0.3825569089970196,-0.19679571875985233
5310,-0.10819957171220816,-0.4548350120892488
5311,0.27756086751863035,-0.4604271249794334
5312,-1.9750773708277074,-0.2543931482515739
5313,0.44840647592661054,-0.19887200070131666
5314,-0.8561706517030365,-0.16677988463365426
5315,-1.568138995957832,0.6834108561095028
5316,1.5751556514238847,0.21154257531989232
5317,-0.18408148260811677,-0.14652250090674432
5318,-0.36171404595161116,-0.17804708199548866
5319,-0.9612356071447867,-0.23985653685947397
5320,1.5448678957582378,-0.17893913905337666
5321,0.1450740070977879,-0.40213482322424565
5322,0.5095622109968788,-0.3011678995718188
5323,0.06527889210340099,-0.5010691476758045
5324,-0.21810256185978152,-0.6214484398132908
5325,0.31855055828960055,-0.5268561922154144
5326,0.24024626927739956,-0.5511423463723771
5327,0.6064982139324168,-0.42053255273887424
5328,-0.5211580337591284,-0.5008315515915043
5329,0.07270424563033523,-0.5195682016602273
5330,0.0717150387515747,-0.4099217412123395
5331,0.43148926634456086,-0.5643403584367308
5332,0.22233590100594114,-0.50336143498693
5333,0.1949255351406617,-0.38349165006312025
5334,-0.6339786089664513,-0.37263300946399125
5335,0.1651854717003583,-0.45505771781245574
5336,0.34861693515071235,-0.5872863676009364
5337,-0.1758413736516497,-0.5388266413935233
5338,0.7182209953263828,-0.5455683002522563
5339,-1.170961787800465,-0.5130003796858075
5340,-0.19926079485969075,-0.48155765385066607
5341,0.02296577964721258,-0.5469113831663608
5342,2.6149375644564437,0.2961544130707331
5343,0.4533937783626175,0.1285634855372567
5344,1.2181093621220862,-0.103482585528726
5345,1.0888429825180008,-0.0037301680599738096
5346,-0.6296364855527101,-0.16006021109490975
5347,-0.7257181759164183,-0.15658800339242557
5348,1.1900480496492811,-0.2618096028692515
5349,0.16619185589662866,-0.39394114926241075
5350,-0.47117710734147833,-0.2676206464450084
5351,-0.12567690091369524,-0.2906221981420457
5352,1.375160341433252,-0.14768140328329077
5353,1.11702291436201,0.012324810183513474
5354,-0.7541644277317994,-0.28028632712027
5355,-0.12234233872522607,-0.1429928822430686
5356,0.8437286090728972,-0.34432436117685117
5357,-0.3007644849635568,-0.25646126001152036
5358,-0.3166933566410446,-0.3360192937471349
5359,0.023304799479429095,-0.47472197874149036
5360,-0.7497481775643474,-0.3676301891381712
5361,0.27542029684635955,-0.3461983546641349
5362,-0.125646748506657,-0.5464224324217294
5363,0.9033431011403114,-0.3463339293377605
5364,0.40441652297066566,-0.229074590441529
5365,0.05021725121496823,-0.21419270807406793
5366,-0.1264562569636633,-0.45438278189734327
5367,0.2502567538588737,-0.37215346378634895
5368,-0.07968576412938014,-0.5016757302592035
5369,-0.1463899243138408,-0.41223177318555926
5370,-0.2345425372072076,-0.4960195128675966
5371,0.46447634696367346,-0.3270636348461773
5372,-0.057232945654342365,-0.4278182852543926
5373,0.11370520612501384,-0.5704148448780599
5374,-0.13675893499938055,-0.44164303396205906
5375,0.5651415492002413,-0.3150099380441439
5376,-0.5692161878833184,-0.4647328858095592
5377,1.0683796341504541,-0.1575072436155477
5378,0.08656799726874476,0.16757553862594424
5379,-0.0953852814045009,-0.317878854585116
5380,0.3657284932737752,-0.2789413982377086
5381,0.3387674511292902,-0.40692842347745806
5382,-0.3619835632644044,-0.2299803664403567
5383,-0.42001820520497735,-0.3876836387837096
5384,-0.4780741501777123,-0.25967013264843475
5385,-0.22085472766417624,-0.36489204982176804
5386,0.5365581377910965,-0.44816591043940457
5387,-0.021231479383187174,-0.4789128824426385
5388,-0.7725242766198376,-0.26744184482649236
5389,0.026824139722860768,-0.4018476751462292
5390,0.13077384546040266,-0.37554627280438474
5391,0.3423527680042987,-0.4838240896929319
5392,-0.09681458078188626,-0.648451142742886
5393,-0.6502843080903098,-0.5189176885346529
5394,0.0901629302997689,-0.5935677224160658
5395,0.13394051796183531,-0.5533843284715464
5396,0.16212473792507393,-0.48256128052528446
5397,-0.13236029789716489,-0.4656308083558921
5398,-0.3234831118377877,-0.49465286761257177
5399,0.203841816065297,-0.4534658891179867
5400,0.11671269870555834,-0.44770346296071517
5401,0.4460039013842755,-0.5003808315238734
5402,-0.36883449384052003,-0.44027635779497276
5403,0.029839341329225694,-0.28206573471205887
5404,0.04076826221872404,-0.272045637215847
5405,-1.386334370598779,0.2806441435702274
5406,0.5696792915480986,-0.16760292334485485
5407,-0.4253008171569093,-0.20715901642294385
5408,-0.47040752461630514,-0.33343376012033554
5409,0.426212200847633,-0.4050127304325407
5410,-0.22949988076933656,-0.4321749567683092
5411,1.091221060988416,-0.24300882438801835
5412,0.558109635870896,0.38570501020836745
5413,0.17804841369212476,-0.09938261137673021
5414,-0.09121202082933849,-0.031022444724562115
5415,-2.4793403782113166,0.523207322234624
5416,0.6220123240795725,-0.08458451422997063
5417,-0.5436208735432766,-0.17403510623127522
5418,0.12105379554171841,-0.4816279934314206
5419,-0.5776144497709965,-0.3063452856792944
5420,-0.5837683890692865,-0.365526152949196
5421,-0.20832090846799306,-0.21352295944801494
5422,0.6629088910820906,-0.3868072082794217
5423,0.19710141163168804,-0.4947425516037567
5424,-0.11309135640675833,-0.5091141797274883
5425,-0.7126450353315361,-0.5284543419601363
5426,0.08501763802146067,-0.4313599172479389
5427,0.23618589799740064,-0.5101251013196867
5428,-0.28217820349875716,-0.52442801113986
5429,0.24399077914943107,-0.5423837080046962
5430,0.48624321973708173,-0.5315284758767319
5431,-0.18134239797775425,-0.5212309739482981
5432,0.8317988489913154,-0.34148802291963043
5433,0.5606650749603184,-0.38731280598039186
5434,-0.7164712942319446,-0.47807546761205666
5435,-0.021199866741481638,-0.486568031992369
5436,-0.26075241479963474,-0.5432415609514791
5437,0.4203732223539024,-0.5649077838453307
5438,1.023759009110151,-0.4350258474830062
5439,-0.7317125839224471,-0.45658203363574534
5440,-0.17879478397307302,-0.5756359678889713
5441,-0.6930784114864093,-0.44023331764023776
5442,0.22378150741091618,-0.540917067276658
5443,-0.23291291697043537,-0.46071162967907286
5444,0.5175799732265921,-0.4992965362687005
5445,0.3460450352792215,-0.5761638079884042
5446,0.3336061380918831,-0.6021106325936049
5447,-0.7035025859622465,-0.3867719627337689
5448,-0.6645131398242068,-0.5709651270542652
5449,-0.2639000187000221,-0.544430595878284
5450,-2.185723988341741,0.4647793864267963
5451,-0.5740472007990551,1.4825485695009821
5452,-0.08226811130535125,-0.3029629454545246
5453,0.3818363139034451,-0.41214059181499074
5454,0.308049182378065,-0.3626188675048788
5455,0.7939200978699544,-0.4008824704272551
5456,-0.16462559070709054,-0.4570136503573864
5457,-0.7156672641634186,-0.19229934208174446
5458,1.7938093848366274,-0.11533581416819344
5459,-0.2027642069202566,-0.3363575131711386
5460,0.19537781717475056,-0.46723128592938923
5461,-0.2885309776772629,-0.5394208189819715
5462,0.21632092665415803,-0.4030176537400869
5463,0.3375535460776081,-0.5880858341791974
5464,0.026905396142582,-0.48962367600483947
5465,-0.4142677160184755,-0.3205375703639421
5466,-0.2593688099291016,-0.38085528921863254
5467,-0.6118423854562715,-0.4220931028257563
5468,0.6490209467081635,-0.3815322797537307
5469,0.5937947640136677,-0.4326683030569013
5470,1.5357689135412764,0.15014135377452056
5471,-0.04783566881932916,-0.16374819354255168
5472,0.5027296857232634,-0.16986381016102803
5473,-1.9769943834044055,0.03594239903468119
5474,0.9589207207518499,-0.45175382049573565
5475,0.17156402025706347,-0.43361407041176125
5476,1.040441483042251,-0.13298342788199724
5477,0.1633881063737106,-0.27729330366638283
5478,0.8998779324758256,0.06317898693355622
5479,0.365696304248062,-0.2446575385931615
5480,-0.3622372951528153,-0.2521668726178203
5481,0.2649136062519747,-0.3460494486036099
5482,0.11175464174668254,-0.4074138505199769
5483,-0.8148581522044783,-0.31291872490866224
5484,0.29291213686772194,-0.43733454593008503
5485,0.4956296716192644,-0.16579386644758248
5486,-0.029326683173880763,-0.47228160506536154
5487,0.1400376952294693,-0.4584433996989338
5488,-0.340622003531342,-0.33954648951417454
5489,0.1836311318689644,-0.5956477610033903
5490,-0.27964525708637716,-0.30681685839364525
5491,0.20332318882559441,-0.33628323556139605
5492,0.1356245092039896,-0.513617465248975
5493,0.13334114116444828,-0.45769333044022875
5494,-0.00765618879971014,-0.33443362310931213
5495,0.7327236054625442,-0.3414144511017725
5496,-0.9639611141499729,-0.45337199773943304
5497,0.5642728828321922,-0.4334869684966215
5498,2.173946508536669,1.0122430931153779
5499,0.05741183317424764,0.47774537409384876
5500,-0.9353046882833426,0.19514289040502317
5501,-0.9245506588363746,0.10987765547551667
5502,0.7954018313807278,-0.1371946711287313
5503,-1.7383135894656898,0.2358285601304513
5504,-0.05996517279890129,1.0975091446133265
5505,-0.4662290377657181,-0.22541104718024904
5506,0.3511187376544622,0.07816950317429497
5507,0.32574555088773804,-0.22344114185449426
5508,0.7387727164431762,-0.14218269204720832
5509,0.305466687397017,-0.08558072578311346
5510,0.0045042183811963565,-0.11632069118011046
5511,-0.23661086350766147,-0.31198293556671186
5512,1.0552889904519862,-0.28623731868461966
5513,-0.7506508140375724,-0.22684835868978792
5514,0.12102564794768578,-0.26068504982799917
5515,-0.27088805896946777,-0.35876465923039
5516,0.6690798059752004,-0.20289394389660836
5517,-0.3726093221841489,-0.1555826150936
5518,-0.13114981839690554,-0.4425910669577616
5519,-0.6120092516759339,-0.38625521044072975
5520,-0.29968191565615276,-0.34668631840666575
5521,-0.12617460436625963,-0.43558808513815805
5522,-0.04143776670560223,-0.32228113609294873
5523,-0.23176285629839521,-0.44727895239094473
5524,0.3836274269436337,-0.3118232113758055
5525,-0.29825590006996394,-0.5664567115881932
5526,0.004294865891262212,-0.5933670147410692
5527,0.29466123683112116,-0.5220155542077053
5528,-0.47501629787756244,-0.502154486994886
5529,-0.1194465086683668,-0.5343902490600421
5530,0.6395758528755634,-0.32638164689483384
5531,-1.828554973925998,-0.24683903847022132
5532,-0.47153565399300135,-0.2542854942854187
5533,0.13889070558086136,-0.47221349799333046
5534,-0.5075603264735212,-0.29655738187290326
5535,0.005017136455335081,-0.37428365606324937
5536,0.3411689805748651,-0.4056467928135943
5537,0.09379421293590545,-0.49069930290213204
5538,0.04494562049403586,-0.4953164042003656
5539,-0.6138828952884079,-0.5640887057007394
5540,0.5475807666656218,-0.4851876053158467
5541,0.005914825692556358,-0.523091372451295
5542,-1.064523714950134,-0.28974003256213465
5543,1.0110876751182651,-0.3605887412802854
5544,-0.015398760560125624,-0.5303218496149273
5545,0.6330881791029465,-0.2871167051555553
5546,-0.7004374301726038,-0.32607872370212254
5547,-0.5279468654804147,-0.43968373367559277
5548,0.19213291655011233,-0.4565428096549058
5549,-0.8541706501718095,-0.3939674247396111
5550,-0.18986966149671602,-0.3004270483820971
5551,-0.6272689148272288,-0.13608370485049967
5552,1.0051328251024039,-0.35637508408692775
5553,-0.23436445009747056,-0.5150049276770714
5554,0.5212964012875804,-0.3499367991951375
5555,-0.3939464042409052,-0.5035938965499677
5556,0.6820702657665486,-0.3303424599477064
5557,0.11115443576132744,-0.46135500670659735
5558,-0.3997821061638594,-0.6697939578512986
5559,-0.3824383906921023,-0.46706673646576957
5560,1.3540674720005805,-0.3869131885290369
5561,-0.08371312754703862,-0.4688334969101715
5562,-0.7295460109836815,-0.3705760205696381
5563,0.21261605340489176,-0.5113303215440638
5564,-0.0020818966410813544,-0.4627399510705915
5565,-0.030143303805682975,-0.5425235260184488
5566,-1.3301369990214158,-0.09381742376762481
5567,0.4969302071845919,-0.37471505762924445
5568,-0.26752366714406906,-0.4137852681704872
5569,-0.1844525209481968,-0.4907680730247749
5570,0.647674439045191,-0.29948634794949336
5571,-0.020231680159707388,-0.5204324997787367
5572,0.6316561892193052,-0.43357289679138145
5573,-0.5175229392270508,-0.36984633085023944
5574,-0.31743992654574804,-0.3781860704901052
5575,0.6050650732976797,-0.42708000992923445
5576,0.6510109198403499,-0.2072342998905929
5577,-0.11222734947646101,-0.4215622656433321
5578,-0.7476866628006498,-0.37185712655528835
5579,-0.5702167201855062,-0.4393375313936989
5580,0.5250732695875577,-0.18707680699387663
5581,-0.06579570074069449,-0.4679353085609803
5582,-0.16521753604198486,-0.314931086702922
5583,0.20463514034614072,-0.37911663648887284
5584,0.4345113463035897,-0.38949663744137397
5585,0.4957923037484643,-0.3104639032784431
5586,0.06610480439996891,-0.3563153924306024
5587,-0.4016178262381745,-0.4786067585652821
5588,0.632999041413228,-0.3524178415018451
5589,0.3882292062870134,-0.4596423620175112
5590,-0.06464042716824514,-0.44624508589633105
5591,0.6845774586062093,-0.26591200800952874
5592,0.2468583028224059,-0.21906321791705383
5593,-0.7853865956631867,-0.2787262635175022
5594,-0.14378303087305122,-0.36827129636321665
5595,-0.2947382188808103,-0.23935243494244407
5596,-0.7010571122842659,0.0015745104135035104
5597,-1.4852533022587258,0.22788147748238788
5598,-0.5808023745255337,0.2960926639795447
5599,0.2545331686449376,0.4311318883094222
5600,-0.9554952481500717,0.09669994731711032
5601,-0.6400222788104426,-0.02945450217979309
5602,-1.330565186251326,0.7420967710801177
5603,0.933792213746866,0.23523999295501155
5604,0.3726842824446729,-0.21528282875753335
5605,-1.0667029823538585,-0.183265387370004
5606,0.5005841608630338,-0.21459242468276513
5607,0.9072430193781146,-0.08866435461773298
5608,-0.4163778112275397,-0.34371896408061375
5609,0.4975094314930757,-0.4245632871666981
5610,0.8589204700070111,-0.11165187598521997
5611,-0.32287723738853735,-0.4665877719572604
5612,-0.7976045092422436,-0.33820474464036987
5613,0.6557161228944186,-0.36927887034545137
5614,0.6431423924577707,-0.3397965920923878
5615,-1.0401694475081427,-0.39559266222569456
5616,0.5135883136805549,-0.4630901619163008
5617,-1.197603667461633,-0.3304445950347761
5618,0.8221235427512489,-0.46807034855113216
5619,-0.6976113908267102,-0.46233137437440674
5620,-1.787481336527188,-0.023748227544054493
5621,-0.22550483094483736,0.0807484995942758
5622,0.4506052974000687,-0.3502926041289696
5623,0.7389467632537595,-0.11982551721899849
5624,0.528140585765455,-0.46828277809264096
5625,0.37866503334075174,-0.48553913817071004
5626,-0.1404914300380991,-0.4477862132435516
5627,0.15803357199039436,-0.44937580019021484
5628,0.5460159872990886,-0.5583373075498547
5629,0.20565856120034942,-0.5436968139055955
5630,-0.8433499825588712,-0.49085005795431447
5631,-0.28951691453262246,-0.5625850527049134
5632,0.19532907538294264,-0.48912006776765937
5633,0.34414812879642886,-0.5820213772850191
5634,1.3926989301180988,-0.1816835652744567
5635,0.35027444913759287,-0.33162610749681953
5636,-0.05754207369031539,-0.40577616703426067
5637,-0.17745556371743743,-0.39565582506551
5638,-0.6567154604267496,-0.18739417133034242
5639,1.8666143817864427,0.049661955247341044
5640,-0.2309831584911527,-0.3928175724426456
5641,1.843211254748478,0.09587944762365974
5642,-0.9694299404052352,0.1846419816489858
5643,-0.34775899591636483,-0.5837587670074571
5644,0.2966147545488089,-0.31944856153547696
5645,0.25753857130424107,-0.2899540890612684
5646,-0.7701070630372236,-0.4459048680600356
5647,1.0487650709713265,-0.018625271195892384
5648,0.6104722524864526,0.31893845408548105
5649,0.873277029419132,0.04432787080181899
5650,-0.9844094478399767,0.04361822112506636
5651,0.031049868620604743,-0.4289012233402254
5652,-0.8109278734272363,-0.015343199091042009
5653,-0.0036485236080870675,-0.3399705178715042
5654,-0.5678225799625645,-0.5193786305899453
5655,-0.0976739799383697,-0.3896672299959597
5656,-1.651985765744981,0.224339807533832
5657,0.4703519409465805,0.3324239641811485
5658,-0.10348911841292274,-0.3610226572300883
5659,0.301914235749165,-0.43792435339294555
5660,0.5316271922969159,-0.45727556050124296
5661,-0.4016997991037363,-0.32366601329876066
5662,0.24945620912994587,-0.4992329382771382
5663,0.5197123775850931,-0.39512621436101714
5664,-0.1141342511844286,-0.42253422719914224
5665,0.10522805013806286,-0.5625062376874121
5666,0.0784744257561864,-0.36967526403999174
5667,0.2640819272519887,-0.5402069699657186
5668,-0.4045413827607317,-0.4713753111063643
5669,-0.10494491725529587,-0.5109671917477379
5670,0.22330317408872147,-0.3064761658171472
5671,0.4314149624928866,-0.2574581733480854
5672,0.09100615918924282,-0.3354383412794275
5673,0.6748480053913491,-0.3429921577555468
5674,0.03697650008162945,-0.3873931329565151
5675,-0.1551888200191227,-0.3900619145722939
5676,-0.11196404607101902,-0.46858569242729753
5677,0.3320257453281201,-0.4947968148130235
5678,-0.16662953401622183,-0.47030035414601234
5679,-0.11816974497124944,-0.5590471453456315
5680,0.31840288899406677,-0.43436117127272833
5681,0.5667161973186355,-0.3005224705554175
5682,0.09248749875967749,-0.36036825797559
5683,0.14927998142317522,-0.5180011714253407
5684,-0.11166150604850465,-0.5245526693338356
5685,0.14013005221608693,-0.46645986788390414
5686,-0.6412824247513063,-0.23481491032084445
5687,0.05905795963273841,-0.43916599776604537
5688,-1.0903333683453689,-0.17358074462169643
5689,0.2609484910167695,-0.37176169667247916
5690,0.6361639558575818,-0.19787156540122772
5691,-0.5922482010265891,-0.26179326120108615
5692,-1.9525260024846363,0.23852486266622616
5693,0.20140787736349663,0.03213915789580271
5694,-0.7748884291519839,0.13553087479432582
5695,-1.2250286608643641,0.6429889220030295
5696,0.9869083649170302,0.4979044209122129
5697,1.2729653599576207,0.18838411160633875
5698,-0.4708758736412626,-0.2581721446051741
5699,0.17007029865823592,-0.42618612738946227
5700,-0.924133727383826,-0.20979145563363222
5701,-0.46705101906395363,-0.18408828609447286
5702,-0.059869871370105965,-0.19675862443478537
5703,-0.24672552763240518,-0.3576412092764346
5704,-0.06487034799860625,-0.36086940528936906
5705,-0.6083643953121912,-0.21057332860328834
5706,0.1557568279734095,-0.24938073838762195
5707,-0.11098768413495173,-0.43931248930750877
5708,-0.6459872993950171,-0.22499759110342432
5709,0.8140759611963772,0.2015387430838164
5710,0.6934328124738791,-0.2682082135037803
5711,-0.7174024912869595,-0.3395444174133032
5712,-1.0438118368060194,-0.08489710504756429
5713,-0.6431706436602003,-0.16454034734863182
5714,-1.6040401615040492,1.0863237420043734
5715,0.4042262066046065,0.014421835215855133
5716,-0.4508853230207043,-0.28231075000190636
5717,0.5052380978144108,-0.05768889173413602
5718,0.4869841185334224,0.2197678634977416
5719,0.5362061636963039,-0.3697750221756551
5720,-0.6136500591290007,-0.4495039683252394
5721,0.5797981693568445,-0.49324832918676453
5722,0.4912181072222759,-0.4364327268048187
5723,-0.2880217623612899,-0.3964552174453114
5724,0.6783442219536394,-0.5506915481893436
5725,0.500451124031325,-0.5081639690028653
5726,-0.5743245560966908,-0.3399843633325196
5727,-0.42371620358843987,-0.39582480817929344
5728,-0.35828030307982284,-0.6434982244763098
5729,-0.874411614094866,-0.3545122209878484
5730,0.18004796863644812,-0.5058549132730563
5731,-0.73095598099305,-0.20626232363835484
5732,-0.13662948084193638,-0.482353643193013
5733,-0.3986350649254467,0.17089486385413474
5734,1.1575144354806448,-0.00106572266904012
5735,-0.05652490130218629,-0.25828955692291944
5736,-0.8015916087566445,-0.0006362532403671184
5737,-7.574168504014584,7.622225636727967
5738,2.0779287334037697,1.870197692158173
5739,1.011277975573718,0.34910897048604794
5740,0.005437714892232048,0.02101580159530267
5741,-0.6473207341883251,-0.13621516318846394
5742,1.0253642623453727,0.17189445240935222
5743,0.37977919919806946,-0.3776086643807196
5744,0.4119166607047776,0.0036283470132745244
5745,-0.6567315523129365,-0.36672356176296145
5746,0.3525369576564761,-0.24929244405928058
5747,0.4448124852321106,-0.29986731539134226
5748,-0.23325201550952798,-0.296288704089239
5749,-0.2954852890652927,-0.47264250862641366
5750,-0.421912876827766,0.009158334087159159
5751,0.11536454700970233,-0.3659774397117788
5752,0.358472007460125,-0.40604766443597495
5753,0.40826961939663753,-0.37067827620489846
5754,-0.015558076717395897,-0.39698380992653426
5755,0.5498135340009457,-0.5146231117439165
5756,0.2834640333824461,-0.41072879322235256
5757,-0.31590624799421263,-0.3390861056439593
5758,-0.8658916563047813,-0.08096708480598494
5759,-0.6692505068934941,0.11581169270401548
5760,-0.44933908278319545,-0.12099457911992112
5761,-0.25585284501724226,-0.020525687663509262
5762,-0.37951409577207906,0.10967334048674005
5763,1.049184468850143,-0.09943126566846341
5764,-0.9494335871003514,0.3014652892430384
5765,-0.5200846445744658,0.12941878604070492
5766,-0.1074569705356812,-0.20885649954016747
5767,0.7178114352796868,-0.2101606410673813
5768,-0.11946377034867924,-0.10014097690766158
5769,-0.05428448237987482,-0.39312208298784646
5770,-0.1076609069797325,-0.3038107213114102
5771,0.3605031249570386,-0.18110046789027545
5772,-1.109933693974126,0.31839697831494784
5773,1.9283976032354517,0.1672310476880645
5774,-1.0236041783554832,-0.15923048543698265
5775,1.2785500205878186,-0.16301049469900408
5776,0.04243559717918147,-0.37365270676756135
5777,0.7537897751487853,-0.11970863592674179
5778,-0.29672040982764475,-0.3738563292391134
5779,-0.24367099676199852,-0.32777596606564
5780,0.039484498813474406,-0.39486468075143244
5781,0.5202695781880075,-0.26966645017784574
5782,-2.1085336541885087,0.38088965204413294
5783,0.560627460519973,-0.061515944009301826
5784,1.5313530121396797,-0.0978965062102235
5785,-0.6277931204395593,-0.13546504734498044
5786,-0.46242141917171486,-0.3481415423207188
5787,-0.0977668578810601,-0.014733225655700302
5788,0.418260443963303,-0.042570103630990216
5789,-1.8236890953076061,0.09042258962797245
5790,0.597890254485694,0.11245929049419565
5791,-1.0067321607204867,-0.04382393904597251
5792,1.2550484755126106,0.07970787344157926
5793,-0.5072001112097433,-0.1522989614510677
5794,0.9206995237625332,0.14873174275370785
5795,0.5779853594875742,-0.49342484637993766
5796,-0.6483870234092928,-0.3621648287737095
5797,-0.8095368633607541,-0.3481949772207101
5798,-0.2090342895118045,-0.38694608741824876
5799,-2.6429824179218473,0.8484127960793575
5800,-1.442025719453142,4.364332626022643
5801,-0.6768073930824301,0.9110413239272553
5802,0.9270370849053166,0.512451886128815
5803,-0.20804457199200183,-0.11693655492039463
5804,0.3852078217290126,-0.00956725551190453
5805,0.3385063556593563,-0.32213671513246334
5806,0.7679364452659281,-0.0013481157715906078
5807,1.705604945290383,0.026874101113137483
5808,-0.03616820679033503,-0.27685117617362454
5809,0.5065131698425536,-0.3145807354876215
5810,-0.1564467720981668,-0.4045897319986954
5811,0.2654939367642534,-0.4568763274653702
5812,-0.1971099268796918,-0.5907296209016909
5813,-0.06878882484457205,-0.36530423800673617
5814,-0.660904175289464,-0.40554022509710974
5815,-0.14383589481075387,-0.4769873602690331
5816,0.9013795322231254,-0.4279254526830918
5817,-0.8322027507557538,-0.3505158393139235
5818,0.36956338901398667,-0.43527314095475944
5819,0.05229751189121157,-0.5068838013939885
5820,-0.8056390179079861,-0.4010249795001659
5821,-0.08209878006992423,-0.4442064403126754
5822,-0.01612170601001897,-0.5043192823586301
5823,-1.3709957502222672,0.07568572187044356
5824,-2.1637882777858506,0.3818122794280453
5825,-0.69151087556937,-0.14587101761263493
5826,0.12545592154872987,0.14451073918359778
5827,-0.6897307659803296,0.5742908648057982
5828,0.2056566482904545,-0.23699301653955301
5829,0.388032484244055,-0.12325012673315419
5830,-1.236927907181621,0.42152984141904204
5831,-0.669509437280126,0.6040070119665748
5832,2.098896482898325,0.3176513707809636
5833,-1.8596286474906885,0.023025754838200102
5834,0.5300156878693897,0.12647673073465301
5835,-1.5496782089860464,0.2755182008858724
5836,0.1809976841507968,1.6569279900999192
5837,-0.8918559995563387,0.5176913540256886
5838,1.3126396462495986,0.313806395215534
5839,-0.46413054224251205,-0.20768713509287168
5840,-0.847169482874342,-0.17079835064701115
5841,-1.3896828070883225,0.11056623057689788
5842,-0.150100007169552,0.09669464135604908
5843,0.7673327758647229,0.08222388632693833
5844,0.3751838070861231,-0.26934950341208075
5845,0.4230179649779513,-0.11712328228526271
5846,-0.4905189625798775,-0.23004841406440066
5847,1.238929257047952,0.06893397333417947
5848,0.1276989488583931,-0.40400801845661527
5849,0.6518679122247562,-0.31541696663695523
5850,-0.3972354889192417,-0.3080275374691316
5851,-0.15322473808953793,-0.24292728402317895
5852,0.5191949091579213,-0.3995331744801891
5853,-1.1279262333016713,-0.3223793651520398
5854,0.7114417905708458,-0.3054300882759723
5855,0.472432022808843,-0.47466784044228405
5856,0.6184341374308221,-0.3296781327877281
5857,-0.46791740270141924,-0.44533468359884876
5858,-0.7407285386239452,-0.5183087990774341
5859,0.3453334963813611,-0.44749181312108777
5860,-0.03154906897058288,-0.40172206448644043
5861,-0.055742610391182945,-0.5344697972527069
5862,-0.28071768275496517,-0.33575635282258437
5863,0.2956894345500053,-0.36106376878118585
5864,-0.6243247305614066,-0.3007222315300105
5865,0.6333176799895879,-0.2696048440365873
5866,0.0808981039331752,-0.37436741309633426
5867,-1.0780642996970617,-0.45035535385461445
5868,0.19547259006856726,-0.5306178567517298
5869,0.09400717670665809,-0.5363502111383972
5870,0.6032435669997086,0.04340854576148087
5871,-0.562381802487478,-0.4887532642500587
5872,-0.7562166002991014,-0.37447814060476425
5873,0.5753077462576882,-0.4009379770193968
5874,-0.5902184723842733,-0.403023703512428
5875,0.25904204625247335,-0.5194719274871294
5876,0.24277478258847468,-0.4900263162083467
5877,0.03644799689141348,-0.3924084671874317
5878,1.7005835571048546,-0.14528395032876779
5879,-0.27846437384706374,-0.2605987134907598
5880,0.5190586018170958,-0.32801279218434615
5881,1.2529513389878497,-0.15840907288529246
5882,0.6326075403153124,0.10482616169765988
5883,-0.4278559476650312,-0.14321074077367574
5884,-0.09659724769840407,-0.3536713122795631
5885,-0.03716297181363187,-0.4681816856123667
5886,1.270169348575327,0.11725391957033948
5887,-0.12810682350481356,-0.287284127640925
5888,0.2756337507650406,-0.36310104391075737
5889,0.3409827180100572,-0.3604174057745373
5890,-0.11362031546439111,-0.32866739014192947
5891,0.9854859542907582,-0.1756848815714361
5892,-1.350184604603871,0.07137289854653259
5893,-0.07298745145271343,-0.4379452652143736
5894,0.5981993376327485,-0.15194703835559875
5895,0.42548479787138704,-0.38547128927210805
5896,-0.7113582919136628,-0.30858207406407445
5897,0.3955450240717404,-0.46498164965450617
5898,0.09919308446177577,-0.4300949709407901
5899,-0.33269818858349975,-0.5561619530757814
5900,-0.007806804746960466,-0.5625538963485168
5901,-0.8197713209479138,-0.14387182984925634
5902,0.8558734635466122,-0.498019976360043
5903,0.15890337350473738,-0.5417018684537845
5904,-0.34790218300495235,-0.5203468322090349
5905,0.2853992490768673,-0.608895584962123
5906,0.8788093065634729,-0.187096430302022
5907,0.19525420795896165,-0.5124673383239516
5908,0.02740781886102467,-0.5650269581069565
5909,-0.11957708965812062,-0.5476838933039552
5910,-0.43572177241480736,-0.44665446094879635
5911,0.4060858698152552,-0.5296463840910538
5912,0.05541748739513547,-0.572293197558967
5913,0.384548871226733,-0.5800664542250793
5914,-0.0787239178741252,-0.19033684921272867
5915,0.3615096683408443,-0.573856328121068
5916,0.09581522440329437,-0.4141819213517747
5917,-0.06542014970074683,-0.519230436478296
5918,-0.235308552052381,-0.44439243909627923
5919,-0.47547673546273433,-0.5345490361937704
5920,-0.039554383231958506,-0.6372596350542495
5921,-0.5971306628829226,-0.5753967329273514
5922,0.5287732708170955,-0.27103230758263774
5923,-0.5930964325528849,-0.24739177006600305
5924,-0.21975160903717572,-0.5758570180696898
5925,-0.11638320368919833,-0.5205607398065651
5926,-0.5555045305141317,-0.41893859178877735
5927,-0.47430472333724555,-0.49814666373023087
5928,0.516486626653356,-0.5172475550206226
5929,0.00016734503575438486,-0.5041079393746464
5930,0.33699222368714177,-0.5189766299205915
5931,-0.45672541893039376,-0.5177233194672132
5932,-0.8248266217269612,-0.44584091201980236
5933,-0.4258685493177168,-0.338298254900956
5934,-1.099837500549528,-0.1797693681551994
5935,1.0798619179986693,-0.32017241009498887
5936,0.29739660768867693,-0.646221967890563
5937,-0.1373389448025798,-0.59600522706956
5938,-0.6895352171014756,-0.4478493359730661
5939,0.09900212443636064,-0.45877329353543794
5940,0.6384155367827721,-0.5002549937655792
5941,0.21716648326932148,-0.5238259365976355
5942,0.02998369378882909,-0.5650007198956499
5943,0.3907581515825449,-0.5511264018999106
5944,0.6671426127448927,-0.4086293238269285
5945,-0.13293097053819375,-0.4452724028276541
5946,0.08224077539690655,-0.4841915625094778
5947,-0.32314528250332997,-0.4857006390644435
5948,-0.16916824790738644,-0.5721166660822716
5949,-0.08146279175677468,-0.5521215196466538
5950,-0.7330012885584213,-0.41660415795513317
5951,-0.1314429631435341,-0.4259338477316842
5952,0.0835503522465394,-0.6380000669788735
5953,-0.3014554204597808,-0.560947844514335
5954,-0.012742954430447345,-0.49300247502098626
5955,0.11689751409253735,-0.563382186782746
5956,-0.2834500138663353,-0.6169446003738769
5957,0.1293452693128994,-0.5571079768366647
5958,-0.5227067291110266,-0.5142474214962882
5959,-0.2175077556598552,-0.5460408133411266
5960,0.23337174901386282,-0.480352525966135
5961,-0.10854700172449464,-0.3581925018730071
5962,-0.5769421829520439,-0.44116581148066436
5963,-1.016547666920769,-0.135504525653283
5964,-0.6640796243995897,-0.2685812846377701
5965,0.27843684962610593,-0.06229079693301884
5966,0.3130946556612696,-0.522063554244103
5967,-0.12799354474347552,-0.4256223928562225
5968,-0.4678513960045912,-0.42818052573340715
5969,0.617590038486198,-0.4565070623076334
5970,-0.2049005551083043,-0.45642196662132983
5971,0.6891763201504992,-0.4840580838450972
5972,0.440269755452944,-0.35050241241853153
5973,-0.2042707109683803,-0.5297085002420876
5974,0.18310327549725747,-0.5140230425798221
5975,-0.6265480259006078,-0.38775477784797485
5976,-0.7503148672792391,-0.2738807144860015
5977,0.15686593326709664,-0.5106710333580599
5978,0.8659024061794175,-0.30989518524436627
5979,-0.08636131019728446,-0.5293438766117342
5980,0.7177872606186535,-0.3918503758714438
5981,-0.3559391463363891,-0.4870467053777924
5982,0.930983595853429,-0.3124106121957682
5983,1.2933851692332232,-0.10192412933667536
5984,-0.17995321023040634,-0.34270529573604136
5985,-0.4441200857852534,-0.33745771151227183
5986,-0.34204210142099495,-0.5069239732724694
5987,1.0597661103678049,-0.2523338979037072
5988,-0.11051637441521182,-0.49418338863659084
5989,0.01272737668813656,-0.43503575733630706
5990,1.6702615511026133,0.4671982186705217
5991,-0.052127917817273356,-0.018133688726596223
5992,0.6480054730378382,-0.10316336218419675
5993,-0.8392782954210455,-0.24100792441233004
5994,-0.09956265940789892,-0.3616959937405018
5995,0.1329458477713586,-0.5587657952071043
5996,-0.1327073887124045,-0.5262659953602504
5997,0.03408359598474847,-0.5295312964866545
5998,-0.49273483883365854,-0.31713441262230135
5999,-1.2920828496143075,-0.24665096924879384
6000,-1.4448431850561239,-0.1673831208535664
6001,1.6878908486406354,0.012985818131836774
6002,0.07060590541812661,-0.29644214930187307
6003,0.4954179565893385,-0.5812469614969381
6004,0.1144833845260318,-0.5147478921000158
6005,0.3887998422630421,-0.5918871102411606
6006,-0.6347714172405989,-0.37653428736277816
6007,0.6843305209743532,-0.47109258607212934
6008,0.4982072413229125,-0.43963629492361245
6009,-0.9476345483904646,-0.4052850002388053
6010,0.6523444084863761,-0.46302238097811343
6011,0.27016246485325807,-0.5331223417164722
6012,0.4830088891179275,-0.3380262761715964
6013,0.4403950642182569,-0.5119788737227715
6014,1.0157081437187254,-0.1919227885303434
6015,-1.0083085536175105,-0.35561524309732606
6016,-0.08819529374614399,-0.5171276527727149
6017,0.25119503487330963,-0.5800400356155967
6018,1.2704494127704309,0.013156716020798348
6019,-0.5987856823134501,-0.3967793211809393
6020,-0.1086100510594187,-0.5730580987318652
6021,0.06658926078102545,-0.5898341828548521
6022,0.0012345743455478286,-0.40691441142649654
6023,-0.7122443165480737,-0.3598860687870038
6024,0.5679194598330617,-0.48015095061109014
6025,-0.45612712520164045,-0.4727117541759883
6026,1.254604042157172,-0.21996938532198096
6027,-0.7577814181308192,-0.47267552479699515
6028,-0.5722200346531185,-0.5511482034121166
6029,-0.16751719460994258,-0.5138356387336998
6030,-0.5318217402983271,-0.30915897135052767
6031,0.07945863981553469,-0.37390228786116486
6032,0.015641234008229865,-0.5505473957946848
6033,-1.1133660301565933,-0.33869331059981866
6034,-1.0365673605886727,-0.17007600920574906
6035,0.17179456410368377,-0.3032143165105664
6036,0.38097857166175664,-0.3656290099687918
6037,-0.5179819297319743,-0.6031280468683458
6038,0.4573047681302894,-0.5450455312678033
6039,0.05694405172184264,-0.542195276787108
6040,0.05297889894971558,-0.518700024330191
6041,-0.6263970593544109,-0.4572552215776522
6042,0.7666324677418702,-0.44952205543898793
6043,-0.3050223824019044,-0.5204636005161122
6044,-0.8181388105237787,-0.6185856133438603
6045,0.7007416472148161,-0.4637778836795955
6046,-0.2775081919725704,-0.4957322814785695
6047,0.5792352911174362,-0.43453985582704324
6048,0.7958561799376369,-0.49173709599752
6049,-0.2897988470064717,-0.44471643817059026
6050,0.6894316748824376,-0.3423075773072296
6051,-0.2893442088849931,-0.3232430150844765
6052,0.3666811575183555,-0.42141914022873894
6053,-0.5143364208879038,-0.5067641370616578
6054,0.16042440744508413,-0.5155181137730792
6055,0.8474959653353201,-0.2919069118672927
6056,-1.5608895311221658,-0.25314025756548686
6057,-0.4721020568352263,-0.2719021176344358
6058,-1.629688513440812,0.1953812029147802
6059,0.054917384400050395,-0.24527770597697243
6060,-0.26250622078685726,-0.4748290927281852
6061,-0.18842768840360635,-0.47719850556538446
6062,0.6309396757160268,-0.1185153542555471
6063,-0.7467474706995473,-0.07726920872064555
6064,-0.19112247243280822,-0.41179496216430234
6065,0.2945867794943641,-0.49465161047825257
6066,-0.039368357373282786,-0.4633279743340831
6067,-0.3327687096941825,-0.47278391483537796
6068,-0.6841889580450498,-0.3735732820702075
6069,0.21628488862818868,-0.4078701692956769
6070,0.05331728720534523,-0.29050079607927537
6071,0.2178096570615931,-0.38275634466775554
6072,0.9268373232923329,-0.257965238844187
6073,0.04407274701634878,-0.42203828886573524
6074,-0.3595639761188841,-0.28425799181508304
6075,-0.17993729109296974,-0.3555610651459908
6076,0.7774109831577954,0.10644578310512173
6077,-1.4996161594264774,-0.06725113259341081
6078,0.7408284302680442,-0.1196570438657729
6079,1.4039403236510082,0.15088120633436872
6080,-0.3799393829207196,-0.3552203518027889
6081,-0.34571285244298866,-0.19315473845524925
6082,-0.026783145506036166,-0.38228291554559213
6083,0.47247261172392807,-0.2851732588581777
6084,0.2058301828773556,-0.5167863611933285
6085,0.06796583206924,-0.50214933661703
6086,-0.7311940887154152,-0.35229786664067586
6087,-0.46637561139008243,-0.4968347831750658
6088,0.1496950324516756,-0.46070142251841195
6089,1.0789211401321692,-0.28643322059316123
6090,-0.6004827984095833,-0.42705151690859666
6091,1.0212080395041272,-0.3106531858829593
6092,-0.6258749159499555,-0.30929083419113107
6093,0.6778075926621324,-0.43978670553358234
6094,0.05181483030550821,-0.5260465588701604
6095,0.7395187822143234,-0.26679989075321153
6096,-0.8634715438202557,-0.4032293822242764
6097,-0.410979893517083,-0.4377519307910307
6098,-0.6990538798953488,-0.5169569760237362
6099,0.448722649266025,-0.5948659052083521
6100,-1.255571264528276,-0.22087212375085133
6101,1.1538560960361424,-0.27272712189965803
6102,1.8546460686863044,-0.24630407831063972
6103,-0.04967201814417671,-0.4664449624936383
6104,-0.11946422304415105,-0.5015131999839461
6105,0.03645904814005421,-0.5837941554584506
6106,1.1242319359517063,-0.07347578191975696
6107,-0.6151518047129366,-0.5891654941488529
6108,-0.05078743933239868,-0.5422823395196034
6109,1.0607465171700068,-0.4675006213542724
6110,1.079805903370692,-0.022235865854038167
6111,1.2573415771507808,0.013350625143576211
6112,-1.0306652981104563,-0.29610933119304217
6113,0.40272343574074343,-0.5234391983066224
6114,0.13638091022587584,-0.31408824373401256
6115,0.5428329738642766,-0.22782677698128384
6116,0.2576276123240844,-0.4206792915444272
6117,-0.3423717216038682,-0.3461787666195419
6118,1.1994473073395007,-0.06876160635887016
6119,0.027550579206487846,0.07052013267516502
6120,0.4093516199415944,-0.36032140333994755
6121,0.10799511519241001,-0.4013106989584525
6122,0.045712330241386656,-0.29690536686562957
6123,1.037427589573471,-0.36115731262538275
6124,-0.07465486149478798,-0.30102003160869195
6125,0.49429275782395765,-0.33629409005508903
6126,-0.5722133932879915,-0.03471267447834167
6127,-0.8026522186239312,-0.1845144898762467
6128,0.021774488427810296,-0.3492093549522578
6129,-1.3463530586013768,0.008155657832077168
6130,-1.0413646743069442,-0.24628132973892203
6131,0.038043034866863,-0.4999772343578772
6132,0.22737336031347183,-0.3797464429168931
6133,-0.04255710333079349,-0.4955528046139841
6134,-0.5209559043417891,-0.5008006553408884
6135,-0.1153302637842183,-0.472936703119487
6136,-0.1959123103150754,-0.40156675835531974
6137,-0.23177521688415062,-0.49263168171612526
6138,0.8691873831537485,-0.3850196555905445
6139,-0.18569258447543374,-0.55331418238583
6140,0.3523433272625185,-0.5136653690103155
6141,0.457056889346545,-0.3705142285034063
6142,-0.34062767417281625,-0.4891438652736212
6143,-0.4866350298116395,-0.5857764220190099
6144,0.2908499188526891,-0.47652891134148734
6145,0.6150549897567749,-0.3257258829900177
6146,-0.34665932280359785,-0.44103601640508405
6147,-0.48010504366710816,-0.4616697240173583
6148,0.22444310784586996,-0.5037425055650125
6149,-0.37740425079688833,-0.43026560271387726
6150,-0.7073928471919178,-0.4918736766233094
6151,-0.22030523184941353,-0.3983603744371813
6152,0.011623980533519263,-0.5137658683359801
6153,0.5348503424222748,-0.44077276252670183
6154,0.03658235878534005,-0.6262061797277817
6155,-0.2556465721774396,-0.5648403671542622
6156,0.9878842399275874,-0.2667025981148988
6157,-0.04426829789602241,-0.5964752636327411
6158,0.3822543400938092,-0.42308965029772416
6159,-0.033036708877763415,-0.5461804918937393
6160,-0.13395021117631928,-0.42684395574936096
6161,0.111458912525421,-0.5675264398884529
6162,0.2845406977685181,-0.4610963602906788
6163,-0.35760129116069084,-0.5381931183909504
6164,-0.199718542273054,-0.5387270571514124
6165,0.16497585608386534,-0.4164652590615666
6166,0.2634537899017297,-0.46584737712184665
6167,-0.05306793918393138,-0.4611829304886875
6168,-0.24047709924405977,-0.4156760526534351
6169,0.12049372284589976,-0.5353565187668945
6170,0.38069685707533507,-0.4078195547533042
6171,0.3524517018975889,-0.2649538447230587
6172,0.04271531500371961,-0.10868409364046745
6173,-0.5967283426418192,-0.26190310974772696
6174,-1.0609093484303997,-0.05257013548287262
6175,1.9714914799524133,0.04146762434759185
6176,1.5856399235520913,0.2692938001789418
6177,0.8137239711897589,0.3852454156002506
6178,-0.6606943698802319,0.2196055824223915
6179,0.8888494690657306,0.06351605356652865
6180,-0.13074361667661796,-0.3638689836047898
6181,-0.418870237091019,-0.22178488874863936
6182,-0.3863294555920359,-0.22971261034160514
6183,-0.7517640571003247,-0.16847377276449124
6184,0.3484334042165014,-0.3557405821629458
6185,-1.3964177128161035,-0.1478349322282544
6186,0.4243307695271986,-0.3318809440723479
6187,0.7747109310955494,-0.26986476516047964
6188,-0.7136870874423382,-0.4554892694076679
6189,0.16632064511564104,-0.5666113214374234
6190,-0.9215373701414203,-0.4299200746303109
6191,0.18948978925026044,-0.47608275107718767
6192,0.5651988241435084,-0.3463693691093175
6193,-0.055789042482794954,-0.55794502059027
6194,0.3892307983608163,-0.4524861255485898
6195,0.7306230030280296,-0.29794388966742535
6196,-0.24884162671777266,-0.46892121391400066
6197,-0.08307684786130959,-0.3780092065388272
6198,-1.036202000546482,-0.36825035548773444
6199,-2.027036472887814,-0.10499839878535044
6200,0.9180808926547056,0.04884933290966137
6201,-0.3610129671534586,-0.4151076368551102
6202,-0.4551597683189112,-0.4789050179089034
6203,0.07986860817545516,-0.27577719393121575
6204,-0.8418483160462481,-0.4819454870240284
6205,-0.7784564406538171,-0.1945510780756288
6206,1.15584498298147,-0.1999925923541097
6207,0.5062643694507499,-0.36529876650876736
6208,0.4095765465905894,-0.3960897735717588
6209,-0.2564619065343001,-0.4752726850117409
6210,0.03927037687566967,-0.48213297637778496
6211,-0.7198039696130497,-0.5461011190589532
6212,-0.38217409021370297,-0.38370963740572706
6213,0.08410886811457252,-0.5500212623103576
6214,-0.055243519432137345,-0.43547817646011844
6215,-0.10961525973142686,-0.40959629443939205
6216,-0.19268834518680775,-0.3957307915044085
6217,1.2065459687548659,-0.2327507795744757
6218,0.9838881564011471,-0.007140022351330322
6219,0.20832144450411827,-0.5110751003676521
6220,-0.15304360416973944,-0.37106633806109746
6221,-0.05121864432259812,-0.529075600133569
6222,0.6381774208478352,-0.23688522404872098
6223,-0.4111962616585204,-0.36149046707952137
6224,-0.4665225349156183,-0.4512489037421634
6225,-0.21480682099362736,-0.5344209390893709
6226,1.073313670884644,-0.1598174801205515
6227,0.03116610202712622,-0.41029235242039896
6228,-0.04092393035314043,-0.5118898848682505
6229,-0.34184512010560075,-0.39242141216564763
6230,0.317788921153629,-0.5000252586994216
6231,0.02171807911902418,-0.4828910840523619
6232,-0.4419924364825505,-0.5427621406474925
6233,-0.06274175021783451,-0.5642006902021369
6234,0.1522601313937716,-0.297253432758917
6235,-0.4918649357378426,-0.3964422451197004
6236,0.23557410379930033,-0.4726435089741319
6237,-0.14371180367177952,-0.5334078045189539
6238,-0.01867717512091016,-0.5039559463126749
6239,-0.04853143854400549,-0.5042272394972983
6240,0.47136635752424927,-0.4021852507206892
6241,-0.32841679287869285,-0.4905331449979313
6242,-0.06490948277706471,-0.565646158088756
6243,-0.12539216730387548,-0.5072520472479289
6244,-0.08125621852332107,-0.44327573767221395
6245,0.2555410272914017,-0.6307926850154623
6246,0.346655598670786,-0.4551748031782008
6247,0.33682449676511184,-0.2624491437051606
6248,-0.14238040568710644,-0.5657389758364673
6249,-0.14303752767181885,-0.5341896828262227
6250,-0.06392141087315495,-0.4528870332538151
6251,0.027771752538724825,-0.48376969782404966
6252,0.5526957562601734,-0.4798269037527054
6253,0.2757086156136054,-0.448645914551817
6254,0.38202684428073896,-0.4800990934731244
6255,-1.0172179818957483,-0.374519411702252
6256,0.08492648667267977,-0.4885331029749601
6257,-0.3126437415448192,-0.4459231077039161
6258,0.16190998684603997,-0.3422487514426378
6259,-0.9317048524825619,-0.18155426824803064
6260,-0.47534912404415985,-0.18833554259844681
6261,-0.30343949640596984,-0.19584626749971604
6262,0.2841158399390642,-0.3296826915215214
6263,-1.0472891262196082,-0.0298284922812916
6264,0.05271229370328884,-0.5548335000773711
6265,-0.028730832810417495,-0.5792438266228436
6266,-0.3365908187834567,-0.4392267015175668
6267,0.15768485459499576,-0.39465306804959177
6268,0.5158403739794972,-0.2629252035094479
6269,-0.8316626518818835,-0.286172529788587
6270,-0.7631613914750748,0.5145302638145167
6271,0.24939236756303573,-0.2411577316144374
6272,0.3898078581913801,-0.3881371170785791
6273,1.195041544003106,-0.16971724345140604
6274,0.11187614253086287,-0.264406738983952
6275,0.7698715571063907,-0.10258693051019355
6276,0.21927927567332262,-0.3181561770086635
6277,-0.40069829224514186,-0.3017206665883774
6278,-0.3974405184048667,-0.4242320780925901
6279,-0.4505524743305923,-0.43907240125015456
6280,0.5563163729134516,-0.6472889347608201
6281,0.3554746612489176,-0.4781370699658317
6282,-0.6758229862331887,-0.49586860569356395
6283,-0.9179914563554555,-0.4390420143278615
6284,-0.312113793192528,-0.2189277642577701
6285,0.2696512683539274,-0.47706787615312596
6286,0.07589501732218923,-0.548541288949818
6287,0.4435064756422745,-0.5339250028250551
6288,-0.28992276378106846,-0.4639052384827107
6289,-0.6498461306844997,-0.4906186254031444
6290,-0.23699080696755562,-0.5861703383990605
6291,-0.02819815216589061,-0.497230591529088
6292,0.4235255998626595,-0.5331566922357743
6293,-0.7463360182330779,-0.42967741375474744
6294,-1.0046927433598631,-0.27085143146856816
6295,-0.007088660659463841,-0.03479429836457079
6296,-0.0010608578891852238,-0.46096118915772055
6297,-0.34637602016150876,-0.31756722332967713
6298,0.14812499447038086,-0.09349362944560606
6299,0.006838470031850508,-0.3739350248816181
6300,0.9114127060527012,-0.11991365966462136
6301,0.20617951253097422,-0.526924308040618
6302,-0.3584687421647538,-0.39460305113399596
6303,-0.6240438100625108,-0.5326978185492147
6304,0.5077899391676232,-0.3597897354345204
6305,-0.5482741985709673,-0.4632331327033904
6306,-0.35286088282626504,-0.4724390404692983
6307,-0.08162136883659528,-0.41390694695952623
6308,0.40154715874226554,-0.5679113271298621
6309,-0.377382500415999,-0.4475865765527143
6310,0.13319851297332497,-0.4717917213190945
6311,0.4298327810129614,-0.4342217227622369
6312,0.39632394402080895,-0.46615933441365287
6313,0.22117682366287106,-0.5513906644313282
6314,0.41663655896217155,-0.4821446418032965
6315,-0.39829116941533155,-0.4313192770492902
6316,-0.3378148362109128,-0.5811719153201194
6317,-0.26051036318006004,-0.48918744402199377
6318,1.0194424654095773,-0.4452097580827685
6319,-0.5466381139256258,-0.414852453079383
6320,0.9537627243986128,-0.1995902220335995
6321,-0.6330650313785893,-0.5123420732114173
6322,0.04260733740302561,-0.5049508633405313
6323,-0.1582498615401964,-0.6439021962624343
6324,0.26223470766458934,-0.576855611631759
6325,0.201498724895863,-0.5739277848718128
6326,0.3546162905716078,-0.4162833976593484
6327,-0.044488822567366304,-0.5429700887725095
6328,0.3132124617296771,-0.49043667038838934
6329,0.024334408322282702,-0.551940640103817
6330,-0.4319631572196887,-0.4097143537683615
6331,-0.5442018223899185,-0.6097459177495226
6332,-0.5726834379737167,-0.4394477048605825
6333,0.06114269275715023,-0.44613775833565983
6334,0.09861543646910748,-0.4669147859187738
6335,0.38676009477155104,-0.42433945801870343
6336,-1.392641128349407,-0.25673001044743005
6337,0.1704458129881859,-0.4308666913968414
6338,0.5094115599529437,-0.4026290329443938
6339,0.6763036582432715,-0.2896540420621405
6340,-0.741371632960003,-0.31379887519225413
6341,-0.017791079374972568,-0.4519575538729921
6342,0.30226001559914795,-0.45654142498907757
6343,0.1374162235809019,-0.33595423472376407
6344,-0.1798934194855038,-0.4942942922834308
6345,0.27012948544287296,-0.44516844720560567
6346,0.5275279534166412,-0.49541614604283746
6347,-0.09653475120768155,-0.489648427974847
6348,0.2989490469178073,-0.5489094231364663
6349,0.27651129504912264,-0.40049797924186725
6350,-0.09857027474731477,-0.5406496729421836
6351,-0.829569243919564,-0.4042529103931505
6352,-0.3992108074893159,-0.19242107507893294
6353,0.3094064829343175,-0.38443326207134787
6354,-0.15731783986766285,-0.43210102297084096
6355,0.48967166868220746,-0.5836767580041504
6356,-0.10713730548126744,-0.47240004018113746
6357,0.2699303213911219,-0.5836565361149391
6358,1.1374898631098191,-0.2110026480219717
6359,1.0044630925606133,-0.12380261238386069
6360,0.0421274197727835,-0.2037933706496328
6361,0.3252627446382147,-0.07748201956736853
6362,0.35769110258270875,-0.3049104715242873
6363,-0.13003547411827177,-0.38107651675522414
6364,-1.2396262917803549,0.01031171839241185
6365,-2.443685690306007,0.4532441802816163
6366,-0.5270499664998776,0.17927142333286974
6367,-0.38423163959377815,0.34588843824844095
6368,1.1712239789803705,0.15974063634641325
6369,0.33446670399035816,-0.03818441483425085
6370,-0.9034926046992046,-0.3593718877642774
6371,1.4939485877152228,-0.22070459262105555
6372,-0.2721166358337611,-0.5444985699588125
6373,-0.7631110006025893,-0.40742509681521333
6374,-1.0785487382437804,-0.32884323430558327
6375,-1.1553990416661843,0.23176314720118738
6376,-0.5309160311002921,0.2302825517678009
6377,-0.7879861874603956,0.3393388039437034
6378,0.6057794196470733,0.007458528531640474
6379,0.19091305941889675,-0.41063220443353843
6380,-0.3870345869757022,-0.43682675455190223
6381,-0.018391765408740435,-0.4210234001814994
6382,-2.023127624273268,0.48000640545583073
6383,1.6438054909579298,0.11852888220870114
6384,-0.5707987192257319,-0.1047772806330512
6385,0.022243686626158554,-0.3380837726234225
6386,-1.986507238077293,0.013886661332266792
6387,-1.8279408123443668,6.414257380498212
6388,0.09405840589266518,0.28041128931976844
6389,-0.8257383867873133,0.27830200539591277
6390,-1.7486436226178905,1.0488172163135234
6391,-1.3930779381404998,2.1720642578348426
6392,-4.505803550136379,2.2225783844623086
6393,-1.0271824468391286,2.2772977193045163
6394,0.7064146719438663,1.6928685483345924
6395,1.5926330130181023,0.4799875808924694
6396,2.3294017941198755,0.6596413136013467
6397,-0.11691364014738354,0.10641673661624146
6398,-2.444526404411159,0.4378186513107054
6399,0.883956521796388,-0.09175676709486186
6400,1.0087260800675288,-0.1471229031583657
6401,0.20140569750574322,-0.11834596879279555
6402,0.38798997385328937,-0.1753906435634125
6403,0.39401793424149656,-0.05951336341462771
6404,-0.8036089226168487,-0.21596642845515956
6405,-0.2932467528102333,-0.21014816630576735
6406,-0.3416965044732456,-0.15064955584571263
6407,0.5523569510022436,0.04538538716494453
6408,0.8141992903316987,-0.2969213579750116
6409,0.4977944544578884,-0.4353339818022708
6410,-0.21440441564106466,-0.48238798850534925
6411,-0.06679634963809197,-0.48668768249287964
6412,0.2375142096413672,-0.37579365122803376
6413,0.04140434139817917,-0.4485505619029607
6414,-0.14219174787089173,-0.33867098071432433
6415,-0.5891383037360415,-0.30489877141739624
6416,0.96754925304026,-0.2701034468752542
6417,1.0954015506858217,-0.2244024177155473
6418,-0.23512922219071625,-0.3487846788539354
6419,0.8290119811145099,-0.16416809154799875
6420,0.6708126743154617,-0.21317731299809511
6421,0.4057212409269776,-0.2199988722997685
6422,-0.19655427092576172,-0.3478670708757783
6423,-0.08503211958110975,-0.29409781841911875
6424,0.5892598568133094,-0.4730626677138703
6425,-0.009149176521285773,-0.401134215242249
6426,0.23796270266137776,-0.34715425790802834
6427,-0.8165998930829903,-0.3529254058487279
6428,0.6792608524263406,-0.6902542886717989
6429,-0.07032888365676002,-0.4596152602674618
6430,0.7767487799614384,-0.24119418726483172
6431,-0.6801860875588023,-0.3249345040344365
6432,-0.167717797974099,-0.45474893778101155
6433,0.2900155635095086,-0.5550333700233843
6434,0.32991251792965626,-0.57884760146062
6435,0.3417568764604636,-0.31802538108921385
6436,-0.7926222142067413,-0.34595418160919694
6437,-0.09953123360957306,-0.4663861456481958
6438,0.5076310270456775,-0.3509956170591968
6439,-0.023882365467291305,-0.5311534625123432
6440,0.13783607164222128,-0.3705376289330483
6441,-0.0302865501330713,-0.48319345886645737
6442,0.684541871675228,-0.26352860833956737
6443,-0.048989646127357955,-0.2284338099025796
6444,0.24486773807308126,-0.4147411170279197
6445,-0.36146814778423497,-0.39029256711343085
6446,0.9323429222274257,-0.3287029070241341
6447,-0.07238630482169259,-0.35191159090413426
6448,-0.3616589515183201,-0.39593524925314705
6449,0.2684322010779448,-0.47876450505556745
6450,0.4406324404230346,-0.5359418297458675
6451,0.3342694765984783,-0.40568559165584284
6452,0.16494465766636401,-0.43693918183378055
6453,0.0009250067704895115,-0.3667905959131762
6454,0.4775531064452555,-0.21613529819337976
6455,-0.015007197528616484,-0.3237552225132593
6456,-0.0657995671391762,1.7590239020731768
6457,0.05371834078738458,-0.38114944935517403
6458,1.2943181739751464,0.10308825697797414
6459,-0.13099791210068,-0.3202382794262194
6460,1.03849213950568,0.18529343143733137
6461,-0.7849732544059679,-0.08267731992179708
6462,0.6610999279300742,-0.09476612404069498
6463,0.49361588764427455,-0.2714276516911551
6464,0.49363887751736757,-0.1284964473379461
6465,0.016680792771854747,0.05143807888936042
6466,0.7519598737159424,0.12937240194413316
6467,-1.4935332809650017,0.024189336287037594
6468,-0.5418230454080126,-0.19728278007326597
6469,1.0242132637592989,-0.3073367258020171
6470,-0.15487127440195436,-0.4160479999928671
6471,0.06483460457613277,-0.25693523093262216
6472,-0.6269857562272517,-0.22261112770134373
6473,-0.5246865813014596,-0.3457291648073675
6474,-0.6032719638935811,-0.16283761365605737
6475,-0.1904471770732234,-0.21920468410669464
6476,-0.028627940721846407,-0.40660441951743886
6477,1.0852604515720299,-0.20783855243944016
6478,-0.735658731621798,-0.4498132171698753
6479,-0.7578293902067091,-0.34489291205574957
6480,0.3547788311945683,-0.305426493388276
6481,-0.2966979503701226,-0.5525124711830152
6482,0.3739300080769743,-0.4119515922270165
6483,-0.8325159412422903,-0.5022271409655102
6484,0.355368723488252,-0.4040752190239042
6485,-0.23329624871600407,-0.3864942200076803
6486,0.5235199508840268,-0.403397972220206
6487,0.10044533331301764,-0.47539866902082706
6488,0.47023278996168316,-0.45792297560855577
6489,-0.5320318768908037,-0.5652121092696979
6490,-0.3103757233464209,-0.5275388461385984
6491,-0.06043169548706634,-0.5362132796111112
6492,0.7725890889050313,-0.45964751914630486
6493,-0.31529960584993266,-0.5362057082880665
6494,-0.819477081396824,-0.4839481324205247
6495,0.2427805969411761,-0.49473272387807365
6496,-0.304747382409003,-0.5664887826908559
6497,0.46019537174226177,-0.45356928503942706
6498,-1.0246789405062708,-0.4504049544802827
6499,0.6056891364346457,-0.43748202583464535
6500,-0.044590959575561084,-0.5335167677757541
6501,-0.2907649915733813,-0.5386329427740479
6502,-0.8176792486637685,-0.47791534074100595
6503,0.44150420006697755,-0.042720244628126486
6504,0.8861454594715391,-0.36679902702516365
6505,1.0250959336366665,-0.23382966685171092
6506,-0.1144114448087851,-0.5631935493914021
6507,-0.7430975192350807,-0.4774138048098405
6508,-0.011199051793043424,-0.4652464621886173
6509,0.1936978707445372,-0.5401985306567222
6510,-0.05016747928071885,-0.5525413643958478
6511,0.48911283629069624,-0.5736090859089439
6512,0.09921954455311816,-0.4711818895168941
6513,0.5143488069514712,-0.4753796316869108
6514,0.7858927675938584,-0.2843468225113578
6515,-0.015526105813398805,-0.470381375805332
6516,0.24437149975535843,-0.5763139535177562
6517,0.2075646568030366,-0.5068625649892788
6518,-0.7552785501558489,-0.5522252339647439
6519,0.006250019050675654,-0.5452655274857319
6520,0.24965909393672236,-0.4952703487258917
6521,0.13608291489529745,-0.5135568174678554
6522,0.3362066757778547,-0.41533317496248723
6523,0.16521485496501398,-0.5096858458073696
6524,0.6129844649996294,-0.47051628395849
6525,-0.018649172575387923,-0.4813147131728156
6526,-0.2766703685804735,-0.48416257863263323
6527,-0.2426358427570695,-0.47854945399746296
6528,0.6513315145186063,-0.5351679873425133
6529,1.4620401638820355,-0.11417689032074876
6530,-0.8403478069409783,-0.4091122640386995
6531,0.31172532827469224,-0.4800819613410797
6532,0.05001551678331728,-0.4555692324917753
6533,-0.2324928935287714,-0.5379789222560362
6534,-0.2457854693636229,-0.4366518584669137
6535,0.2282696842265151,-0.4964928609861001
6536,-0.3385189181209875,-0.5390411719124079
6537,-0.28006987872850275,-0.3271820079342753
6538,0.32839615380345544,-0.5239510820736256
6539,0.10507587093297116,-0.48342719308628834
6540,-0.6158866659566496,-0.48933953971419564
6541,0.14231358729014087,-0.5264423810922408
6542,0.5361661656448303,-0.42273679222376803
6543,0.5384245800149634,-0.355097094227936
6544,-0.3264323306111333,-0.4987973296131857
6545,0.32838082596004114,-0.45405516084763664
6546,-0.05104232419844906,-0.5456806818028954
6547,0.2997112436433723,-0.5023222395535646
6548,-0.2364817111089602,-0.4324837563666023
6549,-0.13813147812473545,-0.47601711009316916
6550,0.300847876268141,-0.5496715028033793
6551,0.1734057175411382,-0.4809388158825384
6552,0.6296168866570934,-0.1765531230923306
6553,-0.46229918245516644,-0.4760531779676902
6554,0.17119932297850138,-0.41007269732606955
6555,0.08200747588827678,-0.32006986921308944
6556,0.4520654080814781,-0.47449508081552216
6557,-0.31169326587116997,-0.4538680731382809
6558,-0.0750360177073437,-0.49173424663362564
6559,-0.29436195874897286,-0.46183786407942096
6560,0.3915995742709538,-0.49185144359849187
6561,-0.34713523537586716,-0.5325471045200635
6562,-0.2305810179266387,-0.47912412741016475
6563,0.24696180834787246,-0.4384630509519756
6564,-0.333198184754186,-0.48909616367204833
6565,0.3609223781426364,-0.573977321284466
6566,0.17992332522800036,-0.4377736672027367
6567,-0.6243257410820618,-0.4879752733111302
6568,-0.2591467381242118,-0.3699965645256721
6569,-0.3869683930998885,-0.5326378132564489
6570,0.4793085709092817,-0.46739101085023615
6571,0.025408592218127746,-0.6051603637012298
6572,-0.3329985624750377,-0.5363305089856616
6573,-0.4279287724214676,-0.5597531977570711
6574,0.6924257537722341,-0.34201343011567553
6575,0.4104360496135898,-0.4424679497663354
6576,-0.695692068147288,-0.4659315207857503
6577,0.1261840479145241,-0.4633476198511234
6578,0.40470696834818176,-0.48576216161982166
6579,0.3781060955367288,-0.5308988218794709
6580,-0.44204953407271175,-0.48335343870325886
6581,-0.01680070416069504,-0.5609999686745661
6582,0.43756737623547626,-0.5358770087660044
6583,0.0835118485116928,-0.5535379721542988
6584,-0.34431891593345965,-0.6028212277865176
6585,0.28830255624252976,-0.5472983710965117
6586,0.09643240179965407,-0.49950885116578725
6587,0.17808788299340172,-0.5656299645310068
6588,0.2519322718157645,-0.6309278432722514
6589,-0.19106395782003702,-0.5724208973269833
6590,-0.11747585672268324,-0.5664824425028415
6591,0.1689768158715267,-0.6129576626440583
6592,0.26459748253127524,-0.4611087764744103
6593,-0.18001471040514733,-0.664606998901386
6594,-0.7373589490698904,-0.5775086037592642
6595,-0.04152593230837012,-0.5807951743841346
6596,-0.21798373636938306,-0.4633715262826611
6597,0.09607996834932186,-0.5144090590950038
6598,-0.794401302524265,-0.4642959323293697
6599,0.0872357531156891,-0.48961279418304493
6600,-0.09248965888048521,-0.5250089928758404
6601,-0.02484795728570205,-0.5533693954162487
6602,0.0957576293355934,-0.4805804672408537
6603,-0.1151663669851701,-0.5568332997327181
6604,0.700366055792076,-0.3440725366949845
6605,0.23886252666104568,-0.6757919841804375
6606,-0.7157446242080426,-0.5784039684527121
6607,-0.022985077851155666,-0.564287270766504
6608,0.3086423266031365,-0.6594622244096703
6609,-0.44016788999966905,-0.5605874303331891
6610,-0.10537363523219663,-0.5409518977479753
6611,0.014400016972041796,-0.5734157194849873
6612,0.29328577750722906,-0.5283753660917582
6613,-0.12257355984210631,-0.5278690593144724
6614,-0.10560881001902374,-0.543759634661667
6615,0.2220897121613099,-0.601809266313354
6616,0.46373047116346333,-0.4963792351213945
6617,0.15835440293804942,-0.6175517834910749
6618,-0.401298156251922,-0.5525399294235208
6619,0.525835185819266,-0.521684358650876
6620,-0.3788659054805723,-0.4889933059235513
6621,-0.22547632193181627,-0.6646147699450327
6622,0.5901113737730876,-0.38625949871456355
6623,0.07815458111523721,-0.4993364897245822
6624,-0.11978690242146597,-0.5449002408121906
6625,-0.3941104098034365,-0.4534123028811602
6626,0.26691864792579184,-0.49925028631557655
6627,-0.1623376365410311,-0.6346290142128708
6628,-0.32762268102989767,-0.5026619398840596
6629,-0.05122136810122857,-0.5075272257918636
6630,0.18943493110940857,-0.4704026588279453
6631,-0.15357393796691468,-0.5116479077457649
6632,0.01236996041380145,-0.5125573534906621
6633,-0.13107762591808517,-0.518179152014568
6634,-0.518429044093601,-0.2894535678411282
6635,-0.7158300845948421,-0.0107264379534215
6636,0.12405806859629809,-0.37397806828482993
6637,0.07410079126008723,-0.4185118679308518
6638,-0.3912375254134068,-0.36802480148400246
6639,0.17991054869500145,-0.5365423641242671
6640,1.0125033102493703,-0.38323493021246857
6641,0.029137531160803143,-0.4885644244669983
6642,0.314273840535054,-0.40837119749500117
6643,0.5030975994936767,-0.2193949193126932
6644,0.2540335885187869,-0.4281421345996761
6645,0.2234396354602547,-0.5951906885535353
6646,0.25922566995534657,-0.39068799292451484
6647,-0.5005029773891405,-0.3038211347737737
6648,-0.2754218988958961,-0.31858126486337146
6649,0.49417029014017977,-0.4975207885600862
6650,-0.10703186007328001,-0.46682788079197535
6651,0.12119985576308323,-0.615649167437614
6652,0.9777346770478902,-0.3443455654274812
6653,-1.4031810261394995,0.37032747279560185
6654,0.33856775666803407,-0.34588875257725016
6655,0.05303550724134243,-0.29521264860274077
6656,0.19923072550794102,-0.38656081731937675
6657,0.3206526350530644,-0.37063269561874795
6658,0.7514346907105558,-0.30187555619029993
6659,-0.08863378006412692,-0.5584090096987668
6660,-0.009884516677117205,-0.5161642543994251
6661,-0.18947880462786432,-0.42125877818607993
6662,0.8351579022064451,-0.20131282545991558
6663,0.016261463888893546,-0.28096214763475913
6664,0.2364514241832127,-0.39687634211987377
6665,0.13923830470857762,-0.5028502084669905
6666,-0.020681358328276,-0.4275707029759759
6667,0.21036790625067842,-0.45836946277707247
6668,-0.07041024439827681,-0.3720811385228087
6669,-0.4836337859791888,-0.4410048616425004
6670,0.671019651510981,-0.38888008497974824
6671,-0.041035344554667896,-0.5461700010865072
6672,0.1350338045594252,-0.5190376286908296
6673,0.13278321948762928,-0.5548612384029917
6674,0.11249374314342242,-0.5684029662729685
6675,0.007243744643400579,-0.4150384464430934
6676,-0.4363318734864379,-0.4780239908959949
6677,0.540749996898901,-0.5435831335483671
6678,-0.036048319221006986,-0.4368544596844989
6679,-0.01980101942086948,-0.4953734403669511
6680,-0.1068877777932913,-0.43417650568909805
6681,-0.40714457606121945,-0.5863857665047271
6682,0.4250402773799261,-0.47301949103412033
6683,0.1435784087479378,-0.49029590715644633
6684,-0.033828832007688714,-0.6619817511614021
6685,0.12945900937550725,-0.4318484504770578
6686,-1.4146121554141242,-0.2646426780473028
6687,-0.024420892712444936,-0.3309125573897173
6688,-0.3300641730710029,-0.3021252559728822
6689,-0.5006373614753498,-0.43418025957731254
6690,-0.197618679149315,-0.40384107490307575
6691,0.014674751280579656,-0.529170090831619
6692,0.021039919403176788,-0.4324824202922565
6693,0.13007021437610283,-0.5123187956058213
6694,-0.18759351385299824,-0.33217665073210434
6695,0.08426701549563598,-0.3396567833294718
6696,0.013134981937787754,-0.4233145929882508
6697,-0.07285958719985636,-0.4816753310016747
6698,-0.5441941630743048,-0.3620645030001779
6699,0.25662343992169323,-0.4805456215104452
6700,-0.46252156480153217,-0.47374968176725185
6701,-0.32526282999486966,-0.3503369710901667
6702,0.5244827418382848,-0.4781688261284911
6703,-0.09712889605193972,-0.5543471908145674
6704,-0.5780751301918193,-0.45708745266189266
6705,0.06029920642000974,-0.5904727265739894
6706,-0.5292620459019366,-0.28551182608123815
6707,0.10633015925237016,-0.45462728512322936
6708,0.30572966811800717,-0.4816064959664491
6709,0.44586455921091717,-0.5154932277939936
6710,-0.10791179577851892,-0.5549146525399925
6711,-0.32575694959643836,-0.44046074733427676
6712,-0.307015337721077,-0.47851778032090864
6713,-0.306300995187348,-0.49076415371704696
6714,-0.11569148756226265,-0.46922146215623106
6715,-0.07362709585580701,-0.4704428898343703
6716,-0.2574468292734994,-0.5006182620509387
6717,-0.09520555580678783,-0.5066906361742759
6718,0.01459742602359354,-0.4377688664668369
6719,0.5109946530459927,-0.4492004080705526
6720,0.2598056607058847,-0.5788453899679685
6721,0.492168979940369,-0.4876621541382469
6722,-0.5530822901867893,-0.42855904838494985
6723,-0.2373497389915678,-0.5477368267811714
6724,0.40796893522016897,-0.5230554489759274
6725,-0.036975792128461527,-0.39091545991766685
6726,0.046655225181501836,-0.49812856928266547
6727,-0.2917744012629883,-0.42141670962760447
6728,0.7393288033323312,-0.3218246217944523
6729,0.6534349583620448,-0.23582075847152578
6730,0.07770454197108828,-0.5043908637706025
6731,0.631359940301396,-0.23904578693503117
6732,1.4821367565434902,-0.16660791805175235
6733,-0.09456830462519686,0.21062719160030804
6734,1.5510393867754697,0.11245267106528081
6735,0.09290184316468886,0.5019926313523679
6736,0.2789507095814407,-0.08818714610070462
6737,-0.31132230567003627,-0.30456791416937057
6738,0.404215788736798,-0.29739269358233666
6739,0.24665547474004146,-0.1439646696705476
6740,0.6568179371024776,-0.06448176657757884
6741,-0.1810580917112618,-0.20242590922775003
6742,-0.9165400946230545,-0.23308126770236126
6743,0.2154282130332677,-0.43477417544345787
6744,1.0768832240772022,-0.17261375887898736
6745,-0.13124282746994442,-0.2172428486581467
6746,-0.6443077023989313,-0.42364102652244495
6747,-0.4780264388506841,-0.3181002898734832
6748,-0.4724305148260975,0.03079964649245473
6749,-1.0143159563144923,0.11160734377431752
6750,1.1879004532931923,-0.10507808509248989
6751,0.2976566577656,-0.33209782444448943
6752,0.6643810426819617,-0.20334468024472685
6753,-0.5462087354267291,-0.22538458703043499
6754,1.0448009600285602,-0.1644339792534152
6755,0.14604002182763315,-0.3638164211190624
6756,-0.6230083628422785,-0.28554351453279075
6757,-0.12393508870877674,-0.4096245755982897
6758,0.777259106021034,-0.28444720194248163
6759,0.7562125067825672,-0.04514491386670083
6760,0.20219641367281116,-0.08635803669591229
6761,-0.9140191103647431,-0.2015389540980948
6762,1.651178958816379,-0.08374418566674277
6763,0.10716005757325908,-0.29260924516600917
6764,-0.25225710786572475,-0.24609323656877694
6765,0.003326260960246824,-0.3953420144796175
6766,0.33617179439227485,-0.20210812336527081
6767,0.21175231241472176,-0.37740118920425125
6768,-0.4815276023440214,-0.18448404266333507
6769,0.4262651145744417,-0.3552924866259154
6770,0.05951216152939265,-0.35365747091442956
6771,0.24834715724730877,-0.2882448642809601
6772,-0.9370288934691183,-0.30784315641531784
6773,0.2545833060161318,-0.35539191217307664
6774,-0.01948962386218106,-0.40293362484933826
6775,0.7952142299611488,-0.49447626700381553
6776,-0.026280893549805368,-0.47458709288457546
6777,0.07876730346535715,-0.4325472216380014
6778,1.6235748215954873,0.3538611848376244
6779,3.069461701413422,0.6471013156847993
6780,-1.5709559072852937,0.9173580808728082
6781,0.47588437167640263,-0.0522394252859535
6782,0.11250260180665539,-0.037971656483574645
6783,0.9660821180338962,0.028392385534180192
6784,-0.09601575051655041,0.42966178450315584
6785,0.11068235716672425,-0.20045119939203854
6786,-0.9709404055017338,-0.20588397643477083
6787,-0.012983619033480553,-0.06521316932369445
6788,1.1494892336351548,-0.03427358470321236
6789,-0.045696112651964826,-0.21708215347654117
6790,-0.3132204863368647,0.11041302288003077
6791,1.156688344028073,0.12578104884504912
6792,-0.7946890394945257,-0.13192721335233237
6793,-0.1132242106787042,-0.1389998508799664
6794,-0.5151811828593817,-0.32111439026644284
6795,0.451225645765959,-0.35220755568203665
6796,0.12432510485333448,-0.22910393277873217
6797,-0.3218945981527975,-0.3030799531812438
6798,-0.7342321020058997,-0.11852878216660995
6799,-0.0041491014350031885,-0.39342202531171777
6800,-0.019238353877796932,-0.4436910482904951
6801,-0.004768644341183542,-0.5262710122103184
6802,-0.9429694057883219,-0.3216344926776902
6803,0.016564532052006337,-0.4540649573858294
6804,-0.1608854980892325,-0.5141852578087213
6805,0.23216263561683897,-0.46108215009494324
6806,-0.41061649794310795,-0.3956388744815149
6807,-0.15524750630304301,-0.4355453071624974
6808,0.30424396827560407,-0.40381618897176674
6809,0.1513561263832151,-0.44326745030106496
6810,-0.049348029503630375,-0.5403496517699871
6811,-0.8546655751295168,-0.10539991070271158
6812,-0.15229750175344078,-0.3488977134356608
6813,-0.24412741653522227,-0.3673738019356878
6814,-0.8366303487267915,-0.2452739784463714
6815,0.9854302082553209,-0.13455915723876205
6816,0.47849282496130874,-0.2895719683994654
6817,-0.13735464416064447,-0.480172501690061
6818,-0.45777746586766893,-0.4717607001212687
6819,0.68341104307772,-0.28821331191884403
6820,-1.0017871033207175,-0.17580879272514308
6821,0.24089254882844358,-0.3165271625502417
6822,-0.06261640998485704,-0.3885557475866811
6823,-0.5316417281102526,-0.5190886287733095
6824,0.2496071823492924,-0.4301892405482327
6825,-0.6602355041026422,-0.1851289661986899
6826,0.3957097887411295,-0.1541149993548636
6827,0.2794826015245424,-0.34324863463850097
6828,0.2733547074896553,-0.31118282074086245
6829,0.6695065040157174,-0.3411843360941834
6830,-0.14707372845103941,-0.384628108260329
6831,-0.3456153584339233,-0.4274489043909715
6832,-1.0775021583945148,-0.2840803418353076
6833,0.5392911618105859,-0.3648852458158842
6834,0.2526988042750781,-0.2266045560353085
6835,1.8410046582478694,0.6754953962658133
6836,1.3086191757095231,1.048546083365642
6837,-0.3086989394989296,0.40555922691748336
6838,-0.5615234623170149,-0.08888054967538647
6839,0.519920830319153,0.0009483523124123594
6840,0.9417190464515449,0.1751808747184949
6841,0.30347505017417464,-0.1917171406555327
6842,0.20787440275511038,-0.11780773097827388
6843,-1.0149161450502104,0.3436715277779391
6844,-3.0057858345539463,1.601684553404067
6845,1.0761467597548866,0.3404090359819263
6846,-0.5451326906718309,-0.12165762491054766
6847,-0.892535936669882,0.015900106330800884
6848,-1.0708590729043328,0.20481485971426364
6849,0.2353490602288691,0.02683448281608644
6850,1.660723478373888,0.19845744083700426
6851,-0.20867437122779497,-0.1591375040110549
6852,-1.1143259334764486,0.4664406958826923
6853,0.9134784417768192,-0.21734826162811505
6854,0.703823064150585,-0.10864740854086741
6855,-0.3188519254161164,-0.2898961331168165
6856,-0.2339465423078003,-0.43002895000615216
6857,-0.606446855384108,-0.44931534114066296
6858,1.092218834492452,-0.18427410688009657
6859,-0.35318325699278197,-0.4547550222985586
6860,0.04464718251133398,-0.5184301166844698
6861,-0.1772838323838552,-0.4360410038722663
6862,-0.12175132167053104,-0.48007780537778044
6863,0.6048641159554369,-0.5042546142889075
6864,0.6731848649878468,-0.3935889982616487
6865,0.7628735928442346,-0.25920551985010587
6866,0.5084435289502197,-0.17160529297641755
6867,1.0216153296283546,0.07662498949956956
6868,0.019156691438156903,0.605422518651256
6869,-0.9470645790620681,0.24449875285494008
6870,-0.6762969308166016,-0.09877027268306829
6871,0.5702915622723307,-0.340894989959574
6872,0.43734997014346866,-0.45217871686248146
6873,0.8836047286933716,-0.3520928915264845
6874,-0.43147857593059236,-0.38309842869355737
6875,0.3103258345347212,-0.023505847092172433
6876,-0.12108941369692433,-0.18039151211569654
6877,-0.1760871318970938,-0.4815183513656862
6878,1.2681062358909658,0.15097959869178687
6879,0.317119112224705,-0.3054282466335418
6880,-0.9573027785677213,-0.2963945481627427
6881,0.19258923306072429,-0.34483288978824167
6882,0.002296986741991469,0.10315599777985876
6883,0.43894067641479395,-0.46800643523635344
6884,0.5967427395925893,-0.21077391446655933
6885,0.25660037941098685,-0.4157285091755344
6886,-0.37498355993530386,-0.22703950672146925
6887,-0.783510913771886,-0.0055434938256712085
6888,-0.15078539123289197,-0.326389925177358
6889,-0.3870977012506739,-0.40164807405579106
6890,-0.21623380279482757,-0.2728930745371687
6891,-0.4580129839591034,-0.44173868594236587
6892,-0.042116838335609336,-0.32709996348534875
6893,-0.26991202599837083,-0.4874848210852203
6894,0.626534653910012,-0.3756407246600893
6895,-0.4032217707093734,-0.4702265703316568
6896,-0.09251513324461827,-0.46550327198067476
6897,0.15210747635163474,-0.5042618493813845
6898,0.8227299413168278,-0.4729944451448169
6899,0.09859544507478524,-0.4932159761540119
6900,-0.3238053878007624,-0.25247433246588147
6901,0.19910353189881558,-0.3714031118434654
6902,-0.5812094387464964,-0.44636466651749473
6903,0.12854484811833528,-0.5564522635929368
6904,-0.01964198055356578,-0.4354191113580538
6905,0.007546315047343655,-0.5072095851965664
6906,-0.29394489303065807,-0.47727921906695814
6907,0.5474778666973168,-0.4326836881873829
6908,-0.5869496347043692,-0.571616715976138
6909,0.1331619094061927,-0.6077632467358022
6910,0.6028945289515004,-0.4251762329130603
6911,-0.16238588017086422,-0.40747356284300684
6912,-0.07745765789473807,-0.423263804751549
6913,0.42246011590343635,-0.3438883877718155
6914,0.20500317649931687,-0.3326392723685395
6915,0.059679029043841036,-0.46896206078239033
6916,0.1556404666602425,-0.4189991523361437
6917,-0.12505474205313188,-0.39477949665160483
6918,0.2873093393976831,-0.20758587387566127
6919,-0.38038499196175957,-0.46753220743235757
6920,0.17182163714272258,-0.3746113074821209
6921,-0.36386359924496875,-0.5087408863969198
6922,-0.14854445909310454,-0.3943989882793747
6923,-0.03537087848613216,-0.44058349427365584
6924,-0.6871300583764997,-0.16000638618697494
6925,-0.46271040213619546,-0.19684034484475474
6926,0.32609547599138644,0.11496333532040104
6927,-0.09342587929574189,-0.49655918576511415
6928,-0.06626176829658206,-0.41178059397565914
6929,0.3950380651157994,-0.3648279622514943
6930,-0.4067818324799447,-0.40587846648675296
6931,-0.30014580392673446,-0.423423241657365
6932,-0.3043973364576723,-0.3388477506098079
6933,0.3426707873976972,-0.39983832029502053
6934,0.2870501211822705,-0.11711014416487833
6935,-0.501491010744834,-0.20753156043334908
6936,2.4561478509323313,1.532457182209196
6937,-0.7323584532672383,0.036179127981723486
6938,-0.27689641331387227,-0.314511862361528
6939,0.6136803760357938,-0.07851193358696397
6940,-0.7034126975532753,0.39015921922807895
6941,-0.2557355407124462,-0.32556508486019003
6942,1.099973849913813,-0.13799605656986014
6943,1.1865960816625938,0.33666466019023344
6944,-0.2875930777746764,0.350208784878158
6945,-0.34515038198346454,-0.30315931421229014
6946,-0.844761803882816,-0.02109545306401403
6947,0.39570099408672166,-0.34922012132715563
6948,0.2403722971750059,-0.13003742890472617
6949,0.1385478010988132,-0.46014141094801353
6950,-0.824415596988335,-0.13783900940077407
6951,0.6806503413331114,-0.2812364863160115
6952,-0.49976209675281563,-0.3345798454622446
6953,-0.19885640503450092,-0.29957599358745746
6954,-0.1909778389401856,-0.19181349432618067
6955,0.4882903333142842,-0.49684244508550124
6956,-1.6823196247461345,0.03402010725696278
6957,-1.2151105539904812,0.07679132116722626
6958,-0.7552194726006273,0.39428560256355805
6959,0.04061369123778916,-0.09604373894240464
6960,0.6148765740128744,-0.31105782117779596
6961,-0.5281411835618255,-0.34561475242245326
6962,-0.13228229141043363,-0.23743975328975314
6963,0.12941585413992057,-0.39736880747415737
6964,-0.3492756189208106,-0.37932069287069325
6965,-0.14201693947766544,-0.4656342874422067
6966,0.19502003140822444,-0.4599364368221701
6967,0.4509360547847381,-0.3733510008965438
6968,0.19021793748805177,-0.45166855967822306
6969,-0.2964673872561232,-0.4104496842774914
6970,1.2218312100214215,-0.391626901587696
6971,-1.3075568986560149,-0.3804624105294593
6972,-1.2479166362169,0.15609266319792572
6973,-1.1285555236428615,-0.08799946668553378
6974,0.7445672901229321,0.3792755401182343
6975,-1.5731000695064594,0.16646193159952846
6976,0.09213282783664384,-0.3237798000103444
6977,0.3723615850073795,-0.36126262186131597
6978,0.3577947543661245,-0.39919587672011114
6979,0.5243110932512984,-0.4460576449335515
6980,0.2488593550605856,-0.3818960454458693
6981,0.00902352293385883,-0.5815574671118403
6982,-0.1532537147790079,-0.32278999974693423
6983,-0.4027440408323866,-0.4026711121376456
6984,0.5464073587578229,-0.26815819908206806
6985,0.07430706953742072,-0.46988254048528155
6986,-0.5156515593323412,-0.42259453630817234
6987,-0.3480379718364648,-0.44350787752663123
6988,0.13377903890973086,-0.3609757355217892
6989,0.2701988552849409,-0.43433588912561616
6990,0.19057542268691458,-0.45870433297097735
6991,-0.34161806134873174,-0.43749629053278827
6992,-0.4239688217036587,-0.4838114298219641
6993,-0.03249341025557789,-0.31886845990065626
6994,-0.179409476282085,-0.3775023084492076
6995,-1.3028841244443066,0.309222251033481
6996,0.9919680124660432,-0.09460467379169818
6997,-0.7379616390585394,-0.2749846349830912
6998,-0.36240654879947676,-0.4266384076435177
6999,0.043833620589096456,-0.11103656677889182
7000,-0.4986248458206253,-0.2071004684134215
7001,0.7462543621090252,-0.28887747336878355
7002,-0.30136750335632356,-0.5175405927948257
7003,0.8104710381503514,-0.3067330940898624
7004,-0.6543852151058542,-0.40932724202214255
7005,0.4392778932620972,-0.504388736278059
7006,-0.2823130912248117,-0.4606421182038639
7007,0.14311178650185308,-0.4550045959846952
7008,0.5685995255088033,-0.35955029037395725
7009,-0.35249579193723646,-0.49606456932255594
7010,-0.06937644745368055,-0.5367173685907037
7011,-0.6989320221015114,-0.3664994708868966
7012,-0.29651421887640145,0.0798633275758707
7013,-0.060496925117166395,-0.39874028089891234
7014,0.3552771835762878,-0.21468982994753677
7015,-0.08234852113626673,-0.48587067582536825
7016,0.06953648889784853,-0.6152441796319735
7017,0.1549780083529569,-0.4552387690207341
7018,-0.24944743523666163,-0.45952394873042357
7019,0.008416206359062706,-0.47283558915357593
7020,0.3051719402994386,-0.45427593311492875
7021,-0.22732592283369107,-0.4640582813301095
7022,-0.6887928562828504,-0.40713000872944405
7023,-0.2705217638722262,-0.2454807362316524
7024,-0.08521249823917691,-0.4582477335404326
7025,0.22776503686279764,-0.40735069576699423
7026,-0.31479965570307994,-0.5177620568190522
7027,-1.2584293800509117,-0.047362526821432605
7028,0.33751920242470757,-0.24651970925700023
7029,-0.5754903923917186,-0.3655097756215277
7030,-0.16781209671209418,-0.2949114556810002
7031,0.6298723302360457,-0.3185762000848884
7032,1.3797381295818947,-0.00731976074923385
7033,-0.924733535949079,-0.191238872163552
7034,0.3097909940752769,-0.2441336728905304
7035,-0.6063695683647008,-0.24459259624713006
7036,1.0406511665788236,-0.06824461673833629
7037,-0.16204041391142618,-0.3856206307203811
7038,1.1555462210982679,-0.16512325555956311
7039,-0.2107570464135332,-0.37146422977556004
7040,0.2848890481361272,-0.3252836821538734
7041,0.005940861898010991,-0.4392627782804026
7042,-0.16541945212865522,-0.3806224643443813
7043,-1.5938980484236018,-0.09257720271098449
7044,0.41350990119214526,-0.34382580105617244
7045,-1.7429149419737269,0.18867891834901798
7046,1.072671848888647,-0.06607094419147776
7047,1.4779720117787383,-0.10119163141010304
7048,-0.19264920124134652,-0.3555865117676307
7049,0.19796286943935243,-0.5333798863863237
7050,0.47984899791546587,-0.3972791435929448
7051,0.6981655131237738,-0.2846148916382585
7052,0.5675252347225096,-0.27761787484431677
7053,-0.18426886970849832,-0.3856698935310683
7054,-1.1261898162160642,-0.30946121653559866
7055,-1.221160700596759,-0.1964139943453003
7056,-0.7415761697146266,-0.4532188820787445
7057,0.26629425360453646,-0.2227992715629728
7058,0.2664149062742469,-0.3528732787645298
7059,-0.005155153520272682,-0.6218160062712191
7060,-1.1631016503912526,-0.39411697222031317
7061,-2.738535708796984,1.3198306046111126
7062,-0.5187485773444533,0.059559366222825844
7063,0.9611592144909157,-0.046639961846894534
7064,-3.284301741886173,1.4937766672436188
7065,-0.38542766101251935,1.6197073297175208
7066,0.13331806037291866,0.27152367789721765
7067,1.387995746682809,-0.09548309972871011
7068,-0.8382728079017941,-0.22130114472725435
7069,-1.0815359349650544,-0.40741737094822195
7070,0.8827675223074188,-0.30334839876988307
7071,-0.8905391344057733,-0.31052450152267175
7072,-0.29505037866525863,-0.3564191724825011
7073,0.40450364084469936,-0.4139902794127793
7074,-0.12957731977398315,-0.2190555565477708
7075,1.2293505926357438,-0.24539050805995496
7076,0.025854541707755724,-0.5108723547676075
7077,-1.1321506788794387,-0.2582478869983015
7078,-6.420454537224671,6.499858914630962
7079,-2.1044812714707146,2.255047060035225
7080,0.30734209559799475,3.864947670119149
7081,0.10800329517469276,1.2913236317951795
7082,-4.8686270578140665,4.431181207878517
7083,1.2566688718845107,1.7781959456167655
7084,0.8457287989038901,1.918414913197402
7085,0.32742165790814026,0.3174936390715364
7086,-0.928809537625131,0.3978152978213917
7087,0.34960971352749615,0.4361332717022699
7088,-2.5686793002252335,1.1166651110442158
7089,1.7804367851442149,0.4678083857046508
7090,1.348613193958252,0.44890195431068014
7091,0.6836560934152879,0.1973291693821673
7092,0.4151508121712798,0.06944850047633619
7093,0.9825090469566612,0.654773796860038
7094,-1.6808111347449,0.06766156047546584
7095,0.5729083383025508,-0.08826685399838392
7096,1.1728697709635791,-0.07758841226559478
7097,-0.3248099257082207,-0.4248311579648292
7098,-0.35296231248115884,-0.26916547855258055
7099,0.04244065399399646,-0.30957117861973593
7100,-0.22138903306493268,-0.3912345252616878
7101,-0.2833293281997876,-0.15926000858817918
7102,-0.016297873820068587,-0.4357460554006317
7103,-1.170569715816102,-0.09486566411141908
7104,1.0195267327282234,-0.3875933816989583
7105,2.618253665597329,0.5737338074261974
7106,-0.7909913278175121,-0.13060978336157827
7107,1.0257938510049156,0.20138284012261057
7108,0.09555117397976454,0.03389672690594958
7109,0.3559856095286267,0.07773194756126081
7110,2.1919928223597207,0.925173366540644
7111,-0.740408634920476,0.18971832446834777
7112,-0.9914722487029114,-0.08409123513819042
7113,-0.32404166911197363,-0.17433604712184836
7114,-0.10050854221148685,-0.029260415003981008
7115,-0.19748398600710176,-0.13383587417056036
7116,-0.28220929206424694,-0.3014184553330609
7117,0.5124809975539962,-0.251988301319372
7118,-0.26971593104563324,0.04130215370633822
7119,-0.36129711966826783,-0.3195175759899983
7120,0.6818240197364803,-0.06183431868924949
7121,0.7165863685792694,-0.1544949402291313
7122,-0.20999351815332226,-0.055192294716882986
7123,-0.6193084463252191,-0.34567065265586794
7124,0.7149358998927454,-0.359361835717004
7125,0.6092732328337392,-0.30217780098129166
7126,0.2175741121104453,-0.1936230824995309
7127,-0.34382993685253566,-0.20936460221944622
7128,-0.8869177394401057,-0.2557613095283755
7129,-0.22243033295462603,-0.41146145462083816
7130,-0.09780818708096227,-0.31184701065153
7131,0.11841323099073608,-0.2958003166936684
7132,1.4226077229936318,0.0369388838960599
7133,-1.5710894846743524,0.07837811826023633
7134,-0.7990668103042787,0.5072502987204247
7135,-1.1056137823209755,0.3287579512037405
7136,1.6439287904902833,0.020710806604386733
7137,0.6774516972643104,-0.21414256362758882
7138,1.3246493576668956,-0.07983130595198284
7139,0.5487152991274201,0.2333619334596759
7140,0.21334000973904932,-0.0933246186183874
7141,-0.7433764436401858,-0.21424283056910412
7142,1.581343018718246,0.01726700297887232
7143,-0.590472449953277,0.04512268589239418
7144,-0.797514770905618,-0.12539683249436837
7145,0.7979405422004164,-0.009905768681153698
7146,-1.2872683271427316,-0.09894957988497632
7147,-0.8145526058946372,-0.07579744917150927
7148,0.20550578331866098,-0.4356866912302392
7149,0.837078140826717,-0.3196859926423252
7150,-1.5603491810557615,-0.06743603550858907
7151,-0.4482259231529675,-0.19484517493842465
7152,-0.7516287259958244,-0.1983770821426342
7153,1.0502654130310152,-0.17051974447721255
7154,0.4063244965755476,-0.4358652503529543
7155,-0.7221900483986052,-0.2632436934305816
7156,0.04574527719573376,-0.38625835296083
7157,0.30403317099587457,-0.25003165723819165
7158,0.8530583378946851,-0.37759233150703697
7159,0.10280341310304736,-0.4674757736643791
7160,1.2280268470578837,-0.21460891589442785
7161,-0.3525648298782301,-0.27200043771958093
7162,-0.314708137549301,-0.42287045543164636
7163,0.5815485860403838,-0.3203712412945982
7164,0.21069493801315525,-0.5098432414037521
7165,-0.11283812310121993,-0.4304489608429716
7166,0.32492978536307826,-0.4930538314608739
7167,-0.31976549322350056,-0.543529026972559
7168,0.0008882542261162141,-0.5656976727086469
7169,0.5131166675659438,-0.4217235992722189
7170,0.025837453409171846,-0.3657937601029101
7171,0.45605881435546425,-0.5591558439081359
7172,0.48402293292525467,-0.45213244248424433
7173,0.12329993459085498,-0.4284361888377136
7174,-0.6259236928655194,-0.4054946310215254
7175,-0.35257908947664973,-0.07228032112817459
7176,0.3831058572135979,-0.13143680471823727
7177,-0.4399118427494141,-0.35916912789169814
7178,-1.0320871236049105,-0.1896282805460235
7179,0.1306406535865985,-0.3094130312292473
7180,0.1068445974156978,-0.39559024184619784
7181,-0.4113696878893756,-0.5804543680553922
7182,0.1635649312644052,-0.5097612085696173
7183,-0.1765534228403991,-0.4958630226391699
7184,-0.29919119661608035,-0.3973257963924899
7185,0.2900435406316987,-0.5487932394505332
7186,-0.03448703815868659,-0.45578841392184544
7187,0.41241849090710536,-0.44229768571888173
7188,-0.006234080570460904,-0.5573909331205389
7189,-0.2513387063768827,-0.45325784478373987
7190,0.13328296922524513,-0.7266349732420917
7191,0.23900686235752333,-0.5086370504796128
7192,0.17956669800014818,-0.4630452271070048
7193,-0.06753762670636151,-0.5235292709414632
7194,-0.38042753134511326,-0.5469347659208783
7195,0.060993747725214986,-0.5075492451579849
7196,0.27346297892079097,-0.6225775132730648
7197,-0.07701383504212973,-0.5651928616675258
7198,-0.31501759868109175,-0.39864863058559374
7199,-0.3917626764024994,-0.23325333778823612
7200,0.20532191033211217,-0.4835519268871078
7201,-0.26139688937482997,-0.5358797535285794
7202,-0.579999620572351,-0.39033539387376925
7203,0.2784934903445222,-0.34367516629809364
7204,0.7161181910826526,-0.44942377574742964
7205,-0.2307574354487445,-0.5389436270828925
7206,-0.7528959586776849,-0.5589808633172934
7207,0.49619136096550653,-0.43706562705136476
7208,0.2457646502366546,-0.5613333585858438
7209,0.04811238498990239,-0.6331493100248287
7210,-0.3601372333114796,-0.36328691942303937
7211,-0.17567292421745087,-0.5320776641520591
7212,-0.05678764297952149,-0.6270284867004567
7213,-0.3798341310309402,-0.44445704623549276
7214,0.388754153503597,-0.5824774037222822
7215,0.13796211372320255,-0.5087548923023091
7216,0.13269313575362146,-0.5623870662923022
7217,-0.05210348000441539,-0.7306013457626911
7218,0.02533743074785716,-0.5772169368417478
7219,0.1794985214948902,-0.5007570783865574
7220,-0.21501183367560817,-0.5998205016194188
7221,0.3925459142393116,-0.596769195016663
7222,-0.5410027814685606,-0.49350431416882123
7223,-0.2500954424092953,-0.5983699250333764
7224,-0.15332597223464156,-0.41313016535242897
7225,0.8942265848463319,-0.4443964399274749
7226,0.11209058927975513,-0.41513006195343893
7227,-0.29282431006343235,-0.5011792109761879
7228,-0.12485609904994724,-0.4693333728399115
7229,0.2805276070531624,-0.45620729904070934
7230,0.09522234068108237,-0.5294902803348872
7231,-0.06161988853074954,-0.5248056956620846
7232,-0.49695915159944687,-0.6118893855856238
7233,0.02734345033872776,-0.4663489916070658
7234,-0.1081952286360626,-0.6072565338038709
7235,-0.2714162061676495,-0.4565074560004292
7236,-0.7202306571816556,-0.12803643666514467
7237,0.5809478465875847,-0.23910848727803072
7238,-0.22776478830578173,-0.4158522146002076
7239,-0.6184187384349904,-0.41605166190290876
7240,-0.4970789619863369,-0.33320603445387653
7241,-0.592901625206378,0.1583124162796691
7242,0.8005243551668034,-0.38414628692256814
7243,0.6160645038833797,-0.38145290688755207
7244,-0.6875380156683294,-0.345668116019306
7245,0.4408035627260075,-0.5247506304731023
7246,0.7894853783259442,-0.3532427722926972
7247,-1.859967054125426,-0.34024409507566705
7248,-0.5794778044591828,-0.44919721318643513
7249,1.451149721296535,-0.3073589976482483
7250,0.25787280159170395,-0.5139497426443715
7251,-0.0816155395096843,-0.5665332227126376
7252,0.12314220210537952,-0.5690791092546991
7253,-1.2509715302719289,-0.4611236461257463
7254,-1.276829586985854,-0.31364440917490777
7255,1.0148830756575498,-0.25600085028981856
7256,0.6728849192238061,-0.4008820260091993
7257,0.04857576880930564,-0.6139606876275155
7258,0.3533920394416922,-0.4166698428132285
7259,0.8207484307389722,-0.3338484154777511
7260,0.12738281268832613,-0.5349720766272553
7261,0.4871828246761094,-0.44322525203708074
7262,0.2965460514597385,-0.5005082118213556
7263,-0.004525010890266967,-0.5239713318603937
7264,-0.7092460723206515,-0.5033537569075419
7265,0.4761204229258891,-0.5067544721964496
7266,0.16256854333215892,-0.5479353249975725
7267,-0.09485724184763422,-0.5809108739556912
7268,0.40127061017553267,-0.5732550607582277
7269,-0.3308324811174015,-0.5094302123310067
7270,0.04570029326680236,-0.4845032242966725
7271,0.020004273352268204,-0.46595859552138397
7272,0.14687874001943446,-0.5956003422055146
7273,0.47565772886529734,-0.41986773495785734
7274,-0.15199670583830954,-0.5398703731349449
7275,-0.5517040653035221,-0.40881664463923495
7276,0.0672120544232242,-0.5381936515076767
7277,-0.11531669089616131,-0.6198700894969283
7278,0.8027945240708859,-0.4100187213795917
7279,0.11807080643777107,-0.6341709933005212
7280,-0.2261569692454793,-0.6375315798719745
7281,-0.19912072356710625,-0.5636886088054189
7282,0.21388876845527122,-0.5864230620086104
7283,0.11831611987045998,-0.5739376159956614
7284,0.04486618872297182,-0.6048909236076307
7285,-0.20110793662940996,-0.596947942685759
7286,0.27123236248793814,-0.6784435045643439
7287,0.05200986820771447,-0.5729919960536461
7288,0.1609159163873486,-0.4943266052603309
7289,0.15936267592284542,-0.4978238588255537
7290,-0.3162339544714137,-0.6236176948450446
7291,0.3298667402206832,-0.5784649236691499
7292,0.5406813650954085,-0.49143009855447584
7293,0.5058607940975375,-0.2720384417220394
7294,-0.8339950973230571,-0.40865968435776134
7295,-0.6065519278566526,-0.4265145106437146
7296,0.01755816564087115,-0.3806069037782377
7297,-0.3169469013826487,-0.5992981249547358
7298,-0.09440244279955243,-0.4161694545699086
7299,-0.39058843538118826,-0.5192335725059879
7300,0.04273691022214335,-0.5488315139049249
7301,0.17775569132943536,-0.5639872311273227
7302,-0.6218813411295028,-0.6184579423709002
7303,0.027702251428548264,-0.5842751655739248
7304,0.013174270068457644,-0.5787867019854086
7305,-0.013805102057477925,-0.5779305006398019
7306,-0.7140045701272589,-0.4945484261576397
7307,-0.07168507994763482,-0.4212052851753626
7308,0.10022894396215976,-0.48037162299112557
7309,-0.32428042757701026,-0.5522274204151519
7310,1.0782913878326648,-0.3699897217505972
7311,-0.40993791682737074,-0.520212121263213
7312,0.4559894089100339,-0.5280682041569831
7313,0.13552334379104303,-0.5087106861381414
7314,-0.021917538210374232,-0.6130565870280396
7315,-0.4679058580212141,-0.5607675559706029
7316,-0.0248486104490111,-0.5366277120325594
7317,0.29259074480754055,-0.5224377347000643
7318,0.4090276057628002,-0.568302103126213
7319,-0.33850321307675757,-0.5431541091014523
7320,0.2387264811961191,-0.5590668342190486
7321,0.8301576796752225,-0.4127030067295956
7322,0.20466667195065003,-0.31356280178224605
7323,0.1604056961180821,-0.5322711357682924
7324,0.09355551345460833,-0.4651839145438812
7325,0.13615641837125436,-0.3504495480191149
7326,-0.6720658617150987,-0.24988964490676469
7327,-0.31304534793012,-0.41679352220618293
7328,0.4591382142445458,-0.48781220147516113
7329,0.6554396695946214,-0.3426238738139171
7330,-0.46032781767151876,-0.3285837083444135
7331,0.17928703682447777,-0.48669419925541835
7332,-0.2882517674389837,-0.551309804247363
7333,-0.3601098511356331,-0.631379075150298
7334,-0.11264949822738368,-0.4688806252141553
7335,-0.14829603337071093,-0.4928764385234087
7336,0.3960927247344971,-0.5293134572098693
7337,-6.933254952434798e-05,-0.491446795809494
7338,-0.4784776351828398,-0.37112132732201863
7339,0.3688706962883648,-0.4516244932529764
7340,0.6652289543226155,-0.5081679006955812
7341,-0.06383269117601992,-0.47244122259880506
7342,-0.4254915375676324,-0.5265460292284867
7343,-0.11664269059663207,-0.4532756562513407
7344,0.062063162599565735,-0.5285147210407583
7345,0.1408941166202301,-0.5119687439689402
7346,0.2675689964903535,-0.42119181419487695
7347,-0.23970240578202806,-0.5560557644170936
7348,-1.2102586717268333,-0.31187298161746146
7349,0.4944605626177029,-0.5322309698671986
7350,-0.8074823312916926,-0.4721918990500654
7351,-0.7387116306886922,-0.5247008474878463
7352,-1.0418846606105876,-0.36267654798614213
7353,0.4487664177562499,-0.3903285396592542
7354,-0.5406112195647462,-0.2812148573112255
7355,1.1190367483370816,-0.25114652358424583
7356,-0.3198881972254205,-0.5039233483799164
7357,0.7200937468116404,-0.4486721001770866
7358,1.270990880618152,-0.22158898074909994
7359,0.22149499821049734,-0.288435556951715
7360,0.08786037374380284,-0.4564928662978487
7361,0.13274158989946366,-0.4962238150995283
7362,-0.10570516453709791,-0.5002782421070286
7363,0.41352361837480167,-0.38720909466200215
7364,0.6378850881654863,-0.4651071814988593
7365,-0.16239859788836075,-0.5070017875575084
7366,-0.2690610908874396,-0.4510003784617391
7367,-0.08351189930436381,-0.36396154941849607
7368,0.15520924352710247,-0.5995813067719111
7369,-0.19947346265590726,-0.4249699121308589
7370,-1.0676429467321356,-0.31006060571811755
7371,0.061076570164467325,-0.5171720229821251
7372,1.3743210889321,-0.2727613572858233
7373,0.8202344394376392,-0.3503395887557878
7374,0.9050659685272545,-0.04125033225049804
7375,-0.4806960262897305,-0.27850937236937306
7376,0.103887617936401,-0.45187435949565824
7377,-0.11827734548378532,-0.4756470822256277
7378,0.21443616381407504,-0.4551886277394005
7379,0.21312085823785953,-0.4486005794024923
7380,-0.2100851688834297,-0.5487419190878062
7381,-0.18799414572221423,-0.54394093306981
7382,0.535112211266819,-0.4293498820945474
7383,0.45339680379448577,-0.012352651602507925
7384,0.1533132310218096,-0.4782689943588557
7385,-0.02204094895247799,-0.35926908909981364
7386,-0.18745511128312486,-0.3338734709422023
7387,1.1842812071066708,-0.1463941861588942
7388,-0.20833652009691223,-0.06835873676820267
7389,0.04649757083086911,-0.38410624039312413
7390,0.05257181878039746,-0.5072037467893248
7391,-0.0006188929924739184,-0.5323614954271337
7392,0.108911793512805,-0.3195262559586376
7393,-0.29040498523089964,-0.40308609900014436
7394,0.69424255605132,-0.3278770282670796
7395,0.22713858652350755,-0.38075362970813975
7396,0.6176515057571687,-0.013216845611478761
7397,-0.05761401344976347,-0.31604265079791133
7398,-0.11140277516599263,-0.41051437176593464
7399,-0.5543661444464533,-0.4028629648079256
7400,0.511773273944087,-0.3766128433456482
7401,0.12152033074322965,-0.4262274191947246
7402,-0.408326076027153,-0.3178432207203372
7403,-0.007528344751391386,-0.47804234534055856
7404,0.04757909602699595,-0.45865079172519707
7405,-0.15448938839718485,-0.386699297937964
7406,0.5803062347699711,-0.34591213194702236
7407,-0.1975635319080894,-0.5175182068136279
7408,-0.5243925950155149,-0.5551710934757891
7409,-0.22738348726276333,-0.36056471073901825
7410,-0.31117403291761225,-0.3292498551412663
7411,-0.4799551581664205,-0.21097811294854468
7412,1.1367464676020114,-0.05688660843623944
7413,0.018876084083830513,-0.3598653342256486
7414,-0.39990953297122195,-0.49935580280138847
7415,-0.4069168800927124,-0.29658738746463037
7416,0.2764960034443404,-0.35869948450503036
7417,-0.09605525816466023,-0.5263560250146193
7418,-0.06286524866915569,-0.3955221409090012
7419,-0.03189725009690211,-0.3949609741815382
7420,0.5607044964511604,-0.23139479431107327
7421,1.166716250526735,-0.046545513717828585
7422,-0.3971485483885369,0.004453738145696912
7423,0.903257643013251,-0.15234323204841752
7424,0.4573311624092268,0.4374271891287068
7425,-0.4868630507351018,-0.20907258640738388
7426,0.3222173740490779,-0.2598392325330252
7427,-0.3948484851011088,-0.20404880612903878
7428,0.23400311400372853,-0.32615476716707037
7429,-0.5439943797078078,-0.22877894245404323
7430,0.8739887968160364,-0.14856746197269297
7431,-0.2630716357272328,-0.045768445409563124
7432,0.10383483733406995,-0.32529967530294845
7433,0.07110346412920315,-0.3371323215072807
7434,-0.10292138291411304,-0.4296897691553334
7435,0.27157172758026954,-0.48061046049438383
7436,-0.03670119719707257,-0.3840545528686067
7437,-0.4021980517262911,-0.38023455993978783
7438,0.4844874932893056,-0.32670929980739627
7439,0.47905621920909525,-0.4111492275741182
7440,-0.21542518835035257,-0.4684861002747953
7441,0.4359950939893257,-0.3105652505395564
7442,0.5426487474465965,-0.05785003302838407
7443,0.4828080353548281,-0.08673765180154815
7444,-0.7651009364966516,-0.344286686165448
7445,0.2929596257567393,-0.37914191107064454
7446,-0.4333542552657142,-0.15650697325355722
7447,0.026857385266295747,-0.33011634199133766
7448,0.3856855211354836,-0.4246752100891594
7449,-0.033316314345010783,-0.28200112216723894
7450,-0.5926353145433904,-0.4815491634747825
7451,0.2513104216289299,-0.5620978950694644
7452,-0.5197913317657966,-0.3345525298685344
7453,0.05901364812958704,-0.5008433453283104
7454,0.556838850972939,-0.24470275896957794
7455,-0.20161903556065905,-0.612195370339741
7456,-4.9656714712869965,1.622143022631443
7457,0.5908902230504631,1.1554872207421947
7458,0.7418345857096409,-0.186691423453818
7459,-0.7609508348485482,-0.12454545334958825
7460,-1.3575340268304532,0.015854096177456395
7461,-1.9948858011854758,1.055764960753719
7462,-2.8138250334330617,1.8995675596024073
7463,2.715671562383918,0.5804625358478636
7464,-0.8101500669127762,0.10187298853611967
7465,2.448501983624686,0.387888107151135
7466,-0.5630580463872097,-0.32195467777910924
7467,-0.21091999088243116,-0.5957295675788916
7468,0.24831224083097292,-0.31380982402326263
7469,0.24011680476352487,-0.43984525849792977
7470,-0.18612625110954015,-0.4798121162147919
7471,-1.1344849905874796,-0.07729649007038622
7472,0.6330282717264918,-0.29179743036027794
7473,1.807173491277517,-0.25709277715410084
7474,0.3142906501361631,-0.32080681793523885
7475,-0.6771420473221418,-0.4243589630903236
7476,0.2572048056431898,-0.501972088540066
7477,0.22050318055018314,-0.457850993988275
7478,-0.016544137045703677,-0.41346804196248443
7479,-0.4538842576416029,-0.4538248259559867
7480,-0.5616715036734256,-0.47285262116153326
7481,0.15067637556272,-0.4698117271017439
7482,0.0001376271277256369,-0.566762382408375
7483,-0.03219330282300109,-0.42564905486958826
7484,-0.041221775167137265,-0.5611345521862571
7485,-0.20010049850992503,-0.4250307531350541
7486,0.49271050997503685,-0.45076487066415605
7487,-0.5675797049720039,-0.28572723923283305
7488,-0.591645754320375,-0.5713390309811495
7489,0.024980870902965413,-0.46394147549406983
7490,-0.14510372249878062,-0.4301364707952503
7491,-0.7359609954685798,-0.3308197784716509
7492,0.5014197221290347,-0.39888736669662594
7493,0.3205679570331511,-0.3919310113363417
7494,0.04811581407700663,-0.48357460796362395
7495,-0.24363235090131913,-0.5435205426704037
7496,-1.1222117342011706,-0.20985910219729753
7497,0.023194590869205306,-0.45695452804391445
7498,-0.042806588812138946,-0.20507808197691896
7499,-0.1520635947159707,-0.4372381566656265
7500,-0.41540474496325264,-0.3665382320920282
7501,-0.07926173624522848,-0.3586878077604708
7502,-0.399751459904361,-0.4650042386893155
7503,0.1851449437488631,-0.39337164442128414
7504,-1.0002905044688377,-0.08721333187730601
7505,0.9010000344379304,-0.18233442360654487
7506,-0.9532952534575994,-0.2716324032802256
7507,-0.4720435079981382,-0.33217605299082426
7508,-0.11843905204803401,-0.42613502841740003
7509,0.4178649377781911,-0.41695925042366666
7510,0.6191064030307107,-0.28279217893647357
7511,-0.417516580864024,-0.45311919455270655
7512,0.3652210701596701,-0.35679413017143713
7513,-1.0335423107180008,-0.33593915014093484
7514,0.2701353697397305,-0.48911322170010074
7515,0.661745809402127,-0.12336308946225757
7516,-1.1566815294320185,0.048734457710774864
7517,0.09275510435424822,-0.2926333048503216
7518,1.2306399753624087,-0.08402026561147963
7519,-0.9190405861812284,-0.3651008314302212
7520,-0.8438548556374613,-0.17096370508631428
7521,-0.9327497208097015,0.00387571306168058
7522,-0.9062923984348119,0.9813391893325808
7523,-2.121423112676752,1.3615964578573017
7524,0.6530336228890712,0.5139726732659844
7525,-0.4363609117182914,0.06332419219648716
7526,0.06899535542014051,0.032980661796714966
7527,-0.6467792782622895,0.18899937768527833
7528,-0.35964749928178846,-0.04846710760597919
7529,-2.284312952534177,1.2827123166998098
7530,0.06732933268514729,0.5204040398422453
7531,1.751319673311662,0.12531264028447128
7532,-0.1538635177795648,0.04307096892484688
7533,-0.4401644370373411,-0.21106523235073
7534,0.5209088019886603,-0.24063864231612764
7535,-0.833080977396048,-0.26303810703603814
7536,1.2940510664386253,-0.1912147888742802
7537,1.5925272130965138,-0.06485390820061543
7538,1.2279455142200413,-0.03051688199214156
7539,1.1935963021171476,0.07260094160821265
7540,-0.4126226187700717,-0.27778615973118503
7541,-0.6613311958657617,-0.06148477196207089
7542,-0.2462232421969453,-0.2608081879156072
7543,-0.0027645779112976387,-0.32671302671887986
7544,-0.09301495164733516,-0.5175665059159942
7545,-0.7299710581347321,-0.3615875897951273
7546,-0.36196246236926805,-0.5083054547783799
7547,0.4394503598501762,-0.3619519340899659
7548,0.5274051423741908,-0.2757104454847008
7549,-0.7434377562690936,-0.46431862588225536
7550,0.30437129824271214,-0.4571824199696076
7551,-0.3830404178386364,-0.42796144211669396
7552,-0.30414229569644147,-0.483822593115924
7553,-0.987260601914207,-0.2441526809819817
7554,0.909721779226592,-0.4243376379326914
7555,0.7144339005647149,-0.4413985962798367
7556,0.45280965976911547,-0.41039257717062994
7557,-0.723095117923534,-0.5096058522315623
7558,0.4421691786277998,-0.3782952482444024
7559,-0.7364612365623038,-0.43465161429481725
7560,1.2813843270514305,-0.2721269943135942
7561,0.2949745266209214,-0.4471261859118054
7562,0.46481755908260025,-0.46612356745624217
7563,-0.5364336884445431,-0.33515572816096684
7564,0.050690725311720974,-0.5150990653987514
7565,-0.47562975205012936,-0.458578550237138
7566,0.03963504618345534,-0.4571635010979195
7567,0.7551208943911903,-0.22265730974679793
7568,-0.6370198927699823,-0.531909656941033
7569,-0.19495103149375165,-0.48804255973029553
7570,0.4600696550335456,-0.5329782431319178
7571,0.1637190601676357,-0.5636288330295974
7572,0.7232518453780356,-0.2503951668735521
7573,-0.23078618135857534,-0.5716992360694612
7574,0.3987322832202992,-0.5327052817593817
7575,-0.22021870911922348,-0.4747370243188366
7576,0.6537117876234481,-0.4698549767150534
7577,0.16411446526811818,-0.47723983827388494
7578,-0.11502701546036845,-0.5293751823859935
7579,0.18183359239295965,-0.4485362281522761
7580,-0.0031705038247775152,-0.4325202395062332
7581,-0.38519265780767187,-0.5414945605795886
7582,-0.10584319542692965,-0.3992911006742964
7583,-0.317819762228465,-0.513337651526338
7584,-0.6679699223272949,-0.5096737400517019
7585,-0.2542631561726647,-0.4237025141357206
7586,-0.4043048007302905,-0.4602418472919554
7587,0.2705913432939927,-0.39250766102838797
7588,0.2387486283051039,-0.4837937969079733
7589,0.24023973024912137,-0.3363074333614261
7590,0.5997015957709696,-0.48055394850899946
7591,-0.7012115320564871,-0.5206260235153509
7592,-0.9280556740155091,-0.4545990239542861
7593,0.43967252952547664,-0.4817702305009338
7594,0.18414821973317097,-0.48286443650130795
7595,-0.2510483254623426,-0.526934550669479
7596,-0.6979599842565439,-0.45573453617836757
7597,-0.19238070944242808,-0.4388844917936129
7598,-0.27135094831429013,-0.2868338234930626
7599,-0.7726406654627092,-0.2304992741244994
7600,-0.4084035891630649,-0.2075002604550395
7601,-0.9391550724997405,0.13607634027027973
7602,1.1267281383901575,-0.05645049790240861
7603,-0.047628510737601326,-0.4332674616215453
7604,0.625201291397654,-0.373077579384107
7605,0.43340497969142044,-0.21307595358086062
7606,-0.17214164919662803,-0.3365231244898128
7607,-0.6186783926715865,-0.2786802349491604
7608,-0.7879919788721822,-0.37889157931911843
7609,-0.04628570643793148,-0.3894240261728634
7610,-1.3203817321283422,0.09588206191412738
7611,-1.658222431385223,1.1188725173009968
7612,1.6977309809237755,0.5916946006485572
7613,0.763179756644903,0.07831271301297502
7614,2.4380085700759184,0.9810407191927896
7615,0.2540518705522517,0.2623629804626857
7616,-0.11190775051616667,-0.14600799669479916
7617,-1.9370488296545303,0.21929153514655056
7618,-0.5403947857124038,0.004485665377826603
7619,0.8630307582315829,0.14007881648292433
7620,0.23795359935381677,-0.1678680005821266
7621,-0.14293324417102748,-0.25071848603193103
7622,-0.6418301061196856,-0.12186718528697107
7623,-0.8329378591990446,-0.2155840299126048
7624,0.5065500668467537,-0.24119442835258906
7625,-0.31232769193726184,-0.365534016612509
7626,-0.5496183259660641,-0.05240368071566402
7627,-0.17961636185107888,-0.41233608774859254
7628,1.1657152389105208,0.34575445488910084
7629,0.23491398302746713,-0.24044271504073209
7630,-0.26051034167270215,0.734855006957356
7631,-0.07861722495392574,-0.20438825524275134
7632,0.9092451421170528,-0.12849957539948642
7633,-3.159072731377381,0.639239840561292
7634,2.4910643144551567,0.3517933773727917
7635,-1.503204873094146,0.08434934482321738
7636,1.0920072786663928,-0.2558327060998539
7637,-1.1652565251902454,-0.15974739523978806
7638,0.05256446353285432,-0.35051475847021285
7639,1.172817810712988,-0.2294605445582035
7640,1.968806875130091,-0.06237937766997978
7641,0.9613642122639098,0.31390263739560975
7642,-1.1763473269452667,-0.023349100452979443
7643,0.9329412918294285,-0.19011352483646143
7644,0.19367331668503207,-0.15764969559054096
7645,0.669787763981227,-0.38430132517701177
7646,-0.5793984009308124,-0.4000861675092837
7647,0.2953306423761537,-0.5069291053543945
7648,-0.3876665272252413,-0.42966137947175387
7649,-0.15023807306365533,-0.625955029898465
7650,0.35444508930327834,-0.504005958533163
7651,-0.39805814018160834,-0.5986978800798792
7652,-0.8717987783290454,-0.34640416282738384
7653,0.8798846854329666,-0.2987822155641934
7654,-0.5155229147007604,-0.42730501077421423
7655,1.4641871760328509,-0.21212352395019374
7656,0.3730142395610089,-0.1914165982747547
7657,-0.8295046725738241,-0.22173499299552463
7658,-1.8022754968559744,0.24285823655450697
7659,0.6513571727358533,-0.4042256293340638
7660,-0.7909537411329445,-0.28094841573584967
7661,-0.005564818458678594,-0.4181491970705645
7662,-0.10130360880694889,-0.5110352916436859
7663,0.23104796456089038,-0.42409902239689123
7664,1.089032930682282,-0.28180595105140777
7665,-1.0636920252450794,-0.46487487740020106
7666,0.45466073645069893,-0.397435042435365
7667,0.6299363405273811,-0.381835288675345
7668,-0.08404995198673386,-0.6106048708989682
7669,0.38772649495847167,-0.44883792017627144
7670,-0.04300591611577395,-0.3748410602739525
7671,-0.6641161670959216,-0.49807855208967544
7672,0.17849732963236575,-0.459844262784149
7673,0.6620385999142463,-0.35037075233094095
7674,-0.007774843755911642,-0.3388955429000212
7675,0.22551620647738324,-0.3463021102556374
7676,-0.23857960157224375,-0.31531479636244575
7677,-0.31892498580661566,-0.4298721757049926
7678,-0.44375682523766785,-0.3617963380146424
7679,-0.3885641140493301,-0.3216358473051354
7680,0.1781302632370808,-0.5146656407839234
7681,-0.04948635872464868,-0.45288226308013646
7682,0.47961122049017546,-0.49662326761525477
7683,-0.2694605703201015,-0.45213400139424553
7684,0.07977612446138904,-0.5209325428010372
7685,-0.33180709802647074,-0.5377177599421792
7686,0.654921579043028,-0.41860759154576577
7687,0.14106114097005817,-0.5448073842569175
7688,0.08157271382801667,-0.38539579147246505
7689,-0.6899168559387056,-0.5990167093503164
7690,-0.011800365748962621,-0.4383499662399619
7691,0.8820549328444017,-0.21040990846419189
7692,-0.16712046597922556,-0.5151177571641672
7693,0.2832838799940193,-0.2987545676555773
7694,-0.15612255018093882,-0.4692908367178986
7695,0.39739701384037784,-0.38357900830083314
7696,-0.38243526767228686,-0.5282698882469885
7697,-0.2346385801041285,-0.5178955577047946
7698,-0.4821602636260213,-0.38705080435296335
7699,-0.15479702404883627,-0.5433846539340772
7700,-0.2058087622198565,-0.5174674427550265
7701,0.09341455516681807,-0.4562713834106834
7702,0.6332552532631696,-0.38183308817433104
7703,-0.20607636850935818,-0.5360229529468061
7704,-0.5614953245749184,-0.35756293397591676
7705,0.36041320953056377,-0.48841611230021365
7706,-0.21664217584482773,-0.39780145066728645
7707,0.44519237478465756,-0.41378364573352155
7708,-0.8876292210286579,-0.40145409030083623
7709,-0.8322381255440933,-0.15995903265977784
7710,0.4766264826615477,-0.321191640778713
7711,0.4427794945903575,-0.40899674673256825
7712,-0.9695092143272485,-0.3409404541248007
7713,-0.35685037704269307,-0.16426399089281235
7714,0.8194415475166813,-0.3421884657736989
7715,-0.3099915951442149,-0.39707297027338306
7716,-0.24328206010485465,-0.48243755755387685
7717,-0.3541059173910594,-0.37343829205424534
7718,0.6612179905500429,-0.40084022006229547
7719,0.3177769034830621,-0.40975821881416696
7720,-0.27224685748933947,-0.4223183715630697
7721,-0.805565916581026,-0.3242007739553495
7722,0.536965298871186,-0.29405531012046526
7723,0.15243825525353621,-0.43848748304865626
7724,1.9193506505157556,0.15245542435744822
7725,-0.28548283190064105,-0.2935116157267364
7726,0.7340237468376459,-0.33678567916517715
7727,-0.5142030245042675,-0.4011310377968835
7728,-0.28750037511476056,-0.4634254872050818
7729,0.2980035895641837,-0.5266712107799294
7730,0.1502962714828271,-0.4053779596448879
7731,-0.28275758924103134,-0.5220028854477377
7732,-0.4650839479433088,-0.47075753586813307
7733,0.3033176690754651,-0.6182171484625669
7734,0.34919135052003347,-0.5638879349802869
7735,-0.03174944926445533,-0.5676396368282741
7736,-0.8147945560264324,-0.5169578115012067
7737,0.41407167806706446,-0.566529828959925
7738,-0.06079548363325743,-0.5359334970672095
7739,0.18487881509773563,-0.5602244792806229
7740,0.12082974000288538,-0.30797914966205875
7741,-0.08362105539505758,-0.5830368407113855
7742,0.6932027205944298,-0.4310213854424184
7743,-0.001681612091178758,-0.4683622095264224
7744,0.5844321079230044,-0.3973798427946129
7745,-0.3314943709790239,-0.41101966812957125
7746,0.28275165904744776,-0.4058724879739297
7747,-0.38332089423602306,-0.41087024139040107
7748,0.4234118036820157,-0.44768415269088313
7749,-0.2086203391392561,-0.6143971944140957
7750,0.40380750582842084,-0.3526341411473808
7751,-0.5860410919588722,-0.523709429176305
7752,0.3699568784846816,-0.538048471665725
7753,0.09333273733943548,-0.47485691521739803
7754,-0.4906002528214401,-0.5293433589196406
7755,-0.6737880542373729,-0.487024838608365
7756,0.7026176493998789,-0.31565523784012406
7757,0.5265215480467194,-0.6292439174654637
7758,-0.3332926201062364,-0.5352586051032069
7759,-0.14702488475554826,-0.5578563438022662
7760,-0.5129689040450596,-0.3956241509677336
7761,0.1043095085304796,-0.5099648674910998
7762,-0.10054316390441775,-0.6227562102474558
7763,0.48781565884440425,-0.5404508109360635
7764,-0.35157226229230826,-0.5560374407100649
7765,-0.049592516554783306,-0.49803803240200284
7766,-0.1865089285348253,-0.46982119219959806
7767,-0.6825668132338836,-0.45462032728140667
7768,-0.3903190947621274,-0.4024609861336681
7769,-0.278507991110092,-0.370020381708552
7770,0.39648718847080977,-0.48823222397288935
7771,-0.1489068644546721,-0.4112710486153941
7772,0.6397338419652575,-0.4913509740010653
7773,0.31761242020831904,-0.3660958946189594
7774,0.10245286189740321,-0.4034561903586332
7775,0.07983851321338903,-0.7189005960876211
7776,0.2910659017887009,-0.5890935095175467
7777,-0.2796429165964105,-0.482243130457907
7778,0.1885406039432529,-0.5579858573922902
7779,1.571171462152578,-0.07145693817281559
7780,0.8358712740524551,0.24838570146816427
7781,0.9359645275819505,0.1184029093012822
7782,1.1765622829579425,0.40375920937566245
7783,0.1339085504012653,0.11991911234711602
7784,-1.5630201326258737,0.19957416870363023
7785,0.440166658741055,-0.1496550165734733
7786,0.2691231942052997,-0.4239252982344921
7787,-0.581643378577516,-0.42858733635712276
7788,0.21344520113700194,-0.49883853589597715
7789,-0.01961211984304348,-0.4039781089061437
7790,-0.05984143172169634,-0.4489295418266932
7791,0.40395035084247854,-0.3883951795967645
7792,0.4270087563002847,-0.39084357566349515
7793,-0.3940476385703159,-0.4409105339263708
7794,-0.11310275795279917,-0.5966540862752259
7795,-0.11492045169308776,-0.5107002339407659
7796,0.23653029907251605,-0.4873057516969227
7797,-0.009407343850128758,-0.5062085910448206
7798,-0.00038548197714152743,-0.47007466745321236
7799,-0.04883346988633658,-0.5298665083377915
7800,0.23371176928508208,-0.357120201441138
7801,-0.18770844882979137,-0.42937026022788893
7802,0.2754990655071381,-0.39858226767369354
7803,-0.018178679525553437,-0.461483714602429
7804,-0.6112377857876822,-0.4060288888120718
7805,-0.7314669693414516,-0.02429252318466854
7806,-0.6190738373534876,-0.1709440236291591
7807,-0.654078965659582,-0.044039665708790504
7808,-1.121121021438479,-0.060508799140643
7809,-2.871118163120557,1.3199411331911126
7810,1.0905799457759926,0.6187459159743987
7811,-0.02358895135488681,0.16710650107502653
7812,0.8171155571016203,-0.03802176682225247
7813,-1.4477944599626942,0.05963430834153474
7814,-0.663022456759326,0.16054750373992047
7815,-0.4115269772261594,0.30398648252249394
7816,-0.39534073389543045,0.0781992785508398
7817,-0.35316886424761557,0.002292785293902505
7818,-0.41205391600409724,0.055441847780114906
7819,-3.81673463007777,4.8863237355767595
7820,0.5347751089511358,2.144689253888817
7821,1.3818748636307014,1.3409102964833104
7822,0.4174771303569189,0.5789633466388204
7823,-0.23366943191375228,0.13878670909354204
7824,0.2978531131307198,-0.26211952554143114
7825,-0.08517918960293464,-0.48053935717008567
7826,-1.061586058061408,-0.14965316802017614
7827,0.5006339501511529,-0.3490488713433189
7828,0.7464092467200026,-0.2521184295353536
7829,0.3480041098528388,-0.33718656105277334
7830,1.2910998046928488,-0.014846775472396517
7831,0.23715014378691945,-0.24304849871904316
7832,0.18266625034013495,-0.4160069721563142
7833,-0.15103313492890175,-0.4711859125489508
7834,-0.5153529788624113,-0.271904829235296
7835,-0.4200658670906225,-0.467063647377678
7836,0.3856227265829797,-0.48942610460577807
7837,-0.585391366622115,-0.44326624474450027
7838,-0.8405769371081268,-0.3265149395877588
7839,-0.3456764657003064,-0.4311158710005021
7840,-0.15341900641245212,-0.40792289759841116
7841,0.00704698298254669,-0.491075107974841
7842,-0.28533071688605377,-0.35835840007383235
7843,0.6857555998264871,-0.3621081516388711
7844,0.6655388892292491,-0.3534601604915692
7845,0.08375886429841206,-0.5987612393999524
7846,-0.2744800212736388,-0.40117137061839225
7847,0.9217490280252144,-0.37725425936971835
7848,-0.08720847906419284,-0.5690197128863121
7849,-0.3905458851779793,-0.5139247255608849
7850,0.29299626868835027,-0.5371622572298317
7851,0.3002320174724097,-0.547615061335635
7852,0.4754366507750869,-0.2960474352214584
7853,-0.02733006813974881,-0.4003569722626419
7854,-0.48999588578844644,-0.48244638447412747
7855,-0.15194664036987932,-0.5863861886848245
7856,0.3604088537394069,-0.5637581467023846
7857,-0.03658577670675203,-0.584729690310598
7858,0.31445048062906245,-0.594788733467705
7859,0.3375039137162945,-0.42327629053671245
7860,0.028930192526907345,-0.50290311107896
7861,-0.2371663811502817,-0.5778208614760957
7862,-0.20401751929017745,-0.5231211254033924
7863,-0.09164549309130691,-0.5773665763635321
7864,-0.07725354369938325,-0.6421509944932212
7865,-0.14489063809490088,-0.5971632414839766
7866,-0.12390661122036131,-0.49874329367662584
7867,0.6087626220368446,-0.459854906742301
7868,-0.3016634150623585,-0.6367543681712333
7869,0.2804413888546292,-0.545619619200266
7870,0.019975686915822938,-0.5532048536381307
7871,0.09999736235624856,-0.5118538013227147
7872,-0.16797234140073034,-0.5017154610966919
7873,0.14284614804519835,-0.5321735143340233
7874,-0.7280140580027821,-0.3898638048299229
7875,0.29319237268236686,-0.4756235440558435
7876,0.07277419223466447,-0.5219705002183346
7877,0.00011999777413640444,-0.5167870406785299
7878,0.10889854778814473,-0.553236364373529
7879,-0.11053858232560118,-0.5381537555676303
7880,0.45782639863376207,-0.48899834119200036
7881,0.8296805208976349,-0.25251229336617287
7882,-0.4845885477119149,-0.3261112641178769
7883,0.08852495782368991,-0.5468989324618985
7884,0.30606437841106393,-0.47417209239248326
7885,0.16252251996891898,-0.3807463309621555
7886,0.40756454258139285,-0.40099587695116745
7887,0.09202962430901473,-0.46894485573052347
7888,-0.24449820634152497,-0.3734185377535699
7889,-0.18655276033880303,-0.5112189012539028
7890,0.11729554132586423,-0.5163420568930114
7891,0.014365858467008968,-0.5070165675530187
7892,0.07682427754848542,-0.5807521852041015
7893,-0.14011147206035784,-0.5338295084600873
7894,0.10947253526509865,-0.5400955280978946
7895,-0.3602929577838918,-0.4469694717517254
7896,-0.3205115887443315,-0.48111412522971997
7897,-0.41115550977377,-0.3799109973740239
7898,0.16185557662270533,-0.6151389046660477
7899,0.01643559483098614,-0.5112471255350973
7900,-1.1493098541323503,-0.3517331200507551
7901,-0.565637989043063,-0.3103937499325794
7902,-0.043592888767660654,-0.3958490655270116
7903,-0.5627972147666387,-0.2083720761175358
7904,1.0354479492410404,-0.17714161183133958
7905,-0.7113352445426133,-0.2717288992445258
7906,0.26646057952310337,-0.4647116686008359
7907,-1.050539992674927,-0.15115859552939878
7908,0.4187975240441859,-0.22267110812322505
7909,0.5085626222331227,-0.375486228657646
7910,0.006102529635812315,-0.4934629633258515
7911,0.47020893758342597,-0.5626222140724031
7912,-1.136428410251174,-0.4401407379259745
7913,0.25238417025978577,-0.4094362264862257
7914,0.42628693516649274,-0.4820323166496888
7915,-0.8081958870361854,-0.5242184851653213
7916,-0.8409639132365299,-0.03733398288130704
7917,-0.24170579360069572,-0.2781678696771893
7918,0.6838679088367479,-0.32202317741413233
7919,-0.3178711481224039,-0.5181908536287695
7920,0.08338375697348971,-0.3100236830186818
7921,-1.8832508829098171,0.18099597972544354
7922,0.04987205129815242,0.09640363212262523
7923,-0.1532371030443886,-0.19371577772942994
7924,-0.1140260916176169,0.007845373154565849
7925,-0.677622699573156,-0.34612026941496865
7926,1.0174367167263307,-0.1125418687134179
7927,-0.22362436332148938,-0.3944101367389603
7928,0.7992560703364121,-0.2241778438082492
7929,0.2949247266576082,-0.1144842666764195
7930,-1.220296066434654,-0.44928409878023734
7931,-3.6108110843241437,3.2432391556941407
7932,-1.2935942545160155,3.661780831875147
7933,-1.4145445334036446,0.3139442014880752
7934,1.8762331014424487,0.6094113435146947
7935,0.40502884141163487,-0.08809668740451873
7936,-1.0816438745011125,-0.22881382831513997
7937,0.5105537795814618,-0.18832766559705214
7938,-0.42533417325230394,-0.28806718227228123
7939,-0.6300361682881805,-0.11516587770240297
7940,-1.0302645818604534,0.9167175353797986
7941,3.0691925190262004,1.9418536480303827
7942,-0.5816197596126162,0.739554753008921
7943,1.676015399805352,0.5319333645143988
7944,1.3900819611242428,0.9084134950660431
7945,-0.10619363306240663,-0.2779814367308009
7946,0.00183518339286462,-0.1869495793139629
7947,-1.0481294967684245,-0.17353878370462106
7948,-0.21935498354008226,-0.0341884985632703
7949,-1.0285025308998752,-0.0723090136407734
7950,0.20680587095751218,0.15246927234004096
7951,-1.4052807451574791,0.24876717048241617
7952,0.28594828924449556,0.012522291979803368
7953,0.349154979877761,-0.28767966380069776
7954,0.32640924670310845,-0.1002875033639231
7955,-1.4775606215121075,-0.031110530713324536
7956,0.43619763473816464,-0.40697803630943563
7957,0.33584047227080915,-0.22957009359654207
7958,1.5359821556116007,0.059131681466935426
7959,-0.28891015687060484,-0.4155305645167535
7960,-0.3962559177632565,-0.4825071133320019
7961,0.48125181988784105,-0.4965062224456058
7962,0.5004500442947684,-0.36020059767346324
7963,0.2568095176210682,-0.32058493799435417
7964,-0.6495345386901935,-0.5401095579781731
7965,0.9340098181262261,-0.3103072620627655
7966,0.5141018025189593,-0.33407019543313693
7967,-0.30680892358866596,-0.45949417442953855
7968,-0.14908533678500885,-0.4306863724872704
7969,0.1416741294854395,-0.5630417197784462
7970,-0.48375641066965525,-0.4412735338366688
7971,0.008182388180874134,-0.4800217738339807
7972,-0.9465774310564969,-0.24597704539038928
7973,0.05745223590010062,-0.3754329887492624
7974,-0.11355892030188688,-0.34144090440579755
7975,0.4038777917742824,-0.47112417954273833
7976,0.025244569522771404,-0.41065198220605736
7977,0.0194091337344304,-0.5046247184378796
7978,-0.0019353808875143541,-0.23946887496044883
7979,-1.7446867147801552,-0.023480252805852087
7980,0.30848523045694476,-0.20348443819629494
7981,-1.92615737924045,0.2328441892806912
7982,0.8711392352798449,-0.2661890885368444
7983,0.11006623302272722,-0.2543804545442714
7984,0.7087439407536457,-0.4950041333864913
7985,-0.5610214561004019,-0.32606176632430384
7986,0.6581297470731063,-0.4979255467109004
7987,0.02344324731291919,-0.3394728815341601
7988,-0.2421352599968575,-0.38346358933380287
7989,0.32766195871826853,-0.4281896250418481
7990,-0.012161521153546462,-0.3518077672405724
7991,-0.6791032308776433,-0.27917895596898146
7992,-0.3640353258920073,-0.40500784216899466
7993,1.1171273750457957,-0.232571142506634
7994,-2.2804008084033756,0.368533879533544
7995,-7.413241808135475,6.161809111099819
7996,-1.569214003907636,4.584971780466739
7997,1.6768711934001055,0.9206981546925811
7998,-0.9739790127661548,1.3139634339014943
7999,-3.6950238848551686,4.606586410686289
8000,0.00989516803822088,1.7494204504534183
8001,2.898842561861275,2.089731855807326
8002,-0.8700274013961605,0.9874012831894016
8003,-1.1504523498882735,0.5755960163960215
8004,-0.2513341771537868,0.05746270275297277
8005,-0.8559781097905642,0.2686948493903829
8006,-0.08614560568871467,0.16662817675439504
8007,-0.2682397197919587,0.1678995564951176
8008,0.41358301302969713,-0.05278999217659866
8009,1.889417923371448,0.15564237203228157
8010,1.5781465172711608,0.7202708716491109
8011,-2.132894857931406,0.2133642672046361
8012,1.0283278991439855,-0.09327689200110459
8013,0.23289676355472888,-0.12322944458047022
8014,-0.7673571756165739,-0.051386121530792736
8015,0.5298818740135877,-0.27840264515754354
8016,0.11694462515732906,-0.5129660410117846
8017,-1.3015468297552708,-0.2386819417971734
8018,-0.8391546713234193,-0.2934101227845489
8019,-0.16152887898795093,-0.39289565697086826
8020,-0.3645637207000928,-0.3715263274570395
8021,-0.1328500082852505,-0.1142521235038789
8022,-3.4449516817137256,1.8455089478881563
8023,-0.5530607810267677,0.810033750922548
8024,2.8431880057847065,0.20192011200231277
8025,1.6650101392171694,0.37616558561698954
8026,0.09127952097029879,-0.1556684618605649
8027,-1.443713961553502,-0.33118823476910664
8028,0.6952372965636556,-0.26344924834598205
8029,-1.02474458901907,-0.2920606267508681
8030,3.948232837873947,0.9892008101785451
8031,-0.022402333448829415,-0.08524617052946516
8032,2.4365967090483758,0.4955352110039538
8033,0.3757232215920038,-0.05583086551855035
8034,-0.5258721175530952,-0.12441907079595016
8035,0.9995960061955588,0.09032736495628843
8036,-0.5760863102840098,-0.263723874903798
8037,0.18207352866406612,-0.20479918559652296
8038,-0.3033065640882954,0.05132711971649084
8039,0.4520617935571424,-0.01915078221070779
8040,1.574170054417059,0.031435854564096866
8041,-1.34030667277524,0.5120386071681865
8042,-0.27600604237568993,-0.29026517032954846
8043,-0.8981683129214406,-0.40217781867143665
8044,0.7606192188077568,-0.5065277966395896
8045,1.5692227586793384,0.08392580656710827
8046,-0.394351032375111,-0.31074409773014344
8047,0.6082020306576518,-0.49549835244600837
8048,-0.1501820592947179,-0.309370771050823
8049,0.2378092718234862,-0.44755473242837884
8050,0.4543313537832988,-0.20223739275352562
8051,-0.638334143915094,-0.42546620409138824
8052,-0.3551139471269061,-0.4602366782752151
8053,0.44716166110951105,-0.48041508749242956
8054,-0.15782276532594827,-0.37644290868630204
8055,0.8887697051631333,-0.12571244069790893
8056,-0.3705026322079711,-0.5261078597713182
8057,0.12189791973522213,-0.5136206633655781
8058,0.7740949582734117,-0.23542743102383495
8059,0.22375658956485683,-0.45097311631330894
8060,0.05253402944790536,-0.4513896542506497
8061,0.8543961365784875,-0.008599500051360107
8062,0.41326268060927507,-0.25069183930914557
8063,-0.6575140135945943,-0.20888836135545757
8064,-0.13684848595157711,-0.1310851563358169
8065,0.527419710284268,0.022399466033672488
8066,-0.016141868765646772,-0.14568003909471577
8067,-0.42698376704680235,-0.49309644807850606
8068,0.12884007558426208,-0.297099574344483
8069,0.23016753632197062,-0.5258943687850246
8070,0.3881996886938981,-0.22818874400640937
8071,-0.4183172244911978,-0.3610203668290006
8072,-0.5011428531155968,-0.4356733711654427
8073,0.30886150823105196,-0.4674863588257777
8074,-0.579857954216952,-0.4125703301245822
8075,-0.9025334580700822,-0.179681358705915
8076,0.21475369066034494,-0.4205211868319271
8077,0.23825898004089885,-0.46440183777946453
8078,-0.32147667970689703,-0.4040725249169226
8079,-0.6834262988314752,-0.3675538307288493
8080,-0.6182371336833768,-0.3933279284126807
8081,0.8035195702813139,-0.34480075122352327
8082,-0.17399151573861005,-0.23082059059375276
8083,-0.6742560067740708,-0.38191568864593295
8084,0.2938041189419222,-0.45579363903397674
8085,0.32963673049214703,-0.32266761335932503
8086,-0.2305618714083303,-0.4466860595296953
8087,-0.02183735427786504,-0.43162243261149225
8088,1.3321656925306886,-0.061825727441506384
8089,0.9695895328527245,-0.17487820306054014
8090,-2.0176235404649137,-0.04488158499257969
8091,-0.4592541819702277,-0.36127453058629044
8092,3.7844666795933164,2.2439606759007433
8093,1.0999863803631373,1.3467707551895558
8094,-0.129184033404035,1.3797754810437108
8095,-2.34006350990442,0.6490714970668188
8096,0.15223513371438546,0.14798014925652805
8097,-0.6716822462416357,-0.3316279759560405
8098,1.270117523979215,-0.18159779262401854
8099,-2.2165094800339933,0.056629299033004094
8100,-0.28137939093914555,-0.03616125081713195
8101,-0.6401988438744057,-0.07614044175135953
8102,-1.6245245274329738,-0.3895631209419559
8103,-3.3213616673611273,1.2019377267273774
8104,0.7216064791090797,1.5441213012211887
8105,-0.1512534659591676,0.6433856817429132
8106,1.871750230628022,0.8917068677208276
8107,3.086247330671444,1.1051729141519608
8108,1.2218015907404385,1.4882492386454682
8109,0.1766320300144757,0.15269070932469928
8110,1.7091926422729262,0.9958060400656147
8111,-0.5123948397391713,0.4280719396738757
8112,1.0753474895574442,0.3611418012768054
8113,-0.4800659615701176,-0.1863317907267908
8114,0.4628451427779089,-0.18150540145369629
8115,-0.30307406373248147,-0.2512829934454971
8116,-0.5574781160121356,-0.08349409460823431
8117,1.2614565928599242,-0.2343118117598874
8118,1.3319886054844554,0.6806794920233649
8119,1.7788762070290272,1.4609302983673729
8120,-0.31709025990129214,0.1329010035099332
8121,-0.8307036306986931,-0.05512020263432538
8122,0.03306756141389672,-0.030129898999010418
8123,-0.1619946140676031,0.13730974693686618
8124,0.12288337019768697,-0.3052935482817154
8125,0.16999472451059672,-0.146633727903964
8126,5.4158915611260765,2.3232858100434206
8127,2.180271966825946,2.0745726669831512
8128,-3.143642449007433,2.125879660164968
8129,1.5846042695527691,1.0529349699881576
8130,-0.3960296889351458,0.344181309264327
8131,0.06500562051882819,0.1715204409395721
8132,0.02745090940212294,-0.048476511792998264
8133,-0.2551398546009903,-0.029984925221631487
8134,-0.21680934677075656,-0.185327454032193
8135,-0.6311116522583415,-0.42953523198853305
8136,0.10114955412931692,-0.00562108339807188
8137,-0.14533518351275854,-0.1194540839597002
8138,0.07467518913468524,-0.45882429635209665
8139,0.39232693069253666,-0.38339560238690706
8140,-0.5944138571694557,-0.42952429802847025
8141,0.7534209628408245,-0.17027468364291554
8142,-1.4364334935108092,0.159216145158428
8143,0.04939406138678787,-0.2184228059201648
8144,0.06492509679251429,-0.34566065285081043
8145,-0.6127636833337418,-0.1495853043170779
8146,0.4627436673508567,-0.284645311038188
8147,0.5796224554672579,-0.2546643130076669
8148,-0.3420442241686099,-0.350500062992233
8149,0.24147670810175192,-0.3840379405206591
8150,-0.3902320543384004,-0.4743433966747842
8151,0.31083925787530975,-0.5245626475129792
8152,-0.09746965080115189,-0.5368634475066472
8153,0.1510707776379948,-0.3005351245037008
8154,0.8075648657762219,-0.3382653298580217
8155,0.8244083845174733,0.048999369433018386
8156,0.8194352755786013,0.010318310201578557
8157,0.5571044566159753,0.04183364902950773
8158,-0.5041381493071923,0.36547591762056253
8159,0.40740277751335796,-0.3372085703677422
8160,0.5377354659009951,0.14021124618528638
8161,-0.36184410994570065,-0.10767738128206775
8162,-0.5828168570180987,-0.03644494851842246
8163,0.060033664856194935,-0.08913371366298459
8164,-1.1194124675349943,-0.1883688173568464
8165,-1.0626904210456223,0.08961140955579217
8166,-0.38204332688229947,0.0800822032979974
8167,0.6740351422563687,0.0004321657291389003
8168,-0.25178153767552885,-0.08258567251048742
8169,0.006820805160977383,-0.44888972309421216
8170,0.17092871230806728,-0.3283219018035147
8171,1.4171354285242383,-0.062130925467099724
8172,-0.9771283259097764,0.05803141215050592
8173,-0.23057881931002655,-0.5221217693683677
8174,-0.17217209196674627,-0.3726425872784286
8175,0.007257733611241379,-0.4981638155719553
8176,0.04267860697261766,-0.3807824744630526
8177,0.27263485208845,-0.5009159731414088
8178,-0.5270117456264145,-0.31698001625453587
8179,0.7869016353336601,-0.2010865848365146
8180,-0.48611188555776186,-0.3369221854616692
8181,0.3269601337779574,-0.41968078831791067
8182,0.33734524713503444,-0.3842870110530092
8183,-0.6935588683783199,-0.3807737577913335
8184,0.40511034305525795,-0.3674042687493181
8185,-0.06702175848126493,-0.35413761462267723
8186,-0.0045956802439787725,-0.46584723775794845
8187,-0.46662694808167315,-0.16125488060898902
8188,-0.0046365684476464275,-0.10516658074986857
8189,0.16945715650540855,-0.2119124906776085
8190,0.58474011126984,-0.02047911170180136
8191,0.6508182146014876,0.047137408963948746
8192,0.6728097989353702,-0.2248063033257673
8193,-0.6846018115350174,-0.120932105265846
8194,-0.018488314648322096,-0.12358253418296175
8195,0.15874766893266345,-0.3161074686305858
8196,-1.4790329445576433,-0.1285383344553917
8197,0.5639005879295437,-0.2792422443715612
8198,0.062464590580481816,-0.4204051557462548
8199,1.0874845520379974,-0.325442927710174
8200,1.3021971838951152,0.09253103350885669
8201,1.2163214546939223,0.5259455253311061
8202,-1.4954247332865847,0.24924435413637128
8203,-1.1804189122216484,0.03376787962281985
8204,1.1319907501497872,-0.3108439794294716
8205,-0.0808257207267615,-0.41029913040417176
8206,-0.7817523786228272,-0.38980997842132026
8207,0.24903037129905486,-0.32230112049749937
8208,-0.4051867219098496,-0.4568369578681438
8209,-0.37914740655422596,-0.4518937762102425
8210,-0.40298042309595394,-0.38737217982174976
8211,0.23445555936848073,-0.5909265923004116
8212,-0.13445566908172651,-0.5577955422399715
8213,0.4234941426222333,-0.255261199453113
8214,-0.3543972773042283,-0.44417254972063624
8215,1.0736051321153837,-0.4446588509209406
8216,0.3125944414445365,-0.5172277101671818
8217,0.6972144316327272,-0.3220576737723888
8218,-0.898489568700953,-0.475121733602211
8219,0.5129325238968533,-0.5821308134422659
8220,-0.1932138680969012,-0.4648138184885171
8221,0.3364435360866622,-0.5081362183413887
8222,-0.5926003782100979,-0.24554304621439024
8223,0.07952825442800898,-0.6238040441421763
8224,0.12333282775460952,-0.5459437386579157
8225,0.31190762566235275,-0.4953331685803697
8226,-0.6626878327522246,-0.5736779791568577
8227,0.1361337084456703,-0.5898652315287598
8228,0.5131043896323381,-0.37172727732687505
8229,0.4866086412202546,-0.4736133410655301
8230,0.6686372408554938,-0.23814611249927783
8231,-0.6581049514123447,-0.40388874060310576
8232,-0.9025274827370591,-0.31652178001964404
8233,1.667046137344188,-0.2272467681601111
8234,-0.16958767674687666,-0.38591189807640547
8235,-0.7360711698882777,-0.33543976074975684
8236,0.9633766389506971,-0.3903836472954392
8237,-0.27527621445305867,-0.5417449526050064
8238,0.9221093192905844,-0.04677735660244203
8239,-0.6014428514573287,-0.352061746487884
8240,-0.02826282939948041,-0.5648384279217216
8241,-0.11778206697532173,-0.4268257003727728
8242,0.27658073288737056,-0.6017802077242761
8243,-0.11344829514016054,-0.43618430547621057
8244,-0.3577688301289898,-0.4822863103993087
8245,-0.48904883136897676,-0.3780530330687103
8246,-0.38377722568390815,-0.5043953767647283
8247,0.3394863694721808,-0.516233292781121
8248,-0.8090854313821764,-0.4956083743830564
8249,0.3081127024800563,-0.482366999860514
8250,-0.007575895458555304,-0.5211089028249063
8251,-0.10761468726866052,-0.5110043617469312
8252,0.21593173886888306,-0.48532725772149365
8253,-0.09266330275640025,-0.5162240556402993
8254,0.09116692888898709,-0.5270269555406936
8255,0.6926823369039846,-0.3269159978876751
8256,0.21467989995032577,-0.5222466495247297
8257,0.13228380432222397,-0.5265751881925164
8258,-0.23200612540168766,-0.5622061804365679
8259,1.0636803769762655,-0.42540730336876076
8260,-0.09691873881763956,-0.4220923480555072
8261,-0.2745640369475576,-0.3888707592629046
8262,-0.06287774624947373,-0.4452763102742141
8263,-1.0260731006861419,-0.2899217521047033
8264,-0.4949378473729507,-0.4104136098848431
8265,0.7575011916238378,-0.1652478195005298
8266,0.40001539838279565,-0.20264074574315416
8267,0.14647659747736191,-0.544845110235222
8268,-1.9221316438389593,0.16958613221776644
8269,0.6302083925044343,-0.2782199963583085
8270,0.15656664065168252,-0.3958345596882331
8271,1.0934092386935959,-0.08879766486037652
8272,-0.5562845308093405,-0.3638132080138584
8273,0.3477485399656539,-0.4953103665716978
8274,-0.5088740515650266,-0.4494897402220698
8275,0.23905913520304134,-0.43591988200569987
8276,0.8372743177869452,-0.43097859523304505
8277,0.15353716851886023,-0.3025669326911552
8278,-0.7602136691534513,-0.39023058662259713
8279,-0.186014352260468,-0.41091426127691866
8280,0.2516994029005894,-0.30818851287084736
8281,0.3075869080817418,-0.2680512094762274
8282,0.689957155869505,-0.2253936505877242
8283,1.0250350899873037,0.49266442332214666
8284,-0.2233211343997174,0.09260095983172836
8285,0.21575974139255522,0.3478867227675414
8286,-0.7926223637995667,-0.13916788731423238
8287,-1.8765987087507274,1.5434210818847725
8288,0.9707769196396988,0.24769508047656283
8289,-0.20254236787286925,0.054152545167200555
8290,-0.7886254376287625,0.17388150241841507
8291,-1.5055354736979436,0.5738120344943508
8292,-0.47926796559287715,0.3967700835621567
8293,0.1398179753835086,-0.2835385700867822
8294,0.6892217592777669,-0.23980103164159383
8295,0.3266780967164411,-0.38920947509619563
8296,-0.812277528538806,-0.3096811494515103
8297,-0.26160869656354974,-0.28054173688494083
8298,0.9756512373545586,-0.28223062021766687
8299,0.43518338606875084,-0.16993984824932723
8300,-1.010875422013447,-0.37271166084220114
8301,1.1565055117074237,-0.40160806551754746
8302,-0.025500040206895724,-0.46523467407533015
8303,-0.23896336297076576,-0.41420464854393946
8304,-0.023680162218380096,-0.4620641142136609
8305,-0.07869960532803688,-0.5325571880030201
8306,1.0963818622175228,-0.14520600115337495
8307,0.5195953543298415,-0.33384566877044264
8308,-0.4246491824798979,-0.48089346346996364
8309,0.25725250424734053,-0.4292861913827931
8310,-0.35086517593540756,-0.4775107461084306
8311,0.10666866407338288,-0.5497226274497804
8312,-0.1691556212893907,-0.5263935138362691
8313,0.722427942235686,-0.46311021694134036
8314,-0.648211914169468,-0.29591565190120317
8315,-0.41196125523847404,-0.4407004293847274
8316,-0.034638916429974465,-0.42946480184624647
8317,0.13994673636278732,-0.5661262974453934
8318,-0.46266973124315974,-0.5373939137708768
8319,-0.3300172106278842,-0.5967263090728857
8320,-0.40777199428008787,-0.47660637084390667
8321,0.015488660983700081,-0.4353281049147977
8322,-0.07097050821354994,-0.4001493313155643
8323,-0.18630835930783884,-0.5074138098696707
8324,0.3483695273191001,-0.567821168973367
8325,0.3276282465651238,-0.39740868187021117
8326,0.5521300778278594,-0.21898092449516915
8327,-0.239875090362847,-0.40552216791883644
8328,-0.13063122086536932,-0.5879520722385805
8329,0.13095996983733937,-0.5582659647959355
8330,-0.2475736939619099,-0.574474630825985
8331,0.9094946009858121,-0.20806774697556968
8332,0.41077147114932877,0.041698129614620466
8333,0.08963124962091756,-0.5141394062595357
8334,0.5284005490507008,-0.3200544552587325
8335,-0.2833516015456943,-0.43323723534575787
8336,-0.3231905195003729,-0.45331593255145475
8337,1.3613231381995856,0.07613719724841836
8338,0.1442362668472107,0.019271304574247083
8339,-0.6521516388270252,-0.2933466790143474
8340,-0.17885252994094014,-0.37954816812194836
8341,-0.012317016563674177,-0.47091665247100845
8342,-0.31466477271184157,-0.5403172016266166
8343,-0.33614207040407423,-0.5106694632773897
8344,-0.10182096178874817,-0.4637880549261849
8345,0.42543003591182416,-0.43919013888631275
8346,-0.22958251821862685,-0.4572473664335339
8347,-0.46983604557094627,-0.5323384749513342
8348,-0.3148779400810432,-0.5239695762903402
8349,0.32263679938056045,-0.45549383463390314
8350,0.4443025050657422,-0.34023730375046224
8351,-0.02483984999330069,-0.5809697541716263
8352,0.10567600697265267,-0.5593463744135382
8353,0.0676246354751543,-0.5891086196152402
8354,0.3038317194718866,-0.5435800178008405
8355,0.4636536065960333,-0.1408228242175251
8356,0.23782616559083253,-0.3582674184961915
8357,-0.5851162832586952,-0.44258836049896744
8358,0.6468813818766571,-0.3476310694883148
8359,-0.6414523965542829,-0.43629805124960075
8360,-0.2685506018738971,-0.39261587245092744
8361,-0.15787149297705588,-0.559376708670142
8362,-1.4742708496385672,-0.022024375178094968
8363,0.22638158736154934,-0.26813109145123015
8364,-0.3392129923485404,-0.22375350756134885
8365,-0.2837455307806081,-0.3791205354505446
8366,0.3037697367062896,-0.3023546673970656
8367,-0.12106681580047482,-0.4420204859495266
8368,-0.2412148306125561,-0.4116882067008596
8369,0.11994913934113904,-0.41362506554065337
8370,-0.10382686210559265,-0.5810303125674247
8371,-0.4046934374121478,-0.30898268344249147
8372,-0.11093221812884582,-0.4434900587477748
8373,0.2694195039587527,-0.340259799255545
8374,-0.305047240554818,-0.5035944270013383
8375,-0.2558083125847385,-0.3251324566856253
8376,0.3127993280966026,-0.43134481634957855
8377,-0.846329796918121,-0.07736347720235662
8378,-0.4388787544157454,-0.15978425575350766
8379,0.2076704053090283,-0.24425531710409812
8380,0.48353287109105203,0.00421816631521274
8381,-1.4277731607302075,0.34275762127076037
8382,0.22984567708392062,-0.2605394655719826
8383,0.8642764856040236,-0.160624993405441
8384,1.0746776275238594,-0.2690492499843117
8385,-0.5145422995716833,-0.3595007943254913
8386,-0.16201488209378315,-0.45950784365791697
8387,-1.2573094177991258,-0.031308858031659254
8388,0.6117910097643983,0.2261968859433063
8389,0.8087087907969069,-0.24924228297483483
8390,-0.4842078619682372,-0.3160951525566624
8391,0.19929072521583502,-0.3448044578530752
8392,-0.12934808782176477,-0.4016381430699746
8393,-0.10104649455039745,-0.41862390073788847
8394,-0.0203201662993511,-0.4509470731541576
8395,0.47529562389136404,-0.305233288335056
8396,-0.04262630058191608,-0.49797339455429457
8397,-0.5794038827092145,-0.3587890629869668
8398,1.2775590209285084,-0.3592666143982872
8399,-0.8653621589932935,-0.37448942032333066
8400,0.09593659845648944,-0.5605945808487053
8401,0.12872358229466196,-0.523839692317359
8402,0.08907265320169566,-0.6216907254285937
8403,0.41083754356989244,-0.4327381722495206
8404,0.5525921072804563,-0.4117955863300585
8405,-0.3253618153464729,-0.344783779132954
8406,0.3274051042584525,-0.460406111860168
8407,0.2892308594223279,-0.5334052867192182
8408,1.3338178201705242,-0.14149442214296135
8409,-1.1082570160239689,-0.1909441332393377
8410,-1.5590989894013845,-0.10092265173078979
8411,-0.23875779010559212,-0.3169198048753982
8412,-1.1233098687198884,-0.01697257663071275
8413,0.48401849651702966,-0.360261771961359
8414,-0.4261471070508766,-0.3282318484489588
8415,0.19255338176843628,-0.4032274480323522
8416,-0.8357572076681397,-0.4372039378735523
8417,0.03193134856276708,-0.6083614063455746
8418,-0.2875449855512803,-0.5285982832625886
8419,0.4858114056135191,-0.5444117027104308
8420,-0.1886557057479751,-0.5038692352669493
8421,-0.07193764596075722,-0.49721882858720745
8422,0.040264206141114756,-0.5489375171401183
8423,0.48126619974384177,-0.5435345192984284
8424,-1.00600203806008,-0.21818555234105882
8425,-0.7766437046951795,-0.28990247046617623
8426,1.631317262981442,0.23096219090306305
8427,0.2970218645254359,-0.3824471877377851
8428,0.6055919802580324,-0.32499510658224506
8429,-0.08968305827562188,-0.4628028869988021
8430,0.4314883374398133,-0.5627650892802697
8431,0.050992828375074295,-0.47379498560742495
8432,0.21979022262627446,-0.4354129077296508
8433,0.0954221543976096,-0.5631880487907762
8434,-0.41176215580051423,-0.26332303524538364
8435,0.7019372133901433,-0.5255843449377297
8436,0.2859458522055266,-0.5237847238556486
8437,-0.12834464986479427,-0.6035924974699622
8438,-0.30680657996784555,-0.5426163089890599
8439,-0.05238138182229429,-0.7051285753653508
8440,0.1654215122046661,-0.5208057953520022
8441,0.0714959687663917,-0.47717194352140735
8442,0.327425680628732,-0.4575728549681167
8443,-1.0440964237728574,-0.4280856013505855
8444,-0.39618439481703416,-0.5358073982204722
8445,-0.172896019586388,-0.6513569482475641
8446,0.32661090926682945,-0.695421250896869
8447,-0.1620523351752517,-0.5802262103911571
8448,0.6903914124013538,-0.4035376279942027
8449,-0.135168023273757,-0.4568824439898961
8450,0.6371665113678325,-0.43428776343678743
8451,-0.5601280104629991,-0.421386550998758
8452,-1.2435020921146682,-0.1180031964239277
8453,-0.13323274042786448,-0.23877953746429412
8454,0.46885671014539254,-0.18119201033117754
8455,-0.4656885718742587,-0.3940121839992857
8456,0.7460562913185763,-0.3150079040000273
8457,0.5622717956151113,-0.2294546312385855
8458,-0.7132863920841037,-0.38297647451427763
8459,-0.023336605933524157,-0.4144366685010439
8460,0.5797850166243844,-0.40382858533669663
8461,0.1857510648901326,-0.3376050505108112
8462,-0.5630445158903175,-0.5155071094160146
8463,0.11238932798988549,-0.4743586691350299
8464,-0.0333105608193979,-0.495760436062181
8465,-0.15016915031077072,-0.5866100505126939
8466,0.17374195223999822,-0.57478421058923
8467,-0.5508162086801204,-0.5495872716679377
8468,0.3077828570500195,-0.5236362670817337
8469,0.13424449531026356,-0.5432850824865034
8470,0.11480539486494679,-0.4636520980979495
8471,0.6353077898545157,-0.4172521741932028
8472,-1.7742659743015006,0.05355103362264546
8473,-0.40002389717769754,-0.46982515685552617
8474,0.7379480380261617,-0.267885626930885
8475,-0.48400219680766304,-0.3002974323558878
8476,0.5444797819928759,-0.23072503765637015
8477,0.29816661254720794,-0.14219358254543815
8478,-0.3446542413137357,0.00417186869696104
8479,-0.6370690311520979,-0.14280945391879304
8480,0.22557027664436485,-0.10999247530666875
8481,-0.1662536001455867,-0.22319337684717247
8482,0.10405294471050525,-0.44733955092248734
8483,0.755118991701728,-0.3361400180615999
8484,1.4304296187386094,-0.09465664261915693
8485,0.2564175252080179,-0.17564835565200757
8486,-0.45147419536835276,-0.28665306863084317
8487,0.5575022095725973,-0.3599739718657139
8488,0.40666201598553453,0.30522827278101616
8489,-0.08826902839863962,-0.2651660267852318
8490,-1.2184650230371048,-0.26876478574157997
8491,-0.788557444942258,-0.36063231747990243
8492,-0.7714714861118309,-0.4318143001714868
8493,0.2994454054016463,-0.1419195504821453
8494,-0.384756431154224,-0.4351600883426414
8495,-0.45639921875966377,-0.4263463292977159
8496,-0.5663989336693742,-0.2793653720517082
8497,0.18591159816023844,-0.4466235747903251
8498,0.9200686233699672,-0.19582626372509462
8499,-0.05609876562400806,-0.4411162785359827
8500,0.2250297782534657,-0.5238560295565123
8501,0.1932822617416416,-0.4063015163201431
8502,0.6802690290846526,-0.3098812823999039
8503,0.09636688609215277,-0.5138316837715534
8504,0.3797527951045254,-0.5924777671081618
8505,0.19182232315541303,-0.5785904952475301
8506,0.12314311757686619,-0.3844530983905128
8507,0.2357441622469511,-0.25874328786549106
8508,-0.3675005698189031,-0.251756024955223
8509,-0.0181562279860899,-0.5036331942368666
8510,0.3901507239475027,-0.44789548797584156
8511,0.15311445356133246,-0.5928080422111188
8512,-0.16509743462185741,-0.4901039491179562
8513,-0.010491535083175796,-0.5753087763359781
8514,-0.1589151386049913,-0.40954292850902885
8515,-0.5122302179191103,-0.45708817631609355
8516,-0.011454868155489378,-0.5934251177927712
8517,0.26036311019202113,-0.5532789751011218
8518,-0.6405899175558123,-0.45302282003981587
8519,0.6742226514834997,-0.2586735023780695
8520,0.10746821369999149,-0.4386503700438992
8521,-0.1796739735555308,-0.519335281620791
8522,-0.3359280682256264,-0.5388468660274359
8523,-0.17285064912588866,-0.48107033337874006
8524,0.571408886244784,-0.4702852456109743
8525,0.6468283677285875,-0.293042940435541
8526,0.010663223083343665,-0.4126255966765112
8527,0.35280311144386967,-0.5089595886701144
8528,-0.0412545523011045,-0.5548461139956016
8529,-0.4638883960417634,-0.5399029223904768
8530,-0.049932210080023354,-0.5528093707985531
8531,0.28575797270066844,-0.5714844803677827
8532,0.05957739372616139,-0.630329362686064
8533,0.19052073718468654,-0.5200986903825823
8534,-0.1562101119997271,-0.5685613091377054
8535,0.09451821801979776,-0.5542629605510944
8536,-0.03528001446878257,-0.5204084981826672
8537,-0.1168822842905826,-0.4848527634001164
8538,0.3862932678240537,-0.38756547796271434
8539,-0.2227665185017162,-0.5232110711585215
8540,-0.0965880040323548,-0.5558692183243051
8541,0.028929578875838163,-0.5451601125973226
8542,0.38822108000778255,-0.5677241945508847
8543,0.2328485661241439,-0.45970340929505593
8544,-0.20306651624924044,-0.4359087978983396
8545,0.14191341881301162,-0.6057252794170096
8546,-0.10015993748274125,-0.4988242929696479
8547,0.14090947385646568,-0.44949693101700394
8548,-0.10529132407311916,-0.5152312272973147
8549,0.23305301076598034,-0.43454186291414754
8550,-0.6107597867243186,-0.39797481341081986
8551,0.09904750725404732,-0.6443410808812657
8552,-0.18962242986519567,-0.5656862140260788
8553,-0.057164496317883784,-0.48744902065829343
8554,-0.3208466576000934,-0.5041591286527749
8555,0.20366705041212269,-0.5073357133600407
8556,0.0983264041373541,-0.47757563262855074
8557,0.13164134596705063,-0.49651236516743635
8558,-0.02282916209476729,-0.47337313026786254
8559,0.16560461814121608,-0.42945970197127337
8560,-0.22153063324996902,-0.5815763781110979
8561,-0.02952015889450349,-0.5430250813690993
8562,0.08444853822991122,-0.5504810649486467
8563,-0.006051492568477285,-0.6605905682546694
8564,-0.05109837560803515,-0.5339423595611898
8565,-0.02450831625256983,-0.5504692854273949
8566,-0.058351711443449084,-0.495085745575949
8567,-0.33814915016443037,-0.4731344262345427
8568,-0.004053207546878407,-0.6352591434389054
8569,-0.03927517989331053,-0.5382034552735144
8570,0.08352561970939365,-0.5750885614065235
8571,-0.5288240586877839,-0.46554638274522553
8572,-0.04129935378972202,-0.5986439024018
8573,-0.10354006733362775,-0.5602822414826873
8574,0.33847689978843987,-0.5723581850623014
8575,0.2879476558874967,-0.48885883864357227
8576,-0.015256570105768807,-0.4966620369597151
8577,0.037947716273966425,-0.515978298580492
8578,0.15378536290856315,-0.5960927524019892
8579,-0.18253102563493964,-0.5607916584785172
8580,0.4388404424129878,-0.5211425224937788
8581,0.6326308915599116,-0.2877882027462168
8582,0.02056936950654048,-0.3640100914194644
8583,-0.13041694261889591,-0.4084662762836426
8584,-0.29030186987490725,-0.3769439328950671
8585,-0.21597520789737112,-0.5671451380857389
8586,0.25776573637717026,-0.5755326472683909
8587,-0.17506480124863794,-0.4890709523751038
8588,0.5289152917921403,-0.43541751458499744
8589,0.3933900187767636,-0.38279393244529303
8590,-0.541148721547819,-0.45803623335018473
8591,-0.37023922044515756,-0.4401467023776088
8592,-0.019127508362530493,-0.5516146728063802
8593,0.47459192702130903,-0.34290104862074605
8594,-0.08334275751898534,-0.5725734101347539
8595,0.11707037587238889,-0.49052207857907404
8596,-0.2654067597980557,-0.5252896629604199
8597,-0.23667058525663764,-0.5795133419120255
8598,-0.21231338491795954,-0.4984447765220422
8599,0.15180405587270385,-0.5581733909805303
8600,-0.17908692574642474,-0.6169116789335655
8601,-0.14136532179798605,-0.6086349426352359
8602,0.07836401239826885,-0.6293176481585604
8603,0.2635755917669508,-0.4899460362361894
8604,0.029560347332964032,-0.5867601313306333
8605,0.5430034418004435,-0.4650673365146012
8606,-0.16762001457310052,-0.5249096355972752
8607,0.2541655843784659,-0.6039940679325231
8608,0.2088706679414355,-0.5181174509134543
8609,-0.18638806474233383,-0.5635782948279782
8610,-0.15042505280183976,-0.6225746152908951
8611,-0.18319238277428956,-0.5628795243173271
8612,-0.09779871672870023,-0.6545809966834822
8613,0.1494396853942041,-0.6353420161227951
8614,-0.06771286397489912,-0.5213087652882636
8615,0.4360736862788037,-0.48329196261684393
8616,-0.21486213662359196,-0.5022886266319784
8617,0.1977860463300808,-0.5554530468888437
8618,-0.26240099464014005,-0.5602004906602961
8619,0.07307274551741194,-0.50002452060606
8620,-0.3263906715024236,-0.6151296280518618
8621,-0.05145727212691059,-0.6337371167220005
8622,-0.39044356173740785,-0.4436510683867998
8623,-0.00860044427676232,-0.47571231161646677
8624,0.3692173131906279,-0.5940605160187388
8625,0.03171349719411881,-0.6056076315999214
8626,-0.01990529880996686,-0.5669639505859592
8627,0.11081504101494655,-0.6438372872661972
8628,-0.43153503695558254,-0.5801827186858249
8629,-0.034767338489961774,-0.6148699455019855
8630,0.2677536488032744,-0.6131647287004218
8631,-0.19475048312608423,-0.628207389059405
8632,0.05638270714288529,-0.7226788318760758
8633,0.08884631990346559,-0.5706404871350362
8634,-0.05103642907872494,-0.5483986792958199
8635,-0.07288879914768964,-0.6200769128278042
8636,0.16141004815549964,-0.6003398428113361
8637,0.2694250657311146,-0.5818443760381257
8638,0.0845019743734613,-0.6105126885353476
8639,0.10291188347733882,-0.5940958993899551
8640,0.06670535842982406,-0.5472581519202866
8641,0.11220574255378751,-0.575484824490285
8642,0.06438782376686525,-0.6333766589646731
8643,-0.05250321452319606,-0.645977528868133
8644,-0.12179928077268906,-0.5747039420780511
8645,0.2807716842581164,-0.6285451189295593
8646,0.053731303885463044,-0.5153546581642953
8647,0.06528657831238788,-0.6527821812054544
8648,0.6774025673547452,-0.367129573592327
8649,0.028662506360734974,-0.5865934097471066
8650,-0.01596387301052221,-0.48930262404934166
8651,0.26367026321480747,-0.6029996448947097
8652,0.21419427136764257,-0.346513843213726
8653,-0.35616261554927076,-0.47185508513286933
8654,0.5799161467391564,-0.33562746908053354
8655,-0.15659553441136032,-0.4411956820482331
8656,-0.3857203982096988,-0.3637587379497633
8657,0.3368814541025087,-0.23920072951680957
8658,-0.33466341105330466,-0.4864369043175427
8659,0.19449997021339438,-0.44290139526371997
8660,0.20413930957020582,-0.5038498345700922
8661,0.6516879335363724,-0.21402928944625113
8662,-0.828016916938369,-0.276500004367079
8663,0.1899168316976268,-0.5228508342651373
8664,-0.4241157820173928,-0.3970457765421217
8665,0.6571024485903394,-0.45629849152173285
8666,-0.08198760766714253,-0.5224979654165771
8667,-0.03902043742964606,-0.6189335529177229
8668,-0.0253889577302856,-0.31205987856146344
8669,-0.17251080066462082,-0.4358691666950062
8670,0.45850488453809346,-0.5681246078785014
8671,-0.32633600159627296,-0.5286728524167715
8672,-0.9874567911044142,-0.16848384726386748
8673,0.021195188192656672,-0.184853815272639
8674,0.1316334038892628,-0.422002749480759
8675,-0.17005705200897012,-0.41945019929245764
8676,0.06617139348923001,-0.5434232926323632
8677,-0.45288487229597724,-0.43137239061358523
8678,0.015739310880905355,-0.3513748750081833
8679,-0.34128968345647137,-0.36321555248432524
8680,-0.021522684185780627,-0.3895113189994315
8681,0.5087972572461231,-0.3561255883696478
8682,0.07950641785612228,-0.4741996554126633
8683,-0.3662637288782895,-0.590358711827104
8684,-0.28021938438064725,-0.38401652253428553
8685,0.7512718302849987,-0.5753507956154469
8686,-0.25349768405887524,-0.5362632489274743
8687,0.5635027904145041,-0.5099417522247165
8688,0.1635517232252891,-0.5546250510056103
8689,0.04824075729037747,-0.44182635593241204
8690,-0.26070824756334027,-0.5414756647425103
8691,0.15602175716609318,-0.47975879057841475
8692,-0.5217230877880941,-0.5011964363398324
8693,0.08824987774961912,-0.6134156833779252
8694,-0.11753194150847895,-0.6194509830330364
8695,0.15485513539864532,-0.6158575130289442
8696,-0.22724262038085413,-0.5956632993683331
8697,-0.2627562021958081,-0.6150605535962177
8698,-0.016306449557364905,-0.335917030193706
8699,0.5398795853859296,-0.5535419487918678
8700,0.5664559036379364,-0.4636507368214686
8701,-0.18197792964023102,-0.4427894041563052
8702,1.6101088629028943,-0.20090685138680567
8703,2.5287193779085335,1.1391712330673425
8704,0.3590201301425996,0.5219822777915083
8705,-0.037593047539809826,-0.2579722124116868
8706,-0.11259301439913111,-0.11113807462278275
8707,0.9135439436647498,-0.15594162043057194
8708,-0.7229068267173092,0.06226603070417794
8709,0.15363120247660889,-0.28223338600873726
8710,0.15631661205986003,-0.09246862169962448
8711,0.5464986925754888,0.16690058938335264
8712,-0.0771024016260824,0.04090021610023545
8713,-0.08686931013709162,-0.3361684119631386
8714,-0.833878486682086,-0.1642935321919044
8715,0.2742126198659004,-0.4106010387123795
8716,0.36484996836703465,-0.4449817209164907
8717,-0.7337453335868277,-0.45330508192335195
8718,0.28326808916546264,-0.5436298945276913
8719,-0.3042626927145155,-0.48654791458768953
8720,0.021482916004311958,-0.45061737823792414
8721,-0.561434042135279,-0.487310129571104
8722,0.031017791810113604,-0.5272405510023817
8723,-0.3036561915428102,-0.384875326484441
8724,0.4359341159247794,-0.6380588126964805
8725,-0.12945775103144858,-0.399887431482406
8726,0.08885657199680574,-0.5678176138978792
8727,-0.3078341544439271,-0.49209011045944306
8728,-0.526119797028289,-0.3701143307078123
8729,0.004012592600961623,-0.46853907851909327
8730,0.30797594733264444,-0.5957695893651576
8731,-0.41318559725482634,-0.47180441996540323
8732,0.20329605591884853,-0.5385817873825977
8733,0.16578099776283928,-0.4294407418402697
8734,-0.10467384879792982,-0.5281179902374272
8735,-0.22118188579529624,-0.4487142709183026
8736,-1.1470966760464523,-0.20062215795258936
8737,-0.6522646732734985,0.06026094048484201
8738,0.2801454442266526,-0.2800673583478893
8739,0.45900857976128173,-0.374046647662956
8740,-0.02814679279992463,-0.46549054261863343
8741,0.06657465724945233,-0.5789936734898115
8742,-0.24568525481439643,-0.4588982420665383
8743,-0.04470582164126721,-0.38682073028172514
8744,-0.5518347616171067,-0.5182134907251272
8745,0.05594863906747888,-0.4774568624579778
8746,0.4193302996427388,-0.5327176954103086
8747,-0.04485390192687594,-0.5668784999542836
8748,-0.6525756384242224,-0.4757358245994411
8749,-0.21032114714064837,-0.5375485009085925
8750,0.1450917114363054,-0.5515966972124016
8751,0.22875501130490522,-0.4277885231726538
8752,0.23170042538794522,-0.5082220634037776
8753,-0.023650233536216536,-0.4964485308184443
8754,0.327658534413382,-0.4113224175098298
8755,0.33027011440618625,-0.30055401404859083
8756,-0.10602372612195918,-0.5837603619814247
8757,-0.3649222662550198,-0.4711601019831878
8758,0.093544600803256,-0.5826662488021598
8759,-0.12509761053590074,-0.45406426824430435
8760,-0.29545823964535867,-0.40889467421203074
8761,-0.30631323580614356,-0.34196564391203743
8762,0.4375287232009689,-0.4577794270248696
8763,0.8205599724401825,-0.28276459700354106
8764,-0.9272315670889724,-0.3483114009485705
8765,-0.34257700818752973,-0.4611285842371189
8766,0.08963821874172773,0.00920643055262238
8767,-0.04568206091874763,-0.27372460439876845
8768,0.02224217841985593,-0.2766050291204285
8769,-1.5819921071290497,0.36975399094715067
8770,0.19939983508871872,-0.20601896615837106
8771,1.2798104250503863,-0.23862039597198298
8772,0.30131101075305544,-0.04273586498212509
8773,1.069405300134754,0.26718346252050573
8774,0.40876148208789187,-0.15562144359138824
8775,-1.2185776215067325,-0.32259198588792537
8776,0.7049862557642838,-0.2973374155131729
8777,0.5414025206424209,-0.2241733841680079
8778,0.2977445283394964,-0.2514616824391106
8779,0.14118035546582064,-0.3442571440671331
8780,-0.0068065134151673035,-0.39410480398579684
8781,-0.6638058468265975,-0.413181213047342
8782,-0.3504845576521265,-0.40365335144225856
8783,0.22925102577993656,-0.35490809056710193
8784,-0.38296035611924895,-0.2895262824832282
8785,0.032447773369573385,-0.5713183898885603
8786,0.6872140226425755,-0.45273761890747866
8787,0.6366107012538811,-0.3165862639513177
8788,-0.010131231410977326,-0.42323858183858676
8789,0.6154411313832101,-0.05769022609055838
8790,-0.45315068403541414,-0.26106248434404145
8791,-0.06896459218546458,-0.3157600627338598
8792,-0.15294391852361003,-0.4648391152913358
8793,-0.04443679348746454,-0.3617757631109172
8794,-0.21558372930858646,-0.21499347479270364
8795,-0.21463259657691786,-0.54733642387245
8796,0.0005358231168209604,-0.43432632483202427
8797,-0.8242351930289579,-0.2325292441775895
8798,-0.09747406014832036,-0.4780205441680161
8799,0.2182540979126124,-0.4505510427156776
8800,0.14092049075499358,-0.46311723032303653
8801,-0.5151800309353877,-0.369034677388836
8802,0.4719449094253463,-0.45322645575103393
8803,-0.34681659959501754,-0.5203244523734823
8804,-0.01975031414134959,-0.48016372104272886
8805,-0.14922594994806887,-0.3505546837511447
8806,0.6735855856303886,-0.4340274229851896
8807,-0.8112252858075818,-0.33635555996801336
8808,0.4418758774648338,-0.33460123442206696
8809,0.19967432539197238,-0.5984963992592035
8810,0.5620518204498004,-0.4368018188668177
8811,-0.1986843222748167,-0.30681139394094104
8812,-0.33619138043366803,-0.3816352983432988
8813,-0.529451008498248,-0.33243966110058254
8814,-0.010428296936720483,-0.413575811452653
8815,0.3910333589205959,-0.5795655740972661
8816,-0.7099678301521163,-0.4630726328813676
8817,-0.5640930359841024,-0.364401510455275
8818,-0.005974916200307101,-0.5613072660102393
8819,0.4596829224313763,-0.4790989701372038
8820,-0.16575758018741354,-0.46941207339924174
8821,0.22190491872401952,-0.44502731242241067
8822,-0.29638689801733037,-0.5310791879078193
8823,-0.48603457422606566,-0.607607536177075
8824,-0.18404753919861405,-0.4987713596884359
8825,-0.6478660106199772,-0.2659017142957465
8826,-0.33829083997183185,-0.44515798208516444
8827,-0.37329234036643677,-0.4128952263816943
8828,0.1898184826632225,-0.2342279199916468
8829,0.3487648965689233,-0.42529207282291526
8830,-0.4543720663424902,-0.5546172747545395
8831,0.09449678077624157,-0.5018754917087581
8832,0.4176011586393539,-0.5673058998523519
8833,0.018573008338356733,-0.4316125431353326
8834,0.023117046435727928,-0.5097110018069015
8835,-0.01724962195203511,-0.2849660313330369
8836,0.0303909668048028,-0.4905097003934147
8837,0.5299892289695888,-0.20807217243346793
8838,-1.0017104591334698,-0.3909765980290877
8839,-0.017386638971603113,-0.37250831987667143
8840,-0.5964098708462667,-0.41685271394886747
8841,-0.08287114186740997,-0.4634692811621792
8842,0.1236433657714624,-0.45951637419172875
8843,0.018703690047810417,-0.37108818554881895
8844,-0.3119818961916696,-0.1870948962914537
8845,0.2287384461157616,-0.44445719852631327
8846,-0.14015836562391076,-0.4748284420525103
8847,-0.14982016116054847,-0.4888234499023143
8848,-0.07261097616077172,-0.38077673008836666
8849,0.3021702374571711,-0.36978904826732273
8850,-0.710351922378092,-0.48626484800308567
8851,0.4376920284773367,-0.3966009171150273
8852,0.11665336158493517,-0.4405613484948948
8853,-0.00192474211743629,-0.36695218898045745
8854,-0.1262038227950758,-0.5010868108105083
8855,-0.44398112253461547,-0.5749142726779297
8856,-0.11585070473052059,-0.4633240424242431
8857,0.06743606755124287,-0.5667041104159722
8858,-0.3228221934767258,-0.11700534059545051
8859,0.6100511482076606,0.06638656035853194
8860,-0.6492837673925459,0.012301253490265313
8861,1.330540125037989,-0.27910134245883766
8862,0.8785880332495278,-0.12605582796693612
8863,-2.461097785494946,0.17677459481513788
8864,-0.8619211394884395,0.41667995294401905
8865,0.40931482247765605,0.337811551921842
8866,-0.5578841553892975,-0.09154475538043257
8867,0.5997270294599873,-0.33241364552628383
8868,-0.17690321714486762,-0.2648849297504109
8869,0.17419262551080156,-0.5578243603752044
8870,0.8957178428268434,-0.27371528313322
8871,-0.29200063805990206,-0.44431794687331816
8872,-0.1675974307408476,-0.41527809136365657
8873,0.08535149924502533,-0.7556298508243857
8874,-0.033807230408411854,-0.44406408054568325
8875,-0.0333349386463577,-0.38872762272412176
8876,0.05691806921686088,-0.5326736059042997
8877,0.009593518424212494,-0.537544365800522
8878,-0.366278865251611,-0.5306504453233769
8879,-0.9986576362847336,-0.198323201033078
8880,0.13613742226395464,-0.46686048960457815
8881,-0.5960613966590296,-0.14519620734518449
8882,0.6138299377458876,-0.020883888698808833
8883,0.05212434077901634,-0.31891365780085107
8884,-0.6633454080159894,-0.46779767966821784
8885,-0.3139140003691303,-0.5225476554576309
8886,-0.22374981374301584,-0.061663607890644484
8887,0.9603664110303484,-0.32156551302843744
8888,0.37301901842177776,-0.4841917342909594
8889,0.2884050146132976,-0.38956932138962963
8890,-0.2710274895769519,-0.4648062329222109
8891,0.7640201407189685,-0.35049413339330926
8892,-0.28038255096886844,-0.5297030118708982
8893,-0.09410216826574128,-0.5778333747258229
8894,-0.11318081873221406,-0.45722332764396767
8895,-0.2554168134170002,-0.5680805333173404
8896,0.46991505503404285,-0.5021184830427259
8897,-0.70069872048916,-0.47418612680602557
8898,-0.6403196447540678,-0.5136947801650698
8899,0.5545041944266917,-0.5010577949643366
8900,0.20774972466928843,-0.5579023467959939
8901,0.3480751071841104,-0.4719590577299103
8902,0.17725278184561244,-0.45024503080057976
8903,0.007153122369139564,-0.5347413771287582
8904,-0.026374500718992444,-0.5026627512460186
8905,-0.783900137396074,-0.44733734013504334
8906,-0.0014328284413082648,-0.46637211792495137
8907,0.8854312828100378,0.046951267007294434
8908,0.5558830953947603,-0.36422349815474697
8909,-0.05795253261872885,-0.4706433305290504
8910,-0.46070629930949974,-0.500993883229326
8911,0.42202795928144154,-0.5068039222009366
8912,-0.08205080725712091,-0.4809031094341987
8913,0.5020330282614578,-0.5274376616419112
8914,0.6002268239958997,-0.328674857295594
8915,0.42305656023156946,-0.3347213794401813
8916,0.06706953803583404,-0.40930905760511227
8917,0.03422523177217268,-0.4888159053615132
8918,0.043901760698134645,-0.4818378560651735
8919,0.22096520940785958,-0.4770412716407091
8920,0.1151187954652037,-0.5147961039645003
8921,0.4027259254177735,-0.4730828793181091
8922,-0.3705396564458836,-0.5197400585767392
8923,0.29751572371439816,-0.33732537504273197
8924,0.30971588007178863,-0.478506999562875
8925,0.19879352905973685,-0.4461872396759021
8926,0.2683023239078455,-0.45649806230165346
8927,-0.461583248749354,-0.3837543255440642
8928,0.978249593533285,-0.46122779298013716
8929,0.43636225203221857,-0.37179581673727047
8930,-0.45922945879970734,-0.2928105780784198
8931,-0.22782757281332583,-0.3961273700726129
8932,0.6511793983672286,-0.3672640397861703
8933,-0.1393593570071439,-0.5679660013269094
8934,0.6762443401366699,-0.3653734241171869
8935,0.5151633258292512,-0.2451327608838658
8936,0.07404031754399665,-0.3397925747528503
8937,-0.12330679504535295,-0.1898265935173501
8938,-0.17126842433848255,-0.36553647518964594
8939,-0.3200122689498859,-0.504571742149039
8940,0.2357877499031169,-0.5240307091097728
8941,-0.22486030227330717,-0.46218363399334017
8942,-0.05241219170179054,-0.4515562339278332
8943,0.3105804951167551,-0.4809623066067953
8944,0.3806620724125368,-0.5698470471940549
8945,0.07678454317750621,-0.35364117505644455
8946,0.18664722023826003,-0.3683033363062625
8947,-0.343005550934006,-0.5175211471262047
8948,-0.5040785792784193,-0.3571124867668152
8949,-0.22041590430029784,-0.4618115481989923
8950,-0.3154116945513201,-0.5981894366665594
8951,-0.18282369382289088,-0.40381722613238114
8952,-0.5510946993092166,-0.43038537300480995
8953,0.48018495089372326,-0.5548756052907786
8954,1.2232158648462552,-0.25325131108876014
8955,-0.36116679915193084,-0.4418126333960932
8956,0.5771592787458513,-0.36127448126438055
8957,-0.06070055943328173,-0.2662651222307686
8958,0.55489591819895,-0.32002928428898747
8959,0.1405461857374462,0.09489555307351355
8960,-0.5343102124719953,-0.27670729203029537
8961,1.2237052157316075,-0.30275075121126194
8962,1.0405981103727435,1.1001668181094
8963,-0.10280615484553995,0.2563027759592088
8964,0.48630450008636483,0.012047977702893092
8965,0.8835908220119094,-0.0031353128781424766
8966,2.558411074428177,1.7155114400101186
8967,0.5672754783054818,1.4258723057110387
8968,0.7034909788408691,0.9929162064440539
8969,0.39950554883556255,0.7002402212582178
8970,0.007864983028672667,0.09245688290198698
8971,-0.2936888542656333,0.04537437713007478
8972,-1.3032390377931389,0.8508826165766165
8973,0.169071339583162,-0.22446054508594535
8974,0.35900844070482973,-0.16520366359153965
8975,0.4686250380573216,-0.21531221498718287
8976,0.0019488044467059207,-0.25144551051763636
8977,0.2954737852909529,-0.15357862032166691
8978,-0.349866189397368,0.02704457043064934
8979,0.25199133820420894,-0.2531510545171415
8980,-0.5953092410254011,-0.1750661424627359
8981,0.8979440963024236,0.005541247966813712
8982,0.05141063293240039,-0.33546150606636693
8983,0.2867512287978911,-0.06342352769547266
8984,-0.47712085236029206,-0.4017243364697459
8985,-0.767300561760507,-0.243805931885948
8986,0.44846080801995447,-0.2440504024193486
8987,-0.4261402069508005,-0.2937865422534841
8988,0.15379174034788412,-0.2974706034580473
8989,0.532619379732208,-0.29712281161029297
8990,-0.2866096123239589,-0.06749285317750607
8991,0.017680834439643744,-0.5714801597842348
8992,-0.10224116945302057,-0.28750929453226015
8993,-0.3619350124543059,-0.519350506078213
8994,-0.37756570676711265,-0.3479710879065856
8995,-0.680375594622505,-0.009020528064484348
8996,-0.9381044253212312,-0.021376890195716494
8997,0.21297967391969808,-0.2362401286984769
8998,0.46094683572858375,-0.2322375517283182
8999,-0.33242929980701996,-0.34953863702542115
9000,0.8778375704808451,-0.26257557217667293
9001,-0.4028519876044899,-0.49098402679274333
9002,-0.09337194703570074,-0.3394204907389161
9003,0.6482271425911961,-0.27459994767274565
9004,-0.1942256117842564,-0.36648608803195004
9005,0.28165621478112685,-0.5135249905538993
9006,-0.6950571974750294,-0.45489320559200697
9007,-0.8338866029819451,-0.4140067926376646
9008,-0.2327127007614776,-0.543459831149286
9009,0.8169096242483874,-0.41943387758805784
9010,-0.15193819150772644,-0.5961209506357855
9011,0.5046637606655311,-0.40407502352907865
9012,0.11906676962782137,-0.5034584975403568
9013,-0.5875119316512358,-0.5055718617485717
9014,0.5944658625089024,-0.40577758001669484
9015,0.348684263221957,-0.44883482489282844
9016,-0.11531200155099212,-0.4970534844479555
9017,0.1449246203113651,-0.4156206386391613
9018,0.9876102090120461,-0.16898889457028643
9019,0.5007841905473827,-0.20946590135553161
9020,0.4402204582810447,-0.16686869298413579
9021,0.2583884813061238,-0.21593517392195785
9022,-0.34979623712128144,-0.3066299452632048
9023,0.7639933448829235,-0.31681482157704033
9024,0.10573385315105654,-0.34510091231648954
9025,0.013725241948355893,-0.3622896902431276
9026,-0.5645227612504633,-0.306263387501822
9027,0.3731833179719465,-0.3404783212745178
9028,0.1763371499854005,-0.14279066027888954
9029,0.14892529455811032,-0.2920566551999324
9030,0.014734955256761523,-0.12404236365319615
9031,0.4678428641837895,-0.1619164135965983
9032,0.06022030668869649,-0.18381771281670733
9033,-0.8004186163757492,-0.2612042416393312
9034,0.7478250644449741,-0.3061143640667078
9035,0.3618596078551294,-0.15125638765602986
9036,0.7733642328075689,-0.021912219970161323
9037,-0.7045191232967419,0.09374931069945525
9038,-0.030128091155442294,-0.2512225083109131
9039,-0.7542222244721811,-0.02565657703700261
9040,0.04439459411794586,-0.29687420174775986
9041,0.09763075019516537,-0.41581450789108587
9042,-0.5035023431051826,-0.25643683844406806
9043,-0.3822009832163062,-0.37202570223877607
9044,0.19332468320476015,-0.3753329071021201
9045,-0.08389011728076898,-0.497883970742408
9046,0.2835305229496904,-0.1284970586955863
9047,0.2912547478209947,-0.4528566351398434
9048,-2.9364047620872347,1.8187821655139194
9049,0.5146131773568784,-0.006100975710655793
9050,0.2176928641732651,0.2209990752715089
9051,-0.3963426668802898,-0.42390576999637797
9052,2.5280260459240296,0.752039351807242
9053,0.4652138414437489,0.42763970066171486
9054,-1.210434615523238,0.5325064041969776
9055,-0.29048863558812615,-0.03597086639339636
9056,-0.06595693019665377,0.19977395917312882
9057,-0.2938025907370835,-0.33660323580371554
9058,-1.2631316095757903,0.1004738436219742
9059,-0.01569386698921338,-0.09159126518864613
9060,-1.2572163865550405,0.7980779240645441
9061,-0.7911743440784204,-0.08186309273312833
9062,1.0077974231293614,-0.07560702684312667
9063,-0.6243717028938891,-0.32168753432114394
9064,0.5387417932843181,-0.4433451457758183
9065,0.03575999752055392,-0.24918750773025336
9066,0.9594689128360908,-0.3482735862273897
9067,-0.4362615732830229,-0.341016987991693
9068,0.2207322807299224,-0.4972450090199436
9069,0.06428096597910044,-0.6087067488504273
9070,-0.10918662014249661,-0.368342836686935
9071,0.5467843230451042,-0.4771676703957727
9072,0.025576038142034963,-0.5022533033198363
9073,0.1114619281417153,-0.48147599141701025
9074,0.2399910356858918,-0.5341540122768093
9075,0.3684610136467946,-0.45881350194433446
9076,-0.15797769591471,-0.5044495662160239
9077,-0.10847911627742549,-0.5983851098233168
9078,0.20533277048469728,-0.5126983574193728
9079,0.24819582316520494,-0.6471928008654555
9080,0.1642382227126587,-0.563363179105627
9081,-0.052101415943312884,-0.4456832032001964
9082,-0.33543295207872864,-0.39586043782902725
9083,-0.019168470582055813,-0.5330718103940494
9084,-0.020278118434989723,-0.6260092308187365
9085,0.17773254437616326,-0.5890652834451008
9086,-0.07227867853712788,-0.5103931259629749
9087,-0.19854554427604704,-0.48604124664123827
9088,0.09601984251638368,-0.5956008982365926
9089,0.16137782304272125,-0.5889768162589266
9090,-0.3283776877567553,-0.48186351876891187
9091,-0.39097473718334536,-0.438324854670609
9092,-0.07751599836790417,-0.6230526502529805
9093,0.17720325464876618,-0.5866242243971103
9094,0.17564256321955896,-0.5709243427905207
9095,-0.48606166677878815,-0.4573213347916796
9096,0.5715961429120963,-0.4069222334756849
9097,-0.5738443002991451,-0.4946956026190087
9098,0.5039002659504076,-0.5297239948594985
9099,0.1349841807152261,-0.4961191766438533
9100,-0.39558823686978883,-0.4763681311036295
9101,-0.08447283096147849,-0.5706141413720003
9102,-0.4837952675469917,-0.46458889794227887
9103,-0.11444030588721299,-0.3986966544240206
9104,-1.087031045944054,-0.175488192859894
9105,0.1344224936032291,-0.35606094387475185
9106,0.3569555782318371,-0.44276359819487776
9107,0.43896104411375714,-0.43336228488295014
9108,-0.044744790269165696,-0.5455475499886339
9109,-0.31648550990296037,-0.53594600441114
9110,0.16376846026938074,-0.6152071857337017
9111,-0.3603542894446485,-0.49133663606702305
9112,-0.5050944935525732,-0.43316968793089805
9113,-0.42223656877297067,-0.31979834639959576
9114,0.4776087177391055,-0.42750043784561687
9115,0.16769947067603186,-0.6076809538475697
9116,0.11366350578791373,-0.5302124435179378
9117,-0.3436019991351451,-0.39556195700224894
9118,-1.1575266867075626,-0.19645386898272163
9119,0.03945200346373706,-0.3247767231958875
9120,0.28151138789695485,-0.5116733654558497
9121,0.14621256692143653,-0.4654194367573169
9122,-0.7878339141246731,-0.20821749298501213
9123,-0.444942276656316,-0.3403455320930857
9124,0.006452155557330835,-0.0026834364504968178
9125,-0.48099143803791705,-0.20836424072570645
9126,-1.0064262344119639,-0.05722292382234753
9127,1.2123761641976798,-0.05143670127529415
9128,0.7382378396861365,-0.4331822655328017
9129,-0.3368128967137298,-0.48689041226725405
9130,0.4641150775788617,-0.40363707373773494
9131,0.3743007006759693,-0.35028052331731563
9132,-0.0223257555320161,-0.567772350077929
9133,-0.19821074346185308,-0.40955618030318786
9134,-0.020733313500248707,-0.4820802039994365
9135,-0.2589999940841289,-0.6094549878509777
9136,-0.17371628569058117,-0.5115096305966167
9137,-0.09855222931306686,-0.56029642643071
9138,0.33459516622916396,-0.4883762065620607
9139,0.34806139624612664,-0.4832860290552823
9140,-0.222137648197908,-0.598185544574846
9141,-0.3166773483444312,-0.5813678663276645
9142,0.09149004228632324,-0.5265382729992938
9143,0.15864451981134775,-0.5127229814669266
9144,-0.4385673920704635,-0.5921439081343491
9145,-0.07465436890346383,-0.4720731273296874
9146,-0.5003998320640467,-0.32154664183105164
9147,-0.11452194709455311,-0.22157173896505444
9148,-0.7135622885700162,-0.004898690403675243
9149,-1.1508184353522117,0.25575771835973127
9150,-0.6521527179604347,0.395715461755871
9151,0.96625159031349,0.4826892642571047
9152,-0.07083627542390081,-0.21117177271478857
9153,-0.5904327542361256,-0.32278058871419985
9154,-0.6318513642809931,-0.3477850209961927
9155,-0.10900689811036013,0.19502565524766843
9156,-0.2050566995139733,-0.19817758131101124
9157,-0.2432832551579575,-0.17846105831528095
9158,-1.0641831414572926,0.6494245772472205
9159,0.11733256402805314,0.2990397502724683
9160,-0.011143661971892815,-0.023749407067689354
9161,0.390759059894893,-0.30512168625507247
9162,0.16270154720190405,-0.34325806575556905
9163,0.21763994769698353,-0.4517276829177099
9164,0.3489289256071446,-0.2937240081371582
9165,0.3392255840799918,-0.439540088191389
9166,-0.4756646664137375,-0.2053488375183991
9167,-0.5459234780330153,-0.418905471540825
9168,0.3857395318014648,-0.4632101186449674
9169,-0.5323776111823431,-0.3485579864182411
9170,0.516612105167071,-0.2699629078992404
9171,-1.2603250971362563,-0.30065010265847747
9172,0.8249086483819453,-0.45309989191766664
9173,-0.22865256491216054,-0.5126807698539747
9174,0.7857641870668604,-0.4278187249436761
9175,0.20477686432988024,-0.6945179717970715
9176,0.19554507897817175,-0.8019071320277132
9177,-0.08379480034909743,-0.4579992643664562
9178,-0.1499628726022152,-0.445278909093787
9179,0.4454884232881875,-0.4666586893028105
9180,0.01387896836949079,-0.5264091329766891
9181,0.40310413674473033,-0.5741445739780164
9182,0.4514655428474643,-0.4253021143940311
9183,0.2644898794062821,-0.3334376732475812
9184,0.4199703148584184,-0.45840161875003405
9185,0.15472412668403668,-0.5526673479062507
9186,-0.5307149187949811,-0.3561864538126465
9187,-0.24759591187611635,-0.5136865572781708
9188,-0.4937633603134254,-0.4284287567269772
9189,0.16053880450040758,-0.5768814095291032
9190,0.44786786201252704,-0.3995272817146125
9191,0.2829567489133382,-0.4834302521208599
9192,0.1936591100250729,-0.5280875591317453
9193,-0.10090110102823353,-0.6435009190990574
9194,-0.31487648182528793,-0.5891012624955453
9195,-0.5078538262105329,-0.5435838615090975
9196,0.13833955594537756,-0.5406394877339071
9197,0.20391713686044416,-0.5929608395668355
9198,-0.24368007654535728,-0.5245911012235959
9199,-0.3810247522644371,-0.599586975049109
9200,0.4201987853953185,-0.37298693854429166
9201,0.38053535923163917,-0.532748439359303
9202,0.21883003998577105,-0.5560308770358545
9203,0.3785636511083269,-0.5188796441680493
9204,-0.26338783682635303,-0.43212582069994143
9205,0.2018695695617842,-0.5417765684877688
9206,-0.39187022244996694,-0.497458470874789
9207,0.9514880588649898,-0.36522354544158664
9208,-0.6128154534464361,-0.5415381429721139
9209,-0.46113017485834673,-0.5625693052943815
9210,0.0010185273776669446,-0.5288437096158033
9211,0.1846612724528643,-0.5766830133666639
9212,-0.15383189067465103,-0.5518102149406645
9213,0.4932590000952082,-0.501756135132901
9214,-0.09853711930072889,-0.5637119472452674
9215,0.5981005673143697,-0.44467751140038125
9216,-0.06024442286756515,-0.5187291068738814
9217,0.30365169172427187,-0.4911985921601708
9218,-0.3592329405561432,-0.3745127577726737
9219,0.07801911643051085,-0.5343702402261801
9220,-0.4580793640047761,-0.5669123896316779
9221,0.00891679140859597,-0.5520892247577435
9222,0.28649515895693695,-0.4646358468228988
9223,-0.32138545696020676,-0.6063813340307843
9224,-0.7041585385806944,-0.46163110757292114
9225,0.17072038803271405,-0.548430751605174
9226,-0.499519252833391,-0.5694728803552507
9227,-0.027104603862369625,-0.6171398609596976
9228,0.18532743263541845,-0.5954245922194001
9229,0.687869953961701,-0.3668480371456323
9230,-0.06610309536023967,-0.5191431779551289
9231,0.08244214693354979,-0.5418921813956393
9232,-0.04151854235549257,-0.5688715784867971
9233,-0.3621184913466289,-0.4774560570162256
9234,0.2461521674514791,-0.5288312920014588
9235,0.2613386960414179,-0.5572675446194906
9236,0.05430666157642722,-0.583025311292653
9237,-0.4028275174124212,-0.6386750205089932
9238,-0.29179425821175586,-0.5384433622074619
9239,-0.22095655630506802,-0.5136619951604101
9240,0.2774838056836054,-0.5550369877969105
9241,0.33774913682296315,-0.5935432725662156
9242,-0.15506671737875338,-0.5632407687800344
9243,0.34008545123067935,-0.5553150822071379
9244,-0.21495224018552866,-0.6067734337937654
9245,-0.2676127099667196,-0.545144649137269
9246,0.0027837366999544644,-0.5983692772005879
9247,0.13793365851600403,-0.47824203484204053
9248,-0.21023389984662422,-0.5515466450374099
9249,0.27939102100151214,-0.5525998711046937
9250,-0.029549506096909123,-0.49726133292572383
9251,-0.31950112526698216,-0.6235552162900057
9252,-0.09083281321482001,-0.5624784549296484
9253,-0.08998822797981561,-0.49079236317956
9254,0.2090118434052725,-0.5558027031327512
9255,-0.31488410215861706,-0.5007944293400641
9256,-0.35490614199581444,-0.44366682812666336
9257,0.7541605348721326,-0.3845024821825851
9258,-0.25488789940944184,-0.4839494506509997
9259,-0.12404820517332155,-0.5339961399552775
9260,0.2739616585853564,-0.5694055089734742
9261,0.16020966516156138,-0.5862486987111346
9262,-0.4795271426636171,-0.5878747869807925
9263,-0.3799993002549914,-0.40727115107952305
9264,0.19519738091241262,-0.6173544262181636
9265,-0.09545714911725635,-0.5317641509219034
9266,-0.22543964497024,-0.56429394121019
9267,0.748555759762448,-0.3806778795769158
9268,0.27662292530382077,-0.6204292988070009
9269,0.11941233062403567,-0.5660930622575814
9270,-0.23806918091084567,-0.4496022753679477
9271,-0.22912619040141174,-0.6472560014089436
9272,0.40016816647916675,-0.5746571314084586
9273,0.27456380124100127,-0.6155878813286915
9274,-0.2446466014888497,-0.5406042753383601
9275,0.22918049239408655,-0.5535462466780122
9276,0.1366255558418047,-0.541179642393742
9277,0.027118257395764178,-0.6252358597986553
9278,-0.16020864619491476,-0.5432799598366725
9279,0.14516273996286527,-0.6175395093913763
9280,0.2164588169976388,-0.6617455354290415
9281,0.19245809814735476,-0.615884784871266
9282,0.19731457092770455,-0.5501089356353667
9283,-0.22761819262737043,-0.5256995052924053
9284,-0.006122456659986841,-0.5647782394788269
9285,-0.045713757764843044,-0.5661343835332665
9286,-0.26335022615705317,-0.5498842640636586
9287,0.24776182225425747,-0.5988167383887866
9288,0.11697538306381877,-0.5992133967609918
9289,0.007321204998931186,-0.5949749007298943
9290,-0.24935545075947158,-0.538070943608163
9291,-0.2785522945030472,-0.5278847440154566
9292,0.21671068995661474,-0.5506264135043364
9293,0.14190465990919643,-0.6253381485119663
9294,0.1581769911230675,-0.5453769768278464
9295,-0.35705033502134953,-0.5017228175417421
9296,-0.12594999672804752,-0.6275194985549847
9297,-0.29819427814117605,-0.633660537738174
9298,0.127866388802034,-0.5738751061375414
9299,-0.16764752761654078,-0.5377524063388163
9300,0.1623749314947327,-0.6403673978931953
9301,0.1021663846009443,-0.659630322003505
9302,0.2565057929829411,-0.5546212028729144
9303,-0.33259665179944714,-0.49529255337812894
9304,0.06020935424148538,-0.6119806481531583
9305,-0.07756798859531833,-0.6218256874296271
9306,-0.05689979508016102,-0.5894369972606854
9307,0.10310484114225349,-0.6402622944267206
9308,-0.20420270027138854,-0.6310728118571455
9309,0.019577395181764434,-0.5772766649363371
9310,0.3125922000391118,-0.48569360272143935
9311,0.20613194133679053,-0.40307990604965294
9312,0.1633286897593581,-0.5254846734201244
9313,-0.00753850838855763,-0.5555888149854245
9314,0.08398875544573503,-0.600798383116448
9315,0.017295682227693593,-0.5425778752564546
9316,-0.27784546503290397,-0.5326044366654927
9317,-0.04817365521437736,-0.612598633117649
9318,-0.17728758444889492,-0.5514601952938509
9319,-0.2723814734680452,-0.4871499278876771
9320,0.504188067963491,-0.5065482493609136
9321,0.08826318443598358,-0.5994766061101993
9322,0.18226881956762742,-0.5342021403029843
9323,-0.0810635091574623,-0.646914598574837
9324,0.1142272721149164,-0.5637854158814484
9325,-0.7517389206767071,-0.4911149424466359
9326,0.17997742550936646,-0.399169897995284
9327,0.3721707625067924,-0.5133559667228457
9328,0.3960087975152554,-0.3846200331984049
9329,-0.1279821220558746,-0.594022010600957
9330,-0.11419476326044037,-0.35659692189696346
9331,0.18192911358283959,-0.5442959590565416
9332,0.233712672261374,-0.5875770942747522
9333,0.29203293546480646,-0.4492123191252613
9334,-0.22139857613187564,-0.3886263981992032
9335,0.11262516634911934,-0.48355119829672866
9336,0.4799908282749281,-0.40463617480185576
9337,0.562406665776403,-0.24372852061494085
9338,0.02154778772390889,-0.3443384549509269
9339,0.8073856215297107,-0.29959071092360645
9340,1.0453367173261756,0.018004956918128118
9341,0.513354654647328,0.5043468153606542
9342,-0.421961675647055,-0.09255013142771436
9343,0.18151925345059916,-0.32214615822807724
9344,-0.7110829570804786,0.12225929168019006
9345,0.6803184378940632,-0.24293780259159128
9346,0.16221953359215613,-0.33251394497330555
9347,-0.36516942572961175,-0.45411406730530546
9348,-0.0976752914595501,-0.4860825626684171
9349,0.4579856603868284,-0.4392275501603866
9350,-0.18122689847671875,-0.15159206562895394
9351,0.3724393798778698,-0.5537804555476901
9352,-0.2870966719866398,-0.5761835905775085
9353,0.40752645462751846,-0.5764163554785187
9354,-0.5952504027983757,-0.5730629117107982
9355,0.3256140476899628,-0.49549086709190304
9356,0.19554411828802232,-0.5082481818535227
9357,-0.19951460606742827,-0.4999139280346713
9358,-0.3587229869685878,-0.4636446179440147
9359,-0.8297789150432382,-0.30243922253820577
9360,-0.6216193409766638,-0.2967487042409239
9361,0.2343931839399423,-0.4635975991723611
9362,0.3929962944171749,-0.5378688029405307
9363,-0.16435967045870073,-0.5578957569056547
9364,-0.3349459842109933,-0.6055051845737909
9365,0.6050986616657658,-0.4607836072966546
9366,0.8132049380107179,-0.38100192884866557
9367,-0.22755423697653615,-0.5157703681096951
9368,0.1103773496722742,-0.8312993261992986
9369,-0.3784551064129823,-0.5525625031859663
9370,0.9088789002032952,-0.503306415102072
9371,1.0110482311734024,-0.3552540957770468
9372,0.6824823702753599,0.47061438008074563
9373,-0.8475836608425819,-0.2971543922861982
9374,0.8795637784309106,0.018667031370083437
9375,0.007570266302220019,-0.29592111746482097
9376,-0.3825480742727777,-0.3258949759630043
9377,-0.2206951347198839,-0.5345030306900859
9378,-0.34615432812982727,-0.16174937282338958
9379,-0.5601245978504751,-0.43548137795508846
9380,0.40898868264440813,-0.410836916480376
9381,0.12088590134979099,-0.5468558727516425
9382,0.12774775098402325,-0.5843398375209685
9383,-0.8196395801702213,-0.4539041867224244
9384,-0.504918523134469,-0.4714246260542112
9385,0.1938232866779,-0.6010525466510359
9386,-0.5035377317729717,-0.5254560991028441
9387,0.44260851035116777,-0.4690085645991312
9388,0.3762349116781517,-0.5693744947484074
9389,0.1534007987114101,-0.5942979322872873
9390,1.316470760759016,-0.2729240656723978
9391,0.16020532291756467,-0.43722981596724797
9392,0.4099991481694053,-0.4470743165161333
9393,-0.7737281024684016,-0.49289218206268004
9394,0.12705261184601546,-0.5077706879610797
9395,0.6281062357082486,-0.43385685759440307
9396,-0.36449782305664513,-0.509245809479831
9397,-0.6455259970019107,-0.5350624550930201
9398,0.15107202307115275,-0.5639799484988928
9399,-0.22654738831123353,-0.5048154837352712
9400,-0.16866652163558307,-0.5229473357852928
9401,-0.03139332434697148,-0.6444274193793741
9402,0.12114800433483774,-0.6382995900167082
9403,-0.13022743341839452,-0.5714054143305339
9404,0.18966777908584925,-0.470652111988052
9405,-0.2595265701156966,-0.4914484380676327
9406,0.027534342233907494,-0.5081008924517557
9407,0.12863320776301923,-0.5651674481734429
9408,-1.1895048156013903,-0.4144202955491332
9409,-0.06702950419124992,-0.43453831412168664
9410,0.48026165647053654,-0.2466714503576796
9411,0.06921954373831501,-0.45111696697392867
9412,0.12293234177944579,-0.40816049579177827
9413,0.45717352478735807,-0.38453454988464153
9414,-0.4267104281298535,-0.422658102914089
9415,0.025535986493930962,-0.5703865424536427
9416,0.40359511736575304,-0.5018735197576997
9417,-0.049659980608401766,-0.4528958230152913
9418,-0.3793976342369704,-0.4233420939707555
9419,-0.2622299409133463,-0.522076291068885
9420,0.15072178483319265,-0.4501910974118478
9421,-0.2886665264746848,-0.39434526148925364
9422,-0.09014416195710341,-0.2710716092435992
9423,-0.1364987756871166,-0.37127486509635466
9424,0.34109314163873117,-0.44376594716447837
9425,-0.30733150128632314,-0.42664484216986187
9426,0.01209638340429256,-0.3945354599705556
9427,0.29123142062058127,-0.4402423507753206
9428,0.0019522776161833844,-0.4131637635198553
9429,-0.33299138678863266,-0.5318688904918393
9430,-0.6377776573820056,-0.42480865523610345
9431,-0.479864933642647,-0.23844707258602627
9432,0.31177006159633147,-0.2655836431642501
9433,-0.3174846043520445,-0.43326016883704754
9434,-0.003443187930864511,-0.4261911824037783
9435,0.7003189227985676,-0.01806888939324433
9436,-0.6990433554017037,-0.25228321073568377
9437,0.9065369706980221,-0.4353523493767587
9438,-1.1088956472429605,0.0457017379891638
9439,-0.0713118878331826,-0.36011387393367233
9440,-0.368265270711011,-0.11266460432666975
9441,-0.013328525622752385,-0.2831279412174471
9442,0.6358256957375623,-0.42498504687745564
9443,0.00422316132030176,-0.3269832091153292
9444,-0.29208440303112276,-0.36397469891036893
9445,-0.41622767734558397,-0.22060087557872674
9446,0.028780491249392803,-0.18654428367132234
9447,-0.7712049138351909,0.28115957468127195
9448,0.4213397362706578,-0.31397617957503676
9449,-1.12782586456823,-0.24460500087164774
9450,0.4312099516847344,-0.30199009126782095
9451,0.16253120994336,-0.38080896111421714
9452,-0.3603856012647315,-0.33094836234706204
9453,-0.07070264144718907,-0.41979826818176025
9454,0.3086651899354157,-0.49495480322920016
9455,-1.5245049137637303,0.045443011966736835
9456,0.6371951070516672,-0.22488685977715203
9457,0.8427605337500682,-0.5350595569375728
9458,0.3094925251548788,-0.33494719119776617
9459,0.5326111095624593,-0.3714451377205776
9460,-0.5932365938209574,-0.50824197883907
9461,-0.028099229670091264,-0.4260332041860657
9462,-0.8508521518063608,-0.38448135896287905
9463,0.13584706099564092,-0.3573398854849858
9464,0.15369614543094112,-0.40017012727023726
9465,-0.42760740728997726,-0.47385822300699454
9466,0.22661653627996586,-0.5009530857461854
9467,-0.7801395357226368,-0.246391080946521
9468,1.2325073499296502,-0.23489951616244376
9469,0.43561902850433365,-0.45619549031939866
9470,-0.3721867486377327,-0.42434967111331745
9471,-0.514558596649153,-0.44176374550189645
9472,0.7047669383939761,-0.37109711223080466
9473,-0.1946549325389787,-0.5965649653330355
9474,0.5593798749199822,-0.43659871468035527
9475,-0.04945081660786804,-0.5315890500222378
9476,0.14590385657209193,-0.41577955182994564
9477,0.2230251385680772,-0.5841586070685214
9478,0.3042097832494899,-0.41799982557363446
9479,0.5009257185277126,-0.34432428659403636
9480,0.158834440606564,-0.44330960812613696
9481,-0.9527449747370244,-0.003357955739505189
9482,-0.3919595401949336,-0.3944540294695329
9483,-0.46082218347516024,-0.448526208030799
9484,-0.41838087738884555,-0.46861150745267954
9485,-0.24556682585966025,-0.4675676204150372
9486,-0.26018791267651753,-0.32608295802623705
9487,0.6910383971372351,-0.14140177035880208
9488,-0.9120127212596308,0.061006122733164
9489,0.004710930638343214,-0.5289617870083998
9490,0.33138308056863586,-0.5768705041550839
9491,0.4789465409692991,-0.4358664008061167
9492,0.1975230610482045,-0.5122378978056512
9493,-0.09820585084445652,-0.5561374163623253
9494,-0.35143234714415966,-0.5238485511666819
9495,0.11566090000300622,-0.6329136704217571
9496,0.46959624371194475,-0.5449575677670122
9497,0.1164348069462176,-0.5980056485187925
9498,-0.16362089700651924,-0.599252352244835
9499,0.36924683882359954,-0.6327835110769217
9500,0.15923923611952284,-0.5578198122242785
9501,0.03380126285445484,-0.551684388855983
9502,0.14744342232882424,-0.6661809907084586
9503,-0.32525465163249173,-0.3496776591219479
9504,0.41765566574695534,-0.388026465960031
9505,-0.19263957815894206,-0.494234514310269
9506,-0.46725699172026497,-0.504346992065761
9507,0.1883809787129203,-0.41808017910761164
9508,0.22662740149549698,-0.48374071554847964
9509,0.621221907754827,-0.3030264242835913
9510,0.26649450325221147,-0.42980954277341465
9511,-0.3958445728254264,-0.4336859448494047
9512,-0.43457510249980247,-0.4358361379862822
9513,0.035071762759200986,-0.5403771676382082
9514,0.32909123843737076,-0.5745161781094322
9515,0.24307358631957154,-0.571990091257852
9516,0.32354890183917695,-0.520113480689026
9517,-0.16339586546983564,-0.4887225241926457
9518,0.4071146763299177,-0.28192049056796253
9519,0.2846966028525656,-0.386152621471729
9520,0.7764060414127677,-0.19753639090651082
9521,-0.08229384240187287,-0.4669240243800785
9522,0.45440147398138886,-0.015766037929306614
9523,0.12219308408907892,-0.3445716885588228
9524,0.07838034585318765,-0.4102160987510135
9525,-0.4627915242632127,-0.3442944279550382
9526,0.32108633221908456,-0.44509786137508145
9527,-0.38035835050045425,-0.4468016003290636
9528,0.25099029192135847,-0.46039785647426046
9529,0.7194420513667911,-0.45113626888319347
9530,-0.4417723699083756,-0.5466542466515181
9531,0.0380172917443439,-0.45139242230714915
9532,0.18863052341617764,-0.26314472200860606
9533,0.15281412231860658,-0.10255670433541882
9534,-1.2200643476801827,0.010594764164163495
9535,-0.48937514254149583,-0.4214586166493226
9536,0.5931239378738017,-0.3178188523462599
9537,-1.2712829903620513,-0.11371631388901002
9538,0.26829991601963055,-0.34606255165065725
9539,-0.5801969040823217,-0.4481072095341474
9540,0.18284571939709832,-0.5505436744831331
9541,-0.11421154728392972,-0.4318226208102226
9542,-0.33131083454858645,-0.608365466661224
9543,1.2820003671131097,-0.31338413633645534
9544,-0.26533518046064025,-0.43059465305094335
9545,0.25604335791246235,-0.5253932341330254
9546,1.6632704293115057,-0.15835592085903558
9547,0.2782252776283571,0.46125671263898327
9548,-0.403842776968616,-0.23888637125436096
9549,0.6524065044367505,-0.23612198096785675
9550,0.42831934222148693,-0.27419760462972287
9551,-0.23461744495033765,-0.4075187135757363
9552,0.0683408995979074,-0.38638012651276443
9553,0.43413577071066334,-0.33268203441200295
9554,-0.6418110178371922,-0.3745640640777278
9555,-0.009248601395530076,-0.5146997902519134
9556,-0.6823360747854329,-0.4718138454038058
9557,0.18029304992834744,-0.39046425688326625
9558,-0.30845305054430605,-0.5950453812322158
9559,0.49231374232778213,-0.34840500385832474
9560,-0.3968496908105931,-0.6208036871884229
9561,-0.825154409737061,-0.44682916789112304
9562,0.5580925823978916,-0.49913912046457776
9563,0.010692508266597262,-0.551745213366222
9564,0.5405733060504067,-0.4284583340155492
9565,0.05140839708900097,-0.4722687291479395
9566,-0.17716346576425904,-0.4045434176368745
9567,0.031621261433096765,-0.6531983690049183
9568,0.2688755818017834,-0.6202286213598479
9569,0.04936256388464383,-0.5765814848505506
9570,0.08551374953283702,-0.5073325212406391
9571,-0.4106561840917607,-0.5429742381393902
9572,0.39757414291659,-0.583004156873186
9573,-0.05109625803559015,-0.559742384824878
9574,-0.3579277181826893,-0.5721505796309434
9575,-0.1701806163465196,-0.5131850016377653
9576,0.2853983717788491,-0.6386238739350042
9577,0.16768722282656817,-0.508769566845927
9578,0.6159900526422125,-0.41346079674148883
9579,-1.0907060511581637,-0.5585926000011564
9580,-0.1296493118942578,-0.4665654425382001
9581,0.249594853058077,-0.5996377240801866
9582,0.3441000834421464,-0.6621778213691621
9583,-0.263666916662357,-0.5636177381887187
9584,0.23592860348633143,-0.48391622656870004
9585,-0.3594605932028245,-0.5139928236439428
9586,-0.3799687712046911,-0.403779878275934
9587,-0.012331882347893397,-0.5412155126414515
9588,-0.26737464313870274,-0.5105465146142316
9589,-0.031133506740704003,-0.5106127343475352
9590,-0.08741219756214348,-0.5742732442666529
9591,0.14380713198347533,-0.6325087580887393
9592,0.4938540954312507,-0.531008355417942
9593,0.4273146036014721,-0.4749903122955582
9594,-0.040975967853542905,-0.5303230429547733
9595,-0.04811555249588359,-0.5591578418531155
9596,1.7605877364563591,-0.06731169914047966
9597,-0.500943282012922,-0.07516435682989506
9598,-0.149602947429339,-0.3961957572521463
9599,-0.05646326912656674,-0.46088058350167904
9600,-0.1293315832076683,-0.5607586493962191
9601,0.539082935531855,-0.4477726074842958
9602,-0.44587181681378774,-0.3455750538284138
9603,0.22344994637472754,-0.5294096668280035
9604,-0.3929781015799493,-0.5624256902723465
9605,0.32937978929282485,-0.48397841523169827
9606,0.11429147810842366,-0.5386011198978438
9607,-0.044025937899158596,-0.3577878735461244
9608,-0.008501901469911144,-0.5904759685077747
9609,-0.3792971529320375,-0.47257607186719297
9610,-0.45284561715757765,-0.42718634366592934
9611,0.2252873594781324,-0.5171765825856943
9612,0.18339587353374587,-0.5289136050613807
9613,0.1033535194140418,-0.4080891440071862
9614,0.12068719862194643,-0.310374155025254
9615,0.021699711864238386,-0.5801567434500923
9616,0.5612616451439331,-0.33905708451098077
9617,0.12814159520581236,-0.4827922663164934
9618,0.22902556890035103,-0.2976992057972255
9619,-0.12450712436351702,-0.2413556123545378
9620,0.1952104464765424,-0.31618572212731333
9621,0.03294959193633043,-0.2702793079158659
9622,0.7089686881063147,0.24449787788084845
9623,0.2971169018087997,0.07031803572619699
9624,0.012668307649471633,0.10121683084994751
9625,-0.45165906465537087,-0.07056094715501632
9626,1.053799403854971,0.27713493777352227
9627,-0.64865995420209,-0.055000501480494415
9628,-0.18817149146151332,0.10372006233873288
9629,-0.6233505511503499,0.04813888976664002
9630,0.19147779499107848,-0.13791084879940663
9631,-1.0013772653563677,-0.13052023466578855
9632,-0.7258381243406639,0.3441402753058077
9633,0.6361116736517111,0.4921130015788956
9634,-0.30551914106249045,-0.05730235116034926
9635,0.8604577271627715,-0.3087352864553258
9636,-0.32914637225270127,-0.3460907299220749
9637,0.42658258295702434,-0.30650585678803555
9638,0.45273192956411823,-0.26082137037743214
9639,0.00692631035448954,-0.3022037194363183
9640,0.22842127544235424,-0.41643412287664083
9641,0.31036837938585704,-0.412852311203061
9642,-0.41246063053516874,-0.3795421836348487
9643,-0.574274483622661,-0.239905518688839
9644,0.04101289648897305,-0.36463171160647456
9645,0.11695906072216822,-0.5672604039696014
9646,1.451688144263997,0.13676183450929327
9647,0.26915744413140624,-0.36595990620156227
9648,-0.7159443839004159,-0.1781112867209703
9649,0.44175070822275886,-0.4567273563421008
9650,0.339613591078626,-0.4816812590068379
9651,2.0030566850157188,0.5474090111982158
9652,1.8404586387507487,1.9136855067860679
9653,0.9584796323813835,1.5604371963255392
9654,-1.1844320292589225,1.2199818463824914
9655,-0.7745412834028024,0.19658311875374626
9656,0.39831911688500177,0.3412156871760116
9657,-0.7104844596854554,-0.2772979278571086
9658,1.0740543402747074,0.1538702943439801
9659,0.24541680396708532,-0.30854337707652346
9660,-0.38376926245354875,-0.48251191139653193
9661,-0.28699161732393264,-0.2128388122194382
9662,1.4460458513212129,0.20468913913501283
9663,-0.6849055043594541,-0.27527072571545097
9664,0.4714908082964059,-0.3992340217199739
9665,0.2657742114328637,-0.2896735155403055
9666,-0.45477482978646433,-0.29140732097601973
9667,0.11116105223806527,-0.33260581849907617
9668,-0.3092516552674147,-0.2924152092967478
9669,-0.4059552937999956,-0.28902290690672716
9670,0.34955457871188167,-0.40900724535852406
9671,-0.6738938441399183,-0.47673828987701494
9672,-0.4075691330235769,-0.20509419227338108
9673,-0.4520312214087947,-0.25560621644409637
9674,0.5037930785676759,-0.39985909358873317
9675,0.43060073810336297,-0.4289681439997024
9676,0.4071179624019462,-0.42408965422782174
9677,0.10356734261866385,-0.40374212193595327
9678,0.6665701048657958,-0.303934623355704
9679,-0.25800810147737796,-0.37892840104909786
9680,-0.25772984161338275,-0.5046482952272006
9681,0.27084408911633956,-0.4425083331852733
9682,-0.19236905440532615,-0.4403987112038027
9683,-0.1929804223032352,-0.48740352634561035
9684,-0.2596809672826581,-0.49041210921318057
9685,0.17573162565030898,-0.5038679190721503
9686,-0.6402555782634556,-0.44824216954136653
9687,0.485533842984341,-0.48336668405146654
9688,0.5656109528834117,-0.38448493835843167
9689,0.10957190212265555,-0.5439311055934674
9690,-0.43587532476855684,-0.32322008829799076
9691,0.11331821350251137,-0.3482477854276279
9692,-0.37932248352920633,-0.46322755177196173
9693,0.28111356470261867,-0.3521971867142508
9694,-0.10976205783389395,-0.4267086297488848
9695,0.4617655347118438,-0.3611075395982692
9696,-0.5413825738419614,-0.4093486770844973
9697,0.6883746163194099,-0.2726650387647007
9698,0.9091465866138259,0.13770163471165106
9699,-0.10100098099871109,-0.14641643691720557
9700,-0.08838811552001197,-0.13761090739912915
9701,-0.31381666397264385,-0.4736454288663414
9702,-0.10258103804158071,-0.3642797392470092
9703,0.5500290111958868,-0.38730367506790897
9704,0.49834761708973385,-0.5122472108736457
9705,-0.2682348682170313,-0.4052836743851985
9706,-0.40446147025288975,-0.40223468141439356
9707,0.07250063347800756,-0.33696804345546105
9708,-0.34311499616901425,-0.2862638909239923
9709,-0.18085054014674762,-0.44552119868343654
9710,-0.688717175124351,-0.41413986685493354
9711,0.06889387955566939,-0.5148630841240454
9712,0.1993418766690609,-0.42222168309155417
9713,0.36158416630504786,-0.3601606777027817
9714,-0.280061127983903,-0.34976305601232827
9715,0.32641191596671393,-0.5275027921158287
9716,-0.2711735282640063,-0.6097621295512017
9717,-0.12426660448599897,-0.5997017836237999
9718,-0.661344248229504,-0.41359766331484416
9719,0.36145529594692305,-0.442977191954814
9720,-0.42246730745925365,-0.3793222216286328
9721,0.3411488271039911,-0.38805543535740417
9722,0.22390085597825515,-0.4319528748665935
9723,0.7186089523404143,-0.2787270043332406
9724,-0.8509744199569579,0.21721141716247497
9725,-0.2139564914233648,-0.2683353347254107
9726,0.4445278411828124,0.04051139155725317
9727,-0.8917799215811625,0.07957462115667382
9728,0.6012842101300095,-0.22585328678376623
9729,0.5508118411978765,-0.38417606754253786
9730,-1.0008904615688607,-0.29296229296722187
9731,0.9935328801122977,-0.11332307082751893
9732,-0.5506844575384355,-0.2459472534284257
9733,0.583980805135496,-0.27964654691128443
9734,0.02490908919607776,-0.39928303589101033
9735,2.6916008307938157,1.1343731389481366
9736,0.8711093143521852,0.5680759186255464
9737,-0.08140002860013743,0.297408092531821
9738,1.9332867064221113,1.0155664540918128
9739,-0.05542958692836847,0.42667148024601853
9740,0.702846861300129,0.3221576911800865
9741,0.4370930096948691,0.27019354206062085
9742,-0.7112370293692234,0.5083749774495671
9743,-0.5816513266425856,0.32292023369193723
9744,-0.5891699532944177,0.290931234889678
9745,1.0195958218985344,0.09135316846203517
9746,0.9102657819325558,-0.06461128854879025
9747,-0.9938264493261898,-0.2019296985816103
9748,-0.03156417746163895,-0.27024350419241006
9749,0.08894527537359281,-0.34381817743913556
9750,0.574806415116709,-0.15333616649784015
9751,0.0619233184156589,-0.42331407217597916
9752,0.37137175368916975,-0.3917641291721491
9753,-0.03211479511423604,-0.31112695179067373
9754,0.6732969012197428,-0.208526882862212
9755,3.937030429405505,4.757299732185024
9756,2.0558139153218886,2.131198702770196
9757,-0.18776970254380104,1.4016804879936635
9758,0.10608702293058864,0.7046350467294279
9759,-0.15516865009584088,0.7922174984428861
9760,0.45183953866026505,-0.018475338786020257
9761,0.42196754841684225,0.045888163759567197
9762,0.1629236951487789,0.30188020835506024
9763,-0.920586489569275,-0.03463143910022451
9764,-0.31935003207994106,0.1279457462544176
9765,0.8951872997132363,-0.08108674856217146
9766,-0.6995631067095032,0.10116457428611014
9767,-1.5228548668744457,0.47299644312418776
9768,0.2019360615952528,0.16276484543489736
9769,0.6899965403541588,-0.32280358096091955
9770,0.7940863532989533,0.15172204390999092
9771,1.3527272030414532,0.21663050199252656
9772,0.06785033217312753,-0.20460577237307623
9773,-0.04139337369761181,0.04997968914364956
9774,0.46157799709982794,-0.006285156541174258
9775,0.6477144299796849,0.04951092697551143
9776,-0.018197543587178705,-0.03598259899275377
9777,0.492886414058637,0.30303849199408184
9778,-0.47081517064332545,0.11973650629857344
9779,0.14982649187664843,-0.35060530615417856
9780,-0.04903306047220371,-0.31371192899775135
9781,0.4232595742976316,-0.12857734245484928
9782,-0.8810573399156696,0.04727909319738258
9783,0.057803104620906764,-0.23998700816261245
9784,0.054159454534461415,-0.12226676987886667
9785,1.0272662609636485,-0.16804006064620183
9786,0.9204092998617807,0.5253086226691026
9787,0.5237870422272182,0.5692239460765424
9788,0.7945540600497946,1.1510049241963978
9789,-0.5662508786413509,1.6356394954585292
9790,0.6265895421054449,0.8330114117105278
9791,0.14600671412728383,0.02670936655033837
9792,-1.3916001518085475,0.15945357736962293
9793,-1.39392003816616,1.1886570525430569
9794,-1.0059159042304007,1.2923632527235323
9795,2.0075189264629856,0.6094946103138172
9796,0.04866630124415289,0.438783766031838
9797,-1.431544103341487,0.6689454038409791
9798,0.4596792305484615,0.26937416828586536
9799,0.5763363285508608,-0.15056418484297993
9800,0.40180255662608144,-0.0558681910079023
9801,0.02025641508964654,-0.12969815879183177
9802,0.14672782970550668,-0.20153078911115896
9803,0.9331297012641103,-0.00041415566200031506
9804,0.3833735361066257,0.6903389589999537
9805,-0.05890503163975133,0.17748490533791852
9806,-0.30635098713649533,0.40323567808259475
9807,0.6216516835705533,0.16403575011110902
9808,-0.46298128693014423,-0.19705526476124
9809,-0.026047063608127724,-0.04654493285729017
9810,-0.7912247987924047,0.22170148763394412
9811,0.14603467037575996,-0.3272582254254667
9812,-0.08013419327253252,-0.030566396672268376
9813,0.02400928615894382,-0.16321065845129953
9814,0.9432302135477854,-0.10126492784989337
9815,-1.6293376519790055,-0.1369725097505906
9816,0.3819496969863869,-0.26126274620577805
9817,0.7303869802390838,-0.4224751717195965
9818,0.19579041721406937,0.9571817786971005
9819,-0.3654566111279358,0.16647191398801228
9820,-0.788106099284363,0.2471380847806989
9821,1.4689728369397388,0.37810565672817387
9822,0.03727426839680645,0.5031300675011247
9823,0.5248883013853246,-0.1035357323023399
9824,0.30299673774481606,0.23093311272025188
9825,-0.8545847807323835,0.3539427326885508
9826,-1.070756968008995,0.3914525936918255
9827,0.9591548727764566,-0.12635618539024138
9828,-0.7458676893919595,0.6453366380532585
9829,-3.4098785288416873,2.0679050746860552
9830,0.16854808824219414,0.24518245657697815
9831,0.9954471591946176,0.45133816351107137
9832,-0.20658262249528037,-0.2514185193955072
9833,1.1223145482271932,0.4428437664795126
9834,0.29928879417097654,0.2968792806533763
9835,0.8434672965599942,-0.0013842248618010367
9836,-0.5111490495781836,-0.21170418317603432
9837,0.8132996122890125,-0.17855536377348705
9838,0.3483164438144676,-0.234503225200534
9839,-1.02911300732552,0.01853690950640166
9840,0.8177641077623862,-0.34268037354891223
9841,0.1976298959479762,-0.3293936014314568
9842,-0.5103108078051545,-0.4419446740759757
9843,0.23319063866754997,-0.2107486384929856
9844,-0.08654268050047942,-0.38010282289228736
9845,0.549230281722983,-0.23012332161699492
9846,-0.43937710814209374,-0.11044212543309298
9847,-0.4189459900277176,-0.03996317704055949
9848,-0.7421188154923885,0.10193931519513325
9849,-0.9307445633071498,-0.06655431089522426
9850,-0.46121165897401634,-0.1740830498788881
9851,0.7936176302697511,-0.32199338923803345
9852,-2.8336483400836747,0.8527932928445924
9853,0.8830692480324308,-0.05631780980079046
9854,-1.0703612126166333,-0.16645714776129986
9855,-2.3464370254498514,1.0859915437268395
9856,0.7227261563751369,0.051559106627308476
9857,1.111237788670417,-0.07710555435466235
9858,0.8087700575422027,-0.02990050443076217
9859,-0.04940755732814911,-0.3349693121079941
9860,-0.08797633056955824,-0.46753960072013323
9861,0.08328326175785006,-0.5447558784505047
9862,0.23317449937347218,-0.4457594193712898
9863,-0.3157463262313939,-0.20015938372315248
9864,-1.720189222744363,0.5981781856872059
9865,1.510879804499925,-0.033025278696206944
9866,1.5821478286187785,0.6191605593724541
9867,0.09827011156528564,-0.34507596143068353
9868,-0.009734224645884637,-0.32643729319354686
9869,0.07387877152210909,-0.4516779153102056
9870,0.43913549432766374,-0.3451818691520442
9871,0.24253820508321938,-0.39620158479158285
9872,-0.26759535094160003,-0.36859822008850784
9873,-0.8147651613244727,-0.26764352455513607
9874,0.6484772751301787,-0.5181063522269945
9875,0.22468545797414352,-0.402163107356278
9876,-0.2356221249410961,-0.259379619119142
9877,0.14518871869976535,-0.32946743938783163
9878,0.38874146595330106,-0.42326441207810894
9879,-0.31509086277367343,-0.3188499296093623
9880,-0.5724990496421989,-0.6079572417206226
9881,-0.5028298889642693,-0.17616506320573613
9882,-0.6856161479148865,-0.2562280830695104
9883,0.8364683155368066,-0.21711078578461965
9884,0.053392114414783254,-0.3802885705323912
9885,0.10194931734675805,-0.33312746888621825
9886,-0.41926231885884485,-0.16652405393741948
9887,0.792089517468177,-0.38592096557198474
9888,0.7320346409338936,-0.3672261272789801
9889,-0.2388274324740549,-0.5204118196901006
9890,0.31056185677327086,-0.3251414811078426
9891,-0.2775773840525412,-0.2677919842481874
9892,-0.7845341405071095,-0.2845814987872962
9893,0.2325709059492601,-0.5198042343304894
9894,0.1638637673346965,-0.3382647688712824
9895,-0.16696566757032827,-0.44092967533690064
9896,-0.08772618052589748,-0.27754515293600035
9897,0.010786397072589493,-0.17537994943806381
9898,0.05463704161630634,-0.41414127253117505
9899,0.2820248811911005,-0.22287814856545293
9900,0.7473044753310872,-0.4259679674774467
9901,0.13270394627514615,-0.2120052415446323
9902,-0.44911604057567955,-0.32461243244570137
9903,0.16117189154599365,-0.435482922421507
9904,0.5587708241102942,-0.4194345411245982
9905,-0.10025076749751814,-0.4415141426687601
9906,-0.4943776611678363,-0.4253622203283487
9907,0.12854209274767897,-0.5780954404266293
9908,-0.8950885484395834,0.002053085306396002
9909,0.1706876633351304,-0.22553761251461768
9910,-0.4343343033669832,-0.13018281759205275
9911,-0.5934817616324652,-0.05338696028385734
9912,-0.9509091352225625,0.08942902361411237
9913,0.11950577602262624,0.6480993091625051
9914,-0.3844366222789488,0.11334604751072794
9915,-0.8261917395216738,-0.10063458224348895
9916,-0.05057420419724473,0.1252491615026781
9917,1.2884100841548665,0.0894430297380758
9918,0.7367428151828246,-0.06283716521293017
9919,0.013449566499874221,-0.39015793891239714
9920,-1.0558866688241744,-0.1789369990574969
9921,-0.8615412102319059,-0.1968253068081082
9922,-0.6031789321966352,-0.04668163595527555
9923,-0.3709158878504631,0.11683143945733679
9924,-1.2657052032792326,0.41646923404072766
9925,0.4590801977525033,0.09664724342769557
9926,1.0751390656381963,0.4384806384860057
9927,0.2383483476460067,-0.3022582925865174
9928,0.08485530016429477,-0.44247909608720337
9929,-0.6489574624341035,-0.366857185237792
9930,0.8989438534764936,-0.24697941255388775
9931,0.7745173595901166,-0.4783913339972935
9932,0.03779586626179887,-0.3314896870703413
9933,0.1486466250539833,-0.5394661733212929
9934,-0.1622187250303751,-0.4744044550748455
9935,-0.04155091638730313,-0.5743530845569701
9936,0.1050633066106102,-0.49414711680950785
9937,0.27530907925123593,-0.3594476996370817
9938,0.1715368767160852,-0.48114484605947117
9939,-0.559688913404089,-0.38085285230674415
9940,0.585725021729809,-0.5318238345511843
9941,0.012988199693178826,-0.483990424031132
9942,-0.6548483699360176,-0.43275791244537953
9943,-0.09805392577591404,-0.5301007188630688
9944,-0.48186162958148676,-0.43190193096965157
9945,-1.2507197918837027,-0.3699118701274411
9946,0.41510029952019534,-0.40435462013541223
9947,1.1891171551283621,-0.32475238269161644
9948,0.7345587641046852,-0.3318206856862276
9949,-0.03942142992149805,-0.5520875759971182
9950,-0.36710913948105667,-0.35775592407623524
9951,0.20805319347227724,-0.5819468859866261
9952,0.03518194260393728,-0.4715652320132594
9953,0.08304542808155568,-0.5756602144621258
9954,-0.5627530179345502,-0.4138270598925632
9955,0.30951940354241836,-0.563966256875819
9956,-0.1377339262099077,-0.5243551411392815
9957,0.659756319805792,-0.38063039127235876
9958,-0.17493121361196728,-0.47889654828075445
9959,0.5998527190564312,-0.2920901019891895
9960,0.11770509848198202,-0.37495881388384467
9961,-0.6497955245166765,-0.4487722765861709
9962,0.1373160050097395,-0.45005558430957926
9963,0.08126313427039311,-0.44153469106677146
9964,0.4860844287883598,-0.30497835542080753
9965,0.16709575118754366,-0.335456467169559
9966,-0.35386847186262904,-0.42759984783907046
9967,-0.380252776738531,-0.43287838179009563
9968,0.4853017786501721,-0.4212552144489997
9969,0.5105884427959655,-0.3551972167674874
9970,-0.4894248337647045,-0.4423155056916296
9971,0.49334267840375434,-0.3834205461397786
9972,0.11825748876939701,-0.39421213639155395
9973,-0.058183209682728054,-0.5060670183851681
9974,-0.04414605342676925,-0.5492787761147291
9975,-0.11642904826000035,-0.578292206975702
9976,0.41322766286836277,-0.5180924876047998
9977,0.5552295158124761,-0.5590839176024907
9978,-0.16356900846780031,-0.2245546355649079
9979,-0.05342013262458431,-0.5127555257784696
9980,0.06634305644263894,-0.5369895097699711
9981,-0.44253041274948124,-0.26397407135881645
9982,0.6063799420086022,-0.4318004745119488
9983,0.29259072891033966,-0.4432685746210211
9984,0.4153256614771712,-0.5127311927368524
9985,-0.5164510120670397,-0.3873483735747254
9986,0.14677899011972545,-0.6486194113179767
9987,0.3653658164604482,-0.37935427360617957
9988,0.1769560647111736,-0.275673336966869
9989,0.31109185731811273,-0.3269527962944616
9990,-0.041395288238966266,-0.31497994566998333
9991,-0.2288970864416484,-0.35001737487899265
9992,-0.21393684448145245,-0.6196128723051173
9993,-0.051088243507168174,-0.48154183169630316
9994,-0.11608554034329989,-0.7274510606245309
9995,-0.2010590832898821,-0.45806144516571323
9996,-0.37640861609020543,-0.5860257997322206
9997,-0.12551329506426628,-0.5340779423053728
9998,0.6760953588285629,-0.4987934713704595
9999,-0.05982307787700908,-0.5140698829666062
10000,-0.07548400498776595,-0.544690556736902
10001,-0.2344399572866197,-0.3342253301711624
10002,0.8195935781290772,-0.36492674121098023
10003,0.18534072678683977,-0.3333817399754462
10004,-0.41939272921424964,-0.536867485287722
10005,0.3799236523821853,-0.46688778690064936
10006,-0.09068840701144454,-0.5277410004279603
10007,0.6921173936340387,-0.40431301190950564
10008,0.04551515049326732,-0.1851722152782598
10009,0.5714851208954591,0.0763400815708036
10010,-1.0396464032077475,-0.27540775777945886
10011,0.3669108541258155,-0.3315118807465038
10012,0.8928667639509879,-0.2550594175423323
10013,-0.0021423170947782733,-0.23733235737693112
10014,0.23804004259173633,-0.2600718622075281
10015,1.514043140069607,1.896159554323554
10016,-1.4062496166186254,0.19549253742234665
10017,-0.16993127456226598,0.02292065956965947
10018,1.0646888073651923,-0.11556080642366459
10019,-0.19864986525999803,-0.15421886483911393
10020,-1.2649083323388783,0.20141103634188526
10021,0.02659277191744247,-0.22757571799939136
10022,0.34939691604295,-0.2658408675487153
10023,0.14909716115857807,-0.26301129849547455
10024,-0.3327276310772437,-0.4239669532822288
10025,-1.2269723619012511,0.10237239917609814
10026,0.3543068815106931,-0.24861236869832873
10027,0.5152727525016978,-0.300294499746124
10028,0.5653002470165368,-0.33302795257923745
10029,-0.016686178347360053,-0.38209374135200513
10030,0.12992763149806769,-0.4547578570738039
10031,0.9552739967512088,-0.26422964155455064
10032,-0.255165782694158,-0.3302072225956263
10033,0.19347932842489873,-0.4200914430611157
10034,0.10564083193224677,-0.4210516546584494
10035,0.5643751423341822,-0.33538712366115997
10036,-0.6264516659604089,-0.20564368560269589
10037,-0.5283933549172231,-0.3421432845540863
10038,-0.05405995080125642,-0.3556185980317562
10039,0.764488272739599,-0.4482543042194358
10040,-0.34011295205819025,-0.42093749915350487
10041,0.0008199849020943673,-0.49026738326920305
10042,-0.7392143831023694,-0.40047481992273704
10043,0.13533450107168038,-0.30573435228871715
10044,-1.5689442599420067,0.28429671833138026
10045,-0.05395938943639783,-0.27357230555471224
10046,-0.39155407160913014,-0.26998154730846824
10047,-0.43247888978413795,-0.06403335346770195
10048,1.5047687592724435,-0.19445049787861762
10049,-0.7511246747204477,-0.5540345603303485
10050,0.17906446480003546,-0.40803533260699243
10051,0.07956921049790955,-0.28569419273759716
10052,0.29603871099886003,-0.43747643333745645
10053,0.8695357003896661,-0.23049334360299323
10054,0.25386652459597775,-0.3437783500843682
10055,0.3391796998592651,-0.2245127675176041
10056,0.4799089432430761,-0.2051680185799173
10057,-0.9134731263285832,-0.3064361981417697
10058,-0.03766277164199669,-0.3442521390623806
10059,0.0356011549689037,-0.3474848699522938
10060,0.4932717817689296,-0.2574632797217009
10061,-0.005293510028265752,-0.5646501676954596
10062,0.462008024755308,-0.07962493108833871
10063,1.6526202711418567,0.41831581874998824
10064,-0.06087381900138519,0.02962362230903856
10065,-0.3136557486303505,-0.1663273558627115
10066,0.7881650170844774,-0.057813025448982175
10067,0.25255655098695984,-0.24791870092759796
10068,2.732022854797768,2.062270809286738
10069,-1.0457949152796515,0.9978495309576726
10070,0.2680494205025311,0.33275725111872356
10071,0.5391194000446506,-0.07053117037378506
10072,0.43069678040466797,0.35236492277488585
10073,0.38414984282680453,0.0616785083444954
10074,0.18505735979814109,-0.055934974963074396
10075,1.519288162419179,1.4699686083390224
10076,-1.436300763306905,0.3123863745126527
10077,-0.33025405769256017,0.5666824486506795
10078,-1.1740353895868914,0.5625928612179053
10079,0.9153140839910717,-0.1598468163231028
10080,-0.5885774140062998,-0.055191727754321684
10081,-0.02057452402755794,-0.12301117526823135
10082,1.1296853374047018,-0.008174904440966774
10083,0.15354811477110597,-0.15980451405239043
10084,1.2185838477219533,1.1727305382126052
10085,-0.11981514159100527,0.4249603658121005
10086,-1.0697557244208695,0.2937532098516842
10087,-0.43170719283412784,0.04815940037081434
10088,0.4650351332527637,-0.22826557245035925
10089,0.2934346978843606,-0.028301547248175213
10090,-0.37164760517395107,-0.01424213983244968
10091,0.14188339021501367,0.006426123072170636
10092,0.3317407720062089,0.25415453154113654
10093,-0.41062365463071093,0.06534834465334224
10094,-1.1733613615833443,0.3308965406287868
10095,0.48661759005359473,-0.2284215684473435
10096,0.4194981458504705,-0.1442438590425885
10097,0.03319506794911778,-0.46646118263538805
10098,-0.4836082201850317,-0.03756088972980107
10099,-0.874729104105038,0.360638731137939
10100,0.3116031154150435,-0.1938696678391252
10101,-0.6036498921242348,-0.09567783535955579
10102,0.7115033641985394,-0.30766896224510687
10103,-0.2377432579448056,-0.0404531546232266
10104,0.09865569199844093,-0.1507106152249317
10105,0.14048580562907464,-0.29390473410786755
10106,-0.06501112003419629,-0.23751162320891014
10107,-0.6461830019713464,-0.2737300378778146
10108,0.04932588958580009,0.08631657427102293
10109,0.3692656207048177,0.014549855648760351
10110,0.12289930447805686,0.17361187245575452
10111,-1.4592446883279186,0.3396578257609424
10112,-1.631574186922879,1.3512700826771873
10113,0.6178490613352399,0.4610726625666287
10114,-1.4582903944129773,0.27852808233553705
10115,-0.5836580648662235,0.36925608602241167
10116,-0.62887698015744,0.5762635828271842
10117,-1.0378364045356832,1.4618815641387028
10118,-1.3887778102563746,0.36019972749032625
10119,2.245533980752415,0.9579121110364065
10120,-0.3135933536585739,-0.01721149743497838
10121,0.9371052625552839,-0.026105072454725653
10122,-0.1091777209208711,-0.04875509779436825
10123,-0.8885202885002277,-0.005306353789238993
10124,-0.551297361217636,-0.2570481145934246
10125,0.4832302724736246,-0.21396838765654896
10126,-0.6887501043318704,-0.2436768689127459
10127,0.6423886424031695,-0.30191159272219614
10128,-0.5110952886493094,-0.03780374794698921
10129,-1.386674288825982,0.12844545180058578
10130,0.1636626556066122,-0.10220954628304194
10131,0.32253220741728006,-0.3551217104506643
10132,0.19190570827113168,-0.3883846946948515
10133,0.02875046054073649,-0.0955588613448064
10134,-1.6364882843133692,0.18856999611292904
10135,0.8672463121890696,0.1290564410145061
10136,0.9078146060398061,-0.2592097548369
10137,-0.16809971473161237,-0.1284406843846217
10138,-0.562797959621832,-0.29886454778726734
10139,0.4443904499420668,-0.42525594796076016
10140,0.16129984163004424,-0.3915325632814267
10141,0.15298610578612443,-0.39308163934074425
10142,-0.0653521209706941,-0.23496849819041038
10143,0.25595903719169366,-0.4894361083893116
10144,-0.06822465245974668,-0.4679558351509655
10145,-0.19790977049526265,-0.45503704831954694
10146,-0.39674868493146853,-0.4542242807182021
10147,-0.5587996993255682,-0.4612125384930158
10148,0.40272436199722217,-0.49644777718623645
10149,-0.015612027550603813,-0.5314718515914998
10150,-0.7320344698709649,-0.34705512634837277
10151,1.5011682209682196,-0.16395483725641133
10152,-2.1906888341530206,0.08016513385842217
10153,-0.2885067125173257,0.09315559259844758
10154,-1.0626004673744927,0.1884013879909466
10155,-0.041935828635756206,0.16592058199607204
10156,1.2600613183237597,0.18248390836972175
10157,-1.7383675064030433,0.294715571423964
10158,-0.31298932505783916,-0.12515927580717084
10159,-2.0090438487817366,0.6948773917088368
10160,1.3653883016322124,0.264162246766783
10161,-0.3677599728752655,-0.1319675249515406
10162,-2.662004889544834,1.4897177112991622
10163,-0.11070719168926053,0.4981270143872477
10164,-0.0874495195032837,0.47718874683942436
10165,0.0013238876809070765,-0.06587137524618436
10166,-0.05226855266700803,0.23405910475713634
10167,1.282982445186223,0.34491940761191564
10168,0.33838394303242636,-0.17585898479660234
10169,0.05394215315301554,-0.4359838064083533
10170,0.5870443825725481,-0.0040379665927712804
10171,-0.2410993081827984,-0.25218287603161926
10172,-0.8410512876469737,-0.15906792667230274
10173,0.36378808890187075,-0.427908528172916
10174,0.09863051651587379,0.008094238770702838
10175,-0.342961083731391,-0.2765411161410366
10176,-0.1459973240369714,-0.21468290986408717
10177,0.23516193232432003,-0.3988101559385375
10178,-0.20697658548832518,-0.14350835622289462
10179,0.136166259148,-0.215985712202029
10180,-0.637275623626974,-0.10973935499866752
10181,-0.34206096417533094,-0.16090551254883972
10182,-0.1699971703085597,-0.2921775680418849
10183,0.4658842056414454,0.045590021119514074
10184,0.1111923884088944,0.08905519765265635
10185,-0.4061789405815448,-0.26453853982816733
10186,1.0332314624742769,-0.10894119554953474
10187,-0.45599171743690375,-0.23900969252491014
10188,-0.3409956245465239,-0.23540257157995892
10189,-0.43420177560614126,-0.4980304886528375
10190,0.1839667953981975,-0.3184141078411278
10191,0.7961560004416908,-0.14286323057582098
10192,0.16554364115118236,-0.4282687955568415
10193,-0.1950208543931375,-0.18154843327890835
10194,-0.36309457563579606,-0.1912277312636933
10195,-1.174196442704242,-0.0695116681234994
10196,0.5003407521704154,-0.39842196628772886
10197,0.9308709098805829,-0.1557538109633808
10198,-0.4068471807841784,-0.20579824357560922
10199,-0.36999760934915366,-0.21070543128801525
10200,-1.127154183994786,1.3501258756055032
10201,2.4120260662287425,0.37201703124270213
10202,2.4907047031579332,0.8083525813336322
10203,-0.7343712360094271,-0.10659932655416723
10204,0.8172422961023936,0.09691091905012236
10205,0.2326151151871746,0.4853393187489421
10206,1.0764068833801428,0.39159807488570697
10207,-2.5144806267525186,0.22592935524616295
10208,-3.0730857923680395,0.9904660373023505
10209,-2.4127771030474743,1.7416888653356815
10210,0.8154249189131707,0.6742461361854478
10211,0.30234824365763724,0.022873319185443802
10212,1.1837204477444736,0.5620316878113977
10213,0.7833215739624816,0.2918448478182766
10214,1.1912311526325072,0.2713921014790218
10215,-0.12670694523495724,-0.28750880537892565
10216,2.15445674517521,0.014375575749339647
10217,-1.1386467593393736,0.20867666865462783
10218,0.3089146776686864,-0.33578935581414926
10219,1.4021483360814297,-0.1734409994396894
10220,0.31776629575767623,-0.16995407864053427
10221,0.5722496121254982,-0.01200767069790007
10222,-0.49323831819334885,0.20655198886810835
10223,-1.1845926909332887,0.6565172117574265
10224,-2.110424312102866,1.2037170353415836
10225,0.6056708794672346,0.12835753055375884
10226,1.2285408191057217,-0.07482309487064577
10227,-0.7463074327665996,-0.1123614132300392
10228,-1.9459384913627882,0.04358830823029136
10229,-0.6099496065750758,0.2330551543213654
10230,0.9852840800972494,-0.23466702778167098
10231,0.05157021228793052,0.011060984386890182
10232,0.15154805045340286,-0.36273820318985517
10233,-0.4404357590640213,-0.3745818189249718
10234,1.8555212283640663,-0.426316432723978
10235,0.32309215579261596,-0.4105016796435387
10236,1.5044305439644208,-0.1379580405088788
10237,-0.027480507229980328,-0.26637435901293594
10238,-0.3390824717413912,-0.2742516348690818
10239,0.2169125162836616,-0.37071730377276346
10240,0.48056430648842796,-0.3160677219696083
10241,0.38328782908638137,-0.4110189130081455
10242,1.1013116010776445,0.1431669334559504
10243,-0.2413915511824556,-0.2716954804297763
10244,0.6847860531810708,-0.053999421289441435
10245,-0.09583654672681531,-0.3313159601533009
10246,-1.0830117385498461,-0.06768015282966622
10247,0.9241251853932956,-0.2694983476976226
10248,1.346970610019146,0.00602769050979049
10249,0.16917525904489333,-0.15599098660459254
10250,-0.6005543536775133,-0.18960759309231742
10251,-0.288053222132602,-0.31962671680195054
10252,-0.22386309726632847,-0.3380141417125542
10253,0.0334365328611857,-0.18363975518750222
10254,-0.7171836530161118,-0.2882195154842558
10255,-1.5291739094232142,0.487512040871548
10256,-0.8380496999757923,-0.23970962435122484
10257,0.902857461419902,-0.2933781972946283
10258,-0.34960115921095514,-0.3729250101351651
10259,0.4088630549138996,-0.4832378224180014
10260,0.5017533063397618,-0.38526623637378077
10261,-0.31250174727296565,-0.49519232323071427
10262,-1.3679276843729276,-0.22657378089811714
10263,1.1724542936836997,-0.32774891988729316
10264,0.12214079086682361,-0.531946427487072
10265,0.23629448507937562,-0.4915009949292438
10266,1.0480615676502247,-0.17592050863034814
10267,-0.280077919632544,-0.4319935735046595
10268,0.44566629171297023,-0.3711731883816954
10269,-0.5396878110711237,-0.3342836341312124
10270,-0.4763227532853826,-0.37849884786063304
10271,1.0431451851331004,-0.5198992731961808
10272,0.7712170786964364,-0.2849254696640087
10273,0.2317909612385196,-0.4101222460893268
10274,-0.6141141998562107,-0.3109224539878753
10275,0.6428307025732701,-0.4397884552271264
10276,0.31553626798660994,-0.2212466746464339
10277,-0.2518120153392426,-0.1334226006103778
10278,-0.29790159496852253,-0.2656002930416817
10279,0.328532015372782,-0.3467008884804722
10280,1.302140161935812,0.11975052748915568
10281,-0.04791071793100779,-0.1786758168455315
10282,0.9648536886874394,-0.14516927092744936
10283,0.033562029211883226,-0.22135670985786435
10284,-0.7777741028069093,0.27180113112286797
10285,0.6929040829005845,-0.12551544021767705
10286,-0.24446192033006264,-0.30592598212458
10287,-0.11354248395595554,-0.2821269559855374
10288,-0.5793954741763453,0.03340187546321857
10289,-0.1274889257499711,-0.21860475808446023
10290,0.6726553388928262,-0.22474495848050724
10291,-0.009371696114079259,-0.4088934155744762
10292,-0.0659859895142578,-0.41157144089843645
10293,-0.029489672290235885,-0.4173569793438602
10294,0.25905559079960855,-0.2622156358124823
10295,0.3702740626494808,-0.18033133303281643
10296,0.21179787261735833,-0.06788136352409938
10297,-0.948525673716045,-0.22345692581501644
10298,0.26924510817570135,0.06738657048695182
10299,0.18165924404300748,-0.32047402112595036
10300,-1.1343697220382616,0.08490751816752273
10301,0.9489861640690668,0.17471241576784988
10302,-1.2489216488801635,0.141679745517687
10303,0.6699785901960534,-0.2495731332966378
10304,1.7272469233590755,0.7868772993124894
10305,1.7543087779595434,1.6655156054361542
10306,-0.18557079212720756,0.4864684170033283
10307,0.07664517821458,1.126301867608923
10308,-1.7534162839066614,1.07814100358094
10309,0.757835858608369,0.3217278770105273
10310,-0.23348661925457398,0.0027434389086281874
10311,1.518058093911896,-0.10805923716416024
10312,-0.2652507333752396,0.1884774155761296
10313,0.5442196804445953,-0.05835992910970236
10314,-0.4156860483596485,0.042363969080948805
10315,0.9034578192121508,0.3394919158530737
10316,-0.21754726738592944,-0.05199323665635988
10317,0.36114916215359794,0.48969247463520893
10318,0.9994879906446049,0.3537574231089258
10319,-0.11371677783383635,-0.007130213952954517
10320,1.0500715452589855,0.18305822444782963
10321,-1.447241288493986,0.5811469415782357
10322,-0.7660682491269272,0.30764903889140716
10323,0.5485246794155506,-0.11799963972511537
10324,-0.5112796788787234,0.2182226665000925
10325,0.6251010288167675,-0.15345665906453484
10326,0.9743124270074787,0.15614784576383997
10327,1.0572389637848847,0.3955946340206692
10328,0.695098523610058,0.06255175237438707
10329,-0.15331089757156305,0.07355232711696111
10330,0.46857866005923066,-0.06034087620705622
10331,1.2656044686641055,0.5975559356015884
10332,-1.6555889116215123,0.5537462782866364
10333,0.257844994210196,-0.3722943880196305
10334,0.8982291926669553,0.16818057195255734
10335,-0.7884132897423567,0.166228914849217
10336,-0.41913260922081697,-0.120176569281805
10337,-1.7748616049403285,0.5930636647842772
10338,-0.5818892378000645,-0.12275236278342108
10339,-0.03496214268282766,-0.17098701989601342
10340,0.3099623845681986,-0.21302653886026798
10341,-0.32197478434128957,-0.4134502994819391
10342,0.3602241794109604,-0.24990507261204095
10343,1.2267079237636054,-0.0964123385627286
10344,0.7401009950472826,-0.38209623551601213
10345,-1.5019507920028974,-0.2277542527252997
10346,0.782645321002905,-0.2959498183314062
10347,-1.5264226560037066,0.2756380131196988
10348,-1.2547591301876149,0.39821480492355243
10349,-0.26916211665918,0.9802390149124568
10350,0.7789468461286735,-0.04026573353040511
10351,0.6085131946851212,-0.370060221843303
10352,-0.1675463847780871,-0.2771456244978786
10353,-0.0427232966834839,-0.31956155534949476
10354,-2.0110635724456163,0.11937933648944171
10355,-1.4375694528075234,0.30450973773101464
10356,-0.13331573279177247,0.03099460711493579
10357,0.6759921174561615,-0.475786985066024
10358,0.6429512338246802,-0.18241194056302992
10359,0.2902489706349229,-0.30326212798715213
10360,0.3304809570337096,-0.471910467343033
10361,0.6997812537285634,-0.21163781500167775
10362,-0.7162355676978098,-0.44292949770439993
10363,0.7470143617084307,-0.269661424804422
10364,0.48692147608132963,-0.21652104460987928
10365,0.34567889533189866,-0.2840996292047875
10366,-0.3931666410608025,-0.09351624791849009
10367,1.4846029693259166,0.31041937986459034
10368,-0.0738801629059006,0.1271617496912333
10369,-0.05076214319520117,-0.019597905295649642
10370,-1.8514818435586071,0.4740281270867266
10371,-0.32252920314310185,-0.23721106283719226
10372,2.0727143517689446,0.0999955690500968
10373,-0.24954604937935265,-0.2262689438267946
10374,-0.21400714372410876,-0.4306239941127299
10375,0.4980245148212604,-0.35849176371085845
10376,0.3204838155965224,-0.25548540213091797
10377,0.3134406985260304,-0.2020889140923233
10378,0.38611189894118725,0.2737066702961455
10379,1.0150944043405832,0.8829653781715122
10380,0.6431433118007647,0.22700458497668932
10381,-0.27387975991944635,0.46435257164159693
10382,-0.857236265487546,0.052218585792885214
10383,-0.029321487897417176,0.06053210435161496
10384,-0.8692939760529236,-0.0044222216972713835
10385,0.39809412067226047,-0.100468551590818
10386,0.23897568237028055,-0.15396282186073992
10387,-0.10715683276112475,-0.4776118581596007
10388,-0.18904420627644947,-0.18882835343013424
10389,-0.22952246130136839,-0.28597985629454714
10390,-0.6115613975755783,0.19552494562816783
10391,-1.2148906474686565,0.15167255491625328
10392,2.210731119683629,0.37285184641061997
10393,0.1068245276518624,0.08391998556191135
10394,-0.6096899650873979,-0.13790819741593888
10395,-0.06270198689318052,-0.046233041679038606
10396,-2.507092910632193,0.9085363120719828
10397,1.9488924223826887,0.6226329126802644
10398,0.40704509673483213,0.12279170665697484
10399,0.6342211040812183,-0.032567826025899
10400,-0.2876968493951775,-0.03660299853905816
10401,0.3206033279005325,-0.40984558935582815
10402,-1.8415464645042818,0.13318317880512628
10403,0.47849238054216015,0.08565308461592
10404,1.7275507989990428,-0.19377208086404774
10405,-0.5776304835785485,-0.116913403249394
10406,-1.0247475169270763,0.001186129000794428
10407,-1.4034182738154155,0.43538970685833245
10408,0.01191037166523723,0.3450351129458419
10409,0.5131270179273166,-0.09667841676213326
10410,0.8514263063378441,-0.26993512511501633
10411,-0.6160278909456764,-0.362239768525497
10412,-0.14112564104020806,-0.3245301408813278
10413,1.9599016813015808,0.4428854178573165
10414,-0.3076430827786933,0.06272944497859148
10415,1.1366065221496133,-0.10757715919202987
10416,-0.3683607357525175,-0.2323091653205834
10417,0.37874924429998225,-0.40431816386430175
10418,0.28873472959382873,-0.3198114110114547
10419,-0.17166215680310073,-0.58148224229003
10420,-0.30929162670781163,-0.38718269074201306
10421,-2.55191212349288,0.7198406274294552
10422,-0.9796436222810142,0.32389550031548775
10423,0.5452928027087395,-0.20690488543878935
10424,0.6867421776837507,-0.16798267654354368
10425,0.4398631770950078,-0.24934601443602375
10426,1.6342232892474717,-0.22206196349546622
10427,1.7344593412262923,1.2596477485814017
10428,-0.8150801377414366,0.3753737571862922
10429,-0.2683701813027535,-0.1548412362289465
10430,1.1094346664344044,-0.09203210844960927
10431,-1.0158380435271153,0.04074628854722437
10432,0.6739887311891433,-0.2036122504871026
10433,-0.5055704016526645,0.37822938852966403
10434,-0.16615996613215406,0.07551621259197253
10435,0.6250549287565247,0.10421979052192051
10436,-0.6211521087287548,-0.1952088169958903
10437,-0.6040277321248909,0.21735210312919576
10438,-0.413465016106757,0.05235019906371849
10439,1.3230162832520587,0.17243348604012335
10440,1.535229418791216,0.2275496292022691
10441,0.5263012903571188,0.43836631622931843
10442,1.6222454508958934,1.081167872311796
10443,-0.6031606622179186,0.45198787701949683
10444,-0.12100710258902656,-0.1281968023412757
10445,0.6306435063762051,-0.03365592294866179
10446,-1.339789893687187,0.5304358070881562
10447,0.4616303333580658,0.014768473069480564
10448,-0.1981687236129305,-0.05025337041576919
10449,0.3447639853784905,-0.4233662793066849
10450,0.5115975449605633,0.0015408504781763976
10451,-0.22654258863152738,0.051640724014493405
10452,1.1409556677302306,-0.3977450327402714
10453,-0.10266001707145223,0.14325505221419824
10454,-0.8904226118807205,-0.016216063503417227
10455,0.9861165557163177,0.0985461703746576
10456,0.993231821558871,0.4740387912105878
10457,-0.07277732709444251,0.1899295932457887
10458,1.6333582400450828,2.1244044418903703
10459,0.13280195968841735,0.9243091064984769
10460,-0.12790392361263947,0.5250533538641214
10461,0.8029074784282927,0.42405970609154175
10462,-0.796305925721357,0.8677675778554567
10463,-1.091401266961566,0.23177400185100763
10464,0.8473024628357967,0.14299700473471946
10465,-0.06138506052634765,-0.201614530507544
10466,-0.7652693874604478,0.7135364108992172
10467,-0.5271805638743327,0.35337352288946167
10468,-0.5861019480887893,0.5758369537352581
10469,-1.74066234287708,0.9800581487449159
10470,0.020287915253859756,1.1840632144707537
10471,0.5359449271698634,0.11338370745943091
10472,-4.112560267294026,2.1358580925146824
10473,0.7858097625596644,0.32916367487629483
10474,0.5579819970658725,0.5194906601327228
10475,-0.7254805100503453,0.1427009888894605
10476,0.47551903703174747,-0.04379186914892849
10477,0.7701569689550356,-0.05743160526733612
10478,-0.6882773953833458,0.27372590701209265
10479,-0.3163038214041576,0.2249692030574986
10480,0.25384759134484036,0.051846585919367166
10481,1.1990359692888801,0.11037475127088694
10482,-1.7498549958787728,0.2381537752813684
10483,-0.8105245800568525,0.15524733106032287
10484,1.0594574586222634,0.10577137726423932
10485,0.12089798630277071,-0.3491225309327426
10486,0.23636440135151793,-0.20559976569270294
10487,0.3018161863855163,-0.014373552187525257
10488,1.006862876317991,-0.1781275555880821
10489,0.7081125703489733,-0.18845371759145466
10490,-1.2633826638513175,0.431133900088019
10491,0.10265558218223053,0.11025559639721752
10492,-0.22808800754065162,0.5934946605785723
10493,0.2657851148818923,0.22042064543329806
10494,0.46464825377206476,0.330909932375383
10495,-5.314055020571426,2.933942628862129
10496,-0.21451640467911948,1.5505407026371532
10497,0.9529876745125786,0.3303460787290653
10498,-2.3835859696968678,0.9804984937658564
10499,-1.618453597527607,1.1001001710540432
10500,-0.27546486520075986,0.6885137350928006
10501,1.0685569764003917,0.0016031979470332025
10502,-0.47205023410333247,0.09050482334130663
10503,0.9221916230471533,0.7034704324023902
10504,1.317456163449234,0.42134344495249265
10505,-0.7237778948036522,-0.05385283030249327
10506,-0.34319601940137434,-0.1927638689969281
10507,1.7384632273468945,-0.03442632893698752
10508,-0.7627662114410398,-0.2886843557250435
10509,0.14645612044870326,-0.3798026947522758
10510,-1.5472334332126292,0.07744734807032519
10511,1.0932787332765015,-0.06360756715465052
10512,-0.4619695737181108,-0.3400345128636959
10513,-0.9110053612728665,-0.03154334173544268
10514,-0.9037032927527013,0.13113488047255414
10515,1.6006538899016105,0.26197591505900075
10516,-1.2676245728295328,-0.3380411479499099
10517,-0.20994943096720164,-0.16711382930983695
10518,-1.375484437425424,0.4599625080554244
10519,-2.831537854979938,1.418381562807878
10520,0.7522231167272051,1.338516011310449
10521,1.1837372701446292,0.1190474165016717
10522,1.8895747416745974,0.1365082898032862
10523,0.019315066791013663,-0.08649703879430012
10524,0.2800404446853072,-0.34459131956789435
10525,-0.8545364890074247,-0.20275196462648862
10526,-0.5040111506714549,-0.1796460560021142
10527,1.6232602062917683,-0.0354600099660711
10528,-0.5888120589654433,-0.23240339057642892
10529,-0.752340045001133,-0.018445030423387188
10530,-0.9708396899477344,0.08596152857631065
10531,1.0031111692079944,-0.12176119284012565
10532,0.40634556991754445,-0.5095077700914322
10533,0.5798173259453997,-0.20683477470767722
10534,0.05243229741384414,-0.46369913247383376
10535,0.0706505157687995,-0.35007674024825297
10536,-0.9121243332816987,-0.37401693227620914
10537,-1.593080834167146,-0.07419942750099551
10538,0.28242316704771336,-0.05362374948155099
10539,1.1883546380541268,-0.3982044608619021
10540,0.2838403683625834,-0.4267910238602294
10541,-0.16043246839763692,-0.43624407287735867
10542,-0.16360617379673975,-0.3455634857954185
10543,0.030535937088502163,-0.4327458796399225
10544,1.1051194990896334,-0.34968308398479053
10545,0.17685275675828765,-0.20963578359750865
10546,0.313325992846608,-0.30951491120451946
10547,0.06621389921361165,-0.4817981072947817
10548,0.6550008543433602,-0.2889178920219706
10549,-0.01968371102347588,-0.27179918107522155
10550,0.8183337432796599,-0.0020487139535437515
10551,-0.44202484768803707,-0.6050106320397313
10552,-0.08506838835257677,-0.35788224971798266
10553,-0.06268357417250711,-0.4212684588664274
10554,-0.7534644148972701,-0.3076537588666728
10555,0.3040886898918176,-0.48347603874505873
10556,0.30426897905783445,-0.5781210865099733
10557,-0.2669717103559065,-0.5875822042437063
10558,-0.023354554795884747,-0.4855021079766233
10559,-0.861701827201058,-0.4048512774562205
10560,0.1854790513608116,-0.5554690537936143
10561,0.2502811550708563,-0.4716388447342803
10562,0.4308000431789776,-0.3836771260647516
10563,0.23809763527687305,-0.43893787512659455
10564,-0.5610926717218124,-0.44409359973313667
10565,-0.016430403307201358,-0.45457786569610903
10566,-0.6897088654518893,-0.44688412780070985
10567,-0.0023825477024552177,-0.4044498031269551
10568,-0.12166368039632079,-0.3217193709843399
10569,0.2565000352829526,-0.599511972025175
10570,0.060131332472993626,-0.4300271890437475
10571,0.3886104860771674,-0.5224641481802584
10572,0.40527250730577,-0.3727912338236362
10573,-0.3801114959556113,-0.3775101829605715
10574,-0.3951362379304839,-0.4086988761526086
10575,0.3738415407480111,-0.5097543812045877
10576,1.1152448454261261,-0.395767888053713
10577,-0.5957414405173547,-0.22374004632599148
10578,-0.8469971104618517,-0.29289493486989904
10579,1.0263685673205325,-0.3786889875359024
10580,-0.3823060068654907,-0.5168574262583803
10581,-0.7779962371319936,-0.45569156520899257
10582,-0.5752128741090221,-0.3591032579903124
10583,0.7603016570224732,-0.4849759570654235
10584,0.22669714927513318,-0.5511999634915447
10585,0.6742725304830054,-0.4655282339820671
10586,-0.3731304716840212,-0.16690974625812605
10587,0.11843309886398773,-0.43215692012767914
10588,-0.17182879143656427,-0.29393082481384825
10589,-0.312003302870754,-0.3027643380387287
10590,-0.8916969614616722,-0.15183253822222043
10591,-0.5195339950811764,-0.21363825293967414
10592,-0.1489608278591678,-0.20348256351986396
10593,-0.969661952240153,-0.14783705408210515
10594,1.0963871895128716,-0.10028303226587756
10595,1.526355976584528,0.0606156509403441
10596,0.3495281520047596,-0.4104275935275933
10597,-0.5352175966251076,-0.3550860900318
10598,-0.6210223743594966,-0.44937267025904815
10599,1.6159419273960354,-0.23820466323668585
10600,0.20537540747160477,-0.3957294728922194
10601,-0.30061042110450753,-0.28121844033005494
10602,-0.44600138841100817,-0.5120625590175112
10603,-0.22267819285770385,-0.45420121730199114
10604,-0.5121846918250995,-0.49267461055115347
10605,0.16580148723455856,-0.49878259413921844
10606,0.773938270609372,-0.3760598079862238
10607,0.11421604363254789,-0.44848208516809973
10608,-0.0380002175026799,-0.5987937602684771
10609,-0.45422706130021645,-0.5029541132928782
10610,-0.2951194334406,-0.3845723965277089
10611,1.2186231594259782,-0.13781727492974108
10612,1.2030926454775819,-0.31532527042538183
10613,-0.39459760203590044,-0.3852589605997615
10614,0.29743551514507116,-0.6494578354773929
10615,-0.03141483245509297,-0.4607367548033937
10616,0.25333986063476777,-0.577902507383273
10617,-1.1834904434534583,0.550091745708519
10618,-1.4752085746270645,-0.12631318328922525
10619,0.1251634882202488,0.19918297731834114
10620,-0.31475876716434886,-0.35398750620372044
10621,1.2379082998033515,-0.23756669928782645
10622,0.21177015210653521,-0.31181491729250965
10623,-0.08684706109704456,-0.46984876572034384
10624,0.39890780678407645,-0.5203100770981249
10625,-0.1349895277367302,-0.4154887310653782
10626,0.3877940143301505,-0.4111468566448908
10627,-0.3579898663737903,-0.4868247533953486
10628,0.5452326029381247,-0.39759604997093756
10629,0.1042398139636111,-0.4441173825055681
10630,-0.45884434764240145,-0.3744632619720187
10631,-0.1543219857946205,-0.520837434795675
10632,0.19892501790966494,-0.554384451467115
10633,0.7714412439988146,-0.42035483250316374
10634,0.8444619982287308,-0.1731913612685612
10635,0.3116335274801004,-0.21257638720629388
10636,0.4028913423760615,-0.018440481889925447
10637,-0.8271995733173193,-0.4309817925629684
10638,-0.14288260007703918,-0.405119327262488
10639,-0.46948112798025265,-0.37893315037797637
10640,0.361659276445088,-0.4344088511322233
10641,0.05149930229369282,-0.39156668469633993
10642,-0.03553682302330938,-0.4429490877553577
10643,0.30541244926279776,-0.3898470823259639
10644,0.6217967873117044,0.19889213959309252
10645,-0.23541741933837118,-0.4382000255445301
10646,-0.24586613770531596,-0.3490067836803681
10647,0.5236944812527861,-0.32579236264195643
10648,-0.7959616001573764,-0.5760537023537396
10649,0.09740965121751982,-0.4444292798098822
10650,-0.44737854443891417,-0.40548580710057924
10651,-0.30049506138808424,-0.3935268279552929
10652,0.6094894504705056,-0.35944097662633184
10653,0.7345970759688497,-0.14731654220884463
10654,-0.5633505702959835,-0.36425308623845987
10655,0.18154793830958094,-0.43686546405170357
10656,-0.002531494816088664,-0.4609826670631417
10657,-0.18449700789127169,-0.47274709905895906
10658,0.5222688789304768,-0.34368456083354826
10659,0.7095618855851573,-0.38552044756595616
10660,0.4558008597253338,-0.10129145274113671
10661,-0.6849009946986158,-0.2785077282953258
10662,0.808914236580497,-0.45532027241657613
10663,0.3832238755609999,-0.24267907404829225
10664,0.5953190129915118,-0.0894282081837647
10665,0.5111879052474421,0.33794578792021657
10666,-0.8872531685178315,-0.09175326749082155
10667,-0.5502278735974714,-0.24959781692347796
10668,0.6838214052315139,-0.23831873004715984
10669,-0.5797061421697349,-0.18024573333919486
10670,0.07866087766746088,-0.14456959508922357
10671,0.3655474385588683,-0.42751202488983453
10672,-0.20393528378999487,-0.39886704099599524
10673,-0.4426436773947534,-0.3219050712795358
10674,0.12168269341621563,-0.2415517431774675
10675,0.20882524740651187,-0.2380337847537818
10676,0.4437716945411261,-0.4769136916543347
10677,-0.06448532924485967,0.08298702141483519
10678,-0.14350663104195444,-0.03568394383679763
10679,-0.44428856449304477,0.1583243943663725
10680,0.014869156977112497,-0.13508894094873625
10681,0.9616764274203643,-0.008723911533991477
10682,0.5610175147901575,-0.1168140244624134
10683,-0.3077446958912129,-0.1291883506625355
10684,0.39491641275877654,-0.1790651289930781
10685,0.8780743700038046,0.39111370594601225
10686,-0.8401276155741956,0.9076035678400013
10687,0.25160760147929057,0.11170707339835242
10688,-0.23585663697022147,-0.0018039816977179768
10689,-0.05500618593254081,0.1283921239064794
10690,0.17870561670388624,0.004186604426928475
10691,0.1029422603695665,-0.2809883497819203
10692,0.1280242334668934,-0.3643170097642996
10693,0.7965850725388611,-0.20116127808048634
10694,0.8944851030922479,0.7403586658603647
10695,-0.03328392462208099,0.17500656238999276
10696,0.6182940258519006,-0.18775030576362092
10697,-0.8906878992700364,-0.1621326890623734
10698,-0.9428940103704874,0.49681793135459595
10699,0.38589137351985336,-0.15999432503725472
10700,-0.5596883710096314,-0.44717729515711746
10701,-1.1515322930485632,0.31997213977749794
10702,0.3438194506053671,0.23692505839224368
10703,0.09716410118714269,-0.07155751255991202
10704,0.15855344241065705,-0.26074026593701416
10705,1.0551813627857833,-0.21813283313704132
10706,0.8582353400940014,-0.5277181441295348
10707,-0.17837782814956782,-0.5012314016883074
10708,-0.42591507256022354,-0.061115686952089215
10709,-0.47667362579871164,-0.026513816797103157
10710,-0.7756974859610223,-0.010963749913237675
10711,0.2858252323878741,-0.3299758382425052
10712,0.523716225075527,-0.4493230881448005
10713,-0.4675250098789805,-0.33805198739445375
10714,-1.150735872537222,0.1914924993026164
10715,0.8578009194790502,-0.13166403945791247
10716,-0.045844817461351633,-0.3607012824267377
10717,1.0321943267139813,-0.31598001703437273
10718,-5.207705477075162,1.86258619094751
10719,1.2407420997472691,2.5394209036287854
10720,1.4693679422394883,0.17857244133842667
10721,-0.6610402351621226,-0.07118137866338384
10722,-0.4999715852528903,0.07885676307643427
10723,-0.18084946527634782,-0.4397026554277763
10724,0.9838382542989131,-0.04295195828874751
10725,-0.1564583722509598,-0.3158103695422453
10726,-2.0812224309446616,-0.03833964465048725
10727,-0.157248235503853,0.10275339289777449
10728,0.06204133513007787,-0.16714389056729742
10729,1.8787627199632722,0.22862537527465485
10730,-1.202219389932838,-0.07392822061453722
10731,-0.331563269101043,-0.34770754129452797
10732,-0.29009603980171766,-0.17658714768816045
10733,1.0149679130448988,-0.309283987981673
10734,1.574169095305113,0.022558471408050257
10735,0.781683863009343,-0.19918863321475383
10736,-0.4921203023662519,-0.23407201763622712
10737,1.0596886505350134,0.07107976227103996
10738,0.9338866979079837,0.5582154906543703
10739,0.41510475226900956,-0.3482956511740346
10740,-0.12875133008779396,-0.27863283070035516
10741,0.21887655557567942,-0.3531337372544163
10742,-0.43203361837147114,-0.2804135193947652
10743,0.22731713658664676,0.06598407258502087
10744,0.5753981849712105,-0.4373979279574298
10745,-0.8525912235809608,-0.2853895250443021
10746,-0.13089107470551412,-0.14233095521536931
10747,-0.4723316018391005,-0.2269555182310321
10748,0.878146662592545,0.02063684991307227
10749,0.6696082398562202,-0.17531616315241047
10750,0.2877169624331005,-0.0673571720752413
10751,1.0886896334896967,0.15686978187661108
10752,-0.814513190136981,0.7220877016126217
10753,0.2620479506635014,-0.16432087641193263
10754,0.47230638031814165,0.13827597167237907
10755,0.45181008525620237,0.3659692689421631
10756,-0.8214280570551883,0.2481471051851483
10757,0.1858462417072,-0.10750630360887986
10758,0.334911261812308,0.049188934167963716
10759,0.2203530427010414,-0.0744415504569094
10760,-0.34185456413522436,0.8897792334052274
10761,-0.31259041261753967,0.215610437261861
10762,-0.540141976525101,-0.4201237146705583
10763,-0.5926064726315389,-0.062494783537312304
10764,-0.3600315469742813,0.24743599418298265
10765,0.8710050906272683,-0.3260960255871906
10766,0.13463707115980467,-0.209782503181613
10767,-0.817802107474237,-0.00763309175134208
10768,0.9428992813762221,0.29771461515811315
10769,1.2026320345355312,0.02009458934186445
10770,0.3841559089312626,0.16069844573621142
10771,0.004850852221773311,0.262875761172246
10772,-1.6162580703351201,0.5295174782832539
10773,-0.23765670374772493,-0.1808985373984867
10774,-0.20528582443709037,0.5899209743679789
10775,1.378484850391755,0.22590817377113
10776,-0.21831366953335138,0.07957106387276822
10777,0.10894075706043876,-0.2700947412375473
10778,-1.8955038488142102,0.759982657272388
10779,1.3706845786576336,0.02692158811337189
10780,1.512562231844527,0.5144270175340439
10781,0.32043918389051573,0.5312577513430298
10782,0.09254481688850563,0.8308852003059569
10783,1.0789767533587926,-0.10339724970148442
10784,0.7987367876693742,0.5386595724439943
10785,-0.5836939050062953,0.32050805063413246
10786,-0.17456764812111394,0.7650130619431778
10787,-0.6884657178915573,0.4413071718648298
10788,-0.687070740665443,0.5301662894191117
10789,-0.035365484090809696,0.300987750742189
10790,-2.1841286337612327,1.0702526791624678
10791,-0.5803049422357582,2.490863826403712
10792,0.06354903531703965,0.6271050836623283
10793,-0.17981567750888183,0.20636597459404823
10794,0.8922163976054206,0.03954671165788323
10795,-1.0899760054055494,0.5880216887956718
10796,-0.61938532120549,0.12213206115042327
10797,1.2529244574297072,0.06295435115612599
10798,0.5625897895061932,-0.165421790538625
10799,-0.08813632206537306,0.2531581748841565
10800,-2.032865523189231,0.09424340857971678
10801,-1.6053328878176618,1.054451704636997
10802,1.3281986808262394,0.09212533240129125
10803,-2.2690772206995606,0.499815715170265
10804,-0.233384511559733,0.7136394047322648
10805,-0.20200011449257785,0.21229156685838843
10806,0.6780634839486911,0.10033351107446811
10807,0.31571975676346387,0.11615892875668737
10808,-0.004653919179251953,-0.14169255367727857
10809,-1.4649343741218162,0.32700557855573975
10810,0.42668967830543203,-0.11136776301764731
10811,1.165195065817521,-0.23950467050073412
10812,0.5397218453395523,-0.1863653018012752
10813,-0.20617768065657185,-0.3006910621394969
10814,0.6540174826927949,-0.41554720117986
10815,0.10075435463627647,-0.2734293225104977
10816,0.8396065727215839,-0.2623419296355898
10817,-0.7455784278958607,-0.2687868107657052
10818,-0.5558605918561514,-0.28903743514041724
10819,0.201500529487265,-0.4025714470549855
10820,0.12036809778051949,-0.31266391214232137
10821,0.05065862649822073,-0.35880831046124406
10822,0.2911745362213953,-0.31181011255303487
10823,0.7972714266706019,-0.24085687916099466
10824,-2.007764344284907,0.2733187292331978
10825,-0.5329592287992104,0.018125359781690414
10826,-2.582038532977198,1.526270386314425
10827,1.9622810023747292,2.154088503667569
10828,2.1471909128379467,0.33718929060366387
10829,1.3151456560541646,0.3665927250294878
10830,-1.0958573307542245,0.4040837809393495
10831,0.5559787987317494,-0.030051619035076443
10832,-1.4987649394427947,0.5058474055546657
10833,-1.9771300826012852,0.8648098393286858
10834,-0.0894793476852675,0.3827758565448903
10835,-0.7601586006905455,0.8762734783812568
10836,-1.4087254133606941,0.5697838114740008
10837,1.4111398164311555,0.5291284731291689
10838,-0.6737459455392472,0.1476801906843838
10839,-1.2055052763459533,1.0290178576358127
10840,-0.38605894690643805,0.1298864553090384
10841,-3.144977563768872,2.0519645091556886
10842,3.508954824787297,1.891155212351904
10843,0.03501541231675906,0.04091116839793829
10844,-0.6760875143145986,0.05323249906735142
10845,0.8205780810212765,0.06402896822220144
10846,1.3838836339131624,0.09794893298157584
10847,0.5879132608221443,0.05694807042242489
10848,-0.6585123274194786,-0.08750993337496127
10849,0.44397844196967406,0.06273779872426424
10850,1.9216504160569468,0.7457323506915633
10851,0.6008758690749596,0.2324161044637255
10852,-1.3152773411822118,0.17376406381456458
10853,-0.9719156698556065,0.15127898043407642
10854,-2.1728549138728153,0.9857092170858134
10855,-0.5574014768854568,0.7949794040839677
10856,2.107359116520168,0.6515905299886441
10857,0.7642974737070529,0.0552100640691989
10858,-1.5208170129922038,0.3292192252587176
10859,0.696016377009837,0.8757115467136797
10860,1.5521219017461854,0.7773918315889217
10861,-0.48355793325156626,0.03985387900897028
10862,0.16061375037990172,-0.07417344967238984
10863,0.21619704753906288,-0.1474787298139498
10864,0.8414519289666685,-0.061035414513291086
10865,0.6985390278919176,-0.22141779040270668
10866,-0.3224481905418053,0.18153166919566158
10867,0.2966909122322528,-0.25881122719605004
10868,0.007916784941339461,-0.18756364880405205
10869,0.6267415139151012,0.18183459600467847
10870,-0.14413429363412816,0.04746786783096427
10871,-0.10566292717188568,-0.1430656156976213
10872,0.3322153601775861,-0.04805622392239772
10873,-0.5286535025876937,-0.15310372968924488
10874,0.7605182043342917,-0.05860082384289497
10875,-0.7386259483128182,-0.3212869158588364
10876,0.953778044489319,1.0221800548534845
10877,-4.932888808225202,2.517305649222268
10878,1.019733358817589,1.2443984390315235
10879,-0.32458626960467113,0.15283063842972935
10880,1.0132131127599746,-0.027809445441583758
10881,1.782194078337814,0.5872564417867264
10882,0.7498708124230616,0.22080338549402792
10883,-0.35906162138414915,0.5456028693110634
10884,-0.8984482253609445,-0.12412204766701106
10885,-0.1247555878283053,-0.06928802523261775
10886,1.8364552061960202,0.8105159856871964
10887,-0.4395467168727284,0.23085771043215778
10888,-0.23088729088315674,-0.23610450824336773
10889,-0.30410728222527805,-0.22101125232424276
10890,-1.284181762514149,0.03963966134898736
10891,0.18232003942939462,-0.2521416096143695
10892,0.9348220385496057,0.10196786644150893
10893,-0.07188922086442034,-0.45750797075625804
10894,0.4720491408197093,-0.1546677704950819
10895,0.2441169202294271,0.2108525557170247
10896,-0.5496677520847666,-0.10117387218449964
10897,1.7093490420907287,0.8648692489314135
10898,0.37597424837910853,-0.08869185165806276
10899,-0.5610670403263138,-0.22670599112589943
10900,-1.485444270552096,-0.1572719153421137
10901,-1.1182710361648358,0.09382765514441607
10902,1.8644256239435104,0.4224219141403246
10903,0.6432328159050521,-0.2511827553010052
10904,0.27869875379147757,-0.2093328541416783
10905,-0.08617584816285803,-0.29176772366160564
10906,-0.2293631855831621,-0.17247834750558338
10907,0.12304468968609561,-0.5341920641797403
10908,-0.20051798063709064,-0.3293677308696897
10909,0.4673793058983725,-0.14645199161490854
10910,0.2807645143733343,-0.31365797148257235
10911,0.4575943857199819,-0.35382485337059766
10912,0.5739720815959256,-0.24778608214674125
10913,-0.5015713656245462,-0.3440826025951401
10914,1.0944487098169566,-0.1479467996125673
10915,0.7149906211056595,0.1488829365033271
10916,-0.22753010809111135,-0.4135075120153304
10917,0.3694319186552777,-0.14409955903083607
10918,-1.0925072698183391,-0.09711099506044144
10919,-0.6450494021202796,-0.36073014210049625
10920,0.28447335709061694,-0.4560937681141771
10921,-1.0123873441716391,-0.23647155617946133
10922,-1.0081437512823443,-0.4521525588708052
10923,0.4063237457445472,-0.4557255554493662
10924,0.5802339562465311,-0.18315534440778053
10925,-0.23916117957184493,-0.4409705629039956
10926,-0.936148850030358,-0.10003965222553088
10927,0.5845384675770957,-0.2647267540594476
10928,-1.2547138198985803,-0.14849023268025893
10929,0.6249874667263291,0.03449991617104997
10930,-0.2874039217646388,-0.1584340759676699
10931,0.07390111107921327,-0.33700912055887233
10932,-0.3311481184051049,-0.1668723740940775
10933,-0.4052648928477095,-0.2682384608894348
10934,0.33830092032881365,-0.48417391765851536
10935,0.5982351202025711,-0.35588762503730165
10936,0.19719599013983397,-0.43403937867059816
10937,0.40177435680208473,-0.4715628249713484
10938,-0.6319392001234396,-0.2078687913215023
10939,-0.3757196360831807,-0.46607290665905343
10940,-0.001580201587100566,-0.39129691405246847
10941,-0.022502573434393602,-0.5387525731479401
10942,-0.4498470406119348,-0.291534122159733
10943,-0.27558632133904176,-0.2768101195373297
10944,-0.9454121980372666,0.053258892869820135
10945,0.49135962817981493,-0.23999361386396492
10946,0.18109392414732667,-0.30678657341377114
10947,0.48634930227342177,-0.4322876836484808
10948,-1.177801460916247,-0.16355925242427255
10949,-0.07401220327309074,-0.17775209720103752
10950,0.7583236521021316,-0.02659909701621671
10951,-0.48498419006491317,-0.27927467514339466
10952,-0.6007079849684548,-0.22968715076004598
10953,0.8269327325425296,-0.2543326056057976
10954,-0.8425639763556138,-0.3626846880076382
10955,-0.8452643577326039,0.006422562683655153
10956,0.06469511765498204,0.1333542531064316
10957,-0.105585056873096,-0.24251643868420716
10958,-1.3727288584831396,0.4820858494783272
10959,1.762515496543211,0.20816102660992544
10960,0.19833848499871065,-0.35470167640438915
10961,0.3611536533917643,-0.31785631895713695
10962,-1.1560341625273827,-0.2910809804715002
10963,1.321381541405453,-0.1411291519169173
10964,-0.0817613449464798,-0.18432005397226997
10965,-0.07423281890456418,-0.3122586483793848
10966,0.17321206421462032,-0.2117887270396315
10967,-0.6361075253056305,-0.39520095128704025
10968,-2.347540904040207,0.6535932350504784
10969,-1.816936017578497,1.3081221592911074
10970,0.2922608355587079,1.1997862805494335
10971,-0.019496371279326102,0.7582325065296907
10972,-6.236811309372564,4.634385816027591
10973,0.35206854559584033,5.098514707006437
10974,0.7489482946602233,1.8819739251800445
10975,1.6832412543920032,0.8460481920546986
10976,-0.896064078369714,0.3813051364613945
10977,0.6223902710714875,-0.18616770749893174
10978,-2.4872840830200063,0.394428475634523
10979,1.24937027336934,0.4216242918103261
10980,1.5976611253415531,0.4321437852628016
10981,0.15735330410021936,0.5206902732066693
10982,-2.762056371972776,0.43015315466167636
10983,-0.07593323442744294,0.009166247355494872
10984,-1.079074158189365,0.3941659251519244
10985,-1.9136339899378338,1.0457056967196712
10986,-0.7294813175731493,0.9286129396612745
10987,-0.3816643101358635,1.7029977457492576
10988,1.2913605724139612,0.3692780533999549
10989,0.9032942989776914,-0.26548796151356324
10990,0.0729278075787515,0.19539153748412832
10991,0.1981698751316423,-0.1683718633192423
10992,0.0247167904955915,-0.3310120279699288
10993,1.0447375213604193,-0.11997032356463083
10994,-0.6633653461320156,-0.2120430829708536
10995,-0.17562328540367889,-0.34718247204493147
10996,-0.389643693571299,-0.3526446201022769
10997,-0.30151216949289494,-0.22014397710039424
10998,0.17600625576764506,-0.16196847880466955
10999,-2.1408061529537976,0.6973694792814321
11000,-0.7680952023476119,1.8549079231803307
11001,0.36197584267178595,0.041365287881448914
11002,0.5596599504610256,-0.0029513683034048943
11003,-3.9342239747829884,2.1909751162668587
11004,2.239401941201899,0.9376976224660875
11005,1.1837833778926727,0.12079928748612631
11006,0.7002208778138526,-0.1976417406816441
11007,1.2352925438175562,-0.08274338357753172
11008,0.01956052535117983,-0.14785789676028133
11009,-0.05695535520240683,-0.32685575103237774
11010,1.0183126024850688,-0.15520938743763266
11011,-0.2866422955903452,-0.06283253360919736
11012,-0.1225952330741033,-0.2102323717675019
11013,0.27487786301833456,-0.24933098914547921
11014,-0.3187059733937581,-0.2719176668667892
11015,1.4818187389528146,0.4670514545044562
11016,0.4886912257668784,-0.15559164910514486
11017,0.5058597400225097,-0.3294522984656827
11018,-0.6247884013152786,-0.0730268171666193
11019,-0.0023890987157124677,-0.40481334045405015
11020,-0.1451653031572962,-0.19852651128266002
11021,1.0920591075192925,0.0626419324660494
11022,-0.5736919777169518,-0.3362977601396272
11023,-0.7639946258387194,-0.3831333103424486
11024,0.8619864832112772,-0.22675855817420187
11025,-0.3642738030733016,-0.46172419624265837
11026,-0.03757766120052389,-0.4722042146140091
11027,1.1908462931346553,0.016023308691742538
11028,-0.7814030510405827,-0.18467663378117305
11029,-1.7294579537618078,-0.0953579365966857
11030,0.29893420773389706,-0.005907726697067545
11031,-1.982457096162984,-0.14512517855307136
11032,-2.6489068285631197,0.6600431347943648
11033,-0.17678048503855473,0.011344080114214755
11034,-2.4771870328529046,1.5335040594896951
11035,-0.0762325978590461,0.22610589200903722
11036,1.3011169344867066,0.05926380934319145
11037,-5.88393182616803,4.6702889041387
11038,1.6382510555295577,1.4882415355239336
11039,0.37395913414361304,0.4692109369181531
11040,-4.30951353770062,2.050967248172768
11041,0.6441179173976566,1.7099414906196537
11042,1.3460561833045155,2.1181290593620994
11043,1.0071957050302243,0.7636858755420826
11044,0.3983655470926363,0.02768891401519527
11045,0.7932159133770419,-0.08299307248725693
11046,2.2585488881568327,0.9380237036190523
11047,-0.979197163099328,0.3251994737126498
11048,0.6504752290415483,0.03675759545583043
11049,0.6416139066561596,-0.008284659152318269
11050,-0.2934654593052138,0.030173382270375942
11051,-0.0019063791362698423,-0.2854138476124669
11052,0.6144270589755437,-0.3157322239135657
11053,-0.7306990501443381,-0.07086219772857519
11054,-0.3900271209463379,-0.20647443424309583
11055,-2.085966546794224,0.39871551787577475
11056,0.20090599782273738,-0.03589596295316136
11057,1.4753510984592282,0.14652338949288526
11058,1.5560202244619572,0.39383922681819317
11059,0.28866927032878686,-0.2118642316304253
11060,0.7312651181702203,-0.24527593803065403
11061,-0.21110413724215063,-0.048270284736415786
11062,-0.416029127273905,-0.17970860756054405
11063,0.30534790847102544,-0.22343763441626957
11064,-1.4526775845586721,0.3765124828599157
11065,0.8247532769529634,-0.07007823247466767
11066,0.34954917209023884,0.05063828939238543
11067,0.1984114689225267,0.13356785073609725
11068,-0.40230035475269577,0.3397508213927072
11069,-1.8865847208970146,0.6162707555268591
11070,-0.959141986790213,0.7496672268064215
11071,1.8156224342535827,0.39349096250610793
11072,2.7757963644861245,1.8628722981209835
11073,1.838023747469713,1.1081358104622203
11074,1.271575561706399,2.108809988432433
11075,-2.0313175485643122,1.5437018427993119
11076,-0.6941670160829831,0.5903723835521834
11077,0.28463696612925704,0.10759268656365156
11078,-1.2561645208298344,0.49015001319064866
11079,-1.6202144003632606,0.741809566374496
11080,-0.8788793604727462,0.6324326939539697
11081,1.149307476202854,0.45494213786457827
11082,2.066340361830802,0.4113173171588794
11083,0.7336874942282868,0.014052193788880507
11084,0.644753942625077,-0.24134933067072767
11085,-0.3383298044869362,-0.16615702572459584
11086,0.8743823490465333,0.09788218283718833
11087,-0.06373543400392642,-0.26341167073617566
11088,-1.041247877531446,-0.05857529757620697
11089,0.3653764592433336,-0.35051011868122645
11090,0.6379600669230531,-0.24950367230173667
11091,-0.5632652474873194,-0.14651970998238853
11092,-0.8623070020504059,-0.19644135968073717
11093,-0.36169255797834354,0.029078734273492335
11094,0.36400319258714686,-0.2330702394669322
11095,0.20240904309364283,-0.4596159703136754
11096,-0.11216647740457468,-0.39567098491739106
11097,0.48863256265005983,-0.3197749621891036
11098,-1.1227355505919603,-0.1889580996377414
11099,-0.5891710127765415,-0.23075320574238622
11100,0.07629322246079956,-0.21765279981016328
11101,-0.7030863506647161,-0.5641992491413957
11102,-1.025231165298519,-0.17775368208227307
11103,1.0758800701646498,-0.005299500105779592
11104,0.5692208058827132,-0.2974360701616082
11105,-1.0650299543944022,-0.15835837312449677
11106,-1.5144117705694127,0.3368723323694308
11107,-0.14809115688868946,-0.02555734257507597
11108,-0.08782339430314347,-0.23781102151544473
11109,0.26056531843897035,-0.24847190404067518
11110,-1.098421101306859,0.6023361087719733
11111,0.16305007916542336,0.03519350060284715
11112,-0.43829888587847754,0.2479506476311564
11113,-0.6008649766913823,0.1078066365534438
11114,-0.23641849972916462,0.18311130625360642
11115,0.10015149714841509,0.08655027990695632
11116,0.8683394264392851,0.2137977066104493
11117,0.5439560808278256,0.3056079148723866
11118,-0.12691217571485786,0.10334264387745132
11119,-0.4412812559764674,-0.1865854616945999
11120,-3.224364485463341,1.0432584495253594
11121,-0.9325246896790499,1.0029236808237942
11122,0.7345175968033667,1.0055376607429294
11123,-0.8096349293829437,0.23925894068004064
11124,-2.1729021176627086,2.6240189918522145
11125,0.9304395745226951,1.003460635588736
11126,-1.218592794042893,0.7731232989169071
11127,0.9936421568674475,0.3702832541656822
11128,1.685152820783801,0.4883995712540119
11129,1.725731545673093,0.4608602675648483
11130,-2.159731625014611,0.4214344830691067
11131,0.8166185240707521,-0.02806149710154482
11132,-0.4519638114181072,-0.02897093075580101
11133,-0.5494819682729277,-0.0038479079556667795
11134,-0.43632574925881606,-0.06947972742781941
11135,-0.3608531688216849,-0.08292243016404835
11136,1.4504001588044373,0.33369883740778084
11137,-0.43277433446872093,-0.08414457604666412
11138,0.5139068197535845,0.5830162347576026
11139,-0.13612256214485058,0.18777196967995716
11140,-1.6598580072470637,0.4337083661740283
11141,0.8485803005528624,0.9551331951523002
11142,1.0061415656129196,0.29761501051497896
11143,0.9742297618435253,0.6168666996415958
11144,-2.5629892474893086,0.5364699620747354
11145,0.7176452006267887,0.32075247746608404
11146,0.2570512590261149,-0.05850819319836145
11147,2.200424084787461,0.6508214436932341
11148,-0.4033754967907838,0.22095770258212158
11149,1.9211103441207187,0.3557373641847589
11150,0.2281770190703618,0.22821101027964993
11151,-1.1306309270449004,0.04566703551285059
11152,1.2330545193206617,-0.01731380162979404
11153,-0.09706099754165179,-0.19668172493892475
11154,0.41438991794066904,-0.020338145324581544
11155,0.7958279593411647,-0.1038174227818514
11156,-1.2130876396987076,0.23741184334810714
11157,0.3659229846076226,-0.18014959945773817
11158,0.5791977692736919,-0.004341306702920794
11159,-1.4980055503684948,0.08101143966183369
11160,1.2140162370182974,0.5704933171348788
11161,-0.8119673386349303,-0.1657237244915043
11162,-0.20308578573096484,-0.18171425742481753
11163,-0.02413984022082602,-0.20705834971386
11164,-1.6768515002171798,0.7174476925191352
11165,1.6914179358841723,0.24679159897002004
11166,-2.2191492286536003,0.05658537886404483
11167,-0.7816776114926154,0.5537313673951298
11168,-3.2065743515675496,2.2496759782473217
11169,-0.6716245322291647,0.9083360289110057
11170,1.5097749993221048,0.27875522344518544
11171,0.35978439870426304,0.030651167124879808
11172,-1.4269688074749736,0.44653594749838277
11173,1.6517426537926552,-0.06521803385491254
11174,0.5740409949919244,-0.2731060527170658
11175,-0.41100006577633286,-0.0541105143243068
11176,0.4918648410225642,-0.2276270381071321
11177,1.6188547757698277,0.23850715709002682
11178,0.7549784966698302,-0.025321194909716488
11179,-0.3030360466211308,-0.37542290799050276
11180,0.41260130266242745,-0.4340448573793326
11181,-0.48860119483311204,-0.2783265747903303
11182,0.8602516462233826,-0.20827429725464064
11183,-0.29162617109575734,-0.2245404790407241
11184,0.6080396358965732,-0.3894319239621393
11185,-0.3238082832116708,-0.2386384917163462
11186,0.4688045576257277,-0.2765978683473269
11187,-0.41896397493279364,-0.3379110895849884
11188,1.500362297720569,-0.12806901638067203
11189,-1.1796968753978314,-0.13058315806858659
11190,0.1731961329783947,-0.47060195268880245
11191,1.2878156550722033,-0.24581315723383937
11192,1.42248687556976,-0.158372718694191
11193,-0.29912691848951023,-0.12583809721941103
11194,1.089370234890207,-0.11596582716814557
11195,0.30542149817122954,-0.17735676783544665
11196,-0.6461955605446058,-0.18098267177116192
11197,0.5778592672471968,-0.32787431069116857
11198,0.08299774049402292,-0.4853477116176945
11199,0.12390110354318096,-0.3203148955601747
11200,0.4995536385024246,-0.6265973513658681
11201,0.15983192297269994,-0.32547331956072934
11202,-0.42366576052394006,-0.4788890545709539
11203,0.3508565344992647,-0.4196384498226563
11204,0.3354615989669054,-0.31431687731646824
11205,0.6918569220668068,-0.2157987880846981
11206,-0.8180021740208049,-0.29484889000035963
11207,0.501090545899836,-0.4131635110423556
11208,-0.3029650760354751,-0.40368305247219616
11209,-0.08629984709500556,-0.4704330464666594
11210,0.3637057482697603,-0.36126958621963867
11211,-0.6383670505738519,-0.48875998122237607
11212,-0.7614403884982526,-0.37005637210932485
11213,-0.4917435368795596,-0.2811653044540796
11214,0.8398765646180869,-0.3009048781501395
11215,1.3206498715173378,0.07157932464679839
11216,-0.03436618392312785,-0.12581490316681124
11217,0.13472955793162994,-0.4013802341189915
11218,-0.13065893939534134,-0.38382530676772986
11219,-0.5011884582047369,-0.43521757585907617
11220,0.31695651543239767,-0.507105297296437
11221,0.12634123776187622,-0.5590056404773539
11222,0.2125617599255934,-0.5665019974088622
11223,-0.24134848080818316,-0.43416890922153406
11224,0.04285966821832482,-0.598532324899321
11225,-0.1941553870428526,-0.5197675632783821
11226,-0.31672355584087175,-0.41782361896706555
11227,0.5733069858953024,-0.42981390554590715
11228,-0.04883439461613967,-0.4109260294945123
11229,-0.11279727226397508,-0.5204674911721093
11230,-0.2932624795934008,-0.36694244878116733
11231,-0.005022975026866605,-0.4283083371014055
11232,0.05018120375402302,-0.4211898264631305
11233,-0.20206142357021473,-0.4313877541023784
11234,0.39004628841420763,-0.3778673829184459
11235,-0.1244663073726737,-0.4751026816706486
11236,-0.07548101260809298,-0.505231428989937
11237,-0.16062806878259414,-0.501815962962308
11238,0.1552989336129913,-0.6179711408237084
11239,0.6891149185058677,-0.32337337879472305
11240,-0.14122481137496118,-0.5384790141063736
11241,0.3732734205368786,-0.4319407143848527
11242,0.05373916519594241,-0.4181465137665066
11243,-0.2802218551089689,-0.5378572380821159
11244,0.3260208790490249,-0.5431759528838657
11245,0.23355234120158525,-0.4497095788633678
11246,0.22249453193537183,-0.40336322575087846
11247,0.07251462147149185,-0.39224559627560796
11248,0.9524670926895468,-0.06510230200416944
11249,-1.121945082479296,-0.3234471445818265
11250,0.34751192438594725,-0.4887590670894897
11251,-0.7148487247118381,-0.22029865129210993
11252,-0.42642507759105264,-0.2604724693790344
11253,0.3534933333529535,-0.4717538348922762
11254,-0.13148659355129813,-0.3321249359180333
11255,0.5063043791251788,-0.44505518188134663
11256,0.12420877072295938,-0.6206133061637598
11257,0.048771848424344344,-0.5801577116964932
11258,0.36007929388950055,-0.3758591838771584
11259,-0.2602378402070856,-0.4706584221159755
11260,0.7153801128718099,-0.23880872313511475
11261,-0.4746052404130664,-0.29480783863274934
11262,0.20243966465820218,-0.3207984414892848
11263,-0.5111344250277952,-0.22737698038231355
11264,-0.00467703682568163,-0.401327823082156
11265,-0.25062051344509834,-0.2241499339982498
11266,-0.32519397924283316,-0.3182169087016474
11267,0.06872623203348449,-0.42880952838103814
11268,0.2940401013192975,-0.3897370239082496
11269,0.6409536798536256,-0.44949037970349626
11270,-0.5086099244063897,-0.3811153710231483
11271,0.39475010001715793,-0.40396356143705103
11272,-0.350247806510594,-0.3268050208778245
11273,-0.17534152015241475,-0.35097273516159966
11274,-0.43481513074232647,-0.5191111407052619
11275,0.14972830291447187,-0.5168012046453795
11276,-0.7246730689432843,-0.2461376854509259
11277,0.21848519112485093,-0.5695447524950907
11278,0.23492196685727906,-0.4044841773947405
11279,0.08930567916796972,-0.36977283282660134
11280,0.43597247689959306,-0.3400847833765551
11281,0.3566069208714654,-0.49133684163256786
11282,0.21342715801364848,-0.36872389583374754
11283,0.08655228296905326,-0.536750621357503
11284,0.3074271707783426,-0.324805275367022
11285,0.3669497262417367,-0.3416413785950896
11286,-0.7174958596216531,-0.40615194555501544
11287,-0.5112773038691406,-0.46021603553938806
11288,0.45940074184815693,-0.5036371917950387
11289,-0.23609872061870274,-0.43545923355285143
11290,-0.3378234217159735,-0.39361348707591204
11291,0.36534350628309453,-0.5412497487240501
11292,0.13243097919346442,-0.5058746597158165
11293,0.38554497128230414,-0.6099355569765069
11294,0.5397930104119394,-0.23936588231632974
11295,-0.6075544752477355,-0.09910665067379569
11296,-0.214148095998543,-0.4622751980134244
11297,-0.3126825215824153,-0.5068650701282713
11298,-0.26662239838367763,-0.2601763493778577
11299,0.08531612509659353,-0.5173832841296025
11300,-0.33808064015358585,-0.5531009447125009
11301,-0.149392724542293,-0.42532706797474296
11302,0.12498424020922899,-0.36718198176883166
11303,0.14789156347472215,-0.43636814234475974
11304,-0.17790561554698006,-0.5353709038882418
11305,0.32688409392539264,-0.6064735397931259
11306,0.7450346102560726,-0.335566955947715
11307,0.2577414590072355,-0.46095629094324275
11308,0.14289946830885303,-0.5100752381125695
11309,-0.4188659108696845,-0.5033972841736961
11310,0.434308160230537,-0.46719380129666666
11311,-0.15517834079541612,-0.4201299330708811
11312,0.28255557865660924,-0.49326815668340507
11313,0.44138856600529175,-0.31578529111679066
11314,-0.7341945945670384,-0.21457631079991452
11315,0.24904743497629717,-0.5065399728625432
11316,0.27585759007143085,-0.5156400222373367
11317,-0.22527189764439332,-0.5407299705600536
11318,-0.07893844206977818,-0.4252707957429326
11319,0.25865141476736825,-0.5330045736293246
11320,0.24828249984522105,-0.5474350915945143
11321,0.04470875100316335,-0.6307517296610612
11322,0.05178255685148048,-0.5024523421727467
11323,0.454544959317397,-0.3105534584404259
11324,-0.15363487760031688,-0.30978334389243567
11325,-0.02063267168897573,-0.4371638485859597
11326,-0.3988521779006571,-0.34250169247892537
11327,-0.2519487181807799,-0.5863076787140473
11328,0.32982607769417316,-0.525803210622392
11329,-0.6012155721562942,-0.5443185877297774
11330,-0.07898998601472913,-0.4040454759150681
11331,0.10660360194612017,-0.6036731787857359
11332,0.022030328816861344,-0.4598206543647969
11333,-0.3803647704055413,-0.6067951084950908
11334,-0.09483480823052223,-0.5565278435891637
11335,-0.5692419328440038,-0.4814012580232594
11336,0.15707125846166609,-0.39971785235107404
11337,-0.021137575292086014,-0.4952179903246977
11338,-0.1988824810646537,-0.4232725066422224
11339,-0.07634945279229051,-0.6439043580296704
11340,-0.21900511715614923,-0.45108106559269856
11341,-0.07370450430168243,-0.435255775323261
11342,0.734534862100046,-0.44524829427099943
11343,0.24733054744051125,-0.4068751113137937
11344,0.7822997567734615,-0.34868893790654554
11345,0.18915424109382678,0.053848207507353835
11346,0.15353377529780904,-0.3400620062080675
11347,-0.13733613588750018,-0.38574136128918435
11348,-0.5963735752419159,-0.29153044556029495
11349,-0.48705178794461773,-0.3883982122027164
11350,0.36755154604520457,-0.31882508243129415
11351,-0.7682420751392732,-0.47475862620305365
11352,-0.19681213614392873,-0.3526710492597734
11353,1.2329276638289102,-0.22594311845001736
11354,0.025784065443239412,-0.43857959140396285
11355,0.1391747454063032,-0.39414457370012745
11356,-0.5801754356491751,-0.5165612063141246
11357,-0.1234881084631285,-0.4340431610042783
11358,0.2502315012538422,-0.3721283980174557
11359,0.3065024574898808,-0.37928795091109846
11360,-0.4536920493519714,-0.2949422282145946
11361,0.20414911621339216,-0.29929066487187206
11362,-0.4948780462652614,-0.31868297974533355
11363,0.47678226201957286,-0.42432057411052715
11364,0.23177685730676717,-0.5115754970530315
11365,0.9290321027503169,-0.374823753491343
11366,1.8779688447488883,0.7550117121352149
11367,0.6665244647064793,0.6640329227301477
11368,-0.5710185911311171,0.7821912400493035
11369,-1.0180637126127408,0.2217500050565884
11370,-0.2595548635964844,-0.16963522113793186
11371,0.5876113191983823,-0.2887113423441319
11372,-0.2900477277734287,-0.4477254203315141
11373,0.47221762350961816,-0.1279356022701561
11374,0.5231716906018395,-0.2131913517596716
11375,0.007822864860416723,-0.3334429501773623
11376,-0.4681945972588608,-0.436609237278738
11377,0.24817347632960762,-0.2532619602632537
11378,-0.17934675869160122,-0.4147377895769828
11379,-0.34715327726449385,-0.52410479843757
11380,0.01674732315886676,-0.5164675672702606
11381,0.027812313601138006,-0.4898571120499118
11382,0.6645791418069499,-0.2331407905777965
11383,-0.00698568987377951,-0.5594340717052292
11384,-0.7208452729041276,-0.5680384792958979
11385,-0.3431871686323642,-0.2596530445137408
11386,-0.40587883914740197,-0.5139467307570749
11387,0.8770808877474593,-0.5656945364182192
11388,0.02096983208096287,-0.4589888804327852
11389,1.1798498786497178,-0.03352518677376484
11390,1.94482068921329,0.6166880699556821
11391,-0.3175750191408393,-0.04074406079417117
11392,0.20387219720343963,-0.36135007491295457
11393,-1.0529975417036979,-0.10057304950357496
11394,-1.271111748822575,-0.07443553636665712
11395,0.7296166055863343,-0.40203116936290706
11396,-0.1063308720765685,-0.4266017510392147
11397,0.3736357002391323,-0.3129556482359026
11398,0.39465733466504205,-0.4292233073146422
11399,1.003158474293525,0.9088661994643071
11400,-1.4605067699479433,0.13465802303801802
11401,-0.25295516039964916,-0.3232329244806422
11402,-0.41479845835001855,-0.1269316829039652
11403,0.14140769130717012,-0.41825088351209183
11404,-1.1952859792270132,-0.1812739138667681
11405,0.5741210183595378,-0.055963324849467866
11406,0.5768927205892608,-0.27266556305647516
11407,1.3278963316273935,-0.19153540862595556
11408,0.5690715943242569,0.24970559045109855
11409,-0.35900958966668584,-0.13718321408262482
11410,-0.31237949458355907,-0.43283425769795403
11411,-0.3047586082249296,-0.36816090377006094
11412,0.36574010194033435,-0.01338675633276154
11413,0.3242595981413472,-0.4341981572234964
11414,-0.3533892391321601,-0.30386581772167076
11415,-0.08399613397424474,-0.36239481271259166
11416,0.6405122101832115,-0.19079385123919645
11417,-0.1996812041420396,-0.2967646085933967
11418,0.39007065487621273,-0.37931431702215446
11419,0.5807159328996331,0.1282454966806432
11420,0.4633304426424356,-0.11902847479477516
11421,0.4517460831834351,0.12744921461140277
11422,0.0431752236367729,-0.21437448568436468
11423,-0.7937910930149417,-0.23893716988975391
11424,-0.08948002790072575,-0.46647412406086675
11425,0.1739756306374925,-0.37444736601583983
11426,-2.247800498069975,0.21264469022587082
11427,0.9730644159278202,0.11678136369701361
11428,-0.7053274986532496,-0.11708435436901402
11429,0.1643077455869717,-0.5200981563147432
11430,-0.35215368234572275,-0.2791986167787378
11431,0.3642209579313356,-0.4389278201959621
11432,-0.6951264611752619,-0.2123214255310258
11433,0.5231813584326112,-0.25314701586750765
11434,-0.5610803188897133,-0.32328190827627273
11435,0.16857539369891106,-0.3184348939708118
11436,-0.5122818436835479,-0.4052869500215084
11437,0.8315613510850134,-0.41248114518270107
11438,-0.7557959278937832,-0.45500120619449413
11439,0.5958375295747163,-0.5030884533972886
11440,-1.3575379637700644,-0.3434922575686692
11441,0.3469233802613928,-0.24756614442459896
11442,-0.5469194500653313,-0.3493148761418523
11443,-0.39454672344510555,-0.2117448374421457
11444,0.6261881387935883,0.20009051640027806
11445,0.526255188345105,-0.31638450028082
11446,-0.05800994056692596,-0.22583629793717172
11447,0.45314520657409596,-0.1464485868206674
11448,0.25534481492983563,-0.244043054579904
11449,-1.0096691670224676,-0.002605715308550416
11450,-1.2219000603018317,-0.019151915208408615
11451,-0.6679692846459573,0.4674677745562965
11452,0.037717324372824323,0.7995462931472915
11453,-0.6333499416744899,0.1696843418339489
11454,-0.15651819770144126,0.10614760528443742
11455,-3.2097067911821364,2.5549085610481685
11456,1.2021510089208673,0.6395384232980431
11457,-1.4608618227282584,0.4091825257050986
11458,0.8640230749560541,-0.07160671819040992
11459,0.6098135536638921,0.19248205699305412
11460,-0.8808429652403241,-0.2018960684823643
11461,-0.3305522878843357,-0.028112126636170964
11462,-0.3966362997089206,-0.08632431887406616
11463,0.8077707210278583,0.04583038206824033
11464,0.5057502683441266,0.04845367307471718
11465,-0.9323714334337744,-0.19826574443704467
11466,-0.6222516309579524,-0.30632267120407897
11467,0.9220836966827118,0.3952639970870677
11468,-1.1889984840398011,-0.14794181895004388
11469,-0.3607738844237377,-0.3754293063811164
11470,0.0807976410816465,0.34355181568124793
11471,-1.1104268130124582,0.5755023618855811
11472,0.8286484033720299,0.11818764512067156
11473,-0.24386064354226922,-0.3160967284608315
11474,1.4164172165278166,0.2030279149652134
11475,-0.02898512877935691,-0.2467620146818426
11476,-2.0701140879369437,0.2651821778523362
11477,1.2030066552537795,-0.04012602948959709
11478,-1.8158719367709781,0.053449928421104465
11479,-1.5147700929755978,0.6672268420948648
11480,0.7937311571003985,-0.19564035554303824
11481,0.435373529217694,-0.35085124272548107
11482,0.11327159216708199,-0.3188835085394127
11483,-0.22465658135540303,-0.10357204333747858
11484,1.6031029208327898,0.18026000133379008
11485,-1.3682591552921863,-0.07307501972130875
11486,0.04920944771664448,-0.3228824731308093
11487,-0.22141212364706986,-0.39164553641430067
11488,-1.5069234761921044,0.8925323046212678
11489,0.5340994377538785,-0.4978496001179922
11490,0.20441251795374416,-0.3531620811041677
11491,-0.4475396845959544,-0.23352085129464784
11492,0.08161058398469212,-0.37294274665038407
11493,0.4558271531174638,-0.23416660393144428
11494,1.2743207771459826,-0.06447298473497773
11495,-0.18226447813302576,0.16331179809714383
11496,-3.1939174425154033,1.5510146037983659
11497,1.87522495918566,0.2034555452034665
11498,0.02592225090998282,-0.5064472949121961
11499,0.8443594228533308,-0.34983652590159264
11500,-0.42292754575165215,-0.45400133601280224
11501,-1.9022160118329223,-0.03732338533365881
11502,0.4901854796984121,-0.32364027384600375
11503,-0.5706497594960007,0.20232002320126188
11504,-0.2132331488902695,-0.2578267937086046
11505,-0.06345385988811925,-0.14134040933638012
11506,2.107790173132317,0.5694297910007581
11507,-0.41939223847238494,-0.22255551244696894
11508,1.079145805005839,-0.15641874291313082
11509,0.5968964588396845,-0.04441486403427852
11510,0.5145191011670163,-0.15022732329320285
11511,-0.606385131477633,-0.4115484675970855
11512,-0.6852442376517773,-0.4285967348769125
11513,-0.2979332780082829,-0.36712709321997083
11514,0.3610605764563056,-0.2981067542209112
11515,0.3802939896134758,-0.40002696908395374
11516,0.6857244088334338,-0.1505536396494711
11517,0.5097349193618321,-0.153873173533532
11518,-0.08633722475221395,-0.2941558479270186
11519,0.401823907922535,-0.16217875297351372
11520,0.40598949876495416,-0.292481995633112
11521,-0.6424231952178607,-0.12376914811818296
11522,0.27338614342954815,-0.33564772529053993
11523,-0.17714144051391256,-0.3038938304366097
11524,0.9901372006597421,0.2608686011322915
11525,-0.06589784253179617,0.3064060744414596
11526,0.14965491568358696,-0.19317835153902782
11527,-0.8249105341285848,-0.33590953914381233
11528,0.5907693262863203,-0.4572424799483399
11529,-0.43036110601555605,-0.3498266497086411
11530,-0.628805916472386,-0.3257209619557987
11531,0.5507890772947465,-0.4739127137284779
11532,-0.18512580248334878,-0.30843451616042133
11533,-0.2682002384718791,-0.337907535314798
11534,-1.6326417015307504,0.21575820199436316
11535,0.2814504547961862,-0.3174441234393641
11536,-0.9745984853270154,-0.1673808127571142
11537,-0.9345791646556656,0.07108902491595182
11538,0.9143337955943353,-0.05794464534279875
11539,0.4883495524824921,-0.44347402544555325
11540,-0.340018326873687,-0.4177534588621332
11541,0.5046997522634475,-0.5980739291098474
11542,-0.21298331521624306,-0.22587346165742658
11543,1.7223966029442606,0.21954193863141638
11544,0.5960503925097914,-0.11876161212584935
11545,-0.7543550498888549,-0.21319958881300094
11546,-0.1678623374022476,-0.26952506682650135
11547,0.4232252550174931,-0.20133369069923146
11548,-0.8269327059644719,-0.2134379207571854
11549,-1.4098732659532756,0.12494262516460738
11550,-1.7292356811684964,0.754089604055107
11551,1.0504010237124008,0.16978289018501994
11552,-0.38329265168672333,-0.2138655911757498
11553,-1.4780819322052143,0.9548066834961216
11554,-0.1774642158025873,0.41073927742836625
11555,-1.3503742577460285,0.5168072645420689
11556,0.11841193140395301,0.23496408862021514
11557,0.17979307708710845,-0.1339765024850011
11558,-0.6702195088415852,-0.07393974705088649
11559,-0.461282374063556,-0.023830481995249647
11560,0.13334606484646838,1.0114400403120374
11561,1.0179497215408628,0.23244510808186666
11562,1.083444939859405,-0.0979608993612692
11563,0.29184989004479267,0.015335498505647471
11564,-0.9755984343686671,-0.22332220267589767
11565,0.4682502140256073,-0.290619751019897
11566,-0.4301510115059981,-0.3067687167006562
11567,0.4371341240380018,-0.3173834016795914
11568,-0.4692466616611601,-0.27077514711529405
11569,-0.18647858155011648,-0.47362517370723434
11570,0.32691663580594554,-0.3861566627937433
11571,-1.3994224440626097,0.36871155181142
11572,0.43440589722402556,-0.37374040102437867
11573,-0.242632991482705,-0.412643264118261
11574,-1.1756878346259594,0.2623972827691513
11575,1.3125774068940186,0.20249632765974854
11576,-0.9913012493914436,-0.18973853816147226
11577,0.7365126289577876,-0.277716293227067
11578,-0.1387321155829281,-0.28373006317590316
11579,-0.20188937524979894,-0.3737700747841409
11580,0.03970479276913616,-0.45395392055300254
11581,1.7978821745093172,0.2026956293389938
11582,-1.5499585683043207,0.15191816708168884
11583,0.8575293545023942,-0.3702366829981736
11584,0.04551093126085007,-0.4770441784826618
11585,0.6680330662397045,-0.46223150794241663
11586,-0.15965055502534997,-0.48973105401370465
11587,0.2533628215903406,-0.458075673638041
11588,-0.4325918400891432,-0.42952329246233156
11589,0.5264443883230586,-0.361960854051802
11590,-0.1984916751089955,-0.47106830627633123
11591,-0.9777409036225453,-0.4140290681567249
11592,-0.4535543722706715,-0.42124996190238995
11593,0.921441251247436,-0.3166430088694374
11594,-0.15026325761910928,-0.4594804561666447
11595,-0.9548255344332671,-0.09140498624033466
11596,2.1358676054885786,0.4904501132206527
11597,0.029838779592648357,-0.4516905537414585
11598,0.9860770253351628,-0.3069678492704874
11599,-0.6885241676736419,-0.33287669449637336
11600,0.25803847904043853,-0.4437812267301494
11601,-0.32817214233366954,-0.36563107654863536
11602,-0.049626694313983116,-0.5306630129203337
11603,0.2424684689879163,-0.44304448323877743
11604,0.24216150052972885,-0.4786327671232321
11605,-0.43091800514401524,-0.35137487250790644
11606,0.3391580519205041,-0.5776381975883448
11607,-0.44234560031367104,-0.49176498845780625
11608,-0.9621892611815179,-0.28031806719915553
11609,-0.29570271972177764,-0.534620821019583
11610,-1.1399844537061294,-0.34881489693982615
11611,1.5712771273493082,-0.03635706789740964
11612,-0.09365312943035596,-0.5650812157195024
11613,0.38920035270403697,-0.40788876321816514
11614,0.17596173455312186,-0.4795016042919408
11615,0.24694638510310413,-0.5262080370358081
11616,0.2577545566004989,-0.5420623157025206
11617,0.05193010675593934,-0.5102370038684947
11618,-0.5099661360777656,-0.36122414247939316
11619,0.36798907288910165,-0.43796519274883283
11620,-0.6980108684410502,-0.4002553558282782
11621,-0.22313903452004913,-0.4908837622925927
11622,-0.7403786913909285,-0.4889438885530405
11623,0.7250072082951377,-0.3736561643536723
11624,1.0943583635102958,-0.1911495348856367
11625,-0.49517441799302486,-0.49499627334746754
11626,-0.7027317713165326,-0.2998865646947375
11627,-0.5318290910400667,-0.2544291769562733
11628,-0.9138265711678937,0.297188904100823
11629,0.3777924903109048,-0.2548615496582441
11630,0.5677395758522664,-0.14623035253261701
11631,0.12858098893928394,-0.2914756502848479
11632,-0.12547169783152767,-0.27614274164832986
11633,-2.0126658403802264,0.7413590949681247
11634,0.35827532010420693,-0.4731759263779506
11635,-2.319738290340982,1.3366685413941741
11636,-0.2019792725984868,-0.21336346408128576
11637,-0.04657995627076769,0.7907112621580848
11638,-0.5087687073810485,0.18098365216193527
11639,1.487203919281269,0.8323093342281179
11640,-1.1426717241212851,0.4226709192174739
11641,0.6037703057005677,-0.029711745889727775
11642,-0.22132132360409812,0.14512973362050566
11643,-0.6550143213324622,0.09622904271801119
11644,0.9628008748421949,0.27969793260882614
11645,0.4539912630312599,-0.005246961731636551
11646,0.4308434979340868,-0.06356442444132357
11647,0.2585032090533694,0.3878022393244006
11648,1.3332836951640017,0.08908431895712973
11649,2.5679644088977067,1.3607207830250903
11650,-1.929417110643493,0.7120639800669829
11651,-0.5132599806009086,0.3059366204587629
11652,0.32095549585158256,-0.36831944227540625
11653,0.07018246442746395,-0.09098399954944658
11654,0.07907527118861113,-0.21989579570284126
11655,-0.16160442435102873,0.14581492631993256
11656,-0.11942385286164431,-0.028677428433122598
11657,-0.034946360736643506,-0.40674025504255273
11658,-0.17884204555191524,-0.5969898240645403
11659,0.18174194790687304,-0.33357164270898565
11660,0.40141878169651257,-0.409997783783398
11661,0.16151939590043962,-0.21316062398384378
11662,-0.28163783104240786,0.20954383696727666
11663,0.16819764883472976,-0.13672808163053538
11664,-1.606736296316373,0.3935365676350694
11665,-4.514090661533566,2.5159467836346288
11666,-3.4687211846489396,8.036235839490805
11667,1.1445126359899955,1.1916753206580468
11668,1.6423129837892336,0.9435094519927231
11669,1.2647403556222412,0.525661961827512
11670,1.6488753975961745,0.2648384551525882
11671,-0.8830782214825313,-0.05500664564689768
11672,-0.2617249204746315,-0.2649135720570159
11673,0.07362068904464303,-0.47207729657543884
11674,0.12245071441488303,-0.4270532366006061
11675,-1.1467564706052031,-0.21271898644552062
11676,-0.508372652231248,-0.45082597572847116
11677,1.5921071359558825,0.04418451619850858
11678,0.13666935428688465,-0.3288125142844367
11679,-0.6376028285234444,-0.48201187731421546
11680,0.4562791698733528,-0.45241246574308547
11681,0.37683460012613657,-0.5193275348653664
11682,0.9437793071762942,0.010105122644440218
11683,0.6462908944039278,-0.32517901629188406
11684,0.6512677164413039,-0.46445922804155737
11685,0.04722010778866631,-0.36690506542338697
11686,0.04914211668555968,-0.49200546725452254
11687,1.124645330852684,-0.19923210403713743
11688,1.17676885274861,0.004788543032332254
11689,0.09484848034463811,0.012335262152556953
11690,-0.11050534685659608,-0.40804673160690075
11691,0.11573382473491034,-0.33478970072639336
11692,-0.22634727504950003,-0.3443976534386971
11693,-0.3622213758264884,-0.4952153889627553
11694,0.23869896598595486,-0.42856746807225843
11695,0.11221494154784722,-0.5276540130266751
11696,0.9537996846624964,-0.14129932447484805
11697,-0.09306411266535437,-0.3186025022266601
11698,-0.03396796088411594,-0.3408189036969381
11699,0.14468555760360774,-0.5132903227083531
11700,0.18299707503201135,-0.4727917104838659
11701,0.05300280059443446,-0.3374781481166738
11702,-0.17743990658933206,-0.4364905487585654
11703,-0.385981414676533,-0.4658549484417589
11704,0.6258371612447658,-0.4643594746592893
11705,0.28792926497340826,-0.45526614953345634
11706,-0.2282710850704729,-0.4140767868775186
11707,0.25985971615653447,-0.5453886982414348
11708,0.006465450101699299,-0.5706618059718715
11709,-0.21419724306146382,-0.45538050000854036
11710,-0.3513010759259617,-0.4922228583254017
11711,0.5516029898962194,-0.19541561397874277
11712,0.3790113572712843,-0.4062685368961362
11713,0.4783306870291464,-0.1421065879362692
11714,-0.16015568978958122,-0.2925125265807901
11715,0.20136213514297374,-0.2580618120884036
11716,-0.264428326534936,-0.3819759489589508
11717,0.04905594382025599,-0.4531846135659464
11718,0.20454251436762755,-0.41021832006152625
11719,0.2502778288552452,-0.4269180290068929
11720,0.627625105976454,-0.3728526071929498
11721,-0.34640064401346043,-0.38654435155633515
11722,-0.19856647822768497,-0.47213263697519525
11723,0.1268420022272438,-0.5370381012737735
11724,0.10508298985760095,-0.48454846894841064
11725,0.5275421433862276,-0.3798866660629231
11726,-0.3996524670111406,-0.4613957509533957
11727,-0.325224391833675,-0.4546123760124309
11728,0.41866677196602764,-0.22743969488417742
11729,-0.5451928242389994,-0.4588295566005339
11730,-0.06552718178402486,-0.3063181315254975
11731,-0.9449185697105807,-0.022398472382900075
11732,-0.05110569811216614,-0.3694813309368047
11733,-0.1569109117163478,-0.4126536507432259
11734,-0.3181249024955447,-0.4795752346416119
11735,0.19273800521152162,-0.30276446110739164
11736,-1.046874114643804,-0.20761042848093988
11737,0.5591523592988521,-0.24398202696221577
11738,-2.27156954403758,0.27371775375531804
11739,-0.4401096011666502,0.1932107575864708
11740,0.10629387432264253,0.29421607268119654
11741,0.8586525545272491,0.1546472130363589
11742,-0.8187609966152044,0.006215697543934029
11743,-2.4949711863064,1.244088012429247
11744,0.0761728219430789,0.13620067498620594
11745,-0.37465011708319035,-0.07675261324847935
11746,0.6279617444568627,-0.07410041749077242
11747,0.7622721269080158,0.2640730351000391
11748,0.9061496543862005,-0.1738732462098862
11749,-0.07909498469561287,-0.38676638488776827
11750,0.480826864473032,-0.13129894563618688
11751,0.7603699585828438,-0.2867125341503167
11752,1.3239100941749058,0.6102935663908043
11753,-0.36799424704412353,-0.20215264017813322
11754,-1.5307695410699513,-0.1976188973725138
11755,-1.579611127505292,0.0986318676423546
11756,0.4085137443159832,-0.1579773127705049
11757,-1.079813647735715,0.07233882829562091
11758,-1.0960908889598442,0.260892186730313
11759,1.6861970949454292,0.04709495947176642
11760,0.24154200022157157,-0.30833569405798544
11761,-0.9122143790255409,-0.27413528928103426
11762,-1.9579326762555498,0.351285423246414
11763,-0.26299943583422625,-0.24936137290793853
11764,-0.32118535829275974,-0.15367503586179707
11765,-0.3328644640918406,0.03248853058481599
11766,-0.46955310043456283,0.4920033125375004
11767,0.45356760296821996,-0.1046786036090947
11768,-0.33570885755156155,-0.31332013114969204
11769,-0.20978590036907924,-0.36537381641924116
11770,-0.32055620017702263,-0.29639848564956206
11771,0.7455996168920747,-0.3458157761720064
11772,-0.19899715868766632,-0.3237605235329397
11773,-0.6355648754084413,0.1958317492148671
11774,-0.7203962810482726,0.0019519285424131894
11775,-0.16699738499510355,-0.3913843059294986
11776,-0.7412246844809371,0.24688092868525144
11777,-0.26296133617697093,-0.2646036660433917
11778,1.4471858425223458,0.24338944905403756
11779,-1.3796948400300573,-0.14569190525977685
11780,-1.0212651590054036,0.7904569592048162
11781,0.07111040613852077,-0.3532831602394786
11782,-1.9190173109643451,0.6600982337149209
11783,1.1818030666058332,0.5645068364876245
11784,-1.091129824214795,0.5732983006431768
11785,0.9747016518254293,4.4612805399351325
11786,-3.207760275476356,1.5643021809063067
11787,1.6887492815501828,0.6886781564659837
11788,0.5244930080459108,0.28020659203540077
11789,-0.04087283786468732,-0.10480236812115648
11790,1.6646140920393862,0.4837475316593568
11791,-0.12798917830066275,0.0022071155387680397
11792,0.667728603903604,0.06758781316576648
11793,0.362777499394226,-0.37581854091351435
11794,-0.7483116541093621,-0.012885238661619655
11795,1.1406392098492733,-0.05359187732716686
11796,-0.7323356818547909,-0.35857795895973577
11797,-0.7389878310778452,-0.2327434636958708
11798,-1.0642644089028757,0.0030160452505953728
11799,-0.20639287456690597,-0.0038461365245178736
11800,0.30700788498291864,-0.4605308147755116
11801,-0.1200667307374412,-0.47222482722339587
11802,0.7055270375804984,-0.3049822818517373
11803,-1.4795276751296793,0.17075560741120535
11804,-0.2690265168008932,-0.08391181303864574
11805,-0.023420781057479384,-0.2461643088834123
11806,-0.8708283765289082,-0.11550001786772499
11807,-0.6054577498397733,-0.1476808086447085
11808,-0.33932535828190924,-0.004773481636619892
11809,1.614286126800407,0.32498137484061174
11810,-0.4362848233109614,0.06735856934740983
11811,-0.6886903760606544,0.038003252044234076
11812,0.4536508753559684,0.06076338068435433
11813,0.5610778311919392,-0.08418636897892286
11814,-2.7543354107397984,1.262120143153552
11815,-0.19720519148046736,0.5851062868096699
11816,1.4197785721118028,1.0633466492917012
11817,-0.6299841888192048,-0.3302489848349685
11818,0.9011456135823274,0.6501089389820419
11819,1.0263705110017871,-0.0744180531812134
11820,0.026882753208810478,-0.36311041693542384
11821,-1.6637915125972653,-0.015814534324145965
11822,1.065912119823103,-0.2652618542928117
11823,-0.3440718851835913,-0.4171398963306896
11824,0.6468636832241524,-0.1103319049711455
11825,-0.42690615641895335,-0.24333201616174452
11826,0.192506538852326,-0.3817537734548484
11827,-0.04367682762138286,-0.2843301627554238
11828,0.9184460200721171,-0.0831626380020159
11829,0.9316587730148039,-0.10903086932109632
11830,0.6007128310196171,0.06535088970365935
11831,-0.5178495007550279,-0.11230347775913956
11832,1.628338336319985,1.166118956134432
11833,-0.7524464803322191,0.020086555325175087
11834,0.4108116434520984,0.11795800529022102
11835,-0.8151336108848742,0.024858030146060722
11836,-2.584841774087204,0.7093831622251133
11837,-1.9142138192591567,1.6159610221185206
11838,3.0773780762176113,1.602135195135453
11839,2.491115597930218,1.0331289871983378
11840,-1.1380056313379585,0.3368451856957033
11841,0.5120494133701374,0.13572176931462873
11842,-1.5663505029663152,-0.09699325342370904
11843,-1.0723212395654629,0.41177579848374113
11844,1.8238250519753536,0.2169915511908765
11845,0.0504829697880948,-0.22044849713255565
11846,1.2240365990472672,-0.28235869346041326
11847,0.04158200302606946,-0.36764513606135113
11848,-0.8320692808549236,0.12808040399583634
11849,-2.6547251308180972,0.5813503324722239
11850,-1.318394799139806,0.4382783285472258
11851,0.7962873763195503,-0.29582510943259765
11852,-0.5823369832358511,0.12528833580133056
11853,-0.12462307762338118,-0.2423241999665241
11854,-0.3242516989441551,0.15302698534712597
11855,0.5527145366838502,0.12705958917879098
11856,0.4224195209537708,-0.21366628551383066
11857,-1.148728365741898,0.1380190694274073
11858,0.09271053072574154,-0.22152899252921332
11859,-0.08720428450428984,0.25506482457087987
11860,0.11812415369833834,0.0034019684465499134
11861,0.4984466938211487,0.01717842992124416
11862,-2.1388774771122345,0.8929437314479399
11863,0.48596966055869806,0.2837416185331195
11864,-0.3169577711594508,-0.14843050955452636
11865,1.9803725372900152,0.4672066835834171
11866,0.6606036331984559,-0.022906310030368915
11867,-0.03340509764243249,-0.20397164185107047
11868,-0.26648449207311375,-0.46977340308495275
11869,-0.5972055036906508,-0.4682045694372735
11870,-2.4028324771031055,0.38628593893661
11871,-2.1025153474492106,1.5205908886122808
11872,-0.22245546257982185,2.3215156444872784
11873,0.3259530373927766,0.6282509762715136
11874,1.6119266879715584,0.6042007219639949
11875,0.8305359637500974,-0.07098673396330504
11876,0.24901709327663357,-0.3872655467243724
11877,-0.18673380317834004,-0.4205254494969234
11878,-0.12289710252760934,-0.006435287919948379
11879,1.3672237062732573,-0.04804183772948187
11880,0.2580702141083624,-0.37812871365061573
11881,1.278973485326918,0.1453154759549641
11882,-0.2702292811722713,-0.339559124950915
11883,-0.8527566380511532,-0.3792309961668281
11884,0.4540137312872662,-0.42227087629207527
11885,0.42018814348332023,-0.38375781165267364
11886,0.22842962783126275,-0.4943599331928712
11887,-0.2626985758065351,-0.4994748886236213
11888,0.03343239004342019,-0.6149660612095871
11889,0.04347340604137573,-0.5326393432881067
11890,0.3739320174488051,-0.487868279076636
11891,-0.08609999054449914,-0.5044967993696982
11892,0.1273055406284777,-0.545601616344763
11893,0.1320437843929647,-0.530126245224088
11894,-0.09343970879099545,-0.508594485722839
11895,0.6661543994342589,-0.34453389998534156
11896,0.6281969857857178,-0.2918299116527252
11897,-0.015255251806114672,-0.27340308763208476
11898,-0.6233692476139533,-0.44382758780704323
11899,0.5004146783869564,-0.34263689508057005
11900,-0.3684983752945512,-0.507912304485815
11901,-0.1362011329825623,-0.4534739474745363
11902,-0.6604935435783535,-0.3615127928386721
11903,-2.9998256174700058,1.250593658429413
11904,-0.3977285503674059,0.07187699535549
11905,0.7103161723824531,-0.1410896737233084
11906,-0.4414819830271905,-0.32281564503660665
11907,1.986320497677049,0.4636455808911807
11908,0.5600208510274068,-0.38928946274336107
11909,0.7187278518069516,-0.15416529410644134
11910,-0.09755840118300038,-0.4274709798743903
11911,-0.6117600611045895,-0.34613173064825686
11912,-0.2787025068910038,-0.45946487747340947
11913,-0.5241374077686292,-0.42193216940438893
11914,0.6443522372521736,-0.49058108913619225
11915,-0.6490862586574554,-0.5128955569691541
11916,-0.48325181271376805,-0.4762765439294898
11917,0.873511151825379,-0.4444358230264528
11918,-1.1309769208753429,-0.29184466952058974
11919,0.340020449823514,-0.39495628891884405
11920,-0.7766666753249832,-0.23500303880079018
11921,0.8773825046088582,-0.30433650657944916
11922,-0.6524231273794643,-0.36406207926520295
11923,2.550102306910452,0.4241734172561209
11924,-0.4871294575049876,-0.28123952631443805
11925,-0.27976559745064566,-0.41364295446599064
11926,-0.31279106882533436,-0.4904971104364778
11927,-0.11462964547949056,-0.5753910626503345
11928,-0.6148026918791877,-0.5560501370713801
11929,0.9450215707530348,-0.25567937490479586
11930,-1.0974548757943514,-0.34791094446219195
11931,-0.11384937077335397,-0.4573204324054363
11932,0.5382343469377511,-0.30809961184533197
11933,0.43513009400735625,-0.2482273184839633
11934,-1.0083965218857909,-0.3199687532086612
11935,-0.4973302012758181,-0.31085236137263095
11936,-1.5404406959777637,0.5473217154394009
11937,0.06403517792820917,-0.27247825335872267
11938,0.6900965155400866,-0.2722773773285866
11939,0.014118969584082569,-0.40174198044799236
11940,-1.2455987985031776,-0.03257015958594109
11941,-1.0655391095144142,0.5584787760891657
11942,0.14417944394841747,0.11936469417536655
11943,0.1485063928900639,-0.26496030006566007
11944,1.1374260464401829,0.35016409733570164
11945,0.04518272297165071,-0.1597621388471297
11946,0.8864196552233171,-0.23398907501405092
11947,0.07497977059007843,-0.44558143840023945
11948,-1.837272653010471,-0.08838308487903987
11949,-2.211253565842269,1.2577574682297175
11950,-1.0284289275466554,0.18907483755922985
11951,-0.7410990935795166,0.5222621650218907
11952,0.1684410829772962,-0.066318892824023
11953,-0.28029215931431223,0.47768488609242765
11954,-0.13001900439737182,0.18909037128048103
11955,2.714562523407933,0.42299110516911953
11956,0.08160782624342089,-0.09653270899630098
11957,-2.044054129472465,-0.0712383944551753
11958,1.040811789450815,-0.1454529774288218
11959,0.3128561846276293,-0.4062281844563532
11960,-0.4900085334258965,-0.3002388756040203
11961,1.3542860842032574,0.11434552966503328
11962,-1.2970860938420574,0.06495445134727412
11963,-0.04578963990641388,-0.5101333664265352
11964,0.6714648223116353,-0.296741087950812
11965,0.07123844088651876,-0.41796567905166226
11966,0.0038475635758259685,-0.37797560202708236
11967,-1.6818940567035137,0.004966625592583013
11968,1.5118090488474891,-0.017356884116128957
11969,0.1547375486508703,-0.36121518730144186
11970,-1.696323913035811,0.03453895354580311
11971,-1.6458401236978428,0.1955290352855983
11972,2.302666294980864,0.3876676720625144
11973,-0.5796503465948195,-0.40787333473503895
11974,0.3628137032714236,-0.2299768431708532
11975,-1.6997512059465438,-0.0674152990365976
11976,1.6257696808953561,0.556759253383578
11977,1.2586015481892572,0.057144571448386194
11978,0.04850417359453646,-0.1639645697664817
11979,0.5860889562081464,-0.38058434062114643
11980,0.0381713336194196,-0.40297719303873636
11981,-0.48560995162853315,-0.5066069614585261
11982,1.191818457182551,-0.07757760075194595
11983,-0.43023206640446476,-0.31593675522380515
11984,0.7592005403919976,-0.43418104794903156
11985,0.24474192362790814,-0.39516219355916404
11986,-0.29485286811867184,-0.511101169904318
11987,0.05995727181917171,-0.5023248609929779
11988,0.7070431374443685,-0.20323519477778695
11989,-0.38407099291437996,-0.4893410634718539
11990,-0.7351215825381502,-0.430417780967674
11991,0.4561508571176984,-0.4999678435434022
11992,-0.6506061614472403,-0.4247113350723062
11993,0.39438514652758894,-0.517921550686816
11994,0.08152513937041256,-0.36536596904610724
11995,0.44361990532415896,-0.549372697318839
11996,-0.38116376836175364,-0.5346692942442417
11997,0.23424122273931647,-0.561711385275041
11998,-0.3935845808769769,-0.5038385193310525
11999,0.2793916557435824,-0.5083629076094119
12000,0.0010918901280273507,-0.45754650172599387
12001,0.3052005096777053,-0.5089595522984682
12002,0.567701896044871,-0.3366778939313782
12003,0.1846984313051419,-0.31292965627059555
12004,0.024855511055728696,-0.23381512917762662
12005,0.0339415591568164,-0.4624684322926458
12006,0.477666947906522,-0.30331343822562673
12007,-0.548963597245242,-0.3775866351368431
12008,-0.2597919418837572,-0.5317431295969003
12009,0.42955375323856315,-0.3351139531638845
12010,-0.49046165277898257,-0.3718194807885016
12011,0.10848114811715959,-0.560454045667864
12012,0.09012712807651846,-0.39037868446645674
12013,0.17751544419471688,-0.4813108952016857
12014,0.5481762064868234,-0.3652411663191901
12015,-0.16606755581552649,-0.2516779747178456
12016,0.2208261289301638,-0.4688849392459957
12017,0.09037019751679792,-0.48936811903408073
12018,1.6826347301179458,0.30555877244271334
12019,-1.1653230514297337,-0.07282246411194834
12020,-0.4549884844634643,-0.3857742951018973
12021,-0.22578208155752905,-0.42523409501029286
12022,-0.43016198676335243,-0.34475967906310095
12023,0.2026852060393748,-0.4110722370924341
12024,0.7901169834770799,-0.14567203527785244
12025,0.04168644848023062,-0.461260899974558
12026,0.2521854582764018,-0.3882973309266081
12027,-0.8317888257547413,-0.35036782751461854
12028,0.020016417428179667,-0.47206808062762917
12029,0.2530911547575131,-0.4556348793665195
12030,-0.6111615992162693,-0.3631302366506375
12031,-0.40659279074931076,-0.16078953066220159
12032,0.7230248093242864,-0.10431814321084579
12033,0.06509141062317925,-0.43845150998306304
12034,-0.18889394963987313,-0.3546159902845561
12035,0.4114836817832176,-0.42040945904726
12036,0.1953027296488648,-0.48486119134332817
12037,0.061657946020788,-0.4774647800515309
12038,-0.701187031543309,-0.2494837316905977
12039,0.284643095093425,-0.39614991072812156
12040,0.5721612402808807,-0.3914323824808409
12041,0.3765423525175198,-0.5234276922666147
12042,0.4278555852553083,-0.3217018724429137
12043,-0.7626657843685182,-0.2876491349699132
12044,-0.1625573102252099,-0.44309237780723143
12045,0.6056065001453653,-0.371073337833584
12046,-0.35516392727284135,-0.45829609558634454
12047,0.4309864710399135,-0.2870836861259981
12048,-0.20520322821880807,-0.34558737106743603
12049,0.6321608681966278,-0.1334615192680547
12050,-0.2381667998589522,-0.47288844623205994
12051,0.7630960451367507,-0.24107719090749516
12052,-0.48799002772387556,-0.32184245951636464
12053,-0.22313465368748214,-0.4242706798907867
12054,-0.4825322508531567,-0.46410592417915575
12055,0.010984993877419358,-0.5244421274643049
12056,0.5088553159252095,-0.42124784829804307
12057,0.058882251993933765,-0.4844201545014095
12058,0.34926322678936883,-0.38370608192445577
12059,0.11652672413509368,-0.5118349587145699
12060,-0.3350519054635101,-0.47189367036723184
12061,0.3483600115840839,-0.55862796106231
12062,-0.8706424742356006,-0.19948994152638927
12063,-0.1687178890001063,-0.44035936241339735
12064,0.6005144324731464,-0.3951523649358941
12065,0.15253899248994474,-0.6152021493147464
12066,0.5298298255131396,-0.2589109304353511
12067,-0.416959411747137,-0.3827012816873816
12068,-0.40938374770781644,-0.4580118098395045
12069,-0.032527974472329385,-0.4780798274228919
12070,-0.17730725924542212,-0.3213973893050246
12071,1.186063125287662,0.3515351742918329
12072,1.2798378995971031,0.05833399320285737
12073,1.218601906501751,0.18699357274367343
12074,-0.7015652824854205,-0.07905727056377479
12075,0.1021963609991241,-0.2304710502348255
12076,-0.3251787010572102,-0.30159584481558593
12077,-0.49103403855914857,-0.47609960037924315
12078,-0.8612893685968875,-0.43985817121234616
12079,1.0211860583049823,-0.1513406629833094
12080,-0.3154856209786282,-0.5244161363211676
12081,1.2279038280021424,-0.10734651570776382
12082,-0.5849484377337995,-0.4197871267196065
12083,-0.1719602427875232,-0.5122943345017599
12084,0.09827350554039477,-0.4866461248381071
12085,-0.2585474010132406,-0.6274218346581022
12086,0.1925108203057989,-0.48102080064326924
12087,0.029391317921179966,-0.5300918498964245
12088,-0.9050717420705133,-0.3150927282966821
12089,0.15037865447935345,-0.44493456877974913
12090,-0.26248170833955986,-0.5419373858287649
12091,-0.2589408338785043,-0.46832336704810007
12092,-0.15490307609886822,-0.5061388677593055
12093,0.8449447962057947,-0.3279697153917782
12094,-0.6668381877717664,-0.47340957637866066
12095,0.06669645922073464,-0.49068390688896424
12096,0.42179188692113045,-0.45450012956100494
12097,0.27898594158601786,-0.44793311186813534
12098,0.15527522002567606,-0.3615514792252347
12099,-0.03632080932677231,-0.43156664601016226
12100,0.5238629466256269,-0.29070194853515163
12101,-0.11145659681329932,-0.44823747317655216
12102,0.27086769819376433,-0.21049723976670032
12103,-0.5166352489889072,-0.3569925169813929
12104,0.2914119201276431,-0.18965967315391818
12105,-0.09874043508404318,-0.3836311102433586
12106,-0.12490764256706771,-0.38081226042191774
12107,0.33015784239687196,-0.28150242067901465
12108,-0.45703123110163724,-0.4904629818748899
12109,-0.658256436746609,-0.3829130745705467
12110,0.5742014499643104,-0.48387295377227024
12111,-0.2643852535638386,-0.4007608434110125
12112,-0.18904226915433922,-0.4280213253754669
12113,-0.11423864131628186,-0.6061917121952947
12114,-0.12461512968302307,-0.4219057535487468
12115,-0.022608459443406143,-0.3952001243485108
12116,0.20547155951348411,-0.3565287517551152
12117,0.1473153875602311,-0.4321136597827844
12118,0.29169144375620043,-0.49165204832629694
12119,-0.2194837411271751,-0.4345822299386647
12120,-0.05286806951654116,-0.42858968266833
12121,0.5962428500981676,-0.3737163772640487
12122,-0.1621768799137479,-0.370603146001789
12123,-0.4780203130114965,-0.43627371783788693
12124,2.43230127776348,0.6693144162073906
12125,0.5020373863294321,0.4972634477991974
12126,1.1748883262788161,0.9026544324449798
12127,0.5558260885745948,0.6051284488377975
12128,-1.9432428969608884,0.1915718371617328
12129,-0.6632888029465769,0.24057866611809062
12130,0.8843037863778883,-0.20795101147648462
12131,-0.3385799019271415,-0.444811522269836
12132,-0.642078088241743,-0.19300822096483203
12133,0.32443300311833745,-0.24753184019211674
12134,1.0632955010614533,0.061183101761114966
12135,0.0788838295990888,-0.16733064824136856
12136,0.9834467743516874,-0.004270118808002488
12137,0.5762876420447383,-0.23717606774441036
12138,1.39622141706205,0.07675551946786405
12139,-0.8647220983904068,0.01941052695927553
12140,-0.9437532455220908,-0.07950444726803951
12141,-0.28778427516965494,-0.3518619271593991
12142,-0.6566705625534501,-0.31507409337720504
12143,0.5373535408578417,-0.3831179383183352
12144,-0.8707922320587628,-0.3076534032441601
12145,-0.21563000368327973,-0.3744524522283145
12146,-0.17322225068395514,-0.38304598294639636
12147,-0.29333384442143307,-0.4984450831648901
12148,-0.5319752520015146,-0.3795213964496521
12149,0.1945780949672859,-0.4876222559972818
12150,0.02926198373316219,-0.5243085080242911
12151,0.32530826826993964,-0.5903493309799671
12152,1.0675480738056655,-0.2054609567413538
12153,-0.48725665727069645,-0.3521826100438894
12154,0.9266208321816217,-0.2524499800938765
12155,0.20982664347108126,-0.33216644321110306
12156,0.9181445408075032,-0.175195046236577
12157,-0.40902325439781473,-0.39546810779880537
12158,0.47020324629704613,-0.19078491819719598
12159,-0.34182211498086684,-0.45542647605140074
12160,0.17603729756525477,-0.34561125617900434
12161,0.876264247840795,-0.19913872664682072
12162,0.16480529691114648,-0.4104441529391635
12163,-0.27123386036251773,-0.5087758643799095
12164,-0.15219781530112372,-0.4437205906291869
12165,-0.1730262649526181,-0.4443830150095017
12166,-0.3831440386575287,-0.4106726368314729
12167,-0.14074047161206818,-0.41624890274859894
12168,0.3999776336166929,-0.41675967312105955
12169,-0.3576080023818424,-0.36972386594886175
12170,-0.0881835479167854,-0.3888619323256707
12171,-0.01586554611044977,-0.4304256893952748
12172,-0.3178604367812602,-0.43451760278136164
12173,-0.858799240765063,-0.4216140328130539
12174,-0.041761265602970665,-0.36190590633367903
12175,-0.11783462115657357,-0.5722742300159535
12176,0.2520028439579115,-0.3790453697045536
12177,0.5281561473668261,-0.5173707279469012
12178,-1.4627880239255142,-0.23642874880774895
12179,-0.45895269220639623,-0.2908041307814969
12180,-0.24449665501206264,-0.3966374051630259
12181,-0.1658206999173635,-0.39326081055728035
12182,0.6611872524634209,-0.35125721478515964
12183,-0.6487141811447357,-0.38763582773770344
12184,-0.252560606436956,-0.32649362750074296
12185,0.21596602949061905,-0.4783067041438053
12186,0.3497676985869239,-0.46513723338772217
12187,0.08360220871622226,-0.547740070130108
12188,-0.42580771033082176,-0.5404210016487759
12189,0.7858242608818161,-0.28079441868445204
12190,0.13905298650040554,-0.45721217815525306
12191,0.27224877105874723,-0.3861226692706775
12192,-0.5567702122619373,-0.41037420205203856
12193,-1.033679773193383,-0.16266982411944358
12194,0.06529622159255022,-0.268071269993575
12195,-0.6098316237758306,-0.30472708316967767
12196,-1.2980939528362234,0.955161535678163
12197,-0.05889866856564224,0.07081804532516783
12198,-0.023925925391254654,-0.25186916457052166
12199,1.2440099324982565,-0.05054176596952409
12200,-0.21470977663872645,-0.39080583000957736
12201,0.12490434280500162,-0.46461963524154837
12202,0.65260282445002,-0.3586520284120932
12203,0.3749557214417262,-0.33935097703744155
12204,0.6969295699309372,-0.18920363559081105
12205,0.46135302161939096,-0.2684930207987763
12206,-0.17272375957818148,-0.44402976993423404
12207,1.4144002639406255,0.037938577158042414
12208,0.39190574117523824,-0.045559039478178714
12209,-0.3578506462407127,-0.43450110819891985
12210,-0.0469384701861999,-0.4435355433446605
12211,0.35247485900842446,-0.41418849315654294
12212,0.09851731968150446,-0.38459754449511785
12213,-0.4639848247091286,-0.5263747680354527
12214,0.011809706474520065,-0.4508649316595521
12215,-1.7189967192698035,0.2724485060202697
12216,-1.9903098146825053,0.6184202439025622
12217,-0.2629086839508372,-0.07607696085364551
12218,0.08583965759333395,-0.24787779079554004
12219,0.519655433244374,-0.4655451128450784
12220,-0.20582787760701338,-0.021615214662332988
12221,0.4955615122492275,-0.23137627230648677
12222,-2.912356021217793,0.8944295624150295
12223,-1.9919242406416298,1.818996806117005
12224,-0.9773076395845751,0.9171438267062352
12225,0.4815768954879732,0.54150706583482
12226,0.9114270903899339,0.010611511014165825
12227,-0.8438474636345167,-0.11900900369620737
12228,-1.1804248917855908,0.2770358882507086
12229,0.3900970992191978,-0.23403988784531632
12230,0.8272136459910261,-0.13881660518554334
12231,0.4006263246564584,-0.18430803136844087
12232,-0.8055655299987524,-0.004206473061167032
12233,0.22268405440354616,-0.3454389256514556
12234,0.30236498545561064,-0.5908330954256178
12235,0.5513739175814042,-0.41034601049558617
12236,-0.22317647114900152,-0.4165867184542986
12237,1.0200476955530502,-0.30896662493176597
12238,-0.8226382126850215,-0.4367046765692447
12239,-0.31225536233120343,-0.4505352884852236
12240,-0.4586358294565962,-0.47391446642808943
12241,0.6893317793106298,-0.29389732562744186
12242,-0.27082061749715103,-0.4494302758898545
12243,-0.2069479320441731,-0.517591370664341
12244,-0.2845177144361102,-0.5357705062566805
12245,-0.33265761901175966,-0.28611431991615854
12246,0.7443159420167217,-0.4255371617292806
12247,0.9120418053496963,-0.30153756318522884
12248,-1.2034027520744912,-0.4263667381549272
12249,-0.32459661940156326,-0.4085153614442817
12250,0.04107688654506153,-0.5423202686508032
12251,0.6595486359595096,-0.4411169377662757
12252,-0.4753834915026855,-0.6200551321251385
12253,-0.6633948536670735,-0.45353046728367474
12254,0.5854062716103322,-0.12225731243965995
12255,0.4108312575435251,-0.4855611584040539
12256,0.43552839831106005,-0.4783085897405094
12257,0.227070618342189,-0.49909334302251396
12258,0.5975684658141415,-0.42059966488284595
12259,0.011002170670185829,-0.42642408491580996
12260,0.3091315837348594,-0.46736548941309597
12261,-0.16633113355371598,-0.4588202527782925
12262,-0.42457379681685703,-0.3136045332230949
12263,-0.11400762827709378,-0.5160424530442935
12264,-0.1498545040774965,-0.5041441515836442
12265,-1.1384558120666624,-0.08590151478333471
12266,0.09758424400296273,-0.3996504346534363
12267,-1.2976077180698788,-0.30805349486399225
12268,0.80536290903446,-0.31582866002134646
12269,0.34293326967964544,-0.5210687255930241
12270,-0.9528817303753915,-0.504133739280628
12271,0.6560388042043724,-0.4664388012231929
12272,0.10404989762165373,-0.5921954557810328
12273,-0.33998952744835836,-0.43455307876098903
12274,-0.33441416439310245,-0.6058962112496517
12275,-0.8664455489640697,-0.09515718932866005
12276,0.5809226998837629,-0.4964286503150922
12277,-0.2581298189413919,-0.5395800236398236
12278,-0.5664503548063433,-0.4324108880056633
12279,0.5066974612910246,-0.5030629119584732
12280,-0.0930082894411911,-0.4432615796444346
12281,0.23525569380146816,-0.5121753968465853
12282,2.3885234398440756,0.1686468195783292
12283,0.27776927866004864,-0.2511044710841173
12284,1.4923600161367143,0.13384640034728904
12285,-0.515052703918291,-0.30463803861977584
12286,-0.6839731413545236,-0.5050687943730708
12287,-0.09128780861637276,-0.3897852175664994
12288,0.6674490124210813,-0.34012120076001245
12289,0.11428672111884153,-0.5019247516654499
12290,0.6344805686633178,-0.37398552123375073
12291,0.39079670664456523,-0.4785606787310097
12292,-0.5944788849134112,-0.36731538045414724
12293,0.2310030017568292,-0.5506898256699145
12294,-0.7138764024659331,-0.17772909509247062
12295,-0.06033364545012987,-0.5142462515340493
12296,-1.3968160731567445,-0.2931219710365902
12297,0.5207125725320033,-0.35473659499923416
12298,0.7837303087860986,-0.3631053011169472
12299,0.14367513552539785,-0.4758024690713928
12300,-0.5615946769997135,-0.4314897747029337
12301,0.4412133101828164,-0.5118104086436318
12302,-0.149007155435971,-0.5591988425715911
12303,-0.4151794630947929,-0.2852125952040593
12304,0.5024731571951843,-0.48756670697818805
12305,-0.3124824682149783,-0.4057893085497515
12306,0.5404765969943253,-0.3831841723584338
12307,0.4415022656576183,-0.5072828321757743
12308,-0.05071825274292294,-0.5092639569979126
12309,-0.4177795363182867,-0.5484908237476139
12310,-1.28417132770146,-0.19655776491000282
12311,0.3710288885568901,-0.2155870166932284
12312,0.02602177767147068,-0.44185524407050325
12313,-0.4458977023563491,-0.37240693351969345
12314,0.6892741768891071,-0.38886339567628503
12315,-0.04613674164586784,-0.4280219140632333
12316,0.5049232931148432,0.23750649481134037
12317,0.2769278016330396,-0.05421816083855008
12318,0.6703218873559363,0.18694810164925688
12319,-0.5376748751578659,-0.0326469127513678
12320,1.1220635425674161,-0.014926188663999918
12321,2.231893228985573,0.1879434151875782
12322,-0.5558378825188947,0.4535759572282754
12323,-0.029219348516501903,-0.2381627884420811
12324,0.560463526251946,0.22606194935278603
12325,1.4177307922986104,0.45723128020579373
12326,-0.9318184063572413,0.35252432851206483
12327,-0.40739784186040107,-0.2066449778993154
12328,-0.592008152228538,-0.4507895853681392
12329,0.5061891373790952,-0.5244820089047211
12330,-0.058746112814191315,-0.4593629785103419
12331,0.8887250593243362,-0.2787415299693014
12332,0.6069612426171678,-0.43729905570744665
12333,0.39678866234782917,-0.5012910915844824
12334,0.8836596988939182,-0.01176833829720314
12335,-1.0782595284055705,-0.4028578480623063
12336,-0.17910135738818278,-0.4532928620127623
12337,0.005676578519250186,-0.48634905017194774
12338,0.0486845927968208,-0.4561415411412789
12339,-0.00396927572181921,-0.5414751784748316
12340,-0.48036626585822867,-0.5388294857860771
12341,0.37966809066731333,-0.3568953068379135
12342,-0.2616264208567065,-0.5762900396645626
12343,-0.16997387709698233,-0.6351562051908908
12344,-0.42341357987239553,-0.4413922916196681
12345,0.05337940661570856,-0.4443742124688719
12346,0.48249699534916646,-0.4827159295406005
12347,-0.1407138291120191,-0.5660724537618228
12348,-0.764867332075562,-0.3989917450436442
12349,0.5387314708949585,-0.49364342470950007
12350,0.21834751597729296,-0.4045316407824965
12351,-0.0018487472905264757,-0.5011140073387198
12352,-0.23911252120354914,-0.5421625874957631
12353,0.2156612000863215,-0.6596914564834636
12354,-0.2376993688887375,-0.5360195868030058
12355,-0.18732136958372567,-0.5488038118769886
12356,0.14877693375680318,-0.6426846136876615
12357,-0.0919550407760265,-0.48568609455185263
12358,-0.2594206067682423,-0.4265366288963618
12359,0.11039047521404144,-0.551749090012295
12360,0.1636161852920035,-0.4719848524737573
12361,-0.06614820847031178,-0.5573542819159084
12362,0.12077315068627104,-0.5293426561942933
12363,1.0443608844228907,-0.25949120805595316
12364,-0.4775003080210315,-0.48515037490666024
12365,-1.443756027790855,-0.2515519398943052
12366,0.2661461975803191,-0.40849552901166475
12367,-0.08919359718256759,-0.5428130318695805
12368,-0.8732460632894001,-0.4832168433260089
12369,-0.009916940221289555,-0.463610862064215
12370,-0.20367812534966026,-0.6262162077704657
12371,0.04323033658631467,-0.5789150937125128
12372,0.2869715677788401,-0.6005541908995947
12373,-0.23051092671727857,-0.5412331709405628
12374,0.2973799317099535,-0.6000905056880405
12375,0.30868739134242906,-0.5566769667468843
12376,-0.3685859220949025,-0.5629223924853196
12377,-0.12667795890718478,-0.4524110305424891
12378,-0.08569170696849754,-0.498659881932747
12379,0.47460726280608656,-0.4201362572194932
12380,0.11676574289878422,-0.45886458309904943
12381,0.6730622442053905,-0.16028744786371063
12382,0.7370118232411533,0.21757353370237245
12383,-0.35136173498646883,-0.24759052035326923
12384,0.19918933945764572,-0.2898920059928394
12385,-0.12197431995630575,-0.3072684841517901
12386,0.4714555089671628,-0.3045367939127272
12387,0.23619604290873936,-0.2801076960235282
12388,-0.36220083758877997,-0.4704740294052371
12389,0.15562214483027142,-0.5041249738123413
12390,0.3121996211798014,-0.32175494108860775
12391,0.47463968070989004,-0.5081115483098917
12392,-0.5319163321157634,-0.4423152094431869
12393,-0.2656828518249283,-0.5264066965204509
12394,-0.3314823534412117,-0.43446222638260334
12395,0.5235666000400071,-0.34834088992188617
12396,-0.04335551028882578,-0.6482069838085962
12397,0.22599005435275454,-0.47517812661018344
12398,2.4401664503356884,1.1464375227003698
12399,0.8418348747313827,0.6604077895174331
12400,1.5550579280870087,1.32285584934171
12401,0.27131941092365297,0.464419113719464
12402,0.20904600571003956,-0.08022505018852552
12403,0.6844074892214528,0.19798867306726456
12404,-0.26594468296260976,0.06705711283269652
12405,-0.040083280342888494,0.21120533093701857
12406,-0.6199630368377615,0.21969617040286052
12407,0.003956740942479164,0.01011488046118686
12408,-0.05091259778210633,-0.02655521723837273
12409,0.4667541860570844,-0.2071858946257613
12410,-0.23722397669536915,-0.1000240044703824
12411,0.07928078275359401,-0.3924558901098597
12412,0.3121619987275832,0.017609833362605853
12413,-0.2800839993142864,-0.18731524425826523
12414,-1.4111931318994477,0.11520447179351426
12415,0.12946813160697074,-0.16995021854652462
12416,-0.06751148181575253,0.054111776441448545
12417,-0.24139433179878686,-0.22720196945186305
12418,-0.03008722544018222,-0.39621715849004224
12419,0.7283422760733981,-0.25074739053145717
12420,0.5853097207476073,-0.3320372464899559
12421,-0.20091108482697584,-0.3120806136680121
12422,-0.18944633281784398,-0.30867464679340273
12423,0.18518291265782327,-0.2637682841907294
12424,-2.23960265804651,0.13555576408485817
12425,0.08742092738042578,1.0185916862930886
12426,0.3139459575855589,-0.18852565323443563
12427,-0.14911787224184697,-0.27836880639787204
12428,0.4382561686661295,-0.33282588220421994
12429,0.29745382894764066,-0.44194859639746087
12430,-0.7681805337813107,-0.4660119234801441
12431,0.6477770698619982,-0.5624541955022063
12432,-0.4559551335805489,-0.4885823435742672
12433,0.9669500937410079,-0.42688436604104396
12434,0.20000940031002845,-0.5977461628872659
12435,0.3501782913637108,-0.5223704055310302
12436,1.2755202899519298,0.026746744036552583
12437,1.1596021298769075,0.7782951035641659
12438,-0.14484484264490727,-0.18914873748028774
12439,0.6925986383462509,-0.33376692202580605
12440,-0.01113582352679987,-0.3169860187414406
12441,-0.10911949932405682,-0.07934171074162663
12442,0.12087707420580013,-0.34480203486844
12443,0.35974392243427544,-0.20565266579814576
12444,-0.25440297012703683,-0.2119047914215225
12445,0.13093899979458745,-0.18645298738059432
12446,0.7590762668401628,-0.3115263890621591
12447,0.1730016972329267,-0.23101839991812176
12448,-0.01120242500521812,-0.2284746427837778
12449,0.9929388642808424,0.47269831244266824
12450,-0.7614559313515837,-0.11975855029075697
12451,0.02356084149465329,-0.39440017734266297
12452,0.5360421165326594,-0.33256739978469363
12453,0.4269028415837375,-0.3049750109216702
12454,0.07544971729076849,0.4824829599657986
12455,-1.1092198850584838,1.3052120142755517
12456,1.1049577698067994,0.7296806048117656
12457,-1.36803383324124,0.2915575392866273
12458,0.6106862419423205,0.5948381314531578
12459,-1.2436828776521027,0.7391307286316565
12460,-0.41073401323552616,-0.055277866806541814
12461,0.3068699546611091,-0.33974627260034673
12462,-0.08913413719363629,-0.33683904479319815
12463,-0.45175896831733764,-0.46948705849087446
12464,0.40169521645037565,-0.440336522521391
12465,0.13822502828912886,-0.37000722969501465
12466,0.417943340329448,-0.5152804365460916
12467,0.8895653110559104,0.40149790316954914
12468,-0.7272423378855477,-0.2531913694290415
12469,0.025324069308518188,-0.34942976070058523
12470,-0.3050625165290337,-0.2299868978579447
12471,0.1900252040130247,-0.3743024981777272
12472,0.013372119797702975,-0.28286031157617747
12473,-0.34591555995324086,-0.3530921316991924
12474,-0.2759368442076018,-0.3667538851913652
12475,-0.3024417164540605,-0.3137593382628272
12476,-0.09770377809634873,-0.527123250349093
12477,-0.23297220845766858,-0.4727409062385044
12478,0.4236941043380057,-0.35888467093992105
12479,0.3803187257967957,-0.45305227761221434
12480,0.36860800116213965,-0.48759932747414225
12481,0.49721993489478966,-0.40846033947743354
12482,-0.38377535520717065,-0.40617677058426893
12483,0.8007501154692352,-0.2888479609464436
12484,-0.10288511881520253,-0.14944774559612112
12485,0.3246807911580927,-0.20974834518005853
12486,0.8867509213456101,-0.021025543527092044
12487,-1.168196079037355,-0.2208903658781424
12488,-0.6289379839272073,0.040547978893930525
12489,0.15244824841667398,-0.2402440283258207
12490,-0.20434408297013024,-0.4242867621100712
12491,-0.2792864792786616,-0.31399796019998016
12492,0.04002485540432185,-0.4423765520417774
12493,0.6909667198697803,-0.3501903942551581
12494,-0.05390204840723409,-0.42401450170081767
12495,-0.40155157839483513,-0.4961776500609124
12496,0.22321866293369735,-0.44516385731044483
12497,0.3072445227873509,-0.4053921406995933
12498,0.5948610357608924,-0.313770953165472
12499,-0.012821098060887604,-0.3238875820584551
12500,0.21243912398802378,-0.39674309993532775
12501,0.31409551766962407,-0.47866568884258487
12502,-1.596218249647963,0.143152960871229
12503,-0.06559813595486444,-0.2607938368938467
12504,-0.14085417190278704,-0.35735870276907733
12505,-0.34387526747215585,-0.3251435811328393
12506,0.3144318064230567,-0.3469363741559437
12507,0.6403930274124211,-0.3382881049189772
12508,0.6448864742231146,-0.10287696344353581
12509,1.7701106838454304,1.2661926717431005
12510,-0.8524960698456084,1.4880059625245377
12511,-0.2999887602258321,0.03376734517104793
12512,-1.2748260657726935,0.10370215325056789
12513,0.2649916110513518,-0.08277250376278145
12514,-1.0402438629056776,0.04170944798376172
12515,0.05607717168920895,-0.26739727218086407
12516,-1.969907423094683,0.4320126170763334
12517,1.2507683517205286,-0.09641030189674463
12518,0.24274244401354972,-0.11857940473785675
12519,0.144517920694817,-0.40617992545385695
12520,-0.05741770074205571,-0.42978868638934675
12521,0.6007864308708705,-0.4391785469796219
12522,0.9735113370124454,-0.20620472657551417
12523,0.30456192275575056,-0.35171874198681313
12524,1.4586352664601265,0.141804798067624
12525,0.8359155928767098,-0.15402415943593803
12526,0.09042019261208423,-0.3152457033837609
12527,-0.43101859468958004,-0.11633836214223933
12528,-0.6175324694418558,0.34427691238445735
12529,0.09101078659053463,-0.28134859406582713
12530,0.13575875496583867,-0.42344644284739086
12531,0.2317072679564418,-0.2936829323905894
12532,-0.10951075812558159,-0.5047388542215343
12533,0.6505787734392608,-0.44238372117759095
12534,-0.7078662225454105,-0.3324517252467398
12535,0.049926351244584166,-0.42135842389275235
12536,0.6627427403740866,-0.5769733516044708
12537,0.37076600175914176,-0.41602582566668234
12538,-0.17036534267228626,-0.4132413213844631
12539,-0.406795816611631,-0.4856941376152315
12540,0.4324218219227791,-0.3628662619171228
12541,-0.08460901183154235,-0.4996314023011905
12542,0.25462856433199776,-0.2674986374537971
12543,0.3325609576109765,-0.3030149525993966
12544,-0.4608296908246341,-0.1992027900087135
12545,-0.033153800485449914,-0.5354147372692077
12546,0.12121341595827517,-0.44657851240815405
12547,-0.31214039715045055,-0.4570060151546679
12548,-0.5448874702084969,-0.5010726085670804
12549,-0.033767266655540196,-0.5109180433156062
12550,0.4036429890880304,-0.5016323768127744
12551,-0.048483953223380866,-0.5518769693838387
12552,-0.4540653008240914,-0.3667242109889368
12553,0.0859690630296811,-0.4911411002905618
12554,0.18404653048651903,-0.5346685565416707
12555,-0.026247468443958366,-0.49628548380363124
12556,0.7271772991868626,-0.2986450941514788
12557,0.1700022758932052,-0.3532096867800725
12558,-0.36639162327528835,-0.3811823639179971
12559,0.21233306992794754,-0.4321346635108335
12560,-0.19970637306503408,-0.4080750097272917
12561,-0.1510395149929279,-0.5166683968031297
12562,0.1582005220429164,-0.3516765991633738
12563,0.019667211208014984,-0.5031959029478338
12564,-0.13168621960109428,-0.40804348493860865
12565,-0.14874230352987294,-0.4372429713905568
12566,0.4650039772645581,-0.4979468328591864
12567,-0.2589382799797063,-0.3563275385214051
12568,0.36916358117643744,-0.18750877166748595
12569,0.42443940402042535,-0.5135788242234649
12570,1.5182911931434515,1.3972426757344676
12571,1.6458002998497547,0.3376708212637489
12572,-0.3326640638745487,0.15932483527129268
12573,-0.05362079311768331,-0.14473710462617465
12574,-0.9047159649625601,-0.004359219486355009
12575,0.14559287351003902,-0.03237252990705097
12576,-0.5544127314130516,-0.08774661244689214
12577,0.1528095199491613,-0.3854592133891509
12578,0.6827661441850813,-0.2817603764209851
12579,0.2591598761235964,-0.31996551202285906
12580,-0.12986811617484145,-0.46205531653617804
12581,0.32265749038529623,-0.44741041167637274
12582,-0.14754387822909443,-0.4372461405009901
12583,0.5721967934863899,-0.26345762522675964
12584,0.6540631442281091,-0.16193269172051392
12585,-0.46934601665719283,-0.09259928752581503
12586,1.0325773155464604,-0.1652683292121971
12587,-0.3562442975461543,-0.3076613328744755
12588,0.09597714252387035,-0.20691127187239378
12589,0.5725829218150602,-0.07090231047951884
12590,1.1051973312608254,-0.16668859075527043
12591,-0.38131669834376913,0.008127117422001312
12592,-0.375651539593052,-0.05218592146327142
12593,-0.1385793417178781,-0.20886114786717802
12594,-0.7400396295031847,-0.14206217606447769
12595,0.3782255525565964,-0.5477485968237651
12596,-0.42043597258801446,-0.10531798547044487
12597,-0.2798293375542758,-0.38472487426603186
12598,0.8344228380891369,-0.040687831854116424
12599,0.9496794937647531,0.12273845422942745
12600,-0.5391003132131963,-0.27835428762513503
12601,0.507755095201375,-0.4212198131148607
12602,-1.7438183997604382,0.33079168242101864
12603,0.49964428290900775,-0.390647181294147
12604,-0.36968824628636776,-0.43255227729660506
12605,-0.9225514656016439,0.12502545669825607
12606,0.592376006232283,0.035448992017618
12607,0.12471183493531601,-0.40334729639674904
12608,-0.34799377003963944,-0.2543366194877422
12609,0.453250710193397,-0.3141589495213717
12610,-0.34040067405527885,-0.2488057035926495
12611,-0.6395445524593592,-0.0922055465511182
12612,-0.007911688241711318,-0.35598347613369724
12613,0.12140604452615289,-0.4985615728028282
12614,0.7959692291338404,-0.579069777767507
12615,-0.3237940895045516,-0.42677510653780104
12616,-0.044896100711292186,-0.4539300963876757
12617,-0.4069832097284642,-0.43177175959881486
12618,0.6993523267419908,-0.21991373609838538
12619,0.1489351290901617,-0.4456354043698366
12620,0.04796332557010374,-0.36278301566785964
12621,-0.06508084068891912,-0.3047008268468163
12622,-0.3421526651906686,-0.2661615229295704
12623,0.34952294655541427,-0.42894926034334013
12624,-0.2966415784118046,-0.3482092982406969
12625,0.3533936587819554,-0.4811323483307268
12626,0.5405184539684791,-0.2740912628049683
12627,-0.429201197830732,-0.3884087720653806
12628,-0.29461734223414593,-0.25479797790010583
12629,-0.30617140503358387,-0.2959093304934586
12630,-0.1128673559235473,-0.10595419773496544
12631,0.6967323325611331,-0.05647862830821271
12632,0.613547077250511,0.06747804907924487
12633,-0.169585375020395,-0.21909829749422707
12634,-0.21195848480957777,-0.2690667022844357
12635,-1.6673389483817775,-0.03276048931090994
12636,0.018868062585946616,-0.2985349045614625
12637,0.3851308001746885,-0.46284015588551797
12638,0.13756802664329837,-0.43414616938795414
12639,0.6704971092500781,-0.1478836456192774
12640,-1.1225727123909877,-0.32397300607334417
12641,-0.5011668716745252,-0.05434379940659215
12642,-0.1936500017898155,-0.2734816137909124
12643,-0.010694136207110405,-0.5281973682560664
12644,0.5843476469630797,-0.28726969940118285
12645,-0.23134753875289132,-0.4862211249771119
12646,0.7118672400363064,-0.28402926383916194
12647,0.1300345860345542,-0.3650823280354998
12648,0.46715488255383686,-0.35378852226896973
12649,0.5886064317102649,-0.2116722473368491
12650,-0.8853572933895193,-0.04918566922824266
12651,0.3988198796810958,-0.3970298498216207
12652,0.31828671189178737,-0.4700415256194841
12653,-0.12051866497109529,-0.4799599866402986
12654,0.008582722000441745,-0.2538058748827361
12655,0.39717622480633863,-0.2495679473411223
12656,-0.6198097885801157,-0.1427597004253872
12657,0.5153986009388768,0.09425409356012629
12658,1.0577769940132598,0.42120893924866387
12659,1.5274842654518164,1.1549756631519739
12660,-0.04894598888372975,0.234108143268159
12661,0.29005555615594636,0.03739565489522556
12662,0.39103184423250126,-0.0641015742996642
12663,0.5006932789517132,-0.20809008271995322
12664,-0.28043359639355026,-0.19906072814552367
12665,0.05861231500975911,-0.011839178002358342
12666,-0.8906775602898814,-0.21429621418678238
12667,-1.7893381196728715,-0.04918778578900809
12668,1.16967540873127,-0.17664681918413266
12669,-1.1648991946468126,-0.05285620928087684
12670,-0.28676781116943467,-0.3211663483973099
12671,-1.9443712475542356,0.9445078354003523
12672,0.9128904959474512,-0.2426118904941966
12673,0.022435595227341204,-0.3276717142877198
12674,0.3106643240837872,-0.46412385527908506
12675,-0.7765615725929922,-0.36922453392850607
12676,-4.131826180221219,2.587213904984253
12677,0.465092866764267,0.19187846182156962
12678,-0.2869981574144864,0.6504003482791072
12679,1.302083205603024,0.1464455722506782
12680,0.45796630248749437,-0.42349949182443347
12681,0.5098834847174626,-0.1334870281511288
12682,-0.26252205175411925,-0.2628393313009495
12683,0.07583691261165393,-0.3839742187699787
12684,-0.13022546188120185,-0.42289030880934275
12685,0.2698951158520594,-0.30846085091258746
12686,-0.601546227231875,-0.2505902092540292
12687,-0.7868477202779192,-0.0419201315401381
12688,0.39535528833849265,-0.08268556938104074
12689,-0.9557851983952101,-0.27863037784331324
12690,-0.04407767559412931,-0.31551336638632344
12691,0.7205514941286489,-0.35027602745134456
12692,0.31387711680517316,-0.21793128457901204
12693,-0.6331906975848558,-0.24233865445614255
12694,0.09913494000069828,-0.19451027024665604
12695,0.23098256134793183,-0.3727540023419704
12696,0.742436107628455,-0.25430604880367746
12697,-0.19373686365015996,-0.34288425628373115
12698,0.28997639362271355,-0.4356461270426685
12699,0.02956136290510225,-0.31827783308233715
12700,-0.8313970153252637,-0.13683107159718322
12701,-0.7431551381742679,-0.323606730776092
12702,1.0030742259175325,-0.16710122989414378
12703,1.1052129411729443,-0.16064638016436383
12704,0.7764018489328943,0.05302750109484716
12705,-0.13019567841270888,-0.23217231717773315
12706,0.44272650660143187,-0.0627513011156687
12707,-0.17992272222049166,-0.14056711606508956
12708,-0.07130692985295503,-0.4011419678399111
12709,-0.18054436888347886,-0.3528514239184135
12710,0.15418712940993068,-0.39336996258403023
12711,0.13654271111759608,-0.33824888094477035
12712,0.19320070857758564,-0.30215636080711095
12713,-0.0949217511334412,-0.38478072280425457
12714,-0.3009657354024674,-0.3571358409606179
12715,-0.3858008670884797,-0.5320109015944927
12716,0.3333807556525097,-0.48728405799075925
12717,-0.05634178588944283,-0.43758660844992725
12718,0.4648955369531833,-0.5069695980889606
12719,-0.3780594001679415,-0.5045618983533556
12720,0.32484484209729114,-0.5020605256690078
12721,0.2818794704581592,-0.4544856044978275
12722,0.3471949435568479,-0.40375746245624433
12723,-0.3351300071737783,-0.4268136755760995
12724,0.23960336753049333,-0.33510939354967806
12725,-0.060400236856741674,-0.4171295576134958
12726,-0.8705853989705405,0.036983161931463254
12727,-0.3336806976972816,0.3261186148685211
12728,0.9658123968257942,-0.16838526746131552
12729,-0.8189439434987723,-0.5006280698580348
12730,-0.708048484359277,-0.194889153444994
12731,-0.17300569377275685,-0.4429288795432833
12732,-0.20202779862855771,-0.2941922728116071
12733,1.408135405066151,-0.3725187782225803
12734,0.02711083787943916,-0.13637970419446754
12735,0.08554735169729871,-0.44336631015783545
12736,0.4638313473211344,-0.4841039897631241
12737,0.1985043124295907,-0.38293168317236825
12738,-0.38664712353903363,-0.3678035264589956
12739,0.007965109587022595,-0.4284191500442708
12740,0.5343125115197512,-0.2512945498695631
12741,0.2711733546140823,-0.2333531347816628
12742,-0.528633291947358,-0.1428586299350601
12743,1.3325836599970202,0.1355204659833917
12744,-0.7222517499386282,-0.1932965885805064
12745,-0.4845336503548151,-0.3956961038431249
12746,0.7080809018339421,-0.3532594599731424
12747,0.6267349849567323,-0.315468880197697
12748,1.3157349610978204,0.27438201846243304
12749,0.20216968464876722,-0.2738913022227606
12750,2.5317509227318866,1.6533711715171542
12751,0.7030381320757026,1.0140742577440376
12752,1.2294855438036603,0.34522781057775676
12753,0.02819674718123452,-0.003988730470690455
12754,-0.3851084599426614,0.5912852899464539
12755,-0.8025803178764058,0.4280609687077398
12756,-0.5192223260773164,-0.1748350884888274
12757,0.952195490478647,0.05017675436863747
12758,0.8725214170591898,0.18967172782186328
12759,-0.2928006030492638,-0.10564941800539197
12760,-0.1412561191831886,-0.16371873661925643
12761,-0.10448245620890678,0.2516026364550564
12762,0.8901552993427017,0.036170081947977106
12763,-0.7339468456308006,-0.36519868734353234
12764,-0.16133310252073363,0.17413202985250095
12765,0.007804536018862912,0.20167793539605447
12766,-0.1589188113324433,-0.1951736770497715
12767,-0.1586742602755516,-0.19066281930026427
12768,0.3905739867113651,-0.03160186758071157
12769,0.16535010554485097,0.058780054503324325
12770,-0.5829409156396488,-0.02314758680119483
12771,-1.0535481790953958,0.10081270036659976
12772,-0.5311956782401204,0.14982844335010834
12773,-1.2431909726579131,0.3178455129542358
12774,0.2653985468154092,0.5209440778225917
12775,0.44298691858189754,0.0347677070366679
12776,0.24524620130537267,-0.3207437966952875
12777,-0.08162439861388895,-0.3151772909974179
12778,-0.3506867463544216,-0.33635002798514246
12779,-0.44062985068861776,-0.21654280098882345
12780,-0.09526643003344265,-0.1587585951891369
12781,-0.3743861297980097,-0.26178202839630793
12782,-0.5912081787513708,-0.11211889720480511
12783,0.2845466449744842,0.021467746080731626
12784,-0.8656625490895927,-0.11710564951514038
12785,-0.24904933066619933,-0.01543447171217055
12786,-0.9181961160080395,0.2707294320537099
12787,-2.8048037160733665,1.9422140348960242
12788,0.8230658653895767,1.219390067892125
12789,-1.3706980814587362,1.053851100973639
12790,-0.14094119034848218,0.2726705675804919
12791,-0.006482449263429002,-0.04241714573220791
12792,-1.6808544009437645,1.1328574963792568
12793,0.6680352204100467,0.00487301822353689
12794,-1.2534846241548259,0.5870642627634081
12795,0.006783109536148413,-0.14677710439407204
12796,3.001753575836929,1.3767864729108865
12797,-0.14201704593064024,0.36715290332455874
12798,-0.22376966100452764,0.007188425437211432
12799,0.22518442321213367,-0.051275322459558764
12800,0.43186107681745534,0.21203562494675474
12801,-0.1906589070673526,-0.31989997010991233
12802,-0.613933260173141,0.03951494629020738
12803,0.14263292100281993,-0.28789393522087126
12804,1.6348256562019694,0.1481864715148368
12805,0.32222950266171957,-0.1837268469086233
12806,1.0567010784526634,0.7958219153084738
12807,-0.6041701980131811,-0.1498272958655641
12808,-2.2582492471152102,0.12621342151692452
12809,0.4916948623917763,-0.3271095208999258
12810,-0.002959990870020801,-0.38720036319877293
12811,0.10212508749630045,-0.21880680081584278
12812,-0.6231086447152477,-0.20907227920014082
12813,-0.5223066849640181,-0.32302392547541137
12814,-0.05988979327272709,0.09571383367873612
12815,0.3526228740153555,-0.26573710023116404
12816,-0.03939577294527871,-0.3325817009449382
12817,0.8452952029884432,-0.3709787361301208
12818,-0.7457970835531896,-0.39195975476906264
12819,-0.02616128882470703,-0.547942682764106
12820,-1.1398927792825857,-0.0588189376424825
12821,-0.6792487265057584,0.8758908031713385
12822,-0.8219823902224674,-0.09834097693954338
12823,0.4959015378441435,-0.36728094058110294
12824,0.1877399984298893,-0.2843433323118919
12825,-0.23366882802987374,-0.48682015474209916
12826,0.5971684967897445,-0.3986052195878199
12827,-0.6864035511875752,-0.36980807783046293
12828,-1.9161697746769826,1.1287503936602357
12829,-0.0007565626440672879,0.09352819817030075
12830,-0.8805688642501167,-0.1677889678200211
12831,-0.4962706149015196,0.20447751768823888
12832,0.7927518546611622,-0.2894750714390616
12833,0.4443114670811581,-0.4370327194905972
12834,0.35230611043631554,-0.4377702451417006
12835,-0.5308086692038194,-0.36242048161693474
12836,0.43154954106930155,-0.4455124777717083
12837,-0.5748567258884528,-0.3419345680425603
12838,0.48287318335648743,-0.3383432465738069
12839,0.6449678043524677,-0.2055345957707504
12840,-0.2682726315639752,-0.33538217755536026
12841,1.213802475476823,-0.12291585304284616
12842,-0.33509578405723306,-0.1430887668236985
12843,0.5443756939341707,-0.31615466321165275
12844,0.13783040611777647,-0.47680234199651017
12845,-0.24845955826181707,-0.36898802493445554
12846,0.030798071399609717,-0.3591788601783592
12847,0.5851080247038004,-0.3313097911825359
12848,0.28458767327579076,-0.33992307189860765
12849,-0.7058600681387728,-0.17485939922986882
12850,-0.5143996204368115,-0.35878616669705315
12851,-0.27976351741854366,-0.3121248618057374
12852,-0.006302967855368824,-0.4890883147636599
12853,-0.13756882106831395,-0.6080718753349397
12854,0.6166416410566598,-0.544671615048277
12855,0.4375583980167249,-0.42855779932865157
12856,0.16424672414042646,-0.31645710299271823
12857,-0.05606419370241131,-0.44977412165539654
12858,-1.1428616770716378,-0.09295942703881241
12859,-1.6124624505172482,-0.045423570916007364
12860,-0.5319005448791954,-0.16949312904839953
12861,1.0171446172990226,-0.3220311465821325
12862,-0.8293046073923896,-0.0752987253538446
12863,1.709531337662129,0.4076124737521488
12864,-0.05218154579763509,-0.21267526334798093
12865,-0.43987112392105565,-0.39778363993359855
12866,1.4749796778808584,0.2437478950543253
12867,0.088340120210189,-0.5082136419790246
12868,-0.48191925618712633,-0.2059435533767262
12869,0.04488561347112932,-0.4035791390758905
12870,-0.467029211453841,-0.3036295584319322
12871,-0.348674458524762,-0.36165109474870716
12872,1.1691168604121875,-0.005524016446751448
12873,-1.1413841424176066,-0.25208553922776566
12874,-1.1560199526946158,-0.20936581624143474
12875,0.6474272765877811,-0.11743229977300965
12876,-0.4083136931139871,-0.5391376277939228
12877,-0.6149247823868134,-0.36634911556125516
12878,-0.6497137004704537,-0.29705025066741597
12879,0.7927969621051795,-0.2661369695833703
12880,-0.4491436790264729,-0.4552591040145133
12881,0.1315978571372165,-0.4047286257757243
12882,-1.0783482796850001,0.07225684361544962
12883,1.0075445418847844,0.052954329843781234
12884,0.11439003424187372,-0.4267198001804602
12885,0.8421248144883849,-0.22914354879859192
12886,-0.5120667665542189,-0.3506615243991658
12887,1.301883622992754,-0.05440878413521391
12888,3.183416953104077,3.5815282743158905
12889,0.10716722578441151,1.3242534050920172
12890,-0.8807391174126716,0.8714290028597683
12891,1.0008526886399376,0.2892574383512144
12892,-2.2988871377364006,1.9343162836406762
12893,0.2209611527068021,0.8807654522946532
12894,1.3069239786249183,0.27603864933910893
12895,0.4626110721349377,-0.08073655007307007
12896,0.12162087029564417,-0.14955771402900495
12897,0.7709709856524942,0.20032745064744653
12898,0.23833783364872752,0.03703144245681439
12899,1.402129196549431,-0.18719555394724077
12900,-0.1903690197530431,0.465080819862543
12901,1.154441640598666,0.2784475062121343
12902,-0.1066029778781703,0.6785161865265622
12903,0.8534603970241251,0.21856147265958467
12904,-0.5232335317483564,0.32268125335503395
12905,0.5364114295260042,-0.1145855204821
12906,0.5264304669904264,1.2191958004581003
12907,-0.2017059706976025,0.9787253694099832
12908,-0.09565820072163922,0.16112082351680265
12909,-0.12849929133599353,-0.20035430501105614
12910,1.7907445071754937,0.25044722443576484
12911,0.409378507543088,0.5616880920095201
12912,-0.3702178756043153,0.05811733104185396
12913,-0.4079250078502371,0.25824226241904646
12914,0.4733580488515522,-0.09455816398877213
12915,0.8064102177567437,-0.16416610121104508
12916,-0.08471875812116501,0.009937563475433397
12917,0.6326820546600204,0.12045616327235639
12918,0.022360651250365904,0.00013817922084222167
12919,0.8877155195837948,0.5059667107751836
12920,0.13586820623769358,0.05428813112564915
12921,0.2747977486217642,0.08358282766027933
12922,-0.6517574859754671,-0.0984538296583087
12923,0.019794523822207116,-0.18583739053927992
12924,-0.3245657049649215,-0.17019353442644072
12925,-0.6188323497337319,0.16084768541805897
12926,0.028912723369392268,0.22212946682149112
12927,0.433768867144776,-0.0458019263665187
12928,-0.07604674992872905,-0.19736576661947108
12929,0.3623138940788232,-0.03512665018581236
12930,-0.17389925922726432,-0.06789485081443132
12931,0.22357830822234914,-0.24303285086555687
12932,0.24963100528164123,-0.21684565014130794
12933,-0.5726546544013436,-0.1737627974644446
12934,0.5728349686009124,-0.15284992461358343
12935,-0.25683118324255777,-0.212914058609469
12936,0.7568643317920664,-0.13765509649328464
12937,-0.6952814807847607,0.07266405157014597
12938,-2.4554651966317476,0.7907987316280995
12939,1.0319631570589483,0.23679243111607098
12940,-1.3037766446888397,0.14926384944443608
12941,0.3649619793558255,-0.23207259358174154
12942,-0.8441724333753972,0.09989526050780845
12943,0.893039041388548,0.001081697554048855
12944,1.6458054155137987,-0.22621401767747076
12945,0.351904124767459,0.05033817781829267
12946,-0.7805383452344672,0.2563494988218199
12947,0.7451043267702339,0.09478628564105099
12948,0.9288171577756913,0.2430518077618307
12949,-0.5776283026408673,0.15939350095665708
12950,0.8954641515061047,0.2580495680344852
12951,0.05428595438716988,0.2634411159460881
12952,-0.3462688427978855,-0.26306711940518623
12953,-0.03475099716378166,-0.2105053543444912
12954,-0.15445389462479867,-0.3608459151950944
12955,0.19395681434153245,-0.3415578687205335
12956,-1.67287862161314,0.43822709052271835
12957,-0.5352790701707506,0.22662872002112092
12958,0.5676371996250974,-0.009166907412406694
12959,-0.6445336225738449,-0.2336867736964181
12960,0.08102634750500254,-0.3360538137057386
12961,0.6498812208705177,-0.3873673223783771
12962,1.0762362105592187,0.4230956213160416
12963,0.37513835881248336,-0.3017870977754751
12964,0.18946550254457029,-0.3330490361810219
12965,0.7332035360314856,-0.08055674622609252
12966,0.4148244401136537,0.30614617422604495
12967,0.23422296641112883,0.15969078985822968
12968,0.4835231268064759,0.06845976931761746
12969,0.5820969828784774,0.12816989089128186
12970,0.7105363515314582,0.5544206761530325
12971,-0.6839539515352332,0.5592832580059959
12972,-0.2587918282516806,0.4725941154759915
12973,0.8631123505501198,0.8338724681517798
12974,-0.09400573207307511,0.1660795372825957
12975,-0.04330441251596248,-0.021627481715630503
12976,0.4364719561038616,-0.10110081584032682
12977,-0.22063866605321308,0.043081885537995385
12978,0.19833080338380632,-0.008075136198162344
12979,-0.4424701430427472,0.4878832521266422
12980,0.299965295562012,-0.2522399217760426
12981,-0.03939468239103505,-0.06760416109449646
12982,-0.150455715030772,-0.011389663579911335
12983,0.30619993327141326,-0.07376825120288763
12984,-0.2601568546840259,0.18358288767521344
12985,-1.0319468799187215,0.443741796985093
12986,0.9624208492906342,-0.06834455073013265
12987,0.8571649251721006,0.5093470212758986
12988,-3.138074782563008,2.932401379430035
12989,2.239064674266613,2.3584633956856194
12990,-0.2816429239773405,0.8290984960438662
12991,-0.8763765060449205,3.3404839351214415
12992,0.4363766274274484,0.2260953270859822
12993,-2.9914059362585323,1.5189363873442698
12994,0.43706081114038364,1.0812649553156013
12995,-1.3418906256985288,1.42229656560587
12996,1.992833015036624,0.9521331603094819
12997,-0.9916861458025242,0.2778376965336331
12998,1.0845302876638474,0.024388828724057565
12999,1.0630540530322459,0.5937054876679452
13000,-1.733893389724034,0.5567917231427008
13001,0.3715663249846014,-0.2143976452519026
13002,0.5768702536561059,-0.06120226815226136
13003,0.7416677834852317,-0.09743023674106498
13004,-0.6940572988469491,-0.1112045287624973
13005,0.3566606124479187,-0.27159382591613346
13006,0.3938379250660071,-0.26669037852185207
13007,-1.6972127525268657,0.12122473476818499
13008,-0.11570542733218413,0.06589122612262063
13009,0.5882012934936233,-0.2421634299607643
13010,0.3437305563121643,-0.347851521216485
13011,1.3806252398618115,0.026890926650028707
13012,-0.0029350399034160646,-0.2673892212252475
13013,0.8268649513339282,-0.13522012729663546
13014,-0.34321781543641805,-0.28130464624293205
13015,-0.5485194476301698,-0.3606176430462116
13016,0.5378282394070905,-0.2127754282146948
13017,-0.13827920869580523,-0.3038855911696795
13018,0.5009137118688556,-0.08680201023527591
13019,-0.05057870223818159,-0.15244447773839043
13020,-0.6540049350558996,-0.25982122729845086
13021,0.4245944222886161,-0.1664264549786582
13022,0.8925457241270826,-0.15265896950577093
13023,0.009823295910668578,-0.18611106245927267
13024,1.5589810172789478,0.346861059220247
13025,-1.1751100783936446,0.48254441539021087
13026,0.24368830289241378,-0.20431947635284956
13027,0.39332211348503576,-0.3449812115347949
13028,0.35939877439622303,0.11188512193885677
13029,-0.5375423253368099,-0.19612544016512015
13030,0.49329108523478304,-0.3342498722710644
13031,0.7729828320067681,0.37398771007438236
13032,-1.4439723432126996,0.7796350752055199
13033,-0.12549247417237802,0.15516318977898744
13034,-0.7932974834520921,-0.3265411690730098
13035,1.0837988387229478,0.08900918852133868
13036,0.7206435652855527,0.5183612281470902
13037,-1.1640770486951117,-0.0376099122998482
13038,0.31818536628610805,-0.0878261737494821
13039,-0.32478452910812505,0.19844591648014
13040,1.249332988687526,-0.2800532293223371
13041,1.696446343988129,1.3029248127142983
13042,0.1634508531911572,0.4276291135743532
13043,0.1254658157094113,0.5920693183045665
13044,0.023694175215591917,0.36607520519103043
13045,-0.684664163987764,0.45979778433796914
13046,-0.9539894367757883,-0.07217220742770997
13047,1.0943129525746942,0.10300043178759016
13048,-0.1841395946245912,0.09092049271332278
13049,-0.8265504291762796,-0.07922063111159391
13050,-0.5527552333098465,0.6065932538682224
13051,-0.7069401047478214,0.29376143533437726
13052,-1.1047193467620984,0.6754431231512689
13053,-0.42639416556325493,0.027879543352670483
13054,-0.7384371166027169,1.440469357738969
13055,-0.27410569531597917,0.9959309888798019
13056,1.2484349293899277,0.40260286744628715
13057,-0.012674924105105068,-0.19506442832348825
13058,-2.0632021611688653,0.5174457881481386
13059,-0.45103990097519087,-0.1805982496521342
13060,0.4819287681310649,0.34339718853519297
13061,-0.27709526994981637,0.11413925800411431
13062,-0.4948454597174793,0.5987609025747256
13063,-0.16059073161245244,0.4898476587545456
13064,-1.5158258427085367,0.7773546309020989
13065,0.6367220245018856,-0.13590752167241194
13066,0.5339844855662187,-0.024432007391459593
13067,0.30826326318894504,-0.05444645417872421
13068,-0.5292653444487161,-0.4628024612592745
13069,0.8508547179068949,0.21302603022558367
13070,-1.0885176138641655,0.1248185269177369
13071,0.19004209984937193,0.03862809738209344
13072,-1.6383600386098278,0.9418246754943193
13073,-0.3509541596116814,1.0684449028474168
13074,0.3325393242636995,0.6099184511597796
13075,-0.16155133696096063,0.04483970152323816
13076,-0.20974553708774635,0.221902839422882
13077,0.5154344129324798,-0.12724707900006832
13078,0.547067505796603,0.3674616923678554
13079,0.5196100080636036,0.574482548224903
13080,-11.744511413149134,22.726105911962733
13081,-4.430830362195644,4.9016134591027365
13082,1.1610778179298902,9.744004350052268
13083,-3.3420018451236206,3.985801206789741
13084,1.2456478446598687,2.4155418050413617
13085,1.376373963903545,1.7094747879405663
13086,-1.2505284898620044,0.8880034545839902
13087,3.1591965382020075,1.443780564100734
13088,0.09913136282837354,1.3099790270045222
13089,0.1874307943548995,0.567426451040248
13090,-0.5663748314286591,0.5768629628470598
13091,-2.125987730069955,1.3809953238729151
13092,-0.14654059352017992,0.5813864053200203
13093,0.1294331940252379,0.2520954912570069
13094,-3.1995455907695702,2.2249609695868218
13095,-0.196685221586117,1.2653029191196947
13096,-0.131983486588369,0.23483032389684314
13097,0.24980633696686083,0.4713972271742657
13098,-0.520137286544937,0.1916527981114902
13099,2.3239808042491883,0.8907776534923005
13100,-1.6786128086091572,-0.07050212628150465
13101,0.43199164056244743,0.03771791256056686
13102,-1.411270310426059,-0.17341374010497154
13103,0.8742350714348469,0.9019126149111137
13104,1.3153253670576799,-0.06668495178053399
13105,-0.22216556595648507,-0.3852886016915805
13106,0.17025279520223147,-0.4938242880527349
13107,1.0545380073223547,-0.025384740150754592
13108,0.08325275467534354,-0.15630886059185128
13109,-1.8817744103724223,0.18616362289734326
13110,-0.655547147388411,-0.09941706394659397
13111,0.811208029945235,-0.25891231401199766
13112,-0.8085704281224297,-0.30514049931606857
13113,0.17216576576744125,-0.281671763206389
13114,0.43479664268401585,-0.21961916043494253
13115,-3.313875871901262,1.0828309769475362
13116,-0.6070473868988564,0.5509880133736215
13117,1.3193144284995917,-0.047986901807654886
13118,0.29467218300797293,-0.09531541945706444
13119,0.9358447866501293,-0.14308485776886168
13120,0.014424379685038846,-0.7645526236159791
13121,0.7534537880714877,-0.7139671313000592
13122,0.2148826711302686,-0.6470204079933458
13123,0.6288439723850834,-0.8476647447992086
13124,-0.08701124955290006,-0.5429229185131023
13125,-0.18662592075583428,-0.2465209600505124
13126,0.9801657702679673,-0.547187518378787
13127,-1.5085535247397264,-0.2078212001468613
13128,0.5751042156032821,0.17312475167689687
13129,-0.859246689144744,-0.45797399246853476
13130,-0.14324102126128405,-0.7184340322821158
13131,1.4524216954295794,-0.009266448723793605
13132,0.4910896185599325,0.17678843284703968
13133,0.3429170458996168,-0.16125064396956454
13134,0.17207475379840365,-0.21925217431320285
13135,0.2642518567101719,-0.5100679822518888
13136,-0.3182749414359653,-0.29003962688475615
13137,-0.3138554729583184,-0.30560626816093917
13138,0.6474888938236691,-0.3553175909670018
13139,1.1112506756401013,-0.4013111945615352
13140,0.2765028467869667,0.09353518278269943
13141,0.20349920591519932,-0.121015906495137
13142,0.332013178429149,-0.22322719802404628
13143,-0.017703493116856872,-0.27466827686930667
13144,-0.46198612972468467,-0.1645429698479716
13145,-0.7598590537610053,-0.07576312840833994
13146,-0.5531133328325417,-0.2138729465785701
13147,0.61568507003763,-0.3438021892110495
13148,-0.23386737920560025,-0.154772751241809
13149,1.5641622407265396,-0.18942464771233183
13150,0.47822172393700835,0.34921852621189453
13151,0.6807278501087044,-0.11568678967373841
13152,0.15714439110316009,0.1728839416991307
13153,-0.6747548720468286,0.059384647219315606
13154,-0.7272890809837502,-0.057927683624148935
13155,0.05183727039965941,-0.32240880891630314
13156,-0.3821973621030285,-0.20321985393131053
13157,0.2933529690718103,0.054335592288690754
13158,-0.06288615365129749,-0.1904779353375154
13159,0.6716624582927266,-0.4519488047485125
13160,0.23485836357667417,-0.4214551349758916
13161,-1.0100531724359378,-0.4640520717049952
13162,0.27685035709025263,-0.2317778391669821
13163,-1.5895834716899082,0.042655787855341076
13164,0.33979867407774234,-0.20795712911733047
13165,-0.4244143008059761,0.039998150352449885
13166,0.2851241195601205,-0.13340011319215098
13167,0.6783716263035785,-0.05532777332082084
13168,0.14930897662038828,-0.3028952697469612
13169,-0.605679998494925,-0.40560966986135183
13170,0.26013469140420964,-0.32096449464182264
13171,-0.6131580680954378,-0.2648290912893596
13172,0.4545089349115212,-0.4008926900759274
13173,-0.22780945616149073,-0.3847479977866639
13174,0.544032530719248,-0.42978723104508676
13175,-2.135034948360763,0.37384576486147736
13176,1.1755762729809311,2.4339329380840327
13177,-0.32823380610054675,-0.19956519823101554
13178,-0.47799964056997557,0.16047947727176134
13179,0.136779029925444,-0.17799588992525395
13180,-2.893202463744257,1.669681656378769
13181,-0.42100543970016346,0.6369494548289197
13182,0.8507139417597148,0.7834416708843912
13183,-0.6496820854243558,0.04252214512599792
13184,-0.6900624670371432,0.4597292571423357
13185,-1.4685735355165113,1.8575405755833574
13186,-0.4263821342539689,1.7313771183192022
13187,-2.383014759088418,2.0649548487036
13188,-1.5400027973421437,1.9140075101052334
13189,0.9716734497549656,1.7808554642449939
13190,-1.1762685365881906,1.5464307194401867
13191,0.9620153197660676,0.2689087088167883
13192,0.5558702029422148,0.10599853789588753
13193,0.39401204852887595,0.1368153450515889
13194,-0.962640077940554,-0.17706491796619647
13195,2.2117781552719804,0.872629050133077
13196,0.6038049757276959,0.827972499519219
13197,-0.5617053233759117,-0.18359135504239948
13198,-0.5026974465039036,-0.193003027602202
13199,-0.1400980299921728,-0.5729196344717365
13200,-0.23565303423075223,-0.32566025238653357
13201,-0.6314582545026737,0.27526809316284817
13202,1.0019435735272082,0.12924874832427144
13203,-1.2225136382715216,-0.24051321196255795
13204,-0.10498408362649275,-0.4997012268701586
13205,-0.28882769147715026,-0.29920698391936873
13206,0.7193909530195148,-0.03064832632528125
13207,0.2455694049064298,-0.3699543345756707
13208,0.07071577671563539,-0.31369473428039807
13209,0.9147091855192949,-0.09477916505790454
13210,-0.4585471944710716,-0.29963713227605904
13211,0.3945657244968792,-0.2054948906496381
13212,-0.07506566944489665,-0.37131951301080707
13213,0.4318745951513887,-0.30572036374520317
13214,-0.3866801300040477,-0.23275109833293117
13215,0.5858450927218029,-0.5238103551329041
13216,0.5360064820583681,-0.2693149931456571
13217,1.5210223984131184,0.28085726363401176
13218,-2.0154199925236154,0.27354711091012496
13219,-0.39649591922192406,-0.07841708291045255
13220,-0.35896311883103516,-0.35937639146386063
13221,0.8043551552771245,-0.4331861564921605
13222,0.9715078309893445,-0.10345043805352686
13223,-0.3097470482125473,-0.2530774120994791
13224,1.6389494084955496,-0.10219739561781427
13225,0.31298105951339006,-0.3381072198723513
13226,0.2073271521414803,-0.19892034917299392
13227,-0.6167754338636751,-0.10599215262479386
13228,0.4780341569712886,-0.46081981901893454
13229,0.06965830961694253,-0.4120648493278044
13230,-0.37223017286991344,-0.165652800197827
13231,-0.12069908189218197,-0.396578023673693
13232,-0.4786271661500774,-0.4177059929788527
13233,-0.268654412278571,-0.2180394541112637
13234,0.8119123772771643,-0.2350313003009696
13235,-0.22786932462639045,-0.4441945621051171
13236,-0.3978778876912312,-0.3938146052685345
13237,-0.354624232981541,-0.30240843630667685
13238,-0.06607345799913433,-0.26986526300398184
13239,0.9483898968196104,-0.5340088371200037
13240,-0.17390858757957078,-0.31442228679757644
13241,0.44816305656519384,-0.5552720588638422
13242,-0.31917284339092594,-0.5117987146724449
13243,-0.9613336781392561,-0.508098462085146
13244,-0.3280026715300526,-0.3102729495334424
13245,-0.06550003986111441,-0.4945426720540709
13246,-0.1932314895360389,-0.5818095157385628
13247,0.36952312549033517,-0.3612236118087009
13248,-0.13821852568580428,-0.595771578080495
13249,0.4971222088376599,-0.4066483126654218
13250,0.7028638442230044,-0.46330869827141175
13251,0.29173488834326994,-0.510509616174448
13252,0.3286627538438941,-0.25547581039314415
13253,-0.09270610299976316,-0.36758614284257685
13254,-0.2706299030264805,-0.48382385854330023
13255,-0.07772339467988522,-0.45737037238567113
13256,0.36485719583147747,-0.4850365781675503
13257,-0.19464261899298035,-0.43271606830230636
13258,0.09777534194952847,-0.41797242331847106
13259,0.06107684950283021,-0.4313444079908342
13260,-0.04391240232006735,-0.3554205957058673
13261,-1.6502914132487705,-0.09397137785645124
13262,0.14630352726715423,0.5090496672826162
13263,-0.13834012929836326,-0.07622396075637869
13264,-0.3318561677153048,-0.20473502661866533
13265,0.034904289736475885,-0.4580551756921556
13266,0.9936226811601917,-0.3748965296407867
13267,-0.4100842333492304,-0.5383407252704168
13268,-0.5713429407930072,-0.4222796791561122
13269,-0.7496575217238792,-0.23932706088304445
13270,0.1633955095558567,-0.36996128674178297
13271,0.3433421885504282,-0.31734408133149306
13272,0.3098952622698351,-0.3605972223713473
13273,0.5587764420244024,-0.47452220190360206
13274,0.2454819475566672,-0.350486263329932
13275,0.27539384917050336,-0.29055382829128695
13276,-0.7002418017187996,-0.3815516673155147
13277,-0.5960499631983613,-0.20963636549293788
13278,0.2040808011354432,-0.39921787138530684
13279,1.1300379347126577,-0.1831545780561124
13280,-0.25470651229363744,-0.34927417374949954
13281,0.6594420529180223,-0.36481130738920087
13282,-0.05259704895573125,-0.40442871395752245
13283,0.41158200878393714,-0.2931800897563414
13284,-0.5765468780992999,-0.26822476851368415
13285,-0.024276073578790358,-0.4039450781430892
13286,0.7515223529082732,-0.37823473288861575
13287,-0.08989742451943922,-0.19524472383406893
13288,-0.4790041545507146,-0.29485112586627304
13289,0.08051159239019967,-0.3926904062240867
13290,-0.5715809530275133,-0.34221791272706403
13291,0.12426461649053705,-0.4815388682479518
13292,-0.16406346437839903,-0.5305346314069864
13293,0.26810692320720825,-0.4423517189321501
13294,0.44475943992902855,-0.4910558944009703
13295,-0.2703085288979695,-0.44582133485833586
13296,-0.055554205119557554,-0.6090768553342361
13297,0.23624903564768923,-0.6541217899488279
13298,0.18578993079789707,-0.5381503716267573
13299,0.24854339870711484,-0.5645075134076344
13300,0.13852286465924768,-0.41391444598776306
13301,-0.4049415601421845,-0.4772036376274911
13302,0.10460521444281967,-0.48181721082030626
13303,0.18488533076889968,-0.5003666261677121
13304,0.05927463747139988,-0.4812962978279687
13305,0.20630159531649866,-0.4692361980924433
13306,-0.6573067682499663,-0.6019603272802765
13307,0.3166146592919211,-0.573294033442915
13308,-0.2901966586141787,-0.4857696030509916
13309,-0.12515904879294867,-0.5780948668657983
13310,0.034448073199045,-0.42285945290975724
13311,0.26715527002119777,-0.5023271177599772
13312,0.33567825630638837,-0.47992732207097477
13313,0.08232365095619743,-0.51497149500857
13314,-0.21829355857791366,-0.6468588570315358
13315,-0.41272308075006015,-0.5871000877976228
13316,0.21529603251802076,-0.5452596951870194
13317,0.3793779096216876,-0.4993698340875038
13318,-0.33186040327846467,-0.4681184985448098
13319,-0.13663121038746892,-0.4832929364738795
13320,0.24095031487234897,-0.3586523306720639
13321,-0.044397333580067116,-0.3921086137161047
13322,-0.35851032801194105,-0.4066183742785905
13323,-0.30982554814515767,-0.1789539397163058
13324,0.6563247099878177,-0.19705921548600483
13325,0.2430909599243004,-0.5098119112843297
13326,-0.2321817727104712,-0.49586892265516447
13327,0.6808984631338829,-0.4736290044217847
13328,0.21694965065644733,-0.2819687431015755
13329,0.34772364244242293,-0.5706148531483931
13330,-0.22425850923730756,-0.39544037861477743
13331,-0.19747106063232558,-0.6119235256205167
13332,0.9062031721965714,-0.465358329336823
13333,-0.4001527542687707,-0.3115046284056296
13334,0.6042108427965833,-0.2684533715748298
13335,0.37887379358049333,-0.2151951220889512
13336,-0.09621494241621938,-0.40109667657093884
13337,1.0217670146483266,0.20092691742022864
13338,0.21571822328386636,-0.12274633442162967
13339,-0.19388542501058417,-0.24457659319846087
13340,-0.2768325327394091,-0.37450007282084674
13341,-0.33830409165832775,-0.30636492885092814
13342,0.5288048359559159,-0.5660120972618783
13343,-0.2694085209799498,-0.3517829240880819
13344,-0.3492667935776783,-0.23884316889155666
13345,-0.26099893953571507,-0.31904337351654094
13346,0.6793929632439734,-0.2564542870826718
13347,-0.18706368378999577,-0.48993461120843274
13348,0.38168326432403543,-0.40375100627691995
13349,-0.07957457020935803,-0.6335724128434149
13350,-0.10520988112155671,-0.5749558207621618
13351,0.27572012040127797,-0.47294458183234944
13352,0.14966072532983288,-0.35554968937545983
13353,1.3619128827104099,0.29961767173733567
13354,-0.391094582000373,-0.16555215008419458
13355,0.18588883451522692,-0.2844936208044164
13356,-0.38561201670218037,-0.35024355736779456
13357,0.46009787975401284,-0.8601237017504675
13358,-0.44290868865559613,-0.33658534713190846
13359,-0.30680766055352426,-0.5847021479664642
13360,0.5212312122370925,-0.5771683220169769
13361,0.2012423105915273,-0.2951446969158432
13362,-0.4909051561200852,-0.31025051875740073
13363,0.09887514336872216,-0.4618915264036114
13364,0.3300106930696344,-0.3767920780628785
13365,0.3001614622554363,-0.3316536760505879
13366,-0.34799755684717426,-0.4133135946143023
13367,-0.3933406558662318,-0.28004620364750854
13368,-0.1300480256582593,-0.437406100780384
13369,-0.20967724268295324,-0.37601713807745546
13370,-0.2744927738398525,-0.3056031079816904
13371,0.20448464404353406,-0.4925572832151296
13372,0.5925492733835701,-0.456708853540991
13373,0.2628647177185128,-0.2361336203361258
13374,-0.10581014016285553,-0.41760574363221203
13375,-0.2048015146122112,-0.4065064647449498
13376,0.4550401666532987,-0.422523205936418
13377,-0.25471702297789156,-0.3166123145723416
13378,0.4647584501765587,-0.26344737819374253
13379,0.21063631710532127,-0.22778316021694187
13380,0.9349078119275384,0.10100231601187779
13381,0.2126765663153492,-0.30285183404267435
13382,-0.741691061938055,0.08173792582753214
13383,-0.5386578607731916,0.3080667110859424
13384,-0.2284681300964787,-0.48528008809995604
13385,-0.47866837112613075,-0.15167785149926674
13386,-0.17196281116244166,-0.36892413794287426
13387,0.00576281978415627,-0.3710163855268167
13388,0.02084276188375167,-0.42209020720641177
13389,-0.10143982363960286,-0.38285855913416933
13390,0.020543102862131207,-0.3509211685068241
13391,-0.2878668945647368,-0.41010845263872786
13392,-0.1529553439449483,-0.5783357171224657
13393,-0.9524384029796547,0.7571134181658253
13394,0.5284825737512173,-0.2894752831425086
13395,0.15752551549049948,-0.4395673905961349
13396,-0.8343749846296996,-0.30879084374383386
13397,-0.18780871570454474,-0.32759144620670844
13398,0.3354809788386055,-0.42882556424048435
13399,0.07560599414295299,-0.42344496877885063
13400,0.42593206397521,-0.4786037772334757
13401,-0.7037237065865393,-0.4557645579964301
13402,0.2930004707275058,-0.44280449232239816
13403,-0.0708038655417964,-0.49860630278093576
13404,0.47436423195720145,-0.47461734964534374
13405,-0.17086196362025824,-0.6008812896958439
13406,0.6344053932718086,-0.2846779889039853
13407,0.3320248586468626,-0.3097452546115677
13408,0.7431022185955817,-0.3996211333665962
13409,-0.02284076682691158,-0.5553474167833318
13410,-0.6567455881824783,-0.5818864120773469
13411,-0.6676400928895341,-0.30320557233845746
13412,0.25001976507243956,-0.5800538847721465
13413,-0.8463995216921185,-0.28266897975916094
13414,0.5717245208517333,-0.3045688967135922
13415,-1.7140917049393827,0.17048655874058224
13416,0.32278137477126523,-0.039000555200042475
13417,0.08408852444217252,-0.29707553385414154
13418,-0.3428458083200817,-0.44060004140165276
13419,-3.1218776672311606,1.3534232207310253
13420,-0.9574856717171324,1.9183552711078642
13421,-0.6073766629837183,0.7822520418176567
13422,-0.8230700153065259,2.0520975925280704
13423,-1.3931818867689825,0.8315885725577955
13424,0.9387722142741125,0.6579880486956748
13425,-2.3842346155957834,1.4219018094792137
13426,0.061372116600123816,-0.059656044385865026
13427,-0.5177944894338876,0.028167701522989835
13428,-0.3909943344243196,0.9588024498089464
13429,0.9546983494138169,0.4571077133533318
13430,-0.19671289379417736,-0.10565146532770378
13431,0.8136145833022831,-0.045325496959135375
13432,0.0749953546917902,-0.04370323473228477
13433,0.36940129695034096,-0.20033196084790592
13434,0.6414443923643314,-0.04912667846917455
13435,-1.0551725612330862,-0.22283485840993988
13436,-1.6515569285135765,0.16886838345758212
13437,1.5379529716925688,0.2843911512488193
13438,-1.6674626567785271,0.11096991912876714
13439,-0.9791703024956159,0.7423562230359643
13440,-0.39222078987802766,0.5408436751949142
13441,0.8761317370157334,0.2822617533625783
13442,0.11613760643870163,-0.24393434040814008
13443,0.027285284035433316,-0.13461238455630484
13444,0.08442201828877222,-0.27312940799934704
13445,-0.2458264574324012,-0.2987408324897455
13446,-0.18832198069787473,-0.18637650814566467
13447,1.093354470010767,-0.3384315153507548
13448,-0.5619473894954419,-0.32992771629616513
13449,-0.4493000511290096,-0.20959068395668665
13450,-0.5361039797503602,-0.09519119811875176
13451,-0.37365966298438513,0.3843903679230325
13452,1.8391766189225427,1.022776635914007
13453,-0.2458048706736503,0.3469280492316823
13454,-0.4975472908259703,-0.1473777323637574
13455,-0.1566519857337793,-0.06709646698001648
13456,1.2904443225115583,0.0013626426918265377
13457,-0.6962335277038532,-0.301538642640256
13458,0.16519045517911102,-0.4955319297704781
13459,-0.1758498749644537,-0.3286065202852242
13460,0.25754313244692567,-0.27484944718933135
13461,-0.4563268905851007,-0.13824543706096568
13462,0.8016506225095813,0.25954164094680543
13463,0.00865170713906116,-0.3091375418850507
13464,0.9004035822975899,-0.20745761567868587
13465,0.9445276405699227,-0.10581722740783761
13466,-0.5629923551647281,0.28538123817471994
13467,0.5757500104938635,-0.03781893704483412
13468,-1.5106447715556963,0.37256785760300437
13469,-1.9008011837873178,0.42014953035413927
13470,1.5111209858644719,0.022995006411610175
13471,0.4711585017410216,-0.16636865556146213
13472,-0.7282460880388769,-0.2691033294898516
13473,1.4362265943929988,-0.06759312613623171
13474,-0.7062362818576424,-0.4582583518896215
13475,0.12352456402237144,-0.5144537003823133
13476,0.9505084754427245,0.14052292463811386
13477,1.015023018879627,-0.06558065611006907
13478,-0.17680896572486077,-0.02435882791779724
13479,-0.5293858823534996,-0.31102394788413157
13480,-0.3340483578199286,-0.38379566396910136
13481,-0.2937101946052518,-0.4355635401492791
13482,0.8537087668653408,-0.40271130196291594
13483,1.4031292351965758,0.09952774639033618
13484,0.7392449461525489,0.22444923220923899
13485,-0.6154254808915856,-0.18657013617423548
13486,-0.8523348868774361,-0.4347854168924752
13487,0.335842254474922,-0.4806764594352009
13488,0.25953944277770347,-0.3985483046081141
13489,0.5471008311274667,-0.4688351618647899
13490,-0.9642396132753112,-0.3806913613659294
13491,0.4864080400399684,-0.4431969685652417
13492,-0.5594327228619332,-0.3865648964377192
13493,0.4235352668527408,-0.17867038588191084
13494,0.3598136655304113,-0.5357800381109369
13495,-0.007166024427766676,-0.5381116217625295
13496,-1.294329018535739,-0.17500241723145454
13497,0.8106875091054789,-0.2266492555115127
13498,0.6824511959675669,-0.37544065162492124
13499,0.1752209633164047,-0.5095667855900136
13500,-0.9668298726543633,-0.35014562357883205
13501,0.9355010877046116,-0.4843473998270378
13502,1.2452282449292658,-0.0784682396576315
13503,0.2778113263025196,-0.4781564893448905
13504,-0.44970991934050986,-0.2329373590956307
13505,-0.8195290772548329,-0.2469597563997819
13506,-0.06955191440888292,-0.4719402865039417
13507,-0.44709925711510035,-0.46541115144071465
13508,-0.8843706932822835,-0.4434667506018666
13509,0.04469405840883836,-0.4066004803841766
13510,0.24587266606324792,-0.4629473227137846
13511,-2.145641519790957,0.15903995389104916
13512,0.6717145244778091,0.04402399491091463
13513,2.3839199466716106,-0.052701208313815
13514,-0.43532741088896887,-0.17062476661394613
13515,-0.8568352871599348,-0.189320336093441
13516,-1.2266687188982495,-0.3387267035369027
13517,-0.37509426336957513,-0.1832028855635129
13518,-0.26971267392427,-0.6460481294359852
13519,0.09124093010297452,-0.4127393869882088
13520,0.09897894739252155,-0.3390718503241119
13521,-0.11922966420725459,-0.2759429679883926
13522,-0.15688780856095874,-0.21218121186301478
13523,-0.9725452161035406,-0.12755446176865215
13524,-2.249674720545695,1.433889123439245
13525,-0.6552538799278351,0.926526492867728
13526,-0.3037415444240005,1.1456636691677127
13527,0.09544082784450647,-0.030983601677234074
13528,1.7771655761753054,0.2327153833953132
13529,0.6649309735513462,-0.1343924138073297
13530,-0.8565490720466599,0.15266152804159497
13531,0.9970574180335668,-0.3035488950084399
13532,-0.20141035355410733,-0.2580135897110923
13533,-0.7651709398142714,-0.24605118400314155
13534,0.07778437005792715,-0.4518679597246896
13535,0.23179580263664223,-0.3231253240288672
13536,-0.16256252287591666,-0.27033638874635124
13537,-0.01836275933069495,-0.36112797150983966
13538,-0.5311758475240451,-0.2595339189241511
13539,-0.7265418932233997,-0.04178918664115877
13540,0.15617727762503492,-0.3394055971640656
13541,0.7575548517582986,-0.4401274053158576
13542,-0.002889271044696995,-0.18489769935030292
13543,0.05991848692261936,-0.3528022253290518
13544,-0.2555007104395945,-0.3209282736519566
13545,1.1553347178533335,-0.1420500654568544
13546,0.8738185705010074,-0.33728555540083094
13547,0.1906315422068351,-0.31479158989538225
13548,-0.18691423595342366,-0.0652755075812455
13549,-0.037952483593172326,-0.44572954574328927
13550,0.07630988304945141,-0.4646864704888909
13551,0.5814197145370666,-0.5196297728947536
13552,-0.11952647110803144,-0.7084735132457509
13553,-0.08804285234867609,-0.6534167450185987
13554,0.2533777641857677,-0.3965511813263428
13555,0.24655657332026726,-0.28404799276052217
13556,-0.4384402377633622,-0.3738639769128488
13557,0.4916564995539304,-0.4228897033132575
13558,-0.16602440712334304,-0.3793429701466401
13559,-0.16632717035072206,-0.6794667753713196
13560,-0.16701961261768053,-0.39623861851349496
13561,0.12153829195578092,-0.2694621421485246
13562,-0.6008837231625471,-0.42302642355254605
13563,1.1911979246560898,-0.3068110985115521
13564,-3.0556578708328006,1.6666005997877191
13565,0.9077906064655442,0.07207388481964666
13566,-0.7580844509900896,-0.18633005816939927
13567,-3.9450665822165956,1.4147612285602666
13568,-0.4308785511126882,1.4882988253648695
13569,-0.19591017662040333,0.5686135063387114
13570,0.0757548861243807,1.7104064122018134
13571,1.933570197752247,1.0753487946075198
13572,-0.5915496049928028,-0.3767598663027138
13573,-2.2318876391881446,0.3498205737545016
13574,-0.506100496034851,-0.0385406731660258
13575,-0.1828174738500405,-0.17835485146596844
13576,0.04048272807109993,0.3837898506384769
13577,-0.7115163005480314,0.23267521460454046
13578,0.8380356197550819,0.634106656691211
13579,0.4706864391528446,0.007387149850907326
13580,-0.10321880361950159,-0.2002053742657262
13581,0.42585190360313296,-0.4558309670963382
13582,-0.07932299544761424,-0.4555695937282116
13583,-0.4454349204156627,-0.17427170227929048
13584,-1.0578595641835045,0.0035785802120419374
13585,-0.3221118288328705,0.5645853786314776
13586,-0.6124917244817463,0.0456669221112648
13587,2.487928090107312,0.5625619945801366
13588,0.009135664561484957,-0.2691256102172581
13589,-1.1567538825976142,-0.09637881887728289
13590,-0.8228286806756073,-0.15930411259740865
13591,1.1610141184097542,-0.2710745405807163
13592,0.5853258939774308,-0.3524447355606394
13593,0.7508235771673041,-0.33353017531289514
13594,0.13691751496313642,-0.32492699931375235
13595,-0.30057232492055846,-0.2806119224292203
13596,0.024259264447025253,-0.2195067951505097
13597,0.07883929909031723,-0.4728277529749789
13598,-1.0745742573009962,0.07511396803623141
13599,0.22822325657622877,-0.29865441001097165
13600,0.08572808799134918,-0.41294407728443516
13601,-0.2864217260850469,-0.42016757944544825
13602,-0.8864199422084909,-0.21983335163564732
13603,-0.9259165969906157,-0.04868728757445723
13604,-0.07950892198470388,7.256319851883797e-05
13605,-0.8290528250299863,-0.06607777227971176
13606,1.1025815303091138,-0.026552876112324264
13607,-0.3642391536921491,-0.2815187491481485
13608,1.1880520439431264,-0.09895482437621009
13609,-0.37798072973982716,-0.1919608243303639
13610,-0.10709493345313027,-0.298701458462046
13611,-0.45978105969270244,-0.4540675892702346
13612,-1.2056267395003806,0.6791637382275153
13613,2.218062048142257,0.6415455669220326
13614,0.7643712083381139,-0.03773941788283788
13615,0.14429585633462655,-0.25393368188746956
13616,-0.057681635727045266,-0.34127248250034703
13617,-0.14145002588788097,-0.13412573181307158
13618,-0.3249078758793347,-0.27233874046956474
13619,1.5203437205127526,-0.03816819444922054
13620,-0.5141447286682841,-0.12940125392531915
13621,0.22187123152124655,-0.5213133201927188
13622,0.2956840469893865,-0.25822534869141367
13623,0.3457591427417426,-0.33861062815854664
13624,-0.4981033322134665,-0.13051321062998214
13625,0.2680713375333675,-0.5081035263809797
13626,-0.6321343662807044,-0.38467742258534854
13627,0.05132982102061073,-0.148244736433731
13628,0.06372804409386623,-0.5167869004501263
13629,0.4346338309900304,-0.4188349803010438
13630,-0.825015058658641,-0.38803054065677267
13631,0.43471551681734966,-0.5333591858711966
13632,0.5112444710763401,-0.5460188222277634
13633,-0.24480148908029434,-0.5244341268309599
13634,0.3952745814486768,-0.3856600200181489
13635,-0.026604184879018555,-0.13919033752286158
13636,-0.43668046404630634,-0.24953138812242698
13637,-0.4334613449889517,-0.3231731843127787
13638,0.5647272226988583,-0.274391015671378
13639,0.7697949724202721,-0.017930639766495338
13640,0.4195213627841957,0.3274176982537069
13641,0.3627062977814717,0.08549624177284185
13642,-0.3167819271898722,0.23381751094974082
13643,-0.5622033939516962,-0.27185762468316504
13644,0.16565424586078437,-0.3635629765678139
13645,-0.6600460535603878,-0.41864766637437634
13646,-0.020468094664355563,-0.46307863641062563
13647,0.07776437025030408,-0.5055317776815103
13648,0.5373305427764274,-0.3812578492737433
13649,0.04049017306767819,-0.3257881085867249
13650,-0.7740390718511708,-0.3801294038874721
13651,-0.5489781453678042,-0.3318491163256615
13652,-2.2307224982313123,0.5368061605262621
13653,2.0134038044267566,0.3497506768400501
13654,0.7928671272128275,0.0549788978253464
13655,-0.6063159498610248,-0.18237160405824024
13656,0.9750510101959712,-0.20935528519286523
13657,-0.43578308645135855,-0.2765516049736332
13658,-2.134891313869462,-0.0320769691378132
13659,0.6744157003530924,-0.20389771951003755
13660,-1.1561593756665216,0.6367342374470085
13661,-2.0172994482893682,1.6882938536420102
13662,-0.5419630087702741,0.9449702093968108
13663,2.075275610369581,1.0381077384099922
13664,1.645579149749834,1.0603669538254454
13665,-0.018183921640152367,0.07466453318521085
13666,2.4925171255746634,1.139975613622193
13667,0.9077186261046438,1.3093599945716816
13668,-0.8359809087872413,0.2777106085646981
13669,-1.527069795957806,0.1761271438055204
13670,1.4551332437240507,0.1245975936271553
13671,1.5865173586299424,0.16155859446168883
13672,-0.8894625204654256,-0.05956950446065479
13673,-0.3140309380290939,-0.26643178419262903
13674,0.4323598827304205,-0.3865396895014639
13675,-0.3434766340728686,-0.3974049965055011
13676,2.1214478036766353,0.5553019457980759
13677,-0.40279940748210313,0.34963027573788275
13678,-2.0191868514632043,-0.06010851856101887
13679,-0.8216046303156205,0.2667260521796715
13680,1.062044210441997,-0.08357597372920386
13681,0.01342911323089277,-0.2700812751168076
13682,1.2076478546087643,-0.24469628236522692
13683,1.270198914588263,0.058071404099622775
13684,0.018712547947922265,-0.3225485865149112
13685,1.036248454602502,0.22840145093221179
13686,-0.5362679955947023,-0.27644905427109356
13687,0.05066310623514192,-0.42899458171753635
13688,0.07333288709425256,-0.3300118816773203
13689,0.21340449739068856,-0.34636330776707225
13690,0.37337413050688606,-0.1600243548238033
13691,-1.5618925879038148,0.05566743566324142
13692,1.2721161748842889,-0.16008897758875146
13693,-0.23937432697616984,-0.5071297543214099
13694,-0.12633662648814037,-0.2245054080975467
13695,0.1503281354814885,-0.5137898090409098
13696,0.2685606339512104,-0.4214128204931634
13697,0.29531968471876363,-0.3167074180059529
13698,-0.7046061594610339,-0.32548770921282966
13699,-0.3122208144550722,-0.5883432625246767
13700,0.251361376280921,-0.34762779144656014
13701,-0.2518025605701278,-0.47152856483153793
13702,-0.628187054662238,-0.30487357733070564
13703,-0.10332435817973108,-0.059845039998131344
13704,1.0252928243787722,-0.20180755855635985
13705,-0.14925341527039016,-0.41064893624252574
13706,-0.34775467275753474,-0.41836923163254003
13707,-0.20603720348558413,-0.43741509519599464
13708,0.9966856795665363,-0.6541506258549309
13709,1.1754980668556527,-0.30422848497263655
13710,-2.536631018025822,0.012302999367781592
13711,-1.0164662872419645,0.28204301496783657
13712,-0.4195416459469879,-0.12512058931802428
13713,0.5197542831900038,-0.3222036458583202
13714,1.3296805724943774,-0.17433211014971314
13715,-0.8767157601308055,-0.1420178900132214
13716,0.09317172385128214,-0.36952121993355314
13717,-0.9220076812377475,-0.35970518860563605
13718,-0.37196780084269443,-0.6015437390219276
13719,0.06793267354275012,-0.6007712243658766
13720,0.42337750426006426,-0.35753654478827124
13721,-0.30506393039846597,-0.5171145916979609
13722,-0.5597284513773303,-0.2611701042773815
13723,0.1833863511722182,-0.4104358268714523
13724,0.5417311122489629,-0.42923045558258077
13725,0.5187904679750965,-0.45947206597959545
13726,-1.2445459621229813,-0.16116598931116738
13727,-0.1672903166932427,-0.40748415819099526
13728,0.60436952177702,-0.5886092742423445
13729,-0.1690664391807008,-0.568886758157703
13730,-0.7287864806550427,-0.3439097211426734
13731,-0.2072875412166893,-0.19224776204248775
13732,0.6618751057114484,-0.3663619920262315
13733,0.1960071424872723,-0.5537421718442339
13734,0.06698107063611897,-0.43949831900497194
13735,-1.0178798822823079,-0.4354805461528549
13736,0.1274900302580403,-0.4383112446594374
13737,-0.7300021486292833,-0.4689199553833836
13738,-0.7105313687029666,-0.07699933838133485
13739,-0.009943332384844905,-0.09761746801123905
13740,1.0616581336148618,0.15018993597251853
13741,-1.112471146323824,-0.29006728818131666
13742,0.12111231215060952,-0.4405790106665818
13743,0.06514400720294344,-0.3921667880104819
13744,-0.04466806743822374,-0.5714196886633973
13745,-0.25023269912088714,-0.5483277084327927
13746,0.6163050941982556,-0.5403551186934576
13747,-0.06351481361964217,-0.4359137489175787
13748,-0.539554873587888,-0.33088666316563886
13749,-0.4376826153619854,-0.34407902593471584
13750,-0.1138473985620298,-0.5706301706416419
13751,0.04889177425176455,-0.46638717320854306
13752,0.2577886652866344,-0.28180743374490824
13753,-1.0167775149268135,-0.15414829787396525
13754,0.482758288834073,-0.4529028959035756
13755,0.663889493721094,-0.5311177247983371
13756,0.838176148904559,0.10202934886170048
13757,-1.1182743818838943,-0.2793732700150472
13758,1.4772602748766066,-0.02407846983338044
13759,0.5033790248428459,-0.013994087602574729
13760,-2.6391990747065486,0.48163091149126047
13761,0.14377527551172775,-0.2687065510604989
13762,-2.633330975226387,0.4649420835395811
13763,1.2019099226768204,0.1294364897491285
13764,-0.034695156163743385,-0.16063686852408648
13765,-1.0758739977804006,-0.320168003603886
13766,0.7471074021968117,-0.051791546533750926
13767,-0.38035157889589655,-0.2800453054282881
13768,-0.3528514939268164,-0.19138060739843638
13769,-0.862224929146774,-0.30388981347802446
13770,-0.4796380815826399,0.2356313249815354
13771,0.08392056538484827,-0.30398883072238536
13772,1.1127253620255932,-0.14366082310505895
13773,-0.14755861631508668,-0.5539830400449852
13774,0.023188775393212263,-0.47435301122830975
13775,0.6819576124670661,-0.2452838483022878
13776,-0.6270921238452937,-0.47256842031789603
13777,0.9874818059728664,-0.27990879864417684
13778,-0.11486513338564643,-0.5414438188581172
13779,-1.4061613345057742,-0.30033750507827606
13780,-0.8591617031460334,-0.3234385800005788
13781,0.1800036787296575,-0.29197387762357885
13782,0.24811304515523247,-0.46613270154622366
13783,0.255227987530696,-0.4531093539481521
13784,-0.05297660500087065,-0.0223661579542285
13785,0.6871688166640866,-0.27909222784705345
13786,0.28996926347168867,-0.3327601701906763
13787,0.20910031746515279,-0.4974524156788257
13788,-0.2819603878675744,-0.5108785312308924
13789,0.40088321057862886,-0.5565444901262511
13790,0.35074397551510683,-0.5676583179867529
13791,0.027982139513681198,-0.523124511510817
13792,-0.5745572711771716,-0.5242115829352321
13793,0.22845863160560387,-0.5392567386151577
13794,-1.1150003311487695,-0.41219603087680057
13795,0.3148655585815865,-0.4618637471844894
13796,-1.2851526244411602,-0.3033617487387388
13797,0.6825629314590677,-0.5312770809135104
13798,0.8194573066667564,-0.4347945175222403
13799,0.14973006696738445,-0.4593253487982182
13800,0.16240371216035426,-0.367867577044546
13801,-0.5209878552574938,-0.5067368579405543
13802,-1.2330001880383334,-0.211028931954417
13803,1.3263204841347234,-0.2687310671565212
13804,0.5076559136097418,-0.5295282508045531
13805,0.054431658726970145,-0.42759013076447006
13806,1.3517695089583057,-0.03885129040945326
13807,1.2083276962178782,0.27716376738250026
13808,-0.9224707615858442,-0.2869807818222082
13809,-0.37490341325553483,-0.4514739992871445
13810,0.5343684758538966,-0.46618721696927423
13811,-1.0045871084522264,-0.4679128026240932
13812,-0.9039322611661108,-0.4340372145328012
13813,-0.09840660081995793,-0.296140994796297
13814,1.0761681311841556,-0.34606149436636424
13815,0.25131949785662,-0.257809438683362
13816,0.028583247384866423,-0.5212227842426663
13817,-0.486198960321659,-0.485319113376389
13818,0.5328729016884289,-0.41790257667331854
13819,-0.2863480429043986,-0.5410416533773206
13820,0.2635723179319129,-0.4184095448444858
13821,0.45083666401641265,-0.37985843949464926
13822,0.15132797792157326,-0.31952789896712075
13823,-0.035927265389551294,-0.4601671438080046
13824,-1.4640422914064986,0.14292704478533638
13825,0.4219769661405427,-0.4386010405735582
13826,0.8469118388417337,-0.2149093158532769
13827,0.6261867503380372,-0.32851494921693825
13828,-0.06316304175031262,-0.34926189328831525
13829,-0.1996917419230458,-0.39894074477775465
13830,0.7272684695181494,-0.28247297575898656
13831,-0.12586814334845287,-0.24290504322983672
13832,-0.4700525544721377,-0.38313006883810086
13833,-0.43989491072684966,-0.379316063333909
13834,-0.4687379686000224,-0.34989944915967564
13835,0.10574016071673775,-0.2558911015730472
13836,-0.33597058305102917,-0.16679311776296094
13837,0.46606866838300387,-0.3922388785830152
13838,-1.1546977449537015,-0.3703662845635314
13839,-0.1928682185150516,-0.29071429506047375
13840,-0.5507663697875207,-0.16695915300937125
13841,-0.044586968683767686,-0.4185021626025597
13842,-0.9444108489161468,0.11922849758430903
13843,-0.0736426644819339,-0.18384163095379716
13844,-0.05963228256063091,-0.2158677370165168
13845,-0.058750830195758635,-0.30381436693563935
13846,-1.1589952865383875,0.7516953552803819
13847,-0.1219250460470782,-0.11270885647607312
13848,0.33210755839798556,1.437414339953658
13849,0.18538763189189472,0.5278881963035209
13850,-0.04875701281422426,0.011570686225574583
13851,-0.24864553683244545,-0.5244409565857187
13852,1.710151970474441,0.8404552911453277
13853,-0.3396973449270353,0.2455449540345779
13854,8.639203007976798,13.608847907738385
13855,-0.7063684113056775,8.937498550609462
13856,1.0493206231689265,3.7419862156768886
13857,0.6202051727582781,1.7946114436359308
13858,1.9044756201334558,2.0033014745172455
13859,0.7879067971075263,0.9897914123942843
13860,0.6255557274602961,1.1714514894566874
13861,-1.7306219931099807,1.3933857648472805
13862,3.3742839613521323,2.784375508287738
13863,-0.4586893111112693,1.8668847430298257
13864,0.40731934293275496,0.9014252176594101
13865,-0.5204761000582352,0.653874524734039
13866,2.6040191747079624,1.2818894803419505
13867,0.7685976967378223,1.9732047083061124
13868,-0.7201720071008595,1.199700527919593
13869,0.04833008632792479,0.05306853355584032
13870,0.6729570396267909,0.2679488251922201
13871,-1.7821071534554656,1.0715201091331537
13872,0.9082286665791205,0.19305050453912873
13873,-0.3752108850963638,-0.28688540823476644
13874,0.6514656328729767,-0.32633463100711213
13875,-0.023354434535885538,-0.13284551834427324
13876,0.21344463480981746,-0.06058828779840075
13877,-0.34890492767098213,0.44490581330298207
13878,0.37097189918591633,0.04038523164644783
13879,0.17360336440224805,-0.180117176406198
13880,0.007468867395434231,-0.16521271569272816
13881,0.599176551598577,-0.1532693588299881
13882,0.38113005795638544,1.07776701753471
13883,0.7646739522096693,0.09514908941583836
13884,-0.030417528238015107,0.10872370791636954
13885,-0.3818325946846234,-0.4880147790484781
13886,-0.9811597817001751,0.40547944817478465
13887,-0.2342318591256532,0.005682245213202514
13888,-0.01070358265275162,0.12971294419984394
13889,0.1300994978557442,-0.2882396421306353
13890,-0.23262739607826544,-0.22600583506690183
13891,0.6700499272097235,-0.3976872815927386
13892,0.4106001600004051,-0.23488220316424105
13893,0.008664110117898582,-0.2897912024563509
13894,-1.6355899648332093,0.6952110211583633
13895,0.5058888577393562,-0.209723464938752
13896,-0.7663574155039664,-0.04740992983600936
13897,-0.21518130006932162,-0.24578227057474683
13898,-0.3843106499732151,-0.16027423253899145
13899,-1.4560118364553487,0.7978838365962161
13900,-0.8599361697065641,0.32780014706041305
13901,1.6055360716605924,0.359721856727541
13902,-0.8703184934047189,-0.2959199873235221
13903,-2.2452965150719515,0.7333037321211002
13904,-0.21591565503269883,0.8644612932710015
13905,0.80755116857327,-0.17981499949675137
13906,0.20364575096717674,-0.10633383921286302
13907,-0.06181413312001971,-0.22036478681576485
13908,-1.374730860026704,-0.21641340156087385
13909,0.4961155548617475,-0.5602340750349433
13910,1.0440160011754926,-0.1759757133916861
13911,0.08898262358574344,-0.12171322192973816
13912,1.1396472983052677,-0.3014638153316811
13913,0.4214530198778855,-0.2675538200349683
13914,-0.1967170369921547,-0.11467506568583799
13915,0.8027054545867066,-0.2467451709114337
13916,0.7775409037075408,0.4503721664758066
13917,0.018184392509000946,-0.049175481920313624
13918,-0.8011187938338088,0.1472080919409465
13919,0.18644874635838543,0.04649426031296597
13920,0.17086306742425922,-0.2544174840014348
13921,0.1741592709558447,-0.3454048897772353
13922,0.5543101281318622,-0.05716431750290282
13923,-1.033161405459054,-0.15785384371914132
13924,0.2958587057027313,-0.03871116213075301
13925,-0.41270979819100523,-0.17915221236885392
13926,0.46513641522960314,-0.09914685178716134
13927,-0.9055263207544749,0.1891421249401596
13928,0.8650342835552368,-0.05185654804054793
13929,-0.08447585648141316,-0.24610479852360645
13930,-0.3384298189766741,-0.2598111418761997
13931,-0.1892795743826886,-0.3050374047635213
13932,0.7802788889869555,-0.17037577003292773
13933,0.141774906331666,-0.23716867090734978
13934,-0.8401228975194899,-0.29414311295814183
13935,-0.31061696868373323,-0.230376920435718
13936,-0.32788107361393926,-0.3546498724826367
13937,-0.054161099209033,-0.40026854337305784
13938,0.6657163533123405,-0.3570594921803017
13939,-0.42067922225821497,-0.4621690930902329
13940,0.029956329649904717,-0.3720066567242698
13941,-0.3250919647437486,-0.28537234255472815
13942,0.4364836417311645,-0.2724437222464742
13943,0.06470541312168504,-0.269792204861269
13944,0.2657299203387035,-0.4515067775380087
13945,-0.7089461663165412,-0.3723923830020489
13946,0.11545143500756294,-0.41049933081097756
13947,-0.46566228989478364,-0.03231702510913853
13948,-0.4849585672908319,0.4123148363002087
13949,0.3558856503214681,-0.16797014625563933
13950,-0.06625537895910907,-0.18024727322761788
13951,1.0169755756231615,0.2969495644882838
13952,-1.0609384612415673,-0.10282294063472727
13953,-0.0965967060387263,-0.46223238026474955
13954,0.2855276891847883,-0.2203389096533928
13955,0.4466740230253543,-0.31087777746000567
13956,-0.1608270717707773,-0.35160344307110547
13957,-0.024181293945990723,-0.47630980587394245
13958,-0.3492444586537492,-0.3784876847801024
13959,0.21517036698229391,-0.29057617042782913
13960,-0.28832080369338675,-0.3320802037394398
13961,0.7033242554665596,-0.2867538890211202
13962,0.21508439389682876,-0.3693205375165708
13963,-0.6154526610054882,-0.4351264201547155
13964,0.36544853417786705,-0.24099288485585785
13965,-0.05492041314964907,-0.433156276577632
13966,0.4154079849990623,-0.43177269005965824
13967,-0.12543159855618385,-0.4902235991685633
13968,0.3257794332348659,-0.48218323308396904
13969,-0.08647993073606292,-0.5983069383823968
13970,0.005065131922696781,-0.49939871208468345
13971,0.17703093399321335,-0.46683696853791834
13972,0.007442767174732523,-0.6962611374001146
13973,0.18696640936781406,-0.6652783831249359
13974,-0.45201265144106356,-0.7173868346898367
13975,0.21456602864179508,-0.5732436460689664
13976,-0.5138476856776322,-0.48493460719908243
13977,0.45391822618107636,-0.5743831146290285
13978,-0.5189427718354556,-0.4024192215166913
13979,-0.322835606522241,-0.45884882904073476
13980,0.1279976251325084,-0.4547153096858493
13981,-0.009785811380019938,-0.4799996743609122
13982,0.47556941503906025,-0.3946253578147212
13983,-0.05786358468418373,-0.5910161386605413
13984,0.1337573755578491,-0.5392992540154449
13985,0.5692907878006933,-0.41715338977299066
13986,0.07353294507574443,-0.3508052719139475
13987,0.21128384160515779,-0.3088838890422347
13988,-0.24623415376321317,-0.5255850019659841
13989,0.23221838141503104,-0.41405920544016617
13990,0.20038395803868475,-0.3594631985253869
13991,0.30724457624038126,-0.33551704548372624
13992,0.7003689389162019,-0.4071993193609328
13993,-0.4139529884462678,-0.30362100272140957
13994,-0.2657084613249806,-0.3608540089699065
13995,-0.5087544412104965,-0.4443047669436676
13996,0.8943206736614996,-0.16399523838206803
13997,-0.4078712832626358,-0.18504253669368906
13998,-0.1607200471711657,-0.4646064766196104
13999,0.10861053397143539,-0.33708144071013824
14000,-0.8503626137472784,-0.3518190103476415
14001,-0.6792957802302556,-0.20704676912289396
14002,-0.20439634185376682,-0.5174162886091944
14003,-0.3735029403256542,-0.44416166024413994
14004,0.3271716853847185,-0.41798402506330734
14005,0.613864143084135,-0.3129153659038464
14006,0.3620637727460623,-0.3284234585446705
14007,-0.07899553175385084,-0.36863421666493434
14008,-0.4517441591927448,-0.44784260535622566
14009,0.38624019915855645,-0.4144985013768634
14010,-0.2526250195434375,-0.4569396524059237
14011,-0.2046118102605236,-0.484065948031534
14012,-0.14856519902689222,-0.418407799912659
14013,-0.026271058795662106,-0.39625058224172416
14014,-0.42410744228856545,-0.22162327667054266
14015,-0.17702780168417012,-0.031009277001281393
14016,-0.15665672660712832,-0.1740825534922771
14017,-0.6199631046332942,-0.07832580183714272
14018,0.795826385529893,-0.21170495790119573
14019,0.29135688345752425,-0.3348075711716928
14020,-0.24905505791321397,-0.3467121955922723
14021,-0.501544581550388,-0.45380722361621884
14022,0.6110018205094728,0.09568043532446632
14023,-0.2520874841165567,-0.29059045862005184
14024,-0.17521474470314824,-0.47881224774823916
14025,0.23118174160891247,-0.3183314714100324
14026,-0.5560841715882096,-0.2651445793088943
14027,0.368532845963352,-0.5743437077425189
14028,0.4286559563405167,-0.4868931360933917
14029,-0.5998564691985544,-0.24931389522561748
14030,-0.5764764564368612,-0.21257851550465964
14031,-0.3166969609734302,-0.1614952449344372
14032,0.07814655958837657,0.02678163835774447
14033,-0.2597073318745155,-0.39633028520534186
14034,-0.3112009991909618,-0.13204183311858553
14035,0.14731414840030727,-0.14414700186495086
14036,-0.21874103009051846,-0.2735184910003331
14037,0.32194250674346836,-0.38472776398398423
14038,0.28955651170301044,-0.3032274704610006
14039,-0.26045140979538023,-0.4308224906072039
14040,-0.06852049249477216,-0.4656261909503271
14041,0.2665525859842687,-0.5250557929397828
14042,0.18415347503702756,-0.38172640986000506
14043,0.3496996024503005,-0.3333323194041078
14044,-0.2633356393174027,-0.33286764260954493
14045,-0.2824397603611862,-0.2484912777860781
14046,-0.3527278959670177,-0.30108277293739527
14047,0.44619175428468816,-0.2214394545734698
14048,0.021848438705341755,-0.36203900272846357
14049,1.0676293314170953,-0.09275015063690753
14050,1.014882350957151,0.5273055011904101
14051,-0.051167558760832066,0.2500205175371435
14052,-0.44892742837423827,-0.0824783906078269
14053,-0.8700629363303178,-0.2381486939431109
14054,0.6029214597983291,0.15771498120803998
14055,-0.6517790236707451,-0.29150708218335597
14056,0.625047303957167,-0.3227587871094362
14057,0.004046082127683703,-0.287902908229382
14058,1.683084233852726,0.4894161605389612
14059,-0.5706391472799736,-0.1953240552242608
14060,1.9642967914300158,0.7503927329747451
14061,-0.46523649985532123,0.4158222578568038
14062,1.114133414653018,0.2016943426080636
14063,1.0253454252278296,0.9093831974007832
14064,1.172825306102883,1.462687472349594
14065,-0.15951332765335116,0.4478726334125168
14066,0.01358821098898591,0.2338223635780783
14067,0.29676809193623244,0.13046837254532653
14068,-7.195614904628422,14.566494263578672
14069,-1.4255868143575148,3.999285286673644
14070,-3.091070178907125,4.415130412719929
14071,2.543949588177795,1.4846736009363617
14072,0.9195417261543358,0.4790243684879527
14073,-1.2460315725209994,0.510885683824947
14074,0.0913250109811331,0.8172797558939613
14075,0.19835960367736827,-0.23955905751542192
14076,1.2505367031093586,0.28359761342308587
14077,-0.049098951308371525,-0.276501206824213
14078,-0.21594401726789064,0.18618937600306149
14079,-1.895465746691681,0.37339399495081593
14080,2.1112203990273835,0.0699398502879261
14081,0.7660507503961159,-0.12617465888057808
14082,0.25111904832252563,-0.18618674865238233
14083,0.22948313655419916,-0.2693509307504292
14084,-0.003846937263698391,-0.5021801885190809
14085,-0.6172032233440269,-0.08325320201383152
14086,0.10452421904973558,-0.18360513658252062
14087,-1.361943332659426,-0.25352516798978986
14088,-3.6177679347633678,1.6650792431812746
14089,1.4090526591975454,0.5799991908983061
14090,0.717194544744581,-0.16547687881992873
14091,0.910215691724816,0.1183000216160543
14092,-1.086929674587867,-0.2875480704878839
14093,0.9821776019522989,-0.26724900067926793
14094,1.3079524929661641,-0.039691626619792475
14095,0.46158239715883964,-0.05877719392266692
14096,-0.23057611387562008,-0.2280719515621081
14097,0.49449645706778367,-0.2604042499172804
14098,-0.3274571296776689,-0.09443449778752364
14099,-0.4991025752983558,-0.25211421574002835
14100,0.24932764299996257,-0.24113345210256068
14101,-1.4395991387794775,0.03572535058460044
14102,-0.6273215204187705,0.07971494930560372
14103,-0.12945102760701196,0.26017918573220433
14104,-0.03867129696802643,-0.13310615360051514
14105,-0.035437014766327934,-0.3225076622169508
14106,-1.0707292827513548,0.13009478215279965
14107,0.5825005555057767,0.13323788006425644
14108,-0.1057607557711696,-0.2492011579095956
14109,-1.54976742903309,0.5855178842482174
14110,-0.6173070637542764,0.154123833755941
14111,-0.287379555418382,0.3402764044514922
14112,-1.44134207769552,0.7352775635340036
14113,-1.0759611885419051,0.883418980869526
14114,0.8892822671641113,0.17402027111612398
14115,-1.3029315563343289,0.38581516412883876
14116,-0.17286696762882503,1.548085020893073
14117,-1.6548501454411113,1.9940015275393366
14118,0.12421081194706463,1.2561947826948299
14119,0.5199456144718472,0.23891352794643786
14120,-0.09277442284854107,0.5398297241487707
14121,-0.03190773250363299,-0.1834505892626504
14122,-0.4926294390869355,-0.19871019307847906
14123,-0.12448680267992235,-0.15472685274427056
14124,0.8590084167374289,-0.12571890292550153
14125,0.4843225990013571,-0.05549474333203658
14126,-0.867656496341543,0.18285122532174794
14127,-2.603688012337186,2.1946794228355406
14128,-0.13298838279175232,0.5331881803991214
14129,0.013102802297579763,0.3472722437688037
14130,0.3278065008805304,-0.20290236643672646
14131,0.08011386956580624,0.005279985257356845
14132,0.28472012255700874,-0.059937448060730314
14133,0.6463225281393093,0.046132000430596204
14134,0.2775804160930236,-0.17612610456777167
14135,1.100680626557753,0.1501862717981937
14136,-0.2267962418103763,-0.20209807319926357
14137,0.5388225862562156,-0.026951266064072527
14138,-0.7922076080556009,0.01792940408524349
14139,0.6848997699519689,-0.022133747829795963
14140,-2.056759276581873,1.1641161571017098
14141,1.3431815861023484,0.5384068596873631
14142,1.7147364783779744,0.39862169462827146
14143,-0.06713207412486011,0.44211776520644275
14144,0.11958172652901755,-0.10414813501681076
14145,0.9949606480847869,-0.18410793058460034
14146,-1.2951256854857536,0.25781412418090854
14147,0.7915032164083008,-0.1490221393786662
14148,-0.4709018720847119,-0.1442024872281355
14149,-0.7309238115031939,-0.242522179300731
14150,1.3901504648003118,0.21375155291248607
14151,0.051179086779337024,0.012129316683120311
14152,0.4369703693096033,-0.40799055721986366
14153,-1.326299437125047,-0.42299828450008237
14154,-0.333226092399199,0.2302970813108575
14155,0.8898463518827163,-0.13864183556369875
14156,-0.8940152091593527,-0.3800767395412763
14157,0.2882807545353746,-0.2762308720961236
14158,0.3850124293731353,-0.28820253416582836
14159,0.09412080555007218,-0.29880760485984714
14160,-0.8366019152540835,-0.14059068344252457
14161,0.23075729937895717,-0.4816116491568333
14162,-0.9163967742501343,-0.041273955818740826
14163,-0.47964879040832764,0.8438037363325482
14164,-2.1414084441941172,1.5233353921573851
14165,-2.747504765426947,2.078636189941322
14166,-1.5727545294216658,3.904916085103919
14167,0.5504399028770616,0.7563887311611168
14168,-2.3438411203336877,4.611162249697959
14169,-2.9147096491183677,2.6409770451720695
14170,-0.17295184616629616,2.8020196649500893
14171,0.3589838954526784,0.29506818629174725
14172,0.9069686971517318,0.5998467470835457
14173,-0.3356181159950885,0.1596647882033684
14174,0.4037521116117061,0.33169568537657224
14175,1.2414509153418765,0.06156174543570209
14176,1.0331864253017455,0.40539943980066984
14177,-1.3763913048411607,0.00888630372436694
14178,-0.3535808612165517,0.03754738925836673
14179,-0.4203318100384034,0.14800898548078514
14180,0.8643374521078776,-0.3369891814949165
14181,-0.15508448411524098,-0.26260083721468974
14182,-0.08398045311782311,0.37272497723514586
14183,0.2262029971672927,-0.0076586938407344485
14184,-1.6302933320120547,0.5994639598695047
14185,-0.027937063558906905,0.9583638845618291
14186,0.6381257228392127,0.09850324812699254
14187,2.007908519964025,0.34363388285845553
14188,-0.0908051799842302,-0.21774579406195224
14189,1.009592174485785,-0.04978744063412549
14190,1.0002525082254659,-0.18686504795819184
14191,-0.623561462672931,-0.155979241540601
14192,-0.6489981233234897,-0.3611823523375861
14193,0.04647723101831608,-0.11590474288660715
14194,-0.49320585692812774,-0.3606046401046151
14195,0.6339505853569537,-0.12646065930489903
14196,0.43374341054088583,-0.4175413436711398
14197,-0.24600146910197085,-0.5430721272811427
14198,1.037570263566065,-0.1949926672789311
14199,-0.14386400972093272,-0.20839322466691118
14200,0.1695722934432829,-0.4101525523972117
14201,0.12682839642889343,-0.3668292724316833
14202,0.3944853145427777,-0.2866575019712696
14203,-0.437595218898603,-0.4354741035016526
14204,0.6946461898299979,-0.19194196249945994
14205,-0.7325393021477831,-0.28203799753052533
14206,0.34714713896759797,-0.26707977569964675
14207,-1.2237056734609446,0.19226733641420243
14208,-0.023500170725457625,-0.2988425961514162
14209,-0.20990142881820545,-0.3552420679604067
14210,-0.44232084897756696,-0.17499195024871145
14211,0.38834777335426596,-0.33177304454679546
14212,1.4650059102150799,0.10055487529608237
14213,-0.24125513135479004,-0.26203467485032617
14214,-0.06278586579287257,-0.4884794093962862
14215,-0.744765161858208,-0.2580165698656327
14216,0.25351726148500375,-0.39216723564875133
14217,-0.11399366066105983,-0.4205252375820473
14218,0.47517492583351284,-0.31451101242757146
14219,0.30697254380907735,-0.3030792513798998
14220,-1.0434394838918744,-0.2870044282825978
14221,0.5489226276260031,-0.30747122272379673
14222,0.5669377465842438,-0.22687415066144417
14223,-0.21890847892853196,-0.4007306484462094
14224,0.5121367164948579,-0.40661262788893027
14225,-0.4651885550964685,-0.43021884443405034
14226,-0.2639324187934458,-0.254116991021936
14227,-0.9826681435097016,-0.34231135401487267
14228,-0.34299063445874634,-0.28018940719162155
14229,0.6215731185597205,-0.36241777795196517
14230,-1.2363870913611077,-0.2759387228294938
14231,0.4669120019992734,-0.5149239374836839
14232,3.6580525770941064,2.1966354547575393
14233,-0.6784357955398279,1.4338872238499059
14234,-0.907394045196428,0.09095645335475003
14235,-0.3895019120016162,-0.05876468658955877
14236,0.2295699946589964,0.8086018111597494
14237,0.3734893847632018,1.1103902043930285
14238,-0.7304324309296022,0.217421062569135
14239,1.6467648138497855,0.45492402905832774
14240,0.6751230417722477,-0.06370156183767293
14241,0.6295367616811239,0.254258850874855
14242,-0.5496885838175083,0.20292228753334898
14243,-0.052131278886633964,-0.12194810138572937
14244,-1.4752751973468738,0.4906505706726859
14245,0.46912321574428784,-0.24226974495408088
14246,-0.2573724922461488,-0.2919901804061489
14247,1.0857051179636645,0.07973604242665189
14248,0.410554576146938,-0.25950775430349604
14249,1.1835057031502632,-0.1382803874330097
14250,-0.7862749304976605,-0.2542356117333885
14251,-0.04991840280573209,-0.36897887502894156
14252,-0.8445160559042664,-0.16197894024481085
14253,0.93423563349651,-0.30347564970323826
14254,0.2851806676718097,-0.3592693917715516
14255,0.9794621168576373,-0.2572156477487696
14256,0.8347471998477723,-0.04118578459057946
14257,-0.3037476015203091,-0.34594764044591964
14258,-0.011147421200879692,-0.3130340453658958
14259,1.5035848387530102,0.08063968435117522
14260,-0.49616145946554857,-0.18462019308000813
14261,1.028555452324921,-0.07907056045737179
14262,0.42398027485030165,-0.164983887738734
14263,-0.11379025655132297,-0.09803649112941805
14264,-0.6316641889845822,-0.19508949610039206
14265,0.30759431237635015,0.04479985690644456
14266,-0.739881429356786,-0.15359098648354816
14267,0.21454057919843944,-0.2940133284488129
14268,0.13852293604249732,-0.4394448455783466
14269,0.9734942099830733,-0.3027545066340972
14270,0.31247539135767244,-0.20457258473666534
14271,-0.5965571070863129,-0.2215224696055258
14272,-0.19627656551339634,-0.3474973911252031
14273,0.8257985533123843,-0.3020937637917428
14274,1.1286748490082381,0.024082405868709272
14275,-1.1273088677167746,-0.31037568592041875
14276,-0.1922133323500006,-0.35787297505255455
14277,-0.44405156169692944,-0.4972715301577456
14278,-0.39760544398416564,-0.3762416455203187
14279,-0.17712319759210443,-0.34167123599590454
14280,-0.07484031682379447,-0.464999544271843
14281,-0.7457033173776296,-0.27879737083994005
14282,0.11258586238428597,-0.22281030213992292
14283,-0.2234730673275782,-0.361606761646832
14284,-0.24107599362961457,-0.4733583629265522
14285,0.8816744744206403,-0.24259542532753892
14286,-0.5673695178380973,-0.35853434644728055
14287,0.5003196505561315,-0.5194287076561387
14288,0.4255299712383961,-0.3306186471242908
14289,-0.6248830041985736,-0.507125433405963
14290,-0.34113257637025324,-0.34300690186035204
14291,-0.40647515786091315,-0.2407659271683077
14292,0.5754320568473263,-0.4576202791137918
14293,1.2026775802528622,-0.22876347286115253
14294,0.7104559250526875,-0.059501565365179476
14295,-0.6404642150252023,-0.1895084189863643
14296,0.5715000323273323,-0.4451892348366414
14297,0.24104062286370193,-0.2653699722137827
14298,0.11275853468436464,-0.5390902718529041
14299,-0.6840197548721891,-0.42296032965803554
14300,-0.09922828638788807,-0.34304358580227073
14301,-0.1851044342472292,-0.5200804144078327
14302,-0.5621012424705374,-0.2265030311156457
14303,0.15242426494131683,-0.48160002022544435
14304,-0.19778421954599446,-0.4888693161302834
14305,-0.43758704646297947,-0.5150235598225202
14306,0.01266443364897113,-0.2883107389823737
14307,-0.8223120982182587,-0.16778159923507036
14308,-0.3114348011516277,-0.33009869718292684
14309,0.17082046564144315,-0.21321509617833592
14310,-0.025632368248249965,-0.3381968211151309
14311,-0.33124421052213837,-0.3519157462520258
14312,-0.12285150394617646,-0.3625681054582719
14313,1.1491289270343787,0.0697811014590671
14314,0.33064905050956284,0.07412174588192463
14315,0.5204506837292282,-0.31333615578303864
14316,-0.24592284219427912,-0.2097506457752406
14317,-0.23865410867655273,-0.4940945116029729
14318,0.6482041881991921,-0.35894791576263996
14319,-0.19857073466467037,-0.23442597730535036
14320,-0.32336408391554883,-0.3271324948120073
14321,-0.1280871834202114,-0.46740459390027367
14322,0.730376302179974,-0.27027275524686545
14323,-0.32243740434186413,-0.5221130420563636
14324,0.17902582474577355,-0.4613405217659964
14325,0.370973664723908,-0.4919490895215566
14326,-0.18247199815611737,-0.30066626991781
14327,-0.6433550999840628,-0.4174499049864733
14328,-0.17722757536908712,-0.44326438508169497
14329,1.142176927992351,-0.150738984403966
14330,-0.8222477463465204,-0.21786224871670393
14331,0.49275515630993516,-0.4884154314380811
14332,0.784777046656378,0.7854507395858757
14333,-0.4674367887329687,0.11526147307418844
14334,0.5293933099307689,0.01125867508482628
14335,1.4506791176662386,0.19737368635398836
14336,0.07695632366333954,0.9542893054396194
14337,-0.5752760776365383,0.010014760331334138
14338,1.0246474725764223,-0.26793259584874973
14339,-0.7619559770840272,-0.14012009973852718
14340,0.13411337438536297,-0.17327912057292177
14341,0.5421424241166852,-0.2358419930487459
14342,-0.38842138335234966,-0.3599629801828874
14343,-0.28901533736115587,-0.1930405473820607
14344,0.002915160172557746,-0.2290702748505813
14345,0.7125063890550736,-0.18846917809914537
14346,-0.5405697716602814,-0.35186302023712984
14347,1.0230814455436361,-0.2991253297164077
14348,0.09122356718058822,-0.4011938043175204
14349,0.22923119185209923,-0.5296028112875144
14350,0.3759481371255051,-0.5634155625644535
14351,-0.37709678237319405,-0.41295506354477307
14352,-0.6709396951225577,-0.21286139053837802
14353,-1.1960647181341644,-0.3827092549798885
14354,-1.4987009302682082,0.6267701522426099
14355,1.065248837570549,-0.08888457765647498
14356,0.30296011575356674,-0.3341163798244511
14357,-0.31462341785133097,-0.255425105219251
14358,-0.47397405433514894,0.3857228057770731
14359,1.0775633769004629,4.287639788657964
14360,0.7862363672312404,0.44829059253793757
14361,0.09804596961529694,-0.2389590331740799
14362,-0.7611757078845822,-0.11254238471545316
14363,-0.8052803980739828,-0.13348514394755293
14364,-0.5111521162789467,-0.15179161936919955
14365,-0.7660480647897682,-0.29986552220769325
14366,-1.7485478195132345,0.34738314554217864
14367,0.43558019489796773,-0.18419998483234865
14368,1.4738375983273544,-0.04397284894939357
14369,-0.9053724211590233,-0.4746479063669852
14370,-0.09512217004682527,-0.5167320217757155
14371,0.06691205400599531,-0.427418634782754
14372,-1.033775556834994,-0.2553500327331107
14373,0.1609029405622342,-0.3024681502161007
14374,1.0008726579351763,-0.27194263547074515
14375,-1.262956686987538,-0.028926512757773776
14376,0.21139367715354168,-0.2228476792066782
14377,0.3231153707676331,-0.22429789339287584
14378,0.7959177292844756,-0.24127312383670077
14379,-0.16337180714072025,-0.4366643852286275
14380,0.4933614174889409,-0.3344511185841418
14381,0.1799488895167779,-0.31824751351264885
14382,-0.45742243467528854,-0.35939613689691824
14383,0.6802204117115336,-0.19276286565277326
14384,-0.5589643571825245,-0.5304654998990646
14385,-0.19841491129827962,-0.42513772150266904
14386,1.233980163647793,-0.15497528076896175
14387,0.1241695184952738,-0.41287874464734997
14388,0.23095544644853677,-0.3520862892690171
14389,0.20390919896032078,-0.4868107308285282
14390,0.5821571292709714,-0.2539607056514147
14391,0.19339746341907427,-0.38011727288451147
14392,1.1038184330528331,-0.03453401028058384
14393,1.2457917570824115,0.7182441336777834
14394,0.3712547238085012,0.32185079589092314
14395,-0.5222271678882422,0.26518972378554906
14396,-0.22454305716028916,-0.1631983726829659
14397,0.24193000543488463,-0.4048990776099862
14398,-0.2720494981479598,-0.35208124310953337
14399,0.679451290603283,-0.5287112720146611
14400,0.17277488323615897,-0.3803297142844215
14401,0.1702744761472092,-0.30813786743343563
14402,0.11755869194516122,-0.37104176205739686
14403,-0.5030756290019635,-0.21602330799346883
14404,-0.2093435929583299,-0.38314299472948077
14405,0.5268565617778853,-0.15246616779494618
14406,0.8688269726115804,0.5336991012857142
14407,-1.0906934680778146,0.0741924413388759
14408,-0.4129675698496492,-0.23072748636767706
14409,-0.35422720241958333,-0.22486475037937131
14410,-0.7437122658491203,-0.023201883925990763
14411,0.24395208541693347,-0.4827006719616379
14412,-0.3451757752910618,-0.5581266173588026
14413,-0.10321128249990563,-0.6330971088120352
14414,0.46080361469515985,-0.2911280481450472
14415,0.013129011256500595,-0.4377187493010366
14416,0.3104080751549876,-0.39703646956006966
14417,0.32607417687547724,-0.4944279995521015
14418,-0.6623091872812338,-0.4343185584132232
14419,0.22514369673421608,-0.4276105238823159
14420,-0.22960254807575786,-0.33222961110276705
14421,0.5145480593996405,-0.2888034964474796
14422,-0.15602821798224373,-0.3930519699676567
14423,-0.12509994492921936,-0.4888069693884678
14424,1.133450783202131,-0.09912957158295208
14425,0.11728597941877428,-0.22010338558984038
14426,-0.13238832162796604,-0.4145858944924131
14427,-0.1778059497220414,-0.011656061532976575
14428,0.09576738086403302,0.21522529581425806
14429,-0.9407768153190013,0.8347316731652974
14430,0.34507546163761893,0.20233996700436954
14431,-0.9828260912969656,0.1358468615808591
14432,1.114566614977834,-0.01309782563498571
14433,0.5887003337053449,-0.21169919552605773
14434,-0.42660137716196844,-0.06752651318901548
14435,-1.6828065330153805,0.47259699880406614
14436,-0.32759742180033813,-0.1321186367277171
14437,0.29855735095451835,0.21721177360098762
14438,1.141269389949552,-0.20986722604336544
14439,-0.008329220130405046,-0.2930351533418647
14440,-0.5152363479563541,-0.29834955262693996
14441,-2.912194689811213,1.0249488051642694
14442,0.8827052790248765,0.5971922056950604
14443,0.769956191778026,-0.28142210776523635
14444,-0.1568149536269699,-0.5522905252169276
14445,-0.1837861287312807,-0.21977144803744603
14446,-0.2597201923335229,-0.4148469426844764
14447,1.1131680670636177,-0.20520831589760133
14448,-0.3287042045050286,-0.35428196160428616
14449,-0.5388174231751259,-0.37920253881597077
14450,0.20920961480309075,-0.40041245118174706
14451,-0.2629719956355029,-0.3670594455437616
14452,-1.4430665804408616,0.005371048237974796
14453,-0.785339588604147,-0.012654739617014327
14454,0.7686676053494584,-0.1467087413385286
14455,0.23838425854351247,-0.4409724664571373
14456,0.01990542794372907,-0.5188066089110906
14457,-0.1814992328042258,-0.4525914439542851
14458,0.8203729790656152,-0.33529144807088646
14459,-0.35561159583669455,-0.25722167760791276
14460,0.1577835502926075,-0.42862938184705623
14461,0.46875696040941484,-0.45750616777011066
14462,0.826328572189175,-0.21598608089938565
14463,0.6968634621957538,-0.3645342803865404
14464,0.04925265684491675,-0.35328166764323427
14465,0.10220402318674127,-0.3493078307839762
14466,-0.27322646727904754,-0.39365386249386625
14467,0.150544500949367,-0.3879781199169051
14468,0.04783003731696073,-0.37005245776831586
14469,0.0022797613788604343,-0.4058777683442031
14470,-0.04012901131286398,-0.26515751909778196
14471,0.8360114650021714,-0.3257850745178063
14472,-1.4936077041087437,-0.20764386955135086
14473,-0.09650860885011012,-0.3998767762598794
14474,-1.1119351232236778,-0.019602622935252015
14475,-1.2044238213865275,0.3993058922221614
14476,0.8138379149924554,-0.015745782527263177
14477,-0.5796654210343691,-0.5453919728554102
14478,0.8932093323316385,-0.3187314272594137
14479,0.21896300442530903,-0.11208406397128723
14480,-0.37494968343013846,-0.28443701271472166
14481,-0.11315269453983882,-0.5299202951907104
14482,-0.15633100630377125,-0.18713285573903687
14483,0.4813437790580142,-0.3966049390466767
14484,0.27107568413592187,-0.3229393120830678
14485,-0.19073631727743168,-0.4505711675509566
14486,-0.38430095314814616,-0.3834454754063593
14487,0.11850214769064965,-0.5291320236479621
14488,-0.23996587694123656,-0.4820363431401339
14489,-0.7880075021871079,-0.1810256385475
14490,-0.34067798217469725,-0.4759248330714725
14491,-0.3969760832855734,-0.1869852619240156
14492,0.1618022191719748,-0.4524463391556245
14493,0.22538418215011552,-0.28488508765091825
14494,-1.0213971137806808,-0.2873704267245564
14495,-0.5739837659327319,-0.1747054922898359
14496,0.5878308388198225,1.821017982088038
14497,-1.251466337251531,1.2740699037557761
14498,-3.3525195826986693,2.041136474783203
14499,-0.5867434863170679,0.8476422278871949
14500,-0.14712722194851635,0.14641061215647103
14501,-0.30372617476348085,0.43630174860582394
14502,0.004941555574812878,0.22213781005959912
14503,-0.15998267224781537,0.46161263069896474
14504,-0.3593658637311892,0.031967431921690354
14505,-1.3455164645356947,0.7534198110710361
14506,-0.16451902418557718,0.4455504599649631
14507,1.2384827965909002,0.23201416448411996
14508,-0.13108025223032127,-0.14327580632661785
14509,0.5711918615351029,-0.11115926971727766
14510,0.6338437736092503,-0.2113188873097051
14511,0.367954114171408,-0.2595631335023787
14512,-0.3525945432260915,-0.2775936692396481
14513,-0.05319354338269475,-0.35857426705642265
14514,0.5892052404531912,-0.2296195884771232
14515,-0.7477882033098944,-0.26317210348433695
14516,-0.5379787860934165,-0.26590912351483426
14517,0.5641345481329387,-0.516113200709582
14518,0.8611474172338883,-0.1361962037423865
14519,0.28423854608730803,-0.35920407065938625
14520,1.37714815835069,3.416351224086925
14521,0.8629422098558276,0.07702750651333554
14522,-0.4402548498415103,-0.0460531499105338
14523,-0.4852847766844516,-0.24848002576725287
14524,-2.0341673742553796,1.3107018909900663
14525,-1.2531890443683618,1.6841090989821845
14526,-0.35761951831265953,2.9298396305925514
14527,0.4784289878482487,1.0096442434529573
14528,-0.35515517488955595,-0.022237954030237178
14529,-1.603560452218967,0.39452708958046523
14530,0.6980671353334025,0.04693654340834186
14531,0.12066962936143466,0.14274127444534004
14532,0.23832572256318996,-0.13317954240847724
14533,-0.9386951600613193,-0.1679400004337129
14534,0.357694636433327,0.8095766344715222
14535,-0.2917844118276339,-0.18041856283529856
14536,0.5040966886733356,-0.10665010547613468
14537,-0.1563882228490276,-0.20930475287455855
14538,-2.269438422079022,0.7565796553900325
14539,0.466908858508031,0.009304015245871683
14540,0.5095029347318238,-0.47656531161549043
14541,-0.4960982581446343,-0.2013304334887963
14542,-0.05443408696327684,-0.3292392542221828
14543,-0.964650854051529,0.14028302671092732
14544,0.09749494855035501,-0.3773343214076139
14545,-0.032414461802788286,-0.46500493692028066
14546,1.0694674769719414,0.1966435440782475
14547,1.2457444132015443,-0.03764557876759478
14548,-0.1467310495191409,-0.27879044130798636
14549,-0.9215269448184563,-0.006044821938059858
14550,-0.9156305102724115,0.16230408150183287
14551,0.22365170167556908,-0.19000114268774795
14552,-0.8896215794859842,0.2812683424370235
14553,-0.08272518954403024,-0.17337501339026656
14554,0.46558623540818034,0.1181037429536928
14555,0.4136675318977062,-0.43827654846528497
14556,1.4852709382192093,-0.21210960178300237
14557,-0.1274966789612691,-0.332628962742209
14558,-1.076472720994523,-0.21683820777150276
14559,0.6386814204437128,-0.3876846143763599
14560,-0.24624113221201951,-0.414630140748792
14561,0.37180645765021814,-0.5631280480168647
14562,0.27531899795149684,-0.3619959741507799
14563,0.31056416439459467,-0.5297341726910049
14564,0.5191276203075049,-0.3613248411817257
14565,-0.6330849515159158,-0.3062591137308977
14566,-0.41580838956511146,-0.28319624983781677
14567,0.08631736783783817,-0.33818639669621
14568,-0.6235418987767563,-0.2694193653292528
14569,0.5760054214142698,-0.34384940771599803
14570,0.20157387915681202,-0.5105620786107964
14571,-1.0084750290302988,-0.42099047469885664
14572,-0.09285705262180619,-0.41807656471228083
14573,-2.7414920852253903,0.9204077980691555
14574,1.9518965054448252,0.23495584702440622
14575,0.23702275224795133,-0.1846051767454783
14576,0.5283795300508359,-0.1968659763370107
14577,-0.3816059270254074,-0.293102635557169
14578,1.0695797223093346,-0.13920694265486927
14579,1.2517319528657227,0.457259927128726
14580,-0.09985806772765624,0.13491793425994117
14581,0.2096612314972573,-0.14533274736700091
14582,0.030736292864636555,-0.29731898533301926
14583,0.3614759083518697,-0.3391513569146084
14584,-1.0813667096914334,-0.18085893318545654
14585,-0.24055843058968585,-0.48565484190118435
14586,-0.01587669458657487,-0.22038494123409766
14587,0.1529414680317609,-0.5848062903321289
14588,0.6025061714621274,-0.41728109753214415
14589,-0.4093544082585885,-0.45021541630248507
14590,-0.06517548993825578,-0.4589979051187927
14591,0.024371057975408728,-0.4060014610974221
14592,0.5407691073596748,-0.3549054903646842
14593,-0.3183748377266081,-0.43663307507002325
14594,0.06809083131305671,-0.45005115693082187
14595,-0.14532746452057693,-0.5132721713784644
14596,0.6335164200850277,-0.3675578952071379
14597,0.06789525830696513,-0.38213815563673525
14598,0.1447822934951768,-0.3875382308433116
14599,0.03233326130401715,-0.390296898348341
14600,-0.3212809336752239,-0.42058516704747073
14601,-0.48157324195337936,-0.6881327436889265
14602,-0.34954658773841685,-0.5473254217063144
14603,0.1496290493422998,-0.4882126978043141
14604,-0.30316875818525274,-0.3720653412060008
14605,0.24870473750746486,-0.4012458241292397
14606,0.27909163615742705,-0.40774298375011464
14607,0.29580573588891296,-0.3717239378108772
14608,-0.7959627488792598,-0.3329376731236544
14609,0.1415341754216154,-0.5004581560082364
14610,0.1565313359725506,-0.533000350434724
14611,-0.12666801659607105,-0.5150504930166552
14612,-0.08614181077862729,-0.3886540121705512
14613,0.42163478580096625,-0.4405969168512518
14614,-0.4196210541949704,-0.5016333335559113
14615,-0.6103202975599851,-0.6195665944696792
14616,-1.3241098685542663,-0.01657774545535312
14617,0.6177573261650645,-0.2112100019379834
14618,-1.5547208838424589,-0.08388429603969225
14619,0.6762453282582427,-0.09862871976817751
14620,-0.04798695221422222,-0.38567483133349867
14621,0.6321387491777576,-0.37622298284292466
14622,-0.505536584596125,-0.4554467334311949
14623,0.2642904331119145,-0.4208621958498101
14624,0.33084095880607745,-0.302816419297259
14625,0.5037092411582026,-0.2510197967968597
14626,-0.06694236640779902,-0.4617245187390103
14627,0.7451079433989295,-0.19997135805843097
14628,0.5366269319938236,-0.3871281500010679
14629,-0.2430271686325241,-0.3765364549124036
14630,-0.7832731812237163,-0.387445509238737
14631,0.17966459193104156,-0.44950897446300886
14632,0.33697128248375785,-0.4750440022515814
14633,-0.1899903795378916,-0.5142248099565448
14634,0.629858953869215,-0.4689885961562962
14635,-0.36447225540788464,-0.5029248522619176
14636,-0.5698444086820962,-0.4327982617422146
14637,0.2870681185963472,-0.5357628817624147
14638,0.004092009220915571,-0.4293921612591479
14639,-0.18509987564850272,-0.5575596353306572
14640,0.008866733174217378,-0.594099838814262
14641,0.11404529602804048,-0.5669121697679125
14642,-0.02006260162903334,-0.5249562654986952
14643,0.34995919484796734,-0.49236308220590064
14644,0.31174873456249796,-0.5739823637525778
14645,-0.060670238067050686,-0.6256993837004086
14646,-0.4830273993073822,-0.5464472250132778
14647,0.24540014834562296,-0.5906895657930056
14648,-0.4227837404747642,-0.5138338764117196
14649,0.34762808981149573,-0.6429232424357143
14650,0.2615983292133579,-0.5256389041647269
14651,-0.30510159053548236,-0.5539372714295809
14652,0.01408357131031876,-0.47334627727703316
14653,0.10644328424034405,-0.5456667673909694
14654,-0.38021538342701555,-0.5154524174573102
14655,0.41218373076741766,-0.5511429470790438
14656,0.1239203264966331,-0.5444728565981467
14657,0.07874479874113566,-0.5709721014034822
14658,0.38083422723876637,-0.5188677142153209
14659,0.20897871505085042,-0.4570787405981023
14660,0.07745177001562731,-0.32285351810493734
14661,0.016391170015448236,-0.6044638965654809
14662,0.15558674769963732,-0.2598530814665517
14663,0.1622037944149054,-0.5312836701536118
14664,1.053365001785818,-0.09517558487608566
14665,0.9585082215571353,-0.11393238884621273
14666,-0.8109640677755864,-0.15110538425411824
14667,0.5403975305887002,-0.33264268467996283
14668,0.28426289691478757,-0.31208502961093254
14669,0.3671439753878416,-0.368027414260067
14670,-0.26510575193345065,-0.47999568977044815
14671,0.007726612653838227,-0.49440328044125226
14672,-0.34539554647497306,-0.4306252468342687
14673,0.07806577096054068,-0.5693959146766998
14674,0.12853591089704813,-0.5307555547450209
14675,0.0008171157190215439,-0.49789170394962246
14676,0.29423750539291516,-0.46414267366196194
14677,-0.07339826918484924,-0.4108691621307945
14678,-0.46822427540800016,-0.5066676627000251
14679,-0.7411307621414027,-0.1974314435503658
14680,-0.2979286372546274,-0.30789695539955
14681,0.27310638357239886,-0.40349658712890435
14682,-0.34979213391624653,-0.47959996743420097
14683,-0.42367930304206397,-0.44781848809195446
14684,0.4863885007857013,-0.42836263884989223
14685,0.15338905841441403,-0.4910981463511972
14686,-0.045519297495242805,-0.48834029834572545
14687,-0.6779372818641148,-0.2843355197386346
14688,0.12948339753433147,-0.28570527360145304
14689,-0.09791312917363329,-0.5886524557747058
14690,0.5664123580055656,-0.37207874715262723
14691,-0.09914728990762346,-0.5188698996183576
14692,0.08588663726579909,-0.47546022805544863
14693,-0.15604901475121177,-0.5414349955215362
14694,0.47831561044490845,-0.4765954431851811
14695,0.20556081598207432,-0.459905456042503
14696,0.46303581607540856,-0.4427377978677457
14697,0.16700899316757634,-0.4067425250620582
14698,-0.1692974124007106,-0.3829965486915502
14699,-0.3152708806571582,-0.5069503131360892
14700,-0.2395709751103387,-0.3498399751434449
14701,-0.7152191315232127,-0.3769160616761559
14702,-0.38528132000718895,-0.2988644787603355
14703,-0.044720913573609106,-0.22300846384996897
14704,-0.5146794065224489,-0.26183843698874953
14705,0.6559710287306048,-0.39645355883898037
14706,0.06666946596998868,-0.5179308292948068
14707,0.2846150219043146,-0.39756858874985046
14708,-0.3820609766016114,-0.4363519075822929
14709,0.3386052780958231,-0.38762303096539175
14710,-0.48790325251850514,-0.3174293403162224
14711,-0.060547129313467535,-0.36163741537834404
14712,-0.15719180422943962,-0.4884137703768744
14713,0.36148187051899994,-0.2942760011806018
14714,-0.4047824531417862,-0.3798469865358366
14715,0.29782597109061437,-0.25188994704480033
14716,-0.15243483269290464,-0.3284022342284768
14717,0.020603914079851682,-0.4872477319625832
14718,-0.5589823383727528,-0.2537243970457437
14719,0.32381041358798246,-0.5368831194406011
14720,0.34148240526971907,-0.4422812160699129
14721,-0.25674056908635,-0.4500144636067481
14722,0.33242709057728415,-0.23427259211899454
14723,0.18187262931845583,-0.31630336436688394
14724,0.5057594990743808,-0.4343283121595368
14725,0.2867546962860826,-0.4335374770639481
14726,-0.21926597053331448,-0.4222733899188771
14727,-0.2625360661731747,-0.42083427361301184
14728,0.577216150468833,-0.4538239601554275
14729,-0.08101541559995241,-0.5135081003410167
14730,-0.020755663997716473,-0.5112401416216074
14731,-0.013210829024944859,-0.39529514185967696
14732,0.14924783446488016,-0.46931155839368455
14733,-0.13179246571829345,-0.5025928720781027
14734,0.11032865069591175,-0.535586182812916
14735,0.1865614918237154,-0.4672574582261848
14736,0.2538694014885376,-0.5258508631641244
14737,0.25633349678232054,-0.7732563491021978
14738,-0.6173105985014554,-0.4130662811901028
14739,-0.17581236168900544,-0.6848901584132694
14740,0.3009506847698682,-0.5833870933404631
14741,-0.621709299443012,-0.5087044388368271
14742,0.4861101803009299,-0.6370668599963908
14743,0.00261921246890065,-0.6210861197857752
14744,-0.126711463650653,-0.6035458232647631
14745,0.25624634813233954,-0.7141438696716257
14746,-0.07797370001843786,-0.4614644607530882
14747,0.11643359442349921,-0.49611458683847165
14748,0.3100470703938395,-0.5365204852548311
14749,-0.25014096251270174,-0.6037704642208755
14750,-0.15211367835399758,-0.38918042644060513
14751,0.3017007743082857,-0.4921407674142493
14752,-1.6161455600958679,-0.19004730400072495
14753,0.18606173500490641,-0.41961112567076975
14754,-0.6589882297815096,-0.22727573112682772
14755,-0.9061791960425839,0.02039949458469914
14756,-0.9137557834199039,0.12228376212725539
14757,0.11039369077539268,-0.3929532533914647
14758,-0.8048428467928951,0.3407664152735246
14759,-0.46568384452057815,0.28862312449248007
14760,1.1282011817137558,0.011393734603217215
14761,0.11936792770705301,-0.4357145049305895
14762,-0.20994851409036167,-0.18497998889044648
14763,0.8914250953668091,-0.2004610172727569
14764,0.3345236779739732,-0.278191040752528
14765,-0.7853813027081168,-0.27354315022602965
14766,-0.8374774004687622,0.011633123175375487
14767,-0.7873755334237771,0.5888726287865248
14768,-0.5163291831784961,-0.1157537166683037
14769,-0.1190698552031345,0.3201340785158312
14770,-0.42926772775220434,-0.04965435333677873
14771,0.2426311616785224,-0.24683078094018449
14772,0.24943991600224352,-0.3590225790296374
14773,0.29125349748104556,-0.2456804284505814
14774,-0.03240733308078886,-0.42336764590495046
14775,-0.8218279339972321,-0.1985011338079414
14776,-0.878379053863961,0.07001228181308575
14777,0.4196986264379592,-0.26129976058209703
14778,-0.31831824092229527,-0.1631238470857124
14779,1.0237844982884532,0.005098795565404074
14780,0.88827096749176,-0.11115635885023484
14781,-0.31176481250156196,-0.4823422894219289
14782,-0.3598869360210943,-0.1675520718653629
14783,0.5041824485693851,-0.190591012112143
14784,0.7663450389675109,-0.16777012557969612
14785,-0.30647485593530394,-0.4005752284354931
14786,-0.5700084262536853,-0.22177872036518942
14787,2.3847735710021105,0.0713963357466336
14788,1.2287937155284872,1.1158338019987304
14789,2.310214770892669,0.9514038695494788
14790,-0.14819194754429027,1.9307130279726037
14791,-0.4649730710273567,0.02044198847154219
14792,0.912453933324819,0.4167346174145412
14793,0.3380747906655803,-0.07745792402027765
14794,0.2351091286799979,-0.12740222021609918
14795,-0.5969057710917429,-0.24511857916925617
14796,0.13021489060800995,-0.024437836036221364
14797,-1.0287336122875397,0.16962990016394405
14798,-0.3544572844703998,0.3150654783601775
14799,-1.4210180175222473,0.07946712049454241
14800,-1.2767673321606643,0.7575730694852078
14801,0.5755891192104169,0.041657821362581726
14802,-0.0016822365901756064,-0.3601453529778518
14803,-0.03403271325798163,-0.3724834105533989
14804,-1.1935031188189336,0.04802393572693753
14805,0.6332951391393928,-0.1786814093646272
14806,0.5076221077680719,-0.21139480394723834
14807,0.030203548576241246,-0.3925168730040606
14808,-0.21176356560890564,-0.2910748130686651
14809,0.26575098922681284,-0.3380633684859527
14810,0.1761869437982771,-0.15360590172110283
14811,0.7516506782852187,0.10373248807384258
14812,-1.157662779575889,-0.15028835663323886
14813,-0.34478530132542085,0.11725141590013549
14814,0.8841009933137646,-0.40314567005596835
14815,-0.4817872375066162,-0.1680421333328408
14816,-0.15052401361179013,-0.13634021011034095
14817,0.3837717096590746,-0.252606337651569
14818,-0.20302057543089094,-0.24939553543352036
14819,-0.9559960279327929,-0.06729919126400694
14820,-0.2203113552113668,-0.33962553056633005
14821,-0.1171086946583616,-0.2750875462707867
14822,0.2562036884695683,-0.15763753308262662
14823,-0.2286868717265257,-0.40981860868539466
14824,-0.21526174513142596,-0.2616954364037879
14825,-0.2735870685349366,-0.37050171116968267
14826,-0.6504835026074068,0.04855104740689836
14827,-0.1720400350297624,-0.2200369682918911
14828,0.37086754582793147,-0.20875650474286095
14829,0.18708420763962208,-0.2934978192913539
14830,0.6371257162250473,-0.26972931742331774
14831,0.2945408486575233,-0.37521871904033394
14832,0.10862845907522778,-0.5130888070747304
14833,0.24742601606518377,-0.37782615871725067
14834,0.2265646657670714,-0.38586043423475336
14835,-0.3829440479377738,-0.47253228091478305
14836,0.6421994141737709,-0.35956808910424776
14837,0.10752518579977505,-0.5406503805558661
14838,-0.4039378399680462,-0.46801845976366363
14839,-0.1628977017962533,-0.4895022206016435
14840,-3.953944804232027,1.6406633142942357
14841,1.5860184464380853,2.031897772759459
14842,-1.2593426262004677,0.5139538730723413
14843,-0.8861189902479001,0.11818595619440411
14844,-1.697507796269682,0.8289086042371188
14845,1.0218882453273541,-0.09283365749075517
14846,0.2124999200498462,-0.2722965131550149
14847,0.14202416178729504,-0.08261265609416643
14848,-0.25376500165522714,-0.20657927032539558
14849,1.3938976688159417,0.1110020249992141
14850,1.0204512292339323,-0.24232555482977564
14851,0.07806391735644808,-0.5181396425537509
14852,0.8719289982128134,-0.21540020607986868
14853,0.4527330618457551,0.021482896045426553
14854,-0.30866524815542606,-0.3707782625814625
14855,-0.0929142696498006,-0.3711872427263069
14856,-0.4738985385473773,-0.38532993986113173
14857,0.5616206203880374,-0.4127854361896355
14858,0.5326821783598974,-0.28959660076850435
14859,0.0591653503004711,-0.2345184412437363
14860,1.1389797201099139,0.02062279930681918
14861,-0.5871967728211133,-0.25135324475570126
14862,0.2241277626102569,-0.4583643541139283
14863,0.4028240296286725,-0.27431303863494627
14864,0.5085268873876321,-0.2643999946220032
14865,1.690097142538916,0.05888503512538171
14866,0.44293347500517266,0.3212149168282521
14867,-0.4010831574819661,0.01529400498826039
14868,0.025942263841932267,-0.1476909538357563
14869,0.10575689039544955,-0.4378468429582947
14870,-0.214260099886567,-0.2540142625884593
14871,0.3253000352201746,-0.3420069173998789
14872,0.1031097502665404,-0.3302311042744255
14873,0.2638241942077484,-0.34102180539431404
14874,-0.29824727050552446,-0.43844603878904576
14875,-0.09181386340215833,-0.5553488026720554
14876,-0.012658912719725579,-0.45361054052888905
14877,0.2637015483625453,-0.23140322667607754
14878,0.29620165890866473,-0.16742209461755744
14879,0.02802439735302495,-0.4034053670276213
14880,0.16174924068140817,-0.23854077111289185
14881,0.05202991624631825,-0.34200327749006815
14882,-0.7189304398961426,-0.15028511414044277
14883,0.22002350024142425,-0.2928329999120014
14884,-0.1969139629717882,-0.23374014412612465
14885,-0.2564356020505746,-0.1823504413804977
14886,-0.2818409720338318,-0.2475294241196314
14887,0.8637196610008552,-0.14602970563054907
14888,0.3435197095865129,-0.3118667822944571
14889,-0.47784920850840884,-0.2288057175630152
14890,0.62273185279017,-0.44435880232702785
14891,-0.5127955912414178,-0.26561453355814746
14892,0.19681921165168703,-0.46897527359268154
14893,0.020410433737465344,-0.5115897321090633
14894,-0.07356141995437604,-0.4771080962954428
14895,-0.5581137352137817,-0.38754455431394563
14896,0.23146079749151788,-0.4023700331936998
14897,0.09815973586532989,-0.4486170466238425
14898,-0.8333007282914745,-0.4367205603756227
14899,-0.2547637506061678,-0.07364435594000401
14900,0.1635392629070358,-0.4157095295864388
14901,-0.700539467767698,-0.13122596521785476
14902,-1.3166162738649279,-0.027686977541008018
14903,0.4371874805435991,-0.19205190231911867
14904,-2.1625630784655008,0.34236922349109566
14905,-0.7899157511181929,0.8807127220579923
14906,1.0966366090912563,-0.12447210849387155
14907,0.7021644358443266,0.21541658656007487
14908,2.686207828029802,1.808001143994042
14909,1.5903208310959176,0.8620505175153216
14910,-0.7049501263300347,1.1753126065352302
14911,1.3969959866417971,0.3547238768137725
14912,-0.13317721817829917,0.32565607909287153
14913,-0.2811721626463213,-0.008229501079513618
14914,-0.2478983054373654,-0.038642958234337624
14915,-0.3064645873087009,-0.17753174814504558
14916,-1.5389538349288094,0.2057464859619703
14917,-0.997788248980789,0.08355389581075748
14918,0.9350358322592897,-0.15633736950264482
14919,-1.5457217159994134,-0.05561883586610594
14920,0.8299713600906605,-0.13251509117941193
14921,0.39701632959392585,-0.30774561749712837
14922,0.11136833528738554,-0.15743258686160522
14923,0.8780327889860856,-0.2716702536907142
14924,-0.2660929275225077,-0.3089381239600558
14925,0.26469546194445465,-0.40007631342620287
14926,-0.8312694956575353,-0.24058071794098135
14927,-0.30526028283486395,-0.350478962648788
14928,-0.11486799500018378,-0.38379773990364496
14929,0.72827318720747,-0.36567236666168124
14930,-0.44775134619293355,-0.20865459268830536
14931,-0.10714636182768662,-0.26646748486452376
14932,0.33607998157921837,-0.3470411649731757
14933,0.36746344809792375,-0.31392663802554166
14934,0.9941307691901712,-0.17383694968000252
14935,0.7137223210599035,0.11426691607840345
14936,0.16108720645137703,-0.2473589067758553
14937,-0.04314248093712064,-0.3011724562617003
14938,0.5074776800711954,-0.16302953837201645
14939,-0.6752127865487159,-0.2830673779880965
14940,0.4489138262337523,-0.383205661104294
14941,-0.2952947945390917,-0.33392481231139315
14942,-0.2427881364708152,-0.2294974296574821
14943,-0.2753104111995057,-0.44997338118620767
14944,0.47132825522749355,-0.3250402411962906
14945,0.4211967027212117,-0.46087657534441373
14946,0.02856325114339267,-0.33289796082280265
14947,-0.5232056142246864,-0.3008918497912656
14948,0.11644048208854108,-0.44701204688647656
14949,0.3521728433044644,-0.492499391189276
14950,0.35702484127002787,-0.17215756938891977
14951,0.37107666168788533,-0.21482416599088142
14952,-0.8512825659623128,-0.25553620509613384
14953,-0.36027431887776573,-0.5542970407908304
14954,-0.6890308509038188,-0.08773987393124358
14955,-0.43652633362882765,-0.24397527075297973
14956,0.09386386201908903,-0.4114872803470814
14957,1.310421876580564,-0.21490626303995858
14958,-0.31599675715961634,-0.29515284011177856
14959,0.9406697044034534,-0.4037649009880251
14960,-0.16717304613840206,-0.3485728256390517
14961,0.042538344880688,-0.5237660350152537
14962,-0.7007977398312507,-0.31978441204171304
14963,-0.140520130560157,-0.40329366504666864
14964,-0.3225780582010205,-0.3913272156039179
14965,0.20451805469879725,-0.5188089139004429
14966,-0.45660876039705667,-0.377754855473979
14967,0.23064241355374737,-0.4137302908498103
14968,0.10216190166984207,-0.4470043092026146
14969,0.11949972400955,-0.5118736836241328
14970,-0.3368620464819316,-0.5120188944099211
14971,-0.5044179012599765,-0.5395219893063662
14972,0.055559868715685023,-0.487857760107251
14973,-0.13304588921213492,-0.43427872225551956
14974,0.10788758533827159,-0.13255957889274797
14975,0.38295499767661023,-0.4828281482572503
14976,-0.08292301119912084,-0.41686848332800586
14977,-0.08491589131081076,-0.5422299854424703
14978,-0.04955386343854251,-0.3913321795357264
14979,-0.04621355750360312,-0.22600399271966468
14980,0.647228406820494,-0.34414919561615714
14981,0.30826319179457884,-0.31934908858820327
14982,0.5416247899302757,-0.18755783602852552
14983,-0.3510046064673348,-0.2793853002011535
14984,-0.15203924349411746,-0.31105223463128884
14985,-0.12071365001582211,-0.38670642386229015
14986,-0.6224121834747026,-0.4397778756383244
14987,0.6992735376345238,-0.3015324828657953
14988,0.3727474538932948,-0.4697284731546103
14989,0.46416918033813837,-0.39479802908204353
14990,0.027105150260570948,-0.44421903362436677
14991,0.49632610269447464,-0.20296725681561434
14992,-0.2639886882757637,-0.35041957724296646
14993,-0.18293814830178634,-0.4437324983682136
14994,0.6229783290182379,-0.23076252163344743
14995,-0.2346096646093837,-0.3818398056557155
14996,0.14835273259365428,-0.3632295627647605
14997,-0.48936018257194913,-0.3705633860674935
14998,0.06000395824343613,-0.4682770966716877
14999,-0.021927671258797132,-0.6108809922352205
15000,-0.8175294140124247,-0.3471623081696722
15001,-0.25602897870984154,-0.34434865659125957
15002,0.8520298878788101,-0.3441267003655486
15003,-0.03570405850588751,-0.45531543322263457
15004,1.2392889852347033,-0.004958260291279631
15005,-0.9605476388445049,0.44804183434381173
15006,-0.3354017016565509,-0.1826491355996168
15007,0.9548099967035258,-0.10880751029583156
15008,2.5070431427495965,0.656616593566561
15009,-0.6860916440875633,0.038293553065602115
15010,-0.37868597249408986,-0.0609483216523552
15011,-0.566989962495747,-0.4087266137239224
15012,1.0481921575968602,-0.2806056837203753
15013,-0.28674653832530705,-0.40634648364860537
15014,-0.005763634261453154,-0.31666764464520036
15015,-0.7528917836588533,-0.3141709853796706
15016,-0.7241005004124778,-0.4079901269114691
15017,0.3438189739788242,-0.422119895339501
15018,1.4623758814756682,-0.351024786104291
15019,0.03236593922832587,-0.42488427109527127
15020,-0.3722041023002025,-0.3944982528412694
15021,0.03967378402798763,-0.4849305603454118
15022,0.28254145367294536,-0.470538725290801
15023,-0.5305755760438555,-0.38841087691890686
15024,-0.6844695264651895,-0.2968734520793199
15025,0.199110594911093,-0.43556419529676016
15026,-0.3673734038467593,-0.4980224426688953
15027,0.28181447927557485,-0.46641856600573084
15028,-0.03735696355137902,-0.46398853969176534
15029,0.731674758588549,-0.26161834174993037
15030,-0.192078320229987,-0.46129450912286407
15031,-0.3697742887834226,-0.5920617479220186
15032,0.24930708715996275,-0.5299679859648573
15033,0.04838794606160168,-0.4597997660942367
15034,-0.11042747014848359,-0.5022744160846827
15035,0.015847972210561334,-0.47252976996088947
15036,-0.7069080521013194,-0.3724297989892146
15037,0.3368155153256682,-0.4283059605761661
15038,0.3375603195982474,-0.3261427166401142
15039,-0.308622591763319,-0.41882907288154947
15040,-0.06591247497702507,-0.5803916994629347
15041,0.16554484304594236,-0.5861661857261877
15042,-0.38459709081618876,-0.4745033982847826
15043,0.11769511049308212,-0.6558760207736127
15044,-0.554244785977013,-0.4091967270485557
15045,0.20736931470504033,-0.3996490629018318
15046,0.14063294354735373,-0.42557133447997464
15047,0.4249642342121007,-0.1866165574954503
15048,-0.061958612079384356,-0.5589562516482236
15049,0.11543186552414658,-0.5941157309777358
15050,-1.0837492383788496,-0.18880361466301843
15051,0.1724693244463768,-0.3884421765998326
15052,0.10104849226549995,-0.4220679128614355
15053,0.15810093295251776,-0.4520525893249622
15054,-0.4375580059082677,-0.43041220843626793
15055,-1.0162363573167785,-0.587575662683972
15056,0.20663470532275008,-0.2680587180332754
15057,-0.29296394541900356,-0.4638100904177098
15058,-0.11145556783791456,-0.3393721143638848
15059,-0.2663286016612517,-0.24703075890295834
15060,-0.38572676327960154,-0.4039674857020433
15061,-0.15793051184571696,-0.49085679606544586
15062,0.20376688668802284,-0.4005190777810905
15063,-0.15819774683371196,-0.32512982277873986
15064,0.11953438092602642,-0.37648997149814706
15065,-0.5892791028015053,-0.34323129003240427
15066,-0.6248349775022957,-0.012132742827179493
15067,-0.19720887545560875,-0.03225991543392
15068,-0.3143001694021382,-0.1345099488113785
15069,0.3979877789068397,-0.3805554789987786
15070,0.005405694045014481,-0.3054717887991216
15071,-0.23225764967171952,-0.39434055890257036
15072,-0.17243826631386777,-0.31982810270784656
15073,-0.30777072733289645,-0.4902169878980026
15074,0.7452431100984785,-0.36064417798848647
15075,-0.39610369842914894,-0.4804666242147333
15076,-0.09271817123061231,-0.4696969934427814
15077,0.34637639723586844,-0.5529370431469478
15078,0.6061373796722037,-0.3788357678897831
15079,0.3471112888656278,-0.21219935979270893
15080,-0.32654739850580183,-0.49418986483563354
15081,-0.49440385634984696,-0.40406766532049576
15082,0.5746454094788908,-0.4575434388184033
15083,-0.27128042207567776,-0.37029288900738266
15084,0.013901807193016424,-0.4835228783961216
15085,0.25281484939331766,-0.5364488379184337
15086,0.48660037555724256,-0.3747958236281413
15087,-0.3228708799212625,-0.40372063473183484
15088,0.22023477129927777,-0.5064334762623449
15089,-0.6219025367080968,-0.387668858949773
15090,0.8755995674993716,-0.17914630318138103
15091,-0.3671861054479454,-0.47780444062154215
15092,0.17180859686483657,-0.5202015072873016
15093,-0.5928939350594631,-0.47637625422685637
15094,0.6301197559273531,-0.33428846425875625
15095,-0.1569803685649453,-0.42807540472839234
15096,-0.8433118312650217,-0.12441419777346828
15097,0.9974785056186058,-0.3755853103650074
15098,-0.5514946434640982,-0.4792385018252987
15099,0.15329592722431284,-0.4514998490113489
15100,-0.5191597363781086,-0.16930927105711463
15101,-0.4105691395531949,-0.2665616105069778
15102,-1.8713238794710554,1.258509293290995
15103,0.7175043472418833,-0.11404232622428787
15104,0.37271811868432947,-0.23169830971306063
15105,-0.7052910338996725,-0.29935804349749917
15106,-1.6192534856669112,0.4216875033434978
15107,0.17999421621234463,-0.10438573919241026
15108,-0.07683147409870553,-0.33673804611512403
15109,0.1856809020500601,-0.45657598308383396
15110,0.47481070988942486,-0.20247921213156483
15111,-0.6722414573116111,-0.2881850936301683
15112,0.29952947485023784,-0.33154744836768046
15113,0.0969974590253449,-0.46003582008401456
15114,0.5360924246762434,-0.2534098086718527
15115,0.4613686649439319,-0.29401967865104095
15116,-0.8822702412349941,-0.5793861626341161
15117,0.30187326780843105,-0.4603129976167377
15118,0.6445995186436076,-0.20751222133724104
15119,-0.9709078344095006,-0.1812636876233083
15120,0.34267550168770056,-0.04819948843790643
15121,-0.35066104758864686,-0.49903423193375873
15122,0.5199055500745968,-0.47910680753493406
15123,-0.2914414280486046,-0.5135035530825443
15124,-0.6256882363909125,-0.2916892297357886
15125,-0.14326840699882087,-0.508612250536823
15126,1.180952825134685,-0.15388085308811428
15127,0.6052880771362931,-0.31762123001912035
15128,-0.22555450547581352,-0.435163631129304
15129,0.20849995218711193,-0.4784925937542974
15130,0.044259736627538515,-0.5194707902431336
15131,0.14476573709006707,-0.5799127367711809
15132,0.39516488446999765,-0.5508333216748365
15133,0.11325522592859838,-0.4844161128816433
15134,0.06875111762228864,-0.5609835065314432
15135,0.5435373948180872,-0.3042635997602402
15136,-0.3118740826017743,-0.497274709861133
15137,1.7051309995422095,-0.29253032767092013
15138,-0.30246445677396905,-0.20781853863237468
15139,-0.6378881365047433,-0.40387797972579753
15140,-0.9191952655895146,-0.4381523386487801
15141,-0.5032491229591847,-0.5159823941269006
15142,0.1981052801501022,-0.3658940284798199
15143,0.12232833357040634,-0.4505942562286934
15144,-0.13421645311995267,-0.5244368503451476
15145,-0.8362628521524039,-0.4058270207989564
15146,0.3410673212670505,-0.47109104243705013
15147,0.7848469206051981,-0.24126543598284905
15148,0.6821146829884938,-0.46208636156288885
15149,0.006442055400643187,-0.3783048270833679
15150,0.3567014176522737,-0.2901281747673222
15151,-0.00343965017935699,-0.33890533675494505
15152,-0.049131359246959994,-0.39000592126576505
15153,0.16702128966154645,-0.42453384400828864
15154,-0.7178239110279733,-0.49370481744131167
15155,-0.3070496180493155,-0.5030686181236723
15156,0.252808983185886,-0.6004055167222647
15157,0.47743822704252026,-0.42646029903924987
15158,-0.549905385989903,-0.5779680706096403
15159,0.19509611983021707,-0.5781539772161273
15160,0.4515675925623248,-0.41894048825027486
15161,0.2517848128775934,-0.2831908957797896
15162,0.23748803167565258,-0.36220389686315413
15163,-0.06607966169233306,-0.5844228829816279
15164,0.20897382490223476,-0.4494529076269451
15165,-0.15928300577286758,-0.5540159085984165
15166,-0.038105168217160035,-0.4272682182512194
15167,-0.3098203196073559,-0.35882785945284
15168,0.4635162580501878,-0.4507201163950981
15169,0.5287787083205641,-0.3120300729842312
15170,1.0090867886395154,0.249682944771447
15171,1.0194894847011358,0.050642947469341865
15172,0.35823372936622633,0.12518536861009846
15173,0.40392684016484315,0.19151055960010824
15174,-0.7037054874889933,-0.1317001740338841
15175,-0.18176631254135625,-0.24216260376737456
15176,-0.025065139469492154,-0.4288138697906876
15177,-0.07910147202438923,-0.4074672789770343
15178,-0.23799356446555842,-0.28157288761855637
15179,-1.0306192916084211,-0.30249459175079063
15180,0.5801183547627464,-0.27678547307804896
15181,0.17154755561643564,-0.4825841651787016
15182,-0.06319797866993482,-0.24994680633916244
15183,0.14394738761861586,-0.4808147959813899
15184,0.13137948391758358,-0.5319006301370436
15185,-0.1618766302452106,-0.5415971783065914
15186,0.029501712351616916,-0.42854828513810705
15187,0.465001011327248,-0.4909638568285849
15188,0.04933661342648421,-0.40306537073273596
15189,-0.07137000687518466,-0.5216368653271174
15190,0.039192190448797015,-0.4631831581786564
15191,1.0060048056195297,-0.2715119663763772
15192,-0.11759785773442233,6.301116707490571
15193,1.6477646275373168,0.5121013874595991
15194,-0.34803971381441856,0.242140872811597
15195,0.01982091129495811,-0.1093953104905373
15196,0.3724340314527642,0.5103404696449497
15197,-0.10030636506982965,0.1894986739347986
15198,-2.3804327975083965,1.121540466276643
15199,-3.3211073415054546,3.1739389748709046
15200,-0.5346544807834086,1.5755439751822355
15201,-0.6832354429720935,0.5705765902625305
15202,0.4654326140610219,0.2414321640741717
15203,0.7050458298262152,-0.15324117875279136
15204,0.37741549484732595,-0.3154772010729222
15205,-1.00138928350081,-0.17484497272484043
15206,0.2426292911064628,-0.3506248950398565
15207,-0.292268517255538,-0.3928686265638929
15208,0.5141371722828496,-0.4337063156764026
15209,-0.09921452661576136,-0.4894479466208327
15210,-0.2525031560768143,-0.5302075095458384
15211,-0.08200852344324219,-0.5217492261051496
15212,-0.654137485163248,-0.21492923935233582
15213,0.5820755881137379,-0.5223557211268219
15214,-0.01935164965957864,-0.3180982041756589
15215,1.0180119830914833,-0.3770368914288461
15216,0.6298032185818422,-0.264469852970032
15217,-0.01936011401858853,-0.39414640771856935
15218,0.15956993531422753,-0.46334801541184356
15219,0.4894668176193133,-0.27357687917875617
15220,-0.2840944709556825,-0.43395772615216666
15221,0.6530007477473094,-0.2765969679675364
15222,-0.32825934586838273,-0.45792602331708876
15223,-0.07503290324973,-0.5093221812625663
15224,0.4494336174355661,-0.35491921083897515
15225,0.29998273056335256,-0.49254330028975835
15226,-0.686752561553209,-0.2563133642107044
15227,-0.7915279940770035,0.4488899559018985
15228,0.027256256236252885,-0.2964610313188162
15229,-0.9273961206846096,-0.4502332467452911
15230,0.06054617820691166,-0.46391104280343176
15231,0.018535115573267896,-0.4419303571670149
15232,0.8269342390349989,-0.5549040671131932
15233,-0.08192205387613297,-0.5749945274597511
15234,-0.24007242424377045,-0.48624908479850737
15235,-0.09357460616904133,-0.49581016770304487
15236,-0.12872306559099123,-0.5269761435747582
15237,-0.20663682756474996,-0.4594203766194356
15238,0.15757526591481413,-0.47653388428426424
15239,0.24962455865383115,-0.5683589077490596
15240,0.19612412133408152,-0.5203851425834759
15241,-0.07803259612069649,-0.4657663125069377
15242,0.12892218138698652,-0.561729074845016
15243,-0.15241547629118246,-0.5749534627315112
15244,0.22162785258913398,-0.5496371538503015
15245,0.029111496380475638,-0.5792441564621743
15246,-0.5421169225695947,-0.6282282325483971
15247,-0.14709343544628012,-0.501556632250999
15248,0.3089168734430582,-0.45645314191724606
15249,0.955607337196034,-0.4539998651993925
15250,-0.15280994924666524,-0.45364152696201676
15251,0.2931546163078607,-0.5440485709567235
15252,-0.11477107121982652,-0.35269123370889577
15253,0.02857209090337673,-0.5865583176494622
15254,-0.4446523960693688,-0.4867138779043896
15255,-0.16214073212635577,-0.4329213868930173
15256,-0.2378144013142806,-0.4629660129541008
15257,0.15556847762264436,-0.5771948690348112
15258,-0.09933883172246427,-0.47609244331268386
15259,-0.4451379265969068,-0.47673026402428786
15260,-0.01374697227227295,-0.5497191122438063
15261,-0.13269895956342187,-0.5223222521538177
15262,0.2174082679013032,-0.5663293120678808
15263,0.019907360207723768,-0.6196261978211244
15264,0.023543529610805802,-0.5053157663864732
15265,0.010500312381847815,-0.5256605918349913
15266,0.1582208867299823,-0.5489546077687524
15267,-0.02032295460234443,-0.601517453407266
15268,0.006244252874094691,-0.5802349139928101
15269,0.007935934199606531,-0.541351475099923
15270,-0.2029560184179581,-0.6023540309531344
15271,0.04480609912119354,-0.6643194671428059
15272,0.30147252040997585,-0.5707186766438757
15273,0.001569410800606852,-0.5518095960416927
15274,-0.7222098784498906,-0.46652177199157663
15275,-0.04919398311287715,-0.5826340463081051
15276,0.4155892929082702,-0.5701896742417336
15277,-0.34586283904637943,-0.5698128087829958
15278,-0.03866862631843193,-0.47758557091277665
15279,-0.030619755166201246,-0.4759426722412966
15280,0.42463080503048234,-0.39175452418419254
15281,0.07748509890217903,-0.48430956796586144
15282,-0.1296252758317315,-0.46798905392840495
15283,-0.18450085980215414,-0.5598549994981854
15284,0.0016187878987418691,-0.5781738234752039
15285,0.2574201377652078,-0.49573919765433094
15286,0.24101054921145432,-0.5421126637953733
15287,-0.08722348562543829,-0.5815275540021656
15288,-0.041165803530555545,-0.5743360169680124
15289,-0.04764100657462422,-0.5229549487811083
15290,0.21748566248344686,-0.5752505482322391
15291,0.008666438369752394,-0.52550507377974
15292,-0.21782311400420512,-0.55559950257581
15293,0.350246010745055,-0.5623984601346698
15294,0.012989782320117826,-0.5452100812373835
15295,0.12159225500203774,-0.4885352576058316
15296,0.12745561876130523,-0.5124171985555785
15297,-0.2232068699300342,-0.5681511700783818
15298,-0.5013712426534793,-0.34261938584781254
15299,0.2903553906629521,-0.413389308454291
15300,-0.3876263238692643,-0.3073011488544383
15301,-0.7946174074251423,-0.3124885689545821
15302,0.07349141389761671,-0.20371430389389233
15303,0.04522013222611182,-0.1566497846962042
15304,0.11180578298437682,-0.48830445069158956
15305,0.054523040140895485,-0.2820071321560532
15306,-0.12507505506669828,-0.5351973133469147
15307,-0.2608921808020747,-0.5934403525601891
15308,-0.4782536164259667,-0.6330676265253222
15309,0.3520968111356837,-0.5945344076293699
15310,0.3750324419208544,-0.5613341687223408
15311,-0.03860329088102743,-0.5051691499596607
15312,-0.5238655371704833,-0.5614342573445747
15313,0.4578467744134316,-0.47009953642813285
15314,-0.1954011317512258,-0.5301402378331916
15315,-0.1576560846197183,-0.4325739432608794
15316,-0.34445054754141546,-0.47227338875407365
15317,-0.06385089039043279,-0.4708084382001604
15318,0.1898075936501068,-0.6573673054237538
15319,0.09342073252065747,-0.5162540480168081
15320,0.2577523906096152,-0.6041715234096676
15321,0.24459162712672256,-0.5143902488840079
15322,-0.10937554640015183,-0.5260842830976089
15323,0.11757324278365971,-0.6005389123040087
15324,0.16516992963396604,-0.6573226980307479
15325,0.06634173276764871,-0.541941853006852
15326,-0.03664617227538758,-0.5948803991811634
15327,-0.0260526345082574,-0.5845786608072167
15328,-0.1206105076148231,-0.5456981693878158
15329,0.1692921340821706,-0.5985066467284664
15330,0.0753249112547979,-0.6161779235486687
15331,0.3875196535326806,-0.43041747019469256
15332,-0.09864930180869363,-0.42673145270967694
15333,-0.2528439868183219,-0.49683239818567615
15334,0.4764360956156035,-0.39290459873615224
15335,-0.10563651751326704,-0.6055613613709898
15336,0.35515058862265114,-0.5820042651901386
15337,0.03039406094987973,-0.5101109400979927
15338,0.4164510155209188,-0.43548099653643857
15339,0.25805115263036205,-0.39513525408886463
15340,0.07294477660020487,-0.5722918288354568
15341,0.09553774384095082,-0.47670776260418546
15342,-0.10464693048537246,-0.5252880401610766
15343,0.01564807388838127,-0.5545066539759401
15344,0.1238402408791941,-0.5386281721485857
15345,0.5104320066903006,-0.6773551970809343
15346,-0.1480471994846759,-0.5840470961834132
15347,0.36944935521760736,-0.6919625276525608
15348,-0.23557372433976503,-0.49974352480760365
15349,-0.0330134246115078,-0.6251179131167737
15350,-0.3648486105937507,-0.5314308860664806
15351,0.1311838306642344,-0.5332052906638166
15352,-0.052904190505407456,-0.5385227235011856
15353,0.263759423934936,-0.6050667189258163
15354,0.0927410769445084,-0.5360456695583948
15355,0.21507827346851194,-0.6678629168563707
15356,-0.14185912240019702,-0.553076710408346
15357,0.17608833912360955,-0.46997432862237165
15358,-0.21870746204473718,-0.5370050284821357
15359,-0.135237737340039,-0.555920243928716
15360,-0.11862612700822515,-0.5520321176447341
15361,-0.11659630383959581,-0.3923053117881974
15362,0.09824383359175543,-0.5333739403775789
15363,0.32198524647436366,-0.504501396094798
15364,0.3871077930696373,-0.3811568008175481
15365,-0.21834891911270626,-0.5824523266796396
15366,0.3274037225321872,-0.5725207937759543
15367,0.6259919215592172,-0.19576221956248394
15368,-0.2052294270413994,-0.4834716448759848
15369,-0.13725762573462771,-0.45605275198856665
15370,0.21239075382655226,-0.5439692656995926
15371,-0.07159575391563633,-0.5324217904202712
15372,-0.5817126030678663,-0.46223068227140574
15373,0.3892854572388108,-0.4722970998128627
15374,0.21740140659290785,-0.5610569081723633
15375,-0.3690136271401745,-0.5786475664467282
15376,0.39101875554959953,-0.6250217030542641
15377,0.10277305971821826,-0.49478246490235966
15378,0.07004551628287586,-0.5661014795071756
15379,-0.03801865987602798,-0.5591383863019219
15380,0.17342446466043004,-0.47068529336663445
15381,0.2916013526264389,-0.4322623792484809
15382,-0.30332578681206535,-0.5272926769489582
15383,-0.17182923289296415,-0.6582698930928864
15384,-0.11439659380298378,-0.4237528038973071
15385,-0.017517511356876236,-0.5539733716453155
15386,0.03080812920160081,-0.8599921438301487
15387,0.130687751357431,-0.6462559262780692
15388,0.15462523822098,-0.6509398355994837
15389,0.06834726672318125,-0.8228294574691964
15390,0.38747040566922286,-0.3501107581292723
15391,0.24979033804426293,-0.6186458106050211
15392,0.2579648782633641,-0.543748605759981
15393,-0.30253237859762305,-0.20543431445101243
15394,-0.20151852805811243,-0.6630369462397401
15395,1.0914553598670982,-0.4411405961331638
15396,0.017027106286957944,-0.308410516346041
15397,-0.09194558277587131,-0.41640730709039564
15398,-0.09202008645032889,-0.12216489728336297
15399,-0.4094599131544663,-0.20537074245799375
15400,0.028499103087712196,-0.42894211938095905
15401,-0.2294855614708864,-0.4538886076253137
15402,-0.39340054069760677,-0.36698724902154267
15403,-0.2539397164715514,-0.26511557603783076
15404,0.5546923169012942,-0.44120756634806835
15405,-0.672158956908143,-0.21368569304536028
15406,0.17951214835863094,-0.4267978425629594
15407,-0.21714102037785155,-0.6308141098669886
15408,-0.08075068510327663,-0.3765489648509942
15409,0.4254869775118927,-0.3757067262224669
15410,0.07227788317016448,-0.3819914975534511
15411,0.20205468320840642,-0.43748816680358527
15412,0.7373422680705746,-0.3417173413221617
15413,-0.17699716538150573,-0.4760808715552468
15414,-0.2818564362891701,-0.3910531284233424
15415,0.23536414007133893,-0.48751386520147566
15416,0.04835710387937309,-0.5668776593143152
15417,0.5794981748502802,-0.48634123702751597
15418,-0.10954489790901734,-0.25593996404612707
15419,-0.06985891322379073,-0.5733680031439835
15420,-0.03704416345397196,-0.4447759827076304
15421,-0.20760954509606383,-0.4599880238688199
15422,0.43908666416402586,-0.3588765023907311
15423,0.48286480097590334,-0.4506355192321947
15424,0.03817427011720301,-0.44330793797483714
15425,0.3914583950500734,-0.2639798959232291
15426,-0.010833988466022237,-0.4269702635625394
15427,1.1936907943229924,-0.21329181276592243
15428,-0.09636552938381471,-0.4159903483632351
15429,-0.8587984894099334,-0.08128019541003989
15430,-0.03846240151539693,-0.24346963714894948
15431,0.586327447839068,-0.28734343012547625
15432,0.46457364324656303,-0.059493302203319914
15433,-1.0875743184375426,-0.1971885508820616
15434,0.19728120464036852,-0.267442065402256
15435,-0.17205377319506066,-0.4212421852723399
15436,0.14438022795427619,-0.17810643762376974
15437,0.05827358974449187,-0.3684333500260933
15438,0.11461437758077503,-0.3782173817909511
15439,-0.28340150887045445,-0.40960500595102
15440,1.382461597323927,0.13019155162171694
15441,0.6021688592508021,-0.10314070373417797
15442,0.16461810883310984,0.10849178685046532
15443,-0.24014831253411179,-0.2578832911709631
15444,0.10207711127181329,0.016044452991302305
15445,-0.537748686100816,-0.09223495912137814
15446,-0.6054517656145609,0.1729041900221948
15447,0.5813590059516426,-0.44429693994933384
15448,-0.3070303786021762,-0.2962324876086758
15449,-0.2041735575418809,-0.3337271211224154
15450,0.3256772817441277,-0.4206959232417379
15451,-0.09253316080510629,-0.4726441130638199
15452,-0.3007099814476265,-0.5850137237337341
15453,0.37780297335266433,-0.395280536348496
15454,-0.6503133913991561,-0.05471492257660282
15455,0.6865220619660902,-0.561418995988662
15456,-0.0460077018097623,-0.4273128237925212
15457,-0.36359861150043604,-0.4446848128547408
15458,0.7579923844728281,-0.36260984116310124
15459,0.5154994942594339,-0.1998673332669968
15460,-0.3316727949164462,-0.08087587252761205
15461,-0.2841651162984085,-0.27079269356140123
15462,-0.07465313213695865,-0.41145960626480615
15463,0.8701797861119561,-0.23722376136006207
15464,0.4227118665728299,0.14789438117971856
15465,-0.4269703109029737,-0.010400935571665104
15466,0.7559342057476686,-0.05277943801979956
15467,0.11301924811615949,-0.013224852423390748
15468,-0.10469824564800934,-0.34764767289848203
15469,0.5753688969311028,-0.17644106194331927
15470,0.19538486244070785,-0.01455064078081178
15471,0.322780873362715,-0.00972493106722705
15472,0.07009463364592056,-0.18511771006753264
15473,-0.38638333973696415,-0.1706835152898615
15474,-0.7543924090377064,0.24295680262426547
15475,0.035373666112506835,-0.21232051906311558
15476,0.03620941441580572,-0.28758847703816315
15477,0.49367353901685573,-0.3081395901812109
15478,-0.16833036313902006,-0.45808732333543656
15479,0.07819579638897639,-0.32622474573598415
15480,0.6790639035294115,-0.017184188371667436
15481,-0.08019579992461523,-0.34624322726543866
15482,1.398409703394682,0.5132798953061007
15483,-0.6439728680570314,-0.09288126494576723
15484,-0.44862038618304134,0.22504619970717424
15485,-0.6435088902584809,0.5028882133603959
15486,0.9127310630021038,0.08249918412891652
15487,0.4726491281208052,-0.01853114511397172
15488,0.20220572481034793,0.6471638695875809
15489,0.18451815012408262,-0.12849825832467512
15490,0.2091338103823085,0.026468991025351607
15491,0.6773450947952043,0.0039480577701656305
15492,-0.6557345232745273,-0.046296959924246706
15493,0.14984469862028849,0.032901756660423026
15494,-0.5380111166724617,-0.044176146842465264
15495,0.473033906971407,-0.11314520559080699
15496,-0.6837997885084892,-0.017373051841631126
15497,-0.16665333420784223,-0.30194712976279187
15498,-0.21838634276217364,-0.2588966888324684
15499,1.0990396271420666,-0.3020512370296612
15500,-1.0013930064582328,-0.3441494581083712
15501,-0.3017852127254411,-0.223230769691168
15502,0.16085884925966737,-0.3997651955748619
15503,0.34761345776401564,-0.3848119833429696
15504,-0.1517603237251824,-0.48676467880440666
15505,0.786301682047235,-0.3621072196283428
15506,-0.8294485151548803,-0.23545474879336012
15507,-0.021075914875104906,-0.15209804329427545
15508,-0.44835232819269294,-0.09521671187636879
15509,0.12095954326153857,-0.3299484508365405
15510,-0.01156303060681424,-0.38182354490617787
15511,-0.37218628620093097,-0.2932846364103009
15512,-0.40679865467392495,-0.23646848265451037
15513,0.43390900875486305,-0.3005051334861735
15514,0.503936344098512,-0.2542465979555235
15515,0.42232782107381284,-0.19811122501212378
15516,0.21088530973297293,-0.3894530000510428
15517,0.23032031896115462,-0.4938074475955825
15518,0.2602314918408248,-0.296755873141888
15519,-0.4081140893651568,-0.33912258137649987
15520,0.0466981839173474,-0.5699948756582367
15521,-0.3668674346689361,-0.4968986973735141
15522,0.13412610507847272,-0.6862261569367177
15523,-0.5643494148358102,-0.4661644653922472
15524,-0.05112988034318028,-0.2870931800992585
15525,0.07860092650159117,-0.5462545459860998
15526,0.41165574767128976,-0.24748426328365833
15527,-0.9097712177743158,0.22076146462122195
15528,-0.2753274523862835,-0.19712982654510927
15529,0.45005921817917416,-0.33034598159627754
15530,-0.12243191404699336,-0.38749788598085455
15531,-0.7253947541855968,-0.018131138206673877
15532,0.5913785570993838,-0.05506653593152297
15533,-0.3770147688652352,-0.5010601431761378
15534,-0.6115884668519933,-0.15825911841085571
15535,0.09307553441332828,-0.013641641983144229
15536,0.39317012067380663,-0.20198247796123767
15537,-0.48190610444121007,-0.18559770678833493
15538,0.4347070971442273,-0.48113095252828564
15539,0.3645221468593335,-0.2523991346279239
15540,0.25845771759138914,-0.2851464935972956
15541,0.3574809042439231,-0.4174684431636737
15542,-0.33086757185490223,-0.3560837244593983
15543,0.7325644032689668,-0.15098425536879512
15544,0.0972271894958378,-0.39677255243632537
15545,0.19671194729149144,-0.13336696936420728
15546,-0.4260808749681709,-0.46565419849871903
15547,0.13624393821415393,-0.33130602146923843
15548,0.08676006326960012,-0.41446597303321064
15549,0.8053453449490818,-0.35613023440445013
15550,1.4989581176851705,0.12388296823251657
15551,0.3070914586562671,0.4440860102643055
15552,0.8435957581389374,0.5533096309720347
15553,0.1718506880346629,0.7900861236745013
15554,0.2576303416737661,0.4034687778853656
15555,0.6714463982733655,0.47588442628002836
15556,-1.365485395960035,0.44783764590687536
15557,0.2582356099015965,0.23421640598130758
15558,0.2936882523932609,-0.05709259814219092
15559,0.15648658154107092,-0.20795825427771514
15560,0.13551534236116908,-0.20121272612858448
15561,-0.07983419219092698,-0.31470204702964777
15562,-0.30398803191136897,-0.28363160338730053
15563,0.10919860642992163,-0.42982238460274724
15564,-0.3308932327659808,-0.3566224306172857
15565,0.1099993882214062,-0.187010102482295
15566,0.3321332468988635,-0.23348862928780126
15567,-0.8227000406599493,-0.209115737438015
15568,0.6865948446374387,-0.032606556865703074
15569,-0.3349860259020681,-0.11586176342931406
15570,0.08031063249518133,-0.29176762363470066
15571,0.09536766872796976,-0.2916221103190698
15572,-0.20930791084389053,-0.3963227940695626
15573,-0.3516419451461224,-0.28023780587998576
15574,0.9861506746802263,0.03580759664555863
15575,0.15045525416432892,-0.2113357438730976
15576,-1.1528686750759771,0.015598632752655966
15577,0.1901482672224613,-0.14573477527998294
15578,0.20413049334983302,0.2530273025120304
15579,0.012731118198239466,0.027630734509313137
15580,0.6626048335705478,-0.1377383063913225
15581,0.08021840724380247,-0.11625689247511178
15582,-0.5554921438996789,2.465572136526348
15583,-0.9652752726658961,0.3688932133921239
15584,-2.8467609066344512,2.354587498989198
15585,0.8292822781496202,0.2786362519637138
15586,-1.2713218204197894,0.44428695239650084
15587,-0.004377511595907935,0.8036143453330303
15588,-1.3709741796115194,1.3663634771651199
15589,0.6947163238698667,0.1503530986426075
15590,0.2966336517024334,-0.019903427965666548
15591,-0.38721688037847,0.0975517569414788
15592,0.49311316636164704,-0.29378253013810524
15593,0.09846485296708707,-0.3744949213802947
15594,0.9026210004473655,-0.15289993053097337
15595,-0.8887935172854057,-0.30706348509866277
15596,0.30373052416382385,-0.3610625022345017
15597,-0.041038184145849366,-0.3471525536585175
15598,0.1586205129256658,-0.4408992870116848
15599,0.46647654280677897,-0.513598910368787
15600,-0.41807486601769006,-0.31005414214880433
15601,0.2986717815819821,-0.44583897083459134
15602,0.4001979154270048,-0.39483005498924384
15603,0.32558459288437414,-0.5078681344078502
15604,-0.18623820860826487,-0.41733785539981294
15605,-0.041713820328491635,-0.4272362670375274
15606,-0.4626236746567207,-0.38944387146849757
15607,-0.38417149437499537,-0.4029908788672404
15608,0.3310180780291122,-0.3746480062387958
15609,0.9803644672506747,-0.37076791805684683
15610,0.46809842369006627,-0.21914116349679735
15611,-0.9944874931712538,-0.3736705475632379
15612,0.25741982815108994,-0.454454146652274
15613,-0.48761662016217233,-0.45383311905963264
15614,0.6410307514400073,-0.5413099848917762
15615,-0.26664758695906954,-0.6028769251291534
15616,0.7230671318462893,-0.35985770985046694
15617,0.22951864449994197,-0.30260043390859015
15618,-0.0910471314840873,-0.4380954805044778
15619,-0.41734045193826425,-0.29144483365428386
15620,0.24305834232585516,-0.4302479728934079
15621,-0.004113222377006898,-0.3744592698270369
15622,-0.3593237447154338,-0.2905978615697231
15623,-1.2348172117423921,-0.08642076212270725
15624,0.7253958118938023,-0.1809924322630598
15625,-1.1187829771234927,-0.21183608423331834
15626,0.624964775630434,-0.36674070889888744
15627,-0.0058439657076432006,-0.22805142299783
15628,0.4201786929243866,-0.4492717771026483
15629,-0.07608499532146146,-0.320462960387095
15630,0.987505635236556,-0.1438351011627992
15631,0.6506785500714197,-0.07098738239592146
15632,0.4167569598334806,-0.21453058656242585
15633,-0.2575193174712078,-0.35751663291413627
15634,0.14226489893957794,-0.39500328822194397
15635,-0.5205986882659289,-0.3191374540474662
15636,0.41383877548360226,-0.3976064103986171
15637,0.27604800276079045,-0.3727502621982502
15638,-0.2637585751676923,-0.4927437551754672
15639,0.12719336352406807,-0.5138109250104183
15640,-0.5887891695399364,-0.3429681375753747
15641,0.32103467129616026,-0.4181973620690209
15642,-0.18870159949948218,-0.3087841143903246
15643,0.17598949977551304,-0.3045980163627485
15644,0.44203673560780576,-0.38150310211394345
15645,-0.35144603902248295,-0.26769358109413843
15646,-0.22757707144894762,-0.33381169460504967
15647,0.7193358650744778,-0.3020960858289212
15648,0.34014916456151467,-0.33978245723731015
15649,-0.22398203411886064,-0.34991367904440496
15650,0.20918709388094425,-0.35904355251231634
15651,0.8016295638561618,0.0895902703376999
15652,-0.12461261068189702,-0.030049868402758334
15653,0.3409082899926946,-0.15023379312651305
15654,0.43347338998132834,0.09974740310523333
15655,-0.3242278963410951,-0.07283030363829776
15656,-0.4772959285384569,-0.3472452477901761
15657,-0.25312331694489787,-0.3892604657001598
15658,-0.3601545928152887,-0.1856961569604631
15659,0.44917291843624596,-0.2926012183084912
15660,-0.1592937195869528,-0.4771889234176797
15661,0.20819629811030332,-0.5028265594685476
15662,0.013560446618973404,-0.24625709995504116
15663,0.08486686302914881,-0.3852532715016517
15664,0.2233363069824919,-0.40177377783715873
15665,-0.22549369382738937,-0.4048971627040264
15666,0.3985013115135865,-0.3505970885908906
15667,-0.142771243230392,-0.40232204229194723
15668,-0.4309369558126975,-0.35033727492495215
15669,0.4982341633538563,-0.4756142733515706
15670,0.3226568105926271,-0.38298221354871087
15671,0.5970962226777087,-0.04245290895502299
15672,2.0026629607097903,2.423786862161212
15673,0.1464971659755266,0.573092523705479
15674,1.0511698591413752,0.7517003755065005
15675,-0.36894493151265967,0.1111153805247452
15676,0.6649976462681031,0.3084775454801323
15677,0.47862741784631846,1.9172668166436133
15678,-0.12064414036496532,0.33100494103153
15679,-0.1841211013717945,-0.06747899775496244
15680,0.1930380345717252,0.10780176986452292
15681,-0.6194366514471825,-0.3147951610657286
15682,0.5817371849688601,0.19052613890988598
15683,-0.8045795705709126,-0.004696558073087387
15684,0.09323186031946923,-0.13576484768570726
15685,-0.3056554028410067,-0.1879763893342581
15686,-0.6354842476165765,-0.0937393176686121
15687,0.3110021649488227,-0.08020536301247208
15688,0.13046118121058026,-0.24276821377370497
15689,0.8806523901833977,-0.10002014788067595
15690,0.07825773989280188,-0.04716584210052248
15691,-2.0017878608891015,0.34216007434479767
15692,0.7523602512737942,-0.24689853083959695
15693,0.26830337564269974,-0.4667782159399909
15694,-0.11764420663110287,-0.24403997601601624
15695,-1.22469437294597,0.014876074893983987
15696,0.38203590943642474,-0.2961006667385856
15697,0.4123640818932688,-0.3078208545922445
15698,-1.0863375150946726,-0.010507607827469248
15699,-0.6506098304800649,-0.04623134421934405
15700,0.3725340383529494,-0.013044867154167777
15701,0.03906850888417471,-0.3460141572754213
15702,0.46136652654292853,-0.1039994919513701
15703,0.1733659314803926,-0.31799439977766436
15704,0.0743130108277893,-0.5356120823421759
15705,-0.24777159208197375,-0.6165038596060185
15706,0.5233552622564783,-0.2762286887490567
15707,0.020211204327010124,-0.4499043089907817
15708,0.18273195808684084,-0.4119749464725372
15709,0.22413535382363314,-0.4988666017194975
15710,0.4637893638206162,-0.4435018035197551
15711,0.029872284068920812,-0.49202985220904283
15712,-0.3358399452487724,-0.5344705770703705
15713,0.4421483468048656,-0.512533530550898
15714,0.07080876672204489,-0.44407461054193664
15715,-0.28586894837763005,-0.5512644558108447
15716,0.15193641625179405,-0.3907504733193897
15717,0.22891118637122643,-0.34513008988733995
15718,-0.4834745858368102,-0.2891547003574722
15719,0.1645117059344483,-0.36020106107475575
15720,-0.2617379749865921,-0.32084713033277634
15721,0.6928636518333694,-0.17608247486579795
15722,0.6883065245508414,-0.25416877839348345
15723,-0.3298894618234444,-0.22001596554598618
15724,-0.1416272933404966,-0.43817908893615
15725,-0.05934747885386413,-0.49341653919786754
15726,0.4051265402098634,-0.3436834166225087
15727,-0.7054534563272511,-0.37424094639557837
15728,0.43737922602421175,-0.2999116907896673
15729,-0.4312059758647108,-0.3776682129936533
15730,0.4250643376718427,-0.5288468289479592
15731,0.9214895030268871,-0.10596746852692654
15732,0.08241174941545171,-0.511900482873601
15733,0.39442971324093257,-0.14572318009541974
15734,-0.7055865099406615,-0.30732843144687805
15735,0.14816780260957207,-0.28757741145793714
15736,0.15032822277279734,-0.3941969398315729
15737,-0.1687035266150693,-0.4838509045239515
15738,-0.5482821395799704,-0.26968986850317933
15739,-0.11521311972025514,-0.1211690742172438
15740,0.4267628701708399,-0.11546305939909532
15741,0.18584800104926985,-0.45878645250250927
15742,-0.15642442865858813,-0.4207229200476347
15743,0.3936090120809459,-0.3349645388904281
15744,0.3128678423800203,-0.13024344808728117
15745,-0.0734419922717392,-0.4432631781734728
15746,-0.5899921804062991,-0.17443684039455257
15747,-0.07683210362313708,-0.46025454836875035
15748,0.43602583673889517,-0.33292265482672817
15749,0.005891352423169988,-0.4638134008767917
15750,0.03027920395907513,-0.4228678745971036
15751,-0.04585524731510909,-0.42631185196425103
15752,0.2515787523784412,-0.35811643290714495
15753,-0.08812067904953322,-0.38241818089189017
15754,-0.5084386783137909,-0.31938109175516216
15755,0.3445603292550258,-0.29900548588615
15756,-0.10340199856616172,-0.2868220682324054
15757,0.15732463125985424,-0.40228426297678077
15758,0.26512756546316146,-0.24747533747566472
15759,-0.06455277535719489,-0.46594446794317324
15760,0.25349182830291284,-0.43723918080350654
15761,0.31461530641253876,-0.04336111712301194
15762,0.09975897515930904,-0.3141702445950154
15763,-0.5266611847490803,-0.48636728564944587
15764,-0.05181930098690313,-0.2975869902044266
15765,-0.13016849994152607,-0.28764048322324864
15766,1.1141150902008525,0.009412066258143892
15767,0.6968072218952908,0.08073869528988889
15768,-2.3411593059692763,6.275885326871011
15769,0.3414085603346013,0.16521968427867692
15770,-1.9878211081975001,1.2239067515767819
15771,0.9170904771845397,0.4348203971310628
15772,0.38071296589572345,-0.1302704115640953
15773,1.796117226273891,0.043966786716598316
15774,-1.4817358115807626,0.18568234254054902
15775,-0.31329772176893467,-0.01902799988040718
15776,1.0797974583072563,-0.23149818910468223
15777,-0.2731278257115959,-0.2681192997461366
15778,-0.2534572517703153,-0.3238483540413396
15779,-0.2523695483158719,-0.45384905511380735
15780,-0.14259992405293426,-0.4516060753129114
15781,-0.20193739376719616,-0.27253021392865817
15782,0.8191449284981392,-0.31940538160889853
15783,-0.361846521880974,-0.37379229912514644
15784,0.7256908438881947,-0.40255994329698985
15785,-0.18749048453730163,-0.4024999601671305
15786,0.2768438167903868,-0.384389656903216
15787,-0.24277451427217367,-0.38964498382108326
15788,0.6252591322891038,-0.5525950555569809
15789,-0.0827226624604237,-0.39315900157281325
15790,-0.4593683487185534,-0.29768300746008447
15791,-0.21041774581130504,-0.3387518631034407
15792,0.022286278696587475,-0.4678823736461025
15793,0.08756880278746143,-0.4621488326053381
15794,-0.020341632149974836,-0.3952581674591651
15795,0.4511697249531258,-0.44210613507211605
15796,0.12701832735795177,-0.4250106709149405
15797,0.06790732741044925,-0.4671663159508458
15798,-0.6117455185054153,-0.35343098872612333
15799,0.07745234010357727,-0.371790426689396
15800,0.05270245774900201,-0.39360758216025493
15801,0.08006739984060318,-0.5298730934523018
15802,0.12621512419954684,-0.6274512039518151
15803,0.08522990365488042,-0.6038506581752082
15804,0.323844701659066,-0.3804478106710012
15805,-0.07504414797873446,-0.4426989374688258
15806,0.4186957198439305,-0.3683197940547246
15807,1.1282978307329299,0.1263413216743087
15808,0.05784709062072135,-0.24026823603838632
15809,-0.02500449688596354,-0.4143775951449189
15810,1.031670678236285,0.1522656590888651
15811,-0.20834643342751122,-0.4168177537128933
15812,0.20648077494692663,-0.3903410084975646
15813,0.13984784614725942,-0.21748587803010713
15814,-0.3030006163147808,0.02083150716366386
15815,1.1534937549735926,-0.12517066161162382
15816,1.5765294213147452,0.20112125232246367
15817,-1.1091327073727828,1.2338659131789622
15818,0.01211259835594991,-0.0790079249203395
15819,-0.13674994492688697,0.04052308159676504
15820,-0.5496111411043167,0.17980301473025742
15821,-0.6180935795274631,-0.12191453290014224
15822,0.3703003294148327,-0.4561124902296039
15823,0.03228087563338908,-0.34927756730688975
15824,0.041812204427207594,-0.3827862193551159
15825,-0.2691529132842378,-0.35610924460023385
15826,-0.4210394787645367,-0.3069001627146616
15827,-0.05991621318010723,-0.3342458112320219
15828,0.04843786408819545,-0.1539316923724981
15829,0.22452369128736643,-0.17554977838803315
15830,-0.0182143104266691,-0.3194142169405806
15831,0.6198524311280426,-0.16435992387008397
15832,0.1456649782864919,-0.29918411095842967
15833,-0.041178269490335234,-0.41930300546901234
15834,0.18271504857681342,-0.35494094997759995
15835,0.36433028794767097,-0.19089885962141248
15836,0.24579962787617432,-0.239880819194036
15837,0.24589933524317387,-0.062468565873798565
15838,-0.6097174285335109,0.04158612636482803
15839,-0.14358021463257847,-0.2696184639995901
15840,-0.09098861905598017,-0.3086437179835355
15841,-0.009095331101661969,-0.38301323879092153
15842,-0.0254071087697815,-0.304194959804184
15843,-0.38737171912888324,-0.4709601940644893
15844,-0.26016647839401696,-0.0690823611835974
15845,-0.232916400567552,-0.13554457135285924
15846,-0.1329678264826026,-0.268185395031954
15847,0.1079304331882639,-0.19568635534354092
15848,-0.17392472955976504,-0.3215464410873631
15849,0.02167225700276393,-0.4925877346242239
15850,0.2776578650065885,-0.40212130739881247
15851,-0.2738185636857137,-0.38297384339882967
15852,-0.3652009393591228,-0.2150604830027397
15853,0.37336215998134226,-0.04832277690105004
15854,-0.3731655347198302,-0.34635391323931797
15855,-0.040746617210846436,-0.40001822423892797
15856,0.19060872968797754,-0.5318002030870979
15857,0.03671334969713824,-0.43172971730303167
15858,-0.047063264762650214,-0.3564743190535266
15859,0.44239523845587125,-0.3179598273956641
15860,-0.43940032090902537,-0.39309689202965004
15861,-0.3860852003831982,-0.17528082718022606
15862,-0.38214755067441086,-0.09219507739905511
15863,0.7590383229020649,-0.025622086367748417
15864,0.008973433848061901,-0.3887074807519302
15865,0.5450901083663412,-0.1126442660498837
15866,-0.19230371616414546,-0.3642910003489712
15867,0.0557558870943935,-0.33273194131984474
15868,-0.15881519693153512,-0.1044283509583343
15869,0.549487266359353,-0.25196608739173026
15870,0.12946211015047437,0.5378415563189309
15871,0.5449968413304976,0.1403649029003489
15872,-1.4261996422794443,-0.1412377534084608
15873,0.9724078888173656,-0.39068205337959805
15874,-0.9089169830535905,-0.15108231015359705
15875,0.0034692946089914245,-0.4390166531482458
15876,0.34964223864165866,-0.35126842519684975
15877,0.06931706451521658,-0.3262906920761657
15878,0.5578896664201453,-0.3376977806967343
15879,0.293997053898529,-0.19674311240204326
15880,-0.24804693703831573,-0.4534005860400978
15881,0.5683370221360585,-0.2869366140349041
15882,0.20508984188139495,-0.22152977490861836
15883,0.927182309821042,-0.06485915576044879
15884,0.4808261679206458,0.04855479123618947
15885,-0.3966152880050207,0.0531129830944225
15886,0.36219915571452477,0.1825240007034323
15887,0.3640902850429386,0.14929772165261804
15888,0.3799731704540039,-0.04654629522640458
15889,0.08312889333250312,-0.24280402044810995
15890,-0.6807030092515998,-0.1424476134761377
15891,0.5146118030968685,-0.0022714199432944393
15892,0.23301106634393376,-0.19485187115293837
15893,0.17794587468953366,-0.07205631504540674
15894,-0.7102451746262209,0.39966570103820886
15895,-0.2987878459268226,0.23744072935792374
15896,0.5705374991126259,-0.16269100869952588
15897,0.05036069059655507,-0.06618809482915802
15898,-0.45906362014736235,-0.003184961174624773
15899,-0.277233030214307,-0.5107154759524707
15900,-0.19244009604847406,-0.38004648615498016
15901,0.15553957945590297,-0.45923825755782954
15902,0.9908359260738123,0.049260882459389865
15903,1.0477095728773032,0.907510770307914
15904,-0.6390853522748743,-0.028182692096565848
15905,0.1191772261856045,-0.1782270432384769
15906,-0.4491802734025069,-0.159967985322664
15907,0.7045702273523522,-0.1714794206104268
15908,-0.13182887704640012,-0.41862613742902544
15909,-0.04691936152566567,-0.4294416262861255
15910,-0.1616899141474299,0.07116989014898661
15911,-0.37329151495503726,0.17030898482301168
15912,0.8206769705968407,-0.13791925258721976
15913,0.4125607946070038,-0.23085644839243444
15914,0.07707722699202812,0.0791995284996079
15915,-0.5331931395754738,0.05146791658927971
15916,-0.11052667371950597,-0.09431200345695098
15917,-0.749128146735582,-0.18960161685826132
15918,0.7436312113509835,-0.1689182114124224
15919,0.056418288561603636,-0.16655379878708132
15920,0.009172402705946214,-0.38053389817017835
15921,-0.06287660126978922,-0.3204706117669275
15922,0.12828699910055613,-0.2633497207670601
15923,0.26852316603585813,-0.25927892268027697
15924,0.25554433973575325,0.023425995543090966
15925,0.15366463384509121,-0.15781872960384669
15926,-0.25553496775438855,-0.2947422183629464
15927,-0.20006406621090034,-0.49213057997629994
15928,0.3871946561327332,-0.17174047736500986
15929,-0.2954815217228177,-0.295634210616598
15930,-0.03829975575072114,-0.5022830796060973
15931,0.16696069719679657,-0.3363033847774014
15932,-0.21783784999624894,-0.3734404996352433
15933,-0.023627276708999362,-0.34155161439209103
15934,0.40399161835072794,-0.6600489525014694
15935,0.07523536991684987,-0.4507203500302567
15936,-0.015388938630129162,-0.3779416169996318
15937,0.28990110796651747,-0.2926246897649874
15938,0.019011890443058677,-0.44472220686692043
15939,0.1701610542741892,-0.27736544273479563
15940,0.19423791666597107,-0.6182639206012555
15941,-0.1365325006320949,-0.4978621203852712
15942,0.2202703622386593,-0.3442799287811876
15943,0.4697894448645309,-0.13990291013506784
15944,0.524354850915388,-0.14560331481851901
15945,0.24160773539773145,-0.22264349923757068
15946,0.04496404314336813,-0.08662753711124857
15947,0.030124382302765207,-0.27815851602914676
15948,0.46683258881446044,-0.11934791574729411
15949,0.8188604334211095,-0.8875788776541008
15950,-0.13152215094743303,0.04968676091965199
15951,0.018499892167216092,-0.10084568040963968
15952,-0.12879836294135577,-0.11100782078094937
15953,0.00034836093281015446,-0.09450722468060527
15954,-0.805997148087873,0.04073155812880877
15955,0.684387725169782,-0.07495853792289395
15956,0.4216921625097948,-0.22172538258898847
15957,0.31589251817367736,-0.16538352551466076
15958,-0.15928780092216568,-0.27238196477010046
15959,-0.03470506501653642,-0.1507067662991971
15960,0.8657068444233199,-0.08214296411719313
15961,0.03311389248846924,-0.596415667852917
15962,-0.0017372502432083103,-0.20344197684786944
15963,0.2616972081233336,-0.16884008776489998
15964,-0.6171546604217268,-0.34008444182575637
15965,-1.1065632980465776,1.510413388748915
15966,-0.18329865368853276,0.4727081052098613
15967,1.2735124645921587,0.44318984483526
15968,-0.46631627454932945,0.03025938494957664
15969,-0.12884399272810151,-0.33263574985725897
15970,0.6915495627208593,-0.48537186369621155
15971,-0.5206677989103914,-0.07938659520029151
15972,-0.4870470739170406,0.3344075161853003
15973,-0.1340926046728876,-0.14417976478519662
15974,-0.3706472200432764,0.4716594845388852
15975,-0.26954738739712314,-0.020960011911632742
15976,-0.5051345476160214,0.45066654833138287
15977,-0.6679201597745839,0.42436783144387946
15978,-1.0872989251676428,0.5984759677918434
15979,1.280197236628541,0.28004582655471977
15980,0.8218182398096797,-0.17009703919330632
15981,0.08577308769720854,-0.41017486729132624
15982,-0.18657066244678347,-0.4955354347661419
15983,0.3228812332989148,-0.39504342820903404
15984,0.0010861797533237572,-0.556441552956663
15985,0.0967359425644716,-0.4561251300878677
15986,-0.04486923053558711,-0.5582780824453734
15987,-0.12988081968636106,-0.5453505173373705
15988,0.24222493016497004,-0.4805374951541206
15989,0.17627419533592814,-0.47077814209866253
15990,0.769749173892743,-0.27075980925283716
15991,-0.2632991243677075,-0.47092138616872725
15992,-0.10815235888977143,-0.4680155966296454
15993,0.27290866593455565,-0.5029231655730885
15994,0.47260003702161457,-0.3405412874664637
15995,0.2875457288344959,-0.6088313831552774
