,Y1,Y2
0,0.4450384638357949,-0.4380274068884364
1,-0.2074204591273393,-0.4617755803553248
2,-0.22511172502364457,-0.31723705586854956
3,-0.3587599457761002,-0.12637741772920952
4,-0.8982999914965225,-0.12260305251446275
5,0.3171344318919789,-0.23117495540524652
6,1.101517152168878,-0.15939239020110274
7,-0.15789544026338398,-0.3603263629388556
8,-0.6939932300146261,-0.3005038533135237
9,-1.0836792214306616,-0.254049415426498
10,-1.085307519466529,0.13574317444016665
11,0.12704858552750214,-0.21761257808340617
12,-0.6751362688395856,-0.1279699896765617
13,-0.21585461522212207,-0.21987607890063704
14,-0.135822117186446,-0.14714804323897868
15,1.3098299532753808,-0.1780976984798539
16,0.814713990859613,-0.3616641359102428
17,0.9927139355631309,-0.10418360735371637
18,-0.5041568320740402,-0.32872073997132006
19,-0.7722552657650462,-0.3408021930077819
20,0.73102346413727,-0.304312410040794
21,0.7735661126868492,-0.15982625010220902
22,-0.8199744801589014,-0.37865767214219553
23,0.6932134047697122,-0.4518078438911449
24,1.5520467236865567,-0.41554027231497753
25,1.1459342407226205,0.9647904501669597
26,-0.7416484493295514,0.1057860533252235
27,-0.41155687091349136,-0.3378317760533979
28,-2.917417741744288,0.8123164243951387
29,2.060855254750011,1.0282914780233903
30,2.9532819983700533,0.674720606659012
31,-1.4946084480203337,0.3645212143466847
32,1.3000177735993308,0.21311161248614768
33,1.0866883239243077,0.18732848247422307
34,-0.3150606205871772,0.14434793163885423
35,0.8686968050432233,0.06256031074568089
36,-0.4567324069929418,-0.19891226430852604
37,-0.3552261098178794,-0.3038369056680397
38,-0.43707952649687537,-0.2340232247794526
39,1.1923024302437513,-0.35956779600627814
40,-0.7812772045583325,-0.32148688880245246
41,-0.4417395937346315,-0.30958187950380417
42,0.882183579778335,-0.3439021685250241
43,-0.6296916917985347,-0.20824788787597948
44,-2.392035310675812,0.18307447833052043
45,0.09752066007155509,-0.025975510679583664
46,1.4669820260745767,-0.08977102505595612
47,0.7242322799673994,-0.36902073816796616
48,0.47907055988149627,-0.29533993473557135
49,-0.3901528990065596,-0.38959635332323755
50,0.41950881589944855,-0.4708538396365844
51,-1.3046872572638564,-0.23044468636175602
52,-0.32518494804702935,-0.497328271033867
53,-1.2077559282537853,-0.1416171040322693
54,0.7541282551765095,-0.42416365189001365
55,0.49140016715798146,-0.5508427313442629
56,-0.17228699638869172,-0.5799296898154392
57,-1.2166040021960491,-0.239686697726464
58,0.8798401401612039,-0.5231555596119909
59,-0.18816147507128256,-0.5510845082222319
60,0.18937507630642822,-0.4907942198607173
61,-0.36030420677654135,-0.5497166548055896
62,-0.7732061939373198,-0.19677998008652509
63,-0.27316680041009944,-0.3372942089471139
64,0.0722001614418815,-0.47315819381429564
65,0.44285567506640094,-0.5102091487220004
66,0.5934580720668032,-0.3068383656734494
67,-0.7659289286834754,-0.32053500944203855
68,0.3785687887944347,-0.432663967533957
69,0.06799725437945127,-0.3381125503718448
70,0.12967916409048794,-0.11506854433384692
71,0.7079088735498195,-0.4313672239964253
72,0.11160897257639044,-0.49027248789687944
73,-0.2022258678997545,-0.23848475978719685
74,-0.606470641095653,-0.29200699007794845
75,0.5763663616602143,-0.39926242822220037
76,-0.7246819238079675,-0.38176063731305293
77,0.4142919824400468,-0.5115777845576573
78,0.8271642963464011,-0.4792411543521498
79,0.22177554277400766,-0.3949992954336919
80,0.3446341588388402,-0.5069348377217722
81,0.7728618887204719,-0.40739137403051634
82,0.39325314920336935,-0.3457687298129658
83,-0.5083075984411024,-0.29487734175469793
84,-0.28456770666528214,-0.4421533673366242
85,0.0010018800396086422,-0.5089237318313115
86,-0.19728408857502067,-0.5058694830015427
87,0.2732813537980771,-0.5851695873126868
88,0.5146796496070406,-0.4525316785544366
89,-0.055987467009993436,-0.47764390793039024
90,0.523831710799407,-0.5222210576514229
91,0.5601135638018411,-0.3094929718964356
92,-0.6368552820013519,-0.46103473314021265
93,-0.7638631407771859,-0.40644404276841445
94,0.1622286632262128,-0.42377568250939035
95,0.5845584030996888,-0.4714123523877052
96,0.9096796548375735,-0.295463425351098
97,0.15163776917835153,-0.44088682230736254
98,0.029913499039470368,-0.4206667920667719
99,-0.2792796545877723,-0.4088227796182297
100,0.27471084779713456,-0.40962909237879985
101,-0.3746025817366738,-0.39597528391077547
102,1.2638478561388498,-0.17723133492920162
103,1.6645703377622718,0.2353620219368186
104,0.063216097971664,0.19913871973578778
105,0.8404371567265849,0.14400980514042033
106,-0.06060791797089808,0.07789808453033414
107,0.25010914681418367,-0.1495375738700359
108,0.39235310424198316,-0.34582497001732393
109,0.082231310465923,-0.45207913790886595
110,-0.6452920890078999,-0.2687737350996484
111,0.21631797560845803,-0.3944939223041089
112,-1.030167729318949,-0.011012811792435486
113,-0.4886319809833483,-0.21879346769190572
114,-0.5067832985187702,-0.008215986310598266
115,-0.1374514348535274,-0.30638253068521326
116,-0.6098568341140314,-0.11734226001562843
117,0.08185557837142016,-0.43549365441594545
118,0.9504510804502074,-0.13935200743811565
119,-0.34788408763135675,-0.3413188752560625
120,-1.167088057100759,-0.14557361347044934
121,0.1902663410189279,-0.30690295872678297
122,0.5880281980426554,-0.3938961136230075
123,0.07401232723880609,-0.4031632437512606
124,0.12412219606462681,-0.09336880695694795
125,-0.1881096594553927,-0.042703944482919295
126,-3.1167632927519007,1.069473809323798
127,0.6081515400975598,0.16130169589588722
128,1.8578120875825985,0.3885749591538998
129,1.7471451172082721,0.20951540265012442
130,2.524365804152096,0.10843271219393219
131,-0.6663684400384818,0.9436404058957131
132,1.2923404071098854,0.6523556908188298
133,0.01586434052260996,0.027511784702421813
134,-0.688757676095891,0.09431843200109709
135,-0.8209915809294964,-0.13277581603777044
136,-0.12161008259531561,-0.26873688053095723
137,0.4531941834901602,-0.2524051752047415
138,0.11313118146464447,-0.5087585614990682
139,-0.35575289146463057,-0.38527687247208403
140,-0.15314535937102292,-0.40305374153630363
141,-0.12233006066924274,-0.37017414281980704
142,-1.0932732514349135,-0.22929061176798132
143,-0.015119255954291172,-0.36269319826264057
144,0.599706720942532,-0.4615709726884064
145,-0.18140505832014897,-0.390240460159868
146,0.010391730609452133,-0.4740325922230206
147,-0.8051391991635979,-0.4347004562490375
148,0.2943281662834014,-0.4546613183850073
149,0.11680540405337089,-0.4165202186448185
150,-0.059305449505218356,-0.48560035487496567
151,-0.6421185936109833,-0.4215437897623051
152,0.3572568448908107,-0.5561063645788559
153,0.9716745637501546,-0.4029420508170339
154,0.4125083285401454,-0.48721564930067246
155,-0.3070440475541059,-0.5454628502691158
156,0.35382892223647877,-0.4986943483637238
157,-0.506134106898054,-0.5593006517724877
158,0.49891438121110804,-0.5024475686567625
159,-0.05269552503290603,-0.45204059607378755
160,0.005458126465049699,-0.3962569215724391
161,-0.43787718457628294,-0.4728147403891739
162,-0.5355330817925921,-0.3946967759573715
163,1.1462653717673654,-0.473725299915211
164,-0.16341806349171925,-0.38426785125727386
165,-0.4508543984013744,-0.5130349137921486
166,-0.559614671888123,-0.4161922700624611
167,-0.31129056400786986,-0.448517456804419
168,-0.11546358222896534,-0.4872653710181023
169,-0.3945864604559816,-0.3389247928584072
170,-0.6415671380297194,-0.30864128648694483
171,0.09630981127281588,-0.43320404795286893
172,0.8396876745296383,-0.3888992913560285
173,-0.3408399718295106,-0.4401659843677465
174,-2.000718138906901,0.15449919203029044
175,0.34606059863885524,-0.23399738502706252
176,-0.40374276349978183,-0.36166966389208216
177,0.14482619536399172,-0.4281486489046409
178,0.8855108448483424,-0.37312945534002084
179,-0.2873428342519675,-0.4866344604038794
180,-0.30751478274515753,-0.3471510507589217
181,-0.2813001449894825,-0.5498609785252615
182,0.5924226104690324,-0.49880849109487624
183,-0.09571214396988745,-0.49305246675748604
184,-0.7579105966363092,-0.42911687095623463
185,0.5943522519754874,-0.4442575948991577
186,-1.1980480566421967,-0.33661007311748253
187,-0.8134489044766727,-0.174721029123919
188,0.008786976380105532,-0.44081689409782143
189,-0.6340739046790773,-0.27913927992449017
190,0.08747733430585114,-0.37376534520818167
191,0.5387905857535512,-0.35674204146928656
192,0.5406557653597732,-0.43332315094278945
193,-1.0725894011383228,-0.2677008883506309
194,0.11755607257714623,-0.504774821485246
195,0.26781759824434287,-0.4339089925336074
196,0.6422390241049446,-0.06539038061010014
197,0.620252208772022,-0.24784316919816057
198,-0.190447514902529,-0.4093704761682126
199,1.236379672739393,-0.1458031381263376
200,0.23135750573380068,-0.40794066217973496
201,-0.21668937670282637,-0.4806553134755692
202,2.430223589878274,0.07779840244280473
203,-0.9884506791306112,-0.2773704367730931
204,-0.3655019188089368,-0.4081564200613391
205,0.16702641984226496,-0.4764918542573286
206,0.1951842160479648,-0.3814144351170555
207,0.005383047158394086,-0.40639836690789216
208,-0.43490062561586895,-0.39926469584224883
209,-0.5227459610868411,-0.4413276440408296
210,0.20685168032013362,-0.42283604018636217
211,-0.13359916066549327,-0.4983814515664776
212,-0.3408641120789781,-0.4951227657319283
213,-0.6081248513556815,-0.48433507397036
214,0.4106932859631074,-0.3174386253558606
215,-0.8538693548827545,-0.36708066089924224
216,1.5549905141181937,-0.20560437944324733
217,0.7000662370696163,-0.2891631522035302
218,-1.1090755498612346,-0.2757297778401603
219,-0.8187700131273763,-0.36105154228047115
220,2.74391402928675,0.46962657763395765
221,-0.5352595292980911,0.7954822829268299
222,0.24059318547083688,0.16987747652661345
223,1.1223124643405573,-0.10850161491917358
224,-0.44730871442789466,-0.3044995574037749
225,0.8810035446227146,-0.2611922783199393
226,1.4561136196912738,0.7360292548291101
227,0.846723097834495,0.4213466611927505
228,3.410947581407214,2.3604505419189823
229,-1.3109388324739446,3.3733712757462637
230,0.5367629437224253,0.5900107770512946
231,0.04679368395424961,-0.12475943141175234
232,-0.4149695882896869,0.06692364080041113
233,-0.1581377048780146,-0.07847329106476003
234,0.5849083539703545,0.24891534445809066
235,-2.046120790290851,0.23378668606385228
236,-0.701191310426094,0.18153508856258177
237,0.19721516716820411,-0.2512504975745915
238,-0.12801520888160345,-0.3803726396934866
239,-0.5199144059247258,-0.3661308811864045
240,1.250292730932252,-0.33959420116948236
241,-0.8072435825347497,-0.34876948139369734
242,0.1417905001723082,-0.4833700314584892
243,0.06769719419146464,-0.44395202785495724
244,0.16207669104873976,-0.49615826399674784
245,1.4342999523472995,-0.23598090845924607
246,3.1785703276473782,2.9626795402419437
247,-6.082631255820372,3.8463750720617695
248,-1.9860506463087497,1.9337277120612242
249,1.5546938453155892,0.3382418855645309
250,-3.9557925196696626,1.537968783781937
251,-0.17732634144267814,0.1712126992539998
252,0.7824780478364549,-0.3370392930082877
253,0.4700096230979873,-0.38039556815279657
254,-5.180989964617304,2.146395060622509
255,-1.5018990449298844,0.9263161481752624
256,-4.524757390878131,2.03619712760859
257,0.7954663359958059,0.45245110019206686
258,0.7728743984277524,0.8998296100876534
259,0.6765088899629039,0.21929523508776605
260,0.17887913847137313,0.2684209552380421
261,-0.9818207323592251,-0.0873017962147676
262,1.3640906941018107,0.6103408158208254
263,0.6788193517652383,0.4723820188683568
264,1.329006372446347,0.2839312226415131
265,0.32471452298691617,-0.2889839819389942
266,0.5086113304028395,-0.2399317477217845
267,0.3003988207218586,-0.15689173042220483
268,0.44994135771755017,-0.10339626536813724
269,0.35681475623708453,0.0860444349092397
270,-0.12384410601220162,-0.2045092447562702
271,-0.5325400183087513,-0.09622601861642323
272,0.7553885081988416,-0.14833636554811191
273,0.4954889581411123,-0.3508678131189705
274,-1.2155337404514277,-0.16162940269126413
275,0.39612476342722175,-0.3065986600901643
276,-0.9364651908382067,-0.23209363439013941
277,0.49281990514289226,-0.38903004077887005
278,-0.023955360619488233,-0.3915863670043228
279,-0.40577593559257413,-0.44662322890098083
280,1.6656914940644203,-0.1719639727098613
281,-0.44493053597758464,-0.5098780747217952
282,0.01902050010545518,-0.3452150533103036
283,-0.39445054200750906,-0.3953493375993558
284,0.01330518537630129,-0.44188718566018614
285,-0.8495417818353115,-0.38895084612433595
286,-0.025657140851707637,-0.4159562688183201
287,-0.23814875261790197,-0.3031000389840785
288,-0.6619560953774842,-0.17261502757351893
289,-0.6930626379932991,-0.07057283929817187
290,-0.020159958436964283,-0.23742327940814267
291,1.0461407606234183,-0.08221742787043011
292,-0.8583197294251793,-0.1648720503260363
293,0.7010482434892006,-0.15472931824940722
294,0.6200441355833373,-0.17324190825660035
295,-0.41281166767278155,-0.26470165174175325
296,0.32977413183258825,-0.24261881684678943
297,0.07513109233031802,-0.3682057446163546
298,-0.43948346823210677,-0.2641810753516227
299,-0.04730721955176515,-0.38113025122837857
300,0.6254964581797027,-0.4341019264830499
301,-1.2873108149747146,-0.19696349961413795
302,0.18578873817216734,-0.295239369262051
303,-1.3929496345575059,-0.13953337212693007
304,0.014606061826790502,0.1983823521959464
305,-0.9053006012210488,-0.1288429788159582
306,0.8462429619871652,0.03390172775227637
307,-0.9756758678158999,-0.26026459423160897
308,0.3270193440084749,-0.3986853853080603
309,-0.42766388351005846,-0.34703278857157205
310,0.0015905332752627099,-0.17537939081254128
311,-1.829865712528906,0.30789825326012593
312,-1.9733004397172595,0.7903621691532652
313,-1.807630887087034,1.614700052343107
314,0.18553251880451682,0.32755454799162825
315,0.7349360008567553,0.1442768953032889
316,1.515697008651437,0.7801126959294559
317,0.2996218260122361,0.016100084731053406
318,-3.1492790898514027,1.1999159480623243
319,1.7356652771447176,0.10915164769474281
320,-1.9848915777208302,0.25591299613980045
321,-1.4482640001940217,0.7721425774187897
322,1.3557665949004771,0.2982805989186607
323,0.7385849641643732,-0.05031335116732967
324,1.293226319862403,0.023754526862987173
325,0.0035212589706220647,-0.13030061217680158
326,0.4741837016364253,-0.01225215069646566
327,0.5863321966178735,-0.29506450698891845
328,-1.020100667985003,-0.22722575106342746
329,-0.7451412528722655,-0.24166301004398894
330,0.3763818363364034,-0.40367999470701416
331,-0.18881538429776937,-0.4069573202860476
332,1.302240949798414,-0.26635362536279233
333,-0.9121805725565598,-0.37779049208197185
334,-0.7472985142937957,-0.2781525607017084
335,0.48642530558034414,-0.3112799784408219
336,2.104544510594336,-0.08153721984510649
337,-0.16632664571250053,-0.1344181535717939
338,0.6176863561492684,-0.3239384483976268
339,-1.1068527303842282,-0.19863129457163836
340,0.9500741817410097,-0.38445356083078136
341,-0.6926088807499952,-0.3249754437702128
342,0.2547808035797622,-0.38319288341910523
343,-0.9092283887378784,-0.36705862425337277
344,0.9215450140465885,-0.39022569925908324
345,1.0358983958178591,-0.2320570820040032
346,0.2700008288374132,-0.40273667323688905
347,0.17258678043998066,-0.4956029526147648
348,0.08377191203115211,-0.5319469008799436
349,1.039449382973395,-0.37348353915897736
350,-0.16558889440633034,-0.3686309783664338
351,-0.10392930841092415,-0.48529610398418627
352,0.08848675646756723,-0.47148153847672025
353,0.05795502860760328,-0.5444620557427674
354,-0.8477284733020286,-0.3352859857841209
355,0.7151508343994374,-0.5278158176524953
356,0.30973352225000644,-0.47853319601529587
357,1.0286756089227518,-0.23751775221481736
358,-0.5727263634621197,-0.22956598123709093
359,0.9621712918855067,-0.3576733591223586
360,-0.29899192452765305,-0.40947961814960004
361,-1.2270687105785545,-0.24651781562184205
362,0.6043736057454949,-0.474974853875466
363,-0.33527670743956983,-0.48155542807473867
364,-0.6398892362999071,-0.4258856849681645
365,-1.2734697114115259,-0.11979009158959394
366,1.8745362611451224,-0.24938117250916708
367,-0.48247727405241697,-0.40569354817073405
368,0.1664180635842741,-0.4941270981951527
369,-0.15439735339513377,-0.4651052617081792
370,-0.2967361059519462,-0.49537021151619215
371,0.37659902302015674,-0.5071609797274538
372,-0.42805273729977694,-0.4777135011128562
373,0.35569318660003446,-0.5163729788996065
374,-0.5408128534467405,-0.469465655597336
375,0.39770351315403807,-0.5384822126365277
376,-0.37119588285879135,-0.4351940995761864
377,-0.15164998711599856,-0.5085866447115799
378,0.4490319355607143,-0.42637596983563847
379,1.066129596209327,-0.45644519931262006
380,0.7197820007083976,-0.39999354690894695
381,0.09119747982910023,-0.22482804593607603
382,0.24038768367681324,-0.2910848358245401
383,0.0111511376920303,-0.4270759497425925
384,-0.7596643992867653,-0.4450834930991358
385,-0.3331806991669305,-0.45579189953073707
386,2.035743991624833,0.029487893420609777
387,0.32460229790246276,-0.16784299447826895
388,0.3788002086736161,-0.28528523726575317
389,0.8932149890198936,-0.05015561993650685
390,0.7731301495376438,0.1653151447240926
391,0.17129030854486552,-0.20726318399488125
392,0.40448178041144905,-0.3888545431748379
393,-0.3901492229920191,-0.1828833367337741
394,-0.01033306294399887,-0.23434439001960744
395,-0.21271247970740287,-0.3900799145743363
396,0.5848237108105154,-0.3421679574548905
397,0.0627042341315081,-0.391905195141632
398,-2.8327688545480587,0.8278800732135229
399,-2.6516236379005886,1.2768543498675047
400,-0.6950091311703424,0.060990878060451656
401,-1.050172346100079,0.5407535621708319
402,-1.1642448323735328,0.2857844144721668
403,-2.050715586962645,0.4150548541266509
404,0.4502315677739058,0.04029797901922617
405,2.7321676695636024,0.263517005880634
406,-0.6111809989799399,0.00893024983517465
407,0.04895031871566338,-0.30529205337217513
408,1.6459780572552756,1.8947335309517
409,0.6217511314168069,-0.156125161543473
410,0.08872509748793891,0.11945728026673973
411,-1.2617429407549212,-0.0025398580273114637
412,-0.9047419715952498,0.0668577431304973
413,4.159929037558729,0.6055802292656073
414,-0.948179270981901,0.2864745362005884
415,-0.32187754727569984,-0.045211087507710655
416,-1.0499256939605728,0.036839134880966906
417,1.3265965992798967,0.2919879613595122
418,3.791116413132132,1.86403590532559
419,-1.0113036599870504,0.9359592703449622
420,-1.8112284159869834,0.5921205003687994
421,-0.032803048751601026,0.2659235480559338
422,1.7490126690441148,0.6610223797591304
423,-1.7212842178424257,0.07865988462574569
424,0.3131404547679403,-0.2513060513368468
425,0.9947721910428495,-0.4918901558972766
426,-1.0473319668339278,-0.17571958349803235
427,1.2065300057216397,-0.15716525046392676
428,2.0981420627741043,0.6452406436328859
429,1.3438510437063202,0.22966045113803174
430,-1.4672154683415835,-0.007547917508891033
431,-0.09980301794759834,-0.33746628198193857
432,-0.34027424524823613,-0.24546994416359735
433,-0.08216245898649899,-0.3850626192401997
434,1.1385557089856895,-0.3705668700264811
435,-0.3851171333314216,-0.41090718939103504
436,0.08456599306087408,-0.39300734044916813
437,-0.5396937024355137,-0.346748188872657
438,-0.3946730226263701,-0.39881598545655467
439,-0.16661816255813952,-0.4415884494323948
440,1.060431915731167,-0.30708535233274675
441,0.24726372706928706,-0.45748282495394205
442,0.37270627161235054,-0.47133027962605417
443,-0.2729859878040426,-0.4872225153634869
444,0.7847600976573973,-0.42489311059094576
445,-0.7423251356617621,-0.45599415400596494
446,0.0957861963283995,-0.5167508231717733
447,0.1190040288182377,-0.49771596338701607
448,-0.3046908932725837,-0.5297193458975217
449,-0.14483502811679796,-0.5584081610073068
450,-0.8968125468469837,-0.38681911212041714
451,-0.3852943740379667,-0.37098303583449355
452,0.20791764766367588,-0.48691702059871117
453,0.40095630505389324,-0.5164980140953712
454,-0.5995015339528431,-0.5262120726880314
455,-0.01659828346054886,-0.5356278743185459
456,-0.7885159928975503,-0.39666613225332253
457,1.1287691582689077,-0.41947274068629004
458,0.44814855746505516,-0.4505411904146707
459,0.6064961381145599,-0.5221844332337712
460,-0.41148907167041293,-0.5525730328010776
461,-0.3999648249028617,-0.5597767124187977
462,-0.41818015089133737,-0.5004000440247658
463,-0.37791972864867124,-0.5346523577795107
464,0.876991155655991,-0.46785614722784247
465,-0.4855673513844887,-0.5764680783063251
466,-0.49428777068470037,-0.48263020225641645
467,-0.37423214519728015,-0.5173116397375978
468,0.07572899471724373,-0.5459389403478238
469,-0.2730599975834833,-0.528317904322378
470,0.5698584404406543,-0.43793236711029954
471,0.12732742751992868,-0.6018155949323357
472,-0.5132462656638322,-0.5447515724458015
473,-0.31532467595430175,-0.45415898334393523
474,0.2296051633429935,-0.5398470406092176
475,0.46372494219898736,-0.5742646311088613
476,-0.48020767580330487,-0.5501611188280577
477,-0.23362464096030477,-0.5641849892515086
478,0.10215850980955313,-0.5541116487374005
479,-0.17788760666552134,-0.6012361520549054
480,-0.9039991678219055,-0.3628183769527073
481,0.3720370139138372,-0.48698612638755845
482,-0.29133862834592295,-0.46506218282818224
483,0.6674731383859899,-0.5230166009096999
484,-0.06925863036266951,-0.5358121150420845
485,0.16556291876112403,-0.5194388442185206
486,-0.13966455428140434,-0.5439477667063338
487,-0.32819429793338034,-0.5150936280435252
488,0.537245192440171,-0.5444810587911704
489,-0.10815057399419789,-0.5519668029783523
490,0.8473926074893099,-0.4736023147481081
491,-0.10442009863010278,-0.48905130979447703
492,0.17240989214911118,-0.5140548485469709
493,0.2176453111267419,-0.5676272303848093
494,0.13919454167528117,-0.531091921550698
495,-0.34056349103270245,-0.5470451386651505
496,-0.5312284171691228,-0.48458167627122956
497,0.07473543232469043,-0.5516102106663573
498,-0.5055170581227265,-0.4289143523398082
499,0.4097064707489516,-0.42733894063603917
500,-0.3393008809308563,-0.4459036457574563
501,0.013840659413210272,-0.5220957752960311
502,-0.03603089545288465,-0.538143465944167
503,-0.16123000564625303,-0.47394181529803564
504,-1.1498329606821078,-0.1568155503764393
505,0.2929965235066974,-0.32168213646855676
506,-0.8053781024386798,-0.4025101624728368
507,-0.9186931857895853,-0.06827472413850044
508,-0.6904019481945001,-0.32933801191984485
509,0.11090091587813962,-0.2885153274873939
510,0.2759103860360573,-0.2604584789216778
511,0.43695461725854773,-0.41025919870418154
512,0.09261456752694294,-0.4167805563041904
513,-0.18817213332313754,-0.5081475047532247
514,-0.7880496986481749,-0.3861642477316612
515,-0.207411286542492,-0.5128902305340117
516,-0.989879815217991,-0.22014482156599247
517,0.8612891609837365,-0.44868868688117924
518,0.42963463114309014,-0.48262610598817784
519,-0.1423569979467328,-0.5112879941104571
520,0.4563511018009476,-0.4857841843267945
521,-0.20849598204025915,-0.5573291905353384
522,0.035462899538098,-0.5889497822646029
523,0.667132645951753,-0.5129952334258935
524,0.06714993980504841,-0.5597674326501269
525,-0.3719117368917186,-0.5841508840343899
526,0.8572577770044258,-0.5430210745000905
527,-0.3441610462457008,-0.5208875815511245
528,0.12580889516928873,-0.5806737286630984
529,0.19664418529318023,-0.620145785362742
530,-0.03563720577769644,-0.5173962235676421
531,-0.24190261544664493,-0.5712997543749817
532,-0.38855501364948575,-0.5155676341611689
533,-0.36863788313465035,-0.5502371538403709
534,0.4599820898642174,-0.5712657873799003
535,0.3233757748306276,-0.5885112774619672
536,-0.02362035508033486,-0.4523092145233619
537,0.045577183378843256,-0.5207466719339644
538,0.18746260971268194,-0.5067958581115203
539,0.26936128968182677,-0.5814713384971867
540,-0.6298437561311792,-0.5067464529729349
541,-0.4383284468723634,-0.543670162256072
542,0.5154882013209935,-0.5923246305363641
543,-0.19272821858077968,-0.6100114306777553
544,0.3749118707536007,-0.4982355470478835
545,0.3538415674851977,-0.536836527524578
546,0.1198939450840371,-0.5036486164756567
547,-0.06837877931216886,-0.5320871573297915
548,0.427444623195419,-0.5805920233074034
549,0.6583506050547672,-0.4963737907557218
550,-0.4225813698986644,-0.4770608402606508
551,0.375504063982512,-0.6018591960130095
552,0.11128779044088817,-0.5115831961144012
553,-0.15721398470231437,-0.5101392384525449
554,-0.0034020882024282284,-0.5141728246375667
555,0.41642192293851704,-0.550037563870671
556,-0.7328943384695384,-0.46231053563261393
557,-0.21472157142218054,-0.5178433697815646
558,-0.2810261407890287,-0.45189308063960043
559,-0.1318896849295054,-0.5055424615101861
560,-0.0876963068435604,-0.5653797762235375
561,-0.34726480728113085,-0.5502417901344292
562,0.1398845094447734,-0.5007797274377365
563,-0.36016310059945716,-0.5418290537851571
564,0.017369366884716565,-0.4745469501473678
565,0.3636503918267861,-0.525146736177748
566,-0.3202004195906922,-0.4419997481209673
567,0.28775592076991907,-0.48347527435956084
568,0.07491919374400899,-0.5813309422930225
569,0.2572840846268287,-0.5682367339490756
570,-0.21397930325281364,-0.47296148350476974
571,0.3587281915702366,-0.5821807596811169
572,-0.37047736738911374,-0.515730447365143
573,0.37699704361320946,-0.6039100848906027
574,-0.27770842730257944,-0.5484115313045566
575,0.01282029746326581,-0.5572343187626043
576,-0.7460274426597435,-0.43305193964417066
577,-0.5408009773661123,-0.4940907278253223
578,0.12352017130388042,-0.45798310730354663
579,-0.49329451277302533,-0.46174913930175254
580,-0.09265886508590535,-0.4423893703074386
581,-0.15579412338767704,-0.3694624762201118
582,-0.6889402049985953,-0.3672384295569652
583,-0.2942438253858366,-0.29251092705051224
584,0.860507605183354,-0.4379678262974162
585,0.3051182136112232,-0.5621210091469754
586,-0.41141290734513164,-0.558369270509994
587,0.7172868082084364,-0.5470347554832451
588,-0.15852974165810862,-0.5143194962853839
589,-0.16306788482654933,-0.5785195795131184
590,-0.5286384954423778,-0.5391300527610801
591,-0.36707714313476886,-0.4733094837450553
592,-0.1126876759523109,-0.534160055018088
593,0.4585490547195821,-0.5504823697223012
594,-0.6628601670515574,-0.43614731209206
595,0.24529902543899915,-0.46732679411334954
596,0.10724124276711873,-0.4516807364894301
597,0.258948439158884,-0.560522337912994
598,-0.14331699065587636,-0.5206712234262127
599,-0.09900731411028271,-0.5052068171786834
600,-0.7041854107958734,-0.35347364968735745
601,-0.5435312951626184,-0.45412390144500775
602,0.09745974193344872,-0.26367889236461933
603,-1.4310726048944773,0.27324163854264455
604,-0.7139758497464096,-0.03906375590430666
605,-0.9484475125507656,0.4266937320748119
606,1.9430365739926403,0.19941025977362187
607,-1.2691111462527465,-0.1758473508754449
608,1.0157294735654654,-0.2102044726314215
609,0.8135502846825541,-0.20831885651043874
610,-0.7113103380366799,-0.12629252194533502
611,-0.6764396595525074,-0.3788306523710066
612,0.9061347953733538,-0.414912295021181
613,-0.4319169770925877,-0.42603035879020007
614,-0.6333640150277415,-0.32935982273221287
615,0.08933933815829594,-0.2729240810620855
616,-1.0616557567590503,-0.3369996812243298
617,-0.6952282193436361,0.016712733741353958
618,-0.9816277747827884,0.04433660667296962
619,-0.5618474753794103,0.1530903123711123
620,-2.4428386875178,1.35269414734323
621,-1.1730117092305772,0.9413931532500227
622,-1.5102947561490727,0.9015428383846669
623,-4.365493083976038,1.0875503263228867
624,-1.2593257960870465,1.7914306378544078
625,-0.3043648836187992,1.6027631133904883
626,0.7813885958648649,1.3518595962707014
627,0.261574390775568,0.7100851152749588
628,0.010259694631456193,0.1507002529671873
629,0.7065574744609737,0.33313951309990353
630,-0.7023985364470813,0.0710141700459229
631,-0.36751330261282433,-0.3065498312112042
632,-0.7547344856245272,2.7582433425196946
633,-2.355828466979723,0.6383687474105431
634,2.185809235115592,0.5645413241387438
635,-0.254545798448212,-0.04525112119649205
636,-0.2772874381244126,-0.14297237665753815
637,-0.8034073701809875,-0.34381941717597303
638,1.2202089327664907,2.1402729830636464
639,-0.0727901829358991,0.3658689293557427
640,-3.145888295832736,1.0083058702510423
641,-0.43394620082293867,0.6545723650148539
642,-1.1930343824158705,1.28325434946861
643,-1.946713225479265,1.228165634774807
644,4.090285674355856,1.0206145496051615
645,0.16627727368925718,0.2371375567895042
646,-3.542124645473555,1.7248858827253244
647,2.692901465756798,0.5788249421929464
648,-1.7352594407845656,0.3828732324148966
649,1.028371892836483,-0.04810954782912453
650,2.658181952180644,0.5500923168813737
651,1.637342071942565,1.4582584976522348
652,-1.7388374791021461,0.37433308728181103
653,1.6602416544309453,0.02923633929705375
654,-0.6363535865816646,-0.1737344247029537
655,-1.805933226609427,0.35375231268660284
656,-0.9053858399094284,-0.13796117352562987
657,-0.13578914261140132,-0.20120977894925968
658,-1.8032878691817877,0.22649804985001992
659,0.6424960531627443,0.20187447718219154
660,-7.131694989361179,3.960504045827946
661,2.1280481347081914,1.1234906194644751
662,-0.6828441695677133,0.4711748918476318
663,0.8825747019646094,0.38855606907900997
664,-2.6373123449480462,1.143690839778393
665,0.941584202737209,0.49283696171798796
666,0.3540423774176068,0.36911753286058274
667,-0.014538587137957528,0.16744661960767315
668,-1.5460688340434872,0.6353213532672756
669,-0.4372890761915037,0.45627996620058286
670,-0.464716160490069,0.13427673672358725
671,-5.197466913332557,7.086313188257371
672,-4.7268612083057215,4.892232668788271
673,-5.7709803730257345,1.6105700723858882
674,3.960182248691755,3.9459106192507747
675,0.15719496273627528,1.2552623563380048
676,1.0420826402426633,0.9752665518620733
677,-1.990698390924361,1.0069968615249076
678,1.4843058641948301,1.1206549259235594
679,5.129129575441484,2.9260326962839285
680,0.9872709723905561,3.11772230036063
681,-1.8811021919899875,1.082861462862742
682,-0.9404282544202348,0.3158149195483442
683,0.8146028269737159,0.5217560424181348
684,1.8645695389011319,0.3958864383252522
685,-1.8894002959899319,0.6934440420907245
686,3.1454925318170406,0.7876516353599204
687,0.9073837385157916,0.9392685084597088
688,0.23203755525090428,0.5617993380628645
689,-2.0431366981350316,0.4197551007113815
690,0.6892429357119864,0.045749510481355816
691,-0.44188788176497634,0.015567670215948282
692,-2.31743225643473,0.7252219636686497
693,0.48478097638673123,-0.1777420223918374
694,0.2920574522407498,0.07703578520452416
695,4.057924102531627,1.5343712750882283
696,-2.277660946178761,0.7882420599959085
697,2.2563554596486326,1.1624533182356882
698,-0.7878336295763936,0.7384729708536577
699,-1.3686252311091471,0.47514493520309525
700,-3.306792001603798,2.264224735290118
701,11.919135582936084,-0.5253252037953605
702,5.560716743958542,1.1648340003792161
703,-13.028533816398857,0.22038373355494317
704,2.4923235549229585,6.772408614365643
705,1.7068088189810628,2.468748907666676
706,-4.418949557552047,3.215016554675132
707,-0.33134329137411045,3.6683838759922978
708,3.968488617387708,1.3418948373059754
709,-1.861309572458416,0.402254261093166
710,-0.7788220825003774,0.03798997485906956
711,-0.20277384701483103,0.3693083283557903
712,-1.4652300126634046,0.36253848404582023
713,-2.094858771776594,0.5332478630244575
714,4.044538648042318,1.6285372362025765
715,1.3946435323070498,0.15636216800789565
716,1.8857790799045835,0.3960662221994477
717,0.010882774541890515,0.4335742767709162
718,-1.184341514150466,0.08180413562245345
719,-0.7450651320600407,0.11480695681114146
720,1.2828315536457269,-0.039710549382528694
721,-1.8400707995486671,0.10830704965482116
722,-0.586952482221581,-0.007888522378576568
723,-0.21609240887166836,-0.12650016858927515
724,0.07051311160703219,-0.16355371442908406
725,-0.23354952407154195,-0.23097450922694523
726,0.8213066220203228,-0.2953164103299905
727,2.0199950399163664,-0.023549502195249716
728,1.752280779483236,-0.009526220300896324
729,-0.9184835792665814,-0.20068905793988484
730,0.1889453747247144,-0.31786121549460056
731,-0.9055779258397704,-0.2683509715665314
732,0.04818692659145402,-0.46676500839902807
733,1.112756302944229,-0.25155394422089034
734,1.472876214764828,-0.22206359418317728
735,0.8903921061739987,-0.26861534888692173
736,0.10374431388886084,-0.3281072998259247
737,-0.39745382695410114,-0.28592507991515764
738,-0.8487207589502974,-0.130045132278001
739,-0.2749643230245183,-0.2274181534458088
740,-1.689736009068145,0.10626736234992572
741,-0.2056885614253615,-0.3282320839088141
742,1.3944907027899522,-0.09499196432684302
743,-0.8471703571854583,-0.27645847610414476
744,-0.2274941858841276,-0.3115853732155349
745,-1.318401885730714,-0.13261729735183703
746,0.9748643396204527,-0.2347705005965372
747,2.3078574444154993,0.08256238013387232
748,2.6712751646213966,0.6197111567737776
749,0.46061895908748673,0.015246833271601326
750,1.0077586985223856,0.11497355678284708
751,-0.7362978362390027,-0.11245130288042035
752,-0.891263938283604,-0.029216055748563344
753,-0.7065789148582603,-0.1845929753829224
754,0.06951459742288987,-0.46525289803779024
755,0.5690136905432284,-0.25650232361739156
756,-1.4498300628796663,-0.1521111843575746
757,0.2789465372664022,-0.36097560594639744
758,0.6771909692462569,-0.4222529548010447
759,0.8163077273245302,-0.3616490395368677
760,-0.18401197849544876,-0.28877559145419557
761,0.282415168844638,-0.30201228172047156
762,-1.8542176894341234,-0.03176411189787413
763,-1.0757453577188008,-0.09578220543191633
764,0.4175744612561352,-0.4296732539335029
765,0.44295308221881724,-0.4191231671709619
766,-1.7182249952473647,0.1987719949724412
767,-0.29383841738719835,-0.29761376706594156
768,0.3033102332023176,-0.33672368565301886
769,-0.6799894523052064,-0.32372307474719847
770,0.04640765325419049,-0.3377825261541099
771,0.5569587196575353,-0.29701645564317725
772,-0.22410449379341407,-0.3290600849143886
773,0.3072221668292562,-0.23435498011433936
774,-1.761958990876818,0.04411990158337398
775,-0.3675303064602789,-0.2014245866810891
776,1.2048202554279193,-0.1367207671067457
777,-0.06644281622395166,-0.40736894990770717
778,0.06008449586708112,-0.22227768356525796
779,-0.9697192880947773,-0.24913819028061945
780,1.4692179994309522,-0.18605122127737705
781,-1.013671746069165,-0.2549254840804799
782,0.1260728900388543,-0.4471132446155598
783,0.37449139219742433,-0.49316193651969153
784,0.4707843586976634,-0.347069480930708
785,-0.36150840920865124,-0.4938656419782055
786,0.7065495110033764,-0.2424164977194394
787,1.216534955122909,-0.19282449258400436
788,1.3469837370322995,0.2974340061330615
789,1.6655503356247339,0.6864993857584879
790,-0.4808686613228226,0.5439267152106151
791,-0.5561930412977386,0.2498397877776119
792,-1.1130851309421739,0.14850067447765647
793,0.8332523227237952,-0.01426198968894056
794,0.7844944502191123,0.8949727248775152
795,0.8653212766273445,-0.043729451061464295
796,-1.473971310914232,1.0631144673416537
797,0.3770904624832514,0.25798141342773284
798,0.5559683612944798,0.3294644196953738
799,-2.0558356152596162,0.28651090563242254
800,-1.6943443789630692,0.3904184303613551
801,-2.3666773621020543,1.0335373323412715
802,-0.34880654914331033,0.2942866673102039
803,-0.07401163612789914,0.34352114069104095
804,1.2219986688002131,-0.012028792634000378
805,-0.5512856498652606,-0.28172729202251146
806,-1.1973069687087885,-0.037411660035938404
807,-0.221226897218608,0.33843414884619366
808,-3.3774560245363374,1.1476224262784667
809,-1.0795900123287778,0.8745137771968821
810,-1.4545128570242831,1.0383023322179024
811,-1.8859622770520967,0.9462663957610157
812,3.2079676360005287,1.622941207321432
813,0.5731739115941182,0.34993545556137234
814,-0.878926025261948,0.05923281475002665
815,1.1679319917583375,-0.10823892877241223
816,-0.07232326603350797,0.8365932157948227
817,-0.5633403570355866,-0.0053912505424787115
818,-1.8372711680054994,0.40150443240906547
819,0.506203000782645,0.18753613622646909
820,-2.3756684844061753,0.45957742008207997
821,1.069323539853283,0.9367701873922835
822,0.35729223211428485,-0.23740127519626203
823,-0.6532232015266867,-0.27053715347688806
824,2.4688346088895066,0.18524885317039597
825,-0.23185407251071413,-0.3156279365230731
826,-0.6952100107485719,-0.26824745308688025
827,-0.8749002323896077,-0.03793350222897846
828,1.2989057157648853,-0.17652826398684002
829,0.18522472977932575,-0.5588804790027061
830,-1.4348547742770306,-0.1714805466073538
831,-0.34189981996105717,-0.17006295232929297
832,-0.8028171181805744,-0.09056229241752882
833,0.9486038215932964,-0.3227122589116637
834,-1.2643966095374841,-0.5385557191283065
835,-0.5364663400272658,-0.06696399000650688
836,0.09834729428468393,-0.44718057575066644
837,0.1829676202424871,-0.26620324866646333
838,0.9314898175756076,0.2215343979105966
839,-0.12787737484672734,0.024360814810419164
840,-0.6588766533938508,-0.12517150192607956
841,-0.6020574741572422,-0.22286489467994647
842,-5.993504214056041,3.6511536042336603
843,-4.3018655801404995,3.7692746414264726
844,4.981159726807276,2.780879056544328
845,2.716799006886198,0.813435455702711
846,0.9813858158500786,0.19750566042942064
847,-1.578642949821987,0.0180201049875947
848,-0.9530347019913717,-0.06143159831443733
849,-0.09881187260656393,-0.15157309669425623
850,0.2942724663666839,-0.1815336343679433
851,-1.4214882548684118,-0.008367525762958596
852,-0.5584668989213534,-0.006810556089386248
853,-0.312971531971148,-0.010764577169227105
854,2.843404567014264,1.3930142633482394
855,-0.5723816212217918,0.08426722067993105
856,3.4818538591300507,1.15390492365757
857,-0.788331241791698,0.36393214509773436
858,0.45507420278782046,-0.09009332992837735
859,0.9670877051640511,-0.15058291451872252
860,-0.4113757634499228,-0.17655397501851866
861,0.4467304417804355,-0.41280945063726354
862,2.601988034791032,0.3048994041762234
863,-1.8028513364295486,0.015600179954733364
864,0.8577926347621186,-0.19817497394077838
865,-1.1297480685886343,-0.12861101582408754
866,3.4913874355426917,1.6717441032862057
867,0.2542850680420653,-0.12702938419468496
868,0.8090752234429929,0.046283704675699484
869,-0.8898150329959826,-0.23986695462463603
870,-1.0880644318456796,-0.005222931626527193
871,0.12833560588777376,-0.29148024534678685
872,-0.3801506099396991,-0.20784816041210935
873,0.47947184490399103,-0.2937666499970004
874,0.10532292337634985,-0.4509940051698942
875,-0.7349250621296584,-0.46832470151753736
876,0.455787540088802,-0.30501644822134505
877,0.1358758787330137,-0.3637538093761564
878,0.2594360988180543,-0.2741797867968156
879,-0.9874694595615827,-0.2868538188390534
880,-0.4749858168139316,-0.236305231224962
881,0.8684108031862683,0.017158763096971293
882,-3.061732862892849,2.8527428009237936
883,-0.18780405278985504,0.05107428288099998
884,-2.997425026399096,0.9844917412708629
885,0.8961840935872529,0.7122619948794658
886,1.065167216800064,-0.05154530544575623
887,-1.2297240844640422,-0.13614187868845773
888,0.9724327987721865,-0.04908676587327559
889,1.3707909106000973,0.45308330725984886
890,0.586607881291168,0.31067683624960607
891,-0.6930439653565842,-0.20087110521555768
892,3.061418492526942,2.7923276412004565
893,1.1723693067850829,0.5815340043686951
894,-1.311465296337567,0.8393758721954057
895,1.3017231041267041,0.3052234140538442
896,-0.45144924594593056,0.2756538756618243
897,-2.2642259039175685,0.6382813544733537
898,1.8818245531934128,0.2764809763467913
899,0.13391175102228112,-0.15949891369025937
900,-1.1966266641415142,-0.03924610341366504
901,0.5738474428459728,-0.21242053692465312
902,1.9730785808507685,0.13053306212413668
903,-0.731499800737388,-0.17811043782241737
904,1.1210715189332559,-0.06729942093113575
905,1.618389623734871,0.43006571578873076
906,0.5421704771048167,1.0110463302257044
907,14.646682315118015,-24.14745603172905
908,2.701693397357708,8.156826419771328
909,6.40937418814192,2.7081591667748794
910,0.25970806862781876,4.6721566109186385
911,-0.6616754247628794,3.1473165313256017
912,-2.0444484467709936,1.7049400844795548
913,-0.9624614527421256,0.8904387374511389
914,2.0650618382675434,1.0456360701523004
915,0.30495105849432796,0.37028871576499395
916,-0.4463749478501234,-0.061444350440108986
917,-0.028229697213077536,0.17325627985337505
918,-0.10261547812784882,0.13089112229529043
919,-0.38797750741573955,-0.07612990797899331
920,1.9116771358695317,0.5639901243881861
921,1.5612122893643283,0.4478165262744123
922,0.8136428533496951,0.5034642073280077
923,-0.5311427436433087,0.14104233072916944
924,-1.3219801407093168,0.16035841800079625
925,1.1919889584783319,0.009247514953951121
926,-0.40260824234355863,-0.06639861037676582
927,0.42536672569843637,-0.26668542723439215
928,-1.2752846242459068,-0.015189583397740593
929,0.053218603949491614,-0.2520359318526062
930,-0.6204764757318809,-0.14146345943226796
931,-0.25162596654334424,-0.07795428799668266
932,-0.06100827578162501,-0.26934276634707044
933,-0.538508661753285,-0.21712011012749222
934,-0.9845317433879511,5.968175899606111e-05
935,-0.5327131432446154,-0.17822651057243488
936,-1.618617103157425,0.3583861558686195
937,1.2253395943777456,-0.09999600659443668
938,0.11979505006926415,-0.11465731435275726
939,-0.658624532129037,-0.2944816566619807
940,-0.22675121673146645,-0.29386041970902727
941,-0.041177369523521044,-0.17687702446210923
942,0.9361661702873764,-0.2643423468454173
943,-0.18084848176926335,-0.15395736103346003
944,-0.498386859424782,-0.3930499300811284
945,-0.5982245879761946,-0.13376900695492583
946,-2.451006703516013,0.5688149817054893
947,-0.6544153645324146,0.17340885761220243
948,0.6739154939437896,-0.13235629602303234
949,0.3674623534142022,-0.4275537664582793
950,-0.2657006462553543,-0.17139767784735654
951,-0.534385928280888,-0.23961934656371414
952,0.8618916026064741,-0.23629027225021637
953,0.8662118352822468,-0.32032795360196453
954,0.5288425611681062,-0.25459667091225396
955,0.7057110385375482,-0.29606690185571466
956,0.010844485094348896,-0.23903618023307482
957,-0.16460223609397548,-0.3673376180514954
958,0.6148961121162592,-0.2351870101153749
959,-0.5156545361299184,-0.2652427319006273
960,-0.7953488648312158,-0.23078366559320385
961,0.8745575842701497,-0.33276024798122056
962,0.021498491028022385,-0.27661021899758986
963,-0.818492689978072,-0.30088785456819284
964,-1.4376809796949823,0.5073729744065135
965,0.2389409974516658,-0.30552965942464233
966,0.47135243992032233,-0.08253328788187424
967,-0.14166241626655215,-0.25689644414718554
968,-0.6681962616173345,-0.1933281473067181
969,-0.1975700357465145,-0.3673678647873485
970,-0.08267995576356568,-0.359487347819245
971,0.8437340352166885,-0.19084219521929602
972,-0.09934205061728307,-0.32252913643798314
973,0.799660057443473,-0.2982394807065724
974,-0.14192033818644115,-0.2789484919605932
975,-0.9914143139787414,-0.04429084906821382
976,-0.3001572002018064,-0.49019246190942095
977,0.9621384493438213,0.14156706814726877
978,-1.260395323845863,-0.08931085985131909
979,0.1377945987343491,-0.32571411888358737
980,0.8970475787191631,-0.13854892764907867
981,0.23583319644204226,-0.3288187605932986
982,-0.20846374161747383,0.4802827339472732
983,1.9832146273581364,0.6312546912578055
984,-0.9723579535520452,1.8136394987962128
985,-0.7977804360427952,-0.0043388027725605426
986,-0.4254603857701714,-0.13580243295674888
987,0.9674001839276376,-0.1357487952076345
988,-3.926360736363088,1.9968967752249431
989,0.46502952113553453,0.1213323128869739
990,0.5131184907780793,0.18127969117450438
991,1.0789521113781657,0.024290359813662413
992,1.1427925705722475,-0.010881049691013077
993,-1.5754939464787852,-0.150564381780513
994,-1.9913218726727473,0.33160126627979547
995,-2.7646832130447963,1.3879983630101593
996,-3.2582510265273625,2.5931357886303257
997,-1.0892231768830987,1.2747581138072708
998,0.959050113309805,0.9059110609718255
999,-1.0870386723787517,0.7041664642241773
1000,1.613392831491024,0.4787944499622373
1001,0.8557788682667564,-0.04974263169977128
1002,-1.913311514958014,0.8949849920829789
1003,1.2643429151615342,0.07733426605642522
1004,0.4269999416649834,-0.19884372374539494
1005,-0.026156275854693795,-0.38213892218533346
1006,-0.07687973393052062,-0.2764871640767279
1007,1.8070293744202641,-0.14685950525152502
1008,0.2798142003587371,-0.18778730794309784
1009,-0.4421979964164612,-0.40920164704693385
1010,0.12828613326465563,-0.4238665999472179
1011,-0.8304162044496669,-0.17889586459132983
1012,0.0534383598145392,-0.42342322865002335
1013,1.054262504105421,-0.20899140859103266
1014,1.1049136839433764,-0.24653875444389095
1015,-0.9363382044304367,-0.3410527740672084
1016,1.1319000382077518,-0.33014382828672456
1017,0.2764313261304314,-0.35120116506679844
1018,-0.333552646823073,-0.4653409608685415
1019,-0.32492557470730216,-0.44269396995790616
1020,0.197317664213959,-0.4351243591740691
1021,-0.44745528023337006,-0.5172417884121672
1022,0.31082285596023834,-0.3990617805666578
1023,0.02206625211279283,-0.48701400598585914
1024,0.7859272737791353,-0.34007617398761925
1025,-0.7493183217657748,-0.4708013791288027
1026,-0.5567084523209979,-0.45222766013510474
1027,-0.18114713767805546,-0.48244068271233664
1028,0.7706172106430855,-0.4720078948829519
1029,-0.20354686057644503,-0.4410416489041326
1030,0.7518898471669287,-0.2523431804473518
1031,-0.88840914357742,-0.3704246312042231
1032,-0.09229391901390153,-0.4057844455782346
1033,-1.2144537844450773,-0.046736812475774776
1034,1.6955206502911462,-0.195826748659243
1035,0.41397817931153524,-0.35123548622370526
1036,0.7184667602508328,-0.04292804110873462
1037,2.243377598530433,0.13913427507908321
1038,-0.6966550437844313,-0.3692234529824243
1039,1.734682294142804,-0.231491755206709
1040,-1.0281732955775322,-0.133316980581611
1041,-0.44368652941747194,-0.3556686227382675
1042,0.6695503601266554,-0.4017487363304087
1043,0.5981155876462704,-0.3389753738036173
1044,0.39189039744164483,-0.255981188110556
1045,-0.036353335680571246,-0.45427381945972223
1046,0.6042683606946861,-0.3388084568770411
1047,-0.025334951863420194,-0.45915157153178976
1048,-0.712908914394453,-0.391837967114914
1049,0.26462287027964954,-0.571687361410637
1050,-0.5963326171670446,-0.4927647689556904
1051,0.6844271516598417,-0.44484736660708096
1052,-0.23303237427992304,-0.3792328876349831
1053,0.5548534035604612,-0.40666039724228303
1054,1.201091720136303,-0.07983591535949171
1055,-0.5598716939713204,-0.3723331912947409
1056,0.3738600911916856,-0.3139451238885872
1057,-0.2165154304267393,-0.23900292101849574
1058,-0.3718787907685008,-0.41509492213683097
1059,-0.5481965567290227,-0.36068123862482454
1060,1.4188030010032386,-0.21611996632611258
1061,-0.43470996543722146,-0.4194887594397885
1062,0.2746743709525904,0.7833607433089703
1063,-0.5119605328132333,-0.08779115139719199
1064,0.7518536888856105,-0.28612473906764097
1065,0.04166980475688497,-0.11078947265362697
1066,-0.5175497546017112,-0.3080570563453173
1067,1.8360279411284082,0.04344727635485907
1068,0.5619424341631453,0.019100670953226317
1069,0.6834814327158258,-0.2074606813708088
1070,-0.5145204474010086,-0.22196665273533434
1071,1.3561017928027324,-0.1713977689159688
1072,-0.024428720133919137,0.3559451029326688
1073,0.0004831111496184754,-0.26080389276211335
1074,-0.5398433953062959,-0.14070986910492267
1075,-0.6870106495143703,0.11993969567421754
1076,-0.17960293887522877,0.1175500582435856
1077,-0.3529685395955187,-0.3372262603541126
1078,-0.45387645923070347,-0.23787401353672144
1079,0.7829346488074853,-0.3280404029964274
1080,0.23510844881558693,0.20040302330720083
1081,-0.6628120227975461,-0.23126002886187436
1082,-0.6119776536391238,-0.033521847149256115
1083,0.46765447305036356,-0.10562332599528797
1084,2.797228148619082,1.367020433337347
1085,0.013337070642822682,0.08596414277034402
1086,-0.8844436915482944,1.0677910993614745
1087,-3.341435612969168,1.290948777054607
1088,1.7274371757587716,-0.011162564487003921
1089,-0.30883366734246515,-0.20997533972888321
1090,-0.28854308897303566,0.00108338174082823
1091,0.8697754607029912,-0.1718200756462968
1092,1.0308037210361118,-0.1881829901071036
1093,-0.0036519039680019613,-0.42703288536904127
1094,-0.871554351163133,-0.37226936909227304
1095,0.041768557273471084,-0.38150109319850434
1096,2.1768359873442,0.15165337679395624
1097,-0.6392123279221146,-0.2593733915357319
1098,0.5119191415716537,-0.32831892994231143
1099,-0.09605031896578572,-0.2825722560399977
1100,3.2887033196243296,0.962929634315886
1101,-0.19194844021135296,0.22426636037749031
1102,0.31332433999662973,0.01741041312360044
1103,0.1775925010550433,-0.1559874170087701
1104,-0.5701016005639765,-0.36864022543127667
1105,-1.1975909593512524,-0.1773304985932126
1106,0.9327479304555494,-0.33832115820799064
1107,-0.5145869595625024,-0.3231629654935936
1108,0.1739777799242014,-0.5447636821271004
1109,-0.039755141844228216,-0.4716792582369808
1110,-0.2618826214178272,-0.5118607210452815
1111,0.7643795988639144,-0.4368955921099632
1112,0.25754057668932545,-0.29720426064071337
1113,-0.3317127950345507,-0.496258316753558
1114,0.3410779243393981,-0.4772845677638675
1115,-0.16246149091144535,-0.38735383121328726
1116,-0.7696574377634696,-0.27749532619777983
1117,-0.015763217777585208,-0.5167698097725726
1118,-0.2361040662013685,-0.4556105682615832
1119,-0.026563308882185836,-0.48007672072388774
1120,-0.4140457454009494,-0.4702213840610879
1121,0.003502173961773045,-0.4730631971482617
1122,-0.7337560963275261,-0.4477955460887534
1123,-0.41398480863587417,-0.49575875002376574
1124,0.784024066886092,-0.48713340384211856
1125,0.024286217734601472,-0.4733992446655518
1126,-0.6685449856369411,-0.37933979872548423
1127,0.4531199120780149,-0.4439099717064829
1128,0.4691155502157473,-0.4308537688786233
1129,-0.6280826532371844,-0.4934815110204701
1130,-0.033258399492802876,-0.45978406580215836
1131,-0.6711487187517938,-0.4120864511947592
1132,0.49798844323758257,-0.5468276086682078
1133,-0.19693328208425662,-0.5287366116920075
1134,-0.3866152210309593,-0.5000340646851128
1135,0.2729077203231024,-0.5240476931483917
1136,-0.054165765802946686,-0.512417736781637
1137,-1.473339794167764,-0.10742881041651763
1138,0.5548857276979893,-0.5031777742473634
1139,0.31863179145555365,-0.563490059093245
1140,0.37894874670570655,-0.5045035087331726
1141,-0.3735273932244818,-0.4723790936463642
1142,-0.12616228140497104,-0.5655752852003035
1143,1.0475184207408097,-0.44647684915704083
1144,-0.11587998697538618,0.007275140270268356
1145,0.5778455667532832,-0.3891636377305587
1146,0.4139168533071922,-0.4378447651815014
1147,0.23073249578128346,-0.4135758989849239
1148,-0.07854701118553582,-0.4352837893465389
1149,-0.0434764989638938,-0.504888867993417
1150,0.8295309079867683,-0.26480165356757884
1151,0.15598210707980592,-0.3956888779817538
1152,0.5771921648340418,-0.35107552687251686
1153,-0.8636042152438599,-0.27400727271932096
1154,0.2786560015659581,-0.4146315402604318
1155,-0.20169634947520887,-0.41666722848197274
1156,0.5631801176308124,-0.26731317484548794
1157,-0.028284715431976283,-0.21579961139025783
1158,1.537560648157984,0.11156931372587861
1159,-1.6072935308281457,-0.004445522962631289
1160,0.12873716401293817,-0.31831008545791595
1161,-0.22885798847097633,-0.4232319827680961
1162,-0.35549016474480905,-0.43423427494767797
1163,0.1434671996090994,-0.45472882243342716
1164,0.5143167327865398,-0.525013085123266
1165,-0.12747624046433892,-0.47995060432224956
1166,-0.17075849947350893,-0.48608593236010245
1167,-0.02174801960215168,-0.402995658477931
1168,-0.8013601623040626,-0.3668391193165741
1169,0.46382027407242243,-0.486874296334535
1170,0.5141169095900556,-0.5696268603014631
1171,0.19957898688771575,-0.46389221814527015
1172,-0.359665090429377,-0.4449980496781306
1173,0.018873429022477847,-0.5460651829365604
1174,0.555342825750777,-0.4107856233190214
1175,0.2172888997838926,-0.4669129310079293
1176,0.4004883011308711,-0.12209034281972404
1177,0.17602815927110543,-0.4482263108564307
1178,1.069625456751514,0.005901234605498351
1179,-0.284031434989662,0.03297229138186407
1180,1.3311744888811647,0.26378157029266225
1181,1.1984825855222914,1.3394582399008368
1182,0.574137514031449,0.735101270034363
1183,1.407103985018169,1.1217412465988128
1184,0.15897144893943305,0.8007171511271599
1185,-0.15478044044043376,0.05171189241857586
1186,-0.6817103434697112,0.19147464910804313
1187,1.9467856329193591,0.3159058457168675
1188,0.3574495567790569,-0.002466455750256988
1189,-1.1378226182643354,-0.02603705425340502
1190,-0.4331461387321681,-0.059526863449545796
1191,0.33546047100212184,-0.2885574319421643
1192,-1.268473978694697,0.03258305001510832
1193,-0.04989933936125683,0.17113781931872046
1194,-1.1953927496975953,0.04063174946236345
1195,0.49668141014950884,-0.24054946059171256
1196,0.796156700657905,-0.31941107314185346
1197,-0.48695412552304196,-0.469077618447479
1198,0.4438268709700194,-0.4476800013475022
1199,0.801727054678283,-0.3432769400655172
1200,0.22984406454159728,-0.4783279355347092
1201,0.498181046319827,-0.35072498390232765
1202,-0.2124096947226049,-0.29801316111349546
1203,-0.49488779986173176,-0.07996721046714156
1204,-0.32904747115682165,-0.3930152875554621
1205,0.14109918255334222,-0.4868812378357737
1206,0.5860811598665602,-0.36026058239618136
1207,0.44425438032411335,-0.5404528349793483
1208,1.5981181943546847,-0.04125800181088736
1209,-0.8366252653607626,-0.20812475344654696
1210,-0.24701310779356822,-0.24265408827496948
1211,0.07621656844459658,-0.41093970873886726
1212,0.3350183702335239,-0.38501818495882845
1213,-0.30670842617409727,-0.38313591897294424
1214,0.6660311659967131,-0.5255634501573226
1215,-0.15068091704236897,-0.47023640606309886
1216,0.3517696229087961,-0.4599062005393174
1217,-0.8032350743342078,-0.5813307112677877
1218,-0.45646659235746756,-0.194789859272824
1219,-0.041455987582834454,-0.3663799023323085
1220,0.09704759357775554,-0.4719872193401165
1221,-0.03473663787990003,-0.37888709691708483
1222,0.5702680752971052,-0.5563992614150702
1223,-1.155841522750979,-0.22103993928607246
1224,0.38184571888937946,-0.3461421534797208
1225,0.7295046723609631,-0.41234969768564006
1226,0.694448342637813,-0.24315559502652284
1227,0.007706371881940082,-0.426395744679191
1228,-0.5865644886655351,-0.23549123027300484
1229,-1.8788240990061493,0.16736613479993373
1230,-0.24959017490845264,-0.32404906395976685
1231,-0.8768715632173795,-0.11145893048392173
1232,0.9629374849963956,-0.43945405914495445
1233,0.5542196415261098,-0.3931215941466472
1234,0.04395364835842175,-0.46244544522944914
1235,-0.5371514924777596,-0.43105173601848756
1236,0.6259796012267068,-0.41854296018607023
1237,0.08052094184644897,-0.37165676752795496
1238,-0.9650192551130172,-0.3311537753771126
1239,-0.18003332393927168,-0.4448463148682098
1240,-0.8374579657072369,-0.1493653215868861
1241,-0.7744802038818978,-0.030324337515427437
1242,-0.8892412176558304,0.005504345305363478
1243,0.845862451952276,-0.243921223727862
1244,0.40209664674405826,-0.3372520775943822
1245,-0.7389224299500136,-0.41560315948217497
1246,0.4484675703600502,-0.41828177270269656
1247,0.12353951425829234,-0.470486543417491
1248,0.16642726611591105,-0.48603249082646927
1249,-0.49284561916542835,-0.43474583293274005
1250,0.5824528726121119,-0.47767286307657436
1251,-0.38854013358635453,-0.5123480664016307
1252,-0.9004669781631123,-0.3060027983063468
1253,0.014676859808940299,-0.5037187204791137
1254,-0.5603161382091559,-0.3081387875908352
1255,1.209586286586451,-0.2986288015646591
1256,0.13074848327004754,-0.3466885279223377
1257,0.610577111409938,-0.3370131527941215
1258,-0.23647374831896664,-0.4134768679989568
1259,0.9888007085439322,-0.2831654082714893
1260,0.37606591830002684,-0.41653834487067737
1261,1.2065928858303694,0.4756480428578792
1262,-0.6886535651681001,-0.27182530716881864
1263,-1.0152025438326893,0.025857305176273535
1264,0.21217056923919173,-0.25785661684768996
1265,0.5683342749073724,-0.2624593805493817
1266,-0.15360999343775944,-0.21445805735367984
1267,-1.1343428866981282,0.06413209076889097
1268,-0.44740489513563797,-0.21158719329658188
1269,0.2652926585620033,-0.18667847633117574
1270,0.38438377167536597,-0.329595091017244
1271,-1.294271436183533,0.03762233049184953
1272,0.24389508125542014,-0.43068287304592073
1273,0.3538936377837034,-0.5243854105866644
1274,0.4327526248934214,-0.48650146710137604
1275,-1.889037142177271,0.05261533723669902
1276,-1.2805707742134582,0.07173398542160328
1277,-0.9206437475351821,0.48802432142171853
1278,0.6213184535507972,0.007569260578517808
1279,0.22633140161325294,-0.3466677471104884
1280,0.6300810248419648,-0.23297801642367266
1281,0.22160656927714587,-0.4098923211125674
1282,-0.9700108953904679,-0.15677051456188618
1283,-0.08815811937452354,-0.3479751387969207
1284,-0.17600994513608062,-0.28154725716944523
1285,0.6160267365623047,-0.4919929946537095
1286,0.758840508388621,-0.18868932053560983
1287,0.8249810377065296,-0.2617850186782187
1288,-0.5327255888758269,-0.3018188674392376
1289,0.2918404692257709,-0.5082135267493396
1290,1.1012572847854092,-0.3769523068907452
1291,0.9091151738021532,0.2527372491915172
1292,0.6495112757475006,-0.2479146038991104
1293,0.09854543927541524,-0.1617456731908311
1294,0.29331377021457394,-0.27067793543984375
1295,-0.8297413505606863,-0.34545309794142504
1296,1.0256462050424136,-0.25971397618350417
1297,-0.6659031771637204,-0.40096254088256433
1298,-1.0830830357883172,-0.23587907009172165
1299,-0.3421979929938985,-0.38767414528519606
1300,-4.8051411518378675,1.6554526383317574
1301,1.5606824251479576,0.35394811743014454
1302,1.3755546172271966,0.014860935365766475
1303,-0.437758847098122,-0.4134008236792863
1304,-2.476775200248469,0.44043121103617744
1305,0.16135900591603278,-0.2844402573880496
1306,-0.4173112880516112,0.05938271279578029
1307,0.7931319618772364,-0.41623079679269176
1308,-1.5006056799285337,-0.18967157290053482
1309,1.3726390413247254,-0.38066364059087926
1310,-0.8243595179553755,-0.2703149021132348
1311,0.38720398675816237,-0.3894330174285444
1312,-0.7426267737946699,-0.2868899526916192
1313,-0.0007540752545762966,-0.4675506269265771
1314,0.9281863849929971,-0.31428791925273447
1315,0.47843296334887614,-0.5277573533637958
1316,-0.6904882065051696,-0.4351382357842678
1317,1.0478931632668158,-0.12575365717390616
1318,1.5189155375337782,-0.33726821493893117
1319,2.541513293127897,0.2994154824346466
1320,-0.20553176332514778,-0.2455165086367248
1321,-1.5801770240997899,-0.10072579972870137
1322,0.32975213815143023,-0.33171554916516693
1323,0.4217686788498314,-0.4840493618444273
1324,-0.32278127234896165,-0.33210002481400436
1325,-0.7563992993543964,-0.3509641571412413
1326,0.4848501051673053,-0.4246388763879121
1327,2.6804470311858286,-0.2179846034550591
1328,0.5687445836513719,1.137476944688569
1329,-0.5346533505548831,0.02876070177507279
1330,-1.2110144890329282,0.05459941608280243
1331,-0.21901126935301896,-0.1997170292803857
1332,-0.13177161925698747,-0.46178369715696244
1333,-0.5090075445171754,-0.36310342513815014
1334,-0.1912711880028133,-0.12342795041356702
1335,1.3694820027057355,-0.26439529768743186
1336,0.6576009819643104,-0.308810703969832
1337,-0.13341917274738088,-0.41933992859463737
1338,-0.5079904322542695,-0.30199357402914123
1339,-0.041730897641737354,-0.5175240988251489
1340,-1.5925720073063137,-0.24704610720042391
1341,0.6925104179337133,-0.43436797297095603
1342,-0.6952107176165445,-0.3437074701845387
1343,-0.3733880294466739,-0.4825399587850117
1344,0.6384809977843807,-0.4526870210919973
1345,-0.19860898162786467,-0.4749638667251303
1346,-1.351547193055488,0.09407437733545608
1347,0.8064779090833843,-0.21988088464528927
1348,-0.02337536742431196,-0.3939837273871463
1349,0.743154506856693,-0.4735364453648504
1350,-0.4153562592957857,-0.32925816373887157
1351,0.46851418512586707,-0.4574321574250744
1352,0.7530649493493032,-0.45283563023256374
1353,-0.30724159479936186,-0.4678885290287237
1354,0.40768110310418776,-0.44619280556172936
1355,-1.4839617275762256,-0.2688429271606848
1356,-0.5684113579118028,-0.3905672854193467
1357,0.3658426713997059,-0.3814236135552047
1358,0.23136077936470903,-0.2294520087537364
1359,1.127423317377315,-0.08264683352966529
1360,1.0372071583994091,-0.058314960780210576
1361,-0.17156181657453604,-0.2654794643134122
1362,0.46175530769865497,-0.20533988842836265
1363,-0.1752451821348522,-0.16249193943136486
1364,0.007003083928926984,-0.34261724086413853
1365,0.5330463160323929,-0.4605949835156592
1366,-0.665390675283629,-0.21442926136684332
1367,0.7682405694054222,-0.3763299331650533
1368,0.19406863090285023,-0.42234509409563376
1369,0.06105337391754205,-0.34098541948186806
1370,-0.23274334862853538,-0.2733193222375453
1371,-0.6650910420936172,-0.34969798242924627
1372,-2.3800101399661453,0.7065802156959085
1373,-0.14980363396747742,-0.03523394865591352
1374,0.7579987424981429,0.15017552583416277
1375,1.5658637430453084,-0.12187437981313402
1376,1.3631268609990075,0.11401823136085987
1377,-0.05565519052194275,0.20587046635172607
1378,-2.5548320103256614,0.948467390031811
1379,-0.48591437341625715,-0.2060003801882343
1380,-1.1377715277132128,0.854200937364989
1381,-1.1365470996681564,0.43123063225952907
1382,-0.180275474584458,0.15361826925077948
1383,-0.018029862926067196,0.0658118523474181
1384,1.9290017273950628,0.17754994993158063
1385,-1.3843229057137836,-0.16410211003366787
1386,0.667382381704907,0.16943403566502474
1387,0.6563407722570072,-0.3613652474754928
1388,-0.22215429037091916,-0.4618383409718034
1389,0.9553255520601109,-0.4131439223770187
1390,0.24041477509434944,-0.38150850068782594
1391,-0.2781426602889224,-0.4517633666990611
1392,-0.055942170492601195,-0.5271340175844533
1393,0.3455772315028167,-0.4494311794206776
1394,0.5462103353020034,-0.3412294857438515
1395,-0.3253477918743726,-0.4224829570073158
1396,0.10343602601361927,-0.42445369720772996
1397,-0.5219217637244518,-0.3485201470935391
1398,-0.3232944124467543,-0.39321844149332424
1399,-0.9596698655510467,-0.3135590141393981
1400,0.04129780786882334,-0.4829964274749876
1401,0.6316919931573811,-0.4930145840737809
1402,0.18556306390234478,-0.5466951820332133
1403,-0.6755611103142566,-0.4352026670685013
1404,-0.8406001609400314,-0.25991621670229703
1405,0.7884092186906148,-0.4941640502063143
1406,-0.4830433007714766,-0.4820103443180781
1407,-0.3317538950895648,-0.4628315289905456
1408,0.594075512662265,-0.544557986858467
1409,-0.43715654313157504,-0.5309547878726014
1410,0.29945574456110746,-0.5051204269684386
1411,-0.06478965985296871,-0.5386713187024769
1412,-0.7349973787691314,-0.4512884557123134
1413,0.3827010395111825,-0.5413169444739676
1414,-0.8180091202877757,-0.26236656351942994
1415,0.803727248658817,-0.41506697869966025
1416,0.6656131261794694,-0.5141922610934372
1417,0.17538273925938805,-0.4701967761908528
1418,-1.3292501827610552,-0.30004129352989767
1419,1.3881037933459077,-0.4100202448334643
1420,0.19708066201964766,-0.42567003462261865
1421,0.22638276859086034,-0.4382995300704334
1422,0.4455551887623201,-0.40628445700391047
1423,-1.4956650711585062,-0.2839876942650263
1424,-0.11232343412125505,-0.3658836366754902
1425,1.1777575943409657,-0.37173834343780365
1426,-0.24218599867630997,-0.23991649992456515
1427,0.6191408832372982,-0.27175687968817336
1428,0.36760225534797875,-0.41405565534614736
1429,0.5342872830489824,-0.28788987159506213
1430,-0.6989299802381752,-0.4593491577468364
1431,-0.4725718403919904,-0.397470919459277
1432,0.6502787453873947,-0.49445927906613313
1433,0.6654370357647803,-0.3268709091368858
1434,0.4141102282568594,-0.40562492747007034
1435,-0.4020878507576184,-0.3787216198147119
1436,0.8153898172058265,-0.042222801052227296
1437,-0.8629404524261246,-0.411249757298527
1438,-0.3689430683658831,-0.37554271970653336
1439,0.11487133361127225,-0.4857489890729574
1440,-0.04629638677254563,-0.5682124151565895
1441,-0.5038465368226857,-0.4803323144831209
1442,0.7576185666988978,-0.4930480660276121
1443,0.6264065093533612,-0.4804046105949322
1444,-0.059337494320962546,-0.46296128822320637
1445,0.045998023856982824,-0.5606955061894067
1446,0.5356298681985691,-0.22918789534242473
1447,-0.23437685418338602,-0.3962926922770734
1448,-0.13177669319960067,-0.36256061560697533
1449,-0.048069392347404136,-0.3897899336529287
1450,0.6970055959986593,-0.19770732229694304
1451,-0.07724205542950076,-0.3174620751434753
1452,-0.5171089187152565,-0.33267320576237447
1453,0.7336203668929135,-0.3648565299562487
1454,-0.78637901136303,-0.5014329396980441
1455,-0.2591630548823399,-0.15515111784125662
1456,-1.074412116468734,0.08705411028931963
1457,0.5599910715700611,-0.31805468278779436
1458,-0.358801114113683,-0.35467803143844684
1459,0.028486388850963745,-0.3915060928510985
1460,-0.0808757635036296,-0.3984748561682044
1461,0.09025739631666455,-0.411188317983819
1462,0.5374168858769782,-0.37314908726381196
1463,-1.0888707139589648,-0.29210461770288915
1464,0.22493021325156584,-0.46833970690765453
1465,0.9350957154739481,-0.4160911726327145
1466,0.051642945242582255,-0.39349988677715814
1467,0.2622160654124022,-0.42022889182530104
1468,0.9066378105360277,0.36834191670888733
1469,-1.668158521344666,0.9308819805357037
1470,0.3614017069837802,-0.014394588882077858
1471,-3.548879176900865,1.5651372820680356
1472,1.1909724913048543,0.10593349154881504
1473,-0.6480596638481887,-0.09252903306463445
1474,0.5351155927798836,0.023740215832660026
1475,-0.08039658439157887,-0.3110940661333574
1476,-1.3832838031280164,-0.04212296315481925
1477,-0.07392085499522522,-0.050138032376512494
1478,0.3598254789224456,-0.20198951537492743
1479,0.36888195700761023,-0.3767023511956059
1480,-0.26355581017599883,-0.48634851346663005
1481,-0.6199420943218867,-0.4089525632756545
1482,0.5497030369867655,-0.43412875586386296
1483,-1.3872981690309363,-0.14925551957275102
1484,0.5306543396204226,-0.33134136648587675
1485,-1.007675924726713,-0.07646027917653984
1486,-0.024551514447949507,-0.28400468443496585
1487,-0.6669327856592422,0.0458600131933033
1488,0.8653439358778068,-0.4219148637394044
1489,-0.6535579392740732,-0.3382771770635088
1490,0.1011630812903855,-0.28365743350542816
1491,-0.45430937937365307,-0.3069123031013216
1492,0.06673499315249187,-0.4810703073870416
1493,-0.22053901633738493,-0.42398408947421057
1494,0.6069926775227723,-0.5084708143885703
1495,-0.41548367285406496,-0.36612171086931633
1496,0.049302752376574485,-0.5047563070080371
1497,-0.5433126597746551,0.10450571782489967
1498,0.032211387509043746,-0.4187020214358564
1499,0.43031548029223543,-0.3473261558238978
1500,0.29186521383600644,-0.4233719981251566
1501,-0.007283065247389381,-0.5178600646398651
1502,-1.154280955792255,-0.25407921727232946
1503,-0.26913571668312103,-0.3579459979442865
1504,-0.04049341391344051,-0.40954804358197816
1505,-0.46079935481591905,-0.1418102923375127
1506,-0.08119152537230831,-0.4504723062811428
1507,-0.08113166015384944,-0.4479281913382404
1508,-0.7078792840336349,-0.14845966290748147
1509,-0.04172555797007024,-0.2810890987870821
1510,-1.1819810678741125,0.1674933457085908
1511,1.3934145123722423,0.14929713842848769
1512,-0.6915202328701965,-0.36596919410332884
1513,-0.8785729912486515,-0.4153508540636031
1514,0.8497761087474954,-0.2320339505370861
1515,1.126626828271619,-0.14777609712903694
1516,-0.29371743480417184,-0.3834936813583384
1517,0.7116107989565602,-0.438867603276766
1518,0.5396041207412365,-0.417346947495977
1519,0.08534824951374012,-0.3785441831658091
1520,-0.71280009101736,-0.4664355585084461
1521,0.7918763881388884,-0.457031924377719
1522,0.37962873135262754,-0.5136074636795174
1523,-0.47249149688124753,-0.5228041694794782
1524,-0.2854506378959463,-0.5145059317050039
1525,-0.21579497345496268,-0.5223990535328759
1526,-0.09801858430720042,-0.46083349225801573
1527,-0.6313016540562433,-0.3849919053375141
1528,-0.46616883345121574,-0.3682729581021432
1529,0.7628166696956153,-0.42200182422115895
1530,0.5667454946139816,-0.45421993513356684
1531,-1.8014013963884485,0.2828460910148498
1532,0.24837995119456416,-0.36270580157086785
1533,-0.32370267887150533,-0.3277362098232114
1534,0.5440492015502865,-0.4180995272755569
1535,-0.16308256992129183,-0.4511302267786003
1536,0.31916703140723446,-0.4677992917534573
1537,0.12360440743587363,-0.4417138104296145
1538,-0.5027446948045028,-0.4503049799904371
1539,-0.8364379233773444,-0.34287301174531865
1540,0.13138863013755442,-0.43275011133486496
1541,-0.328539929882899,-0.40222746257461267
1542,-1.1242478358419745,0.018461894517682594
1543,1.6732309660229325,-0.012315799493625063
1544,1.3577409081778353,-0.07387506931889286
1545,-0.5756907622121711,-0.30844359419122336
1546,0.21010743471018453,-0.40177824262420475
1547,-0.35905166061157084,-0.39211209922457196
1548,-0.2845223358553403,-0.45520446970579087
1549,-0.9271711478464706,-0.315821126642159
1550,0.7789122346820846,-0.45327645660122495
1551,0.6792160454505592,-0.37709408691112606
1552,-0.15803972393161128,-0.4978976993664479
1553,0.2893330843210919,-0.5093184990664094
1554,0.08351347634102417,-0.4660642550066755
1555,-0.6463727901456688,-0.4355069651820697
1556,0.6272348829104992,-0.42564700186929777
1557,0.32635806026023584,-0.3107246895589737
1558,-0.3387376581886445,-0.47594125264826415
1559,0.895619080148642,-0.3238680532812598
1560,-1.122401132198659,-0.3006799222017974
1561,-0.705609286518361,-0.30800020573492254
1562,0.02640150247415735,-0.3692503524347735
1563,-0.30516302338092394,-0.27933272871816295
1564,1.3719448972957342,-0.01755535988236663
1565,-1.4219599570128145,-0.09635278077371305
1566,0.9998562548604354,-0.2922246319825899
1567,1.7267574610411764,0.015576259565391843
1568,1.2845688493981484,0.16965202442745908
1569,-0.3844555246885703,-0.12777634844004238
1570,0.5993433831939645,-0.04439730749920111
1571,1.3796588864113895,0.36101898188658466
1572,-0.6644296390785872,-0.12035110532150436
1573,-0.6956893614320946,-0.39110339865028115
1574,0.5390852101915419,-0.3933854809945391
1575,-0.8838041274205796,-0.22493747991080026
1576,-0.2561009529670502,-0.2531494824882954
1577,1.1784521363030862,-0.17005981104899387
1578,0.4912592832211204,-0.3422953933877226
1579,0.8882911202772067,-0.23575144429034245
1580,-4.063977938777559,1.5268776262475332
1581,-4.9433671915676785,2.576429886610145
1582,4.424596037083435,1.6388195159113277
1583,1.032296117116779,0.08580210797507615
1584,-2.250094362689524,0.29118366173226196
1585,0.9333732848044654,-0.17699293256284038
1586,0.5103859737695652,-0.3279850721505281
1587,-1.5459819343478276,-0.01691323269556856
1588,1.380572192253078,-0.22408272806956114
1589,2.115379317909617,0.7675775194393837
1590,0.5152089774549189,-0.29485254319908594
1591,0.6878794815353055,-0.07038150102052221
1592,-0.9620605467716816,-0.3475712814791779
1593,-0.7448146640860661,-0.3298465987845097
1594,0.9129342939921385,-0.06720364709978247
1595,0.5441051542072043,-0.3796437810140559
1596,-0.4260167128905898,-0.4173256057200205
1597,0.2525014730238861,-0.501394558070906
1598,-0.5948411306170021,-0.40385833237629054
1599,-0.23628202611070453,-0.5377397104734625
1600,0.5533162818995838,-0.5675302561258131
1601,-0.21717427640944945,-0.5920543456457903
1602,-0.777992445180327,-0.4690873923037637
1603,-0.4665899458430779,-0.5305733925303756
1604,-0.535600104035751,-0.39031704626534314
1605,0.04524498107836944,-0.46502486486047734
1606,0.02075822986124667,-0.3983003896139251
1607,0.04667784791537783,-0.4025852883895712
1608,-0.056702319485693785,-0.46032816457131315
1609,0.5695864065205886,-0.5218404558680285
1610,0.4599744551088039,-0.5031701110667989
1611,0.41029190397180665,-0.5172116310309911
1612,-0.3769807205023568,-0.43950527265881273
1613,0.23330123034547534,-0.5407348665406237
1614,-0.934125598796976,-0.44174498484533087
1615,0.21884583565725388,-0.4620938442214391
1616,-0.42933436345239945,-0.5038135605978215
1617,0.6064798556023138,-0.4926336866609623
1618,-0.3411564781085283,-0.5089680549664681
1619,-1.513740578387942,-0.30182082091147727
1620,0.29694582825378185,-0.559189840867908
1621,0.5042759831128408,-0.5199758267027643
1622,-0.34273634062698727,-0.4462250240780905
1623,0.4021534821021223,-0.5274134231685825
1624,0.20840013402163343,-0.5176622716440171
1625,0.6747850461786541,-0.48465541300125553
1626,0.37560874756093554,-0.48687890371518455
1627,0.1671045886101544,-0.43001143484514437
1628,0.9122285973880434,-0.3185363414513633
1629,-0.24011635749916516,-0.39680945756694813
1630,0.11405030078728115,-0.4350339364938502
1631,1.067637250975263,-0.30930571656229133
1632,0.27052678241976874,-0.10742665487316852
1633,-0.04465538985713221,-0.24581770267053638
1634,-0.3018635213986486,-0.42375115181940887
1635,0.8068550359138005,-0.2844586492506864
1636,-0.7680517248505926,-0.28437993026479796
1637,-0.2445503526684339,-0.4740709696948374
1638,0.2519244101386632,-0.3895720287201665
1639,-0.5254783147418176,-0.4724374902494246
1640,-0.0887292930475946,-0.4310583189485406
1641,-0.5822407199660766,-0.4030727581825319
1642,0.06388214261994661,-0.38649055058634924
1643,-0.22141386073340175,-0.4473339369688859
1644,0.7144679858390236,-0.36422785694571314
1645,-0.24230974288333512,-0.5360616938408808
1646,-0.9553581753655594,-0.4421691944061422
1647,0.5758957385384003,-0.4632777759715308
1648,-0.28153269817713866,-0.5749841024207295
1649,0.3514797145998562,-0.5944810110257547
1650,-0.2275323598868899,-0.37680031066879616
1651,0.6158239210965947,-0.5456283830050451
1652,0.6127378658767533,-0.49702492816766675
1653,-0.43554372324128415,-0.47847234690062834
1654,0.24780951274249474,-0.20083598749440973
1655,0.5554120756610904,-0.41935491118510937
1656,-0.07868043294437962,-0.34227342196937416
1657,0.04274598760638043,-0.45015911309303075
1658,-0.6253364920515222,-0.32916452062548496
1659,0.048646535428005885,-0.46717667976409183
1660,-0.2195853983387082,-0.3831847743567368
1661,-0.3112268905004381,-0.3821916873601917
1662,-1.1636221371922761,-0.13661122370879464
1663,-0.7660273313583337,-0.23369759924307204
1664,0.41458066016231815,0.07510840404262059
1665,-0.4248869676027594,-0.324378058603728
1666,2.110548452882548,0.08862597731571017
1667,-0.7271926796531712,-0.25097409657200803
1668,0.7470854082194094,-0.3473782503500217
1669,0.022330544421637868,-0.436872662050514
1670,0.48098510334720357,0.28589115390518977
1671,1.544195275352522,0.03275503573019231
1672,-0.7723268159855778,0.04547387192612349
1673,0.6142065948940955,-0.3501071476294116
1674,0.31228077329764475,-0.31616322872655445
1675,0.0032072445890713444,-0.41801927230261987
1676,0.2627305813080677,-0.2502543360241434
1677,0.14588063815453453,-0.3902498884538879
1678,0.35632377603504045,-0.38210208197192436
1679,-0.047150013473632964,-0.3972184530802723
1680,0.2250901924439978,-0.5312051966756024
1681,-1.726766445298186,0.025867850086298612
1682,-0.1910283257726437,-0.42791487900036473
1683,-1.2816865103596453,-0.04025755064757451
1684,0.3265928818673109,-0.24987204821626713
1685,0.40302386961735404,-0.361619193392204
1686,0.9393779118457173,-0.4595671505127414
1687,-0.0027566651628168877,-0.5276657597446766
1688,-0.22249182215764543,-0.46213360965457745
1689,0.32693814383360265,-0.4698540748658758
1690,-0.3156206127796725,-0.4024849508608452
1691,-0.40851777668625433,-0.4854086732180196
1692,0.22455878782302363,-0.5255711526066431
1693,0.24134725787221173,-0.5922357799687806
1694,0.19043498158398914,-0.5969276944522672
1695,-0.30982295248757535,-0.5393003056618624
1696,-0.3902324843238053,-0.5222171942139149
1697,-0.9391223661689847,-0.3879572396079014
1698,0.8605601763006379,-0.49618113784738116
1699,0.3685710557847826,-0.6007045881680476
1700,-0.4067383323201481,-0.5606366789289772
1701,0.20595942367667772,-0.5436256649837091
1702,-0.25207603839747367,-0.49130026232858276
1703,-0.10422077076579105,-0.49277300684992953
1704,-0.44870007217113594,-0.5093560735708398
1705,-0.3272022992667528,-0.37103959549107624
1706,1.1353093783294457,-0.3346337237935015
1707,0.30039914179074034,-0.4524034051295573
1708,-0.8842178836317669,-0.3408073521990424
1709,-0.04842389637263539,-0.47729287094852957
1710,-0.4788832725764932,-0.44184073904942145
1711,0.6719821176661747,-0.5401445182907939
1712,-0.025221585195876424,-0.5203451097208387
1713,-0.04294404722151748,-0.4464483361306022
1714,-0.4639484648761065,-0.5074659600580615
1715,-0.26672593958840984,-0.4942112950823745
1716,0.6385874617859416,-0.527108801909186
1717,-0.09739129842601318,-0.571097970112899
1718,-0.7677535762365482,-0.43947880154431934
1719,0.492970613123694,-0.48156802160719636
1720,-0.04673803520287166,-0.570957635723861
1721,-0.03163832639015246,-0.494291003165799
1722,-0.3267718871246207,-0.4831843635209583
1723,-0.2524705182756461,-0.5634598642583097
1724,0.46051129602284413,-0.5730837786295884
1725,0.4169989229533646,-0.5463854285867401
1726,0.0027499582495238845,-0.5108087267390714
1727,-0.1917752461727228,-0.47508470800163355
1728,-0.2750412620489413,-0.5152515875934951
1729,0.30113576287727606,-0.4289278386598439
1730,-0.6148515093084289,-0.43972490409798654
1731,0.13963503348015416,-0.40860097316855615
1732,0.5106995503179426,-0.45580213534052266
1733,0.030679022653857524,-0.5166406382320707
1734,0.4128378587749021,-0.42866432082301364
1735,0.12338828344895376,-0.49450428047600864
1736,0.07922332770078998,-0.3654325705475998
1737,-0.5410128367941613,-0.43350493558324904
1738,-0.2585368368744359,-0.4692987632555238
1739,0.12996527186790882,-0.4671441177100362
1740,0.2553674885639508,-0.47653184105975616
1741,-0.22648239861499983,-0.4431798189272677
1742,-0.1011536489438383,-0.45098173701983535
1743,0.1598679647613609,-0.4685474028742953
1744,-0.3740662701173054,-0.5503420546255893
1745,-0.1505767596170553,-0.4658067575232596
1746,0.36865862386516496,-0.32196482325313897
1747,-0.36524659483852984,-0.44641871425662755
1748,0.2526028662335392,-0.5268957572700055
1749,0.45011317150083396,-0.5123937829976547
1750,-0.1325980019875813,-0.5234609514897219
1751,0.18223623640645187,-0.5373709877709011
1752,0.4813292478741878,-0.3835440895869709
1753,-0.2906406780519497,-0.3112768487180833
1754,-0.558808950763311,-0.4018419270801508
1755,0.147003486857639,-0.5017591119312108
1756,-0.24163723292819952,-0.48458716549483355
1757,0.4698899857249299,-0.5597471297201904
1758,-0.24123184819662058,-0.49132598031786945
1759,-0.18498366957002335,-0.461028734647272
1760,0.3436777752274952,-0.451261167786156
1761,-0.04655517396872531,-0.45819195701293924
1762,-0.6251247091579836,-0.2001641329955508
1763,-0.373516177342432,-0.4212005135486409
1764,0.161498137267616,-0.5057015881018421
1765,0.19557407426716367,-0.5794025967496569
1766,0.35907097949701866,-0.47832554158560575
1767,0.1029217764044328,-0.4280791364670933
1768,0.058451057644573444,-0.5027521917943905
1769,0.1095897363794451,-0.5556363009321185
1770,0.1674114717197352,-0.5148397929793557
1771,-0.248877471851301,-0.442111756648403
1772,0.607777345617445,-0.4699789131293537
1773,0.12718241107500802,-0.43833842203540746
1774,0.10376057369986967,-0.4818400804094084
1775,0.20719771852776225,-0.4639974981370567
1776,-0.005882797094040257,-0.4833875612911587
1777,-0.2184165090439729,-0.548662658225362
1778,-0.036221276686036925,-0.5621034812940029
1779,-0.035487885416580225,-0.4924397940083777
1780,-0.34547672635273435,-0.49081127372789096
1781,0.09408136406743986,-0.5941320536100412
1782,-0.0528150323215803,-0.4506112556524553
1783,0.006016178860602198,-0.5882042036231284
1784,-0.30116260984564913,-0.5862666815104218
1785,0.2673861915672269,-0.5521551413381696
1786,0.013476242698619597,-0.49276342738687673
1787,-0.04054577488575028,-0.5513154385848114
1788,0.7867092415628075,-0.3153168273983028
1789,-0.1208205705666042,-0.5340286694841682
1790,-0.36392737782133516,-0.43489123687649583
1791,-0.22144857422327158,-0.5219089695414385
1792,0.08307694729970086,-0.557459383382847
1793,-0.19648341955502713,-0.5792760994089361
1794,-0.5501404330833115,-0.3637252917193917
1795,-0.03207724698987242,-0.5020902223768262
1796,0.2828896345843177,-0.6292841306645531
1797,-0.2028525487930109,-0.5202338346805189
1798,-0.1367821371441097,-0.5068671127295991
1799,-0.24461989243375717,-0.5595734086288884
1800,0.3549811374814346,-0.5516327759079089
1801,-0.15134938822287997,-0.4912736684531056
1802,0.5198177687205692,-0.41850253595481335
1803,0.3011142847184273,-0.5254904842369036
1804,-0.26789845661352407,-0.4128276546981951
1805,0.1649689854494786,-0.5119539740876616
1806,0.45566012847160225,-0.4234379463354113
1807,0.28981493179931667,-0.2887586492857998
1808,-0.3742359328327922,-0.5131195473380253
1809,0.4460496990785499,-0.4843267060454738
1810,0.258677542222553,-0.4636299820386791
1811,0.15094516576204692,-0.3344676686506332
1812,-0.39606972822663356,-0.34012390289614663
1813,0.4887408103608716,-0.48369372681794576
1814,0.19091795780291113,-0.4693464116961945
1815,0.5617230007213084,-0.39313479802193485
1816,0.17136559502664095,-0.3698807165170114
1817,-0.7172554990923482,-0.3717856402122836
1818,-0.014105652931374167,-0.5411247407715246
1819,0.5306828142809451,-0.4397024800572344
1820,-0.34984571712855994,-0.5709162000673191
1821,-0.17883060098058468,-0.538775394318743
1822,-0.3852912749814392,-0.4036379813004737
1823,0.08400791149360193,-0.5918296143689695
1824,-0.4212054908198734,-0.4365651786829118
1825,0.0457246300557643,-0.5300863994633258
1826,0.2182126187138035,-0.5440432733138788
1827,0.5124588771805892,-0.4777757244007603
1828,0.26368509082808644,-0.49106051190843003
1829,-0.13025153573185316,-0.5041577068768821
1830,-0.40258142178255896,-0.4740891352531848
1831,0.3540655907322682,-0.5345963527338778
1832,0.18428066052372574,-0.4926015918652681
1833,-0.058718513429187616,-0.5496427843422821
1834,0.22448117027143752,-0.47334635580186335
1835,-0.2519822227542782,-0.4637399940417885
1836,0.02125460655066491,-0.48371577333764937
1837,-0.2287186288594569,-0.4930241518905236
1838,-0.2340465602599256,-0.45740491827796237
1839,-0.2564574633276665,-0.39252649535177747
1840,0.011945368490345484,-0.5417616890755403
1841,0.026321692438759616,-0.517842750519949
1842,-0.067289375706903,-0.5402491887942634
1843,-0.11865741666853155,-0.5447408275265274
1844,0.03428783362672132,-0.5229467808885218
1845,0.05184997271369018,-0.5713124742866664
1846,0.11027204332993033,-0.5051430046333366
1847,0.05545951548714322,-0.5496233629533117
1848,-0.24773821806484836,-0.5140317716380354
1849,0.05042459424064841,-0.5642541715869199
1850,0.21103477235790122,-0.4858986878247066
1851,0.1461832211026179,-0.5040902711823898
1852,-0.16804435203285661,-0.5740233629095689
1853,0.30386598531392617,-0.46133567983893764
1854,-0.30909574594254613,-0.4827825103186761
1855,0.08054543174768056,-0.30501849997494535
1856,-0.44480448687918145,-0.5579969853750242
1857,0.23022643285473257,-0.5147324459500793
1858,0.17879108231236446,-0.5170898722740819
1859,0.47048031668730445,-0.307478258401902
1860,-1.0000682240152188,-0.2005761386241196
1861,-0.24586249124267626,-0.394224458935801
1862,0.1401619520109593,-0.4617787880253434
1863,-0.498560452658964,-0.2825616395852882
1864,-0.4428210699490871,-0.39049887804901723
1865,-0.5424559584890912,-0.3244356722498651
1866,0.43215693826088064,-0.4283138502366905
1867,0.2892401155244621,-0.5071331538438
1868,0.5814299095627515,-0.4077226852065128
1869,0.30585554096325035,-0.413265785111724
1870,0.31375739941863134,-0.47031917574873955
1871,-0.14183925928561422,-0.4912137290311289
1872,-0.2642986466586637,-0.5033679863094519
1873,-0.20413193911799996,-0.5245969983829852
1874,0.042276152733896434,-0.5181786844300215
1875,-0.024981624242326837,-0.5803087401135821
1876,-0.03820522753393954,-0.5511591564246352
1877,-0.013360783603446837,-0.5740836622462799
1878,-0.09448852713653715,-0.5018754906626597
1879,0.31264400329980424,-0.5894571088659384
1880,0.2917366997847264,-0.5677410054138159
1881,-0.18694513595933243,-0.5697935005787242
1882,0.5600601125906168,-0.44823656567848547
1883,0.04848037688201196,-0.5131291238046081
1884,0.061588498652160206,-0.512401006553593
1885,0.14180520440816927,-0.6001413345482044
1886,0.05919453339092545,-0.5331378933830343
1887,-0.17419372804740602,-0.533149038519221
1888,0.2275122475211079,-0.5203606791543129
1889,0.029784567310804998,-0.5395271342581792
1890,-0.3207065933944781,-0.4626541969605336
1891,-0.22289522548616417,-0.5373118116747222
1892,0.1620465472399939,-0.5693633813213919
1893,-0.06254715714127594,-0.5395786382929986
1894,0.7488083636644839,-0.3171943525252464
1895,-0.10635133042386881,-0.3098947332301781
1896,-0.42178010005455907,-0.5235793167909475
1897,0.03240830209810983,-0.5051430362783237
1898,0.5867865699139836,-0.5339008475784828
1899,-0.13852740428658847,-0.6013538617600733
1900,0.22018096909111598,-0.4906082509668583
1901,0.29671992796371904,-0.502634829505037
1902,-0.32075248962005015,-0.44840613686535963
1903,-0.23411412183169053,-0.41600036464992557
1904,0.4361821023673921,-0.5112697237234312
1905,-0.32152684967483947,-0.501048308280151
1906,-0.0348789675547554,-0.5725224887820042
1907,-0.16577346276367758,-0.5410988587848137
1908,-0.20158667365925942,-0.5492315427880782
1909,0.31400500922415825,-0.5809832171173399
1910,-0.010892297486570793,-0.4725783376345325
1911,0.30747836291723396,-0.5263775301166062
1912,0.32786160252568813,-0.4691103448056422
1913,-0.1636093328372012,-0.5486264485416422
1914,-0.15501756765447025,-0.4609130504188228
1915,0.00880187425514615,-0.5051064516151175
1916,-0.08204151562217042,-0.4742248573229733
1917,-0.13673150765405317,-0.49259374839768516
1918,0.221090740791114,-0.45256658635495706
1919,-0.4112186700915021,-0.5089535789435049
1920,-0.34713333273601193,-0.4573151003034419
1921,-0.2607535812022728,-0.20574437686690228
1922,-0.5020046422734982,-0.2730229725324341
1923,-0.4865283036099941,-0.10048431015147455
1924,0.06078748255451421,-0.38251733169262775
1925,0.28094313980904073,-0.5487082961277052
1926,-0.08325557911574474,-0.43325597591181947
1927,-0.24705180055884296,-0.49778437251523294
1928,0.0093274709736426,-0.47808751365009683
1929,-0.4609824990350561,-0.4010746956860574
1930,-0.012917749636009168,-0.5217332256506646
1931,-0.10444202884922596,-0.5105170261951287
1932,-0.5692625775197581,-0.3994124938824546
1933,0.25310452943064243,-0.4399194575401178
1934,-0.15489919291666285,-0.45927398339252656
1935,-0.21664395555731486,-0.4587490977967687
1936,-0.6588358826636427,-0.07385757703866117
1937,-0.7826245398149962,0.24093561626724835
1938,0.3128704039575331,-0.2257075593927333
1939,-0.6887017613522172,-0.6158596390248531
1940,0.05381419960065502,-0.3926860089449679
1941,0.3169069770751243,-0.6944249371476698
1942,0.7017716765824261,-0.3224836994634382
1943,0.22413471783576133,-0.46131618028385896
1944,-0.08096187044259026,-0.42196625389271686
1945,-0.04110326926247324,-0.5442132906849063
1946,-0.6221947460062982,-0.385190148458201
1947,0.5216571806300057,-0.41242540142987993
1948,0.34092408460876805,-0.4496231209786322
1949,-0.25000997303639716,-0.5143280953958812
1950,0.7880985444347904,-0.3685022550327436
1951,-0.11957973718790744,-0.40488126582289224
1952,0.04728248566120505,-0.45277307860781085
1953,0.2085520465302756,-0.5388855921772537
1954,-0.4713815201583201,-0.38307613515218364
1955,-0.7767308202131717,-0.3776118717899511
1956,0.43869348788811857,-0.5148970285547448
1957,-0.672655209723568,-0.21469717343103517
1958,0.5100941446594855,-0.3269944182670403
1959,0.35024791292929486,-0.3755157040128752
1960,0.18722654385289025,-0.48022530597857016
1961,0.4127967840425291,-0.5081324725640465
1962,-0.7469333699345178,-0.436326038253267
1963,0.08920283811621685,-0.5929200680874045
1964,0.18577587431499512,-0.5637923894103694
1965,0.12041925701296594,-0.5900626650095675
1966,0.08755568606646612,-0.5909825034765759
1967,-0.11752648969589737,-0.5444734291532685
1968,-0.25065544708005894,-0.5016607352848177
1969,0.3014330327372039,-0.5982234481851249
1970,-0.21706780167883993,-0.552250942223253
1971,0.0072285373801878865,-0.5445334006171534
1972,0.2220635706419691,-0.549753715749966
1973,0.5144851818840194,-0.4490035074627521
1974,1.0996604105779104,-0.3642644310480502
1975,0.5346792716544735,-0.27512560483963916
1976,-0.1036037548649567,-0.380834143126411
1977,-0.3135259809624841,-0.5225812839045169
1978,-0.4483998094323626,-0.48398572170943827
1979,0.042543425293384576,-0.5680647252936512
1980,0.33172245500436237,-0.5506204021777031
1981,-0.2273782145971688,-0.5556047675833422
1982,-0.6131449574087777,-0.40918906968312024
1983,-0.8707342882028167,-0.41816071212104067
1984,0.474785079718987,-0.5343932408729716
1985,0.12149671100967754,-0.575367230395334
1986,0.9867090412268831,-0.4752679338069619
1987,-0.2736860511652886,-0.4872063972121265
1988,0.17260116434530992,-0.5196598196051593
1989,0.14721112430296865,-0.5508762982391723
1990,0.6253912216607489,-0.3370506603109932
1991,3.0901773979664027,0.5992024193027239
1992,1.2992317502715787,1.2585783018730485
1993,-0.3996409564448043,0.261417386597077
1994,0.7358064993943957,0.16145770269891835
1995,0.40186221575811854,-0.3136787659148464
1996,0.6653922230681719,-0.16808954070890503
1997,0.1342596669381971,-0.010640374048447802
1998,-0.14034049502088883,-0.12246681118197791
1999,0.2615727345282566,-0.16388713136836164
2000,-1.0616695007385757,-0.1367091607633028
2001,0.6185757370801053,-0.3879700804212607
2002,0.11026337010325135,-0.36177513258604393
2003,-0.30599223417931976,-0.3738592798288265
2004,-0.16618091386927356,-0.34042005960513927
2005,-0.1393138762466512,-0.31442111536747175
2006,0.2549836706233892,-0.312818374549814
2007,-0.3157601212655736,-0.38673784161551505
2008,0.26672936096301714,-0.4486404076491453
2009,0.6153829929542242,-0.32192967706841236
2010,-0.04045687252250958,-0.3108699152052095
2011,0.47355811114023333,-0.45088915345106445
2012,-0.05201114414000089,-0.425375745799631
2013,0.5417512992611452,-0.02442483728363378
2014,0.1725128951718339,-0.37584193482585054
2015,0.06345111133408883,-0.20657623865017738
2016,-0.434701609198969,-0.3320059077493608
2017,0.0573946843779435,-0.4514069871093459
2018,0.08548353552645567,-0.37295396643443135
2019,-0.3862454715756558,-0.33489337594513163
2020,0.5098209501293998,-0.45803460233056
2021,-0.41209982971557535,-0.47379728181377573
2022,0.38722968793372586,-0.22638829949801498
2023,0.2398724075109433,-0.4115089873137951
2024,-0.2281518863570517,-0.4325013946403911
2025,0.15569881060266524,-0.4806348690837691
2026,-0.3010850242076863,-0.337808770660902
2027,-0.48086126354682596,-0.30983578099610315
2028,0.014964428264713432,-0.42195040912386284
2029,0.3272001385969631,-0.3822199179111826
2030,-0.3538837906013077,-0.4109773266311223
2031,-0.5085575322126927,-0.4698126892907554
2032,-0.043970140990625614,-0.3990175480547679
2033,0.37614837714862104,-0.35944140944953556
2034,-0.7591943226261573,-0.42667270974672905
2035,-1.0959129764198674,0.4876609989550707
2036,0.34282989101133565,-0.42030670260300645
2037,-0.021134141191753997,-0.43709956650986265
2038,1.073783931703213,-0.15578158862070757
2039,-0.1863542006141655,-0.37787339123434993
2040,-0.5127339243479945,-0.3718120551057845
2041,-0.5001810261963633,-0.3834867523598229
2042,-0.26037301161546444,-0.2030985294650558
2043,0.9812194120040207,-0.3196154844867379
2044,0.34218842864283394,-0.12496818288356792
2045,-1.4626360332989004,-0.06567196501942507
2046,1.8693906410264767,0.3623621821033578
2047,2.3107566058873066,0.8054191036488731
2048,-0.9685808387619612,0.5656551809832145
2049,0.15191563309413275,-0.16615782580386745
2050,-1.3262070189101798,-0.0874053807002222
2051,0.87860367665314,-0.30924382409895723
2052,-0.573210310937238,-0.30008460046167257
2053,-0.34943662283709126,-0.16500304791192072
2054,0.23643428176335954,-0.05622998460731158
2055,-1.4144108129911925,-0.023392941828426855
2056,-0.5060979394048409,-0.2901831277073881
2057,-2.1890594315530754,0.9635308287407865
2058,-1.0845983420873333,1.0414946571666857
2059,0.7875104173632113,0.06414002026049477
2060,-0.7820604232293163,-0.15459032667098194
2061,-0.10186932198657214,-0.32425247816811603
2062,0.06820515206650432,-0.2973305567288132
2063,-0.278713692340246,-0.40981020465779094
2064,0.21863432395008497,-0.3395148597190364
2065,-0.4283848187220409,-0.40614025932954617
2066,0.8772487754210243,-0.3869966131041777
2067,0.8780521000481825,-0.26697240168536707
2068,-0.04024537329150555,-0.3337797958424444
2069,0.33564369459065596,-0.31576964875240265
2070,-0.9651764254464116,-0.3411519551649443
2071,-0.15238397521182762,-0.48738260182922566
2072,0.5842067972452415,-0.5277602699512832
2073,0.26674477609204533,-0.5831787589219847
2074,-0.5785707755887423,-0.4889920750388376
2075,-0.19435824439954005,-0.49370492270460425
2076,0.1932604933336984,-0.430589764852294
2077,0.21018671231870314,-0.5245219893770398
2078,-0.5991064286140872,-0.43809700113564015
2079,-0.37823626892695245,-0.5047896893818236
2080,0.3846879126235896,-0.47094238366008495
2081,0.1669404181288701,-0.5531292321208484
2082,-0.07407022410847731,-0.47786042837339887
2083,0.4519737017515375,-0.5571601157012688
2084,-0.31699077006961646,-0.5061473798433506
2085,0.8658804708693101,-0.35050486137544573
2086,-0.2815790721680582,-0.42688998414308904
2087,0.4038601028494687,-0.5010522153013987
2088,-0.8482294002256233,0.2190830638982708
2089,0.99986703770695,-0.38461974408735855
2090,0.4167894087381978,-0.3293219020002628
2091,1.7470652997035003,0.8301258745240433
2092,0.5091530926505754,-0.2605046757094438
2093,-0.19401739048333932,-0.3953717356101049
2094,-0.42159038303192065,-0.3662369407545026
2095,-0.9309776164271283,-0.22199204376261683
2096,-0.5501373486482186,-0.3897970667173944
2097,0.6920907606558884,-0.41148968694644794
2098,-0.7763064981515312,-0.286076730420687
2099,0.5228782868491608,-0.4091442574117352
2100,0.37611885585572635,-0.4419259754409719
2101,-0.07450298138353444,-0.49601691143317345
2102,0.18450365545463024,-0.3312791254533417
2103,-0.04986554496673287,-0.4437826099406908
2104,-0.05294376096780924,-0.4856574205548132
2105,-0.7381990367061948,-0.4224956424256794
2106,-0.11892944880312255,-0.35259938208255376
2107,0.47972084023612227,-0.5548562197033886
2108,0.5184439964480967,-0.47123041549950817
2109,0.20431973870191394,-0.5016743693930965
2110,-0.3141482459992902,-0.2986393287740449
2111,-0.7532048884987286,-0.44799225142209337
2112,-0.04630382281961442,-0.2854652014413182
2113,0.7902810008377469,-0.44639576657883867
2114,-0.21832943029160187,-0.34685053540978006
2115,0.8959904813186966,-0.20351831324298064
2116,1.0360292686897503,0.3347167255583897
2117,0.03599697634681431,-0.24065651589607173
2118,0.5812988934269752,-0.15111316698098037
2119,-0.6880636393800276,-0.19442516155835876
2120,-0.10276046505661497,-0.4366597365116539
2121,0.19571886532035246,-0.31375766280404693
2122,-0.2578109412714135,-0.32958502770324366
2123,0.7798527590992773,-0.24617843959107139
2124,-0.20305169680172658,-0.424983964575306
2125,-0.126217563476362,-0.380470031490542
2126,0.3218515276722881,-0.3596622821657785
2127,-0.8151420238812126,-0.3254614321500066
2128,0.729878169945064,-0.39241088709863053
2129,0.1137391123979643,-0.4438697914544016
2130,-0.041131552802001876,-0.3376126878071883
2131,0.5299657904114904,-0.41526629701017975
2132,-0.6127558028324154,-0.1640901901184038
2133,0.342600182329453,-0.36664935595634934
2134,-0.06325235118443986,-0.43354184428288123
2135,0.5743716283457081,-0.016158317454922907
2136,-0.3873967819775241,-0.2675580443347494
2137,0.7362661359283645,-0.018621457308746016
2138,2.0850943839089853,0.6736385023394096
2139,-0.6725081825990564,0.5355212882371252
2140,1.723526680564938,1.0194241033733975
2141,0.5378862861219654,1.518452644285717
2142,0.8272674726138582,0.8865431391977445
2143,-0.5083162242481474,0.4627158987342151
2144,1.594647005657119,0.7619134999509467
2145,0.3023263312677461,0.840301221277835
2146,1.8294007514802826,1.7655814015376843
2147,-1.1491820272692268,1.1308304070763617
2148,-2.018264766037369,1.599731694703251
2149,1.6711438569410035,0.3722670446399619
2150,-0.3529047954927678,0.34627619182706537
2151,-0.402690651182019,-0.13767147384343004
2152,0.39070223246904207,-0.5484789239222669
2153,-0.4468293297581914,-0.15955895559653233
2154,0.4290587465043269,-0.21815752530402827
2155,0.20223311289571644,-0.10842400294297282
2156,0.751773346526945,-0.13387679371650846
2157,0.3125160403568072,-0.3385116554100926
2158,-0.45082381240913116,-0.11171202001630803
2159,0.12431239340989876,-0.3435836346695798
2160,0.6661124807909196,-0.3929959851062736
2161,0.08754809499463344,-0.4223877680739186
2162,-0.10643469021872123,-0.3966378307261319
2163,0.08647944317508659,-0.39690542045732063
2164,-1.2073163517842744,-0.09101716953923643
2165,0.7344739008418364,-0.4028505794966404
2166,-0.40406742156021463,-0.44261567167820803
2167,0.026327455525814086,-0.47605108067239005
2168,0.16695726229627164,-0.44897272584384695
2169,-0.09898641776150313,-0.49314572659105343
2170,0.06154371189780462,-0.44242122569400855
2171,0.975561922120292,0.11636960375220474
2172,1.354209640810856,0.2291438973776
2173,3.6949796470191947,1.7390254424178166
2174,-0.45849794581409187,0.6775912750325863
2175,0.11484407431770735,-0.018363121499954282
2176,-0.3213523775483189,0.18413062542107245
2177,0.28112737976070384,0.14271409119466294
2178,1.3380786009785368,0.2431843962945785
2179,0.6290707037047898,0.4469566963952257
2180,-0.011100437345139809,0.05440956913924283
2181,-0.03115040235390212,-0.03729746983015435
2182,0.2779500656023426,-0.020316636641390252
2183,0.3259852902789985,0.425824995961241
2184,-1.2112906564731991,-0.09193636931059515
2185,-0.7063019268327871,0.015717655933074278
2186,1.0057772945369552,0.20001052516150392
2187,0.5205924087610418,-0.19558633146943782
2188,-1.0315640245656652,-0.1201065300090667
2189,-1.3628629833766457,0.17521177291091727
2190,0.8298586411024703,-0.14063412354286053
2191,0.742956227311299,-0.12351857027469262
2192,0.08513243444704297,-0.1786009164993862
2193,0.03418616311227007,-0.189460152056177
2194,-0.7174239339294354,-0.2899988401122972
2195,0.7557910376180597,-0.3211508230121478
2196,0.5914331456886573,-0.2696672418978862
2197,0.49941074513208245,-0.305459271041275
2198,-0.13517618453432376,-0.2805964584192383
2199,-0.4386939463977215,-0.4004598649415486
2200,0.6987579035773519,-0.2684651836703678
2201,2.090540627154084,0.6241197603624882
2202,-1.0351183161587936,0.10326637250174232
2203,-0.48528648550812553,-0.15365112608205
2204,0.11851640040504376,-0.34577415083362173
2205,-0.32327896343625545,-0.11413047501197744
2206,0.9214256879806197,-0.18486294576403295
2207,0.034881807043456954,-0.23244326748293576
2208,-0.100155318380373,-0.362523241551527
2209,-0.20905925307588455,-0.2369657850642597
2210,-0.48002011400062894,-0.07750115283513725
2211,0.37491893893500383,-0.30466868477831627
2212,0.12491693244819223,-0.27904266266700845
2213,1.4336136879185934,-0.11680189188027053
2214,0.734522514839099,-0.11363810762754116
2215,-0.5327401603098404,0.2642878544859843
2216,0.6387166664053113,0.07774195318203232
2217,0.0637665357521633,-0.08768736623281774
2218,0.5069188350761392,0.030044893388360583
2219,-0.8025749329209664,-0.08571793454843618
2220,-0.37535965262877347,-0.21938751495521125
2221,-0.692351750199803,-0.15096438130900686
2222,-1.7253311464452836,0.8925037219981563
2223,0.9755843723678401,-0.040747094557454636
2224,-0.16282880368904804,-0.2931709795138453
2225,0.8998326032247954,-0.2574753439185387
2226,-0.058388142192443905,-0.2389727986251316
2227,0.11691922046848849,-0.2640585867004226
2228,-0.7192714822217702,-0.316927290411989
2229,-0.22076695690412626,-0.29875170710536425
2230,1.1609369674961336,0.07270050718086908
2231,-0.2505342098778019,-0.28729762303786793
2232,-0.04739303160280902,-0.27718708466741476
2233,0.5110091362220329,-0.36625502579950686
2234,0.7768944468702437,-0.15558661594931317
2235,0.02957427590029581,-0.20245956523898012
2236,-3.118829645447879,3.8369638494901492
2237,-1.4219978568722142,1.248005421445585
2238,1.195361890069992,0.7514972233159567
2239,-0.5315099881153914,0.912039735347373
2240,0.44780002329496926,0.051689754105367504
2241,-1.2686260354430507,-0.04710965601358196
2242,-1.2947130093491293,0.6906740264714615
2243,-2.237041342335082,2.119258675766836
2244,1.4740211321168188,0.49170702142175504
2245,1.7875782671377316,0.22173646181352968
2246,-0.4211692221211116,-0.1434683249457801
2247,0.32982791506400005,-0.08222481663459709
2248,0.867329828979989,0.4217375446469331
2249,0.10700857476431117,-0.3285934964293199
2250,1.0277573871756562,0.1924817923299465
2251,-0.6326807235993673,-0.2998626561564867
2252,-0.08423987980722422,-0.3681605024238416
2253,0.5856119350336499,-0.3684367102245395
2254,0.7832147205741078,-0.12967802826918373
2255,-0.3994340472713423,-0.26694943806385923
2256,-0.8346105665060927,-0.41497928534948947
2257,-0.2029584585830905,-0.47772359742185605
2258,-1.4896147552126218,-0.16494558913900298
2259,-0.8745481781237635,-0.23163426198576903
2260,1.3377833319595376,-0.36594474547241657
2261,-0.13364989057354,-0.268255709776186
2262,0.3013183935604876,-0.4783004045715141
2263,0.6659741840810491,-0.40710246324732546
2264,-0.12429963286887727,-0.5139604285400972
2265,-0.008297521093125178,-0.48120640943046794
2266,0.27325379785839526,-0.579309598403822
2267,-0.18427282919747712,-0.4758692901781694
2268,-0.7320477325341288,-0.3476282387672824
2269,0.190320158389021,-0.5438325988987756
2270,-0.6197368119676786,-0.38297320098016663
2271,0.4617031045085404,-0.5222679921718263
2272,0.9424126908573547,-0.45102085038491874
2273,0.33055648247367875,-0.4804060407787174
2274,-0.0005889559150539002,-0.5049817405424712
2275,-0.329489420606465,-0.5039431979318749
2276,-0.5360444319957433,-0.5123056464175395
2277,0.21732891386143321,-0.4602390182088805
2278,-0.5993073198726613,-0.32666566142614945
2279,-0.7816624938525047,-0.2743491371497673
2280,1.0077433250259977,-0.30293550210178044
2281,-0.9953644252950158,-0.29751121927599583
2282,-0.6071283701015241,-0.2791405280301055
2283,-0.06388302057561802,-0.2435749933198179
2284,0.6177973646309597,-0.45303776290069975
2285,0.2674637834990286,-0.40660875270995495
2286,0.5075581940724505,-0.37103856030290444
2287,-0.024455970322231006,-0.4854150813411242
2288,-1.2678450904319571,-0.29060957885034167
2289,-0.9442624422648748,-0.05815343215510037
2290,0.23566810711353003,-0.28451800803866206
2291,0.8904660483288717,-0.3180854852392196
2292,-1.8851445636906736,0.08400928296431083
2293,-0.8224374146971981,-0.019760676562466575
2294,0.2563515149164897,0.04442265524738407
2295,0.15601494545509423,-0.22002557768933156
2296,-0.3879310391908934,-0.35819365919349805
2297,0.5202665677289622,-0.39485171098218735
2298,0.7648549847519487,-0.4124801649933889
2299,-1.0859591360585221,-0.3251701696108384
2300,0.21733587462662576,-0.4782355211638768
2301,-0.19819244306988654,-0.5057304038679815
2302,0.033622522690234004,-0.403963246998455
2303,0.7463881559011721,-0.4111499443375933
2304,-0.8598142805486327,-0.4137069738744655
2305,-0.40660125687674525,-0.4533447843930743
2306,1.1122317714126357,-0.15975807393410735
2307,-1.0192922819447336,-0.2687431958114728
2308,-0.776915412011966,-0.23130146590156242
2309,-0.251218659577087,-0.28547942213418137
2310,-0.3698480961839137,-0.2033460785936324
2311,-0.8032795729490345,0.18055080793247263
2312,-1.162829827440013,0.9272814208144878
2313,0.10239329293313555,0.2457318707976694
2314,1.1526983374753406,-0.0612714315593349
2315,0.11910858440904847,-0.34398182837720964
2316,0.18163690257068985,-0.33994725604928544
2317,0.44059096116934127,-0.43865528119296704
2318,0.02978098718512554,-0.48963789444613365
2319,0.591196435162877,-0.36132012870900126
2320,0.22446842910131168,-0.47135625106378315
2321,-0.03449602656826808,-0.41006335884211254
2322,-0.743762029949236,-0.2223206570445091
2323,0.2959778739774414,-0.5363985132623388
2324,-0.26267255489815966,-0.18632381804785142
2325,0.6789201816144199,-0.4097558388021681
2326,-0.18029115756970393,-0.4519409980119182
2327,0.218158349179377,-0.31324724668273607
2328,0.2725996580301654,-0.423396251933063
2329,0.5776124707052462,-0.40395523405103384
2330,-0.2283893929436836,-0.3156236023629322
2331,0.3521630409138153,-0.4806378446582745
2332,0.350731894115474,0.623169124135457
2333,-0.1520745283807418,-0.20398185535839608
2334,0.6185816278420226,0.5145625910244762
2335,-0.13099051765336245,0.25635282368479384
2336,1.3336824100891742,0.08375789418477546
2337,0.11405304633638955,0.19588776942971792
2338,0.44325303680261435,-0.15512320414760739
2339,-0.7481097819265841,0.5034438855174381
2340,0.16134094632088247,0.09032219195595483
2341,-0.45471642043281685,0.06368021115731674
2342,0.9493519004338312,-0.2494154080221822
2343,0.7503429911877857,0.1299786342578434
2344,-0.020232761947158298,0.02106290063031918
2345,-0.1832271848299447,0.3288273476612825
2346,-1.8853402658415535,0.3209998045756074
2347,0.26674756844253,0.17713178149267417
2348,-1.0235483682470268,-0.26089268284078526
2349,1.0000872525878597,-0.10985471474950721
2350,1.275361430058385,-0.29536815870433203
2351,-0.5510045255005264,-0.23433987685413066
2352,0.3757239807694661,-0.2964189342948915
2353,0.2534414939093492,-0.3743278797745318
2354,-0.7349472355609373,-0.33568974749233427
2355,0.9084373174341338,-0.36887911285937874
2356,0.14791096540033435,-0.5051478925333193
2357,0.012936364408067618,-0.37045019698676807
2358,-0.21248390162949576,-0.19838709474124522
2359,0.0848723071672377,-0.4908660043390524
2360,-0.09716453643542929,-0.5390727307976373
2361,-0.06814042129291278,-0.4386474885045494
2362,0.2694072056103458,-0.4658768261722645
2363,-1.3463126581112421,-0.1339330705982209
2364,0.21594052626067717,-0.38678692785725266
2365,0.6172356791456395,-0.5479200047197864
2366,0.4405484116356772,-0.4879466250365032
2367,0.10999267455592696,-0.5197789311874458
2368,-0.2512216316276021,-0.5124902167869121
2369,-0.40714375768732747,-0.4043423157572997
2370,0.3302504891366722,-0.5156871578761123
2371,0.8895915996343295,-0.25650139053261073
2372,0.5998013412162899,-0.15539447756986619
2373,0.23129789185969116,-0.3520523272467569
2374,-0.7220412554102101,-0.0888395456869029
2375,0.15275248725302445,-0.3229091090105985
2376,0.7546157666490613,-0.37394319892714845
2377,-0.18400332978079914,-0.3771293682269714
2378,1.134479358433646,0.11367855284571002
2379,-1.7034822444604778,0.10881456554452269
2380,0.6314543629210859,-0.3457633691122263
2381,-0.7708161861146808,-0.5874996450008944
2382,-0.4441225282730507,-0.34109975786599733
2383,-1.0319810460332994,0.06986422916416868
2384,-0.4355322491611159,-0.17317404148814497
2385,-0.7939508073139488,0.06304564879151199
2386,0.4395280209528182,-0.30640858891447065
2387,0.1326811030111408,-0.41983622104954504
2388,0.8012606125481112,-0.39037151207879306
2389,0.07219328036419063,-0.4614741898669434
2390,0.7123491005438228,-0.37291602793286915
2391,-0.9090669555773463,-0.33772555739984284
2392,0.23112240783527102,-0.2980582853915046
2393,-0.6030161147865217,-0.40541687250864855
2394,0.9618660734403713,-0.38624399543374893
2395,0.43198176962020296,-0.4697230841638871
2396,-0.5931585632435158,-0.37982216991433454
2397,-0.0298635244406786,-0.43423031374876686
2398,0.740496755921309,-0.2503986909095913
2399,0.3937587864841398,-0.3290667870238132
2400,0.3267382730891289,-0.2935974033385233
2401,0.18417629098295865,-0.27160009623438724
2402,0.020757864180582397,-0.1470614348254793
2403,-0.4291228364026156,-0.32547530778774125
2404,0.4911626466985409,-0.23378768952624024
2405,0.21778634743318115,-0.03352045035281133
2406,-0.4620989203837231,-0.18217120720297608
2407,0.5174824069233959,-0.3032405695203076
2408,-0.18519051907537568,-0.3271048477170635
2409,0.23634606804146585,-0.2426489119150798
2410,-0.3583965831684164,-0.0954113719166242
2411,-0.23130377919810616,-0.39432786239889744
2412,-0.09122248622498769,-0.3803917684289678
2413,0.73976536886697,-0.22173976277173674
2414,-0.6255092668240827,-0.15936992596683164
2415,-0.47972550544568304,-0.0585703122104217
2416,-0.43358179397913715,-0.17742380299587618
2417,-0.13472745728643895,-0.298881773348644
2418,1.3711742551102997,-0.1772255999594463
2419,0.07950655213484054,-0.15745877454487606
2420,-0.1318654476892712,-0.24141390603029783
2421,1.2064829896864362,-0.04333350483218428
2422,1.0640981940913907,0.704046031911765
2423,-1.5487078567387553,0.6584094339094846
2424,0.8472338558645858,-0.13108696310611817
2425,-1.8147282444640145,0.5210190290772196
2426,-0.17403301595648896,-0.08097444695088293
2427,-0.7669895198539453,-0.11446881820693852
2428,0.869368266145873,0.32452960192014657
2429,-0.2733337241763309,-0.10267098087509526
2430,3.1618462981782742,1.2417111000577032
2431,-1.98188290107785,0.7451242890411088
2432,1.7527502008352074,0.24579524021124038
2433,0.9132575054269376,1.1864656975301198
2434,0.1623413918758487,0.2745246622092068
2435,-0.555902919514404,0.1170346243292295
2436,-1.3326423321231358,0.43777452764846514
2437,0.3308490418311378,-0.24222438830421905
2438,-1.0239906302316304,0.151932241934069
2439,0.6172573474283325,-0.11913641819663401
2440,1.1541930435457708,-0.1998852733446415
2441,-0.2919302376721634,-0.30239303276536517
2442,0.6170632212034154,-0.21655205244537357
2443,-0.22761132943561105,-0.41975778668033936
2444,-2.0581100006526483,0.47709761829933783
2445,-0.8426586221717852,0.10486412624553466
2446,0.43366107822179406,-0.4048063319301331
2447,0.6564928623947184,-0.49487504236397106
2448,0.790230620838531,-0.575297186128823
2449,-0.9277908089747228,-0.3840298897457047
2450,-0.24672529981469107,-0.3428452217021453
2451,0.23912707308223555,-0.36208297928453126
2452,0.1898320024970701,-0.4194915349368332
2453,0.5072071079810113,-0.36312123300065513
2454,-0.5919730252420072,-0.473602780852117
2455,-0.18960615295557467,-0.42217949837095614
2456,-0.36612603793502196,-0.2965115536942769
2457,0.1748058497648919,-0.5212600888511507
2458,0.49306080291510823,-0.5522237652788777
2459,-1.0455062112355733,-0.42137967265801624
2460,0.014086219784836334,-0.503387486158599
2461,-0.7109647166387171,-0.12139555554179961
2462,0.7406534911068021,-0.5127002956398309
2463,0.2655100626083096,-0.48562151106166446
2464,0.6005448980033524,-0.5096785991531086
2465,-0.1916176766778581,-0.46189490588141574
2466,-0.23189882855447558,-0.448236055695835
2467,-0.2927515265687917,-0.48882330998272644
2468,0.039662850856981534,-0.5678394097237364
2469,-0.3620287967142203,-0.33564887763791706
2470,0.9430367392486932,-0.44007993681542096
2471,0.09389686585669449,-0.3077467561123845
2472,-0.43538828578295385,-0.4020267601903371
2473,1.0313443976347294,-0.06867887446739493
2474,-0.40487717013659774,-0.32616307135895406
2475,0.7630871172296244,-0.23249951972856736
2476,1.1348963821641138,0.3045983600165579
2477,0.44735200981343987,0.15879996702841803
2478,-0.8940154965232657,0.03660851382805649
2479,0.25501369950506747,-0.40551012467964487
2480,0.6024886210067766,-0.35029018436756937
2481,-0.4774330555010181,-0.41980470131584524
2482,-0.26332529486987,-0.24134764260591218
2483,-1.0442671903996772,-0.22998824056560913
2484,0.10585993283326307,-0.5110863118792363
2485,-0.0202857923470609,-0.4193982574139068
2486,0.20590271307039884,-0.3632416675631264
2487,-0.6789485030467107,-0.4341680289075996
2488,-0.06088749243379708,-0.4144593257974648
2489,-0.575819455931009,-0.43103246991538413
2490,-0.03650478010836742,-0.3656325454230724
2491,0.4303627228972559,-0.46139800068490355
2492,0.27059866391697485,-0.5085559317420477
2493,0.03630011759173573,-0.5334554847114594
2494,0.3855383593620207,-0.564807006678025
2495,-0.15717721095860365,-0.5770995649436776
2496,0.3681545108039007,-0.18833948303560272
2497,0.10999719924607117,-0.4113630673778611
2498,0.6358593839113361,-0.3382303762259338
2499,-0.06453493218181508,-0.4736776158572835
2500,0.005535232114735134,-0.38904599042056404
2501,-0.8591785093241476,-0.265415942878999
2502,0.12956930089203672,-0.3737558588017997
2503,0.7349089865384082,-0.297446820560321
2504,-1.4268125562598428,0.10208390998592114
2505,-0.47251176456683425,-0.1336724205968305
2506,0.08696610809395108,-0.3250559574273977
2507,-0.5647676127009206,-0.3301670848917364
2508,-0.6244594112879099,-0.08674371586114385
2509,0.4944166253170552,-0.3494969432919789
2510,-0.15381271546921138,-0.4246863476709307
2511,0.3039272809119408,-0.4247158463559407
2512,0.46148813452423443,-0.5164154557736609
2513,-0.7168192442458905,-0.40622796401534267
2514,-0.40152783456454016,-0.2797327425976871
2515,-0.2950799673472259,-0.4067088516716213
2516,-0.5190437019009697,-0.08302392006627414
2517,0.04708499243171314,-0.09544833723525234
2518,0.5521539810872521,-0.22270813514889015
2519,0.1268878394197847,-0.23476321513394854
2520,-0.33523344772090913,-0.4479938049498253
2521,-0.16993950560190008,-0.4376272949397137
2522,0.11534024124013294,-0.5032021369975679
2523,-0.7837269046377625,-0.2556558490448308
2524,-0.3430853928854764,-0.23200116473876647
2525,0.6980341468403884,-0.19143873376284243
2526,-0.25664338365095885,-0.3044594240421549
2527,0.23553983916238927,-0.3260798499689166
2528,0.5371267375176536,-0.43751933003780685
2529,-0.1189289772073203,-0.3011183287571172
2530,0.576089234475292,-0.3457439575958917
2531,0.4036495256339381,-0.40785124546472307
2532,-0.38544664691791836,-0.41290212738813437
2533,0.2923348400289735,-0.4949794168612188
2534,-0.4446684424102844,-0.44632647237212786
2535,0.4105605301495523,-0.5411984261739233
2536,-0.8679826023709223,-0.3166865262414044
2537,0.5009553987007798,-0.4943447228251515
2538,-0.2799908225959146,-0.48573534890073256
2539,0.4637101535552207,-0.5101582768172161
2540,0.041075453592893045,-0.520311574635845
2541,-0.1401737210330045,-0.527606592780945
2542,-0.3478911676370779,-0.49979735219984867
2543,0.35866185119185595,-0.5824757027292706
2544,-0.2717665116169762,-0.582614064117718
2545,-0.33866237796358906,-0.4818993065957089
2546,-0.0216941619342734,-0.5414383993065243
2547,0.3487350871482944,-0.5792984411784459
2548,0.07900971268324025,-0.5924121582347328
2549,0.21883214346568566,-0.5753842460074893
2550,-0.22269615452320118,-0.5653069127200586
2551,-0.18197010246509288,-0.5885179821320089
2552,-0.1629560157547364,-0.5324460767747564
2553,-0.5078972949024338,-0.5249361215471451
2554,0.8765212255915484,-0.49989847028326434
2555,-0.11012784335957383,-0.5462817946704578
2556,0.1119528470144572,-0.43177733347894254
2557,-0.07981287193977099,-0.5368938415333149
2558,0.8795228596974136,-0.46693062768730864
2559,0.04302386080330794,-0.5013908443680745
2560,0.33656682075135463,-0.5513482602659208
2561,-0.2127982227695331,-0.4261916336513579
2562,-0.42087403193482853,-0.4905009872714644
2563,0.231623189600048,-0.5476867724928592
2564,-0.19764935364034972,-0.5286912292188657
2565,0.016792819711949156,-0.5443553573880975
2566,0.4715448421803362,-0.4808451554175848
2567,0.7372463488005577,-0.06212341960497096
2568,-0.06842907792069164,-0.48881337474085795
2569,-0.34792581132037903,-0.5429084566788356
2570,0.367589269274802,-0.28788949384584955
2571,-1.8898451275058559,0.5327949005653907
2572,-0.7053883173585296,0.22012825972249
2573,-1.7493054257258174,-0.003032153721451489
2574,1.2912393498432138,-0.2207317007771301
2575,-0.13094131145760596,-0.47620201706288245
2576,-0.36197901020857653,-0.47181757420630815
2577,0.18302813427558776,-0.422865021176833
2578,0.10268000651370314,-0.5426879196655582
2579,-0.38599052693898334,-0.5154606147388281
2580,0.3795036856607667,-0.5497061781974748
2581,-0.11786730813981053,-0.4830522151466834
2582,0.30107767583296013,-0.5838082648989805
2583,-0.38349035198850534,-0.5328164501201822
2584,-0.7993589430852073,-0.31659767425160057
2585,-0.3483627748343388,-0.38632312092497273
2586,0.22072835793080456,-0.4457489548324433
2587,-1.2375975952022364,0.18203148403662212
2588,0.6578136697829118,-0.33147725945610385
2589,0.09899594106671208,-0.5043619579105008
2590,0.4537081712074956,-0.5307108019553466
2591,0.12595083582149197,-0.5035114018024791
2592,-0.25228590877060264,-0.5321758195084464
2593,0.21782849011985939,-0.48723260105337673
2594,-0.10426756462957582,-0.4682478332611696
2595,0.4063166473829062,-0.5757847021830136
2596,0.08106473821607643,-0.5184349763904081
2597,0.0062876294173077486,-0.48095631012556955
2598,0.15402209663906427,-0.4904447935510756
2599,0.2910800069416489,-0.4515795157351994
2600,0.3140187716458127,-0.4483390183152785
2601,-0.05273144181059639,-0.46054569522923694
2602,-0.48471123792004456,-0.5007364205199514
2603,0.16096712613076763,-0.5345525328388268
2604,0.4915816292242096,-0.5489960781168411
2605,-0.29607741753971034,-0.4757735291838287
2606,-0.2352914244033276,-0.5014053821793454
2607,-0.3460852627585544,-0.513472461185224
2608,0.08050821168255297,-0.447884182333747
2609,0.09944199852536428,-0.5325155843855611
2610,-0.3437366162620286,-0.5250726111671257
2611,0.002480123290950439,-0.48022080808803214
2612,-0.15063944656747594,-0.5446244071266003
2613,-0.1447640388091962,-0.556984069026885
2614,-0.5348603563679298,-0.2432131534870544
2615,-0.15686949025400995,-0.46196518724323976
2616,0.7148060952740053,-0.12260020114614363
2617,-0.312076775291754,-0.15575198326759265
2618,0.21923109654946885,-0.26651385017933577
2619,-0.24029447361159853,-0.2681680743242118
2620,0.8746332151827054,-0.39655359145886826
2621,0.2677589256479231,-0.37549750490812933
2622,-0.46976773219645873,-0.34016224455812427
2623,0.5553741340330596,-0.3153421475681186
2624,0.043469020457160085,-0.4737403605931836
2625,-0.2564918047358184,-0.5008042103588316
2626,-0.596891127928612,-0.393498378545853
2627,-0.5501768555920905,-0.37139327220752094
2628,0.26478562542669876,-0.4858104367211893
2629,0.1801317139174441,-0.5355347454799879
2630,0.09557647709248544,-0.41920057852929943
2631,-0.7392219509643987,-0.1649185174948608
2632,0.5251564856004609,-0.5236007389072626
2633,-0.08131882205506719,-0.44971418947877
2634,0.7724903438359931,-0.2789772076021799
2635,-0.19186455448568734,-0.4440806505126722
2636,0.0737990686633558,-0.5106430641982106
2637,0.11607940196289919,-0.526714899304201
2638,0.6167568583414618,-0.44135793256743067
2639,0.213918999564664,-0.4051435849953006
2640,0.6685477519982084,-0.4360748267718964
2641,-0.32747178477201283,-0.34515615939576005
2642,0.2649420398237706,-0.4071248786907455
2643,0.5694938016956179,-0.40799285210939923
2644,-0.09232756969183295,-0.42505957279917544
2645,0.5097660569055199,-0.40595050168255264
2646,-0.384675912770771,-0.39000608286097976
2647,-0.4654232911980323,-0.39487450025657955
2648,0.3083104102202026,-0.48469123883810994
2649,-0.2745293402833707,-0.4605208203039843
2650,-0.2944046119145666,-0.40374037262902324
2651,0.7517676684555221,-0.5031098837682351
2652,0.34211210206283077,-0.44033085989453885
2653,-0.43593755580885674,-0.4501215449003881
2654,-1.2698153426601648,-0.15726435843233916
2655,-0.2770341671160785,-0.32289411466352425
2656,0.6453731529304247,-0.4905012808032186
2657,-0.21110709946477899,-0.42788736169026664
2658,-0.7671532344880899,-0.3402909828197635
2659,0.27388095084577324,-0.5087468792178448
2660,-0.29473472907613246,-0.5025003452156448
2661,-0.06057082454168192,-0.5264793715541644
2662,-1.2260985348242546,0.1431205980998298
2663,0.6572955008594019,-0.2958059762297176
2664,0.28101402332832687,-0.3393156615517087
2665,-0.7284143136372343,-0.4873569744411451
2666,-0.3652315972555406,-0.2995938217241306
2667,-1.2205738886594768,-0.050464685265629805
2668,-1.3090748784563864,0.505325910870561
2669,0.20274877950348835,-0.22847654851106586
2670,0.544550236538841,-0.19946556426019935
2671,1.0079101765078942,-0.28567634554390003
2672,0.3282431523461718,-0.38474012931971474
2673,0.6278546840089055,-0.4546393614175609
2674,-0.24864551260083378,-0.49119873286541477
2675,1.1195274742674948,-0.4540954275798658
2676,0.9059410957359529,-0.27547357980377246
2677,-0.13350879648919714,-0.5206224202445439
2678,0.5605400109577492,-0.38021671737389634
2679,0.8408131649764313,-0.2157103827626316
2680,-0.6664196930328737,-0.3454833928699626
2681,-0.11514986112679258,-0.45343787055946655
2682,0.367466729026281,-0.4468617028295945
2683,-0.072214988922957,-0.43017623747706035
2684,0.023084358026978214,-0.4214947656592726
2685,0.29478166533768213,-0.47278215981004346
2686,0.6288237940300354,-0.4820245123852638
2687,0.10484204499026814,-0.42284501404550046
2688,1.079306744321367,-0.21604841750967807
2689,-0.20858245025430225,-0.3314592357806886
2690,-0.374147103020539,-0.3960451828161244
2691,0.965049331562847,-0.21027841411774773
2692,0.0758179942347378,-0.20996569607065396
2693,-0.049263017524608356,-0.2939123337457457
2694,0.4145239792378517,-0.1580405592850549
2695,0.05050077880899999,-0.3213631305702385
2696,-0.3162401480300494,-0.292637447231417
2697,-0.17442016825163228,-0.3369478945182418
2698,-0.040130948699318075,-0.37093876409204796
2699,0.16276699360596772,-0.39881993448823067
2700,0.31685803260900103,-0.43308009496266525
2701,-0.5847030808960767,-0.28859410431865445
2702,-0.4240958063909996,-0.1387429366139607
2703,-0.5674566663319148,0.19657594159723346
2704,2.259363294989279,0.538170397915456
2705,-0.6696082941779518,-0.28263659400666047
2706,0.2158157381994458,-0.17754128842669986
2707,0.8996268889654923,-0.2991160840654688
2708,-0.1836262327415197,-0.1760790931819774
2709,-0.41289622586526664,-0.33951461181866127
2710,-0.9928238460634164,-0.14775282153208463
2711,0.43203874032280287,-0.43415505941538457
2712,0.6117358646728036,-0.2651453286896003
2713,-0.7759793089290551,-0.1979809173080973
2714,-0.1535861650582363,-0.23942838480088613
2715,-0.8473930171393597,-0.3542523281104531
2716,-0.6534228228548614,0.1877937806441482
2717,-2.39425104055429,0.8004068863528356
2718,1.5512664575838568,-0.024700725084013785
2719,0.21683190970090477,-0.14166909862836297
2720,-0.24586136089856855,-0.2766256953751045
2721,-0.8869174188860122,-0.023837001848287145
2722,-1.0437617903442373,-0.06487953285382338
2723,-1.5450517272984934,0.3191215440513006
2724,-0.019187694595237455,0.057536210612374905
2725,0.6845542619893769,0.1521659986892192
2726,-1.0538964284588332,0.10853952774888007
2727,0.7407502118384032,0.31210825980229634
2728,1.3163745140440815,-0.05318324013105644
2729,-0.9842426550433436,-0.09209552256675213
2730,-0.25277769193710725,-0.13735193705734994
2731,-0.1337674529569902,-0.39761093675342213
2732,1.1366087316155276,-0.3753380316706109
2733,0.8845040362396335,-0.47507597179256
2734,-1.0636745038723596,-0.26086244548595344
2735,0.37745517040569965,-0.5192892097726902
2736,0.3511710619405634,-0.5095529428260926
2737,0.5193301603226314,-0.37365853509257785
2738,0.9940729509925255,-0.1270561129159454
2739,1.0021365078607498,-0.23912535780802135
2740,0.7497505905366323,-0.40029625393525603
2741,-0.4563371250229805,-0.42390301278512554
2742,-0.8944942374617135,-0.3920931307914176
2743,0.4242349101309654,-0.5191717844563407
2744,-0.8452834825458587,-0.4604760162639828
2745,0.06763325841742275,-0.481787965906535
2746,-0.3092732130988938,-0.4412029110636526
2747,0.21850594019014039,-0.5463522021216058
2748,-0.03066146619717692,-0.5106818849949141
2749,0.6907932602789647,-0.5083454682938042
2750,0.1707375374759787,-0.3800767675355452
2751,-0.48264959499221505,-0.42309176659202646
2752,0.4498233731550607,-0.588045883584316
2753,0.44642473087009593,-0.4734938415982055
2754,0.15478910573743476,-0.4856393131196012
2755,0.02034379407179333,-0.4708849505992782
2756,0.4547367630038683,-0.4805772233993891
2757,-0.23626285249306167,-0.5174373202146634
2758,-0.33852360101182927,-0.6009239134170239
2759,0.5195919970842383,-0.4993174520469928
2760,0.6645413756049938,-0.43721266241750995
2761,-0.21119898363115766,-0.3676750454326627
2762,-0.2808535669177355,-0.1506194552073562
2763,-0.035740601592852486,-0.3914637826026591
2764,0.5942665707997881,-0.33655110373419045
2765,-0.975339950343711,-0.20383106263852002
2766,-0.3709886581441513,-0.1974606378283284
2767,-0.16321466601861512,-0.4390555089285576
2768,-0.22858295085373276,-0.4704185576984345
2769,-0.37826140008266596,-0.35227690629269737
2770,-0.06341475825741008,-0.43317199830344283
2771,0.6074771969751156,-0.5154975017341605
2772,0.08955800751369396,-0.5509732813146323
2773,-0.08153836758491123,-0.5241913491969397
2774,0.38672570550117774,-0.47156679457358464
2775,0.21072618258478817,-0.5014441448435027
2776,-1.303442411188255,-0.29622571099767525
2777,-0.7118612734154819,-0.2104192395142896
2778,-0.22552605510557186,-0.38435315202177944
2779,0.5256026002469629,-0.4491956102354977
2780,-0.1802402177491081,-0.4025344890064167
2781,-0.05708474398637364,-0.41257371283066274
2782,1.0159562884112352,-0.3997192406762262
2783,0.8108869031578202,-0.22545645939114978
2784,-0.17517962961389794,-0.2680576550842046
2785,0.5861967095586817,-0.35137727757853554
2786,-0.16930671903956504,-0.37630270655497133
2787,0.432432356184501,-0.39458390354555817
2788,-0.42073597704495286,-0.37472443555491736
2789,0.3463650674555548,-0.440901339463713
2790,0.2075144335175141,-0.3147425038147969
2791,-0.2987076530907777,-0.28527246874598994
2792,-0.38034009492187465,-0.29450142155196435
2793,0.5763553844936209,-0.3372522855631311
2794,-0.5677088567630422,-0.3885276564308522
2795,0.1878549936343372,-0.408641161528516
2796,-0.11372921330586044,-0.36837114597675674
2797,0.4218819200513112,-0.3472317040901993
2798,-0.012080300702398612,-0.3016352674892561
2799,-0.4073607565975377,-0.3639856394920574
2800,-0.5471154083210935,-0.4076855946871263
2801,-0.3181897022851219,-0.282094002807483
2802,1.3711649842771827,-0.204273394829866
2803,-0.18932125957321935,-0.2603472143246361
2804,-0.5120805169424969,-0.3784482179796124
2805,0.35235844002164496,-0.4409792955077138
2806,-0.26672065769002923,-0.38120686329086245
2807,-0.786401022923796,-0.2911593811092716
2808,0.4042464981892757,-0.2600977907447908
2809,-0.95881024212079,-0.2968684120234294
2810,0.12216014655651243,-0.33542771150092643
2811,0.09258572173094257,-0.16886555420153887
2812,0.13625726918201947,-0.22416603636155313
2813,0.06774836539704308,-0.2849688334058216
2814,0.46430757698030356,0.10185737772057721
2815,-0.42525869298596064,-0.19911005919911245
2816,1.188466720139971,-0.1289224215775333
2817,-0.3343506323326659,-0.40259676149160833
2818,-0.392711528635387,-0.366980810740808
2819,-0.39314058577785677,-0.36016963447997535
2820,0.4546608683017525,-0.400110886787711
2821,-0.37790356921180157,-0.38544237940892145
2822,0.22635144575635333,-0.362824600455639
2823,0.6234270946158982,-0.3147601093210851
2824,1.0459532876198643,-0.0007107622223349475
2825,-1.592046135146473,-0.05601296829986382
2826,0.050559590199606375,-0.12118392310282922
2827,0.37381109919686883,-0.4539782094096355
2828,-0.05911847325869431,-0.40790309522430485
2829,0.14394022134484066,-0.30033726668074595
2830,-0.30113124912617234,-0.24795392729108207
2831,0.7351657868982979,-0.3342478901631287
2832,0.04533756538081047,-0.4610391014954731
2833,-0.01970889147340129,-0.35990855917232417
2834,-0.199892187950836,-0.3227440040829427
2835,-0.14860387553479493,-0.40709756487060766
2836,-0.390855142525144,-0.47536040291404286
2837,0.06065350203503847,-0.4693005961728025
2838,-0.6472487919735287,-0.4255117083046025
2839,-0.6297226783181173,-0.3780967456117642
2840,-0.012281716874324305,-0.26441906084409056
2841,-0.19684928248193384,-0.49151079407866954
2842,-1.0141988846258558,-0.05112902693562368
2843,-0.40690066644039435,0.14446050056634402
2844,0.3082213990741249,-0.2160208304391184
2845,0.29177342403274986,-0.4108225110110362
2846,-1.2182450290596092,-0.07504938002020303
2847,-0.40048206791048946,-0.23166359394618247
2848,-0.44239907182143157,-0.17674938027532
2849,0.32491665728875907,-0.5105327358821661
2850,-1.3146818206647166,0.17804187991478182
2851,0.3180029275593805,-0.24198825371519567
2852,0.9407800366254514,-0.29576912287356444
2853,0.5492265287856577,-0.20176768911722015
2854,0.47577202316323136,-0.28561989056154724
2855,-0.1352225754064434,-0.18302893216667693
2856,0.38121459957092285,-0.30546023257474836
2857,-0.0004940762810570804,-0.5391385828221578
2858,-0.8457501627330458,-0.3814062935960521
2859,0.6962386514292315,-0.46755713919388703
2860,-0.9802645193564484,-0.38754871662265955
2861,0.7914746119415107,-0.3414940446159484
2862,0.17689781013749806,-0.46246777456234517
2863,0.06770379440505832,-0.4125038243920902
2864,0.7022089158770711,-0.4801600455518742
2865,-0.22128985116624453,-0.4875465127483569
2866,-0.17807530656689177,-0.47631351384815174
2867,0.2448329611124497,-0.43955430687243563
2868,0.11529448771537447,-0.5498150330405044
2869,0.9461311254323793,-0.3212485281467708
2870,-0.25417728072304546,-0.42711016393716217
2871,-0.2766117042775022,-0.5083985590814463
2872,0.03351306941060498,-0.6067074446411432
2873,0.46068750482544074,-0.4931787338686965
2874,-0.4105521719710068,-0.5192725946756821
2875,-0.10159585400750354,-0.5194654655779776
2876,0.07468178140079743,-0.5561830665390605
2877,-0.34970563423651857,-0.4523685317017011
2878,0.12197960086794817,-0.5003194399117794
2879,0.2647271480837637,-0.5175026861069719
2880,-0.6502800452418901,-0.4809322190311709
2881,-0.19009687235776968,-0.49934311849934715
2882,0.1184931269827267,-0.48728008593553473
2883,-0.32610778138014496,-0.4793809317667678
2884,-0.7468887343697659,-0.28921583785239446
2885,0.23386109267365401,-0.3479670246579517
2886,0.29782969339645476,-0.390403438768255
2887,-0.6553748165974681,-0.4183080488947443
2888,0.3175206549673605,-0.5165135012003478
2889,0.10283996645434833,-0.4810084865973545
2890,0.1579623713977726,-0.5135947641510239
2891,0.43103827312357484,-0.5243869212518715
2892,0.5238914972591873,-0.3934174486201061
2893,-0.1491160127740051,-0.4995446678221179
2894,-0.028061641231377728,-0.3587256089804451
2895,-0.13378122545100843,-0.5295582333810649
2896,0.28354314979092676,-0.564165952920781
2897,0.09914923424085503,-0.4936112100410604
2898,0.1159633419468167,-0.4940543415965008
2899,0.34302392944857857,-0.5371146123212469
2900,0.011026938272704229,-0.45338092556975085
2901,0.15151148449939567,-0.489650565630648
2902,-0.3146368286449209,-0.45525903966228765
2903,-1.0058822423376115,-0.2526406294356422
2904,-1.899804058258013,1.2420383485619413
2905,0.09087761635007793,0.4217519182905242
2906,-1.8302566466599546,0.23818647555142852
2907,1.0444001505564657,0.3168489567910538
2908,-2.0838285183887084,1.3103984849896804
2909,-2.8714580759686843,1.7730143079788918
2910,1.7510457923499663,1.0840952210924073
2911,2.0933058954281436,0.905025078324916
2912,-0.10235554393574497,0.11782382005357915
2913,-0.9792172418362086,-0.09679468734968599
2914,0.6578054818340965,-0.3673543422057993
2915,-0.22671379880264322,-0.26589189911213307
2916,0.7775003156531585,-0.306934185587711
2917,-0.7281044745524787,-0.34705894361228173
2918,-0.9451337108497629,-0.1946134397041246
2919,0.11807156696686975,-0.32161382501401026
2920,1.1474923875612733,-0.3754823400200109
2921,-0.13791659733590653,-0.4380982455347023
2922,-0.5869586918377707,-0.31529796612584227
2923,0.77687960532831,-0.50128611039492
2924,1.1283769292032235,-0.24142874495272293
2925,-0.28557724914171845,-0.36428163323772594
2926,0.8776042411723991,-0.05309254055535904
2927,-0.6365386577235829,-0.3059081029724568
2928,-0.27755614930066885,-0.49350328761196854
2929,-0.038208009729786475,-0.48219002097787333
2930,-0.011653828430582951,-0.5084554697796624
2931,-1.1014883370535082,-0.4029389710527553
2932,0.7463637239594083,-0.5158608734314529
2933,0.7254982486934136,-0.47169504989885236
2934,1.8079870764587347,-0.07038078709266421
2935,0.29844015897448817,-0.18149470146100255
2936,-0.4079716586523357,-0.4440887536295236
2937,-0.32317681356181754,-0.4938360299641669
2938,-0.1094663419083678,-0.49162549812865936
2939,0.28562488060597435,-0.5984927965837571
2940,-0.4653621570597624,-0.4313237495792706
2941,-0.35782629917255016,-0.4919412366563423
2942,0.5549946059914578,-0.5433794330350696
2943,-0.6284589326373212,-0.4935436553795586
2944,-0.2868237774320363,-0.4531545767625618
2945,-0.2825444722730078,-0.49233656483219457
2946,0.5556488121738173,-0.40211097904377985
2947,-0.126422512352758,-0.5209684624644089
2948,-0.2745232799662585,-0.5521836009531033
2949,-0.11294184321060699,-0.529966834326109
2950,0.5358907369913279,-0.528666201918997
2951,0.07245089514710094,-0.52283598377528
2952,-0.015571968014045869,-0.4396134587746063
2953,0.3294079286807187,-0.4384316912632521
2954,0.5947194958610184,-0.43048033899419347
2955,0.13914950371846477,-0.4554363685542442
2956,0.2577007120488296,-0.4506952258899173
2957,-0.0007899343882976064,-0.47982537804173037
2958,0.12356167595804347,-0.3714567571478927
2959,0.7460596373072563,-0.32119126601925724
2960,-0.19196628445836508,-0.4437813382768596
2961,-0.5386468297484752,-0.2734185999342843
2962,-0.03733798675261789,-0.3117265290050567
2963,0.1884413056792248,-0.5516887309601729
2964,0.07174619176962944,-0.3562359550151088
2965,-0.3766919979385859,-0.5345512009635289
2966,0.05356670937231687,-0.5078909050430983
2967,-0.5437002239166719,-0.5141771970950622
2968,0.3383035766625547,-0.49172970189091136
2969,0.3109134568600151,-0.5669773338757303
2970,0.373742679034428,-0.5502295710869091
2971,-0.06606716123138258,-0.6025550449583557
2972,0.5763864598225145,-0.4319469650705725
2973,-0.0033837382770315373,-0.5193254971774077
2974,-0.359470761153375,-0.5279657770408256
2975,-0.0893141040220945,-0.5336029953569459
2976,-0.4833651796462792,-0.5400673741032683
2977,0.1739786384315036,-0.49621567422655743
2978,0.29312359917448544,-0.5600204520807698
2979,0.06955146888893896,-0.5450712145715261
2980,0.2680263857270184,-0.48865952108475685
2981,-0.11718827179463258,-0.29534584919378604
2982,0.14589286950273797,-0.49683760955255485
2983,0.7214905283640155,-0.35528760675711574
2984,-0.20495922906583602,-0.3956825824291879
2985,0.4985365366947883,-0.5020184279743021
2986,-0.15249444462751807,-0.41780011154922886
2987,0.3360405073519294,-0.4718247494030319
2988,0.5044436700097539,-0.2717772473597574
2989,0.20014644986910435,-0.18592555531294425
2990,0.47202781377411684,-0.3879985858565202
2991,1.803133605495284,0.2768009876894195
2992,-0.6556461212135472,-0.16922228214376794
2993,0.1630133574368985,-0.35893213431879434
2994,0.1639596689732446,-0.2295506286472408
2995,-0.8313130976659183,-0.27335298531752555
2996,0.507231525892182,-0.3636834175889243
2997,0.23288166343308583,-0.43609639509386994
2998,0.2015182933331441,-0.36318599270857327
2999,-0.4422605375948117,-0.37676932005177866
3000,0.6573075542247514,-0.29922962806526304
3001,-0.28005711427530566,-0.414779302461827
3002,0.39729297127617336,-0.37642151583928934
3003,0.16200955542761303,-0.10711270991580919
3004,-1.5835322814977644,0.360843146770881
3005,-1.3857164694842832,0.07133937884564721
3006,1.4823659794948607,0.32758475460063763
3007,0.6701290477759964,-0.00582211690727136
3008,-0.1351027297046255,-0.03697467793109978
3009,1.6378122584818111,0.08176051703548429
3010,1.3818253655905153,0.41419363664539244
3011,-0.8297415277304092,0.28137009343408265
3012,-0.7067987736799182,-0.2122136013548317
3013,-0.6544217773208312,-0.20111039707855333
3014,0.8949010559563544,-0.27001399490591876
3015,0.20501719724665052,-0.4187627883520958
3016,0.7324505770294475,-0.34402831013388974
3017,-1.2190816652454692,-0.2979579077794941
3018,0.36942059021765616,-0.3118655682922316
3019,-0.5746176315958234,-0.15332836405179168
3020,-1.0649518436340908,-0.1928431646913667
3021,0.5734192751843852,-0.25912964578404246
3022,-0.936086596327478,-0.36420955528356974
3023,-0.1795272181035834,-0.39685607809619455
3024,0.9071464951373119,-0.3835453320481965
3025,0.40571893487403204,-0.4287483420519947
3026,-0.9520160907781966,-0.341876511963397
3027,0.3171668550830116,-0.46756809114992937
3028,-0.29792884466524194,-0.5051087687051271
3029,-0.13255138135466082,-0.4359908934494528
3030,0.608817035157552,-0.447397011270838
3031,-0.07343756174762757,-0.4755307634673118
3032,-0.40142883122633155,-0.44977467738894206
3033,-0.22174231064613226,-0.4862249537703906
3034,0.9763120931585632,-0.4538328590452933
3035,-0.27930463433506647,-0.47571484743045905
3036,0.509694002827378,-0.44430389897316674
3037,-0.7794674322008288,-0.3960261473536564
3038,0.4427936281754499,-0.49701371516109766
3039,-0.22134304988981818,-0.5620370935573452
3040,-0.47940856256207587,-0.45736322484714614
3041,-0.12244231877668584,-0.4953594994388532
3042,-0.2860980132889749,-0.4087086031466798
3043,0.3567103517993008,-0.48503049877058696
3044,-0.5779836519246092,-0.4502196105109212
3045,0.5151029295581582,-0.49155522506922517
3046,0.056646349468500494,-0.3696952260779831
3047,1.0923866672110742,-0.302602388868629
3048,-0.24128455768141643,-0.3958543352859274
3049,0.6931333650804408,-0.4560635918746299
3050,-0.031704728272074385,-0.2955112880109379
3051,-0.1936022551827136,-0.44317283191835893
3052,-0.6103491514693951,-0.33563807713327326
3053,0.4177618037680347,-0.5911852623929558
3054,-0.11535952658282095,-0.4232802350251516
3055,0.8313475222869169,-0.3014215554131
3056,-0.05831936489388019,-0.3563069390848774
3057,0.41478456967086935,-0.30892560490405263
3058,0.792357473306628,-0.02136123389306194
3059,-0.8521308740463732,-0.2952727800598002
3060,0.2621113149706839,-0.4167174628327038
3061,-0.37460094723306714,-0.449030657513029
3062,-0.08161394872749193,-0.39482167829267095
3063,-0.22610416337922357,-0.41702680835219985
3064,-0.7428753030907262,-0.3274669803695609
3065,0.15162298851132838,-0.4824081664010963
3066,0.04630729796508024,-0.516876999071299
3067,-0.4849130442454073,-0.34897849632096567
3068,-0.13101449321872422,-0.4462037183218675
3069,-0.31894318143491585,-0.32928116328078927
3070,0.059127115505772584,-0.48437081047885344
3071,0.42101858362115685,-0.4419693853121161
3072,-0.7713514234000513,-0.23161533945193002
3073,0.3967612195956065,-0.5318783774838313
3074,-0.651756187758773,-0.23587813732948842
3075,0.19203962060671267,-0.43765630508153963
3076,-0.546960578825601,-0.220662703944412
3077,-0.41099589012225873,-0.43363646727658667
3078,0.9169096750101335,-0.42583031188108206
3079,0.2923886667344714,-0.41675612415923546
3080,0.1710573519771547,-0.5320085674976813
3081,-0.135450674655789,-0.5290594024549126
3082,0.4972846608268055,-0.4861935836165925
3083,-0.2559307210865426,-0.5168378524185286
3084,-0.5055515027726407,-0.5458307830003883
3085,0.0715570023145614,-0.524508959464786
3086,0.5203058181485788,-0.4812127720362686
3087,0.001678117240046998,-0.4750863414930225
3088,0.09241510394538886,-0.465732392616321
3089,-0.1327790416009385,-0.49665833383245256
3090,0.5964917526618314,-0.30479637618163014
3091,-0.08274414869343107,-0.4132120656795293
3092,-0.030711218404537055,-0.4748287303474654
3093,-0.3239215469337082,-0.4819063795619307
3094,-0.31646741653304206,-0.4737504462086457
3095,-0.12498980986568342,-0.4378179994697625
3096,0.5592602130778137,0.2745703872350652
3097,0.9475390959150307,-0.38798135418433694
3098,-1.1046408430320398,-0.17868630721682444
3099,0.38358982296812916,-0.4259902287731578
3100,-0.10417674504944675,-0.3009099941847742
3101,-0.4040173985480858,-0.34431935382798623
3102,0.36558739873422347,-0.2132972235769407
3103,0.9060764994911032,-0.3050290368852303
3104,0.3239569435201799,-0.03067661401479521
3105,0.926236195199229,-0.21455741626719665
3106,-0.8570710203085541,-0.26673832571184225
3107,-1.3073166357562376,-0.14626084569366682
3108,0.9427245196963081,-0.36333610614571304
3109,-0.35021787308510416,-0.4153572609751286
3110,1.2887885329779627,-0.11183744012864093
3111,-0.16774613440016536,-0.3623252197338716
3112,0.18320656661418816,-0.48910669206058527
3113,-1.073439649906164,-0.3570342932775339
3114,-0.6538978249361055,-0.2892284620781843
3115,0.2842019805890291,-0.4211404441139335
3116,-0.36757323855269886,-0.5160321535696154
3117,0.298540807599162,-0.42637710495185654
3118,0.4067407100836535,-0.5083053035763491
3119,-0.44446519807140034,-0.40833487492302567
3120,0.36963573447678144,-0.5058390045155499
3121,-0.9609713796155079,-0.36443983748653236
3122,-0.6118983241272807,-0.18220649857810844
3123,0.20677022573910123,-0.4082620736983579
3124,-0.6826973637541388,-0.35770467237702386
3125,-0.02756320784183511,-0.3094881888607027
3126,0.40412560845731055,-0.4345816623953312
3127,0.04714118740995055,-0.49808827511688275
3128,0.23173524268818677,-0.5354107037375573
3129,0.048689103416357994,-0.48786300942527006
3130,0.4236323858837716,-0.5486438220953958
3131,-0.2904782478736014,-0.5581500522070499
3132,-0.4039954838548386,-0.5374494928696794
3133,-0.4902880714206011,-0.44955047712815255
3134,-0.10774466439451184,-0.4525564973879058
3135,0.14155943882351288,-0.5077582750074717
3136,-0.21309157133820028,-0.5365165529740253
3137,0.08397705292069892,-0.564946244642083
3138,0.27575442072610673,-0.5713604690063627
3139,-0.110484750231193,-0.5458594230800746
3140,0.30192063114016665,-0.6086014960667456
3141,0.15899271463115208,-0.48597723372052176
3142,-0.16944373681665967,-0.4326523855400852
3143,-0.2480146513881793,-0.5209256833317144
3144,-0.3242571477544167,-0.5412878859685305
3145,-0.007930878458888778,-0.4596696737170135
3146,-0.5539613515507957,-0.46624718523177733
3147,-0.008017249837936728,-0.3573877483819973
3148,-0.25053318578539285,-0.46560084992230333
3149,0.08643994585705653,-0.5413029643481393
3150,0.5486534001013554,-0.5364191917630253
3151,0.30277901562280357,-0.5532829973103959
3152,-0.2949898576147606,-0.5874270423932743
3153,0.06970709742167643,-0.6003026427324158
3154,-0.0036032192314026006,-0.521879430197851
3155,-0.38149719789708997,-0.46691485277023553
3156,0.09536754435896797,-0.5178999570347831
3157,-0.1780224264988823,-0.5656194103925534
3158,0.3273555980466614,-0.5786766752089936
3159,0.01749269929105338,-0.4426492897283012
3160,0.3412871113533301,-0.5763699733405144
3161,-0.08198437768542588,-0.5657147033852061
3162,-0.4120144126300418,-0.47443834222608205
3163,0.2970675808488028,-0.5148417671734423
3164,0.32776711541460557,-0.5423273947598252
3165,-0.5420661063524954,-0.5049712887438643
3166,-0.3959616675429384,-0.4239930789529181
3167,-0.536272336273675,-0.4317758476739902
3168,0.44979885049585355,-0.5098208593765352
3169,-0.2967026109834272,-0.5326535706656033
3170,0.1425849249139916,-0.5512563144571166
3171,-0.2996820337955193,-0.5054500017143113
3172,0.4400584346425173,-0.5506566829900511
3173,-0.039234960222912806,-0.5512734302293885
3174,-0.6411181012742839,-0.46062984654157996
3175,0.6113349082100035,-0.4154257648200537
3176,0.23949753676402408,-0.42503981764631016
3177,-0.27300250989109176,-0.527987948103388
3178,-0.2828901627421589,-0.4815618774416832
3179,0.20817128907343274,-0.576661332120367
3180,-0.24381418235618743,-0.5116869233003121
3181,0.001904115838051497,-0.5040796023958799
3182,-0.3937361521191674,-0.4874365397788235
3183,-0.002074502870842709,-0.5255774007698469
3184,-0.6481688504707516,-0.2978044721827326
3185,-0.3517337144946734,-0.22778997553915775
3186,0.3694893645457292,-0.4712945893785111
3187,0.3119033014235063,-0.4368408746034153
3188,-0.22643670307470234,-0.5051685852710555
3189,-0.009772975899500515,-0.502655053363249
3190,0.16662267788652108,-0.5017804005141792
3191,0.5548425485289514,-0.47323822115101766
3192,0.291869716251841,-0.4716063838381217
3193,-0.16234914788983237,-0.5225708986703527
3194,0.3728799771318986,-0.46845682349572976
3195,0.3397017765121315,-0.4327979621281506
3196,-0.21248582699759627,-0.3634010883745422
3197,0.21602275297241919,-0.4802933425151877
3198,-0.14717206296185836,-0.38874688392677065
3199,0.10757523623113824,-0.4186613391420198
3200,0.2575716190432391,-0.5365673457374058
3201,0.22745506058806692,-0.4176710694126063
3202,0.39790075826578475,-0.4071465756102587
3203,-0.09579358789076989,-0.5178258007123663
3204,-0.016222628297300007,-0.4152156045016332
3205,-0.24742248393342953,-0.32178016884719346
3206,-0.552136971680604,-0.33204757743408714
3207,-0.13043554857073114,-0.3439226940608819
3208,-0.6698455920052405,-0.028435355170777936
3209,0.19384925939976805,-0.39815399229081294
3210,-1.0098482047110913,0.16838753907954135
3211,0.27385038603007156,-0.15527489635013275
3212,-0.3926377480854168,-0.4727018075563238
3213,0.8010224774026301,-0.6110057689078894
3214,0.2240685342984967,-0.49776118978039885
3215,-0.08762247846456743,-0.49031391141007447
3216,-0.6915100620064087,-0.576111657133984
3217,0.08552654757641466,-0.5183953185986023
3218,0.2896430716028753,-0.492184227976018
3219,0.4563893104016302,-0.526477550453166
3220,0.015065655318310616,-0.544238185668686
3221,0.3311402978879835,-0.5764363517438781
3222,-0.2080540499988025,-0.5067977606169836
3223,0.1423742696924232,-0.5400401559243958
3224,-0.32093690390479707,-0.5112102217875347
3225,-0.05305899009974393,-0.5690885483350043
3226,-0.39298730015341965,-0.4382904207617128
3227,0.8942030638476477,-0.4872462368383484
3228,-0.5247911563084688,-0.48264227070409244
3229,-0.18600800031797465,-0.5064458834995345
3230,-0.26066624396293964,-0.404298242648665
3231,0.10649181606264246,-0.5734342446483288
3232,0.43555151810948844,-0.537107822220481
3233,-0.3663880856185105,-0.5608237294764518
3234,-0.2603553615210487,-0.48626084799123526
3235,-0.6682768321776514,-0.4168490440481597
3236,0.14705975152622727,-0.451941118532027
3237,-0.2955090446198829,-0.48671171253628376
3238,0.3927115810170809,-0.35961119712323847
3239,-0.42882416101422305,-0.481089915209255
3240,-0.36653442514312284,0.005774646524874985
3241,0.20045487682992622,-0.33830561290399275
3242,0.4899594127315599,-0.5197227786656561
3243,0.18858439175818104,-0.5108551943760705
3244,-0.9019455518495522,-0.38858825673772673
3245,1.2277595353665747,-0.28282772467052336
3246,0.8686295240980222,-0.41178238147264473
3247,-0.2874567069148037,-0.5908626267102415
3248,-1.0811857011792065,-0.3872616407394049
3249,-0.08136316386150014,-0.5623776030941324
3250,-0.7089728543072779,-0.4606329648356181
3251,0.33401603754942627,-0.4579951190258035
3252,0.1040382505868656,-0.5255150767284058
3253,-0.4581508974388655,-0.47095777479637335
3254,0.30283568325912424,-0.32737893501606885
3255,0.07579532856704899,-0.5115358066792686
3256,-0.659937629441797,-0.2950564286128022
3257,0.0034630178817536238,-0.4163278853081267
3258,0.6240894657306056,-0.3732604032038358
3259,0.2479617206161664,-0.4746514091878197
3260,0.21063629699593586,-0.5616553897868715
3261,0.18176266782548953,-0.3255218862689097
3262,-0.30006627353350507,-0.4716516960240768
3263,-0.42693899504418176,-0.43225784034391873
3264,0.2634039251668181,-0.49035494216005715
3265,0.007641980952434027,-0.5437152814364206
3266,0.2689405542835302,-0.5121855675129643
3267,-0.5396424299778454,-0.49321529345395515
3268,-0.42304280310702647,-0.4139357752590169
3269,0.449867807304492,-0.32292758192266235
3270,-0.12110798838524182,-0.505362817798758
3271,-0.5062710115029208,-0.4149446673100166
3272,-0.6659696067299492,-0.18749627514507516
3273,0.07748739051265617,-0.45169641984961767
3274,-0.2531065288804252,-0.2287200432707316
3275,-0.48499414950793307,-0.37988415084499055
3276,0.010833998004187285,-0.4911252583621997
3277,-0.0778900968414029,-0.4991376149289898
3278,-0.06889961029316465,-0.4786435336981963
3279,0.3004595414950531,-0.3522992175738995
3280,0.24514329110043842,-0.4617181964185223
3281,-0.2835495445426214,-0.4707930432863376
3282,0.10818258570683334,-0.3872977557722041
3283,0.1946069743822196,-0.47716227293350927
3284,-0.18806929190704263,-0.48111026275832297
3285,-0.20425579258767493,-0.49256465182534204
3286,0.2954458754273279,-0.5134108110517909
3287,-0.27503228208724023,-0.5041001743136703
3288,0.21042750673503394,-0.5794747280576619
3289,-0.3316027486851454,-0.5184177404304265
3290,-0.05979244233262233,-0.5518094375399448
3291,-0.38215461045336646,-0.20103876151900302
3292,-0.681096389775181,-0.3869335794950237
3293,0.5647333864736777,-0.4016130572208789
3294,0.4682484801959134,-0.4471946367798501
3295,0.48721849882784923,-0.420916830511655
3296,-0.04711404723108718,-0.41601551722627944
3297,0.1843526200581721,-0.44399689050255753
3298,0.22763498736858032,-0.34620527499779863
3299,-0.32180592734448304,-0.3551624071702213
3300,-0.5836410132102224,-0.26952000833038864
3301,0.23451676970777435,-0.3973242958142479
3302,-0.2780379482625865,-0.3317725345020162
3303,0.11137632739438821,-0.3303638958447083
3304,-0.8559683800351399,-0.234073494047929
3305,0.08296198609562985,-0.42639333004421326
3306,0.39981532995322244,-0.429221489486735
3307,-0.6432065422122862,-0.41308442659353106
3308,0.2021416199432207,-0.25850030724480066
3309,0.23411426889558776,-0.4396104608408769
3310,-0.2252140859365237,-0.41738371064030666
3311,0.4652909500681724,-0.5006510542115791
3312,-0.12005358803356203,-0.5626928680477016
3313,-0.4312513992860087,-0.4636275315319757
3314,-0.033701904505884124,-0.540977238041762
3315,0.36656323069206503,-0.4946184038977911
3316,0.6126493689965037,-0.507283081862978
3317,-0.28289464014218035,-0.5647237971510037
3318,0.2597233054417555,-0.5532009599770333
3319,0.5055166338371773,-0.49628533034023314
3320,-0.10071211078213614,-0.5424747619324999
3321,0.10414666265104376,-0.5896697906076549
3322,-0.6996640520970682,-0.46589273694527156
3323,0.38448517318372016,-0.5408557217007411
3324,0.3124526173779918,-0.5510778087646532
3325,-0.06796102375285253,-0.6027126676316258
3326,-1.6797819504041684,0.16417663062815424
3327,-0.14082469862056576,-0.4101520729888978
3328,-0.9264177846137578,-0.10474539243795318
3329,0.4139214742129551,-0.4897624588533282
3330,-0.5440738130442273,-0.2898226751705722
3331,-1.0053044732425584,-0.10743361342978905
3332,-0.4875833072258273,-0.19193785322314144
3333,0.4711840659764759,-0.30402583412751166
3334,0.5495772420574432,-0.23690192309019326
3335,1.0601362565780255,-0.34372754626654584
3336,-0.25724039147332284,-0.38265076965479894
3337,0.33216523786136215,-0.5292180410619041
3338,-0.6509358710079668,-0.4466174587850544
3339,-0.9384273741479208,-0.22399646997378203
3340,-0.9730996113475895,0.3763619814325114
3341,0.018446881646189427,-0.3895269695877826
3342,0.5798434112174585,-0.01594905593969965
3343,1.0343156202327075,-0.24901564864503156
3344,0.14332518041747364,-0.35970060935275094
3345,-0.0803636750746513,-0.4777681651533657
3346,-0.41833062187545006,-0.483681167087306
3347,-0.24505081360633538,-0.4657918320078366
3348,0.5693357446927545,-0.5552791523734449
3349,-0.5647364089062774,-0.5241903555066417
3350,0.4256355504112242,-0.2884626436075229
3351,0.6775489792933654,-0.4717629926314164
3352,0.44551622589619255,-0.40803923650786583
3353,0.0492077520757098,-0.5080233728480575
3354,-0.29799306691385613,-0.3691660749662593
3355,0.48675104920396745,-0.535811024342827
3356,0.10871474068333145,-0.48809444289859344
3357,1.1115663307949288,-0.30949886340108057
3358,-0.48460702034617614,-0.37888434247362623
3359,-0.11408181753733138,-0.48410312167951736
3360,0.18285268688508888,-0.5145906354635525
3361,0.09206711261668528,-0.5391532464703237
3362,-0.43368555430667804,-0.39772290072689964
3363,0.024648211247770863,-0.49426768854682884
3364,0.4607872635098569,-0.5170398688648641
3365,0.10165587897431691,-0.5229450913950144
3366,-0.17307358495515546,-0.4170496187305778
3367,-0.24001496114061455,-0.44586374864152667
3368,0.05892016226548997,-0.4946859094170217
3369,-0.10003141785438893,-0.5000348525835937
3370,-0.1458127826716339,-0.48570832723204527
3371,0.4498207837580628,-0.4958661750241594
3372,-0.2556000181109335,-0.49395235048285857
3373,-0.29236874266655094,-0.5023202647222493
3374,-0.6388084456733795,-0.2729370271231651
3375,-0.6542009880677032,-0.2508321378871882
3376,-0.558590480031263,-0.19277906509493586
3377,-0.15569959169340253,-0.10147679163352083
3378,0.3989098802366273,-0.21886302864616114
3379,-0.9820092894097397,0.05038524296915494
3380,-0.3259580454165094,0.16369655940753214
3381,0.307918275786142,-0.39451799667817744
3382,0.7335565561861181,-0.04148838597380791
3383,0.3039315478402142,0.10039245308702266
3384,-0.08732735147610471,-0.4204384958876965
3385,-0.00028377991908875785,-0.4457888824004405
3386,-0.5108287972641722,-0.21791224701093986
3387,-0.16402651338777768,-0.42059584855329935
3388,-0.8534343324458286,0.12840775885051903
3389,1.232981193163749,-0.12409661716343114
3390,-0.5226418512111011,-0.03278639116329231
3391,-0.04629485352794651,-0.23073930794072978
3392,0.3263335256849503,-0.3174029099448869
3393,-0.4834934835977788,-0.3444863237083924
3394,-0.3038229155784945,-0.38378009083570025
3395,0.11232803343208977,-0.46658511623799104
3396,-0.7349166760665953,-0.3146620405589905
3397,0.1550902189478689,-0.23502775738300014
3398,0.5891635144389065,-0.44862382584243
3399,0.9680585672307743,-0.2741073126170402
3400,0.18412934624686841,-0.41960329403221447
3401,-0.2544365492677303,-0.49590314029188115
3402,-0.3805861288970769,-0.2943054479796423
3403,1.0180239606280723,-0.4584897437351821
3404,0.4729055688411337,-0.33179015446778837
3405,0.20548285664740723,-0.5582999668570574
3406,0.5092913812453645,-0.4907492959763046
3407,-0.23608766915124058,-0.47335226729459867
3408,0.9578180295011338,-0.3785048572271913
3409,-0.27889860491386265,-0.4597215847175367
3410,0.20809925320905362,-0.5042861739636402
3411,-0.5540447771340481,-0.42316206545031454
3412,-0.598299801460205,-0.4327765660993286
3413,-0.4394312434996428,-0.464242193240625
3414,-0.6084982438849709,-0.2706906900243208
3415,-0.14518331373044932,-0.5123607248941869
3416,-0.9160343386321003,-0.2563121809042407
3417,0.722546990614043,-0.5203878376872765
3418,1.0294065866123248,-0.42574739323149646
3419,0.17236681996736275,-0.6121872715835667
3420,-0.42311205255058276,-0.4969576542865814
3421,0.5093204943266721,-0.541467768653785
3422,0.40005302726298275,-0.5193389700849169
3423,0.16944950817582613,-0.5027761352573545
3424,1.0130287256942694,-0.42159565989966574
3425,-0.4456313741865078,-0.5041508804090337
3426,-0.2402845470322207,-0.49944522936654734
3427,-0.4418032307421307,-0.46376875864234435
3428,-0.27365181802137895,-0.5300090752366754
3429,-0.4089018041486889,-0.4018779787847277
3430,-0.07476646521457404,-0.09601602498016074
3431,0.3660287334145627,-0.43745134236696914
3432,-0.9551520339465425,-0.2908762888317386
3433,0.38384411198438545,-0.529297201644331
3434,0.4190070969136336,-0.5455575741567331
3435,0.20073007825921488,-0.5125186837643696
3436,-1.4791818242369381,-0.21825623315700787
3437,-0.33440314992132586,-0.4637622905618009
3438,-0.3387752356003323,-0.31142665544164455
3439,-0.7522338738026652,-0.1416498630553819
3440,0.3872217559274465,-0.4193880585836493
3441,0.7960877715933042,-0.3489886753500172
3442,-0.4330862327294628,-0.446581986849007
3443,0.666537942296773,-0.5130411021102104
3444,0.483593510167951,-0.4423863193419706
3445,-0.08088961366001829,-0.4891092736245253
3446,-0.23163550370554986,-0.5844163390274144
3447,0.6405926783752067,-0.5154672100770733
3448,-0.26001666257330863,-0.5185391349804047
3449,0.259370758093301,-0.5456674058083298
3450,-0.17348380876371652,-0.5259097628521455
3451,-0.5508082585174741,-0.4587428958730071
3452,-0.2004671826434089,-0.5511524022385577
3453,-0.2513809796681184,-0.4101849844385893
3454,0.5189344516615695,-0.5331991716650248
3455,-0.14212957940909057,-0.5360808488490466
3456,0.2866870403960281,-0.5475739073535918
3457,0.1793852216392991,-0.5146043746286403
3458,0.1689527821656066,-0.3422057302784518
3459,-0.5111775012014229,-0.44243451943626827
3460,-0.09019038478937903,-0.4440435236118041
3461,-0.00021252355641034385,-0.46414237129294955
3462,-0.8790107929139591,-0.3473451456009174
3463,-0.8194309127247243,-0.0459905925462505
3464,0.9391783652440993,-0.39486855123741016
3465,0.3824993007888532,-0.5365199987516045
3466,-0.5877389424366664,-0.43557157155565657
3467,0.05490622390824752,-0.3682429292728581
3468,-0.5509074101451769,-0.24825764319168964
3469,0.5266647132172448,-0.4238283655370347
3470,-0.45456479412045286,-0.44657270198449184
3471,-0.0015901468838043157,-0.35600265141264686
3472,-0.6733079037392804,-0.3038753612654826
3473,-0.45350913724044706,-0.07661450745212914
3474,0.3439211935968555,-0.41931991595772106
3475,-0.4715713765792039,-0.3554254803662182
3476,-0.20052015155915384,-0.26345489057210647
3477,-0.3507820743215281,-0.16404024203828893
3478,0.39380664962944506,-0.29018870926441903
3479,-0.25244157822083013,-0.33946597261205147
3480,0.7183986757709574,-0.4549759359884288
3481,0.11562798225599885,-0.35871740431824173
3482,-0.9319503191071453,-0.22742714445395285
3483,-0.37403707874071057,-0.24966202592076392
3484,1.1093007295178399,-0.14920244221058943
3485,-1.051759702625854,0.28045558812777027
3486,1.6052069684065178,-0.17244889193860696
3487,0.9435731593616654,0.05611422373829793
3488,-0.3515326089512649,-0.3744631861655993
3489,-0.4528723208090763,-0.4073664832884597
3490,0.44767608518079416,-0.4382295247661823
3491,0.7928295790196245,-0.43938803814328725
3492,-0.06682395787475984,-0.3664827244251258
3493,-0.2368385821754346,-0.44830053401338177
3494,0.7504412898492534,-0.3144204221093124
3495,-0.8386983424764932,-0.34628035312142846
3496,-0.20901826092048564,-0.41682119885493524
3497,-0.9092722390712904,-0.4222670703207695
3498,1.2476607440312264,-0.4041872360269977
3499,0.8058136299461462,-0.47466384831738423
3500,-0.5858355766094266,-0.4241112307949641
3501,-0.0003185478326911634,-0.547196738663175
3502,0.4373649850325726,-0.5764293465816646
3503,1.1634757704921772,-0.40882889323471455
3504,-0.4515056747920947,-0.46531017930269336
3505,1.152743955218777,-0.3236542278321256
3506,-0.19089097797961013,-0.3151570199829357
3507,0.2183879908319382,-0.484154970364598
3508,0.028142894418660004,-0.5587684468050567
3509,-0.5782018245838837,-0.44949944367120986
3510,0.22012188260928517,-0.500427771870079
3511,-0.933754259972968,-0.42352004939492643
3512,-0.332278449126909,-0.4788438431364283
3513,-0.005809954849646232,-0.5378251346547854
3514,-0.13841595685401326,-0.4836279485864184
3515,-0.8341629837645456,-0.42673734355371123
3516,0.626941257891825,-0.42554358637279033
3517,0.16935346081441963,-0.4744922232814963
3518,2.208506027566273,0.4085994592913553
3519,1.2834794847124351,-0.18266804773312528
3520,0.5952428486035719,-0.2223503140361775
3521,0.5674378522401425,-0.26736374237695903
3522,-0.5212368844084129,-0.267713381662676
3523,1.1917311099454495,-0.20412615389903555
3524,0.8038885655028754,-0.3801973180660569
3525,-0.010939672763676288,-0.08081211194252744
3526,0.4842798147816509,-0.15619912736462238
3527,1.193075035236099,0.22579514121746685
3528,-0.21846193469204095,-0.2445094550767163
3529,0.30391091376135754,-0.3946609582507748
3530,0.22878563679783545,-0.24172383408255277
3531,0.33624631231578206,-0.45345697898995224
3532,-0.861097608207828,-0.372922674787934
3533,-0.27215830679576986,-0.44017125744644964
3534,-0.800093053899471,0.08642706111576381
3535,-0.27553731107058904,-0.31344742735537234
3536,-0.689705029238953,-0.4137154147378102
3537,-0.25458539530965635,-0.3700177526609007
3538,-0.650463568247264,-0.39097373251058376
3539,0.2048741716710362,-0.35866567326992127
3540,0.2175251554229198,-0.48897833470278024
3541,0.10222533723035822,-0.5632721130294228
3542,0.7526104097692,-0.46242069857523643
3543,-0.402262468953933,-0.42498526810446385
3544,-0.20327600485365155,-0.49416603369175444
3545,0.20290954452087218,-0.48173521546278625
3546,-0.3158627191942098,-0.5223546056588185
3547,-0.2565131482726376,-0.4873915465552514
3548,-0.2422300260939075,-0.428454809834115
3549,-0.025344771441903887,-0.46209863024327874
3550,0.9349922488652265,-0.4183239520762221
3551,-0.4807415307800006,-0.45406755006196
3552,-0.19419427615586246,-0.5013124037752736
3553,0.3549099116963312,-0.47066456602969126
3554,0.4126642393219398,-0.5396495695098952
3555,0.4759595493057487,-0.4298806433458939
3556,0.34071158193920464,-0.4859080316488477
3557,0.29588481183793763,-0.430043596970974
3558,-0.5811356608217121,-0.39745440750496774
3559,0.2675420057681202,-0.5468832521142324
3560,0.4323412408003505,-0.33793452302174226
3561,0.06958696726109649,-0.4699182905729543
3562,-0.0013433887441286158,-0.3196897869098079
3563,-0.24669023833650366,-0.4531892341211912
3564,0.3750198219522026,-0.49727531849291307
3565,-0.11282040806134017,-0.5456757349773257
3566,-0.19082375673096988,-0.48436627710324176
3567,-0.45236607800860273,-0.44612262090270877
3568,0.6047964032194433,-0.5436768789738482
3569,-0.0712325328307637,-0.5416674187869359
3570,-0.08853961556843207,-0.4736246932149532
3571,-0.28282881539384,-0.47574298138833193
3572,0.33830129169200984,-0.5718651720446398
3573,0.0027217234726888253,-0.48754121743767687
3574,-0.22815181801771175,-0.3550681017616097
3575,-0.11738605372455334,-0.3496907172880113
3576,-0.32345873814128323,-0.41367117299459666
3577,0.11858781430584137,-0.47517475323385183
3578,-0.6433599644409208,-0.32671575903307964
3579,-0.3512151062264565,-0.4060087192780651
3580,1.6155071168842423,-0.2620499624032845
3581,-0.7245833233190424,-0.3224235480267945
3582,0.33201008109003993,-0.36508563219606577
3583,0.7515202220599387,-0.4300042203479469
3584,-0.5186688196236505,-0.4411542158020202
3585,-1.1921817305540119,-0.21139866099043303
3586,-0.39672989817024673,-0.3863186672157465
3587,0.12149406973404564,-0.35003173558843836
3588,0.22894171495270857,-0.37508945599456606
3589,-0.5829285154274502,-0.42858815391383465
3590,-0.39699647574577296,-0.36769845522977884
3591,-0.9875064707046313,-0.24593972579113238
3592,0.49248244177187706,-0.35336204098787793
3593,0.8426475533322505,-0.44385743653468296
3594,-0.24748101000846678,-0.43909769266252463
3595,-0.45544456828519997,-0.5164297883737368
3596,-0.03963408794869434,-0.4811099658986912
3597,-0.5289010833659303,-0.2900470984446326
3598,-0.2533570809071919,0.6557393419696314
3599,1.1610112645049802,-0.24366576436355486
3600,-0.3695028801990232,-0.14374971463105912
3601,0.6152753260998464,-0.28163193942543163
3602,-0.557948416234023,-0.3463725074661607
3603,-1.4320698439516395,-0.29466159778021844
3604,1.5842718606773645,-0.182849203745596
3605,-1.0494619831149214,-0.2588898424054543
3606,0.5217644521670324,-0.5216674078680547
3607,-0.42900913434171223,-0.5388181540236945
3608,0.09541916768684715,-0.5294083087568089
3609,1.0604186231782338,-0.46327991280033715
3610,0.3653842333559062,-0.5358070477955321
3611,1.1204248780354393,-0.3967861004076752
3612,0.05083280903912535,-0.4537733020879383
3613,-0.2502965632003987,-0.4749842660218369
3614,0.45592990441363795,-0.4333877073845772
3615,-0.3415092885574731,-0.5259379234660689
3616,0.6153005448720527,-0.5111080875565173
3617,-0.0735461887028219,-0.4240759148964453
3618,0.6859009104642424,-0.3363066917195763
3619,-0.5392484007418221,-0.4629955220815333
3620,-0.417338129864301,-0.4306240149027006
3621,-0.023677885799156837,-0.4630012788761834
3622,0.13638380484982346,-0.5185778133764295
3623,0.23573728087153217,-0.526719858015114
3624,-0.7469896243983692,-0.4366592035142801
3625,2.465054921499467,0.13207264979041622
3626,0.4529724129890461,0.5688293975575223
3627,0.5047353146974736,-0.24725552675358614
3628,-0.5008817558134018,-0.2873952533264049
3629,-0.34120612827086066,-0.30525389156634325
3630,0.8554031355868053,-0.3471661039116754
3631,1.911273974999951,0.23332431141846532
3632,0.5348871263284152,0.40346802452201935
3633,0.02614007727413982,-0.13277556492592107
3634,0.6604056481090167,0.006401658688603595
3635,0.2600958866158174,-0.2438373117656656
3636,1.0770422530168888,0.062130880009823156
3637,0.28593568388940854,0.1273972957619407
3638,0.6942472078538691,0.7492527281538569
3639,0.6342000082595014,0.17299157133204296
3640,-0.987297992175757,0.06075755684584487
3641,-0.6335686451220115,0.5903341660814808
3642,0.19863032839458825,-0.03599223749020854
3643,-0.008069842249635239,-0.051163378211909416
3644,-0.1098548991141051,-0.26474718749218146
3645,-0.30128526937813593,-0.3419267277682235
3646,0.7994488824472041,-0.1354719163736136
3647,-0.2451795012535095,-0.46708576605234187
3648,0.12581651940844513,-0.21686012493708084
3649,0.250773312969363,-0.24897284563490496
3650,0.4149349694528302,-0.1280347806217421
3651,0.654157874947917,-0.13507497615124392
3652,0.172879202995363,0.06622797213086709
3653,-0.552598285913347,-0.12173380588375238
3654,1.003494886580495,0.16668793155616507
3655,0.23475315061003038,-0.2523075012088816
3656,0.43545798483737735,-0.27386860748925557
3657,-0.14613190586152003,-0.207528152678212
3658,0.05427785440993124,-0.30069549777443666
3659,0.10899408351519602,-0.35183678908311045
3660,-0.04800509951400848,-0.38860597424348875
3661,0.910484426293453,-0.09518148261054686
3662,-0.029096940939304473,0.7099236157558341
3663,0.3116140942597692,-0.28568666871709164
3664,-0.42529512000659236,-0.11701205581417472
3665,0.529671815914268,-0.03181542995877513
3666,-0.6825651872843455,-0.20821579487521907
3667,-0.6470075228425268,-0.08191278684490477
3668,0.026677163516992532,-0.137783279327041
3669,-0.09898314833101694,-0.2743153264919049
3670,0.14963186253570152,-0.1432446033439686
3671,0.5303551627753438,-0.2391181812804999
3672,-0.6491370111923047,0.11419281959088685
3673,-0.11574216442255254,-0.35231208254121626
3674,0.23841351547787423,-0.2773858211755503
3675,0.38508652754910083,-0.3163160831784691
3676,-0.2975916026935825,0.06421996497509651
3677,-0.006461127395505798,-0.04738088267179366
3678,-0.5358871551668452,-0.16657109697897354
3679,1.1183500754482454,-0.10185503753032342
3680,0.5188901511551864,0.05119252722760497
3681,-0.2024759866071386,0.7764323830750898
3682,1.3198219617738491,0.04502664858529158
3683,2.4129060679311665,2.6061595561024697
3684,1.6660949842315873,2.0364144018437464
3685,-1.543711106300249,1.612725114986247
3686,0.7191334155544457,0.591599745738532
3687,-0.42077225771972865,0.16038258972388886
3688,0.8849373990000063,0.004198482022755625
3689,0.12310498587102667,-0.2809847411723488
3690,-0.4571544678243249,-0.09720086375934447
3691,0.5402820554445597,0.2627036198660551
3692,-1.6263580264782527,0.48696684622179987
3693,-0.16294979214580255,0.24873359291663127
3694,0.6493089739132755,0.008696609068324989
3695,0.05189616915867839,-0.12108619926168715
3696,0.26285955070859324,-0.27965458553188616
3697,0.04220442719449399,-0.3893658256521606
3698,-0.6689892559031999,-0.2665502031319687
3699,0.5545199682324279,0.030332965777444043
3700,-0.2309974565423322,-0.36222621587150905
3701,0.9492166452616034,0.2260730348298461
3702,-0.15022595478140438,0.07367672155981073
3703,0.8543321873691055,-0.32298366309656346
3704,1.694103132738053,0.8883254005827745
3705,2.13939088088636,1.6262575553358039
3706,-0.6281813306253147,0.2680660775028528
3707,1.2651962627509954,2.1843350341694636
3708,-1.4869150698140339,0.8198455744199208
3709,0.08838023463694103,0.14634654119153412
3710,-0.9300379474777527,0.12546541332446248
3711,0.5646729364601768,-0.21733079657059662
3712,1.0258148997096095,-0.17635287793038795
3713,-0.35378760199932013,-0.34552216263546587
3714,0.12241058017165443,-0.30124080585755214
3715,0.34618941557531335,-0.0037914446810070343
3716,0.9909376840873005,-0.12968094188101875
3717,0.7359807131601638,0.03456536565257639
3718,-1.1619765663109678,0.25711332333130354
3719,-0.6466744775183036,-0.0640744731251658
3720,-0.0609505137565392,-0.08376252234471697
3721,0.322305817091662,-0.3177845495413347
3722,0.43194495110839437,-0.006747285652239453
3723,-0.11792950995692789,0.07840005690475574
3724,-0.10223903454318307,-0.31513519941261015
3725,0.9289715677339109,-0.20696122823786867
3726,-0.5485384433460481,-0.11718000393447266
3727,-0.6711138082616885,-0.07710401862776481
3728,-0.1182455047829177,0.02886442495126388
3729,0.1516515987641094,-0.056910186987696836
3730,0.9097107488167281,-0.06730545180248332
3731,0.008405003967117412,-0.259218508862917
3732,-1.352350313195376,0.08649683181418628
3733,-0.5415300885217187,0.1301573236475848
3734,0.9012413673671716,-0.1980514752884296
3735,-0.41096114012914997,-0.26523889906782294
3736,-0.22928438091930245,-0.34781554250200064
3737,0.4909991932571142,-0.4016319455641616
3738,0.27361570615588665,-0.30618518196454925
3739,-0.009680476861939112,-0.4091067434965747
3740,0.5347911823115156,-0.4182184554139723
3741,0.19146494699229197,-0.4253283964373092
3742,-0.008960404719513029,-0.30055388495452795
3743,0.9665730727409626,-0.07429222578332295
3744,-0.05223644739489629,-0.09538910015614568
3745,0.5949230847978845,-0.34304794691310153
3746,1.4898046804237197,0.6759108341536632
3747,1.0422748252111325,0.5706299120745746
3748,0.27628688608884344,1.3797034531160663
3749,-0.8561964634085295,1.5114189632660993
3750,0.5429019560979773,0.8544995311829353
3751,2.9796894110813796,2.9432922271115443
3752,-6.437370653557491,3.398809865003696
3753,1.5942294731681483,1.6037097255122388
3754,-1.3492849421544995,1.3755165628914827
3755,-0.8200361052818039,0.9181051143807537
3756,1.0102182195360012,0.1198453903175118
3757,0.31166119408920184,0.006170945899881038
3758,1.2528538090640093,0.43552021287072223
3759,-0.10643435060693018,0.2122628919540721
3760,1.2163606496435155,0.30371776390486227
3761,0.5483790085486273,0.024394005322163258
3762,0.4088950929557188,0.9562224649217617
3763,-1.218244766544629,1.9388617580590524
3764,0.8988434692352628,0.26101897525491335
3765,-1.0849018618777682,-0.22588641805024234
3766,-0.6850795728182892,0.22417881874244266
3767,1.0752302467184067,0.06974936256065878
3768,-0.40915845822019886,-0.19253395100727905
3769,-0.10353298451086283,-0.23076985416226997
3770,0.6884752930120565,-0.07694868996910349
3771,-0.6991188472049537,-0.05180801705205435
3772,1.133254608153884,0.26881761952058003
3773,0.921448765245942,0.6118631924697278
3774,-0.6442952559651703,0.49086684509640477
3775,-4.802079975643682,2.1333429226600846
3776,0.6412864780730239,1.5379545438649653
3777,0.4537358377093101,0.23679941429220508
3778,0.41056665058759195,-0.03291919050527323
3779,-1.1430353590118987,0.1517858729356249
3780,0.13778452458375207,-0.024247560142768847
3781,0.8399660858156348,0.39713699808971253
3782,-0.3429285099339714,0.1917400755864675
3783,-0.2843314578494519,-0.27981117740375805
3784,0.390543726663394,-0.2453193954710715
3785,-1.4590916993501075,0.08513569639325307
3786,1.2976276793707604,-0.05884844102592002
3787,1.4545005758013951,0.3365401473967731
3788,0.15705705443985132,-0.05877803410076385
3789,0.515743380224964,-0.33110280940551784
3790,-0.6381895581122563,-0.24809668651143046
3791,0.10159867775204148,-0.3435978841425696
3792,0.08441087368831679,-0.4487342463442683
3793,-0.3229852865059909,-0.411240846043339
3794,-0.3207059980763067,-0.40656984999895995
3795,-0.008061062261197948,-0.3293053980099021
3796,0.16911098427243246,-0.5172783027421686
3797,0.21937234243254497,-0.3899511476076165
3798,0.1667597467080552,-0.3601963075796497
3799,0.29088164302045266,-0.4744623612940016
3800,-0.2857065283709298,-0.3642773953106244
3801,0.5149817105813,-0.4049474010295994
3802,-0.2963785109243661,-0.4702882002935392
3803,-0.6896199072642514,-0.3972520919432219
3804,-0.31669154182334736,-0.4466796031596553
3805,0.5134890608991622,-0.5213297317870459
3806,-0.11306257236733003,-0.5324805187464337
3807,0.4691084150343243,-0.5474059106328228
3808,-0.06949361231568002,-0.4743523843001114
3809,-0.5470946373537062,-0.3820388477899635
3810,0.40089750849522093,-0.22431493005796277
3811,0.010103175454779251,-0.40654505382778044
3812,-0.41715495451901197,-0.28602498842083157
3813,0.3658679160958162,-0.44041651161514495
3814,1.3632651947874477,-0.07167920368058894
3815,0.0923466724383716,0.4695800997902978
3816,-0.8299095958978959,-0.05484117525399228
3817,-1.0017050284576456,0.07112847475050767
3818,0.5819162372644742,-0.14261300440913371
3819,1.1619633069913498,-0.30079132417330384
3820,-0.2091049637658616,-0.2317737228789606
3821,-0.39665627557980276,-0.3540433325760461
3822,0.645853880652701,-0.4318217883541114
3823,0.037392991112788994,-0.45446836346785274
3824,0.9361198024956499,-0.4895138753834632
3825,-0.057976450574193795,-0.3777170062208166
3826,-0.9166680563587796,-0.24688482916942106
3827,0.20584295542101028,-0.4056025660490085
3828,-0.21748103680073083,-0.4015151450454656
3829,0.3730836254363744,-0.20942934384687234
3830,-0.9179166818645984,-0.17345958518643673
3831,0.17396074888573265,-0.32563369913973694
3832,0.01327493306699288,-0.48059884710555006
3833,0.30342191759512627,-0.5302041507245199
3834,-0.4156163141886175,-0.4524904606519026
3835,0.16528160390474875,-0.29575604100549396
3836,0.32220651993323735,-0.4411312946158847
3837,1.4484340881949314,-0.4572254525299028
3838,0.585503885929153,0.2995068950451856
3839,0.7075688918211215,0.053109009799821014
3840,-0.33280665712483837,-0.36636342699848606
3841,1.3521037073364208,0.2197847216070284
3842,-0.988093187809459,0.24065572138195396
3843,-0.2825712671842641,-0.14385898853024132
3844,0.08242418662540743,-0.11350452306542112
3845,0.47970522041611635,-0.03207970421860458
3846,0.14443248365878567,0.41190944791846534
3847,0.7492243780820611,-0.17180782939125844
3848,-0.6949434082618083,-0.07229095123314602
3849,-0.9190522181254095,0.3072640721515693
3850,-0.6793109468414936,0.129038304396959
3851,0.6391100870207045,-0.29351631512141363
3852,0.727078157770798,-0.13140375057781792
3853,0.44594466300265045,-0.24063908211604523
3854,0.28282206599993287,0.2307032052283028
3855,-0.590638705445147,-0.06147898789660475
3856,0.031181351650065733,-0.20474585899099063
3857,-1.245746389447094,0.046100958396002686
3858,0.92074982935172,-0.14682374697553158
3859,-1.0484503706870518,-0.17986701527355864
3860,-1.187454027567683,0.0981803051158478
3861,-0.30157578190263507,-0.04310456079758201
3862,1.343809970116022,0.07265113022144443
3863,0.39785808215680885,-0.23036908220892127
3864,-0.8472701122548051,-0.21438331073675432
3865,0.712117776596732,-0.3529201378767533
3866,0.27822448618769696,-0.201894540239906
3867,-0.10707762581815855,-0.3031497827460063
3868,0.2896873974488286,-0.271348470052521
3869,0.13280279555290728,-0.17326436332858725
3870,-0.42491559155916997,-0.07349281160653932
3871,-0.31413297255358086,-0.05254424028486309
3872,0.35389372488813364,-0.4577838832191041
3873,0.29783789013072365,-0.3651144583241197
3874,-0.3907986799656696,-0.17281040246612078
3875,-0.06755881131130766,-0.3180726941919194
3876,-0.5249788747476497,-0.07907842940977881
3877,-0.22180385432173394,-0.1799414843110661
3878,0.4771846666184581,-0.20769861933924405
3879,0.652396765947805,0.0026058642230923634
3880,0.3959595368704188,-0.20607361112917733
3881,0.44828188273887176,-0.24725514947490607
3882,0.03168811838948143,-0.16257612999576443
3883,0.4367036529724063,0.21339284195997538
3884,0.021874734237001398,0.25219403919791294
3885,-1.4990387961801235,0.6178814388799225
3886,0.5861101499448121,-0.19989008699256683
3887,-0.6367592077160821,-0.2986307246948733
3888,-0.20462299841843637,-0.2584591700463337
3889,0.698055529210439,-0.22556530231315308
3890,-1.1059977778511485,-0.23836354893850442
3891,0.6733036735254384,-0.33209374051976676
3892,0.5208504014312915,-0.3619576893264801
3893,-0.29993078263193984,-0.4091999694265367
3894,-0.22007077349102974,-0.24418380494367603
3895,0.25808447088804376,-0.3665217430674582
3896,0.5693243519362318,-0.4398733103046977
3897,-0.03006094470989747,-0.38955046632657775
3898,0.20823587112499645,-0.36735209391657087
3899,0.2714997696667937,-0.4201301360630288
3900,0.5558395802033772,-0.3845138988153373
3901,0.8467901022236556,-0.1667610807967999
3902,-0.8233840029833727,-0.05906137768394817
3903,0.3649802619657732,-0.3634846372328048
3904,1.0002363945455455,0.033780288324645
3905,0.1998665457323748,-0.028539313771717888
3906,1.6949480624631572,0.2803111538006704
3907,1.0751394334447297,2.3385175542899286
3908,-0.17352424094535066,0.5810110934109711
3909,1.2421063752105719,0.21450002956472097
3910,0.7258580893227068,1.808223664132717
3911,-4.913772059565293,4.768810054637785
3912,2.3585533476453864,0.8232464951457946
3913,0.4947007987731323,0.1818288463101943
3914,0.0967503366529686,0.15555657934310863
3915,-0.49082169102153445,0.09594478896912373
3916,-0.10343706832199853,0.14575288035332667
3917,-1.2843341016494796,0.5549521989742142
3918,0.3702127157621249,0.08758978398818992
3919,0.475546394733911,-0.22904348811895753
3920,-0.33997191284991474,-0.11998098509793814
3921,-1.2031245578904686,0.3824325862776599
3922,0.5752165536653951,-0.04180212983909726
3923,0.8027740999491566,-0.32910757524496237
3924,0.20866821797614638,-0.3190192996879474
3925,-0.6826171026589359,-0.22375899841620112
3926,1.0553607195731929,-0.10743783551743785
3927,0.2593809169479091,-0.3084631986752182
3928,-0.29249728969304467,-0.1885044478661667
3929,0.23468876253726906,-0.47662891881032005
3930,-0.09847798158752295,-0.38016626605836534
3931,-0.8089149609043618,-0.3190758555197363
3932,0.497119191794204,-0.45666906175012284
3933,-0.948000682769613,-0.25244787259883816
3934,-0.8839969465944423,0.13998772170390317
3935,0.8281709853073129,-0.2760056677612356
3936,-1.4502401806433254,0.27093936433463756
3937,0.1992779100659696,-0.0006526954780804468
3938,-1.1191644173882556,0.7080012335894238
3939,-0.4800494760001832,-0.013794586674144647
3940,-1.341538724270724,0.6097831712670436
3941,0.7358252975250991,-0.07014255867773457
3942,1.4623180337907984,-0.18265853199821658
3943,-0.3499495859888995,-0.2847276984556243
3944,0.12781987632007916,-0.08104714079616594
3945,-0.762894605715604,-0.32481301521058964
3946,1.76539285516128,0.0487954218017734
3947,0.40901360420225613,-0.16163936343211283
3948,-0.16950659126313933,-0.3770926091951512
3949,0.14287546246072447,-0.40526904125218677
3950,-0.305241338833602,-0.26331153677283137
3951,0.898475430888008,-0.2961244623868965
3952,-0.6220539457629971,-0.31250894507264526
3953,0.7048393287586753,-0.3349433100662874
3954,-0.43896396413469074,-0.2850239330234583
3955,0.25065112622411956,-0.45782250908585154
3956,0.17440591012736414,-0.4515035824657174
3957,0.26881235717711377,-0.4294449949088077
3958,0.42119216754502903,-0.10340375033138778
3959,-0.9152254617759887,-0.15663476502272278
3960,-0.15505612600668503,-0.23726279887387924
3961,0.27586759043102016,-0.4865035935010568
3962,0.2561530020651348,-0.3497609514160561
3963,-1.5097853808822963,-0.04890915513830237
3964,-0.5868228183500553,0.3053831038354112
3965,-1.5588504401984284,0.521215186987626
3966,0.5611373389045582,-0.10259825281945392
3967,-0.052292934157151354,-0.12016558744214346
3968,1.0687452471341057,-0.15567278005430113
3969,-0.23813594828201712,-0.4310483495890494
3970,1.3073340451251438,-0.12026875928421996
3971,-0.9206873016225658,-0.29353400759632836
3972,-0.4630907932552293,-0.40178865602945546
3973,-0.8457803312587058,0.23518049867310054
3974,-0.5483555990732321,0.007641977078896401
3975,1.0379024998697441,-0.13354958250041465
3976,-0.466113308917044,-0.41053967576268413
3977,-0.12856068391342562,-0.36838338678613197
3978,0.5798309613119879,-0.254836325228245
3979,0.04302817266203042,-0.1784725769265642
3980,0.752873974929137,-0.2853677386719836
3981,0.31109531487838615,-0.19862049025142875
3982,-0.49319589734987057,-0.38862272373379103
3983,-0.09920532571421259,-0.5255486985063178
3984,1.9083555900169584,0.09422620367885645
3985,0.21876622847391536,-0.13602926064078574
3986,-0.008322936672139191,-0.38930476146585585
3987,0.1485131117564333,-0.44970212391881204
3988,-0.32997370919233143,-0.3255863627826091
3989,-0.29606781353354655,-0.3774490495404536
3990,0.001973160914248694,-0.4290637723281281
3991,-0.15844220859481994,-0.513186196967821
3992,-0.39127893343319986,-0.44479761543110713
3993,-0.04605487944276091,-0.47901526982852244
3994,-0.7623440037031132,-0.35816583695566256
3995,0.7615582028167494,-0.6109018816217915
3996,-0.12627305169391626,-0.49218709772330527
3997,0.9602866911395843,-0.462420262627457
3998,-0.7399535134220376,-0.07710379498733454
3999,-0.5649629370593928,-0.38232370984838
4000,-1.1638685458564126,-0.23990155953865983
4001,1.0741106307131512,-0.4910403260505613
4002,0.4887486372994994,-0.4159696387023778
4003,-0.026666630387751175,-0.46348179400463707
4004,-0.012095915285259258,-0.5169094170325357
4005,0.17754669181195465,-0.4712114446341233
4006,1.0366768842981606,-0.21228057806209916
4007,0.35855138736767256,-0.2579658639333831
4008,-0.14385690109301932,0.06063116206785685
4009,0.7321592135204102,-0.24019094788009154
4010,0.76593003381797,0.40892082782696415
4011,-1.8583454754224846,0.24005218638220016
4012,-1.17430639886174,0.27565366429028565
4013,0.28332476148259683,-0.26831679662798347
4014,0.42558911313223563,-0.1264739761433686
4015,0.1943827677475467,-0.2099395742251684
4016,0.007028236419263636,-0.2649380255505113
4017,-0.07697580316734258,-0.16731560489452624
4018,-0.21898576728043398,-0.24847768472959725
4019,0.5096329431508286,-0.1394146261410089
4020,0.13321792913958144,-0.2688296643214382
4021,0.7944207903765761,-0.30614379773959755
4022,0.16024742251071503,-0.3336729503850309
4023,-0.7900720426265854,-0.10967711909256915
4024,1.0497987267039326,-0.16044506464601094
4025,0.13127519699346746,-0.18532034522884105
4026,-0.6188423601450994,-0.2558500189264401
4027,-0.842466896589848,-0.06542657969562357
4028,0.49514725066158494,-0.198861947273324
4029,-0.36677969436253116,-0.392808085965196
4030,0.39033471665749864,-0.23597920774623393
4031,0.9207059831981718,-0.22521875764280874
4032,0.24440311120645658,-0.3187857590662685
4033,0.27238402532899103,-0.28191333286216236
4034,4.328670636574176,4.344138545521561
4035,1.7574202612589809,2.6089197258714045
4036,-1.9896860675977204,2.420909783067287
4037,-1.5132782950139965,1.4857675366438934
4038,-1.077557259070486,0.49847284408334946
4039,0.13215905027454752,0.16752868577362973
4040,2.0335161391898042,-0.06195571646542877
4041,0.3632122749956086,0.4361580015171791
4042,-0.56639990644157,-0.06502263420287953
4043,0.48503707289660575,-0.08363734107565166
4044,-0.06018727942389043,-0.13478967339232428
4045,-0.8371617832080507,-0.156894372705204
4046,0.023427132830943418,0.14358114831075847
4047,0.22027829269424207,-0.10181970092383935
4048,0.28655811132043846,-0.1645868621535535
4049,0.56909731260159,-0.332079383392573
4050,0.5220478426480384,-0.2971904688057815
4051,-0.3390979487222161,-0.08563416353937489
4052,-0.7054842103202881,-0.011793176881845493
4053,-1.6384267271923536,0.7974880221382966
4054,2.2015089130770855,-0.3088505900022228
4055,0.04695977500031934,0.339292107564586
4056,1.0907428479361088,0.7762888070195317
4057,-0.696749959562549,0.2731564902578703
4058,1.7541576304734263,0.6107509197936188
4059,-0.662752755489364,0.6670265435332429
4060,-1.8702234455360378,0.6984288848603533
4061,1.4136886575329515,0.9058771662008082
4062,-1.5164473511500518,0.6564430093348461
4063,-4.874336418549966,2.9931022411316373
4064,2.351018499480793,2.1694051749686474
4065,-3.0193087388726436,1.0449042403508184
4066,0.2188923396324593,1.6607918134668547
4067,0.30095309146294125,0.3008608811826335
4068,-1.3369830960469165,0.19823008718769458
4069,-0.03180805335333279,0.19074956610464072
4070,0.6673233153138589,0.40655221437497285
4071,1.0313792311552368,-0.04550223919837357
4072,0.051023138035205876,-0.1107180478020737
4073,0.09492191065752538,-0.24381432805671316
4074,0.5365822755300365,-0.25701778936587816
4075,-0.7311944333430248,-0.09547866798612417
4076,-1.1795168833634455,-0.08501503692759305
4077,-1.2187007749585463,0.5999699484879669
4078,-2.035049761805365,1.3318725757966567
4079,-1.6576120956077238,0.5294925925903501
4080,-1.0527825825974548,0.9595776478941235
4081,0.5121381105912214,2.9630492630708556
4082,1.371035580185501,0.9282388226698812
4083,-0.5364555819831656,-0.11603887429405697
4084,-0.36303852106055723,-0.34201164200239736
4085,1.7184921633645664,0.01209500714170103
4086,-0.48900219664524475,-0.29343552521213734
4087,1.4448307210909408,-0.26869150987904716
4088,0.7857065570996841,-0.196862698428743
4089,0.32337624492708056,-0.2703401357219522
4090,-0.4537261164050114,-0.3770935356766691
4091,-0.26289686320566036,-0.37097278483508717
4092,0.7610598242789499,-0.3643205924192767
4093,0.00011897953855127949,-0.4028951706664566
4094,-0.18265345387972295,-0.34451091553481655
4095,0.4239465354410604,-0.46805141929168603
4096,0.4572469023344067,-0.31851784595497123
4097,-0.08191216855517308,-0.3946853375388979
4098,-0.009332450705066612,-0.398631876299094
4099,0.8435790738319721,-0.31958320177757443
4100,-0.9812912755469677,-0.41428623703799206
4101,-0.2123383505459677,-0.4461408443361538
4102,-1.3542966447949747,0.022580040068213875
4103,-0.20714777569619758,-0.24055523404467272
4104,-1.2362394899450821,-0.15676401888009922
4105,-0.07450503139334552,-0.1975960962742052
4106,0.1905460073936106,-0.05344375062216103
4107,-0.4288146342354578,-0.19538664536711287
4108,-1.082387440654768,0.157317474482021
4109,0.667774480486875,-0.27905060527843806
4110,-2.0751348003291477,0.885567324420384
4111,0.855466308986331,0.6938921010287972
4112,-1.7352328359284728,0.05399592424326051
4113,0.6100470794494331,-0.10306107859256185
4114,0.3543128387649074,-0.23926046683783614
4115,-2.2130088026060437,0.47635807257905805
4116,0.9924580564936355,0.07313703328639537
4117,-0.8919811319585542,0.02198883263606346
4118,0.541349404067809,-0.005764008543988515
4119,1.8892572238561558,0.22976695893999682
4120,0.974750470878154,-0.020131945149880773
4121,0.6103481987417376,-0.24525919801005608
4122,-0.11035648500616584,-0.1830960279692651
4123,-0.3058228464586895,-0.31996572718130706
4124,-0.9321139627872589,-0.2536549871663721
4125,0.8403595161495538,-0.4343668702437701
4126,1.0886962383193208,-0.18137264377174533
4127,-0.9786777381118779,-0.2792032271729208
4128,0.8077838271726857,-0.4188347510317196
4129,-0.4124495105810189,-0.44570764585653116
4130,0.7502220950863321,-0.3701555371599154
4131,0.29466942596916107,-0.2200470164588611
4132,-0.515019864295402,-0.36496474306785887
4133,-0.13989278194094676,-0.4497495296948546
4134,0.5632134411792589,-0.4125982586737473
4135,-1.1548479423115763,-0.21885138359375828
4136,0.7415854700098814,-0.42539754499397314
4137,-0.18598162036863528,-0.3810195412481358
4138,0.939117549973246,-0.2952206891316186
4139,1.2169871857005987,-0.02692183499432403
4140,-0.01647338200049926,-0.21165187641549943
4141,0.5137098888778937,-0.19421028326394563
4142,-0.462100934240814,-0.2793126260946385
4143,0.14099613662845237,-0.3543914481712058
4144,-0.053187739053361,-0.34985509075752114
4145,0.2070761353843875,-0.4046777693141438
4146,-0.295780551051207,-0.35347254252340365
4147,0.6740874484160846,-0.4017314505556185
4148,0.8320366875201066,0.24579073355110087
4149,-0.6364622228332462,-0.21822499251517263
4150,-0.9707064536025943,-0.1124054760935074
4151,0.17644494452862672,-0.1081089292410353
4152,1.7460838562460208,2.0277325365129233
4153,-0.2537379442045288,-0.24547839979676211
4154,-0.4274214781563512,-0.1819647013343223
4155,1.1098883281602863,-0.0006421596985411952
4156,-0.6115589044647749,0.0033934602029158916
4157,0.11397727435132553,-0.19255903884056957
4158,-1.9533253185324242,0.45155520562308005
4159,0.8320759147427989,0.2950509271673132
4160,-0.9109750129904846,-0.24750222765998042
4161,0.04637365263903905,-0.15219091633320286
4162,1.693325206049115,0.0938757610996549
4163,0.16599451661274356,-0.32866279003783455
4164,0.11689858912443934,-0.2754580458442079
4165,0.45459149510921154,-0.12520767431879526
4166,2.8179407587710164,1.0418869618141748
4167,0.02452880455702689,0.6252400565899286
4168,-0.8534724366553333,0.1740160709425741
4169,-0.6940037173047824,-0.07232136975051352
4170,0.6245208178355948,-0.2242534675031212
4171,0.14995209195985834,-0.1008760854361299
4172,0.4362124753471697,-0.2709673100574224
4173,0.2819560479738301,-0.19547485363339318
4174,0.48491312212302584,-0.2360003349061317
4175,0.040146557598593875,-0.30205333777502313
4176,-0.7334365275651001,-0.0022817195854096615
4177,1.364586649926001,-0.08583036356727866
4178,-0.37773791595522116,-0.08722010142832758
4179,1.771302595374935,0.5826030708857279
4180,0.9762916008034388,0.5959842385990326
4181,-1.5546736617782189,2.0201115901625055
4182,-0.9517470452211999,0.19484704353589305
4183,0.39669251444726844,-0.06783103653727376
4184,-0.08970685458528614,-0.3044103054886309
4185,0.28707455614796484,-0.32554308142437965
4186,-1.0636171741497218,-0.2465264770836465
4187,0.7250948632028804,-0.30644329072733534
4188,-0.7117584464634509,-0.30173891894469046
4189,0.45436655377758867,-0.4781645628604495
4190,-0.5689889714208698,-0.3116590817871423
4191,0.2287393116048229,-0.3960651355103041
4192,0.34180885106678,-0.2979415874477364
4193,-0.43097782084948905,-0.32334209837930766
4194,0.3947290715885418,-0.0939397765962304
4195,-0.3570898539162165,-0.2218289471270446
4196,0.6796216531046744,-0.40689037415522533
4197,-0.4770941930763454,-0.3193329323221082
4198,-0.3877553055534908,-0.06656410062230138
4199,-0.3248714490388778,-0.16253080151107152
4200,-0.37620241758095874,-0.3342578162593755
4201,0.20193558574860168,-0.2819607667498682
4202,0.9262112055399907,-0.10739675563108585
4203,-0.35192452375394023,-0.24535260728842773
4204,0.6164244065082166,-0.037834640221953014
4205,-1.6862836333210056,0.30579614457302084
4206,-0.919094456279922,0.6109794501897282
4207,-0.6036233907867913,-0.2789368084445538
4208,1.0588215689993494,-0.26744529399234185
4209,-0.21575450832117002,-0.28225233666105737
4210,-0.18705373470883735,-0.286090772385216
4211,-0.5223006703008322,-0.32553354198516526
4212,0.5299475244490449,-0.22433596060557515
4213,0.13061976586950436,-0.4420970055381269
4214,-0.46181118426611306,-0.39825716671216177
4215,0.6221471626292143,-0.33856164547006334
4216,1.0619055875749812,-0.20242370188245057
4217,-0.05297253083766617,-0.4216470511256889
4218,-0.20292737845559627,-0.13789375457243835
4219,0.05766963569998943,-0.4614203311122444
4220,0.4819667355776165,-0.3957310807101569
4221,0.4611180534381716,-0.14917943622117824
4222,-0.21651951610915665,-0.29588163258202366
4223,-0.18813802398228918,-0.33773215643231436
4224,-0.2972235027991416,-0.320100245817401
4225,0.23684534650726574,-0.37975148098022554
4226,-0.7277047522661185,-0.26514283095410335
4227,-1.2094683650535687,0.012122934484008339
4228,0.5906845917379833,-0.15151605057095302
4229,0.052220887568465366,-0.24855281837831877
4230,-0.7061078604919079,0.25734843831811094
4231,0.4015261894647445,-0.2976776846781331
4232,-0.03497739853356075,-0.09982152391331878
4233,-3.264308072901633,1.3238177432601659
4234,0.695700969627193,0.681275874180289
4235,0.7745010854185451,-0.021205255652935455
4236,-0.0008943005827120479,-0.23613609323765955
4237,0.7330302467453186,-0.24768725000813935
4238,0.4476316144679526,-0.26116464152779695
4239,0.5645858985375308,-0.16924966130659252
4240,-0.17624969847539432,-0.2812199709399576
4241,-0.5914525877731519,-0.3323145817552923
4242,1.074950992513772,-0.3774642874565677
4243,-0.03518901100387752,-0.5155082157162287
4244,1.0227720783934175,-0.25595640333407
4245,-0.5302612195583979,-0.30427513946614504
4246,-0.07754475748651077,-0.2848222646041781
4247,-0.09429059434905603,-0.27204400908619925
4248,0.12132277055430127,-0.35653955384007546
4249,-0.8846384355493404,-0.1696220671244842
4250,0.17249587822208545,-0.12803237753226845
4251,0.035046997678450084,-0.06825669608692986
4252,-1.65340128974952,0.6054782831820157
4253,0.8969100881661806,0.5957792805381477
4254,-1.623881277299128,0.23105843982304014
4255,-1.0484089167381807,0.574869659985604
4256,0.9383018020803275,-0.06014189848035084
4257,-0.40388747122039526,-0.2049497750154874
4258,0.3995413828226165,0.0033511010949338962
4259,-0.2641485325418442,-0.13350140405744262
4260,0.1364182891985045,-0.13913456918773082
4261,0.35743853163419037,-0.33931167277610663
4262,0.45880977596459155,-0.3640231994689445
4263,-0.9612369595647533,-0.3741772313314896
4264,-0.20202221891612734,-0.277320327759441
4265,-0.0406738951656105,-0.18244350495960088
4266,-1.1403589346915959,-0.10638958371298561
4267,-0.3732571540151473,0.07489230862572434
4268,0.8337557421671039,-0.3478457986244983
4269,0.524925764381547,-0.47459722040419183
4270,-0.2083553076880378,-0.44411096777298503
4271,0.3395918171867003,-0.32993713413338843
4272,0.1520972595907702,-0.4845300349778226
4273,0.6428908550080231,-0.5195947910632315
4274,0.08760590945904384,-0.43387533993213523
4275,-0.18478402516230877,-0.43262211637980463
4276,-0.08481913923240521,-0.512057736929967
4277,-0.15415887667732942,-0.44101701667919513
4278,-0.09815887165497468,-0.5149585439091686
4279,0.2728175390354121,-0.49218265423163365
4280,-0.01259174928574424,-0.5238190767883378
4281,-0.034225745792424545,-0.49302656012213125
4282,-0.7730569335055887,-0.38035922515522774
4283,0.5442016964658498,-0.5424460249229639
4284,0.18327714842653028,-0.5241474838200634
4285,0.5271348231779386,-0.5318129244798663
4286,-0.6300132890404058,-0.5234172528241552
4287,-0.011494944633685441,-0.4943526045851719
4288,-0.4323058679662432,-0.49734606947542487
4289,0.001356731872211783,-0.4668738474425582
4290,0.05868132362857634,-0.49011691009969366
4291,-0.09987740218912959,-0.44624744274813394
4292,0.202866354332378,-0.5609686801536163
4293,0.06541284385112076,-0.5254720476941227
4294,0.8444465009646662,-0.48385413296618934
4295,0.3301272694774832,-0.33399335211843584
4296,0.2433689766202008,-0.4263307455606238
4297,-0.10005071486155326,-0.46544014096266445
4298,-1.0209075923642523,-0.22525514257675894
4299,-0.6101838844660096,-0.2927915886235022
4300,-1.3108870642921178,-0.04233392613088603
4301,-1.0910187135853895,0.3176976505013872
4302,0.638481088605828,-0.07902191569213023
4303,0.4479409184428622,-0.33264991715037534
4304,-0.4000359950200097,-0.41286521278307436
4305,0.6158152753394583,-0.41232542009482004
4306,-0.36498041145452287,-0.36472374991613193
4307,0.44221501082110926,-0.4131048711705458
4308,-0.3683844107394922,-0.42300088545968767
4309,-0.903780342690186,-0.326812840552011
4310,0.1498184735964319,-0.17358747746066516
4311,0.5478654828168311,-0.4803400067841754
4312,0.00621764243067233,-0.4719869574811141
4313,0.13708663488007056,-0.5416322366650519
4314,-1.0396376135171785,-0.2953485567099643
4315,0.0008175942590179072,-0.3706521469555412
4316,-0.41143658801336896,-0.24981161618440506
4317,-1.1064011112523287,-0.04172933681607393
4318,0.8595149163569132,-0.11286225023829037
4319,0.06868062597102847,-0.39325943550144404
4320,-1.8931238176868628,-0.02808047548843036
4321,0.8270744937178274,-0.29181064409389407
4322,-1.2999411903863651,0.017376963322012544
4323,-1.0189688016723006,0.19683704133692914
4324,-0.007792402471302037,0.3009205698112495
4325,-0.49867363844504553,0.14137208858864103
4326,1.1032084917242613,0.0012468039801655107
4327,0.7147063228226732,-0.2042461383805545
4328,0.4830704376607783,0.022455317061648883
4329,0.5801701417893377,-0.313978009867646
4330,-1.3605663271113984,-0.08213160083875432
4331,0.1470283737904348,-0.4135566336420811
4332,-1.4850576988038504,0.26557438202475725
4333,0.6467569169167852,-0.02319770298359455
4334,-0.7578473506857298,-0.03917033123025776
4335,0.4942199922658789,-0.36529502290537363
4336,-1.0552735736358687,-0.12298247268282311
4337,0.8177842573551474,-0.049736030085132096
4338,0.6323481785305487,-0.23153004459811738
4339,0.8024926340756068,-0.35197719230859426
4340,-0.037247574431963144,-0.31291032529281737
4341,0.4079816993994026,-0.3888541241738989
4342,-0.4664984602359959,-0.14758802055931658
4343,0.49810102760913105,-0.20557664978873058
4344,1.2921731430162235,0.7267649651204704
4345,-1.0303083861562456,-0.07291162496309134
4346,0.8077449250430564,-0.29405517004600373
4347,-0.6191293205131531,-0.3388308454445442
4348,-1.4866944437869716,0.5867577562338493
4349,-0.7034005038336507,0.3802052407021584
4350,-0.5620193530333787,0.17619611183296952
4351,-0.3903091706407633,0.19710622408743533
4352,-1.9150231998364042,0.7576122054163729
4353,1.3770172617458771,0.8378642006283656
4354,0.3237311489975759,0.03763476803635691
4355,1.726481773445502,-0.08184448693131506
4356,1.6482468977868494,0.23843670579700432
4357,1.1774659142013069,0.4468116234595646
4358,-0.8689991074225953,0.005276824783139665
4359,0.1622900602151314,-0.20871036337072296
4360,1.7499981276817387,0.09314942399337657
4361,1.3357110276612483,0.21174740066244369
4362,-0.7627862567331101,-0.23006604184301088
4363,1.3431763838235542,-0.08429602345645956
4364,0.056446315003669645,-0.2677384029977257
4365,-0.9583329997571481,0.06481312015146622
4366,-0.06197973982235313,-0.20535535694944695
4367,-2.052900530298236,0.01994156153915027
4368,-0.9368124769622225,0.34121166879373993
4369,-1.9713898832908126,0.3944129035185615
4370,1.3992835959984407,-0.19037248094673892
4371,-1.3275259021566255,-0.058468166275744964
4372,1.11926774652304,-0.29433372587257317
4373,0.2791874323895336,-0.27712763685375463
4374,-1.0712051795521313,0.4581775322378335
4375,1.5395760177794002,0.0020752760657034505
4376,-0.32501745240017854,0.08226919080941086
4377,-0.17749556077136647,-0.4937290202614691
4378,-0.8776872723947663,-0.32450999869232205
4379,-0.9062958094110853,-0.01697340607810084
4380,0.8410499221482345,-0.3544811476591161
4381,0.4075920037435656,-0.4582387787133018
4382,1.203447482805608,-0.27976530469840755
4383,-0.17201671855318215,-0.4281097687930608
4384,0.16104717739322272,-0.5492983220324194
4385,-1.4940701692696625,-0.1423940233243376
4386,-0.9394874977201955,-0.12880904677461535
4387,0.04890107927397612,0.2806972044217395
4388,1.6414619795095724,-0.20740236537678863
4389,0.12804471847343082,-0.44992426715541173
4390,0.8975054320580127,-0.26293983622494216
4391,-0.6787190540350714,-0.2802324494896702
4392,1.1814815967537184,-0.24931775872924156
4393,-0.9763058014466167,-0.30845671331241103
4394,-0.7716959889551457,-0.22056221112281787
4395,0.6100399028689714,-0.09742536131427872
4396,1.3108857155776255,-0.15412228348189316
4397,0.054537830930831484,-0.37887388591607746
4398,1.3495154114891017,0.2999114702638762
4399,0.09812367596847585,0.36046325011364727
4400,-0.4789385580183603,-0.36588101924135863
4401,0.2835845468771402,-0.44939337630670967
4402,-0.04696291287281609,-0.3469561325690551
4403,0.5161390546303857,-0.24282749958683852
4404,-0.5600793007979978,-0.3557309402307931
4405,0.09670476619961746,-0.4427907775797295
4406,0.00994426652491842,-0.3507353105979663
4407,-0.592856978542454,-0.35845596405155533
4408,-0.6726136231779198,-0.2659359731310887
4409,0.6618720624723565,-0.49809314057724835
4410,0.6469754697681002,-0.4729166798125234
4411,0.2974193426646746,-0.4550115165593533
4412,-0.004141004707414337,-0.4930528605551392
4413,-0.45670678314232976,-0.4367561577786483
4414,-0.10842752096567049,-0.4457575311441529
4415,0.13670768963734936,-0.5055354350002208
4416,0.1342294265075775,-0.4828686218817336
4417,0.05214597964497357,-0.4157692910397743
4418,-0.5922529867392468,-0.2544127564477596
4419,0.9861068318086958,-0.19768526600087932
4420,-1.2266857577452934,-0.3051632210780673
4421,-0.10834001392757142,-0.46474215913588424
4422,-0.5135030832334018,-0.347437860606751
4423,-1.1692133294005882,0.0040961932511659315
4424,-0.2089789515319039,-0.1287885278929467
4425,0.3145321983543386,-0.3854654636797811
4426,1.0556688385108532,-0.15351729287525107
4427,0.44763563605538903,-0.5392628054511205
4428,0.12957888488485683,-0.3224513768523603
4429,0.7372568462381142,-0.33046596435590886
4430,0.04752172414836993,-0.2721347073958619
4431,-0.4581594303944007,-0.4377690843525251
4432,0.43044307067150095,-0.42870645424893655
4433,0.35204881425797163,-0.3447455027687479
4434,0.055083169804928035,-0.05211715474393989
4435,-0.8704763572597537,-0.2038216568369317
4436,-0.3181662370432197,-0.4128383277220248
4437,0.3521689928094592,-0.4866105756565963
4438,0.19391052180471627,-0.46027526150257786
4439,-0.6287582853976524,-0.32640523678109673
4440,0.04040586362228598,-0.5263906507551046
4441,-0.39812301634718666,-0.5053087035058849
4442,0.8639450839356295,-0.5031697506140954
4443,-0.47964774437214497,-0.39736134432719594
4444,0.7138571965956335,-0.24809971811890125
4445,0.8275816998728891,-0.2011748188497332
4446,-1.4550760184590126,0.16068215229801852
4447,0.5457374463747359,-0.20268295621436344
4448,-2.0921314307005106,0.046243789401619405
4449,0.7384430989387275,-0.3285729218944306
4450,1.6381420208511057,-0.14126844477730005
4451,-0.8997603586445609,-0.3203484110689962
4452,0.502934671493544,-0.19932591333162064
4453,0.4686758194126804,-0.4194439813608389
4454,0.09899906877040675,-0.24920406350772456
4455,-1.2137698347805934,-0.18852229661545383
4456,-0.4480160804343007,-0.35472006350905
4457,1.0308967561827658,-0.417846981892252
4458,-0.24666551805133424,-0.40527610137032855
4459,0.5494904821643668,-0.5170000693707443
4460,-1.0460534767731993,-0.35190585239368327
4461,-0.5840242795807739,-0.407860366924258
4462,0.5885048171413078,-0.4423763254100269
4463,-0.7408313294903527,-0.40650947084030453
4464,-0.07483335257940335,-0.5264301535513426
4465,-0.13910472244104446,-0.4020974650501134
4466,0.13466089505570958,-0.4390066591781542
4467,0.11700893820665943,-0.49410665056866065
4468,0.1483963740035645,-0.5149830945551963
4469,0.6723437251265787,-0.5084409205708504
4470,-0.4371177446107321,-0.4965050424674017
4471,-0.4887063128630528,-0.5247743375665485
4472,-1.6557670878824768,0.3948067099667404
4473,0.8875186422135172,-0.3037926316888569
4474,0.5912851184985186,-0.44580906656639624
4475,-0.8327982350106227,-0.5351097168040057
4476,0.5782019504914998,-0.4418486656334783
4477,-0.6374751024223879,-0.5384628736449485
4478,-1.0084269077963444,-0.24961113538346408
4479,-0.16192985304408114,-0.3624798180934906
4480,-0.23807636111902503,-0.45058353237641896
4481,-0.03658206317762395,0.07370046343239207
4482,1.0356943991246723,-0.3249403109654098
4483,-0.09700549997053802,-0.5234129705084646
4484,-0.251588562801672,-0.4877182900606994
4485,-0.5114280495756426,-0.4283542235419099
4486,0.42623141294333583,-0.3033006110116294
4487,-1.738271955975066,0.11307260899433326
4488,-0.47185653629174695,0.32359069293679976
4489,0.41542699044682185,-0.30726313397121063
4490,-1.4553184320701233,0.12428529152980801
4491,0.20478803855556638,0.11524721692620903
4492,-0.395312888510586,-0.09961432755575535
4493,-0.6334251314914494,0.362797396324199
4494,-0.9003465401752403,0.13343881744034713
4495,2.0073976055355454,-0.025862065894817213
4496,0.5316251707000753,-0.317336084286436
4497,-0.09769970633724691,-0.3749468565173692
4498,-0.4665862468945098,-0.48351442236083053
4499,0.35444657572117994,-0.38982105423904784
4500,0.8475226087230238,-0.46892593339262245
4501,0.5087118612278692,-0.45001144428730416
4502,-0.014914590961404848,-0.43974957417749727
4503,0.8099844208475028,-0.3674307723116362
4504,0.39805703014686405,-0.5260395943978127
4505,-0.19085659416834094,-0.4881672190952141
4506,-0.265386533453589,-0.44175994001572977
4507,-0.12433345524394539,-0.4906177356735631
4508,-0.382000762307365,-0.508208848916139
4509,-0.6781703463428603,-0.34196335774978065
4510,1.1607309126437826,-0.48404221658165925
4511,-0.7532737934330718,-0.4158693509006635
4512,0.5973339548625636,-0.5053504162355131
4513,0.25752194663819217,-0.4859152300465649
4514,0.5534645593729299,-0.4061815787030024
4515,0.2798997639290607,-0.41635818402488006
4516,-1.0678700943813342,-0.3073856827396978
4517,0.18690269657145286,-0.4233274483939385
4518,-0.3828188351173384,-0.3836468411981195
4519,0.4588165924843407,-0.21273718600652697
4520,-0.275409216080511,-0.47576311550710115
4521,-0.5413638275833419,-0.4156359287241735
4522,-0.47577536868818654,-0.30938138087855643
4523,-0.7358587287122625,-0.17006349026343026
4524,0.3201071747678131,-0.3372663420733296
4525,-0.09672960265614798,-0.4274642911075258
4526,0.6344365640663944,-0.4369773853908439
4527,0.1062300259732346,-0.513013205802219
4528,-0.9256053711567592,-0.4013253153773376
4529,0.24701291252141838,-0.5273044597131592
4530,-0.5334092856934604,-0.4145711985224563
4531,-0.25119536036717194,-0.42672170684314253
4532,0.9491165624974798,-0.48312299205791653
4533,-0.21276500932828557,-0.5163461771646805
4534,-0.3817451489230432,-0.48607565131807917
4535,0.3887747003192045,-0.5118121743917188
4536,-0.12104716501583832,-0.5546274184970118
4537,-0.4335321157010246,-0.4817080552320986
4538,0.5606922862793562,-0.3942861551157044
4539,-0.7897397765135944,-0.4218775372625963
4540,-0.8646877898405783,-0.23032003198861944
4541,-0.09709368726525193,-0.32548470503487376
4542,0.9985193194860477,-0.36904120456146133
4543,0.7011704466226681,-0.3416653803342079
4544,-0.08237825385551155,-0.45488998957263965
4545,0.5017993144030348,-0.45537174288633747
4546,-0.18365927296512338,-0.4483118920887507
4547,0.08523923618210179,-0.5396948348075161
4548,-0.036029235682601704,-0.4975843004782953
4549,-0.7600028731800014,-0.44867658982066494
4550,-0.09090694182328042,-0.5109634817062079
4551,-0.4486674073399933,-0.1893595673742468
4552,-1.0340336243856982,0.0771608918858637
4553,0.5123317888712369,-0.013859761942347835
4554,0.6717637497111678,-0.399886417075489
4555,0.6820495314964137,-0.28463330672910025
4556,-0.0033897930487404226,-0.4347638654316867
4557,-0.8077533865949665,-0.4306343933379704
4558,0.7559802247913882,-0.055775881441253485
4559,0.4853729902761053,-0.22635553596193764
4560,-0.6883203873539387,-0.3341916242518767
4561,-0.7991949991758178,-0.4320465982191852
4562,0.520366701197794,-0.46492200168250264
4563,-0.12305535648172483,-0.519303738452711
4564,0.13969841605627262,-0.501364349911691
4565,-0.35963280414079823,-0.5444205884113538
4566,-0.4404229786298757,-0.48126629009404476
4567,0.5885343266750218,-0.3389259026083729
4568,0.4030709288298873,-0.4955238335322813
4569,1.3168359155746847,-0.2299761529120577
4570,-0.41100813018087723,-0.3927111638096962
4571,-0.32877650271237285,-0.49614898359065784
4572,0.0579563175659054,-0.5698677078609702
4573,0.14311664139045507,-0.5559864160983445
4574,-1.7399082720457892,-0.060313830532317265
4575,-0.6604117060773402,-0.3253295110437714
4576,0.8055053533330839,-0.43781353601060824
4577,-0.06836340606723773,-0.5011388941912532
4578,0.6126494857673807,-0.4537314716393319
4579,0.4096187101144698,-0.51549301273789
4580,-0.30510177786639087,-0.5019065740854152
4581,0.09644306590604446,-0.5458937273859014
4582,0.34000419422225525,-0.4271103234910101
4583,-0.08177464661958567,-0.584604825982517
4584,-0.36463041513694816,-0.5100861870750868
4585,1.004022808048879,-0.40361883684130817
4586,-0.4905630034359818,-0.5366091556922582
4587,-0.08138778436656204,-0.5223010378100309
4588,-0.0627780528518137,-0.5898865377546081
4589,0.6466563010269502,-0.4927683718924414
4590,0.21575537749121204,-0.5815080917833084
4591,-0.3326134554682688,-0.5687169232449426
4592,-0.2661642779858011,-0.5515768693655426
4593,0.25589405294937256,-0.5536658944477726
4594,-0.26334778066392267,-0.24681560434681626
4595,-0.7055660738014189,-0.4396335891279883
4596,0.9753459931199815,-0.41901985965233673
4597,-0.21614127495789223,-0.5442350329097801
4598,0.4492866999985342,-0.6226203668547532
4599,0.023299597684773476,-0.5641013630061523
4600,0.4741470827205266,-0.501744879327027
4601,-0.08496857386772355,-0.5034499401346051
4602,0.5167426167718997,-0.35894499931043694
4603,0.5689572839212632,-0.32450739544633694
4604,-0.00820664489946662,-0.5016263652316727
4605,0.9053048788745796,-0.27016950744163737
4606,-0.08384285096398515,-0.37661428075178754
4607,-0.5739928125091097,-0.4043650377991781
4608,-0.0890306658394464,-0.4078876621882074
4609,-0.17434297149370787,-0.522067233350618
4610,0.5385439998179357,-0.48965907956320565
4611,0.2814611700033571,-0.4843042113053446
4612,-0.11507292908781656,-0.5224603590925357
4613,1.0551443632077655,-0.3130063727531317
4614,0.3934513634688763,-0.028913800789956364
4615,0.5795820561177699,-0.3217817310505723
4616,-0.48842144531857634,-0.3445341551613691
4617,0.20021125866837297,-0.3937377673489564
4618,0.4657454374773222,-0.3988010303890792
4619,-0.4965467324823995,-0.32131146841277647
4620,-0.710413693783225,-0.426237520190609
4621,0.10146041457641836,-0.4488627234814899
4622,0.46468808994975747,-0.5533443133340666
4623,-0.6659978030776569,-0.47441713626760285
4624,0.08741122905189493,-0.5614263290136894
4625,0.26978765819983325,-0.5693079644569121
4626,0.08768429942231758,-0.5350242375443383
4627,0.040217996729558426,-0.5063514180236093
4628,-0.4317773881334347,-0.4551817459426438
4629,-0.08484404195669927,-0.5425563039615187
4630,-0.3451358332724926,-0.4337887542484756
4631,0.6330295218848141,-0.5146025551870955
4632,-0.07373917324865349,-0.5599233883898013
4633,0.5825384684382731,-0.5172127306954517
4634,-0.18460148014713626,-0.5345604772019578
4635,0.06340772885908051,-0.49194007414345137
4636,1.2989706145450806,0.06693169206959405
4637,0.9608262567262875,-0.036501202330281673
4638,-0.7008512920438794,-0.13482351326217773
4639,0.7676715318998241,-0.2873113711011883
4640,1.474700443540965,0.7018978402841876
4641,0.3365493320229402,0.32664823251954056
4642,-0.2052496004785519,0.013918636112874201
4643,0.7167326925507517,-0.16916822505692508
4644,0.8298582540144175,-0.1402835039298313
4645,0.485490061344163,0.05236555616485021
4646,-0.23044164220757862,0.02323352909342922
4647,-0.3067364575647405,0.1251381656111245
4648,-0.03150544082493595,-0.08638997267956028
4649,0.7826122128006661,-0.13090910502841002
4650,-0.21445661629572252,-0.33706636733162776
4651,-1.085189510540474,0.03985779800800892
4652,-0.31345107690419327,0.05482497446138697
4653,-2.7063026596354467,0.6461725116603759
4654,-2.2418245333328883,1.3088565555122715
4655,1.0206152657140566,0.8702201877725905
4656,-0.37119705398418895,-0.10217817180533849
4657,-0.3461805063336122,-0.312402994108675
4658,0.3935162550520416,-0.3987587841743774
4659,-0.24156595095188507,-0.46676821370500376
4660,-2.046622466839367,0.6749895846642102
4661,-1.7016445772213968,0.22203137528067374
4662,-2.273706689033672,3.052500023783046
4663,1.1128647916035528,0.1318622750372731
4664,1.405365078831811,0.005503284403202968
4665,-0.04013501601816608,-0.20289381035825882
4666,1.022523512379374,-0.18333258021057935
4667,0.603711849774908,-0.4692203960737928
4668,0.10170982448308108,-0.28264052198855344
4669,-1.118796378303263,-0.3135062286515521
4670,-0.7057689014227128,-0.2595593251829828
4671,2.7491499755528133,0.23047678427762552
4672,0.7609147832244406,-0.1627720273447288
4673,2.1084710946758194,0.22949913932704646
4674,-0.8395581380749171,-0.08349485376421192
4675,1.027502638760998,-0.30948178120124764
4676,0.18633063786769372,-0.06476804268039656
4677,2.3146559175622325,0.817135394626224
4678,-0.29292488500233327,0.31727302199954205
4679,-1.7347629582146114,0.4795641773976197
4680,-1.620929624013635,0.458465987985069
4681,-0.48657217107846207,-0.21300958871980247
4682,-0.9421369122078115,-0.05099049977708337
4683,-0.13966595248657016,-0.2170837089988567
4684,-0.4583101847005086,-0.3672725584471664
4685,0.1853083801061323,-0.4758091156914782
4686,-1.9569727281767662,0.12016358130668238
4687,1.2574526852093573,-0.2090089601840226
4688,-0.34763905394600575,-0.31094418126988843
4689,-0.48056520984683554,-0.26507526903908746
4690,-1.5811841797460962,0.0002238141962863805
4691,0.2621262611097554,-0.3589986939919298
4692,-1.2331347300677225,0.05972484191851132
4693,-0.35182290434959446,-0.02756620588815981
4694,0.8600852726599536,0.3309019412107969
4695,-1.414355529645997,-0.05236347570544867
4696,-0.4003972632543077,0.21317350822029135
4697,-1.1386516538933473,0.3396203409487071
4698,0.1433590876372823,0.27846764529531587
4699,-0.5813210628067308,-0.2440976758479032
4700,1.0238122860479122,0.6513601455475883
4701,-0.21027975295998869,-0.2828323161855683
4702,0.7396095154006045,-0.20395690949965362
4703,-1.5423853390408027,0.0630406084159632
4704,-1.5128078290613867,0.7861361340979075
4705,-1.2282384076361061,0.15641613560323847
4706,2.1896268673667643,0.4851123678348715
4707,0.7367959659326996,-0.14527814696602148
4708,0.9240957961443221,-0.19868996573145814
4709,-0.24476831789521575,-0.2683643887717133
4710,-0.3211680937388651,-0.14537660522501544
4711,0.11492701671179707,-0.2830647754983539
4712,-0.8397572328950467,-0.33667387197270005
4713,0.9079474805432712,-0.31998195894214576
4714,-0.2824767553863898,0.33368466842720607
4715,0.6758609724031774,-0.3729356393999076
4716,0.22655047873955078,-0.3459442895222326
4717,-0.7087840396012328,-0.3597806131175772
4718,-0.7983854771470462,-0.2600255566385999
4719,0.8758648036113975,-0.23281668749091566
4720,0.06824577372584596,-0.42667971658236303
4721,-0.14937852219737144,-0.445219991339704
4722,-0.24031763829226394,-0.39089556522029006
4723,0.5314312506576988,-0.49237768400988374
4724,0.46126278570235046,-0.4120068460384924
4725,-0.35745272716243787,-0.4769396218396388
4726,-1.133676405067441,-0.2300774227477541
4727,-0.03814741707009643,-0.31104892926829497
4728,-0.8459121517580199,-0.12944911602672493
4729,0.09778314588683024,-0.1963038766033074
4730,-0.2657898007363514,-0.29893379336444426
4731,0.9748387096757015,-0.4548313147086669
4732,1.8085870925847067,0.35367185790201894
4733,0.2889916365130597,0.23975200465621765
4734,0.2528913070286614,-0.2230960112296822
4735,0.03945251079280913,-0.21088504831234922
4736,0.9499487939712009,-0.25405500668168707
4737,1.228501234671055,0.008329571415574763
4738,1.032946348697355,-0.10089820830890005
4739,-0.864456978440673,-0.06846691625563722
4740,1.183577770112201,-0.20378393763851632
4741,-0.37041847186344234,-0.2968699116665733
4742,-1.04858674469238,-0.15151931240221395
4743,1.7868828022239485,-0.2911289834229871
4744,-0.45558934954067637,-0.28020956592896806
4745,1.5793252163211908,0.02053390941228204
4746,-0.4560274626012704,0.4149901360426303
4747,0.5250309170744791,-0.1784521930694511
4748,-0.1540482396977279,-0.24067783062315734
4749,0.16080962062678208,-0.4709775893184558
4750,-0.22597570364613243,-0.36023163127805397
4751,-0.6292069741796348,-0.29127624411930586
4752,0.20939827788122287,-0.007907872331447591
4753,-0.665021097985646,-0.38838536968875387
4754,0.3041225071129232,-0.3526142843775619
4755,0.09720425238796683,-0.37695338415745316
4756,1.1842719724649238,-0.09112270920919378
4757,0.42349424171914873,-0.3248995617562337
4758,-0.6265709663066085,-0.21029788223893303
4759,1.1822734752412674,-0.374965498317422
4760,-0.9158833869826946,-0.3820551502332262
4761,0.15621351960591953,-0.5212606549643145
4762,-0.1671930540083043,-0.4516237252976534
4763,-1.2958847748968148,-0.2954619073755374
4764,0.8418752155145794,-0.46193166512566514
4765,0.5524164191029104,-0.4987743596468051
4766,-0.5557291567255923,-0.34024339693845057
4767,-0.5858698784226077,-0.40732397732420716
4768,0.671270632570259,-0.3904563444704244
4769,0.23479636060918277,-0.5283564224758991
4770,0.432989515997559,-0.39711041750687576
4771,-0.4867594481005095,-0.5044435601689662
4772,0.6310102459761069,-0.5274895298313031
4773,-0.0828492519407326,-0.5160772149323384
4774,1.39188213324132,-0.2530125628486662
4775,-1.071717257293066,0.4138434839316768
4776,0.3894185340475833,-0.3068384075108236
4777,-0.7019843036991348,-0.3037899481559454
4778,0.557034849847487,-0.3313896478724102
4779,0.8312039119603521,-0.27139053323754087
4780,0.8310706396218289,-0.11729610474900125
4781,0.2532717055798995,-0.0847848714851902
4782,1.1368198302596562,-0.12027172981471275
4783,-0.6357820965281369,0.3120298947477621
4784,-0.5312440213618251,-0.10287581438998498
4785,-0.5143330674617119,-0.09120995011122143
4786,-0.5862540384757331,-0.2224923775491675
4787,0.3363116486291887,-0.31366429532422796
4788,-1.2902862952691119,-0.052710288844336185
4789,0.23754687621943749,-0.46105028274414317
4790,-0.5917680821528319,-0.31953556374254827
4791,-0.13134835556719585,-0.40477763201036465
4792,0.44541136500361367,-0.5029836137105674
4793,1.2885081178365627,-0.2719494706867612
4794,0.4053134453101859,-0.4413203274869067
4795,-0.05816568244245086,-0.43407956233211936
4796,-0.7421047590550832,-0.3680362162272637
4797,-0.17059388524883332,-0.5201814359832712
4798,-0.9630680154354138,-0.3173785021885203
4799,-0.794050551196153,-0.18873229873166747
4800,0.19951570412793984,-0.4072242258277041
4801,0.027349213148815416,-0.4474115580453402
4802,0.22289673607968183,-0.19113200476706033
4803,-0.5551012585865783,-0.3857669350009583
4804,-1.1212411910461535,-0.2377843279846032
4805,-0.283092166471515,-0.28873216380926314
4806,-0.6590142096525551,-0.18302260169005674
4807,-0.012171231736623517,-0.297640555860541
4808,0.9169983421338848,-0.37836487083603293
4809,0.2111081007976877,-0.4435269389258798
4810,0.08723494986621438,-0.3891063776591477
4811,-0.21278095708662684,-0.41279075216760475
4812,0.29209198443357876,-0.3615401110505706
4813,-0.3502919332591762,-0.539274668247735
4814,-0.1862758619382208,-0.30049960894035443
4815,-0.24717794408770735,-0.33577341468071625
4816,-0.20004022402344768,-0.4147030768403824
4817,-0.2838754169117498,-0.43666426143359044
4818,-0.5788725521548127,-0.4078980075909101
4819,0.5121170442617822,-0.34824368812523276
4820,0.7336789725809498,-0.4078529217102947
4821,-0.4273374944025232,-0.4777872209392687
4822,-0.5288567311925105,-0.3217265693523966
4823,-0.6131493630964407,-0.3577301411481502
4824,-0.2962072604052918,-0.23198765126676657
4825,0.4374791496276452,-0.3680306402531598
4826,-0.5810593096197113,-0.3221356706287317
4827,0.32761757590297447,-0.40510492895647654
4828,-0.9294419385679151,-0.0585014895593776
4829,0.2538983377698676,-0.0854469380929986
4830,-0.03806399744492202,-0.264247128185405
4831,0.6250050385590289,-0.4166556882492762
4832,0.4582788953770078,-0.40608744555203535
4833,-0.7717062316463316,-0.33089510396329924
4834,0.8105541403248853,-0.4224834879345702
4835,0.9177786191742632,-0.42851039126427226
4836,-3.4704448030580936e-05,-0.1959021260123187
4837,0.5063037826587297,-0.3974824202290496
4838,-0.7710181368350633,-0.3270276830927539
4839,0.07263437149101483,-0.469644847982154
4840,0.4056005867869702,-0.501729204787412
4841,-0.5764884399912686,-0.42290218144739466
4842,2.421209845455106,0.1597570771054524
4843,0.11178649924924568,-0.39565215633173745
4844,0.3311362340957177,-0.4848317772569572
4845,0.05084593325938078,-0.2716250778101942
4846,0.15181201386798232,-0.4144374176017842
4847,-1.8217857062608778,0.010611472980599342
4848,-0.15323170476493708,-0.2897865368733831
4849,-1.4202803395318113,-0.042785946216235306
4850,1.5787190460181506,-0.23648249479589595
4851,1.297978980161224,-0.3138164188548438
4852,0.48485973895562784,-0.3615046438717769
4853,1.4195047248329655,0.32827455561684
4854,-0.7161905343093711,0.04830042834746079
4855,0.24828266335409038,-0.3846343924003737
4856,0.2958465572624523,-0.4187244754551203
4857,0.7053780124318586,-0.1788920754388399
4858,-0.9712819182822198,0.08313764078519019
4859,-0.3026422081983706,-0.36038999731122334
4860,0.6612852953922689,-0.38338618592686985
4861,0.3196683692728942,-0.511330007025391
4862,-0.7748860213437082,-0.3579541135925735
4863,-0.16788194085845248,-0.3096616458999614
4864,0.38866162503218116,-0.45778840542637245
4865,0.6015024868386607,-0.4730894127298082
4866,0.6074972957555121,-0.24311399487769664
4867,0.23322430328487515,-0.2668638696004234
4868,-0.862810792495997,-0.3831633998575287
4869,0.32619828789204536,-0.45713077308435046
4870,0.51777821980058,-0.29774856868006233
4871,-1.0574762835430587,-0.08646884829894186
4872,0.06298924811122752,-0.35535243097288505
4873,0.14247533151063008,-0.46142665134753325
4874,0.6367146835672925,-0.319597780844163
4875,-0.43337628388423083,-0.42292534865002074
4876,0.17552026210602095,-0.4528531036729694
4877,-0.9525149332611285,-0.35507137941039846
4878,-0.4387220232130691,-0.08174754430967832
4879,0.28137763404704363,-0.3729538463337688
4880,0.9176058738446172,-0.3193586546986281
4881,0.45780932112961753,-0.4309939940594356
4882,0.7802787857439402,-0.1524114816665741
4883,0.269698794883369,-0.1496880282595207
4884,0.27392820752237257,0.12316788783850201
4885,-0.4156177210634411,-0.30552326366236193
4886,0.231390166192731,-0.1673767650554408
4887,-0.46489652096139544,-0.3558618617762845
4888,1.9281704429561524,0.5530356941227305
4889,-0.8734263763633594,-0.2489076202367973
4890,0.36609544353841833,-0.20785259845742504
4891,0.6841255430238234,0.07402113228876761
4892,-0.3080022125767833,-0.23776176046257658
4893,0.19136502492857216,-0.3057640988058627
4894,-0.6470045438893577,-0.2260782317553237
4895,1.3391217279351972,-0.15094820378629165
4896,0.17380238690859873,-0.1548731294446476
4897,-0.6000887811953579,-0.2731857549036986
4898,-1.2016648016886458,-0.055256223973237054
4899,-1.5469009978772819,0.36345760769161545
4900,-0.7719670660997197,0.3990554089104068
4901,-0.24645142296244682,-0.29604404109174925
4902,0.8239472205616607,-0.24534349655998178
4903,-1.1213531859719936,-0.3005121454638567
4904,-0.15351549067825093,-0.2945497136615445
4905,-0.3445253327774159,-0.345285629523701
4906,-0.19097506256647728,-0.30353688532435574
4907,0.025158114459738624,-0.45668300773349585
4908,-0.6012506269228549,-0.39425127719449704
4909,0.3183721888057866,-0.41645334213064095
4910,0.651414057021722,-0.40807021253987197
4911,-0.5276081406402016,-0.40840762600823893
4912,0.64078043075874,-0.44669215228584336
4913,-0.030452102780805505,-0.4497019462688585
4914,0.9155090428905056,-0.27112312038523434
4915,0.46377261260384034,-0.37447862243869395
4916,-0.3207199736773022,-0.35717501689264713
4917,-0.194682299301633,-0.44470876538658116
4918,-0.24359701733214065,-0.4444033872742543
4919,1.1567342061955237,-0.2910227035465249
4920,-0.6687280323708443,-0.40342307385711534
4921,-0.23586674867072446,-0.4730883374991076
4922,-0.8013414729934442,-0.3201852851375543
4923,0.2322472344959192,-0.3936212007690879
4924,1.8945794961876425,0.1235714863196861
4925,0.07235655627740542,-0.015529494591777895
4926,0.3845608972681937,-0.06079041812753421
4927,-0.1929793633906231,-0.22924113487295972
4928,0.8641435597077176,-0.11223680454869091
4929,3.254766196241003,1.4569158530699526
4930,-0.5270006830520206,1.8817547075473033
4931,0.3795153526112803,0.5526003482371341
4932,-0.05848401151654546,0.6823789681251002
4933,0.360607521582684,0.2054541478510148
4934,0.49402545656068075,-0.02845785509448142
4935,0.5238821436889908,0.04653518905185652
4936,1.9670130356342022,1.3924756948271027
4937,-1.3595605412864822,0.7149847867354848
4938,-0.6033379114336611,0.33373149349738696
4939,-8.83762129347199,2.394922972269495
4940,-0.36963967543775594,4.490251944368574
4941,-0.04776860356230955,1.1236645841583905
4942,1.5419452488905872,0.7571609388894065
4943,-0.7075509527349804,-0.105500787475157
4944,2.283086963116885,0.09262576568229085
4945,-1.4636579775820127,0.22185431150182955
4946,0.16765883778905474,-0.2698446221784948
4947,0.30221275902195666,-0.4442013548129986
4948,2.2881023601667794,0.2505262972414736
4949,1.2176679094035598,-0.0262791297224166
4950,-0.9061725975211404,-0.23763773046521536
4951,0.048796111909765696,-0.4637116241738427
4952,-0.6309112444622693,-0.4115272985899244
4953,0.6282121109590151,-0.36716793602576997
4954,0.34766954359005775,-0.41185772586075386
4955,-0.8574840236783945,-0.4111115475027105
4956,0.8176983868304833,-0.42610804154590004
4957,-0.14828105762026117,-0.4662709549093689
4958,-0.025599093356276414,-0.4070925558743038
4959,0.8809456947913552,-0.48458909077914275
4960,0.6933831843783438,-0.21933844381115875
4961,0.10462193549068644,-0.05209403423588502
4962,1.090047558708305,0.07144758193052232
4963,1.0957701010135643,1.5213312660928182
4964,-0.43687333987798116,0.25057314101937866
4965,-0.23804624148582748,-0.08826828379282046
4966,1.0035497920831031,0.15569567796239664
4967,-0.1273433353575783,-0.031054898441080774
4968,-0.8687246471273519,0.04512631993980501
4969,1.7881970777725782,-0.03812977168752988
4970,0.4815578325505347,0.20753980033654518
4971,-0.28049338042115607,-0.21046906226568418
4972,-0.9749737837923149,0.03544231456083644
4973,0.26890018491174045,-0.29125838945125837
4974,0.5004562694535896,0.08063632864336075
4975,0.8337930916802291,-0.027170319974763883
4976,0.19363061450760163,0.1794537794881665
4977,0.09954367107599953,-0.17785397887312276
4978,-0.09232873180170291,-0.2540707080315033
4979,0.8987684518435223,-0.06983103134079005
4980,1.2856666489733302,0.29966586837858966
4981,0.48215586516054043,0.9434496196559022
4982,-0.602758091569444,0.2241857405491598
4983,0.09560264810278855,-0.16424722659591096
4984,0.6234993703091121,-0.23289112736500706
4985,-0.49147216764742574,-0.2767113588662102
4986,-0.6031206193608912,-0.058214647304395226
4987,0.6144482048568423,-0.2825115189389922
4988,-0.3632778201630261,-0.28657829534359763
4989,-1.653528449269287,0.2883293142541027
4990,0.30433108009642723,-0.23040028772033871
4991,-0.6314976558107572,-0.06020136288954904
4992,0.21428640687408493,-0.26846999114948916
4993,-0.5994447786627346,-0.17667105132564925
4994,0.7776404310794047,-0.34027150128057343
4995,-0.3225791701335475,-0.12437707847539839
4996,0.9552387687786461,-0.021122421680043517
4997,0.5337765203080872,-0.19907372392238187
4998,0.26042063911538404,-0.17347128857425448
4999,0.10583415102546564,0.33454732213112554
5000,-0.4567026055462224,0.1432948850461639
5001,-0.027524005350671767,-0.15471942661832572
5002,0.3913214868972155,0.28620748546029784
5003,1.0506297857910392,0.07867781922887364
5004,-0.8166922125462825,0.08875413280534115
5005,0.16561129453588694,-0.12170936490927532
5006,-0.5619096930054789,-0.10730268658466992
5007,0.510155781103628,-0.33206405077060314
5008,-0.16369069748451834,-0.3128765895345549
5009,-0.4118215559564279,-0.2511647481287496
5010,-0.3483585579045601,-0.10340824132428322
5011,-0.5081944414300864,-0.26827569373928994
5012,0.8778048074342915,-0.3478725038570086
5013,0.4566024105722494,-0.10127815242399095
5014,-0.629720125173274,-0.2924551426593598
5015,1.2486670418817702,-0.1378753135902427
5016,0.12379010117142338,0.010318039251798836
5017,0.437860297867818,-0.3044281750207581
5018,-1.2175704336608741,-0.009109360483793237
5019,0.5913807534856977,-0.3679713913374676
5020,-0.3917647192128409,0.15720244321738042
5021,-0.9430531737814981,-0.005843617266727196
5022,0.13585623482917913,-0.18230374410913613
5023,1.2012999676426017,-0.06397261260192316
5024,-0.31411872234380095,0.2691769258161847
5025,-0.20668888635553942,-0.04808034788911642
5026,0.2469292199218039,-0.22618367479772644
5027,0.27554948260313894,-0.15451186276543605
5028,0.7259622221856866,-0.19490529600832673
5029,-0.7913949975765242,-0.21379651188068294
5030,0.7382818374596888,-0.3832997844345956
5031,-1.012546246887577,-0.15744721573928055
5032,0.5782632175546982,-0.18941277868763678
5033,-0.8252750533332811,-0.3016668355305595
5034,0.19738337113478088,-0.4823056151931898
5035,0.9825327368763231,-0.26257033483901665
5036,0.07410407643648825,-0.41369143710213285
5037,-0.5732226193024907,-0.40531402987916926
5038,-0.18023882965795116,-0.41512215982661227
5039,0.7888437953668074,-0.37597993957530174
5040,-0.0581049433686133,-0.3802448068403774
5041,-0.13086894663627271,-0.43095800227783976
5042,-0.023216359978778186,-0.43383636793609975
5043,0.07486798797930745,-0.48851225427043143
5044,-1.2710356977002295,-0.22780962400954546
5045,-0.24389638177407122,-0.1946830941592031
5046,0.5363134782224243,-0.4350470751857343
5047,-0.5917955949189626,-0.3825692645898957
5048,0.10871052603196041,-0.31319810087544336
5049,-0.15478182120562842,-0.31856883317856277
5050,-0.25724139325038436,-0.3945488474321158
5051,-0.6264303367454551,-0.40202972141318205
5052,0.6654355163288684,-0.5352484178966915
5053,-0.2402711868724062,-0.5474007960613033
5054,0.9158574872351077,-0.25865189743411393
5055,0.057284523056406765,-0.4413753279577409
5056,0.45714335431638203,-0.4555230478783624
5057,-0.7584870678429725,-0.3866136657463742
5058,0.8119247833812402,-0.40260062273114794
5059,0.17317915280601073,-0.5264470063631355
5060,0.504957714573163,-0.3393201311365119
5061,0.6235199695456893,-0.28761671920752757
5062,0.43409880901237535,0.07389112879745242
5063,-0.7588415222775945,0.10630168226824717
5064,-0.03405282211769613,-0.3396018494740144
5065,0.46334333888533513,-0.34456473605370047
5066,-0.30213452567401866,-0.12789851817847286
5067,0.5033044936265945,-0.017198517258582735
5068,0.2459722321342949,-0.016738770438622985
5069,0.2618211091669576,-0.2749079261027369
5070,1.129127960090897,-1.64728415626454
5071,0.3879229877941537,0.4012440038492583
5072,-0.2382834201540086,0.28314800494395415
5073,-0.3831811957988383,0.18034718261726723
5074,0.1593447122439997,-0.2720303500404556
5075,-0.3986346238862368,-0.1836287130101697
5076,0.3895368355707052,-0.3489952541410731
5077,0.09249568868399413,-0.2545052221047632
5078,-0.8304168150340167,0.09460257496245478
5079,-0.9251724076092979,0.4284151327103312
5080,-0.8897870315896564,0.038645587978708554
5081,0.9389556170061809,-0.18690540575797443
5082,0.20506905514293972,-0.2723521245335512
5083,-1.0891703334782927,-0.0939177329018662
5084,0.3068588580131057,0.024909778946415134
5085,0.36241291637157463,-0.2196128400049417
5086,-1.211678333211445,0.006068462301891012
5087,-0.32474053774471756,0.2250291615746936
5088,-0.10379327025309353,-0.08424695661184364
5089,-0.663068832587942,0.3387522886153436
5090,1.1748383896604495,-0.18149898266707154
5091,0.22609744307748525,-0.37370907317529123
5092,-0.467122353087466,-0.24536709317558353
5093,-0.43778335203789676,-0.12754633289613154
5094,0.7038335090626231,-0.33774392701685013
5095,0.2682746921770311,-0.29150504929460586
5096,0.5712108284385685,-0.08357960070118872
5097,-0.088985524127609,-0.2713063418851577
5098,0.5413425613212705,-0.2392687187684429
5099,0.25981039024245994,-0.11257936748747821
5100,0.26708662311734244,-0.34910907823799314
5101,0.4599458951687481,-0.389041853762774
5102,-1.5287175492595921,-0.04476717436431153
5103,0.10524248736847046,-0.2844262072797641
5104,0.09616503522006876,-0.3024295321706847
5105,-0.01733799628789221,-0.4737662824134179
5106,-0.6337147117461142,-0.35575200731198797
5107,-0.48924710592989223,-0.043390585600437605
5108,-1.627798160962317,0.3265679812893373
5109,-7.916694370036683,6.980733809626418
5110,-3.155470676335618,5.8654415000011495
5111,-0.0836941866222774,4.1678832739629055
5112,0.2953417602821697,1.384505281428158
5113,-0.21673880410169857,0.7140490923988144
5114,-0.009061783449927946,0.9860694168776513
5115,1.0642184327971238,0.20388407886765908
5116,1.2304392923774112,1.344902048425274
5117,1.8060906965396035,0.7215625485063515
5118,0.5160423387460761,0.4319626358156237
5119,-0.8222109668291318,0.001824817209844648
5120,0.7689892216368149,-0.06554982384955049
5121,-0.01121711391371554,0.11262587774326605
5122,-1.3263293672408514,0.3456535938624413
5123,0.7365013861376026,-0.1830706769308983
5124,0.10986710539627784,-0.2666750760191344
5125,-1.889708961098698,0.13017404148462047
5126,-0.6525622275093996,0.23983494034873126
5127,0.6077708817414171,0.7276453873585574
5128,-0.8284965362763599,-0.22157142716689254
5129,1.297327869740624,-0.3024796918086572
5130,1.1238254382666675,-0.13799523799660984
5131,0.656372591891285,-0.2783684407211816
5132,-1.4532770730846474,-0.19146322166220164
5133,0.5843787150835822,-0.40960945282212247
5134,-0.5243776235001237,-0.4127680804381272
5135,-0.4998830038106982,-0.29135993892166057
5136,-0.24201052246127192,-0.45629998568962044
5137,-0.7920602196783176,0.18521753880535402
5138,1.0828737142228506,-0.1828040409676489
5139,-0.6370998417572933,-0.44335363436798914
5140,0.18274215584994444,-0.519509797856561
5141,-0.834646747713137,-0.31418342107019337
5142,-1.0160933132992835,-0.1763983745099691
5143,0.6428614207780599,-0.4442901389431586
5144,-1.1143770864996145,-0.09737516484132726
5145,-0.41957685743098005,-0.3182622650271462
5146,0.18393431030277793,-0.22828912732541956
5147,0.3830406459473833,-0.07485055336091184
5148,-0.11835041340373052,-0.4008613338343141
5149,-0.5598329957192034,-0.31584269127199704
5150,0.8309962618797405,-0.37348195492941716
5151,-0.6529901399591336,-0.44785002770452026
5152,-1.1752071256078913,-0.16457453214132411
5153,-0.6411170877634695,-0.1528929201817471
5154,-0.2933748632119216,0.05944633238022136
5155,-1.209510196079218,0.12461768626554424
5156,-1.424622882062858,0.7852082396662867
5157,0.5831743304938455,0.17516895177295766
5158,0.9253496527224954,0.23083271368749497
5159,-0.5999267699412613,-0.09481180663876394
5160,0.7685386874826857,-0.25017882782114503
5161,-0.9406914508685953,-0.2852428854506919
5162,0.763052551363144,-0.19728451176704243
5163,0.7167728457440434,-0.30873222163060837
5164,-0.14986338114965037,-0.3646833271528538
5165,-0.5624009415327823,-0.4028890706700457
5166,0.7324842768288554,-0.2963804728410141
5167,0.35522068948934377,-0.4306162453419271
5168,0.4299375329088781,-0.4551995518355005
5169,-0.118288232371978,-0.5200479867641499
5170,0.7915474095084608,-0.29320445689739444
5171,0.6136674818868658,-0.3189130907803329
5172,-0.6684041945547093,-0.3621638584702411
5173,0.4483484539166278,-0.4988302825459872
5174,-0.05643640001152069,-0.44241994253088357
5175,0.4588531790740665,-0.430209320879485
5176,0.14450410666692795,-0.4719636600385616
5177,0.11140144133164863,-0.4595447123964265
5178,-0.6475014531537286,-0.36444963022092747
5179,-0.07688739336181674,-0.3412942977014326
5180,-0.31321548452667913,-0.4589175461687387
5181,0.19672353580147076,-0.43652814208524426
5182,-0.00956857950855666,-0.45838004425185014
5183,-0.1947674089304322,-0.47904688589093875
5184,-0.7653782679882405,-0.20790884287398137
5185,0.2741597208565869,-0.3458984690833496
5186,0.6605343803512892,-0.32467171562501573
5187,0.1603289602814077,-0.4729158478213242
5188,-0.835766925210596,-0.46668296258562225
5189,-0.6585967740650713,-0.29472051236133073
5190,0.5209970475667424,-0.28108443684382123
5191,-0.19048005912627566,-0.41987103519110613
5192,0.4519673537644527,-0.5202083512911332
5193,0.6286587289620722,-0.4216383925661129
5194,-0.24047678593494684,-0.4044577431912633
5195,0.47078735023406365,-0.5366996803887216
5196,-0.22864876590519226,-0.4591979235375676
5197,-0.36265579638267087,-0.4222892489618956
5198,0.022507467466987598,-0.43332057245369465
5199,0.7539856614204133,-0.2896320215057109
5200,1.2472827700659546,0.26303032832263673
5201,0.32178670893163525,-0.1741353560726805
5202,0.23421690773085121,-0.2106296067473366
5203,-0.0625831077406224,-0.2810379161365939
5204,-0.5525870898492371,-0.301832282295541
5205,0.031703314097604185,-0.5300040948330048
5206,-0.63632610209209,-0.22869140815934647
5207,0.020298422369154665,-0.3859959512055449
5208,-0.10528268580539817,-0.49985546105443046
5209,-0.013410370664739553,-0.4407846261140926
5210,-0.48809520650376936,-0.37700281762886195
5211,0.42682599506308844,-0.4395602348009042
5212,-0.4755872062882797,-0.3794721000877935
5213,-0.5284216689010359,-0.36509960267712926
5214,0.5130258517815113,-0.47564266337247046
5215,-0.2904088433524439,-0.49156029544415486
5216,0.5323222963887553,-0.4832296454944621
5217,0.44465180217022054,-0.5070950742488229
5218,0.355020113996054,-0.40654151369062924
5219,-0.7571030834835345,-0.4363598397974439
5220,-0.25250846021138046,-0.47201482611235585
5221,0.26678186178808133,-0.5174568252252503
5222,-0.7906944838485769,-0.2713986250920886
5223,0.20743996208602816,-0.4634192998172951
5224,0.37566771578587044,-0.5342832707662153
5225,0.4546124926083089,-0.4058472486389732
5226,0.4737215442791789,-0.4833102480093894
5227,-0.48003403593447186,-0.5190431140765132
5228,0.05472021722918073,-0.5354830884333762
5229,-0.15322453673297518,-0.536026500432555
5230,0.5404601632902786,-0.5647611794455932
5231,-0.09428981943499129,-0.5280455607747572
5232,-0.3396568330718435,-0.557970068046781
5233,-0.48875826156139,-0.45015705655412697
5234,0.08000535017440596,-0.4774694187347973
5235,0.05986550772636536,-0.49428696740432865
5236,0.05174063160713288,-0.5224350942406784
5237,0.29830407410109966,-0.5456555173018742
5238,-0.016096640533246824,-0.4867928241550833
5239,-0.07620893777534841,-0.6044410489858767
5240,-0.03374138766499366,-0.5400746853621379
5241,-0.21911695179779034,-0.5038360674479716
5242,-0.2944188606617727,-0.4460117882767143
5243,-0.5651047347240441,-0.3322632721326739
5244,0.29843431572850315,-0.5384490824003503
5245,0.2196457716191301,-0.5557094355255474
5246,-0.48609962734814244,-0.45508326685669026
5247,-0.5363326648560152,-0.33327048635987694
5248,-0.5095502721741049,-0.4882487498966404
5249,-0.41178663580263025,-0.4184443336104563
5250,-0.2398282440467804,-0.14312226668592148
5251,0.13837027042601127,-0.3635839338627142
5252,-0.7829691890424223,-0.32597459036021276
5253,0.3119960125203085,-0.42189887772640744
5254,0.1960883322218396,-0.22683830987787285
5255,0.2237849779799536,-0.44952359099110123
5256,-2.6826074127309574,0.723595190033505
5257,-0.3274208894486224,0.12751699931842453
5258,-0.6872633303229227,0.020361188166747524
5259,1.4116560270273484,0.26999599666576884
5260,0.34617078053966766,-0.38879760160520044
5261,-0.8008915148196093,-0.4323842032305029
5262,-0.339358259337817,-0.39219659879583874
5263,0.7929818760803858,-0.4318523620347442
5264,-0.2081808266337495,-0.3664649061030405
5265,0.7953104562947793,-0.4529402892876222
5266,0.6163745221084794,-0.44931022418488675
5267,-0.007119667676258748,-0.5094729742416358
5268,0.29893103020138473,-0.45832926552908443
5269,-0.3265832225780891,-0.4822316953907731
5270,-0.6153429317765081,-0.4801451307745299
5271,0.14851048453901722,-0.48357032205361783
5272,0.5583604747735672,-0.5332735760964993
5273,0.43102322019489525,-0.559468678618954
5274,-0.41569284439829635,-0.5549248708146788
5275,-0.12500571701149465,-0.5806477861772853
5276,-0.22710406453104154,-0.5756883158078681
5277,0.39426860971131694,-0.5815814060295896
5278,-0.4390024221848705,-0.5220631100404203
5279,-0.010689233529556393,-0.5475774228685818
5280,-0.13938345516833875,-0.5494832167987656
5281,0.006360433815446775,-0.5063425826310464
5282,-0.900740837376468,-0.39572713704440554
5283,-0.43265999713551534,-0.11471179264650125
5284,0.16904903864175996,-0.4716110676678405
5285,0.25847193797733037,-0.43401970462508216
5286,-0.9292522034466792,-0.3569704803718432
5287,-0.32956146860750185,-0.2569877997145741
5288,-0.197420031151293,-0.42407614383056474
5289,-0.6238662833284883,0.19179642050486218
5290,0.1644921656513963,-0.19097416735711653
5291,0.1370222313605522,-0.21990451295141467
5292,-0.6956143518116529,-0.15197568117089816
5293,0.8093068174662857,-0.2756176750929042
5294,0.11776445826847255,-0.36731216261761096
5295,-0.41600887582602053,-0.4445212075412203
5296,0.339895031357869,-0.4905882653089198
5297,-0.6351516544863263,-0.22943111186887372
5298,0.7029432447767172,-0.3975277050319696
5299,0.23014365372283757,-0.41281041548396014
5300,-0.37214883696171897,-0.44863906302951784
5301,0.46875755146872133,-0.5133704642786157
5302,0.14298083044531282,-0.4517421424681958
5303,0.5564444649733508,-0.35542179977454486
5304,0.03987206088014984,-0.47339493150374534
5305,0.3635851291273463,-0.4587875284450495
5306,-0.4831382686009006,-0.3603355782260539
5307,0.5775523408769054,-0.35403058838025747
5308,0.3097908487348049,-0.42498632628146965
5309,-0.3834522419782181,-0.2945999976980585
5310,-0.11288810576079367,-0.4477715974184726
5311,0.2546810635164809,-0.4890550527321365
5312,-1.578854984646368,-0.15050388837746564
5313,0.40227371905961506,-0.3132770767207966
5314,-0.6607586021834609,-0.2689662369294223
5315,-1.5061214058676133,0.5127101657172969
5316,1.3802235854430758,0.1799743132941562
5317,-0.19161239457470827,-0.2806803227706652
5318,-0.32855480118475244,-0.3334955440933379
5319,-0.8249054744842352,-0.25251199333240587
5320,1.4060513089590652,-0.35542623068975604
5321,0.1303483497250774,-0.46021959968642656
5322,0.431946586182566,-0.4524397292311618
5323,0.058352807545404346,-0.48263668039278984
5324,-0.29241140838900337,-0.4810825095295236
5325,0.29276477970517395,-0.5252578404838978
5326,0.2337433359026942,-0.5142358172607269
5327,0.5811605904014434,-0.4995170376134565
5328,-0.48378139119667635,-0.513852311360659
5329,0.03770164659130906,-0.5317100818429663
5330,0.07284106902345859,-0.4293480190649594
5331,0.3863667843254115,-0.544924981943548
5332,0.21486503545177874,-0.5265679907896192
5333,0.16667384277948227,-0.43059724077612516
5334,-0.5753848044063118,-0.4431225253851713
5335,0.14109222441940614,-0.48042576324846153
5336,0.3405994708589956,-0.5908716004358412
5337,-0.23370611790975276,-0.5441859922665042
5338,0.675383776472839,-0.5403582616526833
5339,-1.094347099434914,-0.42923368691499586
5340,-0.1644096328750358,-0.4898621094879515
5341,0.002189095375035018,-0.55115875357688
5342,2.417277135583048,0.23816414316673112
5343,0.3570584911187951,-0.08784845440168539
5344,1.021346192086457,-0.20043777330022128
5345,1.1215707208628005,-0.03811337511412938
5346,-0.5684220959293472,-0.26359255044591406
5347,-0.7473407060312859,-0.2520538060497691
5348,1.10772031272082,-0.364486095556047
5349,0.16970242269998284,-0.4641312950605296
5350,-0.4150031659143044,-0.33408141331357616
5351,-0.21691897827307857,-0.31526691020663405
5352,1.2751691358207304,-0.25490687496969605
5353,1.0055063890218756,-0.14197889783057333
5354,-0.7112071134030233,-0.2838570946485882
5355,-0.15005856132734458,-0.24405535694711145
5356,0.8304411379407487,-0.3887119181551735
5357,-0.2623175673919164,-0.30858512858223286
5358,-0.24415385337667914,-0.390099907226956
5359,0.023146725111006152,-0.4722800796809844
5360,-0.721363668620375,-0.3915386070697375
5361,0.2546533456421534,-0.4093063937097189
5362,-0.13497749588039043,-0.5105724502339184
5363,0.9074179310165588,-0.38249031712704984
5364,0.29928885917997394,-0.2817706447266253
5365,0.02208099996373884,-0.2684010587752398
5366,-0.1427028627323411,-0.46379532854001737
5367,0.22208997222313362,-0.4295008864294777
5368,-0.1015675815259303,-0.37918472653127894
5369,-0.15240011754973928,-0.42942697896507814
5370,-0.2885640998386309,-0.5232033032351917
5371,0.48993137910120954,-0.45117335811689124
5372,-0.024712525670367837,-0.44869428227184327
5373,0.12325815146498154,-0.5499292976339766
5374,-0.14693707174700799,-0.41421877340170454
5375,0.46152014913567757,-0.3971025648800454
5376,-0.5364862874484172,-0.4258101587162343
5377,0.9780087788606636,-0.21193504195118612
5378,0.024858405562135588,-0.024502499654598345
5379,-0.050368613828637054,-0.3223804669613334
5380,0.4472459714197184,-0.3790527854228519
5381,0.3442396321434763,-0.4308133116527825
5382,-0.40599539538149815,-0.312550815408629
5383,-0.40485976865109913,-0.4123729495676403
5384,-0.48063226077110577,-0.3235918703573609
5385,-0.20342598631001169,-0.3625832932291652
5386,0.5045652925628353,-0.5017554854137979
5387,0.0142805522052543,-0.5331403405815442
5388,-0.7486360285909228,-0.3033297995456567
5389,0.027180810868915512,-0.40486506319053484
5390,0.11351401079490271,-0.4215610640720372
5391,0.30889208133132473,-0.5113606412333392
5392,-0.09409349753939558,-0.5858403921870023
5393,-0.5972370195457652,-0.41657292904199117
5394,0.03273225180814723,-0.4994424070423512
5395,0.09813634769299284,-0.5340061133877156
5396,0.19956867893269625,-0.40181542828693007
5397,-0.12155756402202166,-0.4441259698248794
5398,-0.313348824830594,-0.48695918613429207
5399,0.12205167828004226,-0.4843144469656921
5400,0.1759594036175491,-0.49690855159710706
5401,0.4587360286912371,-0.38274264660871365
5402,-0.3301072377673398,-0.3688729129935749
5403,-0.021263368585576533,-0.31542695676821736
5404,0.021861412620890187,-0.29203434455607286
5405,-1.2828153826203865,0.08250554639095235
5406,0.561226869837018,-0.24246267077277744
5407,-0.4204284667782856,-0.3029659632536206
5408,-0.4017139714866682,-0.2786311103346164
5409,0.40306950028194105,-0.36558230149294163
5410,-0.21597610193977818,-0.4701885599961008
5411,0.985618737820315,-0.43636701259440985
5412,0.546912965908402,0.03482761348983653
5413,0.13449768558865588,-0.27628272071887955
5414,0.0371363054453894,-0.27418791323592023
5415,-2.190553689594102,0.42112926368583375
5416,0.6176731313322422,-0.3271798510147714
5417,-0.4799803501000114,-0.29697379520401845
5418,0.09901254306137132,-0.5119959887467593
5419,-0.5181315389084536,-0.3632116423523857
5420,-0.6146546881142654,-0.3197330503057684
5421,-0.2229977222515816,-0.29749050687357426
5422,0.6013182952807146,-0.48446646221614964
5423,0.16272474377381319,-0.49473556866691093
5424,-0.14273690153092047,-0.5624438126214427
5425,-0.66434167086565,-0.5045277708519421
5426,0.05487756654418611,-0.4663194175949929
5427,0.18646209596989305,-0.5233709512144322
5428,-0.29291495250240085,-0.513022773389968
5429,0.2136364974532696,-0.5445218064430801
5430,0.4440226115278556,-0.542219747679705
5431,-0.1800325147925678,-0.5424146852893268
5432,0.7521682967139455,-0.4905023066316733
5433,0.5250558676239167,-0.4719758184534562
5434,-0.6872904220382701,-0.4484176196142934
5435,-0.030601524399633775,-0.5298703838517018
5436,-0.2644669474964277,-0.5452360121179606
5437,0.40530938072951683,-0.5812804781724944
5438,0.9558518475495269,-0.419441667677096
5439,-0.6667400922060471,-0.47264425909844765
5440,-0.18571851391841554,-0.5068684348065909
5441,-0.6521232751509064,-0.44532973355544714
5442,0.22413125576476053,-0.5749199070502823
5443,-0.2503314244467084,-0.5193445243151461
5444,0.4466749919960651,-0.5512197686604017
5445,0.3575470847014567,-0.552391681323037
5446,0.3460119574007604,-0.5517123462814386
5447,-0.598613879655965,-0.4344720970688422
5448,-0.5773762337210109,-0.5369683575439467
5449,-0.30773508298082797,-0.4835005284775781
5450,-1.7063780110094926,0.19410996760482951
5451,-0.6482744449344302,0.8025733817552286
5452,-0.12536675158152447,-0.3390291189890528
5453,0.3657897066250611,-0.4431789434008017
5454,0.3228003007274937,-0.41969767569049415
5455,0.7089876800087431,-0.43354398322375587
5456,-0.11511547708364973,-0.4812132746500424
5457,-0.6025417450283833,-0.38345238913341095
5458,1.6132287030436352,-0.15587047844160717
5459,-0.20287482637751567,-0.38497409273635214
5460,0.20552441765245993,-0.5019649533352741
5461,-0.25484732775894925,-0.5809082545732697
5462,0.17671063048183586,-0.5287669591290448
5463,0.3097359606056765,-0.5692190024506306
5464,0.04875244712034354,-0.5088146078784797
5465,-0.45228269966641876,-0.25905799721968914
5466,-0.206613197393002,-0.4262314360070202
5467,-0.6030709847291351,-0.40429092110257014
5468,0.5758038913074822,-0.5060346372048204
5469,0.5176773607265696,-0.5516423953844198
5470,1.2686608384620643,-0.22391438680564835
5471,-0.05836391201944378,-0.2877285922490615
5472,0.5320359616438147,-0.2687556295442613
5473,-1.591912559720872,-0.04406928506927693
5474,0.9000161957649467,-0.41618164495277754
5475,0.1726026698443193,-0.4979798166748814
5476,0.9336764931772004,-0.26281105443027053
5477,0.14892183849653362,-0.3458773214388402
5478,0.7151517238249759,-0.09925321097037151
5479,0.3298323425699171,-0.26755819056724645
5480,-0.3571435494421617,-0.29256488112072143
5481,0.22080321105524886,-0.40130387115394506
5482,0.11390133797451055,-0.3410069512179391
5483,-0.7554500685711637,-0.23300120306304656
5484,0.27773712875000245,-0.39148790908798126
5485,0.5220317907727003,-0.3511069030414488
5486,-0.131422493994039,-0.38757976058359117
5487,0.11333323534491538,-0.4768730598097539
5488,-0.3335105001526001,-0.3567337670396868
5489,0.13397653074503485,-0.48799664788955244
5490,-0.25737257567590544,-0.4057911246687344
5491,0.07018263161931308,-0.40079381511986095
5492,0.1018546902096065,-0.4797256681511889
5493,0.1307330601762888,-0.4411526721745452
5494,-0.028460306132694513,-0.4072993518802407
5495,0.6022212362587734,-0.47213287680191035
5496,-0.9213019761925637,-0.3955920404832034
5497,0.5028762929805634,-0.44749235659593617
5498,1.9301317350889868,0.6866045480457875
5499,0.14869819672445364,0.452983314934461
5500,-0.7321926928938214,0.15526529264027522
5501,-0.8397732698639109,-0.010047167546376199
5502,0.7154447700724809,-0.04857103901060571
5503,-1.5622136025352897,0.07329124572761035
5504,-0.061235251448158494,0.7707687728315434
5505,-0.5129633514761405,-0.20168071196034365
5506,0.4195907113708775,-0.16846316685850377
5507,0.3819439930770982,-0.1726045203165607
5508,0.7323093019535792,-0.3411400356493446
5509,0.31621774641180017,-0.26718243316427986
5510,-0.0877686578294125,-0.30454889171060523
5511,-0.197237775357202,-0.3241005001885827
5512,0.9878417091455477,-0.34135594421804566
5513,-0.6032478503204947,-0.3258910347313699
5514,0.14306811100999856,-0.3468225735379739
5515,-0.2362593370192533,-0.4124323605478662
5516,0.6513185976965025,-0.37709070468572936
5517,-0.3851056944836528,-0.23187820657053565
5518,-0.1582754646660944,-0.39647747518294146
5519,-0.5153131583532238,-0.3668133228393243
5520,-0.29980365484403243,-0.42742908205524016
5521,-0.14248893701991253,-0.43558095374658895
5522,-0.06217716584529867,-0.38327451080630287
5523,-0.25534871635270573,-0.49934116662676525
5524,0.38571784624488065,-0.39494249209133586
5525,-0.29845167649643184,-0.5406138276126624
5526,-0.033076932023385436,-0.5034621826336465
5527,0.23579190802877606,-0.5762055018565554
5528,-0.435072321204263,-0.5097372773432829
5529,-0.11421703515354616,-0.4249058074777527
5530,0.5343179975506662,-0.4913427669135523
5531,-1.7089531285445696,-0.19320730222166327
5532,-0.464401343627999,-0.36671661084025714
5533,0.11517580161932114,-0.5088596051636468
5534,-0.45015145940872253,-0.35209533732406634
5535,0.07337341116685975,-0.4147777111282465
5536,0.29518400672375494,-0.4955622389972144
5537,0.06471884573214881,-0.5076731414678155
5538,0.0435018763593238,-0.49949874742916656
5539,-0.5166389920573654,-0.5277492731043049
5540,0.404175325785439,-0.4807981479832212
5541,-0.0987555485826106,-0.5027475246174433
5542,-0.9118252837535384,-0.29018120897102523
5543,0.9288452761932774,-0.39029732340504447
5544,-0.0048912263856992575,-0.5193487091617932
5545,0.5935747420501172,-0.4863835347918299
5546,-0.668037350961031,-0.43119468692370816
5547,-0.49921514493450625,-0.4429304325173346
5548,0.07873622798146301,-0.46435147542214106
5549,-0.7927884730050048,-0.3776151888722872
5550,-0.21885672797928243,-0.29372842606765637
5551,-0.5980731932629402,-0.2458825462744047
5552,0.859904092207268,-0.3971213471560068
5553,-0.3964994288923661,-0.4006098970243711
5554,0.449693141693095,-0.5040508604654048
5555,-0.43147480783635167,-0.4513829736661816
5556,0.5305817164485999,-0.5248205988198965
5557,0.11509881398954246,-0.4938119963411028
5558,-0.41393127706811034,-0.5362367435211387
5559,-0.40503307131268235,-0.46638320220426216
5560,1.1822631946719013,-0.52089400762964
5561,-0.09607200703315387,-0.4753072749698452
5562,-0.6037058498896734,-0.3848487197247393
5563,0.1831439263356187,-0.5392641460113734
5564,0.003041311370136978,-0.45166248282547644
5565,-0.034048233800048226,-0.5423579540961417
5566,-1.1656498064283893,-0.08712855836376197
5567,0.4536258412036468,-0.45754218714060385
5568,-0.23649851421273224,-0.46528659099367514
5569,-0.1990769239030491,-0.49979414499333213
5570,0.554473559122008,-0.44718218137340965
5571,-0.05746736917401779,-0.5144999153226139
5572,0.537587090608732,-0.4977561873324618
5573,-0.4715043787852962,-0.4201198986909552
5574,-0.34888831234629036,-0.37840876775002497
5575,0.5616386917213806,-0.48274297549905276
5576,0.5538939811656789,-0.39326959469254613
5577,-0.1263676597845859,-0.4100457239282261
5578,-0.7338975806798048,-0.34592907468488376
5579,-0.5449898629210396,-0.43314128443337235
5580,0.4962503846567454,-0.3505956698028288
5581,-0.06780465930263314,-0.49709432329096725
5582,-0.2651480695270889,-0.38673336562432087
5583,0.19887571287360006,-0.45282244554169704
5584,0.4118306773464478,-0.4273093485886487
5585,0.38805673078317227,-0.3508767820921086
5586,0.0884822043777465,-0.5011117271039056
5587,-0.382169276616772,-0.4205510590106963
5588,0.4652154899769451,-0.45680395592566087
5589,0.34478096501311034,-0.39604189016780655
5590,-0.12335063192957231,-0.3514702531745178
5591,0.5833335562888952,-0.36872576960731207
5592,0.23574567968208285,-0.29315647299560127
5593,-0.6358319294575241,-0.3053746407620259
5594,-0.17774099478422054,-0.37518809971161604
5595,-0.33400178368856137,-0.3190498872782413
5596,-0.7329687594557902,-0.133663837614373
5597,-1.3707679504697956,0.08832262222625728
5598,-0.4790108376730958,0.12367544736888518
5599,0.29769952468621746,0.22067414765685583
5600,-0.9577601114590268,-0.038723341977556044
5601,-0.5578091998966714,-0.19482336741574596
5602,-1.216709699473466,0.511974421028983
5603,0.8241260555338965,-0.14562700990651728
5604,0.3213641520340443,-0.3096021048085297
5605,-0.9475123218375187,-0.3055360296464125
5606,0.5142812404576823,-0.26179914227544143
5607,0.7675426694088069,-0.2985597579882292
5608,-0.41985609805959534,-0.4266701817935961
5609,0.43119293565541944,-0.5515310211615383
5610,0.7407935609203598,-0.1833092725926696
5611,-0.3113816147030311,-0.4485237492070642
5612,-0.7366731055793556,-0.40876996208473276
5613,0.6547684513387292,-0.5052269466685191
5614,0.5955734794979491,-0.3990182804020841
5615,-0.9485862569918511,-0.3884876587009484
5616,0.4598088540174598,-0.5120276719843335
5617,-1.036284240040701,-0.3976870652691152
5618,0.6974219078008961,-0.4913658707181447
5619,-0.6601864248069295,-0.47254694457203567
5620,-1.433084495354075,-0.04465103618053134
5621,-0.25228951252582477,-0.10566207211535583
5622,0.4230718706572862,-0.462543010111536
5623,0.614557211756736,-0.29642249559621564
5624,0.487707556539295,-0.5099051769198327
5625,0.2488660959823785,-0.5388584183418053
5626,-0.11990904806248048,-0.5176193954829609
5627,0.11718426577392042,-0.4978456761827513
5628,0.5017446011355575,-0.5763636204150895
5629,0.1950436075016966,-0.5518291550595646
5630,-0.7607481753188796,-0.4550163485100639
5631,-0.24213519981627032,-0.5526836486179754
5632,0.1960373021252411,-0.5315373161747258
5633,0.3724549591693145,-0.5581719121176981
5634,1.2493596639801936,-0.3121727180648383
5635,0.4126516839347307,-0.3697411746937006
5636,-0.06007228066432915,-0.4448207371300755
5637,-0.22813524928788795,-0.4767000205669373
5638,-0.6340118210315798,-0.22998318336075924
5639,1.596853313438674,-0.13850086153342012
5640,-0.3142644513698095,-0.3515100197920417
5641,1.741790254659942,-0.00875181532803201
5642,-0.8920695051187524,0.0520376793453215
5643,-0.38409640245268417,-0.4949344573727693
5644,0.292331725719199,-0.4262577170847266
5645,0.30405255176118734,-0.35113961430669627
5646,-0.6735451515972471,-0.4548005268967875
5647,0.8580982313598058,-0.14929928562325895
5648,0.5441693273346395,0.10685882913712644
5649,0.9247291258433598,0.12273613798413112
5650,-0.8740528287924206,0.0011042724253420098
5651,0.06147036489538364,-0.3078321235153878
5652,-0.7555623373303711,-0.24497495719045642
5653,0.017074211357423742,-0.33455587745722815
5654,-0.5754731239260579,-0.37621079507923383
5655,-0.14121773902980625,-0.3541643139979585
5656,-1.5217719423583735,0.06677405283301852
5657,0.3908150624342582,0.14962727717980223
5658,-0.20275182055765884,-0.3521178788859924
5659,0.3303607704967274,-0.4744463612708442
5660,0.48188257295813736,-0.5261714482806755
5661,-0.3619485807925283,-0.3455379020789756
5662,0.23708898351509614,-0.5093262867139237
5663,0.5408830611564835,-0.4922893441775078
5664,-0.1523121214289807,-0.47642149460913297
5665,0.07421336440521029,-0.5533009439432199
5666,0.07870532677301804,-0.4051622985911876
5667,0.2104389419345244,-0.5215841119619989
5668,-0.3976120705239816,-0.4941345979625422
5669,-0.09665509891028366,-0.5202770509810652
5670,0.2582054086731372,-0.3285014111692044
5671,0.3975528426843284,-0.35773330834371947
5672,0.06485918578702099,-0.41050413558547894
5673,0.6566847850866677,-0.41079585242067357
5674,0.02270611219898902,-0.4224046057901007
5675,-0.10549785480586772,-0.4426718694236788
5676,-0.13988947804443733,-0.439492181256356
5677,0.26861819309544904,-0.49580353473053945
5678,-0.2451012230837673,-0.3774609406199199
5679,-0.13941042840151013,-0.5304866740813127
5680,0.281902040148804,-0.554261338651171
5681,0.5282188609011338,-0.4171131749857596
5682,0.1142711616115915,-0.4461150800011301
5683,0.023394401226467385,-0.5283338510519797
5684,-0.14790288991471354,-0.4727705516037259
5685,0.1353250488063325,-0.48471283363898865
5686,-0.6268764218967726,-0.30657660890859745
5687,0.03422075166759269,-0.4611125575496712
5688,-1.0255079018904927,-0.2878139175563477
5689,0.24791108608436785,-0.4178461984366255
5690,0.5246502404411787,-0.4246621774886853
5691,-0.5578090770969134,-0.35817032360916085
5692,-1.856042144483571,0.20565979158895642
5693,0.12616679084403398,-0.1612257531473718
5694,-0.7375548365264842,0.029378773998292092
5695,-1.1926466055020448,0.4108981412040439
5696,0.8576157066200683,0.11472666280420889
5697,1.2338153035759376,-0.023901633356182908
5698,-0.47493380573254795,-0.33530414299917677
5699,0.18831316901949688,-0.5189209765303616
5700,-0.8459531706053973,-0.32059341776558264
5701,-0.48179414054535075,-0.36594402166456047
5702,-0.0620133078145049,-0.32748037199908864
5703,-0.24622516321055266,-0.45546559611121396
5704,-0.08789494778963947,-0.38897198161172225
5705,-0.6118181930944543,-0.1777665666031712
5706,0.1049805518146644,-0.38212117448980554
5707,-0.1949807002835226,-0.41034562938205227
5708,-0.7662555008653726,-0.3342442993826578
5709,0.7226085357284446,-0.06485812474383151
5710,0.6418757482553795,-0.4197001670810197
5711,-0.6646156708085506,-0.3524875089615977
5712,-0.8865168765904926,-0.19215015787534684
5713,-0.692387394784779,-0.30049939864809394
5714,-1.4592197765857926,0.894145162230609
5715,0.5630591557326076,-0.03945736532321609
5716,-0.43575696761611915,-0.29578646770011685
5717,0.3399619681371329,-0.2714298088473878
5718,0.4920049786866717,0.06787879277329124
5719,0.5109676052478459,-0.48355178148466976
5720,-0.5960930355878888,-0.43546365023580874
5721,0.6148291506828664,-0.4406464671011345
5722,0.41279372804027986,-0.4201289270177278
5723,-0.3519689526240284,-0.4145487732490865
5724,0.6524921353794825,-0.4734902835701214
5725,0.48296540382376235,-0.5523488887847984
5726,-0.47472186571995056,-0.4367478114135508
5727,-0.3927478297817936,-0.4167487864804998
5728,-0.39460638086025357,-0.5222378849755266
5729,-0.7157395507358151,-0.3559800303161425
5730,0.13482397132147608,-0.5197444862409555
5731,-0.7934854057144087,-0.24589141806857406
5732,-0.10750688681407983,-0.4859703160237962
5733,-0.6246824548891976,-0.05593084662489294
5734,1.1185079705627654,-0.02606196985489985
5735,-0.04615787098339379,-0.37504137179866165
5736,-0.9124888152778289,-0.08480704682022318
5737,-9.503018405293925,4.42385696528754
5738,2.1322845388533302,1.5642977813852021
5739,0.8878577624169333,0.42998729688976745
5740,0.0644736386065315,0.0051223275235881965
5741,-0.7037324801678332,-0.18379261707370204
5742,1.0112213265242853,-0.009538582709126884
5743,0.36673231616749175,-0.231678807233841
5744,0.4448091193192518,-0.21700976346392925
5745,-0.610975642661228,-0.33998571980522896
5746,0.23512929309709746,-0.3057743761669792
5747,0.42590338423906204,-0.43050169087502865
5748,-0.2715288557056,-0.3844182290120694
5749,-0.23510242717612656,-0.4627985438442764
5750,-0.4808710436145213,-0.20046029058018283
5751,0.020790307066431868,-0.43980721288899716
5752,0.3138999975733502,-0.4115705867398165
5753,0.3543524604745097,-0.46132776407289594
5754,-0.10634010432152095,-0.3560347628719195
5755,0.22597656857564327,-0.35754410455025104
5756,0.21886911086140792,-0.22215065389091598
5757,-0.30508123707651863,-0.3551134055456056
5758,-0.7123642657983922,-0.28167236520223027
5759,-0.6843574228829274,-0.06053471094091718
5760,-0.45520006709983957,-0.13603137579007785
5761,-0.24238251177841066,-0.06790302201964662
5762,-0.45041474748156646,0.08230937265627554
5763,0.8286562578737052,-0.2775705438976061
5764,-0.9308706483407098,-0.024416166740507582
5765,-0.45074121987898114,0.01914843444327683
5766,-0.06757226882910199,-0.15540064187801167
5767,0.737886861383564,-0.3120006502468795
5768,-0.0870810213595199,-0.15675128870059435
5769,-0.1408811436258061,-0.46244403015752056
5770,-0.14193784593830175,-0.3728008925424477
5771,0.3203811251497319,-0.322695022168613
5772,-1.104487309120913,0.2166354651701612
5773,1.771199370361573,0.06798269983953915
5774,-0.9515695340714904,-0.23123867934328757
5775,1.166486905408261,-0.3354657495060585
5776,0.020603072262371073,-0.4379637083019524
5777,0.6770376189914742,-0.35904462370441353
5778,-0.23741708426634736,-0.26542863866008665
5779,-0.26342530120763474,-0.4297754098817577
5780,0.021765741502043006,-0.447863191756959
5781,0.4920318998804816,-0.4184888098377281
5782,-1.8883091549208129,0.1540927899206717
5783,0.534160583638886,-0.1957293243552476
5784,1.3691118721023177,-0.29416854077621807
5785,-0.6205963431219527,-0.27899121236800073
5786,-0.4228909931284912,-0.2873481928828648
5787,-0.19305723309022352,-0.13314428940381076
5788,0.4532775627536959,-0.17171094258272673
5789,-1.5169600764953737,-0.01610223737169867
5790,0.48095033377580065,0.029419655820296826
5791,-0.9891994299923231,-0.09985838629914832
5792,1.1102628310041822,-0.19315557689707336
5793,-0.43015656814727055,-0.27763082227790414
5794,0.8982136451208779,-0.2764138081841404
5795,0.5386035949568936,-0.466063009656782
5796,-0.5652776041299783,-0.3032135374403559
5797,-0.7174437383277537,-0.30911008794631134
5798,-0.31129313411143505,-0.3786025397953278
5799,-2.261507598516556,0.5909003128588369
5800,-1.6424007714022262,4.779964210823179
5801,-0.8562755262193079,0.5686431191802512
5802,0.8281304205946466,0.18928951493842044
5803,-0.30348321897408304,-0.18991010588861001
5804,0.3312274905833276,-0.07748884236782592
5805,0.3396313952802414,-0.37644617110562545
5806,0.7023702019526782,-0.19464017876219203
5807,1.5723643663687985,0.06229997023741014
5808,-0.07852228046916344,-0.26843001282581336
5809,0.543790352499884,-0.4331445969929704
5810,-0.1419072567310338,-0.4186024184185135
5811,0.31082931104236455,-0.3880925217455003
5812,-0.3281190283149751,-0.46543336070106245
5813,-0.06282717113251332,-0.4631942465285197
5814,-0.7082344261366855,-0.39618961668477604
5815,-0.11257897249348735,-0.454851653781202
5816,0.8327153176679536,-0.531654188050676
5817,-0.7376445485010235,-0.4662088082624781
5818,0.39827534288009037,-0.5185073786390997
5819,0.04332312891677017,-0.4942259444604331
5820,-0.75433767053749,-0.5025973134912539
5821,-0.05508324075342869,-0.47358205259275954
5822,-0.1131686247345291,-0.33185968659420717
5823,-1.1192618323537917,-0.15563896746771677
5824,-1.9212097950995755,0.13790991711120754
5825,-0.6993723607546234,0.03866949297925242
5826,0.21316487779133528,0.06590764347959531
5827,-0.732595960023563,0.37182461591446136
5828,0.20109498811033463,-0.2869137881683786
5829,0.3551546698111659,-0.33894844535455093
5830,-0.8003110039734608,0.12254356051847053
5831,-0.5310261442175876,0.8414405102468112
5832,1.894923191919939,-0.03796952496936676
5833,-1.53592033013943,-0.14393835851937437
5834,0.42995678229405604,0.13768908500221866
5835,-1.257560894676596,-0.028548886787621602
5836,0.18979418892364863,1.2786613681227637
5837,-0.7394876203014046,0.19362025935126587
5838,1.1691617447698364,-0.016141820680586103
5839,-0.4063229946447405,-0.20652576481279905
5840,-0.6996677175880306,-0.26110787611484093
5841,-1.2762513979722183,-0.0017485724779510523
5842,-0.1953427730310431,0.024734108158259764
5843,0.8087197401678846,0.05697370601041156
5844,0.31690185136021853,-0.2523099651369781
5845,0.5122798439007656,-0.31534607723778035
5846,-0.49192753493108315,-0.2606591508345002
5847,1.1033499961375397,-0.11580503864022403
5848,0.06976842404218636,-0.2868607312975157
5849,0.5727897891785868,-0.4365073009845412
5850,-0.40904261397638153,-0.40293816187271464
5851,-0.13976971172808617,-0.3344727552048131
5852,0.34398781452752414,-0.5421864161754135
5853,-0.9368048262924769,-0.3911323822319203
5854,0.5412104472873124,-0.48897115265641056
5855,0.450395111356815,-0.47181542141306254
5856,0.6247119960145112,-0.4457906387802163
5857,-0.40877168594664554,-0.48962548734878975
5858,-0.6279179982482862,-0.4529538826818366
5859,0.29993306428361444,-0.4738443258339041
5860,-0.026880606912873597,-0.4189802590182277
5861,-0.10472334347337582,-0.39814236303004297
5862,-0.2643872617817482,-0.39024856412368064
5863,0.3270403755766756,-0.37763575164341634
5864,-0.5986876773898053,-0.28683807933007194
5865,0.5318159968744336,-0.3179254655104549
5866,0.01792382915724926,-0.4845408619511127
5867,-0.9576595255228912,-0.3873371617698199
5868,0.17799183436597615,-0.39305956999121167
5869,0.07484135007743604,-0.4211047120919302
5870,0.5022855384997205,-0.23170517385072747
5871,-0.547214311960425,-0.35394176562588336
5872,-0.720320277854912,-0.33321002686959883
5873,0.5230580015605887,-0.38376251737958783
5874,-0.536846967451064,-0.4754306325174123
5875,0.20535006884434256,-0.5423660016626405
5876,0.17331304100325934,-0.46223592948786907
5877,-0.009858516493569752,-0.48365590594151997
5878,1.5619813454762521,-0.3215025743555231
5879,-0.28667700461580026,-0.34608484298241365
5880,0.4261990121376227,-0.42837897272577985
5881,1.1054072337174816,-0.29071268526893274
5882,0.7246063125726617,0.13718555520114567
5883,-0.3304564869683956,-0.21665658085743245
5884,-0.11247012040253576,-0.37788468348700716
5885,-0.11096135993675806,-0.43454091875911216
5886,1.1025009164689943,-0.15099151741742772
5887,-0.18256036112179855,-0.37126706382114205
5888,0.3002207018346149,-0.4436900431893895
5889,0.30921555085396063,-0.42030558559819825
5890,-0.07874664200668711,-0.40346985265078616
5891,0.9365929790462098,-0.27064722015592657
5892,-1.1932501148190064,-0.06292014701046753
5893,-0.06692513257255267,-0.4594655581479893
5894,0.5342403476448443,-0.32940847587071936
5895,0.4623569675311914,-0.44407032760614107
5896,-0.6863301761301398,-0.35941018215442005
5897,0.39548681661933566,-0.5014891050692754
5898,0.06791964137867723,-0.4723120577932161
5899,-0.2857536530492251,-0.4139111888256427
5900,-0.05885655085047696,-0.5179527629664168
5901,-0.7578119043835185,-0.2650891151334075
5902,0.7703513303199907,-0.5450520485248824
5903,0.13271168629898694,-0.5453404530464889
5904,-0.36034315870958544,-0.5434471829439946
5905,0.2656620565107301,-0.6293453468581088
5906,0.800837481029605,-0.3774998862235543
5907,0.18242202800574156,-0.5249293918153128
5908,0.045368779177262515,-0.5552323371608425
5909,-0.11120481333176828,-0.5032089892922297
5910,-0.45178838023209916,-0.46267103661611597
5911,0.3728796912040524,-0.5642945536319047
5912,0.030229471968577025,-0.5401464340796309
5913,0.34381046775676904,-0.594693532609451
5914,-0.1724093052734605,-0.2886287449285904
5915,0.3391916979880063,-0.5911729220947545
5916,0.07527720468855088,-0.47477725858969894
5917,-0.04938389858806347,-0.5688307555826019
5918,-0.22374137611299627,-0.495664010791967
5919,-0.4110686345883877,-0.5386317736002164
5920,-0.08002522151169819,-0.5892033037623802
5921,-0.5089741416083177,-0.5029160059429414
5922,0.5802163525679084,-0.37169376214341926
5923,-0.5666952909870142,-0.31895222429894565
5924,-0.21259178789105126,-0.550630900110097
5925,-0.11915805431523926,-0.5246586936549392
5926,-0.5611702552972645,-0.3915207738643401
5927,-0.42020211456432494,-0.4306025630533443
5928,0.36843670958010777,-0.5967068291182046
5929,-0.014064255832625466,-0.519882025280146
5930,0.2573187575629312,-0.5489696698375444
5931,-0.41478547833638163,-0.4618811440006739
5932,-0.7428264052084347,-0.3739173809314265
5933,-0.3982498187190122,-0.3634339655083084
5934,-0.9412729201848681,-0.2602193282992658
5935,0.925831188834905,-0.4658032164160417
5936,0.3176570776405034,-0.5634507521334383
5937,-0.1280019419331112,-0.5155626172030997
5938,-0.6224879924015001,-0.4024960850164868
5939,0.09918725057220885,-0.4526838008064942
5940,0.6189999819757239,-0.5223589878015644
5941,0.25556235400974514,-0.5130804740114463
5942,0.010299900771503495,-0.5429780832356117
5943,0.4272146770452018,-0.5933167288110359
5944,0.6550059740448547,-0.4846594039242938
5945,-0.15875340499409143,-0.49192337584518253
5946,0.08766131865533519,-0.4255815225354012
5947,-0.3450488625372908,-0.5508828580279644
5948,-0.1565454219462718,-0.5470382280626753
5949,-0.08972667499773312,-0.546049744976515
5950,-0.7471173197038596,-0.394593577852968
5951,-0.08410669839882033,-0.4936389863308401
5952,0.05504849838570706,-0.6192320692437221
5953,-0.3092619824461871,-0.5493180750531624
5954,-0.027221378353781352,-0.4692118604365527
5955,0.10740978910626851,-0.5883182679373146
5956,-0.2848933768236663,-0.5289879891763287
5957,0.10906176883164947,-0.5607812763154897
5958,-0.44484014171236996,-0.478823052205788
5959,-0.18706768285691622,-0.47142089445688967
5960,0.23640074970647632,-0.5356505742493639
5961,-0.12199808506447152,-0.39408296921546976
5962,-0.5503094448238294,-0.4193122987682406
5963,-0.9084064561466125,-0.019873733559585716
5964,-0.6345347065941395,-0.28381314195318297
5965,0.2479122180918218,-0.09536275010807
5966,0.3778804181905746,-0.34976030655148893
5967,-0.10709075018622523,-0.42065185679411043
5968,-0.45826640248068895,-0.37590364700421114
5969,0.5896578783199898,-0.5059700082797773
5970,-0.22133504926516406,-0.43540701440682955
5971,0.6904622876083226,-0.46291091628700853
5972,0.43286117134551905,-0.4345352750647044
5973,-0.24270145097032048,-0.5152361848708474
5974,0.17611894511906462,-0.5195345397051355
5975,-0.5920772390962179,-0.4192869677231643
5976,-0.7014719812098676,-0.2492222174190582
5977,0.144434141735676,-0.4629540937473066
5978,0.8473700099689773,-0.47125628359324867
5979,-0.10307353559571153,-0.4812463961667623
5980,0.6629195354538006,-0.512239185623829
5981,-0.33869068682506415,-0.4827852663058087
5982,0.8897034027976701,-0.37054524571302183
5983,1.1258644019939217,-0.1809144510959515
5984,-0.16367039800878486,-0.3572081860575613
5985,-0.42130782397342553,-0.36441377531085933
5986,-0.3502146518084125,-0.4660560390910794
5987,1.0252541867291882,-0.4228734915132743
5988,-0.13142627376791732,-0.47439404655294726
5989,0.012956995648312094,-0.4657402806298424
5990,1.6173540628370124,0.12074736319756572
5991,-0.005265948887930277,-0.153633109973086
5992,0.5609869895376551,-0.28328694230091384
5993,-0.7741932363849604,-0.27869150563586914
5994,-0.1204983514142997,-0.3742847833919607
5995,0.11506128010762082,-0.544412489917096
5996,-0.14977264766566786,-0.5123096097350678
5997,0.020578074889120623,-0.4243163619879312
5998,-0.4703318954988305,-0.36758506952510933
5999,-1.157327680191975,-0.2256767511737281
6000,-1.3385970235556994,-0.1462971464211253
6001,1.6149229031573513,-0.12221328557370394
6002,-0.00290345024670745,-0.3477800670929037
6003,0.4344962521033494,-0.5676621738115586
6004,0.08967907400991254,-0.5097550060264106
6005,0.39040688443961613,-0.5460207790457212
6006,-0.5743732867886832,-0.3934252961148141
6007,0.6522884455149064,-0.539869551251187
6008,0.4674267035066967,-0.5524492279940784
6009,-0.9433269588693813,-0.3743372338693938
6010,0.6015811406465266,-0.4713822192358567
6011,0.26938725882125103,-0.5724330354302536
6012,0.3907108822781789,-0.4519921097943946
6013,0.3996467551260491,-0.5665246686017616
6014,0.8676679804619665,-0.3494271123162053
6015,-0.9135619988490759,-0.33936849379333484
6016,-0.08991894595830917,-0.5026753962019335
6017,0.2213666841846566,-0.5925968999063642
6018,1.1108837056016245,-0.2653880487867902
6019,-0.5067664270044493,-0.43301433540616086
6020,-0.12510979228932217,-0.5368723725283836
6021,0.02416629608784913,-0.5116948441742188
6022,0.001072409813092269,-0.46821850183196906
6023,-0.5837350327554429,-0.3343790938998598
6024,0.5005113568575954,-0.46780840900575654
6025,-0.3953499910610909,-0.394729936592943
6026,1.0472140758197892,-0.32297248387348
6027,-0.6461598337562435,-0.4261443094438985
6028,-0.5037000696766493,-0.4605489219924986
6029,-0.1505981250943311,-0.5195807107964873
6030,-0.49736123384465586,-0.3761883560817795
6031,0.08718436600800074,-0.4161908505071358
6032,0.026219239670544223,-0.5376667744574454
6033,-0.983927700013346,-0.32602774944348856
6034,-0.9939985233364181,-0.14858756522142852
6035,0.14566358924941517,-0.3326818018515488
6036,0.4726266396258248,-0.5167653404500803
6037,-0.47036893813877456,-0.53124830429211
6038,0.4363880517627262,-0.45589784298734315
6039,0.007722155352948221,-0.5519142396570825
6040,0.07831075083466915,-0.5377095429514801
6041,-0.5602399266206838,-0.48416802363487227
6042,0.6896607733603236,-0.5621377230227914
6043,-0.33309901749017073,-0.5373582898588951
6044,-0.7720295850384099,-0.49060177729589605
6045,0.6577247355765375,-0.5092135625779629
6046,-0.2585684649261143,-0.4394398385169813
6047,0.6045349285776012,-0.48079861956726144
6048,0.8011493876371909,-0.24215255817127807
6049,-0.24870464321748378,-0.49975863696878925
6050,0.6354332075517963,-0.4136789427062919
6051,-0.3116528612891638,-0.3306975692562489
6052,0.30534160814503675,-0.4516225641484161
6053,-0.4213543736491876,-0.48296485428251634
6054,0.18338702373569504,-0.43648723835143755
6055,0.8086578657482392,-0.3764877345479599
6056,-1.3602254314400195,-0.29399773710263655
6057,-0.4395180607931688,-0.30349223732820585
6058,-1.4295794570581484,0.07338687048902502
6059,-0.03589131240897293,-0.3376789359671556
6060,-0.27509373474950694,-0.4556409265903223
6061,-0.19156081563136027,-0.450506345181055
6062,0.524851218350436,-0.22758762321532378
6063,-0.8108359948201042,-0.15099845229043524
6064,-0.18865620452002313,-0.4187826106736861
6065,0.2671377565544399,-0.4979577366497679
6066,-0.020218275917288513,-0.40844606142300965
6067,-0.35565618572031216,-0.4489907685697433
6068,-0.670498440897498,-0.4215612781796138
6069,0.168648611607292,-0.4507355615946505
6070,0.032522117670543575,-0.34793110399306165
6071,0.22027488019275393,-0.4874699041232129
6072,0.7937911520332825,-0.32079467942574413
6073,0.023611449208526463,-0.4667689360028652
6074,-0.26918417630451535,-0.39254545209349967
6075,-0.18750684661327602,-0.4545698413540745
6076,0.6985411620011917,-0.21540812778440777
6077,-1.4246750093248792,-0.07800523811802934
6078,0.7550241848545556,-0.14645768439299356
6079,1.2214383780823517,-0.13193831139911646
6080,-0.3823616557648414,-0.4359726764234548
6081,-0.2677327103535581,-0.35123105249114994
6082,-0.06609944443332848,-0.365913884869619
6083,0.45973159437067707,-0.36856576892855836
6084,0.18149493329430166,-0.4759342948667691
6085,0.04921819666200545,-0.5204855409500737
6086,-0.64803548557324,-0.3537224288741978
6087,-0.45600968991299645,-0.44510484285649354
6088,0.1069717477033244,-0.497638068737025
6089,0.8167318643233665,-0.46457571544418613
6090,-0.5315427795203255,-0.3852092104373774
6091,0.9304043410984864,-0.4128624156582714
6092,-0.609455994769939,-0.3384623942294436
6093,0.6479476031806004,-0.5179787530042956
6094,0.025456689355184265,-0.49957248504012697
6095,0.7381518852464937,-0.41947639230647565
6096,-0.7780502437107478,-0.42554903368519736
6097,-0.3485546078463772,-0.47804962687483665
6098,-0.6247157289480568,-0.49265322151359764
6099,0.41633207527092786,-0.5515129020547033
6100,-1.0102039350914334,-0.2860459809655082
6101,1.0417395601190433,-0.4712030685726502
6102,1.7920513420820123,-0.38861863108934086
6103,-0.08908835646313475,-0.4783766854196224
6104,-0.11949498518295612,-0.4906416796378974
6105,0.026024863685379738,-0.575857095539164
6106,0.9043422532804561,-0.2872232928502496
6107,-0.605064161702831,-0.44795962554576924
6108,-0.10019407178735328,-0.5288164553813361
6109,0.8344940239130479,-0.5577583577271104
6110,1.0005551398573003,-0.15057383658656004
6111,1.2074602435483708,-0.1502602126201576
6112,-0.9194188490462675,-0.288438541002455
6113,0.4166474765939875,-0.4951598114469913
6114,0.09136326095181121,-0.3650906404461034
6115,0.48872880802987134,-0.35403039280264403
6116,0.21195403292613643,-0.3988521127274636
6117,-0.3612960903326876,-0.3299326376577677
6118,1.1158832815072766,-0.06187269880457817
6119,-0.04249110089991445,-0.02568268814340369
6120,0.47735507894079127,-0.3948857939668657
6121,0.09944233245368989,-0.44939685069914276
6122,-0.005104410764858146,-0.21530962630545386
6123,0.9438062543145908,-0.3073359573529604
6124,0.011967964675551434,-0.27282411316609195
6125,0.6560747289743556,-0.21574249708066806
6126,-0.516614173417909,-0.1347497710922828
6127,-0.6977387644504425,-0.14158799758265128
6128,-0.01836085032105929,-0.37570540507442457
6129,-1.229959069920751,-0.07449554404898458
6130,-0.920940214779522,-0.15460324133632763
6131,-0.005232884003160598,-0.48106957953800494
6132,0.22588711523897861,-0.42922207696375647
6133,-0.04996878472521209,-0.5170483048336396
6134,-0.49142405714415033,-0.49964313212198086
6135,-0.10887002941560807,-0.47257957108296983
6136,-0.1953560720349654,-0.4652123054881529
6137,-0.2278614367306363,-0.4991238470673442
6138,0.7971011940569118,-0.5062778678624988
6139,-0.21003656156089875,-0.5685941774674295
6140,0.31975899510314754,-0.5343808270408116
6141,0.406222462898015,-0.46160453811857505
6142,-0.32667607210592287,-0.4659914277335658
6143,-0.45433305515900535,-0.5204797060821621
6144,0.25393693490228864,-0.5213153865008813
6145,0.620440575553668,-0.4475018829437144
6146,-0.2722147781211563,-0.4548636367339024
6147,-0.4735074991715754,-0.39639961335514345
6148,0.16068412121651757,-0.5079196892733652
6149,-0.3719605381610384,-0.40120624760435325
6150,-0.6492708586452697,-0.3967119623645829
6151,-0.24705069568126103,-0.41232634990420153
6152,-0.08435884214995015,-0.46328670062808264
6153,0.4939085559205364,-0.5682936650233322
6154,0.03473762050440311,-0.5944957208623037
6155,-0.2700474066555625,-0.5440396634712867
6156,0.8385444525555388,-0.4588958347979795
6157,-0.07143071444353703,-0.4889137318646391
6158,0.3564388164251518,-0.46903103801748863
6159,-0.033449551838995596,-0.5246863216780979
6160,-0.058191807423699324,-0.4626776574536931
6161,0.07570062144585506,-0.5554497154855749
6162,0.16861310118439504,-0.4362697013846834
6163,-0.3664218492310134,-0.5149085171453912
6164,-0.21364645455599313,-0.5643242165123632
6165,0.0989092059310641,-0.5210802643680689
6166,0.2487314062159011,-0.47534736733287725
6167,-0.09510104462891619,-0.4821219998115729
6168,-0.2206161833171473,-0.44225854177653584
6169,0.09685547097154129,-0.5094908115687672
6170,0.35405813584146817,-0.3984561311136573
6171,0.26581519350433563,-0.4182616798124701
6172,0.03296049002810394,-0.11919605120656492
6173,-0.5547934559032756,-0.3172400733416186
6174,-1.0049074722012759,-0.05180205392289676
6175,1.8485754945521211,-0.14138092146574377
6176,1.4415088319671219,0.02231430357394972
6177,0.8436903292949065,0.3413336883424101
6178,-0.710356149895264,0.025271365253103993
6179,0.8348019847997552,-0.14920901757752003
6180,-0.026370730408370378,-0.3405872315992247
6181,-0.39841572422488797,-0.3010145623008251
6182,-0.4053765048484913,-0.265678845118606
6183,-0.6575657454264185,-0.2579075933311095
6184,0.28450553025024394,-0.40663424894626016
6185,-1.169048164609643,-0.1914535643625127
6186,0.3999321119098387,-0.465116363700464
6187,0.6859681712203761,-0.4229769641778718
6188,-0.7015025749089685,-0.48670444690765263
6189,0.14481000061592836,-0.5773086791305406
6190,-0.8492182208298088,-0.41403180194592426
6191,0.17324590771612033,-0.5106688123939312
6192,0.5996306746295597,-0.48014626126611487
6193,-0.050775886594918246,-0.527019686574306
6194,0.3798799856537239,-0.5072595845786659
6195,0.7386798969783627,-0.4140796421677482
6196,-0.2833593658707449,-0.5251616490534637
6197,-0.07892827814663998,-0.4812550046319117
6198,-0.8872518253109399,-0.3964030998552829
6199,-1.9214561975710014,-0.016890919790829288
6200,0.8117664493556769,-0.09277364342383314
6201,-0.3662868686099073,-0.39405675585055944
6202,-0.4076131200208086,-0.43451995978540775
6203,0.005126406059459579,-0.3503071712101288
6204,-0.7533603134336961,-0.4570470118858874
6205,-0.7181824196336515,-0.23603653892348403
6206,1.0175183036797102,-0.22023334169058395
6207,0.4808297933847398,-0.5002528209720926
6208,0.4091191630988816,-0.503592028005605
6209,-0.2492539342758139,-0.47555109321595423
6210,0.007011954569645417,-0.5210511272866895
6211,-0.6640666672877723,-0.5132435638704901
6212,-0.403137545978228,-0.47263287963036793
6213,0.07129528813083039,-0.5667728596362559
6214,-0.01255514615559682,-0.47244546399344206
6215,-0.15066052775259012,-0.4445623623819856
6216,-0.18312800928546977,-0.4399361287445881
6217,1.097227271393924,-0.44830130473090773
6218,0.9013729781548017,-0.20258759026695394
6219,0.17819436954420387,-0.4554864397202304
6220,-0.16091127095585628,-0.43986761729973006
6221,-0.058625414831276874,-0.478400289934876
6222,0.5963756109039433,-0.3521979334772439
6223,-0.38316979641137777,-0.4543944449328897
6224,-0.45184418941849663,-0.4694462422255523
6225,-0.22743420129589345,-0.5331730665982632
6226,0.928092048237372,-0.3623195950037311
6227,0.008131846748027872,-0.41536775572593587
6228,-0.041537918818372405,-0.5009523427271344
6229,-0.32649632838962755,-0.4187611817082253
6230,0.29321539113982337,-0.5077257889224173
6231,0.060038810689942844,-0.4448391458067515
6232,-0.40792057898280243,-0.5052280797919612
6233,-0.11885419002204585,-0.5294488640890189
6234,0.1375716099969311,-0.3944618048528149
6235,-0.4630087474601426,-0.4700637324313669
6236,0.1686498471499804,-0.5042841645481829
6237,-0.1597595456568871,-0.5287681160206431
6238,-0.09568363985694708,-0.5355349174091691
6239,-0.010372624234842401,-0.5372352828484332
6240,0.4056404621602121,-0.5243222416449905
6241,-0.30219422833514265,-0.4825345877278453
6242,-0.06062111001223717,-0.5333726794934659
6243,-0.12101506734811229,-0.5276472604873268
6244,-0.073279303797556,-0.5168060719925742
6245,0.2218945846093357,-0.5587175704905545
6246,0.3032541313178818,-0.4411148438661284
6247,0.33295686336152336,-0.42698307383325657
6248,-0.13845961926502645,-0.5275629229678935
6249,-0.23302630177760542,-0.556951590972924
6250,-0.03493934462459649,-0.5205531547509445
6251,0.030521102023829398,-0.5328329703577114
6252,0.5483224947664872,-0.5124224825809612
6253,0.31004681448091637,-0.46144183006471884
6254,0.3743426100870387,-0.4305207827360784
6255,-0.9136455408226181,-0.3869261335363363
6256,0.06166592317308317,-0.4831136138547387
6257,-0.33610885424018855,-0.47942726308982747
6258,0.10134361733026194,-0.48573586893031545
6259,-0.8561842204077343,-0.30817406979130735
6260,-0.5278100358890637,-0.32917446318963434
6261,-0.29409335164135286,-0.33861058637591773
6262,0.2684247062276125,-0.3922611490279677
6263,-0.9744117267114728,-0.11305373172834104
6264,0.03017686433951418,-1.243523287541023
6265,-0.013952095466584874,-0.3397304320747041
6266,-0.33926755433174893,-0.4019842393901681
6267,0.09663419060194167,-0.45201211213454096
6268,0.4570104752956622,-0.38384252575113764
6269,-0.7613413015505162,-0.42292320260082406
6270,-0.8423111140544186,0.24580552321220744
6271,0.322395047984752,-0.32653393177454026
6272,0.34376606708115165,-0.45196440562837364
6273,1.1398977404503055,-0.34070102179235456
6274,0.10521156612205722,-0.40439971079867715
6275,0.7534147190373398,-0.24073708338599348
6276,0.17340484152463673,-0.31704727614547645
6277,-0.3650053750481076,-0.3660952749624199
6278,-0.3383663299724242,-0.4365705881092175
6279,-0.3987865761603471,-0.4160544536034125
6280,0.5110894671178602,-0.6135635614652014
6281,0.3076778063984443,-0.500840728485913
6282,-0.5262077754134438,-0.4239836451084729
6283,-0.8506558069636926,-0.4311834863102531
6284,-0.27416764503952884,-0.32078671855770596
6285,0.1649809734377756,-0.5190936204867029
6286,0.054237069465860696,-0.5510845085818225
6287,0.35591499789337083,-0.5624164490576995
6288,-0.27791804990729563,-0.5365583520214291
6289,-0.6266079630111283,-0.49214610362718164
6290,-0.2559283945220968,-0.5259927909167262
6291,-0.04217450402154704,-0.52182545261132
6292,0.4830357204465041,-0.5491951366612022
6293,-0.6977646202821965,-0.4680519856498836
6294,-0.8498566458390332,-0.23036216986389485
6295,-0.026342654740099707,-0.1482725344765911
6296,0.0543880877252748,-0.46411307143166947
6297,-0.4401132978017657,-0.27829457703668636
6298,0.2038125340108281,-0.10873839340912425
6299,-0.0221742568281385,-0.4266416372044313
6300,0.856547985382538,-0.21008579963553253
6301,0.16498135394967142,-0.498338715039124
6302,-0.33257884874938626,-0.3837489469170037
6303,-0.5831862890143198,-0.4892208707297025
6304,0.3761853658450793,-0.49377241483897993
6305,-0.4801130769259631,-0.4943527001486989
6306,-0.33851896205911663,-0.4341499916581895
6307,-0.1012887947910984,-0.400048780901603
6308,0.43350924767484106,-0.5723487970234958
6309,-0.40922951045170886,-0.4288858862247485
6310,0.12016673341070129,-0.4824025332780658
6311,0.37034171943575744,-0.46429678630782195
6312,0.3234841064133583,-0.48793028443867903
6313,0.1899866956907635,-0.5354656516017418
6314,0.3954797889591178,-0.46781677964978025
6315,-0.37280234304893456,-0.521925795100745
6316,-0.32489037847464547,-0.5480169323728211
6317,-0.23478795122301674,-0.5061230092605821
6318,0.9033867771859205,-0.559353488021486
6319,-0.47410569604464003,-0.4343166432113004
6320,0.8924425981067834,-0.338522400215211
6321,-0.7001729424993427,-0.3939211847647706
6322,0.044781116082457995,-0.5071703519917699
6323,-0.18303335071177748,-0.5853855894175101
6324,0.26787064021532553,-0.5285165747015498
6325,0.18422445204070556,-0.5534441500760653
6326,0.3089245303784541,-0.4353033296454735
6327,-0.032293756874424616,-0.5789208776982079
6328,0.26676135450260613,-0.542863259203144
6329,0.02423545080642905,-0.571234248469858
6330,-0.47785447430385997,-0.2684390513661704
6331,-0.5477075456292345,-0.38755552739038657
6332,-0.5681274507461399,-0.3402865327922621
6333,0.017231871180830912,-0.4031756242116043
6334,0.04768728376951166,-0.5022118460439335
6335,0.4659148000662822,-0.4420073138900518
6336,-1.1821537537308207,-0.248884278666895
6337,0.13178580901035014,-0.4879178919583431
6338,0.46299897473416185,-0.46911190110314827
6339,0.6006032344283315,-0.4099496916389084
6340,-0.6242989235456858,-0.3393435111690822
6341,0.006247034706063749,-0.47135723224610016
6342,0.25878398246230055,-0.41659418886254657
6343,0.08554468871616877,-0.43317959704327247
6344,-0.23066296291696528,-0.4537435492538075
6345,0.23551057353987312,-0.49722629167254506
6346,0.4790353823515032,-0.4882976644963022
6347,-0.1029193369722601,-0.4663704188842142
6348,0.2960470445716671,-0.47854704939819803
6349,0.1503160073006459,-0.4954682250995466
6350,-0.20099891509879397,-0.40922365307543923
6351,-0.7619161568185023,-0.4346537745273318
6352,-0.32573506852092826,-0.26779889553443065
6353,0.15946009066853858,-0.45353388804468214
6354,-0.18734418089438368,-0.40553274341819495
6355,0.43051223991926835,-0.516386777569084
6356,-0.0723366726265924,-0.5263911359678048
6357,0.26075778106521796,-0.5358185079133688
6358,0.9623228826362548,-0.3273152840178031
6359,0.9724633971407811,-0.2561243489458383
6360,0.064225308770264,-0.3016858053991067
6361,0.3352987645427621,-0.1959187207846952
6362,0.3578543396851677,-0.3870611469482786
6363,-0.14626751623987375,-0.4174249130923227
6364,-1.1571266790689603,-0.18352387220383565
6365,-2.466234465513488,0.5450334063861297
6366,-0.45525599630077696,-0.002793076293575272
6367,-0.4956904828725606,0.2671214006105874
6368,1.040378268009633,0.010626882716773357
6369,0.2821136062495019,-0.17667982344262517
6370,-0.8180721346827647,-0.43042790260479713
6371,1.411701705852004,-0.29848608494785595
6372,-0.28275087537193344,-0.513802437543902
6373,-0.6724015308303357,-0.4562005062350528
6374,-0.8592665826579385,-0.3560960549060322
6375,-1.512173285046455,0.6869843028565245
6376,-0.7731960469513808,0.027378195862409888
6377,-0.7416948288434162,0.3217595735712747
6378,0.52968520347987,-0.12359506167929861
6379,0.11841338209650876,-0.38317627079752425
6380,-0.3741325718301708,-0.38375703959760155
6381,-0.22313386715819614,-0.40991121334126673
6382,-1.6654638949835898,0.19188027768908666
6383,1.6110424441110494,-0.056226869257831824
6384,-0.7304840783136441,-0.28012675005266413
6385,-0.08574270248449606,-0.424352364831337
6386,-1.598869341833421,-0.026275186992339477
6387,-1.8030904289956768,6.134545172166654
6388,0.0669730300496869,0.16255157286422334
6389,-0.8227502860704311,0.01805241457699226
6390,-1.5799270284176528,0.7274115688159016
6391,-1.5168040874735405,1.8285630591565292
6392,-4.453595431058914,2.9893497868074874
6393,-1.113485336378299,1.576062034211494
6394,0.847956161208604,1.09700651542391
6395,1.503881938061816,0.3220769265879176
6396,2.0706245361959543,0.5095360533966954
6397,-0.20057173539702405,0.211871372165451
6398,-1.8935318056035135,0.34027612232820037
6399,0.7626429442102303,-0.1347818770146233
6400,0.8614882354638799,-0.23190817650171713
6401,0.18368052634865378,-0.22946933484396043
6402,0.3712715598231737,-0.27139046261830585
6403,0.43861728683343065,-0.11324970678984835
6404,-0.8178040719192603,-0.27545262707507123
6405,-0.3008479153075942,-0.2479554828714633
6406,-0.4760237149633284,-0.23275999280196963
6407,0.5236330648640236,-0.18121709873879766
6408,0.7582741008035285,-0.2820817003151694
6409,0.4713258295698732,-0.34185444820370614
6410,-0.22149135903281414,-0.3974556504481234
6411,-0.10588949119173953,-0.4596459547958814
6412,0.2890559203318317,-0.44321526607261547
6413,-0.0024718551377513323,-0.4633506872846512
6414,-0.13983112357462157,-0.407097528126013
6415,-0.5169137145775672,-0.37290030986153894
6416,0.854180576436075,-0.4004274193191674
6417,1.0121613313183029,-0.31223623841945597
6418,-0.24424256685269544,-0.3924071447247708
6419,0.827598337127646,-0.2803956622404687
6420,0.6621054114007369,-0.29564903456695013
6421,0.36028660043621774,-0.33765699938403465
6422,-0.11447571604746562,-0.37370986956245816
6423,-0.03708386376960306,-0.34927815818944014
6424,0.6565494333859123,-0.38750910571940883
6425,-0.03192458454212789,-0.4054572127916743
6426,0.1820601321077539,-0.35526751595994904
6427,-0.7344328486715862,-0.3130737513427296
6428,0.7144878784751637,-0.33125429851405724
6429,-0.00981240059827855,-0.4249066126522951
6430,0.7348447599793483,-0.15989578490320328
6431,-0.5852045255400633,-0.3148168460116511
6432,-0.16442129602909228,-0.4883175657667331
6433,0.2868506297965735,-0.5049347342375012
6434,0.32136165323817445,-0.5264194365916688
6435,0.3028526762994811,-0.33222686167676846
6436,-0.6957648533364857,-0.3366790871742749
6437,-0.07852609737171089,-0.4654610356971842
6438,0.5517739404472234,-0.3969372437006297
6439,0.026720787549788315,-0.5265667478291312
6440,0.15433004732631408,-0.4017460239204643
6441,-0.043368494841687893,-0.5104918872018434
6442,0.571265165790868,-0.2635377939540086
6443,-0.029684272754603423,-0.2861474565993676
6444,0.1917424457753137,-0.4755252780795171
6445,-0.35331519564198033,-0.44587785231755905
6446,0.8737353737627699,-0.4002335107935137
6447,-0.01610582001586285,-0.3859880558310633
6448,-0.31218666417850055,-0.4176271983865081
6449,0.22672967096055946,-0.5275668067384895
6450,0.4191541016573589,-0.40757469296459864
6451,0.3502816321581998,-0.34195488912649313
6452,0.2209273115622453,-0.38110883942914087
6453,0.007454603178019182,-0.3906315586942787
6454,0.43757383065795435,-0.29474992773537684
6455,-0.060344210738910414,-0.3915309526122445
6456,-0.011655156124056298,1.4459765237950843
6457,0.0756294787072533,-0.3896592052566984
6458,1.2097381718765554,-0.07840307807523998
6459,-0.1688464796499439,-0.3872387910450493
6460,1.0769877589717316,-0.006820324969492182
6461,-0.7188145325325761,-0.19045044564544333
6462,0.6811167597233918,-0.2728856705105421
6463,0.4591672877123314,-0.3519551695269353
6464,0.5722635694425424,-0.33471679479907834
6465,0.08431346008238684,-0.2060006792616138
6466,0.871426828569481,-0.07855425445273725
6467,-1.3347723865425192,-0.07702337078230911
6468,-0.5905123107361604,-0.15359461428021698
6469,1.007187817405428,-0.2779907076696273
6470,-0.18812196809611678,-0.46258213342900556
6471,0.05596048770508039,-0.36282466775783
6472,-0.5680934334919941,-0.2846222937483425
6473,-0.4949910564052873,-0.3483943070306141
6474,-0.635521999981372,-0.18321081316225535
6475,-0.22200685914458698,-0.3466856140095365
6476,-0.036486910948555974,-0.38764652689939255
6477,1.0168793772399216,-0.3321607516946183
6478,-0.7640014577465493,-0.39207032046619555
6479,-0.6646698897435024,-0.40788648483562223
6480,0.27512329617563686,-0.43820786634957404
6481,-0.3347977864406074,-0.518967432304179
6482,0.4049460793346517,-0.46569084883315864
6483,-0.8250755013466065,-0.49305920541574116
6484,0.239291551513661,-0.5056376155430542
6485,-0.23165425643342258,-0.44177062185604954
6486,0.4848396485323281,-0.4951164577247348
6487,0.0629203051470381,-0.5305656692448456
6488,0.5324831225359494,-0.519253355186044
6489,-0.5026687088126297,-0.5129356411942996
6490,-0.40638203636703274,-0.506642550756865
6491,-0.07939561912774726,-0.5246394505724138
6492,0.7027724346537046,-0.5310951040424
6493,-0.2873501155406256,-0.5632925031351541
6494,-0.7096410109572485,-0.3659292175049786
6495,0.24415740593006963,-0.5516441124724802
6496,-0.268796288787719,-0.5407240752276983
6497,0.43909429394572425,-0.49800166926941264
6498,-0.9248312141417074,-0.3919270113086338
6499,0.5309820738235855,-0.45843435914833125
6500,-0.04773250396751416,-0.5514861511205601
6501,-0.2839661291917486,-0.5424234127391692
6502,-0.7264512690201449,-0.4184088164540337
6503,0.3789134153915995,-0.33019103099471786
6504,0.7895594427312523,-0.4093327887877031
6505,0.9049782592872018,-0.4355265156288819
6506,-0.14046724626024798,-0.48902926090874443
6507,-0.6081849543737239,-0.5205370634983549
6508,-0.0020542272186885534,-0.5305651987968416
6509,0.17516719469138595,-0.5374405047611281
6510,-0.09991739140012706,-0.521256820726838
6511,0.4017677265284805,-0.5136008314034061
6512,0.09028002523784201,-0.49393545590658533
6513,0.46022267906310077,-0.5191691627558506
6514,0.6814116177531884,-0.5148189441853745
6515,-0.02683127370333266,-0.48207244137601635
6516,0.32019290462549516,-0.5078274333888776
6517,0.1991432956917883,-0.45820195192719604
6518,-0.6530819397646549,-0.4541397390848717
6519,0.014026587668703553,-0.5565896597068503
6520,0.2334774019947674,-0.5480210381723435
6521,0.10999888403976,-0.527387545703744
6522,0.2761475746770476,-0.41576255860569106
6523,0.16128000721244895,-0.5470284606675012
6524,0.5134950071922456,-0.5056856655855323
6525,-0.013116286494710765,-0.5002428512420671
6526,-0.2921820583345933,-0.462063972101621
6527,-0.2567538319709965,-0.500098483373659
6528,0.5694859337860463,-0.5208585854574764
6529,1.414782517524707,-0.14501025594026962
6530,-0.8104385540279385,-0.38110732921892193
6531,0.33091384260391776,-0.3735492126189189
6532,0.0887839457732061,-0.4412858853571996
6533,-0.218491023552531,-0.5076319558173479
6534,-0.2481238692163119,-0.467811388953047
6535,0.20629734045241882,-0.5295652187688582
6536,-0.3343208586667857,-0.501076675994096
6537,-0.26374929584177115,-0.3452176084342011
6538,0.2835576577135048,-0.5226500077735222
6539,0.09653135024300123,-0.5254744622984927
6540,-0.5779299419385778,-0.49857512648266633
6541,0.13266197293925905,-0.5395695231115682
6542,0.5072395883483564,-0.5249650808676412
6543,0.5216349689272651,-0.4738572806642592
6544,-0.3406885402032041,-0.5202397109908447
6545,0.3237247948325851,-0.531259509492625
6546,0.000544804956130496,-0.5393669970428405
6547,0.280288134476826,-0.5240121764909129
6548,-0.24518273928562304,-0.45613182562652377
6549,-0.1875575861826595,-0.5220268084687628
6550,0.3107966570872463,-0.5422155502770644
6551,0.145109701164469,-0.47857756211055225
6552,0.6866305085766086,-0.24000723315591682
6553,-0.4505717356332919,-0.46302854017018147
6554,0.1468254596107386,-0.43474583011702406
6555,0.07920680626320664,-0.41348602554832603
6556,0.4288980091134548,-0.4886041904943819
6557,-0.3058183778568063,-0.46871238710049545
6558,-0.13808138555710922,-0.5242071371301082
6559,-0.30852255153032543,-0.43203706838561706
6560,0.31138587927908484,-0.541309978277329
6561,-0.32656501194800225,-0.5516209303604347
6562,-0.22594931976812718,-0.4919534817013551
6563,0.20099029318122802,-0.43117923170313777
6564,-0.3555918018448329,-0.49476404487125275
6565,0.33709633089821084,-0.5747820093373167
6566,0.15824452461885805,-0.4003255684857426
6567,-0.5687640046139636,-0.4858525589345446
6568,-0.25057771699628134,-0.31634651021418136
6569,-0.44673586545180566,-0.5158369486761942
6570,0.49397277583773547,-0.46376225721783726
6571,0.014603926512361457,-0.5404080218371153
6572,-0.4125456741497175,-0.5080058774246254
6573,-0.3881872113629621,-0.5138747823510217
6574,0.6988289817331598,-0.3951013714252451
6575,0.3894946763150743,-0.5056934308070762
6576,-0.6289893448192917,-0.5039378464044272
6577,0.07533049174391608,-0.4848860385690431
6578,0.3841441930849855,-0.5142301222345828
6579,0.4217494898565991,-0.553887689241142
6580,-0.4457981746072534,-0.49730620696769573
6581,-0.007652763114417617,-0.5730027983733815
6582,0.4196132013498587,-0.577601832639363
6583,0.11602604042421197,-0.5741287497834965
6584,-0.33023455688627085,-0.5866725146070083
6585,0.2544308919851079,-0.5489699921963848
6586,0.10061173312505677,-0.4606837927745845
6587,0.13871277944502122,-0.5796514835520612
6588,0.20723967779037322,-0.5925559444078964
6589,-0.16831386329409825,-0.5794838955803402
6590,-0.17059258417593814,-0.5741113513154943
6591,0.14304682301611188,-0.6430278025490213
6592,0.2785821597655314,-0.5038306731250696
6593,-0.2034878375814072,-0.581073367595262
6594,-0.6589136224766947,-0.4821757794576787
6595,-0.07451026732937635,-0.6018961599764412
6596,-0.24326422294581898,-0.5124916041859549
6597,0.04428641533064971,-0.547931167791475
6598,-0.730656735893002,-0.3996921959140582
6599,0.06447590446630395,-0.5015315886958771
6600,-0.08301555478627198,-0.5313137087606425
6601,-0.05297038370407781,-0.524581891545607
6602,0.0716726041508382,-0.4937372500751778
6603,-0.09947603185304141,-0.5665431942126066
6604,0.5936286178259307,-0.4700389929723464
6605,0.26775456091447153,-0.5912137199980052
6606,-0.6559537441609092,-0.5007092387713148
6607,-0.013138880472206741,-0.5574031984162726
6608,0.31817165700520733,-0.5464605719048474
6609,-0.42629201621590224,-0.5548629968647393
6610,-0.12216342700827677,-0.5183501057619015
6611,-0.04948060752259211,-0.5800442111092656
6612,0.2994118408145325,-0.5609033625766643
6613,-0.13692677375789877,-0.5460875181651127
6614,-0.06730423373891194,-0.5518623691119442
6615,0.2010455723919034,-0.5975618500220423
6616,0.4603439632239676,-0.528116773358249
6617,0.13752064562550823,-0.6500804035886248
6618,-0.41689988725428867,-0.5520011202709497
6619,0.4681248005179816,-0.5572972733277887
6620,-0.3172385167935409,-0.5556998235377582
6621,-0.22015096807495785,-0.6031020188799445
6622,0.6183555199066076,-0.46338810309021267
6623,0.10234748053776789,-0.5106228667554417
6624,-0.1269787494801693,-0.522288811307903
6625,-0.3583463354388741,-0.5265659055159589
6626,0.3008019343507132,-0.5240922417894986
6627,-0.2173420000871454,-0.537827917173042
6628,-0.3031957592714069,-0.5111814410832775
6629,-0.10045043173096362,-0.4859690728373512
6630,0.1701962262430191,-0.5342680220304512
6631,-0.15111628296784352,-0.5245092173341089
6632,-0.015767463289810504,-0.5167629591459557
6633,-0.14846210639635465,-0.5699927547682738
6634,-0.4859032375374844,-0.37608440512815644
6635,-0.7241348933361142,-0.034871914893608275
6636,0.12089333838524621,-0.43282890161317894
6637,0.038507811897094416,-0.4766571523363844
6638,-0.3977818858404727,-0.4850956946500582
6639,0.15508703402585763,-0.5409263321590233
6640,0.9798092791120103,-0.3873073966562018
6641,-0.040590179902987904,-0.5438757491129098
6642,0.34936821634871856,-0.47742983098638075
6643,0.5254160196332361,-0.3562665647923222
6644,0.25439615329672,-0.4477957285171875
6645,0.301466363050465,-0.45443661969300975
6646,0.4413557775199681,-0.3259842755959373
6647,-0.49436276261398276,-0.3758519826568732
6648,-0.2735599239407673,-0.4692777302212161
6649,0.5340408831541534,-0.5345915911340672
6650,-0.10362715275519119,-0.5241782224292585
6651,0.21580677946535512,-0.507058162283351
6652,1.0001221855950408,-0.19130585361988034
6653,-1.1942977602464184,0.12573829471085773
6654,0.2959846056304829,-0.42826273147294064
6655,0.042620676734150605,-0.3773379429552587
6656,0.16274255532950505,-0.48134802329298215
6657,0.28266648124332405,-0.4633497387443763
6658,0.6496410406998079,-0.38683310500108925
6659,-0.13382630025923914,-0.47592151731059995
6660,-0.0028604000730263067,-0.5703901278758183
6661,-0.19447001512594386,-0.45360722180104945
6662,0.7231906141670096,-0.3550398329241093
6663,-0.07563563191630718,-0.33199214279981293
6664,0.20738232725587127,-0.44447853668989323
6665,0.13779155425330147,-0.4956086085364122
6666,-0.021720099391796956,-0.41511087062676144
6667,0.1541727330257974,-0.47796307148485634
6668,-0.12451855878048312,-0.4808021138669365
6669,-0.5034734991093202,-0.44258283182979047
6670,0.6571039312907913,-0.3772746207486934
6671,-0.030557626938553583,-0.5178892381730261
6672,0.11198265235463063,-0.4577899648094055
6673,0.08807483678579996,-0.5360951917706456
6674,0.10288088327103932,-0.500913375824766
6675,-0.018782306552100343,-0.4426786265253513
6676,-0.3981297148176066,-0.4727796048788505
6677,0.4324176900512247,-0.6190294331128049
6678,0.036357055158610777,-0.4398654614591989
6679,-0.05991117400631226,-0.4522845856930477
6680,-0.09813188115349558,-0.5775138576641867
6681,-0.43628582551502604,-0.5435437277343781
6682,0.35474168217488095,-0.45821760323462774
6683,0.14190905884860264,-0.5454535441995125
6684,-0.041520627715144205,-0.5978124172390258
6685,0.06454348018743786,-0.5292555593234322
6686,-1.2221647646134954,-0.2175208139001194
6687,-0.036405852663844294,-0.41076462722125634
6688,-0.28705542972647746,-0.35033093753509675
6689,-0.456972528693618,-0.41381635824599805
6690,-0.2171014683301901,-0.4274850222875766
6691,0.0001035969889852269,-0.5330052589876227
6692,0.023029835132815892,-0.5144961097013974
6693,0.1219191024509625,-0.5749967117727226
6694,-0.19587119048263996,-0.38882172366331924
6695,0.08218168112841814,-0.4084929952229396
6696,0.0002844314987363581,-0.4337497526080401
6697,-0.09443237108245799,-0.46880628110325145
6698,-0.48803106222038783,-0.3993375837064694
6699,0.24650159986584994,-0.5044007909965128
6700,-0.4380595016247287,-0.5489762529822573
6701,-0.332939679032525,-0.43226674561961964
6702,0.5590798561389445,-0.49506418491555576
6703,-0.10166928864804393,-0.5298863486674439
6704,-0.5217992122572135,-0.4486776292956574
6705,0.052193174354197784,-0.5907924051343175
6706,-0.4781744876800034,-0.348300642311552
6707,0.06746747491134739,-0.4279395596333044
6708,0.2966207885883078,-0.5042619451935015
6709,0.4266254453563979,-0.538565160938783
6710,-0.06836878962184557,-0.5227624551778872
6711,-0.30729511148292954,-0.5119206893489533
6712,-0.2923353594510811,-0.49392311591448756
6713,-0.330209378763733,-0.4734807814736089
6714,-0.11869449725206585,-0.43918233465828543
6715,-0.07085792672800373,-0.53508368454796
6716,-0.27018563763337555,-0.5293174388066557
6717,-0.08781722820238519,-0.5284893093371165
6718,-0.007221081407259832,-0.43952005676749867
6719,0.4601208238310998,-0.4981139751966141
6720,0.2939224906412953,-0.4646272807867327
6721,0.5118179279521027,-0.49575865593678314
6722,-0.4767683568626569,-0.43118744275360615
6723,-0.23837582164206036,-0.5087771431445284
6724,0.3170348308368255,-0.5891029746933786
6725,-0.06759210848035539,-0.44858611902358403
6726,0.050411072776072596,-0.4683935339418016
6727,-0.29906096280942673,-0.499810398759908
6728,0.6751113106635345,-0.40055790670512814
6729,0.6271150865932783,-0.4135747085006601
6730,0.015248739461562149,-0.5176341973362603
6731,0.6263345987671909,-0.4346398307315399
6732,1.498469978560312,-0.07750753638823007
6733,-0.08250297430815301,-0.007570271345152067
6734,1.550695167472454,0.1392903684923102
6735,0.052942864843295516,0.3808522232860184
6736,0.2781344566967012,-0.25988646722745595
6737,-0.16636399619869058,-0.2936301389237735
6738,0.4940971732964792,-0.33519832920853176
6739,0.17411810284292936,-0.26923664682999915
6740,0.730056587751791,-0.14083450013060272
6741,-0.226138102668509,-0.38142705453699177
6742,-0.8123204364410581,-0.2967901108635973
6743,-0.021308504650959518,-0.3650230951889785
6744,0.9422653459108675,-0.286089073996394
6745,-0.24242262642080342,-0.3654526301800722
6746,-0.5273440129071008,-0.26526774638388334
6747,-0.4435604477655246,-0.37119048030308155
6748,-0.5123004628532556,0.11548224220608595
6749,-1.0306843055107955,-0.002098611449787591
6750,1.1222807996147532,-0.23448641275222548
6751,0.2925502937814995,-0.40299751508106874
6752,0.6585865245641408,-0.23167021996853343
6753,-0.5571423394865117,-0.29939195150478515
6754,1.027479064941374,-0.3249751682244791
6755,0.14508731149333057,-0.4350179345386786
6756,-0.6042650883944618,-0.34402028772234317
6757,-0.13402583254980235,-0.38364689137858127
6758,0.714681736260636,-0.4734132079208865
6759,0.7240673115135847,-0.06506840179988789
6760,0.23282106224203228,-0.20948859987568508
6761,-0.8826842038873102,-0.25149140940094056
6762,1.5772423861313158,-0.0025641301899102416
6763,0.07202776889744991,-0.2691589295615577
6764,-0.2477754725328213,-0.35846301840315886
6765,0.049962200871490635,-0.4142177375042462
6766,0.32972160779960963,-0.3343089197016086
6767,0.13963946837725055,-0.4922620487340335
6768,-0.42323846668106696,-0.339780465886209
6769,0.34642248253998553,-0.3986580635830062
6770,0.050457979129998914,-0.42764946096113515
6771,0.26414422194249504,-0.38967566285409594
6772,-0.8469938928970953,-0.31703322622899766
6773,0.26178657591524385,-0.39635183007632
6774,-0.028249386116151576,-0.38903928946716915
6775,0.7618450932699894,-0.4974938195225009
6776,-0.04308383503592569,-0.5389789530828766
6777,0.10667821366648775,-0.5228310110384314
6778,1.74231248082782,0.30718391929150823
6779,3.693470997738061,1.4548820691169384
6780,-1.6437690367018758,0.586085805163483
6781,0.411200293477397,-0.21051411876936427
6782,0.10165576377579463,-0.020075151537306477
6783,0.8774402522548,-0.1750397466959513
6784,-0.15501934326934969,0.09868303151142495
6785,0.1358204840105688,-0.24492016853477566
6786,-0.8116195555087232,-0.22484324645359666
6787,0.060525105961013445,-0.2272259529891682
6788,1.03384475775037,-0.26544376566531264
6789,-0.12339237312755981,-0.28714140971786467
6790,-0.3300036326265164,-0.16703174005384347
6791,1.1659917545808598,0.009151262024598115
6792,-0.6343407099526904,-0.16911276631328892
6793,-0.2415234532520607,-0.3022274072434275
6794,-0.4875501356327607,-0.3010007901396885
6795,0.41484992866374776,-0.36307601766942454
6796,0.1724841027631729,-0.3254190734278087
6797,-0.3030502711421167,-0.38408383199352086
6798,-0.7133848286570511,-0.20374128104931488
6799,0.026643579750095438,-0.42913850556408667
6800,-0.011348023660969231,-0.46297538474882477
6801,0.001980917489028993,-0.5024335525515798
6802,-0.8450893372896803,-0.16199561039072302
6803,0.049239429327480475,-0.45524397520222587
6804,-0.1690342621080268,-0.43790894667172275
6805,0.16696405193723574,-0.47693890695720936
6806,-0.42722895958735474,-0.3842990435290687
6807,-0.15369867373372395,-0.44635714090460993
6808,0.29121348495065685,-0.4313805359243394
6809,0.11484920531043456,-0.444080681162976
6810,-0.07123005948162388,-0.47505199550033983
6811,-0.764823875269121,-0.1674323136413215
6812,-0.1620894596535324,-0.23967958537727158
6813,-0.24469669538988242,-0.3807201683632147
6814,-0.7576476041905913,-0.2553205231805169
6815,0.8445167510185807,-0.41064018724348567
6816,0.5317596965177379,-0.40076099635642043
6817,-0.14608735866875797,-0.45358324447551046
6818,-0.4297434861414803,-0.46975512337048514
6819,0.49634467006641486,-0.34915469049084347
6820,-0.906519137593737,-0.23112323899134263
6821,0.21312919114808207,-0.47072955290767743
6822,-0.07226722076487387,-0.4072902870939179
6823,-0.4569690264968187,-0.4375901491072782
6824,0.17988765271120458,-0.4670668316280211
6825,-0.6079411007135219,-0.22959188011938242
6826,0.3333153117845121,-0.3157324581082847
6827,0.37059849018147883,-0.37707778146981846
6828,0.2459772322631606,-0.38571327280637446
6829,0.6739095435899662,-0.29233637941124385
6830,-0.07019893391144516,-0.29929430949717833
6831,-0.3314619970583131,-0.4610277966855889
6832,-0.9341381018122882,-0.3202975657598555
6833,0.4448682611753267,-0.4226755972970076
6834,0.2217219111521326,-0.31149891103767974
6835,1.74682887152573,0.2483377010635257
6836,1.2139986009262793,0.8296994871884269
6837,-0.36015796403628947,0.34648832191760703
6838,-0.4247340294171305,0.03332185177625531
6839,0.5210099224368941,0.13356599703231903
6840,0.8364511885228862,-0.007797337437982215
6841,0.42578532993460577,0.040928476713480995
6842,0.19000993858268714,-0.11047695451669808
6843,-0.8905356087201319,0.042696295288000244
6844,-2.8411705786718175,1.142890825457233
6845,0.9771723648155165,0.009756121034057708
6846,-0.5528427998327006,-0.16262712799521956
6847,-0.8749399840019538,-0.1102753600259445
6848,-1.0588441244302167,-0.03133579629812872
6849,0.13657896345924167,-0.18651624400477923
6850,1.444189716863495,-0.04939651873050418
6851,-0.1965258855925563,-0.2626350822296536
6852,-1.0537894245846053,0.1963297142515305
6853,0.8564068174371045,-0.30342857891496483
6854,0.5901390659774031,-0.396602543730803
6855,-0.30779130593676185,-0.3376112355791498
6856,-0.3111008879986245,-0.3884518204720705
6857,-0.46035216174663085,-0.3943930470549689
6858,0.9266377793104823,-0.404368351729003
6859,-0.3473637968487278,-0.47709792401265894
6860,-0.0174031789100697,-0.5283828712718657
6861,-0.13983788202664765,-0.5351731552653537
6862,-0.15921918809119756,-0.5275600217883498
6863,0.5663385340464167,-0.5448269471394394
6864,0.5827828274837374,-0.5279091565957337
6865,0.9380100876926983,0.46829546806847255
6866,0.5250299023358254,-0.18689180738655742
6867,1.0956487234059258,-0.03510635301340857
6868,-0.0985305569342263,0.5604951114491764
6869,-0.9648036078489003,0.1286402135582992
6870,-0.6635091704600871,-0.21878991020205757
6871,0.5631129920991444,-0.3205031331802298
6872,0.37386121113066795,-0.4313659866327271
6873,0.8300307322041502,-0.4286519772631977
6874,-0.44550593676598077,-0.24515040426115475
6875,0.2377177933031278,-0.0484151559430981
6876,-0.13820473631563537,-0.2978388564670466
6877,-0.14822614660619624,-0.5266301166980669
6878,1.119348765001677,0.02217713523186223
6879,0.3083018481488474,-0.2733003356618321
6880,-0.8217046066799173,-0.23709226706525505
6881,0.16863161849043015,-0.3620820518890919
6882,-0.08350128614645294,-0.28648904852067053
6883,0.4978092986521848,-0.21361660043981717
6884,0.7103082307642886,-0.3264311786653953
6885,0.24048924875518846,-0.3587100445780004
6886,-0.48796956309396955,-0.2593139156500676
6887,-0.6320486614402984,-0.17532651866430427
6888,-0.16939376857666624,-0.3333246228653966
6889,-0.2945814305096511,-0.3709433812436425
6890,-0.20324674028218478,-0.31939747970390875
6891,-0.40948909317163107,-0.39712407395202887
6892,-0.09885236222614721,-0.3107708279967901
6893,-0.21853940823484796,-0.36212036287255817
6894,0.6923405694590521,-0.3668482852964586
6895,-0.4222480512287317,-0.47248964061294463
6896,-0.0735589426297569,-0.47786738077369306
6897,0.13853567332915803,-0.505100265506961
6898,0.848544892530209,-0.5180052040214158
6899,0.20170757768815264,-0.3628022264166765
6900,-0.30319068911260005,-0.24875748531065123
6901,0.24807917162282095,-0.3031608917093133
6902,-0.6164288483966672,-0.3745900491125008
6903,0.15272946658466918,-0.48342020610560077
6904,-0.033805568527088985,-0.42788503344238676
6905,0.04350643477799598,-0.48958671639244505
6906,-0.3213877214429472,-0.466779197929015
6907,0.483048797015076,-0.521057898332228
6908,-0.5147737692001804,-0.515371933175308
6909,0.07244199874871475,-0.5735644583000211
6910,0.4977112149127125,-0.4440100502006897
6911,-0.12014458915046401,-0.4033434254423879
6912,-0.034493841096671994,-0.4701874850133797
6913,0.49006061156629643,-0.36664961464268647
6914,0.5083019727005198,-0.5445842239491866
6915,-0.05663026317649336,-0.0307201734896225
6916,-0.04413485328311615,-0.3498318851319028
6917,-0.045640795028837694,-0.4144392282141892
6918,0.404126969492395,-0.15276187114558004
6919,-0.3878791857591745,-0.3433559931835823
6920,0.1779633147801369,-0.31570937446500763
6921,-0.24656405146592852,-0.38257004108080955
6922,-0.16596158194158067,-0.387162995560198
6923,-0.08322767229345482,-0.20264686638158447
6924,-0.6155101269040798,-0.2805756291189083
6925,-0.5000663803367371,-0.1251553138206497
6926,0.17121178541500198,-0.1583696412142676
6927,-0.04974420267531719,-0.4349465014626412
6928,-0.042144429095884665,-0.42108547658670925
6929,0.3935827145615905,-0.4549570440009649
6930,-0.38057774130331107,-0.43453304818189453
6931,-0.34374909648448926,-0.306863192501467
6932,-0.3088549552678396,-0.38322029880470687
6933,0.28176381208357587,-0.44047890539746026
6934,0.28058210192523403,-0.17471145297174284
6935,-0.4614836330526122,-0.2980450703513261
6936,2.7688776637333334,1.4930977790537034
6937,-0.5528686481556436,-0.12365091942202787
6938,-0.2622616150291534,-0.2770658197229839
6939,0.6191306178287118,-0.25359014100952987
6940,-0.7722038470801939,0.19919573681979258
6941,-0.27649746810277903,-0.3934998906506747
6942,1.0067213756748983,-0.314360513343581
6943,1.1100212606431141,0.007386226796190956
6944,-0.3743034009607922,0.27357197384099446
6945,-0.45678190146752085,-0.2512951357792082
6946,-0.7058138072425912,-0.21029822628541933
6947,0.33045004475150086,-0.3673529061257065
6948,0.218481699826496,-0.17973773790253883
6949,0.21065569877735857,-0.30346620347866415
6950,-0.8516853386549156,-0.21969984463461817
6951,0.5964349181423549,-0.3596600931637049
6952,-0.47625635395036964,-0.3860549768007555
6953,-0.18531625218272307,-0.3259333976621653
6954,-0.13786101738099554,-0.2826139221075357
6955,0.42207012871963506,-0.49769829519091563
6956,-1.4745867424251535,-0.01609040744102357
6957,-1.203644512831769,0.01582758225862801
6958,-0.8859187102249599,0.1326299783104355
6959,-0.0024791204418679216,-0.03369048463734424
6960,0.6720773407219963,-0.39039876961400094
6961,-0.46167964128370886,-0.4283345189986528
6962,-0.08507308532144148,-0.24910755114479233
6963,0.12348753637684885,-0.4517900129454393
6964,-0.33923635644800587,-0.3828201035634987
6965,-0.10347235027752645,-0.4955247592459358
6966,0.27662503775429,-0.05543417732475581
6967,0.33086870440953514,-0.41239854374843304
6968,0.16109332670025728,-0.5040541712352931
6969,-0.30916811711534575,-0.46038902468405996
6970,1.1267220934648599,-0.5169391838092037
6971,-1.1916116144082611,-0.361464519258061
6972,-1.1161078694286883,-0.03483035415679717
6973,-1.0337305979883116,-0.23643295384590501
6974,0.6310633702574099,0.23509604071011925
6975,-1.3051971740431465,0.008283218787451477
6976,0.08177424179707646,-0.31413736254112506
6977,0.32040846328467965,-0.42832442663466413
6978,0.28207516445529074,-0.3856742156726229
6979,0.4531453802704255,-0.4525994163816651
6980,0.2458539045680347,-0.43460902695519793
6981,-0.07344960973658948,-0.5169193494524514
6982,-0.1685894662519005,-0.2924592909728494
6983,-0.38497837627291,-0.40305880768152524
6984,0.529046500482951,-0.3465425851393003
6985,0.07640768968238312,-0.48354358001334924
6986,-0.4844081826126509,-0.4818006295789387
6987,-0.3612024471785266,-0.4654761776951125
6988,0.22098968913692824,-0.1434392684907726
6989,0.27902184015713044,-0.41767041121409776
6990,0.17918208247515963,-0.49407831361643434
6991,-0.34185970417012046,-0.40971305256219537
6992,-0.388894318339441,-0.4499066031814343
6993,-0.035893516043332185,-0.3540899399264784
6994,-0.19323316015272404,-0.4694682534510852
6995,-1.2401995713008205,0.09911079398145135
6996,0.7968558472562628,-0.3171437809264628
6997,-0.6636305888778762,-0.3652198782242386
6998,-0.372716069585535,-0.40195948248386837
6999,-0.026776025324787525,-0.2985299407653463
7000,-0.4827509093701029,-0.33268262989607517
7001,0.6812212067663136,-0.43607719448389315
7002,-0.33556250867504506,-0.44082128981005014
7003,0.7487680597820076,-0.4598448276076828
7004,-0.6185612330182693,-0.4725162840047877
7005,0.39097892676549817,-0.527169680071578
7006,-0.20884519545667996,-0.49418770083770225
7007,0.04956753497641469,-0.4085267177133334
7008,0.6412361995255564,-0.4522291304285995
7009,-0.3503557989940405,-0.5190915153430734
7010,-0.08752516988103254,-0.5030707102076339
7011,-0.6314861149319094,-0.3972245254107429
7012,-0.38596880357042035,-0.04514121939306135
7013,-0.13711562078997178,-0.48682288368613574
7014,0.36751446906604823,-0.019516066363557287
7015,-0.08498008652609594,-0.2767189275444451
7016,0.11185689566552376,-0.4091461019222906
7017,0.11315193355605675,-0.4529076276151211
7018,-0.24961277203949384,-0.48033604634322774
7019,0.008227535573134463,-0.4757083762196692
7020,0.24595711820378333,-0.4777444243100847
7021,-0.25383534094693483,-0.5184856650455368
7022,-0.6101564640487701,-0.42979286566362773
7023,-0.3081991826232849,-0.25040465529283423
7024,-0.07852146760922159,-0.47246453158802715
7025,0.18146396329132736,-0.3983504817807057
7026,-0.31056847071349747,-0.4716878074772603
7027,-1.1220377176008705,0.027490943494629966
7028,0.3961475703268581,-0.3216104804333605
7029,-0.5675952566505171,-0.371423898756033
7030,-0.15883731724152425,-0.3474659916123403
7031,0.536722770467336,-0.36158669707773106
7032,1.3385464474215898,-0.08621738325855706
7033,-0.9418016152133097,-0.24506466399299048
7034,0.2805443559763687,-0.341405626999258
7035,-0.5656827314525272,-0.329701656540229
7036,0.9630125166536798,-0.17843370893376703
7037,-0.20152331115809108,-0.4531242508169006
7038,1.183812323196891,-0.1994305155061864
7039,-0.10652015795423246,-0.38394991883415325
7040,0.2558107544978193,-0.3805849956892096
7041,0.0002623767513456141,-0.4228485788024541
7042,-0.18262765997028574,-0.4177692262772122
7043,-1.504044101125989,-0.09011658896483922
7044,0.4028363713549462,-0.4549853345796458
7045,-1.5891227450715288,0.2276957684850393
7046,0.9919867317122378,-0.18317581711908715
7047,1.2872368416831963,-0.2112701063872644
7048,-0.191834013416007,-0.4383713078709988
7049,0.17869951143743562,-0.4799297022417295
7050,0.438257887460292,-0.4665411502772191
7051,0.7493754156109225,-0.35234366073953455
7052,0.49616151206326026,-0.35873775832919463
7053,-0.18572614114462044,-0.42344163717554834
7054,-0.9577074180235919,-0.30187067709811
7055,-1.0421532233243957,-0.18047462885889176
7056,-0.6713324472222815,-0.42508549872773926
7057,0.21815833405541576,-0.37880913113236303
7058,0.3545014805428596,-0.34662162501819826
7059,-0.01248467329423032,-0.535349410337269
7060,-0.977913867984219,-0.4262153721605045
7061,-2.4624260815108885,1.04318432946906
7062,-0.584686283683377,-0.09611650648263209
7063,0.9644539046038837,-0.26267204239538755
7064,-2.792582987618115,1.0446598211462066
7065,-0.5085460055598499,1.2173795486618537
7066,0.21878897223016106,0.0009493728622726599
7067,1.2250454858753994,-0.0002810182497525477
7068,-0.8833507889586596,-0.2929859688493132
7069,-0.895595639041483,-0.4150114986681693
7070,0.841340580611417,-0.36579873074355274
7071,-0.8683821802922735,-0.33025496651343045
7072,-0.250783805230263,-0.4036663682003017
7073,0.31524090608569144,-0.41416465373764705
7074,-0.18508047937930594,-0.32865159610092526
7075,1.0950340429565972,-0.40511796356578167
7076,-0.04783008028249525,-0.49792269773358966
7077,-1.0639265379913563,-0.25508161231342547
7078,-8.528684838716199,6.861337934010378
7079,-2.1262808173205476,1.8117734599699618
7080,0.622744765460038,3.8378875703765414
7081,-0.0904871767782078,0.9621584202137324
7082,-5.182466681483259,4.49931322212461
7083,1.2343180534783043,1.2169534779443338
7084,1.082771660371899,2.1996424052189365
7085,0.34347348511588266,0.2376575574466151
7086,-0.8517013322960905,0.24182641816215195
7087,0.3398394354774621,0.3266541922914765
7088,-2.1019339774153156,0.7153244332156774
7089,1.7051950092569093,0.07232897388034124
7090,1.2517449416907946,0.39856619308161695
7091,0.6489436797321696,0.056133150232833176
7092,0.37111700163254085,-0.0740535141560661
7093,0.8405493389929439,0.3784561582863788
7094,-1.3715545357626855,0.019691571333215457
7095,0.3747518186255997,-0.24715273123493775
7096,1.152563241579056,-0.21710928664683599
7097,-0.3658413227710217,-0.3936409899537615
7098,-0.3138639257434982,-0.27918285666755643
7099,0.013968195377994454,-0.35761637139642616
7100,-0.1645890744928793,-0.3789544283036484
7101,-0.36984012364409513,-0.24585416727813447
7102,-0.022803967275652287,-0.3933206577815086
7103,-0.9872582369926175,-0.16224944621313703
7104,0.8265146214897953,-0.34752796662687313
7105,2.3924582010556468,0.2989348416782293
7106,-0.7530379318156076,-0.15540345791425797
7107,0.983096574147961,-0.05043387947972038
7108,0.015240452169328107,-0.125457929457431
7109,0.33569510399168123,-0.11547054132451026
7110,1.9207384178059832,0.4708305505743131
7111,-0.7744938169667509,-0.012640289544902105
7112,-0.9184331306158067,-0.19357171935820294
7113,-0.3382129340046785,-0.21151366974716712
7114,-0.15273439572111527,-0.05397329981896592
7115,-0.2080072043594619,-0.14666282447048418
7116,-0.2636241296026411,-0.30687068697694925
7117,0.443237381176525,-0.2973388703003595
7118,-0.2489910336197495,-0.10295770739688954
7119,-0.29067012756406774,-0.3566821008691063
7120,0.5711198144737661,-0.2437253002002654
7121,0.6521669442365405,-0.3548047111597155
7122,-0.19624916202301299,-0.19937929634512458
7123,-0.57389947660919,-0.37722925030993415
7124,0.6879711568873755,-0.403785794216575
7125,0.5677388122493614,-0.3492128294182445
7126,0.27818039808399636,-0.17563527443374227
7127,-0.346865327597602,-0.28010772134293166
7128,-0.7979767959063487,-0.34326117317305155
7129,-0.19963833640697523,-0.41278791901574075
7130,-0.09554836640363137,-0.3458193766366613
7131,0.09251334000539495,-0.3831647600662281
7132,1.359284867618686,-0.11026710566727056
7133,-1.4417688220686324,-0.04318102801465028
7134,-0.783237525210791,0.38933483916571704
7135,-1.0069722994015655,0.11540102213101165
7136,1.4945877854797358,-0.1140280684668409
7137,0.7025033622893039,-0.39116747697972726
7138,1.3620327840949082,-0.04288383883564565
7139,0.5123744587514107,-0.028297918880046322
7140,0.16935147903880204,-0.18286407526791076
7141,-0.6864425349789399,-0.2930977162390215
7142,1.5717273048999216,-0.06110938334567097
7143,-0.5699910698952586,-0.13512039565794565
7144,-0.7308651085043358,-0.2721740055262264
7145,0.7102390066830624,-0.2542566667146169
7146,-1.1857149334252224,-0.2550765904070027
7147,-0.8405483592337237,-0.15934019095991792
7148,0.15315693352530688,-0.44292787240439274
7149,0.8141681963497189,-0.427706900519652
7150,-1.3232028668248546,-0.2084384119503156
7151,-0.40252404960517574,-0.33548593126297954
7152,-0.7198800222849567,-0.28556376795165767
7153,1.018424452734225,-0.23901111065682873
7154,0.3085444111971291,-0.38162894067833913
7155,-0.7509598945732867,-0.3420675418490301
7156,0.00506015310692073,-0.4556891852906722
7157,0.2122126076417425,-0.3605868798442809
7158,0.814734194026119,-0.46407674957374045
7159,0.049899833955882336,-0.4713128483387753
7160,1.131595245137291,-0.4052818084318897
7161,-0.32142580128930076,-0.3608317962686124
7162,-0.26810046472231125,-0.47384300216032543
7163,0.5676725386300625,-0.4835183724068718
7164,0.1608226554577886,-0.5197958473901182
7165,-0.05035517305623701,-0.4609820343847999
7166,0.27447875475225797,-0.44499973093070466
7167,-0.29039542776372007,-0.5586183103866884
7168,-0.06508659997916824,-0.5506907146237225
7169,0.5476460156987286,-0.5015956654300556
7170,0.028610361816633574,-0.423608753724049
7171,0.4432261587981735,-0.5252543153591682
7172,0.41796293010958735,-0.4275338238388438
7173,0.18087325019349493,-0.46188961021683084
7174,-0.5952563284969067,-0.36881333989689247
7175,-0.3756284817187957,-0.08567812997058377
7176,0.3578044306254638,-0.271941365370836
7177,-0.4547287376319962,-0.3843976503932744
7178,-1.0032970473973062,-0.2699709267522112
7179,0.15766059358781825,-0.42377855978531703
7180,0.06048553374000713,-0.420827235974431
7181,-0.43281681776756203,-0.5375062624255376
7182,0.10823273063502209,-0.5404260491700703
7183,-0.2170792515597378,-0.5080468206666111
7184,-0.329921339593203,-0.39930517917389713
7185,0.2756879322828585,-0.5859059388045758
7186,-0.027211231909497036,-0.44866012301755875
7187,0.37714968704870716,-0.47732927472245507
7188,-0.048546174994072835,-0.543985481824119
7189,-0.28573993191081,-0.5071506099513399
7190,0.1939487469959867,-0.4430512308143887
7191,0.22006161304627006,-0.35163342914196316
7192,0.04075588466929333,-0.4234279180927928
7193,-0.05866792580759389,-0.5721085794115965
7194,-0.37252890556739493,-0.534333698507754
7195,0.06253919053784819,-0.5666817317879398
7196,0.25049723356166886,-0.6084483154808101
7197,-0.09385258020526949,-0.5585918014995981
7198,-0.3117761984362537,-0.43793816627286275
7199,-0.39450281676328436,-0.2828597393337141
7200,0.20609661504352664,-0.4402301562618949
7201,-0.2624110300925651,-0.5104556603242209
7202,-0.5780578794544394,-0.3861524927366939
7203,0.225209464969706,-0.3288656615945549
7204,0.6388615286513613,-0.556296944115273
7205,-0.250623198980911,-0.5295200780347221
7206,-0.6997499933051169,-0.4793375375453574
7207,0.4117032866592885,-0.5040191777047588
7208,0.21042478950951451,-0.534533355116989
7209,0.02050877313820743,-0.5852831154508947
7210,-0.32390497103502697,-0.37778195475483783
7211,-0.17829794800907067,-0.5221273221312327
7212,-0.07757480250634155,-0.5999304831523864
7213,-0.4173067188954286,-0.4730343514280405
7214,0.4010206609762228,-0.5030057079984633
7215,0.10487635625416492,-0.5277810759487355
7216,0.1473629602909297,-0.5226881540958508
7217,-0.04661813988116438,-0.5880787229670071
7218,-0.00044772377282895006,-0.5774444633984348
7219,0.12156564199565863,-0.5415674542261073
7220,-0.23257543300359476,-0.5880364123360403
7221,0.41588968000456095,-0.6078619311713287
7222,-0.48688817283249913,-0.5180613836908641
7223,-0.25964753914465966,-0.5717760924474903
7224,-0.16307056304710424,-0.4702703736800648
7225,0.7835758385566767,-0.5618773183141998
7226,0.057743076720823176,-0.5676490966394527
7227,-0.2808517155613825,-0.49053379001786823
7228,-0.2128677857729774,-0.5271174742323023
7229,0.2466067581678269,-0.5127678592469971
7230,0.048199723429312745,-0.5023122111183308
7231,-0.07099309042156847,-0.4653763002903959
7232,-0.43083607227958154,-0.38415241206835876
7233,-0.009921392745819716,-0.49576864704076024
7234,-0.11242919193597296,-0.5649264088931829
7235,-0.2147473255578484,-0.46308599351107815
7236,-0.778869832644012,-0.1018590390867736
7237,0.47761207051238674,-0.33598815075246885
7238,-0.23714485457190718,-0.4073516944663915
7239,-0.5596356629419353,-0.36966333791005346
7240,-0.44945827311348363,-0.3590829154746131
7241,-0.63732474295262,0.09823851388763645
7242,0.7900400177696498,-0.3956688437528037
7243,0.5402694120786541,-0.4459832087644014
7244,-0.6475517172934432,-0.4296726102267287
7245,0.4247321270998458,-0.5452106508501054
7246,0.7885936752358912,-0.4947645469013733
7247,-1.4127289817790591,-0.3275243117677285
7248,-0.5762496480897931,-0.34538868020334923
7249,1.3247395015597418,-0.28869702021445715
7250,0.2632484780142232,-0.4853999258538023
7251,-0.09462138303284123,-0.5560163334291254
7252,0.13576069638469362,-0.5475417236034746
7253,-1.0454290209539305,-0.4085339308389132
7254,-1.1023532238129239,-0.36921317155351197
7255,0.9101826051413758,-0.46596278733007973
7256,0.6465587728064568,-0.47714076370442804
7257,0.017251542779445184,-0.5501625367386913
7258,0.3537411320706496,-0.5230554615091569
7259,0.7713601901073965,-0.4949538684479914
7260,0.10600323058657082,-0.4831620570113862
7261,0.44995482532018566,-0.45889494292804517
7262,0.2561722751005904,-0.532994670212215
7263,-0.03886686855065358,-0.5152781484780002
7264,-0.6326979393871959,-0.4779835031293202
7265,0.435685643646775,-0.5378775552916035
7266,0.1728195428825051,-0.5540822431511885
7267,-0.10328761359829422,-0.5632682059048095
7268,0.3941094599771841,-0.5341494431708382
7269,-0.2916074551742225,-0.5610973155301361
7270,0.07729480728388591,-0.512303820556933
7271,-0.0178409471043401,-0.4563801767392466
7272,0.14564009188732863,-0.5863122676063179
7273,0.450948370665354,-0.5055646880196191
7274,-0.16986118988276389,-0.5155944818318479
7275,-0.5248268285289491,-0.45754545089437865
7276,0.06868956021026455,-0.5406092330642577
7277,-0.14679217969346484,-0.5862257822830308
7278,0.7050475468622514,-0.5460827931387068
7279,0.07843819608860039,-0.614893759659136
7280,-0.23319853798092252,-0.5707252097254515
7281,-0.21306617065096425,-0.5796838747222346
7282,0.20929043585793608,-0.5738162138712689
7283,0.1609985641813507,-0.5464532105216022
7284,0.03511922941195582,-0.6262476430695274
7285,-0.22363345469619428,-0.5883921176131849
7286,0.2632111749614714,-0.6028199143955968
7287,0.03548240995980114,-0.5467340938257965
7288,0.1545163673612772,-0.5118968296710461
7289,0.16240628173392688,-0.5284363895409573
7290,-0.31245927733394885,-0.5811143385660172
7291,0.26949095741866974,-0.4288878102162782
7292,0.5837223094873164,-0.47339436692518927
7293,0.5434544866033032,-0.2931134473734285
7294,-0.799216866903134,-0.33593348847089743
7295,-0.5854860098676439,-0.44327852056675365
7296,0.02589749509212761,-0.4396039365844644
7297,-0.30858562875516216,-0.5464275151908504
7298,-0.09026866969830855,-0.4320245418579105
7299,-0.4209563099025693,-0.5073003486392532
7300,0.02497958344443811,-0.5580788038045104
7301,0.13351106457010556,-0.5876109981349158
7302,-0.5882675743276942,-0.5248649770602339
7303,-0.026772227026873197,-0.5349365543298246
7304,-0.018835641208734846,-0.5620506435616112
7305,-0.005461146203971957,-0.5941034669519615
7306,-0.6963348618872123,-0.3907017650200123
7307,-0.09211869685720006,-0.4257526613282992
7308,0.06435372179587666,-0.4766154123088434
7309,-0.31414033089613225,-0.5705152340582416
7310,0.9863833940081449,-0.4594661451503284
7311,-0.3887430021197513,-0.5212090305504254
7312,0.44213398279479743,-0.5664581973113987
7313,0.10811131541120174,-0.5482866793274801
7314,-0.033211319589392246,-0.5586211174789288
7315,-0.4268352947195416,-0.5513000817372643
7316,-0.05682408153253008,-0.5349892897146139
7317,0.26013711122226163,-0.4954384782578543
7318,0.35754673716408714,-0.527674146604773
7319,-0.31344509992581315,-0.5150569877077512
7320,0.2234376390574624,-0.5658603482468458
7321,0.7920921778801772,-0.5226160481022554
7322,0.17421212929103086,-0.4380474543644524
7323,0.08693437154027202,-0.5454666792200914
7324,0.17373451182029728,-0.47289992019424776
7325,0.18391603452764568,-0.4165767092915829
7326,-0.4397118372482087,-0.16674404813223132
7327,-0.24733330093990882,-0.4060525931449646
7328,0.4825265562385997,-0.49797174817912
7329,0.7783891321409249,-0.2957985875051704
7330,-0.284618634472451,-0.16230599342158009
7331,0.10184157194131988,-0.4540792895904708
7332,-0.3728711881005831,-0.39893573768597784
7333,-0.3768089748711092,-0.44211445261392124
7334,-0.12349944678546099,-0.46252922411568753
7335,-0.17130849526190506,-0.4225561397389464
7336,0.4304475475078759,-0.4776261557617289
7337,-0.03322060582700045,-0.49449905857517623
7338,-0.4448000932344863,-0.44898259210703473
7339,0.28919284488535546,-0.49505032334105353
7340,0.5734425992805237,-0.4860461975271439
7341,-0.17818433540077805,-0.5232466583934806
7342,-0.4193279032107129,-0.5195687953852796
7343,-0.23095618991613415,-0.4420686285679037
7344,0.0651298301596517,-0.592716065356937
7345,0.12115228861465951,-0.549217411961808
7346,0.2846357591836767,-0.5127490535570767
7347,-0.254777056464694,-0.5465198527360707
7348,-1.1218727305815919,-0.31549518347514066
7349,0.447268683712352,-0.5501950231421961
7350,-0.7497449935815045,-0.44206074790356226
7351,-0.6976557255719688,-0.41016698081568514
7352,-1.0513341489433208,-0.18257418102056105
7353,0.372949846828171,-0.4306513252575341
7354,-0.5013293909304775,-0.3522495850077274
7355,1.1100596364287991,-0.4864435429888093
7356,-0.3572238494001066,-0.4836852517168313
7357,0.5732549239350097,-0.5940545563088592
7358,1.210249639217812,-0.37623399774028377
7359,0.19937003043574256,-0.3732244642411719
7360,0.059734844083478636,-0.4924483222347277
7361,0.10732988691708187,-0.5070958081894611
7362,-0.13655079119008573,-0.5310968022545869
7363,0.4168561169366134,-0.5232296138338498
7364,0.5823316323939647,-0.5433691153402512
7365,-0.13446786153908183,-0.5019005109186454
7366,-0.3002921889105006,-0.4061592188782848
7367,-0.15778734755783128,-0.40979704859075494
7368,0.07252935102314124,-0.5465871794944487
7369,-0.23673092103318957,-0.47031643045964044
7370,-1.0776023459530804,-0.0916982481365892
7371,0.022420510224469073,-0.46998909856403764
7372,1.4710618677200624,-0.2931892569724873
7373,1.0213556701851496,-0.45232474536130357
7374,0.7489408489669824,0.09336184998199966
7375,-0.5109374448226184,-0.2049681147510845
7376,0.07974298835382243,-0.46375549009091815
7377,-0.09983851411621256,-0.4509388409479781
7378,0.1642843808494538,-0.5093767682372248
7379,0.2442348312518707,-0.4590671834003952
7380,-0.20247969223775136,-0.5229094949527963
7381,-0.1608435377942654,-0.5199089947150767
7382,0.5092030622005531,-0.4879406654160867
7383,0.45426481464974716,-0.17500440476248658
7384,0.1894368579696214,-0.4748572510089775
7385,0.05825568206679199,-0.3841724724930828
7386,-0.17392776798976972,-0.39145956773614243
7387,1.0771399818455702,-0.27292997648580686
7388,-0.21094840238674442,-0.190673101993596
7389,0.029737397526177614,-0.43662261542240777
7390,0.031607521586108495,-0.4912925135926322
7391,0.03594388227021517,-0.41025606625132033
7392,0.06895852288215765,-0.369943224481097
7393,-0.2622147427942042,-0.45247593434567607
7394,0.6505581538931404,-0.29782295231651545
7395,0.20815311985138577,-0.40500881762485236
7396,0.6609513736181893,-0.2185194385578687
7397,-0.12320663916449336,-0.40157118316695156
7398,-0.11483505338775231,-0.41330315021975694
7399,-0.5158625393557789,-0.41473129418414934
7400,0.4585964166682968,-0.48763726554196085
7401,0.15289572265623816,-0.3985605363338548
7402,-0.41937165425515993,-0.4235073604888435
7403,-0.05216051021696525,-0.4464390138183106
7404,0.05185943625384219,-0.46472015532512095
7405,-0.1614287019205043,-0.431169446920287
7406,0.4775312718913466,-0.47961149266200837
7407,-0.19860258213434728,-0.5103875018857754
7408,-0.5464740394378603,-0.4847905022620854
7409,-0.20543021996332264,-0.3589021513330187
7410,-0.33548020581214544,-0.4058902245188011
7411,-0.42969385998971926,-0.2742110677116107
7412,1.200409158844152,-0.23062492104714227
7413,0.21389893733188087,-0.16351552892791288
7414,-0.16616942500838533,-0.3683361684658199
7415,-0.3740873086867882,-0.3799739534531013
7416,0.256950644355177,-0.4409086365474486
7417,-0.10709310993247358,-0.4453136435157209
7418,-0.020137044731037237,-0.4628681904073332
7419,-0.07690480172689469,-0.49884167137526414
7420,0.4605497712032689,-0.29363512566164734
7421,1.121420306389587,-0.19492033275348475
7422,-0.4008366677637901,-0.080295561809579
7423,0.8670142270592297,-0.17262111500119504
7424,0.7337477869882103,0.15733327589870488
7425,-0.49421343978337834,-0.20224575274985984
7426,0.3208740929760272,-0.33388013752457485
7427,-0.42670663761553596,-0.24479216804184467
7428,0.31212802860505545,-0.34819300317092544
7429,-0.517184324942634,-0.3354150104302339
7430,1.2765885698378727,-0.18216589325533655
7431,-0.3671229116999085,-0.1541045964968707
7432,0.15892900722237602,-0.38781506730389853
7433,0.0743512434027187,-0.4266864594589384
7434,-0.08431219107560504,-0.4590843052612614
7435,0.21407323729625843,-0.48537121740552197
7436,-0.039876441293224985,-0.32930389817389344
7437,-0.3458319349644189,-0.46722858959277225
7438,0.44269685005802184,-0.44590540866128797
7439,0.3877568620600388,-0.4592779351794638
7440,-0.11012726293233817,-0.5341752222857236
7441,0.515142416165106,-0.41606469740656626
7442,0.5581183453810299,-0.21026478414818572
7443,0.432588590090954,-0.2857562388550162
7444,-0.6964575220217165,-0.4131735535778037
7445,0.2662145169443118,-0.46387271591492124
7446,-0.37795297197976746,-0.1379409568859915
7447,0.08353980939423748,-0.4932975174629107
7448,0.3664736909663389,-0.4790688828182264
7449,-0.019352461477369805,-0.40143758808503666
7450,-0.5688682731419209,-0.47048859553425526
7451,0.26121353066894937,-0.5351864589897839
7452,-0.5113758067984752,-0.3586918703045178
7453,0.038500057606827905,-0.5313287300270308
7454,0.5418218124633041,-0.4483566081082936
7455,-0.28093501661911513,-0.5767084850969234
7456,-5.247576957085891,1.467606029861084
7457,0.6619815898373611,1.1310542044005851
7458,0.7016110014136014,-0.17289643057977794
7459,-0.7537822846831065,-0.23260318334925112
7460,-1.3261620229027502,-0.04391469042318603
7461,-1.6959750657721078,0.6328855497364019
7462,-2.5481396698994976,2.0407236475571935
7463,2.7077136906802863,1.0242490750446025
7464,-0.7128906440162087,-0.014130107115300144
7465,2.456485901447607,0.3538689568984088
7466,-0.49634817825440564,-0.31057032914417687
7467,-0.18734435453751322,-0.53124067582564
7468,0.27394529524795674,-0.40909149826969254
7469,0.13198948240428549,-0.44816148708584486
7470,-0.2431402930021958,-0.522880225920078
7471,-1.0883563767749453,-0.1805322819584675
7472,0.611214827486306,-0.37960965997472146
7473,1.802507974449266,-0.16786570854187555
7474,0.3174112645535657,-0.39416420134925034
7475,-0.6645086867085406,-0.3982910872713794
7476,0.22837763448502915,-0.5269191926983199
7477,0.17956064784585954,-0.48456477840419965
7478,0.011671573866556689,-0.4027796671524845
7479,-0.46734481283818347,-0.46336099935379604
7480,-0.4722493872499016,-0.49263546796549657
7481,0.1734006248171247,-0.5415620118862019
7482,-0.04377229944517926,-0.5318154517446081
7483,-0.08236676536285938,-0.4788826449214115
7484,-0.05113812829724395,-0.4967710047944237
7485,-0.2554690920510246,-0.48471992509984163
7486,0.455283005789284,-0.48939508016882144
7487,-0.4597033298446956,-0.43840750142864404
7488,-0.5463300006896967,-0.49493156793531656
7489,-0.020204077651518874,-0.4367345293245828
7490,-0.1552690427027363,-0.43164287172132243
7491,-0.7372031724353433,-0.3815124764920415
7492,0.45834128115137046,-0.47894352718175126
7493,0.276897118623838,-0.44395918262049205
7494,0.004401116728374067,-0.44850260936858183
7495,-0.1501337786444385,-0.46071091150102333
7496,-1.0440377448729774,-0.30503140201993667
7497,-0.01755605695955007,-0.34856938554911
7498,-0.061795025104331915,-0.32369807553277463
7499,-0.11267079198037598,-0.38394878133777754
7500,-0.38687225083581683,-0.34158705117225463
7501,-0.0724153570693974,-0.3998489447383323
7502,-0.48797973787869064,-0.3539202648482441
7503,0.14938264927878425,-0.35459360347830005
7504,-0.8996066239943434,-0.16107465088741701
7505,0.7639397705204983,-0.4019028397831184
7506,-0.7964646266295171,-0.36638556033106834
7507,-0.4917266091499799,-0.313084087527924
7508,-0.1118890029586161,-0.43019877775962556
7509,0.3754771704764412,-0.43583463685272306
7510,0.5642203097236936,-0.42402176123875335
7511,-0.41887156606617826,-0.5031007456960965
7512,0.36981820093516515,-0.4500103478171895
7513,-0.9038349445312778,-0.3714064166681203
7514,0.2107065250608655,-0.4743618114567873
7515,0.5852840706626775,-0.249980976664253
7516,-1.0844230525990977,-0.10291089476850927
7517,0.07251601547893413,-0.3750788665167917
7518,1.0929193970717412,-0.3551048409321096
7519,-0.8622919200352085,-0.36999523855282906
7520,-0.7900839935374988,-0.3062986369185934
7521,-0.8589921262805235,-0.09890058229613051
7522,-0.7482843358297926,0.609816652325025
7523,-1.8360457874294465,0.9862441860558152
7524,0.7318132215559113,0.4030276108833569
7525,-0.5782247994093799,-0.09643854682721703
7526,0.026991257899492502,-0.0002891053465704334
7527,-0.6196543613289465,0.04233358445923837
7528,-0.36133318938130204,-0.1017959966596862
7529,-2.0156664267896374,1.042223296349971
7530,0.1272249280408805,0.6894322639658655
7531,1.5082094825784644,-0.19445522240247476
7532,-0.12033406321598142,-0.17121107473619307
7533,-0.3866688046116129,-0.3697379155485325
7534,0.5077635999139855,-0.41015824510701615
7535,-0.7020988510094618,-0.38917937964777916
7536,1.2174417314655634,-0.41808535981388756
7537,1.4882721065419207,-0.3149562877040519
7538,1.0816944888565505,-0.13165511713854594
7539,1.0699817126358073,-0.04536035537614605
7540,-0.47950222858338043,-0.2986762625353963
7541,-0.5937732166469277,-0.2451376003269531
7542,-0.25346793491579184,-0.37049188867420935
7543,-0.001342921475572047,-0.3501681373208067
7544,-0.109292080140107,-0.5551079540952218
7545,-0.6572998760124003,-0.40845279909348
7546,-0.30544469748120273,-0.4073320712426775
7547,0.42834295756044466,-0.3529678718925723
7548,0.5437851296380378,-0.37319667188803335
7549,-0.6802538935084709,-0.4578857876140071
7550,0.2688255817406153,-0.48158995758092954
7551,-0.4222777293835953,-0.45346539965880206
7552,-0.2652318466237241,-0.48627248143607377
7553,-0.9069900762530726,-0.36492295586005613
7554,0.8268354772316108,-0.5382749000822752
7555,0.6507455479505292,-0.5478560126190705
7556,0.427216197783006,-0.5116268168889847
7557,-0.6625285626547737,-0.47281877117391835
7558,0.348716688214833,-0.4912694689735254
7559,-0.6287264479544864,-0.4538733059894166
7560,1.1939751717990668,-0.4903317843045897
7561,0.2383251413929839,-0.47996052443558185
7562,0.47680407280880344,-0.43081665326863033
7563,-0.45166334076285164,-0.3859738543394495
7564,-0.013412647281914485,-0.4829847276152073
7565,-0.3831956478582508,-0.4761934499244166
7566,0.06529016624494507,-0.4808836419812957
7567,0.7201740713452435,-0.38530588126222776
7568,-0.571269446694123,-0.5216158124333641
7569,-0.17621745077451328,-0.45343517553929086
7570,0.40013854127694487,-0.4988837413400802
7571,0.18461766272526672,-0.5859917881251036
7572,0.5960783208492962,-0.4338261630132693
7573,-0.24906734108402753,-0.548154863396021
7574,0.3487580923748856,-0.5320849499461558
7575,-0.19768501655379384,-0.5020526575191553
7576,0.648312196610361,-0.5347531926665264
7577,0.15092566340833286,-0.472308875603807
7578,-0.1264030453320917,-0.49987977567492137
7579,0.21290340084068762,-0.5618963291230615
7580,0.08076532309851399,-0.3968977568010239
7581,-0.38977364671848114,-0.5669523060443893
7582,-0.1591670760450209,-0.36905882431916087
7583,-0.3245842055178066,-0.49115234099329436
7584,-0.6261011442644858,-0.4379279550019713
7585,-0.28134670888953156,-0.4429359144234358
7586,-0.3591203958954483,-0.44178000861973554
7587,0.2685701091050281,-0.48470108225622416
7588,0.2315323580567676,-0.5065249540518563
7589,0.19961292469032418,-0.4705535247399978
7590,0.5181245150211649,-0.4463590360445155
7591,-0.6054066269730934,-0.480259678142973
7592,-0.8434271965805412,-0.3644418057652468
7593,0.40636493250096783,-0.559697625868485
7594,0.15857518723035027,-0.5137031059282431
7595,-0.27266811141375624,-0.5249885857161295
7596,-0.6361075266026747,-0.4290031226206948
7597,-0.1541458499936176,-0.39602583540757885
7598,-0.2913670565174088,-0.2747915537869045
7599,-0.7253722188590347,-0.29813687089057395
7600,-0.5110948162728436,-0.21331123270805452
7601,-0.9294010580423904,0.21363475974930357
7602,0.9408357440444314,-0.2607362160463738
7603,-0.00144435034980411,-0.4675648573231134
7604,0.5622261512352674,-0.4428579849253974
7605,0.4725511038273637,-0.3664724506846998
7606,-0.10068005413127484,-0.41646983771947915
7607,-0.5622398876137945,-0.34725275184121707
7608,-0.7642891242525326,-0.34060890702320623
7609,-0.1241590753299988,-0.38261609925764395
7610,-1.2332891106740616,0.04101263538400664
7611,-1.4346878803016345,0.8837167702702905
7612,1.5859692847054179,0.4901030545485471
7613,0.7816556526400089,-0.046349519498164085
7614,2.214410030326223,0.7526350305178992
7615,0.2588410851757144,0.046280600099480915
7616,-0.17811689650980064,-0.16551763447714657
7617,-1.7102021111294456,0.09829530902948859
7618,-0.5935812959131653,-0.04641211041307319
7619,0.8587736448898178,-0.04465701263910304
7620,0.25991173117300637,-0.28819528890265106
7621,-0.18891213158716194,-0.28739089314268346
7622,-0.5993085564205134,-0.20164057839128186
7623,-0.7808210965223189,-0.2887572047240243
7624,0.47443117821361086,-0.3682129386506867
7625,-0.36127550056302493,-0.32402721958847197
7626,-0.5474949394872756,-0.17741338927374273
7627,-0.25191221304434286,-0.34364648141591153
7628,1.0184264925923048,-0.11456699538724953
7629,0.19455082830115403,-0.2614191099791849
7630,-0.3625393770996521,0.707270828392112
7631,-0.11576711783211249,-0.3000157745259231
7632,0.9040472229673023,-0.16087205210323574
7633,-2.887194991387239,0.5219798622069953
7634,2.4349628853085536,0.10808882062559096
7635,-1.4353881917271065,0.00972947159946409
7636,1.0323795410737302,-0.3238230431613156
7637,-1.1123405985312926,-0.18278147400050054
7638,0.06168052997749793,-0.3754440654444948
7639,1.13227000802081,-0.38202506797555164
7640,1.784681207088666,-0.2182338895695909
7641,0.9353757169514798,0.2210842034321619
7642,-1.1358492107479676,-0.11388893777903127
7643,0.8614716711613226,-0.11952328046879335
7644,0.16447268220416786,-0.30034686225532936
7645,0.6605782062542555,-0.4735449381666819
7646,-0.5915083055746763,-0.3292003825407403
7647,0.2672213410909192,-0.46238633766444076
7648,-0.3725046910451352,-0.38894726278153274
7649,-0.15230001249272024,-0.5242094297277035
7650,0.26386281361693104,-0.4688995104435014
7651,-0.4136746806422034,-0.47770337857170003
7652,-0.7538908537318093,-0.3609831637985486
7653,0.7711950425147518,-0.4338319365421955
7654,-0.4986499564115719,-0.4321516079342908
7655,1.310643224294986,-0.4223920110909291
7656,0.3276401835352867,-0.09742575948404265
7657,-0.8504093137999703,-0.28677825072269253
7658,-1.5400207854652288,0.12727281478755165
7659,0.6173782741781579,-0.4361854151840291
7660,-0.7098300421161471,-0.3480077924113634
7661,-0.027479261020025764,-0.27343901765016143
7662,-0.15512724134376454,-0.26049118917622743
7663,0.20371508922268125,-0.39983565718536623
7664,0.9736823009425474,-0.3827920544441372
7665,-0.9313051366173295,-0.3761933495979981
7666,0.4003709400946912,-0.42742807096270874
7667,0.583887717658642,-0.47488674596892955
7668,-0.09641711061076101,-0.508582737378133
7669,0.3567375317948567,-0.5184023816451487
7670,-0.04793225842453121,-0.4161011445551849
7671,-0.6229313541543263,-0.4599564736473497
7672,0.18497440205610918,-0.4001721896852543
7673,0.5527841908120489,-0.4979659028622535
7674,-0.028868444425091237,-0.3231816396303827
7675,0.19958868926593887,-0.4213396406086157
7676,-0.33001697020072507,-0.3851885269561386
7677,-0.40614408730191087,-0.3603004487781743
7678,-0.5021158850419557,-0.2550173378312168
7679,-0.4243444160376041,-0.36581848443109666
7680,0.1306510263963748,-0.45761502099573415
7681,-0.026727526426543118,-0.4696375440906329
7682,0.4207610079782368,-0.39299604714866554
7683,-0.2289967612690497,-0.4542252618898172
7684,0.07028173867523553,-0.5123189691135022
7685,-0.3142194309400351,-0.5336045086746776
7686,0.6369696808563847,-0.4564407828597884
7687,0.09055166893643371,-0.4703159752436487
7688,0.025136837385405394,-0.44522310449209473
7689,-0.6417061525686317,-0.4233091802218935
7690,0.0036305268961865913,-0.4298812229230261
7691,0.7144492226900944,-0.3856223208015203
7692,-0.1452321328584502,-0.4545490364931178
7693,0.2321525622748317,-0.31383949026266184
7694,-0.131346228177641,-0.4533769431168044
7695,0.3553551204363933,-0.42244357760275675
7696,-0.37945742807431826,-0.47653655828992214
7697,-0.2244336619672222,-0.4894366573192174
7698,-0.41941169290669306,-0.4010077924100921
7699,-0.12141532138646421,-0.5481995593093646
7700,-0.2102611289890765,-0.49090841853944633
7701,0.09586686957606382,-0.5032099390578043
7702,0.5395114313920056,-0.44322941239372615
7703,-0.1997257951881641,-0.46514759041878173
7704,-0.548119882153043,-0.40278879222433317
7705,0.3379059041386894,-0.5118951360867233
7706,-0.19842295259474393,-0.4233820143318859
7707,0.44869225994742745,-0.42579542984724134
7708,-0.8108215384334547,-0.440466124645528
7709,-0.8662021022816101,-0.18872126567511333
7710,0.46133787060854065,-0.36461027202687946
7711,0.42669885734470053,-0.468337646259505
7712,-0.9334769038441342,-0.31974324794886766
7713,-0.5175754737215369,-0.15089843369088934
7714,0.7741949168333203,-0.3181489916041498
7715,-0.2835056117331829,-0.41160698415793984
7716,-0.29373936230930586,-0.4601928726504046
7717,-0.38971785442932866,-0.35992395483201134
7718,0.5712735371424315,-0.34735583784469704
7719,0.2649714563297212,-0.4232764942169198
7720,-0.31158651945652877,-0.42024250838819
7721,-0.6791787998064441,-0.28829140721609764
7722,0.43754375948124724,-0.43876690134259355
7723,0.12362102474638646,-0.44049913107591276
7724,1.8583135695693183,0.02700877599077884
7725,-0.2870312787285644,-0.27274672724599275
7726,0.7201980198590958,-0.37017528991010784
7727,-0.4902536739691143,-0.39341811661452664
7728,-0.28531306361975284,-0.5111898964214292
7729,0.23350473418798956,-0.5841451202270763
7730,0.08781211446114924,-0.43248895394427983
7731,-0.2767535660322719,-0.4889989907416173
7732,-0.4479631832160658,-0.4952847584685727
7733,0.2789878750208379,-0.5899808817292196
7734,0.34789126225043593,-0.5685765610281313
7735,-0.0604380573188544,-0.5285709317892144
7736,-0.7261386726778892,-0.4686174648645347
7737,0.3815386972091514,-0.5581820364596959
7738,-0.013976819940568926,-0.5426360453880076
7739,0.15502296918339167,-0.4677620026499753
7740,0.11177533461791633,-0.3579996434611211
7741,-0.0807318935248942,-0.5581004829193545
7742,0.7396211545262784,-0.5045659090698695
7743,-0.02867478997334488,-0.44743343941622765
7744,0.5509075671856085,-0.4548523302824885
7745,-0.34426953791211645,-0.4311463125196923
7746,0.25264375527605193,-0.4586842496337974
7747,-0.3706680282722054,-0.4729354260233536
7748,0.35625569425879466,-0.5002740933543639
7749,-0.21765430580514886,-0.5786936918774291
7750,0.3003187828982791,-0.3951152479033697
7751,-0.5744245385713865,-0.49812919926813515
7752,0.32861902988264474,-0.5781239569689033
7753,0.07494883972767587,-0.49762670936432085
7754,-0.46379665665166364,-0.4547544185773935
7755,-0.5683713864812967,-0.5099933133950556
7756,0.5791862252262243,-0.4455983565955826
7757,0.5336694735678524,-0.45974939573647633
7758,-0.32855556790483365,-0.5416307987073274
7759,-0.15023901081905072,-0.5525473514183447
7760,-0.4547279515685599,-0.42221920867444185
7761,0.07872121225080411,-0.5198953494302488
7762,-0.14879847649177078,-0.517227093471738
7763,0.3260420779684271,-0.46854770356006664
7764,-0.3411112254358147,-0.5233819161348562
7765,-0.07617108347545222,-0.47587638727656273
7766,-0.18309319363913787,-0.4822018002772813
7767,-0.6022151014114705,-0.3395895582557249
7768,-0.4192521084869207,-0.2193903331773513
7769,-0.3543100590070964,-0.19355750118300447
7770,0.38504525422223496,-0.3848165855988859
7771,-0.29717193247201784,-0.25342694794524057
7772,0.7387664297987138,-0.27641499231486305
7773,0.29911411034841284,-0.44484497220987934
7774,0.06434630823785933,-0.45045776162823414
7775,0.05773943387829969,-0.5030892787016398
7776,0.28168607246699384,-0.5069867687741821
7777,-0.24550886117999504,-0.41855836614469316
7778,0.17009782206512294,-0.5069691478517769
7779,1.43618094688491,-0.20072609290048254
7780,0.791688811332206,0.030064723331585892
7781,0.9133687584145118,-0.05571500122914166
7782,1.0962199467827072,0.19515048160194826
7783,0.15909044173834383,0.032737367080649414
7784,-1.4691882882589715,0.06544799967815719
7785,0.37506703118085166,-0.3115207371232419
7786,0.26191792132329067,-0.4074006900677151
7787,-0.6409755246062194,-0.35930212520545546
7788,0.1872942029195828,-0.41678107415766336
7789,-0.05867366726569154,-0.4297487735739727
7790,-0.00725067790084652,-0.3848010455240772
7791,0.3186799265235785,-0.4618664125209212
7792,0.3782948327703908,-0.4496545806174082
7793,-0.392787170470197,-0.42265079912137593
7794,-0.09770241458283056,-0.5243026688066397
7795,-0.1358437497408208,-0.511671004127716
7796,0.3053883257888188,-0.5747216640464899
7797,0.005583872690662942,-0.536108299378842
7798,0.03340306754699467,-0.4797927689476315
7799,-0.05181495544685065,-0.5489445759719276
7800,0.2508502544169074,-0.4277291356167502
7801,-0.17971010876107582,-0.43325271677442057
7802,0.26712441086537303,-0.4628780725010664
7803,-0.0003042763874688862,-0.5150118021908947
7804,-0.5216748983274788,-0.3177924272183589
7805,-0.7308341433029214,-0.0875063440784437
7806,-0.5760001408762241,-0.17918040912591066
7807,-0.6492942930715776,-0.07890793903879013
7808,-1.136116579442199,-0.15731188332195095
7809,-2.6355221063661705,0.9586963098954004
7810,1.0237277879057864,0.3561227810722801
7811,-0.14831719425656847,0.08365207550911256
7812,0.8314432326464203,-0.18580224039668924
7813,-1.325988442107887,-0.02709696309180689
7814,-0.6282095445205267,0.03620076921978463
7815,-0.4251846221500893,0.5580657315806555
7816,-0.5203862024234196,-0.018355993624573366
7817,-0.3448108993783447,-0.1108509828562153
7818,-0.41437015999367904,-0.048454277033313294
7819,-4.104732300874368,1.3896258741982654
7820,0.6978495171288112,1.9801377362775698
7821,1.5407624871610206,1.5706423496385746
7822,0.3536495267233734,0.4567928012970492
7823,-0.36434228224013876,0.03225311014564763
7824,0.23397850182472618,-0.30576272778796787
7825,-0.055323443750341504,-0.4431123640635314
7826,-0.9254389970914826,-0.20707098721202394
7827,0.4180722715643137,-0.38701218526117065
7828,0.7055378977245044,-0.29934401283828327
7829,0.27380105680945865,-0.31109350122099916
7830,1.1402985767270368,-0.2877893740796316
7831,0.20063368449404723,-0.3200229400676283
7832,0.184218700132612,-0.4541086787097054
7833,-0.12921656030284862,-0.48508406079189115
7834,-0.5218104344720809,-0.3865643532404865
7835,-0.35149895158583694,-0.4394091036260814
7836,0.34194913066133437,-0.542525215849091
7837,-0.5142424635936603,-0.4910977545801271
7838,-0.8208066506688781,-0.322121137273723
7839,-0.35639153170459703,-0.44567299723435433
7840,-0.1538206940014086,-0.3581139474957552
7841,0.010433924016116859,-0.508837999982309
7842,-0.2619160678494716,-0.4379541740301052
7843,0.6184065765726905,-0.47347591563718616
7844,0.5148988105161447,-0.5100866870724484
7845,0.0377033978781164,-0.5713042431925355
7846,-0.27289420142689974,-0.49355415893643007
7847,0.8168934062092384,-0.45988417541768467
7848,-0.10108569149419971,-0.4413997186425452
7849,-0.36217965489039755,-0.5004780803917354
7850,0.3114718003555549,-0.5509253427950583
7851,0.27759503682695497,-0.5492807014161085
7852,0.4904765953065585,-0.3338415529337335
7853,0.05470924968133229,-0.3465993570649336
7854,-0.5367989211605894,-0.38778155091216326
7855,-0.13927703973719502,-0.5676960073671667
7856,0.3170983376864205,-0.5741490215164541
7857,-0.048097733721158754,-0.5737561863787709
7858,0.2429070302372321,-0.5606786009404198
7859,0.3376825278777813,-0.5167716043199349
7860,-0.03129713126088342,-0.41540817220337317
7861,-0.24534572139370092,-0.5923800507852022
7862,-0.20969204909108238,-0.4978415146787451
7863,-0.09690999196776443,-0.5252452584021863
7864,-0.04553567863135091,-0.5817936585664967
7865,-0.14547313814100435,-0.5845597414136445
7866,-0.1329303968619805,-0.43454434950463866
7867,0.5875085018699879,-0.3739029251178596
7868,-0.3050104911434546,-0.5197047272037236
7869,0.2819450746250089,-0.5768314923418075
7870,0.029571137595355877,-0.5427276537382599
7871,0.16631108307586231,-0.3937468366539105
7872,-0.12854018392476824,-0.5005631395996537
7873,0.10341167537654464,-0.5180568549539388
7874,-0.7317703488223383,-0.3597616047643112
7875,0.27447707920796366,-0.4871250167305883
7876,0.07504106504115277,-0.4752726922763781
7877,-0.02478681314548563,-0.5106476316685241
7878,0.0962131644631258,-0.5736694796526602
7879,-0.10707120494411744,-0.5377651656209862
7880,0.42287571489432685,-0.5531139822580791
7881,0.7675167778323222,-0.37831234619080445
7882,-0.5155045715404505,-0.29353196857000674
7883,0.06596178140460719,-0.5125344252738467
7884,0.22796237818300782,-0.4793748400341671
7885,0.09234663935112591,-0.3482166101254196
7886,0.35613014195522846,-0.41129570479590394
7887,0.09163978635018676,-0.47990535064405804
7888,-0.35468404222976313,-0.4058807353700933
7889,-0.1451368596760916,-0.468028018510873
7890,0.08331085209644817,-0.40424843790182113
7891,-0.03329019070353026,-0.49077701146523034
7892,0.08347332291377843,-0.5583517309235008
7893,-0.11771144057760534,-0.5358120868833665
7894,0.10967235119210504,-0.5608489815947663
7895,-0.3302110277072837,-0.4415968748155783
7896,-0.29290279010581133,-0.48708150940241923
7897,-0.37528662275448965,-0.4258957433946787
7898,0.12295653964334875,-0.5139538256959633
7899,0.020017675105066888,-0.4901678251857494
7900,-1.0480317065689158,-0.28108951185586856
7901,-0.563223237095177,-0.21843882840968154
7902,-0.013100989603641129,-0.37943130409713527
7903,-0.5818308756266983,-0.2628255759984392
7904,0.9097064653041411,-0.2823873691455785
7905,-0.6336929258366191,-0.2333158233424662
7906,0.19457709674227788,-0.4328980662402722
7907,-0.9703505971594307,-0.16166050376064206
7908,0.3545303676790213,-0.35932471709086355
7909,0.432492229078294,-0.41688246129872264
7910,0.005345013415751611,-0.5073030876496949
7911,0.42447480345424593,-0.5419605975179507
7912,-0.9744234350644382,-0.4371721745564932
7913,0.2607925961050014,-0.5251775989657643
7914,0.3404708120750856,-0.46295933814582624
7915,-0.6995950370073315,-0.4826541621662821
7916,-0.8439305997804507,0.035731828037797835
7917,-0.22752776538476435,-0.31564883488526513
7918,0.6109936706534778,-0.42347026130617227
7919,-0.2832469776346921,-0.43490091672104164
7920,0.03244416169726039,-0.36282826359226084
7921,-1.6932794136600247,0.1414781758130243
7922,-0.07268452917204501,-0.025905445164760843
7923,-0.21207508453998364,-0.19498515517359255
7924,-0.13993228081323406,-0.047217011085427384
7925,-0.6261646248689766,-0.37852273144499704
7926,0.8592266579504982,-0.18413708411083562
7927,-0.2009024277609148,-0.4573736384104152
7928,0.7638451953360901,-0.37430487563968834
7929,0.31700059664433583,-0.2222700377858629
7930,-1.0449359884266127,-0.36522076678708976
7931,-3.1736512613961136,2.9281525041058836
7932,-1.3773364749575663,3.4274361569244274
7933,-1.2712768319174659,0.11019132309066595
7934,1.7891490109320598,0.3444988736396162
7935,0.33623810945971666,-0.15598526560998155
7936,-0.9050416067300407,-0.178795019717488
7937,0.43213132661108195,-0.37913230831672695
7938,-0.5245615314562663,-0.20507825469878932
7939,-0.6118376273401807,-0.08554400944756602
7940,-1.0314518272295574,0.5965859726296237
7941,3.437138013660867,2.540766938316701
7942,-0.6582893222595991,0.4503012923766036
7943,1.6172883194400842,0.32745837667950345
7944,1.3988470379449918,0.5104594090192563
7945,-0.168839240166685,-0.2476501328095176
7946,-0.0357924843695985,-0.24660634547617732
7947,-0.968293113465667,-0.17953481329125498
7948,-0.2941367252406124,-0.12159805767256966
7949,-0.9272910544441254,-0.2055009587615546
7950,0.15599796909814445,-0.03251972021850739
7951,-1.1491759123693208,0.08217519835767298
7952,0.18425139812119187,-0.0007352903182144647
7953,0.2894443072070363,-0.3042599292071251
7954,0.31169874098869027,-0.3155154330816655
7955,-1.1171997770564375,-0.12844591366851132
7956,0.44314254074995446,-0.3112016258489709
7957,0.3498874703299689,-0.341703957755682
7958,1.3961773135109372,-0.09936258114303158
7959,-0.31145848334530657,-0.3832221561324374
7960,-0.40546860164095366,-0.4097706025712676
7961,0.5096142337242309,-0.4951837227616151
7962,0.4690359448759796,-0.41307636670592385
7963,0.2985604200078989,-0.36758302801290127
7964,-0.587689427768813,-0.4636290262588049
7965,0.7868931360992784,-0.4367852363340191
7966,0.4167566349321345,-0.48186532942162025
7967,-0.2860060219665609,-0.5034484604831403
7968,-0.16289896467808873,-0.49618709577037645
7969,0.09559313905024812,-0.5436284530380333
7970,-0.4351436865863669,-0.4542345057961935
7971,-0.01691577002463801,-0.482921408959072
7972,-0.9545129179459716,-0.2620212858221934
7973,0.06131477087432599,-0.37080035449533416
7974,-0.10949410769274086,-0.3030162273188299
7975,0.3942373147827481,-0.5202958562843074
7976,0.10925778615923443,-0.4165116142162994
7977,0.01598512368082857,-0.4760512771270662
7978,0.01190967771336107,-0.30744764423886867
7979,-1.4692640930212217,-0.14029978800870208
7980,0.29027500052520566,-0.2710004042700047
7981,-1.4832270942382717,0.08649397821694202
7982,0.8582923517278843,-0.20424470302898
7983,0.14890891985203422,-0.3487635243672397
7984,0.6326634530028569,-0.5481363578291164
7985,-0.47656313119789956,-0.4142764614527097
7986,0.6326946850482987,-0.39973440073172395
7987,0.047696374425393276,-0.32470298390936514
7988,-0.21682430097457595,-0.4522195518164595
7989,0.2950812110763128,-0.4226528170103892
7990,0.026507426266213073,-0.34469128901293644
7991,-0.6221304633562551,-0.2848105283994069
7992,-0.37252349708509214,-0.387665727592864
7993,1.0953185776992909,-0.19196201103474736
7994,-1.8722324137102866,0.12124389383303417
7995,-8.12834399679236,3.5298028393699
7996,-1.4088237790242009,5.496354234170918
7997,1.7273836246933403,0.9168311189058957
7998,-1.071180925429962,0.8469842754254219
7999,-3.8161796788562095,4.989102842692868
8000,0.08089863154344826,2.236373508225409
8001,2.737582933196727,2.2078099689706465
8002,-0.9027922698518236,0.6644150980972069
8003,-1.1012171452212263,0.33004298115740477
8004,-0.19867407379116658,-0.12148554412792278
8005,-0.9264601755817264,0.06199680574610232
8006,-0.06579703970771067,0.09020932695384953
8007,-0.27872450586806385,-0.09672687389301507
8008,0.5675852108212939,0.12287489204487921
8009,1.9239289820944827,0.14379285298198813
8010,1.4592082038378136,0.4447115834467024
8011,-1.7794616330967972,0.03355786558682046
8012,0.8200281090317451,-0.3284926000016114
8013,0.14223936046031294,-0.24104104753518812
8014,-0.5920065863876297,-0.23132907197910135
8015,0.48111559864265696,-0.31989282597565094
8016,0.16969368694417497,-0.5247709518486765
8017,-1.0712903571844414,-0.32835884066397814
8018,-0.7583233071127249,-0.3101685646240612
8019,-0.23499853882152202,-0.3093861315972423
8020,-0.30188174478920515,-0.44500205961472034
8021,-0.2604679844308079,-0.31710468030636313
8022,-3.1748263964992423,1.8872642421106023
8023,-0.3276790890125872,0.5163555608752831
8024,3.2902958590740305,-1.228770176994048
8025,1.513108729091245,0.25613272293452205
8026,0.0831745705282109,-0.08998975803262782
8027,-1.2652571216083435,-0.33908023237947316
8028,0.6718122273149407,-0.2360152060454752
8029,-0.9008864874062431,-0.3467146565207156
8030,3.695750548446437,1.5536242921182244
8031,-0.07158058316805255,-0.19271290654270162
8032,2.457328657343162,0.3494527007505862
8033,0.3598784062248978,-0.15581913467551162
8034,-0.5541262975649155,-0.15917817063997525
8035,0.8676019769478793,-0.16050039833663826
8036,-0.47457206646324057,-0.34290822793982867
8037,0.29074957410217356,-0.3225348971428636
8038,-0.4894099005371286,-0.006284292845526475
8039,0.48316756075063344,-0.11985505148866456
8040,1.4229883662756246,-0.11312050637046948
8041,-1.1762300146690015,0.050755008574971304
8042,-0.26116950760203594,-0.3609948327925742
8043,-0.8012873320526617,-0.4351458666956975
8044,0.7526790540510064,-0.41696229596260576
8045,1.2244283071709323,-0.23928899011122184
8046,-0.3731162796814567,-0.4274849690786364
8047,0.5648844376690615,-0.4749622158139886
8048,-0.14465520197519358,-0.4266868441681171
8049,0.1958266558534054,-0.48361237537454305
8050,0.29026130955006235,-0.36046040748264946
8051,-0.5367305263465543,-0.43338896280323913
8052,-0.30664363675061973,-0.46822598436276563
8053,0.37108802436296234,-0.5057034649919359
8054,-0.12749970966451896,-0.41991196413373605
8055,0.795520950181234,-0.36807615927100495
8056,-0.32846683995120496,-0.4833770404035219
8057,0.09611021089756498,-0.5126065538046994
8058,0.6610262609313277,-0.3996813793155783
8059,0.19938256927772643,-0.4979819688941976
8060,0.03438818894966137,-0.4778715326020778
8061,0.8896934047493108,-0.1366177746479073
8062,0.4169807391406723,-0.303358632193851
8063,-0.5607390520726906,-0.32699699570627955
8064,-0.11327244821797308,-0.1704007326598137
8065,0.5316940852972488,-0.22740781032124552
8066,-0.08126095175187596,-0.19683487373504427
8067,-0.4297963402162227,-0.36865801159869777
8068,0.08560788896265643,-0.4002246674447864
8069,0.20762835841941052,-0.5699823364177038
8070,0.3499345726454278,-0.36671177046805126
8071,-0.38818185468095623,-0.44563264672130837
8072,-0.5051397088256309,-0.47269055932186305
8073,0.2870840863886244,-0.4881496565781938
8074,-0.516555179785797,-0.4416552008600697
8075,-0.775337598611407,-0.21197298670729703
8076,0.19993408148034722,-0.3329968534384882
8077,0.2364875086635845,-0.45089854535844326
8078,-0.3047022627214725,-0.43255136984211495
8079,-0.5906108702688374,-0.38895314024950467
8080,-0.5659987011993973,-0.36191364330431036
8081,0.7533769665695957,-0.4629826739390184
8082,-0.19440757894439367,-0.3508498538231444
8083,-0.6119508981987437,-0.3626073860406608
8084,0.2606848234490162,-0.5272652709585524
8085,0.3381502853929742,-0.37455000813809036
8086,-0.3450326487641115,-0.41622156429394896
8087,-0.03758528760336612,-0.43545715469363305
8088,1.180889808729105,-0.3440865734547716
8089,0.988570434382406,-0.22927553941315953
8090,-1.6699504324336427,-0.10384759658440655
8091,-0.36509157738338566,-0.39729856642798256
8092,3.8278322706925305,2.4842577018342284
8093,1.1261427263276895,1.3235248372990216
8094,-0.20197179736920065,1.1200472028943038
8095,-1.9348111562259305,0.395265618517439
8096,0.14247723778100752,-0.07207733208615649
8097,-0.6989536841020381,-0.3805150244923482
8098,1.1928627262684246,-0.23478632254621168
8099,-1.837864915462099,-0.06753771096260479
8100,-0.21981148140248655,-0.19332672039694188
8101,-0.521863970149535,-0.26070662426076296
8102,-1.3395939447188348,-0.06997084105461819
8103,-2.534173040266216,0.8587867350959559
8104,0.8341970833107689,1.4599685768046777
8105,0.01586400556974245,0.3719610966233845
8106,1.9376627364681809,0.83275706136282
8107,3.2688155379243407,0.5642306646811726
8108,1.2193610018458263,1.0408350422993051
8109,0.11154310527576106,-0.02921986762150609
8110,1.9337344480795184,1.0921673174752642
8111,-0.628628453075981,0.18325334015585543
8112,1.1406680464396812,0.320555990554943
8113,-0.4318737977744923,-0.28602794287342564
8114,0.5081107138600887,-0.21348013119921172
8115,-0.3158863124281444,-0.20310617739890263
8116,-0.5422792168052712,-0.022709404757074753
8117,1.2641809783414175,-0.2619910658280038
8118,1.3366111835820196,0.6219708106480599
8119,1.9046685934624934,1.393375914184689
8120,-0.33870333371639183,0.17529731311574775
8121,-0.6845711546304044,-0.18215041618287647
8122,0.12670828375223814,-0.11234817040977182
8123,-0.24914113239207156,-0.009787364428728245
8124,0.10872570136480803,-0.12089101027438491
8125,0.09440384927235215,-0.34259486073004985
8126,6.111401199498442,2.4826379821957416
8127,2.3458970461297444,2.0178379924632397
8128,-2.861040668334426,1.5006979628398274
8129,1.4988545597067595,0.8589614817244737
8130,-0.4093263646763079,0.05204003179760293
8131,0.19208739295728502,0.1332925427948713
8132,-0.03670652638248382,0.0905648416944221
8133,-0.2836997268062389,-0.15659112656391289
8134,-0.1944812246826293,-0.05948192375525926
8135,-0.5283731071834593,-0.2542742224107441
8136,0.0729912195367127,-0.22681814052292526
8137,-0.06660454957587145,-0.2271363363462937
8138,0.12632042554636505,-0.4382963493701953
8139,0.29641379194910583,-0.30969386398336496
8140,-0.5025745700630057,-0.40055082915181006
8141,0.8058355549775067,-0.30418056954374745
8142,-1.370411016399803,-0.05521324542885407
8143,0.06948653159406185,-0.2995445383757114
8144,0.0026076627983769272,-0.35157530365657513
8145,-0.6309535308037192,-0.3081141753960995
8146,0.4434329611584415,-0.4220546163883676
8147,0.47695752981474066,-0.31921544025637905
8148,-0.35215170653186706,-0.3881552928295436
8149,0.2105837086600332,-0.43519472873115067
8150,-0.431229158190051,-0.43874617742669897
8151,0.3121695895630907,-0.540582786830668
8152,-0.08402328841309778,-0.5159949957430494
8153,0.11860902532781693,-0.3894558779958527
8154,0.7808582138468602,-0.42827985875028857
8155,0.6938556656856169,-0.17363767601966074
8156,0.8988251034998876,0.002781270016519047
8157,0.4998282752062317,-0.05455298672443277
8158,-0.4438601453780698,0.18866401009177414
8159,0.483141589791575,-0.21749854633387045
8160,0.5939277556105146,-0.0917998835545822
8161,-0.31003570377034734,-0.16395823704533097
8162,-0.6030161740187812,-0.10174301903569646
8163,0.14360581832618183,-0.19595076218525292
8164,-0.896233581517796,0.5075313820041448
8165,-0.8702691436946904,0.1339281270943603
8166,-0.3696710709892193,0.0004911246698041244
8167,0.6868638966137062,-0.08107159808587545
8168,-0.26831742009545717,-0.17461349059326492
8169,-0.01959772199437664,-0.4081573849351558
8170,0.19245028990964186,-0.4221212408707898
8171,1.3893511816461186,-0.15026754555918076
8172,-0.8469483695201847,-0.14744764101161678
8173,-0.27435107954600285,-0.44714724142760026
8174,-0.14354231153826102,-0.3888929253315006
8175,0.019697829147112825,-0.48562768969158165
8176,0.01981536431122192,-0.4038522152180739
8177,0.2872842179275742,-0.4915103464304843
8178,-0.4402793628312818,-0.3841953156797744
8179,0.7359419093655055,-0.2952686362861728
8180,-0.4866824078170254,-0.3420687028775064
8181,0.2797988618961988,-0.427724980321803
8182,0.3518186327404154,-0.32021635342615856
8183,-0.6643478954379451,-0.35210705059196096
8184,0.36614021418082415,-0.4071453314847915
8185,-0.022101914971288727,-0.43277963425390215
8186,-0.016199242371121553,-0.44156328246163934
8187,-0.42269943442549035,-0.24109498777072136
8188,-0.04077201557319599,-0.14043877801749133
8189,0.12145703803670675,-0.24180549171018356
8190,0.5833977005100193,-0.19465463982439896
8191,0.5859703042885717,-0.1568032813903527
8192,0.6782818377651627,-0.2852336830968039
8193,-0.6543155063257539,-0.24911022373534886
8194,-0.05952950732588966,-0.20509221897511193
8195,0.15926548334485222,-0.3892749973855413
8196,-1.2304251135145756,-0.17740804445275882
8197,0.458961724542183,-0.33188545778968437
8198,0.011408538072205692,-0.44748555865738093
8199,0.8770872976685561,-0.47170789708759725
8200,1.211464179282882,-0.0002766807165407552
8201,1.1952988299333864,0.41745120200104757
8202,-1.344686099081055,0.12025380338215662
8203,-1.0432268165192748,-0.12396721158314584
8204,1.0509730752164474,-0.38377515407340435
8205,-0.06931020500430658,-0.4673116699290023
8206,-0.739506097255466,-0.4203484231337391
8207,0.18026538287518806,-0.38665159444504915
8208,-0.3811373327811952,-0.461473524340329
8209,-0.3881315006664126,-0.45148603933023806
8210,-0.40768865722086806,-0.4096990770830723
8211,0.19471834938020688,-0.5754575278330475
8212,-0.14499388154111204,-0.5249641273538156
8213,0.38771067428760475,-0.3758584946513998
8214,-0.3558494996431001,-0.4364941959710402
8215,0.9927725280072804,-0.5268433987267892
8216,0.3010109308628906,-0.5230574707682715
8217,0.761373467380625,-0.395994033428902
8218,-0.855899103895928,-0.42296572105647373
8219,0.43007722791231434,-0.6361845906543151
8220,-0.20314217640494742,-0.4905988364047637
8221,0.3293430757482694,-0.523824394178699
8222,-0.5714283822881273,-0.35237178522281865
8223,0.056724038926246306,-0.5865256607614537
8224,0.10866479636315832,-0.5483944753810056
8225,0.2630195319340932,-0.5423351709010957
8226,-0.6493325589537887,-0.5356064026980621
8227,0.08662087375367786,-0.49034855594352283
8228,0.42016152934887624,-0.4437657523953628
8229,0.4496824212176772,-0.5128433744975662
8230,0.692460528192971,-0.3515069914387366
8231,-0.6588356037303778,-0.44062047281261796
8232,-0.783089700271619,-0.3655220334683208
8233,1.5290494297825414,-0.31939885707032445
8234,-0.17814660621037562,-0.44629632463919816
8235,-0.672167076322264,-0.3816364394399233
8236,0.9211535017965444,-0.4182726805730179
8237,-0.2505079768545876,-0.512391686590331
8238,0.9603631761381618,-0.21469726086684138
8239,-0.6141410973242629,-0.3415277425716883
8240,-0.03451112781317306,-0.5668822995227383
8241,-0.1394170037412314,-0.497349905235616
8242,0.12937046793463858,-0.5367031515568893
8243,-0.06085653426038554,-0.48032244836356314
8244,-0.320902103331505,-0.4255681430490965
8245,-0.3311661276229801,-0.4073309529004743
8246,-0.32772738796011897,-0.41725464660266065
8247,0.2936527500645844,-0.49215318550398435
8248,-0.7163563401192293,-0.4218191518146999
8249,0.25886417331580525,-0.5137735031008089
8250,-0.016040366932831927,-0.49055646021556953
8251,-0.12732709716557286,-0.4754611506094037
8252,0.2026863813765433,-0.5264674842821602
8253,-0.09751592550358681,-0.5232793453057737
8254,0.08669813656632264,-0.49238074891786515
8255,0.6712497651592104,-0.4821130323276604
8256,0.17937109518916713,-0.5125141049577863
8257,0.11021544593070343,-0.5214299437231112
8258,-0.21993907812642638,-0.5015653926986714
8259,1.0497723732846231,-0.4394592335664106
8260,-0.1231907145557546,-0.4474125061444999
8261,-0.2692819359304279,-0.42231080680718985
8262,-0.03327886764559268,-0.44782429891823317
8263,-0.8715549005862805,-0.4388174498626068
8264,-0.44063775220812945,-0.40835876189956327
8265,0.7001437239234197,-0.21165565653020763
8266,0.4263665706321728,-0.34647945320738877
8267,0.1542853884012785,-0.5249038451166065
8268,-1.6509955929422702,0.044941397623348624
8269,0.54226323914859,-0.3775181147620889
8270,0.1316159744464095,-0.4211924535064477
8271,1.0611964713652073,-0.2927067037102501
8272,-0.49334597718285506,-0.40365733856441965
8273,0.3298511199752934,-0.49733859997828556
8274,-0.4626561235471862,-0.46856046954040037
8275,0.11802058405456584,-0.4723394725445986
8276,0.7470557157254302,-0.39346160024038207
8277,0.1891664721369855,-0.4345010440871766
8278,-0.684321679237506,-0.36197250005040515
8279,-0.18014400880781314,-0.39645796085474455
8280,0.1912088362206422,-0.3109019311198798
8281,0.36532692877072687,-0.36421430272946653
8282,0.5782964657479073,-0.37888232851439946
8283,1.1071532576737906,0.30853191890051757
8284,-0.08861364796853691,-0.02193573302114528
8285,0.21513633252090025,0.2933034196126798
8286,-0.6349877724337738,-0.2626262565968758
8287,-1.7400601750993476,1.0437282847198603
8288,0.8899864244241548,0.03688503259789706
8289,-0.24351327050100416,-0.12555098835971612
8290,-0.7693055687734497,-0.04309549852006608
8291,-1.3733626733858963,0.2834539729024376
8292,-0.5349557219260848,0.39708898594488157
8293,0.207245348626227,-0.2713035565516318
8294,0.7604818760025531,-0.27050656849816496
8295,0.23760730276424968,-0.28483708130547486
8296,-0.7041721992943932,-0.37714697788365775
8297,-0.19684873794280253,-0.20246065249840656
8298,0.9321348294459478,-0.38752118632893157
8299,0.3966221812230517,-0.26610801390202976
8300,-0.9762525055842864,-0.3326400934867939
8301,1.1173648734511312,-0.3709034050167469
8302,-0.01930235275169688,-0.4740691432752801
8303,-0.26133679805201837,-0.4912565988947301
8304,-0.010382342500165032,-0.42518355159079074
8305,-0.07367467318331365,-0.5302359543142995
8306,0.9977583735905985,-0.3632213355637178
8307,0.5024999622292935,-0.43824105709670624
8308,-0.43184729723003396,-0.45026043183115666
8309,0.26049085770277713,-0.4833350630552428
8310,-0.37601731666372545,-0.5439192682633937
8311,0.07204198424152426,-0.5627717847633066
8312,-0.17790986946171725,-0.5524312682757503
8313,0.6212537900255295,-0.5912973629769569
8314,-0.554798605667513,-0.3834652808468979
8315,-0.39232835651527387,-0.4720721026436868
8316,-0.059177118887864026,-0.4888008176882416
8317,0.12498218693934697,-0.5642760661350574
8318,-0.43028531974752565,-0.46968086824376803
8319,-0.34809970895400194,-0.5701955063178565
8320,-0.3973429833403623,-0.4575937478724961
8321,-0.0044532087112118595,-0.4926053368041955
8322,-0.04425833149784452,-0.4494504035245038
8323,-0.21049457236268618,-0.5166086431834007
8324,0.32115974658264945,-0.5571599318134165
8325,0.25041957433933865,-0.4890036088059458
8326,0.5608956454381626,-0.4110904136130347
8327,-0.24240684328864737,-0.43858984756044245
8328,-0.17008243492123878,-0.5405892587828429
8329,0.07342497076503823,-0.5326890628732387
8330,-0.2429637235115542,-0.5394754383454241
8331,0.7961155565705882,-0.3377944806143271
8332,0.48362542002350706,0.00597945023831524
8333,0.08010415001263074,-0.5355082041789564
8334,0.4696365548725584,-0.40616768129584624
8335,-0.2654899962447251,-0.48923038404880964
8336,-0.3209685568776924,-0.5220832622777704
8337,1.214095253906913,-0.08899938588104424
8338,0.2490627613401544,0.23934035170511192
8339,-0.6057734341555446,-0.23458068617633032
8340,-0.19528332260182002,-0.4520182029146409
8341,-0.017291118394339344,-0.48489525148276413
8342,-0.26848703105964883,-0.4381178250657613
8343,-0.33061974017366785,-0.4707025348064777
8344,-0.1461545124944701,-0.39684091014603146
8345,0.35488140597437834,-0.483711413918065
8346,-0.2546167450692907,-0.4344003012178715
8347,-0.4854424755956726,-0.4513560989022688
8348,-0.3395348265850211,-0.47922684873545884
8349,0.3190976106750872,-0.49793711025635506
8350,0.396485656754693,-0.370167710721192
8351,-0.06384799055203653,-0.5469006712525466
8352,0.10298884575373077,-0.5260678606286482
8353,0.03989089721195916,-0.563527912857746
8354,0.25816253149977225,-0.5136462355775485
8355,0.48240601709723846,-0.24968949595381223
8356,0.2054338806947265,-0.40653241649653854
8357,-0.5323170766835278,-0.34983102408840044
8358,0.6637963411769526,-0.4218760556411767
8359,-0.6484986146200019,-0.42797023901449505
8360,-0.27685383730632196,-0.47569719241900255
8361,-0.14933461517543256,-0.5162216959783977
8362,-1.3187076228209291,-0.08101339783405175
8363,0.21818301306714236,-0.37262381893477675
8364,-0.3016930194477859,-0.29679027423871757
8365,-0.2962556868197086,-0.38519548755338934
8366,0.24704123516486592,-0.3349005046681233
8367,-0.12714201882362103,-0.43746978882553356
8368,-0.17903674796777122,-0.41161237617005425
8369,0.11849975462395176,-0.30722205924282536
8370,-0.11872317730282492,-0.553879490691983
8371,-0.4293265264080008,-0.38257464687415016
8372,-0.1609308633795088,-0.39604497841399555
8373,0.2829063415416796,-0.46647779056797384
8374,-0.31788493461360834,-0.4017841681996789
8375,-0.2697438769074553,-0.2716458528973621
8376,0.33818647200435187,-0.42089240685128915
8377,-0.8428966980738755,-0.18611123252348988
8378,-0.43331412216503934,-0.21543177929521629
8379,0.19577169254674615,-0.2842230660699651
8380,0.3731040469672782,-0.035113459510949324
8381,-1.255970325576923,0.26585961241471573
8382,0.2580250824778426,-0.22312849359063852
8383,0.8442264733494247,-0.20883563115599202
8384,1.065464784512379,-0.17279552704940704
8385,-0.5697965514112,-0.34259644085219065
8386,-0.22523138947150664,-0.4391774011293101
8387,-1.1252223002967026,-0.13608659929306055
8388,0.46850674599420905,0.09538191417847276
8389,0.8152471510909219,-0.279505723314884
8390,-0.4272440384624914,-0.3798249263036194
8391,0.12287023206855018,-0.35852046546000677
8392,-0.13293152801763955,-0.47809499624351026
8393,-0.07974713262367523,-0.4685877058983848
8394,-0.021996022856700156,-0.44458062521580327
8395,0.44330594715296984,-0.4477814869354806
8396,-0.024047170840316573,-0.4854798950498265
8397,-0.5788432439276745,-0.4042800100089213
8398,1.1639738952033754,-0.42247979623033227
8399,-0.7932437702265175,-0.3906968426719635
8400,0.01601256701782328,-0.5187901067247864
8401,0.07256802889448549,-0.5172257422606859
8402,0.013015534281905652,-0.5305016313153154
8403,0.381542795774936,-0.5273255951553282
8404,0.5156627152601168,-0.48546029842891825
8405,-0.3219330075764027,-0.4415672585939388
8406,0.32209461221812724,-0.49888126654361675
8407,0.2560957487808836,-0.5303745091067085
8408,1.3908868442291804,-0.3037547188750302
8409,-1.063218221785269,-0.19462473449972312
8410,-1.2389375965326983,-0.2511237098356591
8411,-0.26164894630576707,-0.32996773744443686
8412,-1.073204564740722,-0.016986578149253233
8413,0.45248883019783653,-0.40261314267769366
8414,-0.369141888698845,-0.349068995176488
8415,0.22093498849160714,-0.43886562882901536
8416,-0.7475739343182967,-0.4429347982319669
8417,-0.02922649010553284,-0.519639947045858
8418,-0.30432361152783793,-0.5336892859246474
8419,0.5361866710553207,-0.6067469802620279
8420,-0.16876919439299284,-0.49976002434158817
8421,-0.056578498668280054,-0.5171581076891218
8422,0.035832387569991145,-0.5458013151298082
8423,0.435664569789975,-0.59101446618507
8424,-0.8743238666673948,-0.28719036891736655
8425,-0.7827493054397069,-0.20899409162332228
8426,1.517789145411345,0.13776345790933625
8427,0.2829512033477788,-0.361472502074203
8428,0.5417264478683583,-0.4398227450509879
8429,-0.10160939032850767,-0.4966032813502934
8430,0.429220130572546,-0.5447381785509776
8431,0.11849823407799855,-0.4345452010402701
8432,0.2273224997611671,-0.4844093781317262
8433,0.07308749888686543,-0.5260851939927796
8434,-0.41362357037776676,-0.3129565168812391
8435,0.6473301469236341,-0.5838214171339496
8436,0.28497340221246403,-0.5318976067442164
8437,-0.11186390031245894,-0.5785467060311159
8438,-0.27238657106826114,-0.49582094033159496
8439,0.017634610276112715,-0.42944157454749726
8440,0.1439276784976437,-0.4446665150144037
8441,0.07980423640765257,-0.5177941208972077
8442,0.28427786948081885,-0.5180482512476309
8443,-0.8798255094560298,-0.44432969063967426
8444,-0.3636474796044046,-0.43662935773294614
8445,-0.23353034786886726,-0.5366601312193948
8446,0.22230087480753585,-0.40954203391874283
8447,-0.20374527208937696,-0.3569834763097557
8448,0.5476520957591476,-0.5284094833940649
8449,-0.1535676193178122,-0.506699144425029
8450,0.5540075781505578,-0.5212023326315538
8451,-0.5159607924097381,-0.40626325656972123
8452,-1.1613869068418494,-0.22661960423613925
8453,-0.153727115548917,-0.3652048404532873
8454,0.37784297861924576,-0.33720320560171063
8455,-0.4482481250738367,-0.4329527984512047
8456,0.6525286574905012,-0.49140183658826053
8457,0.5521085097732662,-0.30230510223493134
8458,-0.6305033297500694,-0.43298430727487275
8459,-0.03698055297805163,-0.487310957761943
8460,0.5231572387527825,-0.4204980476504939
8461,0.17869208975674372,-0.41925008782837087
8462,-0.53052844517162,-0.47503868207591826
8463,0.07520161063627569,-0.5084954238691021
8464,-0.051215232919133456,-0.5211313041703154
8465,-0.1467883902679557,-0.5314236828245179
8466,0.13383819662978416,-0.5542373282308803
8467,-0.45767667257317163,-0.4912232129492909
8468,0.2722914051603,-0.5179112992323922
8469,0.10038921419088592,-0.5304481984455909
8470,0.08945383459803176,-0.46687761444332665
8471,0.5770736849731887,-0.4449357157333474
8472,-1.4488044248310707,0.018228859477635233
8473,-0.3799187560437665,-0.4362973514023461
8474,0.6023596357759132,-0.4234778265304923
8475,-0.46333447095471325,-0.306538483433588
8476,0.5159521218913243,-0.28107829977649856
8477,0.2225852998355073,-0.13650781483756685
8478,-0.2788432626784585,-0.057310206648475234
8479,-0.5930042818397177,-0.24041198342964976
8480,0.2038565149074075,-0.3141336245700199
8481,-0.16864799447305748,-0.33878364930357935
8482,0.10581248185327448,-0.46309363300349243
8483,0.6997711838658562,-0.43565764860384565
8484,1.3001776358034038,-0.24789009300573545
8485,0.2574374639253288,-0.26757870277691015
8486,-0.47459542945640487,-0.3228749576969909
8487,0.5789306823112343,-0.43287823513773793
8488,0.5052285989083621,0.3783047523510361
8489,-0.08431816435257984,-0.28913243497053986
8490,-1.0400886822530024,-0.3273606821391036
8491,-0.7205444518056631,-0.3776340519617098
8492,-0.7004319811985636,-0.3992002793016694
8493,0.2663875865502223,-0.22427989012197191
8494,-0.36270170201890084,-0.47029000634306684
8495,-0.5515022748472173,-0.29882586070447825
8496,-0.49917411334883977,-0.3722428385598356
8497,0.15615308725481605,-0.46458575517960815
8498,0.7914374731454862,-0.4323321652356718
8499,-0.06873117458881443,-0.4830098736946748
8500,0.21413515095665617,-0.513797475964914
8501,0.14124944368840867,-0.41607597869224044
8502,0.6603142527510475,-0.43507780107857036
8503,0.08382834970191375,-0.5326893862457239
8504,0.3447563798590905,-0.5634332244503107
8505,0.19996230961598663,-0.5872863238104309
8506,0.09742357284269655,-0.48938370763806116
8507,0.49458835326672884,-0.31505098397914183
8508,-0.3336929109547777,-0.2924975535921061
8509,-0.020558969523008643,-0.4814148516812075
8510,0.3982383710076049,-0.5201998612018454
8511,0.0880807215489736,-0.5186132157618629
8512,-0.15505429986568306,-0.48235335440966626
8513,-0.02169999639133971,-0.5200856708310092
8514,-0.16266354965276697,-0.5105885463660864
8515,-0.5161803864169977,-0.46239381701204985
8516,0.030905122011672205,-0.5574679600118171
8517,0.28425999780128003,-0.5764043526768314
8518,-0.5621753576042119,-0.4850754409080891
8519,0.575660372440131,-0.45583444469875917
8520,0.06578360956662205,-0.5023001227415512
8521,-0.19645920842658127,-0.5220040777344452
8522,-0.34410349419975195,-0.5072912123754392
8523,-0.16019508488259238,-0.49393553598760354
8524,0.5331117504715909,-0.48232019464479187
8525,0.6243971403527092,-0.3666120422025292
8526,0.028879679553301653,-0.3769007307660822
8527,0.34316702222021095,-0.5052001198529023
8528,-0.10303252944017997,-0.5325246939150791
8529,-0.38792252648806685,-0.5504362727424296
8530,-0.04972015140119781,-0.5416806770443486
8531,0.2201499876018195,-0.5918427790537407
8532,0.05068357362785203,-0.5593868155265138
8533,0.1353085060109995,-0.5576474573092226
8534,-0.1678795642663526,-0.49812389752679775
8535,0.08366039096984049,-0.5896598675917957
8536,-0.1367600198901536,-0.5718848859274125
8537,-0.1338254034665835,-0.4731712314304898
8538,0.41084439863297806,-0.42263503637998817
8539,-0.2297959739461263,-0.584169727220821
8540,-0.0182445090034636,-0.47940301595508034
8541,0.019043328359565913,-0.5850345008022533
8542,0.3867106309327506,-0.5332643487038932
8543,0.16273110280075834,-0.5178293204507964
8544,-0.23779956805873262,-0.5004070864346992
8545,0.20855292604675804,-0.44622838032756207
8546,-0.0925864796815199,-0.44075654713695767
8547,0.17335054879649103,-0.467812764251822
8548,-0.032668163338697,-0.4520884155142598
8549,0.3164888743754051,-0.3937111600297504
8550,-0.4948233444984726,-0.3504370284429347
8551,-0.02032049459958723,-0.41217097680080006
8552,-0.20198675626292126,-0.5693023279292068
8553,-0.06157311676194989,-0.498133288040135
8554,-0.326066564716601,-0.4771174546211347
8555,0.18869392047507233,-0.4889466796158921
8556,0.21607706556828457,-0.4645519760229253
8557,0.15763903976649943,-0.45399027586919855
8558,-0.020855632039644363,-0.5011999359676874
8559,0.14008127433971668,-0.5613075675717837
8560,-0.24723209444784255,-0.5070704893639564
8561,-0.061366398776638936,-0.5404085194911715
8562,0.05102368560987525,-0.4935945587931544
8563,-0.03267786911139101,-0.3944054813822226
8564,-0.045967243944616085,-0.4915258663398958
8565,-0.010567464858377637,-0.5462584448361856
8566,-0.06473754658356562,-0.510153139965518
8567,-0.3018483351247089,-0.5274725512610317
8568,-0.007857231305906806,-0.5795829640762183
8569,-0.04951146831655776,-0.5365788331627754
8570,0.05974393880514641,-0.5748989273620246
8571,-0.49755899761661593,-0.4321407223458087
8572,-0.07318900973503129,-0.5554584359284503
8573,-0.12483788543367394,-0.5761648308276388
8574,0.30306219102413673,-0.5491284220595856
8575,0.28753596896768174,-0.5296858600285584
8576,0.015331906102224296,-0.4861086403469254
8577,0.018157242190148908,-0.5520098907613044
8578,0.1405225251764663,-0.5862507067633607
8579,-0.19693911335491912,-0.5211783520042212
8580,0.41689546024325774,-0.5813407969599148
8581,0.6281257780925866,-0.28062315888984085
8582,0.03285393804670824,-0.18558636510518883
8583,-0.12403044272004236,-0.30601280030008204
8584,-0.22371401589204504,-0.34052590555105844
8585,-0.22896908185454284,-0.5061417720506446
8586,0.31940614797930933,-0.5046798022999124
8587,-0.12011611262705674,-0.5011321196088189
8588,0.5449913451536922,-0.42514992010024566
8589,0.666481295221276,-0.31916071750098396
8590,-0.4987700098261498,-0.3873422796001802
8591,-0.3096399765470125,-0.4188114919874228
8592,-0.05342834822183276,-0.5421135789853717
8593,0.3647965140837901,-0.4088858114096933
8594,-0.066580661962206,-0.5528773936940725
8595,0.048519873507937086,-0.4734455245378766
8596,-0.25142840917242154,-0.519518280674815
8597,-0.23309222076568645,-0.5274917543219562
8598,-0.1850269803609553,-0.44972555550933063
8599,0.159283062377705,-0.551838261051652
8600,-0.19369057904253473,-0.5797858305348084
8601,-0.11382056005487129,-0.5773546235481574
8602,0.04127356511722219,-0.5547740250481737
8603,0.22939210075152894,-0.5359331941255658
8604,0.0200540041322011,-0.5852904524158077
8605,0.4212474782908155,-0.5594010860056745
8606,-0.1732230222423918,-0.533634915657865
8607,0.2267886862805045,-0.5614566161738372
8608,0.183785882374068,-0.5439828057109999
8609,-0.18740735360471786,-0.5864476597597991
8610,-0.14599151677188044,-0.5112081623845987
8611,-0.17471506474670864,-0.5737158732562287
8612,-0.1345985145544375,-0.5871722220948932
8613,0.1433837149396928,-0.4874164323020116
8614,-0.04574435255727786,-0.5730873291164471
8615,0.4249670659019537,-0.4792689045625505
8616,-0.28618269301393867,-0.5386939220023449
8617,0.17539603618630875,-0.5554213853181983
8618,-0.27824941259872193,-0.5751849499350518
8619,0.05776556718116957,-0.5176346547944303
8620,-0.31190449732903225,-0.5595569326466178
8621,-0.12261070874599013,-0.6072813293228646
8622,-0.3553400402909661,-0.44878721966856644
8623,-0.052986450854017625,-0.5814377129414224
8624,0.3217899085571105,-0.5442541923208625
8625,0.024876422738408264,-0.5738190000875347
8626,-0.06451971628045332,-0.5251103028452327
8627,0.12491965369105852,-0.5900199952405006
8628,-0.4153539588634615,-0.5622519197701464
8629,-0.06935475987229826,-0.5850718529325489
8630,0.226011837486139,-0.5822978378637258
8631,-0.14137927275459788,-0.5770150393006825
8632,0.01835546823609406,-0.6042422856794719
8633,0.07992015113264296,-0.5535645797444319
8634,-0.05618148017065279,-0.5308412154269727
8635,-0.08658278931003306,-0.6125496933608411
8636,0.12414372146400289,-0.5777054192183753
8637,0.25533041729321376,-0.6199001567445498
8638,0.0678155788779724,-0.5564296594879714
8639,0.062111721140988715,-0.5619656469352442
8640,0.06655026230483457,-0.5606401822766581
8641,0.13294779134871665,-0.5825664157790736
8642,0.04991323966083053,-0.6111527775259226
8643,-0.07384932354611085,-0.5402970820465697
8644,-0.11330847980098036,-0.555045820114084
8645,0.22521957874520654,-0.5920631244980677
8646,0.05574681268129483,-0.5080948032136597
8647,0.04962522096417155,-0.6047126916745292
8648,0.6771453551151186,-0.47505019680655175
8649,0.02753710978938216,-0.5485061414017962
8650,0.00522781883506709,-0.4626381781244546
8651,0.25071085930888826,-0.5145841938601815
8652,0.29421321626363445,-0.3419805688277132
8653,-0.3209622482467623,-0.47201130540864317
8654,0.6459022043815708,-0.43613712323092846
8655,-0.1347810149546846,-0.43589381167285135
8656,-0.39131202649305613,-0.44021222280915756
8657,0.38000330008657196,-0.3149299271988143
8658,-0.3071127172235571,-0.5020831907924744
8659,0.16227978239094565,-0.49854212617424076
8660,0.23174954363646422,-0.526742537858121
8661,0.6342305563227261,-0.372368420588878
8662,-0.7600558641068796,-0.3396584330270017
8663,0.2162833709087762,-0.566107196123589
8664,-0.44183469348785204,-0.4391946441310495
8665,0.5744038273711884,-0.55912635307383
8666,-0.08531606754893299,-0.4898812900222919
8667,-0.06287986175016286,-0.5306275144673992
8668,-0.056953828090180784,-0.39932575455329716
8669,-0.14162939021139725,-0.4177843985999247
8670,0.45433750792306715,-0.5024013274945639
8671,-0.31347306847238104,-0.4798625535722706
8672,-0.9286485335365516,-0.20989194262210487
8673,0.02809335299825218,-0.18045304742631052
8674,0.09696690659929366,-0.38385765841917213
8675,-0.16731017669209536,-0.3883585404930349
8676,0.06170299583736365,-0.48700715373794506
8677,-0.47612241082190265,-0.38399690884982374
8678,0.015363027863822492,-0.4118340520036453
8679,-0.31266893906168297,-0.4020964755635372
8680,-0.061626164672908976,-0.44808166005908756
8681,0.3977300810413707,-0.4727398972163064
8682,0.04173650567540361,-0.4976735966237151
8683,-0.37955658018133503,-0.5150471829189907
8684,-0.28490440983524873,-0.5249865114866966
8685,0.6676060495696375,-0.6090784807383051
8686,-0.2690793381415054,-0.519757198160584
8687,0.5085999744849954,-0.5383479798253907
8688,0.22910375817788106,-0.5270610714402375
8689,0.04493677559678224,-0.4534627399935398
8690,-0.24325007362154458,-0.4453692912959692
8691,0.11231320045944548,-0.48598794854051264
8692,-0.5260222304785611,-0.5125474611946256
8693,0.08062534455134927,-0.5992441606474412
8694,-0.11508544294170145,-0.4919463831373874
8695,0.15245125253612712,-0.5802601077218593
8696,-0.24062043495668864,-0.5667015930432057
8697,-0.2553677898678239,-0.5852294943259106
8698,-0.04698246066774757,-0.4096606008856513
8699,0.5541435054146615,-0.5967579158682461
8700,0.5307427299989076,-0.5496272257500892
8701,-0.2036595954356195,-0.44999918787425297
8702,1.4235006071215504,-0.41237192176018717
8703,2.274810947221891,0.8902208845536675
8704,0.34688276793544065,0.5848808077071795
8705,-0.02457568643747154,0.39998626861009645
8706,-0.16638358437868714,-0.016177569104419358
8707,0.9363471570387772,-0.1810353547966987
8708,-0.7117844237681846,-0.11575439198056987
8709,0.12308759366024992,-0.2869664749852565
8710,0.11046208747040101,-0.14557347492216666
8711,0.5743728520236848,-0.03193890846782614
8712,-0.1630504766115817,-0.12024637073781784
8713,-0.1274745868084093,-0.3578443079408354
8714,-0.823489627162299,-0.20812811047664465
8715,0.17257785335103196,-0.4458349892523672
8716,0.3241627787778584,-0.4613916709842331
8717,-0.7541618204172359,-0.4202938783513003
8718,0.24583712752699452,-0.4803426773635549
8719,-0.27550338604740604,-0.4546490616799284
8720,-0.05640184190849801,-0.40698549101257203
8721,-0.5119060375758423,-0.4290100897630713
8722,-0.0001467872848356323,-0.5346675552591899
8723,-0.35695423627157047,-0.41978410263075383
8724,0.5403202437656008,-0.5585697805232518
8725,-0.15756347339889715,-0.4433243665199588
8726,0.0440799323635577,-0.5318313008790777
8727,-0.2941270072135023,-0.4768538817706905
8728,-0.5044182938794327,-0.40441434309087865
8729,-0.05127394124205981,-0.5189505656896887
8730,0.32906615787924237,-0.5467167676960573
8731,-0.3908977266805559,-0.49953327728855096
8732,0.1754157281064108,-0.5443086075043035
8733,0.15053447548922225,-0.43072817416205594
8734,-0.11651649591051796,-0.5339640477529032
8735,-0.2517877930643744,-0.4931346261289819
8736,-1.0498881703039795,-0.22467880191226342
8737,-0.6800764876367463,0.03587354895442995
8738,0.27606465466163965,-0.3530350044218242
8739,0.41709751868782236,-0.46576090292323624
8740,-0.04776743631957571,-0.5270646230583078
8741,0.034234443990977304,-0.5721390935191116
8742,-0.22351135325648455,-0.4449765851716613
8743,0.000273988922429645,-0.4137844643268204
8744,-0.48380796840554147,-0.42656883870201295
8745,0.013862244541921215,-0.45524169820379257
8746,0.3187055063316175,-0.5297480152830869
8747,-0.04112745540563889,-0.5387450155249419
8748,-0.6039073622233233,-0.40235629915794885
8749,-0.24315718006456533,-0.4391595393174394
8750,0.10592603140059015,-0.5108382774492813
8751,0.17757231579011,-0.4811759861513134
8752,0.20699977860293203,-0.5074443050999405
8753,-0.020854420960015604,-0.5056719425534494
8754,0.2966364879602992,-0.4910995026611373
8755,0.2870096258653765,-0.2847241617272037
8756,-0.1325989651120268,-0.5769644287609872
8757,-0.3624064682484001,-0.4782487102345421
8758,0.0833112703187865,-0.5595809689888789
8759,-0.1342662395882446,-0.49447133603537446
8760,-0.30513769873755514,-0.4412873638391754
8761,-0.2754419437488667,-0.33958007930960443
8762,0.41409369268237917,-0.47820173194936916
8763,0.8302098772077522,-0.3376062452959505
8764,-0.8586506909020082,-0.35365912072088573
8765,-0.3017308143824048,-0.462197119275544
8766,0.03822036222382236,-0.0552917361985652
8767,-0.16459822096976773,-0.31606869634101076
8768,0.1174663710175883,-0.26393671265524465
8769,-1.3920589430266106,0.12653739066063263
8770,0.1707090302044101,-0.3026224968724472
8771,1.0723075625621163,0.2247151647649751
8772,0.12263858627982864,0.35468722184508944
8773,1.0197605553168503,0.02706914863265978
8774,0.4645137171225,-0.13206075481953322
8775,-1.1657090461061794,0.0053279368833358196
8776,0.599447667127219,-0.4768373668079307
8777,0.4580597533054322,-0.3386641926646646
8778,0.23082358525309138,-0.2727570873062994
8779,0.14160684267702456,-0.4605716418391498
8780,-0.054320254806711606,-0.4127894188153581
8781,-0.6517462249585043,-0.39329884812709204
8782,-0.3578199369339981,-0.40832481441486257
8783,0.20728256332894757,-0.4539778334741278
8784,-0.41425256903246027,-0.3380850649924494
8785,0.10417672923212076,-0.49538507816282595
8786,0.7616748903759226,-0.248684448417472
8787,1.086682472035362,0.046546993061158684
8788,0.022963085327373754,-0.11619494687190356
8789,0.9437302873712465,0.1289095544293965
8790,-0.5587584863048402,-0.26007503099594853
8791,-0.14568042051901425,-0.2716670961957306
8792,-0.15637940520486096,-0.41906538125964654
8793,-0.0029644034514916457,-0.40020611418021457
8794,-0.3705394878718596,-0.3215116013666983
8795,-0.2250912743767539,-0.5221159637114371
8796,0.02217818431531416,-0.4451066622160709
8797,-0.8142181767173498,-0.3576996235494734
8798,-0.09615336087335681,-0.4649068716296438
8799,0.21210399155397627,-0.4997078267313429
8800,0.09156779823405038,-0.4758928604668415
8801,-0.557126953314274,-0.4159009667405101
8802,0.42450173229491667,-0.5283092787812044
8803,-0.3780033462858493,-0.49754205181573474
8804,0.041663450362044045,-0.4954385493207071
8805,-0.2151569993971402,-0.43569054380514227
8806,0.5923803593403193,-0.4155477581107264
8807,-0.727870312917335,-0.36341316373174726
8808,0.37011333781335065,-0.39264991101787095
8809,0.2060770230183027,-0.5503379711516968
8810,0.5494292094839103,-0.4926836245902587
8811,-0.22788756035908314,-0.38623493588059815
8812,-0.3302572748413505,-0.3971512603220086
8813,-0.46127152405625993,-0.4416225722088012
8814,-0.030329449871600765,-0.47562496755962597
8815,0.33157644488820553,-0.5872401969121909
8816,-0.5461286723411035,-0.374805690424819
8817,-0.5480867290896104,-0.3651597818609832
8818,0.006533667138852997,-0.548099405331965
8819,0.4374930676435043,-0.5388470429102665
8820,-0.17185214915290484,-0.5107575807743526
8821,0.1926579899181047,-0.5224538164920406
8822,-0.3058687522509877,-0.5389970502911362
8823,-0.46692903258586177,-0.5034220522692691
8824,-0.16979660834553914,-0.4780826276836819
8825,-0.679373586465255,-0.31507295567068233
8826,-0.3235361188542182,-0.4209745086062772
8827,-0.39005841392006163,-0.25750991431050246
8828,0.11347905131916323,-0.18691862857367902
8829,0.3610050570872287,-0.5045712800993789
8830,-0.44596851496852813,-0.4946785002809107
8831,0.07575993867258295,-0.5217952428967491
8832,0.4003740514444651,-0.574717014047922
8833,-0.014120919391852005,-0.4963684904993332
8834,0.013715068774233473,-0.5463477381128663
8835,-0.01195650214745416,0.29815243403078195
8836,0.10065920826834088,-0.25435471464585413
8837,0.5752619490307859,-0.2667666297388074
8838,-0.8850526081794563,-0.34295007670093625
8839,-0.03053905694062408,-0.3652872166528654
8840,-0.5868989612497071,-0.3391496234305419
8841,-0.09013207766229606,-0.42413568798663276
8842,0.11396417444188262,-0.42670165011069133
8843,-0.038098931434374136,-0.39150469985367137
8844,-0.29694347549056455,-0.30472395186065887
8845,0.20360447509621019,-0.48034332289699366
8846,-0.11010661617061072,-0.46619959647129117
8847,-0.1623603736942326,-0.4716979613507373
8848,-0.1286823894528303,-0.3917974513424411
8849,0.284448862209086,-0.45820984619464367
8850,-0.6680443356491279,-0.4160653969027687
8851,0.41389177801033417,-0.46712870539761087
8852,0.07497463355902458,-0.4445849422040475
8853,0.03174333311029223,-0.4240155003541508
8854,-0.13411316006576737,-0.44385533375390845
8855,-0.5011000484804343,-0.3199313093035561
8856,-0.079634183625366,-0.4217530710705814
8857,0.038587404312709676,-0.4425041976271238
8858,-0.39904607373604245,-0.05775502649193445
8859,0.5466205953092577,-0.21146422606151039
8860,-0.6939117927868563,0.05196221891584575
8861,1.1578381135180031,-0.28038231617430653
8862,0.9103898008995973,-0.1951972850680634
8863,-2.0095501112404506,0.1523296727539858
8864,-0.8514587377940694,0.08932515378785193
8865,0.20371893889884812,0.0308919885207729
8866,-0.5416379099596028,-0.18829993291261232
8867,0.5565978236046796,-0.4558644864975879
8868,-0.3412401913522155,-0.22035983762231387
8869,0.12660219125412106,-0.5384182728552525
8870,0.8499933654838536,-0.3866042031133004
8871,-0.3040162921821127,-0.4578473694502161
8872,-0.13446591354372214,-0.4531197243883752
8873,0.04439260183598271,-0.3284154545314055
8874,-0.10686720494859676,-0.3782812172202788
8875,-0.022727223080955494,-0.41973797729396084
8876,0.08870713654186846,-0.4553410603625411
8877,0.06077511147029797,-0.5007057659757429
8878,-0.35320351602951783,-0.4985257732975698
8879,-1.0456938345785751,-0.1890880369755521
8880,0.12347676562856093,-0.4452518775293214
8881,-0.5807629172274467,-0.07982607997548885
8882,0.4054652238406906,-0.017709069843977836
8883,0.0305606116115123,-0.4104560316033366
8884,-0.7237534747803075,-0.25360773889896626
8885,-0.3422376962680984,-0.49882064249948327
8886,-0.2356357951005866,0.025797573875072047
8887,0.8495029834407116,-0.3796535674094166
8888,0.330846406757089,-0.5258540787424433
8889,0.22257061936330635,-0.49586681429391793
8890,-0.27955012205283525,-0.4844589036473451
8891,0.6257197064582695,-0.43708790080575355
8892,-0.31126021003109516,-0.5116517547788797
8893,-0.13162022341791155,-0.5592136008284797
8894,-0.07957918305356756,-0.46406007440443153
8895,-0.27397934894735304,-0.5606437195614934
8896,0.39824808081292595,-0.5895644104101304
8897,-0.6527490081791373,-0.4839539140585519
8898,-0.6991838422549798,-0.38148607035897586
8899,0.45266614011777284,-0.5401779170690639
8900,0.20350715513107925,-0.5669558958059934
8901,0.3016506908627043,-0.545380948115145
8902,0.1715047098495367,-0.43525444810118596
8903,-0.031162985337793846,-0.49095655696947166
8904,-0.022641599325369337,-0.5408083965345019
8905,-0.7237621336696488,-0.42942390167453065
8906,0.0018382120971835445,-0.5572674194124997
8907,0.8112449701729143,-0.1633359867364137
8908,0.5454650571267021,-0.4845550409102529
8909,-0.09529966798321479,-0.5152458425560442
8910,-0.4359980270335051,-0.5253735200053686
8911,0.37963964797246363,-0.5346447680383581
8912,-0.10450102620677998,-0.5109555105319805
8913,0.45900844399768326,-0.4922668409236967
8914,0.5334882876729985,-0.5038711894388005
8915,0.3795801904153548,-0.40662544746981844
8916,0.049560177414492375,-0.49325136801262803
8917,0.022627730088767634,-0.5144613818229786
8918,0.08882250329240982,-0.4066042352898026
8919,0.1657675964153538,-0.5199633202723686
8920,0.09462238486897699,-0.5075529778536024
8921,0.47347203634985346,-0.518787743704148
8922,-0.34088772159264374,-0.48990605506900764
8923,0.30489986306956207,-0.4190675028128924
8924,0.2600404373373334,-0.5112204092170447
8925,0.21121648281495145,-0.4715152428048749
8926,0.28783791237841233,-0.5080408912275767
8927,-0.376282420139321,-0.41708821518789896
8928,0.8366087584323426,-0.4793317724387288
8929,0.3828952798189066,-0.34521203728977884
8930,-0.46484586608521544,-0.31533820456717454
8931,-0.23770048440429042,-0.49188924083306257
8932,0.6032300376461213,-0.42304898658952744
8933,-0.14728628519383408,-0.5413137393140176
8934,0.5942983885442314,-0.3295461811846354
8935,0.5471562340612771,-0.3889908776477323
8936,0.05941563321958832,-0.41463795803850284
8937,-0.09578821230847666,-0.2970714122834527
8938,-0.1950046173438708,-0.3894363707730569
8939,-0.3004623332828689,-0.4687299070344402
8940,0.24098469459594757,-0.49910604267924635
8941,-0.1963934880020273,-0.5239544556853942
8942,-0.05283424233387047,-0.4939080211192021
8943,0.25198056160734467,-0.5777727619843863
8944,0.383786620402311,-0.5762938691086815
8945,0.03399139630237182,-0.42257927460412525
8946,0.21675468756064278,-0.44512392224204267
8947,-0.3131536223811093,-0.5141955384413497
8948,-0.5177614315193926,-0.4075760887622045
8949,-0.21053017681940087,-0.47108698760522855
8950,-0.3430138103562758,-0.4917392326829126
8951,-0.1951191143639613,-0.35409480419076383
8952,-0.4827775336238143,-0.38507902261750776
8953,0.4670593616086846,-0.5349788517064813
8954,1.1174235891260609,-0.41631459021205586
8955,-0.3668043039319824,-0.49359791905149797
8956,0.6147433443745434,-0.3330218455099342
8957,-0.06172474886579107,-0.2603146579585377
8958,0.6408958239316933,-0.1733435009687363
8959,0.2038825534154997,0.05103985011602076
8960,-0.4712334604078461,-0.33868169367276035
8961,1.2682819160150773,-0.38820701100976523
8962,0.9875187172509777,0.7786897003665088
8963,-0.07540324981340299,0.22566771225728183
8964,0.5022211140393984,-0.11476157093293948
8965,0.8768758889640602,0.016566843977883515
8966,2.400096657778838,1.6057126190943867
8967,0.7526440338889242,1.4030647803871439
8968,0.6515285484368568,0.9023898025527636
8969,0.4564208021774287,0.8128324178956066
8970,0.0837155597849723,0.48335770853734367
8971,-0.11559797324467355,0.4532650695242027
8972,-1.2440373564467835,0.7534327693158083
8973,0.1684135011715504,0.0074634394022855405
8974,0.30264162745746814,0.06282190406566981
8975,0.5625300236385443,-0.2120655400106875
8976,-0.004420376211031755,-0.10316504767741122
8977,0.33586190174844044,-0.2485738415234653
8978,-0.3123198546851163,-0.08074799431951352
8979,0.3024793326641875,-0.32743856508099056
8980,-0.5564987201912114,-0.3071072017452883
8981,0.8578733486362407,-0.06177390448048879
8982,0.11361170234674418,-0.16735871348483594
8983,0.3036851461606475,0.07089905633461527
8984,-0.4635901632844298,-0.43344926556495394
8985,-0.5996897424558734,-0.35406509019311855
8986,0.4484649601964418,-0.3309038828847357
8987,-0.3993488782100145,-0.4214691359336872
8988,0.12736962527482454,-0.21533471280049205
8989,0.5405843066206666,-0.42873140895613854
8990,-0.2974216152055941,-0.14569542284581222
8991,-0.025910765928848483,-0.49380338238804583
8992,-0.09999656769598693,-0.3220474712728176
8993,-0.3073601424591547,-0.5020258261787474
8994,-0.35078066075317943,-0.4077842455367662
8995,-0.6816695745744992,-0.11567293583262371
8996,-0.8857430928178636,-0.20408450025180025
8997,0.1878257261030168,-0.2812634599921815
8998,0.43679164715584473,-0.32752803309478223
8999,-0.37441044131992957,-0.218480121912155
9000,0.8571486502341878,-0.41584790958138096
9001,-0.4546548575678531,-0.48711241379187437
9002,-0.10034980095122314,-0.43341930878238333
9003,0.6394675532955119,-0.40031868400245896
9004,-0.20742864433212502,-0.4728793916111996
9005,0.2355174454614157,-0.5126837996603294
9006,-0.5831778607971193,-0.44374608593540443
9007,-0.7775743930935306,-0.4303936495908732
9008,-0.2789184189060273,-0.4859706470654273
9009,0.7288033540764903,-0.5457625950597786
9010,-0.1867317219642461,-0.5243093140467108
9011,0.4745507695868779,-0.43018384794240333
9012,0.08688973504041678,-0.5068544767515881
9013,-0.5226553158951311,-0.4819843231439929
9014,0.5794208239336115,-0.496476056476342
9015,0.35578169450787933,-0.5379053416124626
9016,-0.10529920540990668,-0.49939821367590587
9017,0.05960562470717534,-0.49821337371366303
9018,1.028881544670797,-0.06450963051885725
9019,0.45369839333918244,-0.16903738221825737
9020,0.5286180004211912,-0.17537989973990326
9021,0.32697737922859255,-0.24949482858932903
9022,-0.2853529887912857,-0.2841422476435358
9023,0.7150914349374692,-0.25611884736247575
9024,0.051228591682025974,-0.31224166293524847
9025,0.034390570859316336,-0.3243766550298756
9026,-0.6020140287506769,-0.3112167755976534
9027,0.2642690650218429,-0.42697934874206417
9028,0.26323091072015053,-0.10578269560645996
9029,0.09292066073937853,-0.18028033313219044
9030,-0.10169740460379069,-0.23288460217853274
9031,0.4008903018211109,-0.2992626295679013
9032,-0.02816576943221313,-0.29018658332802694
9033,-0.7389721045370368,-0.2774500058629441
9034,0.7308767082826586,-0.3523553790732321
9035,0.45669467034353034,-0.29205857721574857
9036,0.7600774908393404,-0.09358378921338698
9037,-0.6756840318493031,-0.12753168149943528
9038,-0.07675352750041942,-0.36786104915502066
9039,-0.6041583628095292,-0.17266658591789857
9040,-0.06637193994484673,-0.3452205040361388
9041,0.07959291265272146,-0.48554221371526035
9042,-0.5277851928551773,-0.36833670316498524
9043,-0.34380216617687226,-0.3997250545658008
9044,0.241096350504515,-0.4100463825250365
9045,-0.06654179091410617,-0.5051817651432627
9046,0.18982225347635165,-0.22908832683800812
9047,0.35938748160394757,-0.4483752937732497
9048,-2.664858523930216,1.6467266579469657
9049,0.5213884117715009,0.2013246277955127
9050,0.27375523005992247,0.054995378453509575
9051,-0.39120591922615927,-0.12558629639556848
9052,2.474918203081571,0.8296607043466883
9053,0.613736236228087,0.7753019454246881
9054,-1.123520688060617,0.29699605434254217
9055,-0.3396735431503141,-0.07880619075100966
9056,-0.18938407719139455,0.1499553384302889
9057,-0.34100153415152,-0.39236067337015484
9058,-1.035697672422164,0.028496182847814466
9059,-0.0972473629656424,-0.13372176560879534
9060,-1.1929281246177372,0.6936951820399286
9061,-0.7222768756875036,-0.16863200934477757
9062,0.9422468419584115,-0.18174114470248165
9063,-0.5589542402575662,-0.3185927235014295
9064,0.5333952198747485,-0.46998749175925736
9065,0.027865956933222746,-0.3142014962607758
9066,0.8715380089765237,-0.47062044200677366
9067,-0.4095655650766307,-0.4172900026082642
9068,0.2199467726437631,-0.521875611866158
9069,0.05865585000293144,-0.5907256274256436
9070,-0.09765765805694279,-0.4278745607498798
9071,0.5198105740155728,-0.495937512270434
9072,-0.015026034961843661,-0.5032602071207588
9073,0.09357027987459243,-0.5492082913633402
9074,0.2181283333062386,-0.5570098800505858
9075,0.27243663716785843,-0.5362973441384321
9076,-0.15259129638691865,-0.499529219071446
9077,-0.12706082081760395,-0.5690354560805887
9078,0.20834786387595822,-0.5136284249792125
9079,0.3067813236109881,-0.5760311307408971
9080,0.13596113586972294,-0.5924401653861389
9081,-0.01550207857769016,-0.4922483132700648
9082,-0.32182426097377675,-0.3980719446271585
9083,-0.015605483716061961,-0.5436960499431918
9084,-0.026010972713769714,-0.546245317578721
9085,0.1711272547888718,-0.5616014804222265
9086,-0.07634802871892112,-0.48481866176676347
9087,-0.1786914852137075,-0.4867898516888471
9088,0.0606275729055939,-0.5830721893464986
9089,0.18646217416636504,-0.5718665114707734
9090,-0.307734146334711,-0.5338591271911256
9091,-0.3396919900737284,-0.488682515515619
9092,-0.08625274401948814,-0.6019258099384576
9093,0.16153336223503095,-0.5706009575276749
9094,0.22523620268677208,-0.5273635031108629
9095,-0.4324517688062561,-0.48374602882865964
9096,0.5365711759476053,-0.550387208257464
9097,-0.5350103180482294,-0.4906915709745258
9098,0.4490609099225915,-0.6194115514918607
9099,0.12425870730802847,-0.5037675503387371
9100,-0.39197587293723885,-0.5173090942766876
9101,-0.09910441002255986,-0.5470496851727447
9102,-0.42734127303224195,-0.43219446242435056
9103,-0.1082374556212817,0.002435034864171008
9104,-1.006694126071333,-0.22765300922143966
9105,0.11510586534660204,-0.3700783967118706
9106,0.2804060242332544,-0.5102941322239575
9107,0.4928563733941259,-0.4676869689697066
9108,-0.10729984045410806,-0.5399899572740713
9109,-0.3104862267350493,-0.5670314573439827
9110,0.1695299688003658,-0.6084393711943469
9111,-0.32567869649211945,-0.5170005902091396
9112,-0.5446412037735011,-0.2754471726640494
9113,-0.3917817693609213,-0.35875906097101423
9114,0.49215578911578767,-0.48451923620008375
9115,0.1257360380989728,-0.5249155348199491
9116,0.16735140338546586,-0.41553114495258403
9117,-0.31980481740203126,-0.42239966133201406
9118,-1.0959373089006865,-0.151317611191932
9119,0.016340992318215574,-0.40025518766613405
9120,0.23935443734208187,-0.45757846230806243
9121,0.12101476140522897,-0.5190791713450018
9122,-0.7396890366393877,-0.31475231614058785
9123,-0.4227904569271915,-0.29861486395097464
9124,-0.020534464951450285,-0.12362295129841193
9125,-0.5119848037336654,-0.17615642019516448
9126,-0.9600881762798791,-0.005489547711637656
9127,1.0559105998950933,-0.18755092929247613
9128,0.645266958396578,-0.32230503350181033
9129,-0.34140378924995274,-0.5081962031112531
9130,0.42944937661062865,-0.46429042820422406
9131,0.3802994826675764,-0.41657636363394873
9132,0.0003529449288706091,-0.399547898879224
9133,-0.18001425813213573,-0.42783128003192256
9134,-0.06458353023959139,-0.537628717386773
9135,-0.24907272202703815,-0.5522803550715283
9136,-0.16735894552729072,-0.532454984011863
9137,-0.08864192649044882,-0.5008966916774319
9138,0.30497430528798897,-0.4933573206899473
9139,0.368648497240573,-0.516946141451857
9140,-0.21262884598645299,-0.5528843881612736
9141,-0.3141972086708233,-0.45455835846068376
9142,0.07360920991745962,-0.4882147390006019
9143,0.12277452029698792,-0.5262094978969935
9144,-0.4319372726633911,-0.5087015682070691
9145,-0.07500438600345671,-0.4792205732558852
9146,-0.46842755106864875,-0.35457001686226297
9147,-0.13724490292509087,-0.2525519943990664
9148,-0.6799998877010345,-0.2030819847229554
9149,-1.0531025145440183,0.08449131021360573
9150,-0.7726780092725472,0.41129797243602595
9151,0.9331138545102228,0.20240968455741826
9152,-0.09208153125587164,-0.29830716583729616
9153,-0.5606701692508471,-0.39816502285611827
9154,-0.6097482800337249,-0.3094453723648709
9155,-0.16800647501452015,0.060469412555369445
9156,-0.2272727354208285,-0.24741946569294138
9157,-0.29443577831158557,-0.3468621522934556
9158,-0.8679115148541033,0.40401654796442027
9159,0.06249292772261447,0.06371681547958415
9160,0.07449226590823937,-0.011062716828789391
9161,0.29029087462662734,-0.3358220171171292
9162,0.06510959286627625,-0.31021279777601013
9163,0.16875482527751628,-0.41106812179470215
9164,0.29263806472788617,-0.36543196740403283
9165,0.35379826794537433,-0.44582966891065795
9166,-0.4852290147654036,-0.31624029106762624
9167,-0.5156471274464738,-0.4295948294924699
9168,0.32289454028680803,-0.5481614380119414
9169,-0.5679271984821147,-0.4167838172917237
9170,0.4310419447580523,-0.44196993799538137
9171,-1.0415988420464612,-0.3867986513640751
9172,0.7799159811729974,-0.5433788581065973
9173,-0.19033929357547347,-0.5779888747268622
9174,0.6585002203782846,-0.6074287014794174
9175,0.260453939290042,-0.4001122118969636
9176,0.30896703166606726,-1.178563642546276
9177,-0.13493370065327318,-0.5417758391047104
9178,-0.1715359128071187,-0.47715122886984573
9179,0.4095425927519685,-0.5897138118445188
9180,-0.014695545817810659,-0.5384520425814997
9181,0.33266765321847147,-0.5434456468082061
9182,0.4548542279050453,-0.47191529732994014
9183,0.24703287463988327,-0.4284044620634807
9184,0.41103433683909263,-0.46688578797237745
9185,0.1218183998881927,-0.5715859049588142
9186,-0.5316995009781907,-0.36060437251982785
9187,-0.24933795281709065,-0.5528808146717378
9188,-0.4391180429848454,-0.4725102366105248
9189,0.12486037978542462,-0.5737360575904692
9190,0.36836602465795437,-0.46814003733034854
9191,0.28389985434764164,-0.5253191921583792
9192,0.16631815432739955,-0.5362647156661521
9193,-0.04048067832759939,-0.5029267245232923
9194,-0.3269392568829818,-0.5410009208689573
9195,-0.47554792771587956,-0.5046716881640928
9196,0.09752335328605174,-0.5573068714333521
9197,0.19225005057978034,-0.5859634096071633
9198,-0.31959362276250175,-0.5200816778567802
9199,-0.38045809081383103,-0.5690096357698744
9200,0.39524278813482683,-0.486330180446878
9201,0.35318085931769533,-0.5497524836843913
9202,0.2944709945141943,-0.6365279042633334
9203,0.3606783532986908,-0.5534024198044178
9204,-0.1899225285733059,-0.4088784253166371
9205,0.1958904442711135,-0.5301303791803473
9206,-0.336218116754859,-0.4986990711203307
9207,0.9136308648700521,-0.49208257809255734
9208,-0.5533649623371947,-0.5518666586201005
9209,-0.4208035408211968,-0.5324869121411485
9210,0.0030187197490234366,-0.5679207826885032
9211,0.15379403171748113,-0.594887123444425
9212,-0.18141618547160457,-0.5780622966945662
9213,0.3946635842218848,-0.6016480960530708
9214,-0.1233424754024812,-0.5599015281008328
9215,0.574644829511022,-0.54523304488458
9216,-0.08308819059369277,-0.5170809178750551
9217,0.2922976855909757,-0.53535327594575
9218,-0.35609966706388113,-0.31635432869568986
9219,0.037500782402670525,-0.5233541537104552
9220,-0.3951074168170263,-0.451685588132255
9221,0.019455603929861637,-0.5315119337493147
9222,0.2621070365586523,-0.49261939048892334
9223,-0.3032819766731728,-0.5640184049150657
9224,-0.5517259571238309,-0.405841259739461
9225,0.13925801890416392,-0.516687780594233
9226,-0.430300176084667,-0.522724440240667
9227,-0.04236171870497497,-0.5449909703041558
9228,0.16222660667596953,-0.5385432466414005
9229,0.6553147564824882,-0.5261558867019421
9230,-0.039826339460054545,-0.5258327354826234
9231,0.08757648752425139,-0.5717835306936773
9232,-0.04562491296522461,-0.5653453084896941
9233,-0.32120986580775235,-0.5400272709648708
9234,0.2449220076928161,-0.5666973008311799
9235,0.31176796451848904,-0.585516860420818
9236,0.05170848826480696,-0.5604616025038331
9237,-0.3767057549436779,-0.5298115779644964
9238,-0.28024762319533597,-0.5273931185694265
9239,-0.16962745421638759,-0.547375087265648
9240,0.261152684230614,-0.5509443808535835
9241,0.27903504719608163,-0.5994085388195471
9242,-0.14420478878680107,-0.5618230060693624
9243,0.33580703181058275,-0.5657649229192374
9244,-0.21627031689503165,-0.5610552505150385
9245,-0.2798955599958347,-0.551322285246517
9246,-0.012738968710630868,-0.5665071225973362
9247,0.14208136649016606,-0.5398361733373267
9248,-0.2195349855444057,-0.5547027686888394
9249,0.25863618046139125,-0.5822278576486577
9250,-0.03214708228282712,-0.4908682098218029
9251,-0.32493660388426404,-0.5649108445388944
9252,-0.07740303103753297,-0.6141166309037819
9253,-0.0797326830786525,-0.522106454158612
9254,0.1344098426514325,-0.43699979919623
9255,-0.326757649723601,-0.5235797635927599
9256,-0.3755652378440336,-0.4038196608309735
9257,0.6437198290506094,-0.49579528942557166
9258,-0.32086692933876976,-0.48640367788454825
9259,-0.14169132715201305,-0.5507314979178125
9260,0.2556145662936423,-0.5734228547257014
9261,0.150666882064963,-0.5701943823534878
9262,-0.4246176816140126,-0.5395046837703142
9263,-0.358293742663668,-0.43736155111153396
9264,0.17701196666794708,-0.5901965531310392
9265,-0.10424955214067504,-0.5426253205409403
9266,-0.22468239515824384,-0.5973642889843277
9267,0.5930594757930744,-0.5906149429282027
9268,0.23246384875426235,-0.6175740246085116
9269,0.14738972587604054,-0.5832366045527363
9270,-0.22577358616362078,-0.47127473462747915
9271,-0.20863049389164617,-0.5906093410450537
9272,0.4263987951439823,-0.6195108743280702
9273,0.2744967191540521,-0.6076266769292189
9274,-0.24763347041960285,-0.5393894007410727
9275,0.2109668627671054,-0.6051467019014531
9276,0.13215559766347354,-0.5861586681733875
9277,-0.006716351069779481,-0.6225876398885757
9278,-0.1515199859624292,-0.5571054910262375
9279,0.10912622518995412,-0.6073434177350284
9280,0.1571950803269521,-0.6120710071894291
9281,0.16188280997316704,-0.6205831143270312
9282,0.17289790342156156,-0.5606588942920534
9283,-0.23622917435961835,-0.547225602138728
9284,-0.00019963530941546946,-0.5850777449437441
9285,-0.04163208081850121,-0.5726368149203733
9286,-0.26727996171902163,-0.5958301104498348
9287,0.2049114534020705,-0.5944803032448567
9288,0.08120693574669939,-0.6011944603586132
9289,-0.006875635300374612,-0.5803614637874468
9290,-0.24711142608827832,-0.5521786207661469
9291,-0.2901727089570344,-0.5348373548279922
9292,0.17723543952077733,-0.5811120976905775
9293,0.12051983012760653,-0.584877821797207
9294,0.14397298236993425,-0.5868317958147177
9295,-0.3430512932109924,-0.5579516235732329
9296,-0.12876132789417233,-0.57318372886949
9297,-0.29157983025670237,-0.6021860242911454
9298,0.10871447019239858,-0.5606914104696894
9299,-0.16598875509398017,-0.5708724215867542
9300,0.13465997280103661,-0.6037168219543332
9301,0.13457414135695148,-0.5865226844883424
9302,0.20156272817844378,-0.5659445681253787
9303,-0.34516512710189523,-0.5662175726341613
9304,0.03661682969924073,-0.600252613683866
9305,-0.07987540113427141,-0.60073189922199
9306,-0.07827854374904396,-0.6127645859531475
9307,0.1095302965676987,-0.5991946566389006
9308,-0.2048459329965287,-0.5214589359895051
9309,-0.0018549318681498157,-0.5892280143787931
9310,0.386066953452171,-0.5069254223674514
9311,0.16038836303732484,-0.45494254104075893
9312,0.12613781793301035,-0.5389678373766567
9313,-0.004141928080919499,-0.5695663264722616
9314,0.03361585348009086,-0.5952911340482433
9315,-0.005416875503360853,-0.553796461180291
9316,-0.2836108342129935,-0.569824689931161
9317,-0.05349193195694791,-0.5817378070205471
9318,-0.17244495277708144,-0.5744759993305891
9319,-0.25741015681375273,-0.5140354710250552
9320,0.47858802378989673,-0.542092235275206
9321,0.06371925607092663,-0.5022235048733484
9322,0.175075817567993,-0.5682263246234789
9323,-0.08493766471424066,-0.6132576606856088
9324,0.12403239799984887,-0.5718966849604504
9325,-0.6651573045125463,-0.4464956181487257
9326,0.19830780489375224,-0.4418477429268952
9327,0.31770984813718023,-0.5112462817908558
9328,0.4134531836732499,-0.428212457642479
9329,-0.11496455700402546,-0.5527733718457934
9330,-0.15564732814809273,-0.46142040803535
9331,0.1504624927921424,-0.5872800825540151
9332,0.2103208024897267,-0.5462288771885807
9333,0.28451219887222967,-0.5426347028653832
9334,-0.1972561376221744,-0.49936500428783487
9335,0.09050871611921295,-0.5059499776872158
9336,0.4712667580881696,-0.500421882537282
9337,0.5271460277345861,-0.23893378871202786
9338,-0.018629563330805513,-0.4231144685690188
9339,0.8904112140264586,-0.14537203308704727
9340,1.202488319502615,0.6085464311473567
9341,0.5611461901544763,0.5977523052962663
9342,-0.2723104393794988,0.09595544477483016
9343,0.09196084639861148,-0.1855108249315039
9344,-0.7666342078315947,0.06301851637403552
9345,0.699654306579067,-0.2960389712614826
9346,0.20196154263169855,-0.23168891963952304
9347,-0.3680292411162653,-0.39229436217582153
9348,-0.1868767397886172,-0.42955096123422926
9349,0.35099454245928247,-0.4087738594840151
9350,-0.2244059562629888,-0.1878700538108024
9351,0.3194078788552905,-0.43870223057941105
9352,-0.24529952288856952,-0.2816741125327291
9353,0.480452245700955,-0.48273843915072556
9354,-0.5369659436647789,-0.43237736375690644
9355,0.27893647032147695,-0.47495961118273494
9356,0.1505929394193184,-0.5005458463828844
9357,-0.20657175387747598,-0.5294975852498768
9358,-0.33903747831737685,-0.5151534442237719
9359,-0.7790144538305003,-0.34542442755054165
9360,-0.5975319950286252,-0.34316109159161284
9361,0.3012234756792906,-0.46192464332178634
9362,0.3588775622535988,-0.4976992863733909
9363,-0.17401382009437055,-0.5610500860245881
9364,-0.3836369870809611,-0.5687115442199212
9365,0.5735338037431481,-0.4925298966423419
9366,0.7383609035739419,-0.49172132971209315
9367,-0.27362353612356183,-0.4954054322822808
9368,0.29255179678617405,-0.7065912921297993
9369,-0.39421201004172235,-0.5315822045553092
9370,0.786896979181767,-0.5946833517270758
9371,1.0233967502700805,-0.37460861043280236
9372,0.7142932029772957,0.3275573391511037
9373,-0.8285084469656115,-0.3020542938422671
9374,0.8433086413890897,-0.18858429941904614
9375,0.005451781482740383,-0.3218541574761066
9376,-0.3470032584195306,-0.3863833639368073
9377,-0.23686521758304968,-0.5381122794995492
9378,-0.40935918761930934,-0.16485960766441338
9379,-0.5743071126452098,-0.36168146101618304
9380,0.3481042628920247,-0.4853091184061322
9381,0.11296675491514227,-0.5544121741756874
9382,0.13738870918940435,-0.517796033058983
9383,-0.7804732796506235,-0.4383613738329587
9384,-0.49202092315197915,-0.38452040840300916
9385,0.17211545168700257,-0.5350900555455389
9386,-0.42883324441099885,-0.5317702528545728
9387,0.41812905975274595,-0.49982782937078624
9388,0.27512620419950357,-0.5624289895047594
9389,0.11709229591932811,-0.6072698067260152
9390,1.222904084203238,-0.37794797234893057
9391,0.15997936857495218,-0.46239921322539945
9392,0.3853298291566032,-0.512401897089726
9393,-0.6858539620307429,-0.4520484369519193
9394,0.0998511699999799,-0.5302830765412865
9395,0.7500395727212922,-0.24292957442517266
9396,-0.28720508994369043,-0.4759374301502942
9397,-0.5930185657455477,-0.4554750746832229
9398,-0.006320337618824555,-0.5234716592362126
9399,-0.30339532992454815,-0.47093007362043565
9400,-0.19961230229544236,-0.5133820837289309
9401,-0.06004047607240587,-0.5710789627213387
9402,0.04742291121533665,-0.5829457534389875
9403,-0.12560304242377898,-0.5578356296527827
9404,0.20299882393161117,-0.42306466257592473
9405,-0.30364785388654947,-0.5076705775131637
9406,0.06515981822717616,-0.4669895527802
9407,0.17235792699049593,-0.5690376799671572
9408,-1.0497470289809874,-0.37199252694895973
9409,-0.11305885324319674,-0.4530684312970359
9410,0.40116366140163867,-0.27913198523507454
9411,0.07385476262599769,-0.5213790100757763
9412,0.1009907799546027,-0.46103925653726935
9413,0.4794074842537353,-0.39644238672521476
9414,-0.4457781862934988,-0.37836531827009073
9415,-0.012507505918245718,-0.4848172729297504
9416,0.37307976927225767,-0.516625307144177
9417,-0.07582591565903458,-0.5213023287819087
9418,-0.3812982414106117,-0.49727510632624156
9419,-0.2500791088725931,-0.5268714398216634
9420,0.12588202655027278,-0.5018060614075511
9421,-0.2737268814837632,-0.4843132828107545
9422,-0.07395238965905489,-0.37589188158389863
9423,-0.1939750124988738,-0.39100731325876315
9424,0.27936477506592294,-0.5321186506391165
9425,-0.2941563401935707,-0.4965701901491214
9426,0.06583372723770566,-0.47097737624006064
9427,0.27543313606233427,-0.46397110047204304
9428,-0.023366093050176076,-0.44540777331581066
9429,-0.34940929489264283,-0.5351269670760646
9430,-0.5645395106770367,-0.47228946325421656
9431,-0.4962942105166479,-0.24071159301240663
9432,0.2715520909537742,-0.4021280336152437
9433,-0.31172416279685494,-0.4949212539707721
9434,-0.033365795324193044,-0.4858443488004918
9435,0.6708412877511535,-0.17330183917431213
9436,-0.6950910427865041,-0.3136492843446381
9437,1.6988169189380442,0.15854374507754837
9438,-1.2545309895712082,0.14191919058269709
9439,-0.008139711801593553,-0.3583527444780674
9440,-0.3488617679565806,-0.2823341301411435
9441,-0.08438596961300701,-0.4569947897313499
9442,0.7390887450227198,-0.42933205636593347
9443,0.1473027846150198,-0.3647829808038328
9444,-0.30900054665379745,-0.46317937116638663
9445,-0.465448242721408,-0.25207216064792815
9446,0.1089167059965112,-0.2921843751787927
9447,-0.7539977035596443,0.35681409872011566
9448,0.43651776748105114,-0.366398616147849
9449,-1.0239176631910283,-0.26838000744826007
9450,0.39088151171035135,-0.21086953555103705
9451,0.10968850779318272,-0.4788881308121361
9452,-0.36283691417170444,-0.3624380207960552
9453,-0.06650376396061629,-0.4430688224911296
9454,0.30269724085300276,-0.52044957063113
9455,-1.54972952141395,0.08534514613233987
9456,0.6326579998395432,-0.35702348722862287
9457,0.7770599347840133,-0.41636120087881445
9458,0.2892626894148731,-0.3674968912080406
9459,0.45806108165090526,-0.3939908057498516
9460,-0.5468514877794796,-0.4485054150345278
9461,-0.1349648961367635,-0.25404718356445133
9462,-0.7602640138245499,-0.32962920045241445
9463,0.07793462379866609,-0.4378499830285056
9464,0.066985882438431,-0.4838575758515442
9465,-0.4352944017981644,-0.4888396713242695
9466,0.15044574042587144,-0.47791814040601116
9467,-0.7689397403451906,-0.30678601185574683
9468,0.9876465498853193,-0.3964032287707817
9469,0.33618299703404875,-0.447611542871787
9470,-0.37011809998995404,-0.3987737447031272
9471,-0.43266234424305366,-0.5112098997779514
9472,0.601735265222773,-0.532279649564628
9473,-0.17635968203607105,-0.5793119980602099
9474,0.5077904606764965,-0.506272146877559
9475,-0.07001200915321734,-0.5429565405481308
9476,0.1430324223273505,-0.5393131745913803
9477,0.2743928763913592,-0.5347765607144445
9478,0.2597018488991697,-0.39076380178119136
9479,0.4600092663894903,-0.43381255081148545
9480,0.16101280317475375,-0.436381538607771
9481,-0.958777108881655,-0.05498638173982343
9482,-0.3684484246887946,-0.4370200783350758
9483,-0.4584843106548243,-0.5087840548085666
9484,-0.43448791540670434,-0.46899609997751157
9485,-0.25960270986045364,-0.4861285965948331
9486,-0.2508022443206553,-0.36296719646062975
9487,0.8052995450710116,-0.24514937997936814
9488,-0.815762530327558,-0.16275799574325323
9489,-0.013969308996470552,-0.5130854323270492
9490,0.31924506695023547,-0.5683979186525228
9491,0.4565238942126197,-0.4986270668715901
9492,0.17977304858511192,-0.5369222170870904
9493,-0.11248820630175649,-0.5542106926905048
9494,-0.352426439423259,-0.5267022163395706
9495,0.06846145620244125,-0.6003500339219178
9496,0.41348719111683874,-0.5584080558213564
9497,0.1070070006688873,-0.6035733147088389
9498,-0.19387179688121292,-0.6008092259114798
9499,0.3820890547681513,-0.5727877432674413
9500,0.1260740319983339,-0.5617088819201485
9501,0.05438950865993892,-0.569881016065681
9502,0.07420831675009687,-0.32947628718401295
9503,-0.33814635518727143,-0.3350654347940184
9504,0.4229552724582036,-0.42592912051159526
9505,-0.15546830677132392,-0.5150489447824994
9506,-0.40243165662737646,-0.4796449213015762
9507,0.19382745250483918,-0.4539851324655777
9508,0.2562272927419719,-0.5141180679716418
9509,0.5177650698007833,-0.4345657856322212
9510,0.30687652043656655,-0.4131475106916661
9511,-0.37738273906522757,-0.4373865791069972
9512,-0.4260041183094078,-0.45932550467774774
9513,-0.020141689869650634,-0.5198141834711095
9514,0.327729495297357,-0.5267264700109426
9515,0.20717939259736215,-0.5418115379724111
9516,0.2580001270789619,-0.4776455234443333
9517,-0.16308604383690667,-0.45099834474274386
9518,0.2884779829239714,-0.37542242259429653
9519,0.20079810901294232,-0.3856716726099348
9520,0.7752659486907084,-0.2814371268875602
9521,-0.08784330901942296,-0.4962365926419536
9522,0.5516150963773416,-0.11905727164073086
9523,0.12442126228252619,-0.41542231451048883
9524,0.013422189834226099,-0.39234206698506685
9525,-0.43620254266243336,-0.42713881160376255
9526,0.29979624270489236,-0.47712897438637075
9527,-0.38254691236197574,-0.48642346118326535
9528,0.20481918126674303,-0.4599985769650759
9529,0.6842009616203704,-0.3976564371712341
9530,-0.41226755467916937,-0.4864974846918458
9531,-0.019111105821642032,-0.4649118503144442
9532,0.24974353051776624,-0.36357388395727774
9533,0.06443162742600056,-0.2008264627457308
9534,-1.1730917981041595,-0.059345756824009194
9535,-0.45256219803817205,-0.4356304394365748
9536,0.5516386583318924,-0.4569637769932899
9537,-1.1397232661649839,-0.14243032834675295
9538,0.2563362074338512,-0.4565459878794233
9539,-0.5483486588300539,-0.4349182107571589
9540,0.20618382358231277,-0.5112663787637904
9541,-0.14806751850494798,-0.48075025114046943
9542,-0.403172897655212,-0.36716767002301126
9543,1.0708968769963008,-0.43223687283324014
9544,-0.25432708430143147,-0.43415446055062445
9545,0.22607608475464913,-0.544425324657671
9546,1.5183037330392115,-0.284207413621012
9547,0.30349919798440206,0.18263539980383742
9548,-0.4282294136768901,-0.2784568754979509
9549,0.6477427509541178,-0.1783737973486354
9550,0.39638382697634356,-0.4080004432032971
9551,-0.25007634776248194,-0.4467887943986951
9552,0.0020207166493222944,-0.4816321185265072
9553,0.43702252823822635,-0.4399722961044923
9554,-0.6472517892353776,-0.40043627663685016
9555,0.013616498196840942,-0.49081980113557144
9556,-0.6326398371792592,-0.4657275593734453
9557,0.129151497449815,-0.4321465926425663
9558,-0.30965467734601787,-0.504656200899259
9559,0.4451600674967189,-0.48211560076649984
9560,-0.4184064050169063,-0.5053561193927211
9561,-0.7640387044428062,-0.42103981171924865
9562,0.47562876767758744,-0.4663856974178448
9563,-0.01893027151116381,-0.4827643413926371
9564,0.46394426780213344,-0.4114922054439394
9565,0.008860956241924237,-0.4758704267767338
9566,-0.1671763268679427,-0.4713998700966347
9567,0.013172198450300555,-0.5822639092338147
9568,0.2358234332872469,-0.5806003001875458
9569,0.02681513975693606,-0.5818660836683794
9570,0.06076965073959404,-0.5375037004277342
9571,-0.40001345344529365,-0.5373476886611582
9572,0.3541685607499366,-0.592452225214972
9573,-0.04852358256120823,-0.5721953238277799
9574,-0.3472612817174664,-0.5274119524570952
9575,-0.17105290270161733,-0.5388102754388598
9576,0.23836739846997365,-0.5952761612936708
9577,0.13555516840315138,-0.5113028354740279
9578,0.5810187479045255,-0.4553216809327775
9579,-0.9840049954011145,-0.4743048648695676
9580,-0.15395456899515494,-0.5030029732499487
9581,0.23804879788039884,-0.6029885636210385
9582,0.3560846991961255,-0.57937153070598
9583,-0.30886302258343057,-0.5228954969575177
9584,0.252632114612146,-0.4898083978810536
9585,-0.30195729998989845,-0.41379302454719186
9586,-0.3946134380660646,-0.48061864836676793
9587,-0.053552811762290334,-0.5035153436878319
9588,-0.25509624724119767,-0.5360565835376442
9589,-0.02095592940603388,-0.5399526577626927
9590,-0.09483767526211406,-0.5838442655614058
9591,0.07362039619574288,-0.5154005949456277
9592,0.446994108801708,-0.5640710778855147
9593,0.3799201113012102,-0.5148663081551224
9594,-0.0677280584970371,-0.4817385470338534
9595,-0.08976693277022364,-0.5481151488329044
9596,1.9445975391196348,0.2546525940919372
9597,-0.49356650678143227,-0.04857042180332907
9598,-0.1814763049742881,-0.3919463153132217
9599,-0.08266887792613017,-0.43652703128644516
9600,-0.15344750918382455,-0.5089201294760151
9601,0.48921488509985017,-0.5188005081066527
9602,-0.4122028755617409,-0.4264875742094991
9603,0.20112548679597705,-0.5462126615770602
9604,-0.35445998881775104,-0.5410959000903879
9605,0.28421838936443394,-0.5080060665477983
9606,0.0898713935132845,-0.5666748313037102
9607,-0.03326207527696811,-0.41724304341651325
9608,-0.017085562019167555,-0.5563611777677283
9609,-0.3177511517563482,-0.48529508168810176
9610,-0.44046092893577427,-0.4282198662976732
9611,0.17613512949817012,-0.481965013213563
9612,0.15451527481493674,-0.5223064554917479
9613,0.18646013838064002,-0.45638777905807143
9614,0.11387585743206786,-0.44351935994202807
9615,-0.03322598477826622,-0.5165410911772859
9616,0.48942489538582123,-0.4123007867218526
9617,0.12978763378526853,-0.3962189015268079
9618,0.3183663306096723,-0.25670481097387393
9619,0.028153194338500304,-0.17018012653038778
9620,0.20627168862178152,-0.33432781634603304
9621,0.07657185127277454,-0.04359643939399365
9622,0.8807606751294842,0.2870183216329497
9623,0.2749385543941763,0.05586246732459793
9624,-0.023552971696428626,-0.09605754238807437
9625,-0.5124701392878083,-0.11750274542531429
9626,1.0459803930415894,0.02871135368935642
9627,-0.6066381967579539,-0.15388223149445218
9628,-0.3228031193359511,-0.0032931499222980977
9629,-0.6967940331091231,-0.03969605416366401
9630,0.18539699003548274,-0.21302250232758002
9631,-0.9145980712898092,-0.021707089765889268
9632,-0.771884875499271,0.1758520760506272
9633,0.6784687156262873,0.2017037434783409
9634,-0.29076248465470783,-0.20080140411251607
9635,0.8353136008730605,-0.35410452940049963
9636,-0.30183516182520037,-0.31918932851131854
9637,0.45953968002106577,-0.4446723905053837
9638,0.3634841272360935,-0.3554728110225709
9639,-0.04146000632738668,-0.3364229000211932
9640,0.183304881709703,-0.43785089564638924
9641,0.2735761804884565,-0.39535870603867723
9642,-0.419655098608297,-0.44054031258992454
9643,-0.5745701909847584,-0.2472429409681171
9644,-0.04232830211217642,-0.38582729642852037
9645,0.1357528449129095,-0.4023045936548851
9646,1.3959334747957166,-0.06332703601851183
9647,0.25962770783829325,-0.3452108814912829
9648,-0.6325213372079364,-0.24387497406075803
9649,0.3643376967154269,-0.3395505900082899
9650,0.4168875213300505,-0.4167534492837247
9651,1.8257714499431563,0.2421963226324928
9652,1.707678687191788,2.312697384566994
9653,1.0074576785451697,1.506555414890576
9654,-1.1082675604524155,0.7214227674656658
9655,-0.7432613631827114,0.0671533989484824
9656,0.498728924726837,-0.05233117732544296
9657,-0.7107004760364308,-0.06525507658673466
9658,1.0522381326254384,0.12555407435706983
9659,0.2999137511545087,-0.24830721393310962
9660,-0.4574154756725753,-0.29925796132373245
9661,-0.3510730404879532,-0.2512666427801675
9662,1.3686597150704785,0.10920071848694198
9663,-0.6694621768749098,-0.3269593883313659
9664,0.5247851998361232,-0.46977860463284715
9665,0.23980549776978183,-0.3410558886031385
9666,-0.4453667013936161,-0.3530414229829872
9667,0.13896479769379583,-0.3739082612579753
9668,-0.3331647398468631,-0.3916204486050085
9669,-0.42519259969303524,-0.4091915845607168
9670,0.3310864439759646,-0.3950956224634826
9671,-0.6975503666670781,-0.3859094041085314
9672,-0.4161392472801029,-0.24886219168851603
9673,-0.3961322257926941,-0.3204497853878256
9674,0.48135698960048934,-0.4628748339737793
9675,0.36420145656432473,-0.49083261829083474
9676,0.3729879939540867,-0.44221513537312196
9677,0.17432709172261254,-0.41428159166467754
9678,0.6235024508643165,-0.3396018151507767
9679,-0.22984818280651892,-0.3819728107733019
9680,-0.24832793686401164,-0.4718286225231302
9681,0.21046226128996895,-0.4888561515962428
9682,-0.2316087885327512,-0.5221557836869924
9683,-0.19173755097944864,-0.45346045609995506
9684,-0.25536879793455375,-0.44650581886566726
9685,0.15008878655376973,-0.5263342753702009
9686,-0.5981642107219173,-0.414376143651211
9687,0.4509750048639754,-0.47898631321806373
9688,0.5070203133876658,-0.46905861170293356
9689,0.09467506922068498,-0.5122196379664392
9690,-0.4305637482710512,-0.4417767970068397
9691,0.16597488767722754,-0.4609896096795569
9692,-0.36368145376777194,-0.46927850645386876
9693,0.26190587109150176,-0.3673950737055032
9694,-0.062376428809117083,-0.43857370669497114
9695,0.4113608184876045,-0.45314427614058705
9696,-0.5089625773759378,-0.41482126809422054
9697,0.5616958860530165,-0.4001004361364803
9698,0.801690899133992,0.007393437430259126
9699,-0.019979283506384674,-0.2345952877488054
9700,-0.10924841985672003,-0.20800397443443025
9701,-0.1828428230965374,0.0031587787800012312
9702,-0.15490924848113993,-0.3450786580059615
9703,0.5448660989876282,-0.3916241872329701
9704,0.4414410113509932,-0.3678978490754122
9705,-0.23947801123319123,-0.40281161197737464
9706,-0.3481938572505584,-0.4072009455037104
9707,0.07094374905344163,-0.4040489106263258
9708,-0.2618833740227723,-0.36992242409952164
9709,-0.2192416657235593,-0.4541457254128893
9710,-0.5538766578040124,-0.27594958190418195
9711,0.10351391413159895,-0.4908955876249422
9712,0.15408080061864537,-0.44056020067418616
9713,0.36612312230108407,-0.4453854173042829
9714,-0.2952221014894434,-0.3459979044448139
9715,0.2605642694336001,-0.5853522667154909
9716,-0.1567655241829651,-0.41543173945115575
9717,-0.15330988449622948,-0.5026190895842279
9718,-0.6263296955929462,-0.41024496348824946
9719,0.3009252160742629,-0.24503066677158902
9720,-0.4434813088367708,-0.31733951696614315
9721,0.288517079056552,-0.45557774371235954
9722,0.19428942300078017,-0.4346156580610238
9723,0.5741807199338944,-0.4687061564275631
9724,-0.7806704790106592,0.04565230564410767
9725,-0.23273360348142627,-0.3204577629625464
9726,0.44702935341802696,-0.13756952254627547
9727,-0.8968470115465533,-0.09317923855245555
9728,0.5564765437562711,-0.3657933676839381
9729,0.5503926709259922,-0.49781912832223524
9730,-0.8749203380107977,-0.31423325752401976
9731,0.9696530548033326,-0.3488824235300652
9732,-0.5175437919776161,-0.3013887647508018
9733,0.5338828729053438,-0.35603574586690495
9734,0.026887054975785706,-0.40835145588985305
9735,2.5819104294510677,0.8981210787511187
9736,0.9463710515412543,0.7800623027472503
9737,-0.09237821619392644,0.11718957850026097
9738,2.0157001651376474,0.866940508875105
9739,0.005817999979592989,0.324162642498842
9740,0.7163067603697315,0.05999262494783762
9741,0.4708356268035023,0.3489493752639452
9742,-0.7982523740545004,0.20744381908968684
9743,-0.49466657145174525,0.3511566395298654
9744,-0.5921240111968955,0.14055414817514494
9745,0.9721750730104951,0.011073235387620069
9746,0.8126311396523972,-0.11878983312927151
9747,-0.8864112064694829,-0.2205082941262187
9748,-0.07621822949041039,-0.317502253164122
9749,0.04898679471272757,-0.41614074114891597
9750,0.5375744334836111,-0.2593521455260978
9751,0.017426969959759845,-0.44572630613669123
9752,0.3405398891926683,-0.3753807325151026
9753,-0.04322349332646092,-0.3402761406906985
9754,0.5722707684471329,-0.3188144391209477
9755,3.978794398101092,5.724232233064141
9756,1.9494381652218475,1.462015527949692
9757,-0.19390825859433586,0.984719580965223
9758,0.0005033002042540357,0.3936780047209874
9759,-0.1258971554058255,0.5821109371841956
9760,0.3528160946134614,-0.22659217799937942
9761,0.43039069323388096,-0.2045218112298819
9762,0.17354276824939052,0.12735632266397423
9763,-0.8498121608067484,-0.0320758525933036
9764,-0.2757558063305787,-0.023769887383592526
9765,0.8929775373307192,-0.14343176023160364
9766,-0.5594704026185875,-0.14959346759072456
9767,-1.45005123385345,0.39541628662617523
9768,0.17929651920925457,0.05762661894812733
9769,0.5960981622214634,-0.3312063032089323
9770,0.6438866040589881,-0.0558843613641577
9771,1.2519478646178632,0.07991977647464595
9772,0.05426796501666171,-0.17709046462685185
9773,0.008069608286997328,-0.11685707323153263
9774,0.3766723517620612,-0.1670878525317489
9775,0.7397978296779005,0.11312054931147611
9776,0.12800781721561125,-0.08168775151329069
9777,0.5532473033735191,-0.057005158787680976
9778,-0.5634613398928185,-0.03145393983563701
9779,0.15972618241842895,-0.3747515545661961
9780,-0.049151147764971946,-0.3298820490389785
9781,0.492674988160276,-0.31580515741052695
9782,-0.80191863400984,-0.09428327776921583
9783,0.06152507521934131,-0.38953525345204953
9784,0.15015971177561738,-0.043582624149598646
9785,1.0367076982158603,-0.04467785345372521
9786,0.8780358994201785,0.3034110194178058
9787,0.4092962110550367,0.24998561668184288
9788,0.8800378718188557,0.8130348227486937
9789,-0.6841240728463635,1.201388281440104
9790,0.5566146381792095,0.3565236981442428
9791,0.10377831326165862,-0.15789057391920291
9792,-1.1281389809275029,0.028634290486023624
9793,-1.3308972442104978,1.0067632213798754
9794,-1.0488949814422102,0.8386976661102303
9795,1.7594890410891313,0.19467030953904896
9796,0.10129496951085165,0.34828285961385697
9797,-1.2829256836540754,0.20193565439734656
9798,0.60072016542255,0.21984250953495382
9799,0.6852015441772565,-0.17282673109478508
9800,0.4211920689419493,-0.026366002988066125
9801,-0.055319000823151505,-0.06322356643043124
9802,0.14768183413435318,-0.23447781984959443
9803,0.8249124178584457,-0.007106985002009552
9804,0.5533708661567334,0.33648122765595706
9805,-0.0852589535432001,-0.011526858939293508
9806,-0.3272307536317242,0.11208521400672723
9807,0.6729875836555611,0.009958399242280775
9808,-0.4727659214285003,-0.2078054765011056
9809,-0.09273346436115286,-0.12358995098978375
9810,-0.9331530468435159,0.3592707650476918
9811,0.1714193884504667,-0.027192793468558824
9812,0.05107564319611761,-0.05242377482676264
9813,0.08289416895990082,-0.07709021817831972
9814,1.1732655492275263,-0.07323319583988841
9815,-1.3869277235734832,-0.11418878427405593
9816,0.37183648200802605,-0.244027495009547
9817,1.6171835378993307,0.6348382171657495
9818,0.6046643869260744,1.3210262383673619
9819,-0.3112609474825091,0.1236427175223309
9820,-0.5741912406909155,0.6783431946581633
9821,1.7063031009485388,1.2466225299993217
9822,0.06559999906159608,0.7642943922455522
9823,0.7759239763360076,0.2928936319444015
9824,0.41858498399662336,0.7776627718698939
9825,-0.7918117249350126,0.5449539161705502
9826,-1.2296326425780224,0.5864762273831978
9827,0.11055066868120596,0.14640729925281348
9828,0.38646341514833216,0.9104987305149157
9829,-1.3199098324645573,3.644525413136991
9830,0.8250938441424145,1.6728874192817356
9831,1.1674895972145538,0.9693605675797317
9832,-0.23366786220338834,0.06924630497843974
9833,1.1028513429006068,0.6645103598772325
9834,0.2697431618644621,0.24090183082070465
9835,1.0152837128691976,0.048018372642383025
9836,-0.3737233262909353,0.014642626709214127
9837,0.7813411429927859,-0.16703597777940615
9838,0.41849963884299296,-0.03883258444179745
9839,-0.9963426626598937,0.07582930736315867
9840,0.8356090869341704,-0.17888955503629916
9841,0.1968780414975378,-0.40039021640236355
9842,-0.38555863718543865,-0.22874255534540539
9843,0.23857836274457928,-0.23289560707001034
9844,0.05890576619565324,-0.3767018362212704
9845,0.6772402201278704,-0.14614023004588728
9846,-0.58232678611705,-0.22299332236371083
9847,-0.457875158720421,-0.14679388296900497
9848,-0.8215742545409874,0.1187890696224169
9849,-0.8890571765425238,-0.06902933936230961
9850,-0.4710213650517175,0.0554938244923605
9851,0.7993132057072191,-0.24448445129719032
9852,-2.515865897593814,0.5928885912326557
9853,0.9425166611580571,-0.0183464751640854
9854,-0.9247694172916407,-0.17543797735611966
9855,-2.103310985494741,1.5164290109344263
9856,0.6614323371274191,0.3488163352558398
9857,1.0912088280391352,-0.06628573020071023
9858,0.9090389946500894,-0.0715935096992825
9859,-0.10975005437326783,-0.31739949063993356
9860,-0.12921581482541739,-0.32847865293024026
9861,-0.023501346641268746,-0.40995436878373315
9862,0.17469709634701344,-0.31839278501189855
9863,-0.23379079820786042,-0.3126328542353086
9864,-1.5204431706349306,0.38311166606669356
9865,1.286174537865445,-0.23145835725889147
9866,1.7977350861857455,0.5798162438863249
9867,0.4530957071552695,-0.23123106650294117
9868,-0.07477842527929772,-0.2334855447357922
9869,0.1721031607278923,-0.36249362221448295
9870,0.5694961711328979,-0.1599961984924817
9871,0.2592884843808657,-0.3697279352784174
9872,-0.16944537333114984,-0.29642721020523133
9873,-0.7128168573634815,-0.253980941007195
9874,0.7045772607065477,-0.42355283208777184
9875,0.18715969937945567,-0.4795623119797793
9876,-0.3668607466775874,-0.4481184173117802
9877,0.18894612168467698,-0.2113024348934514
9878,0.29283962546837866,-0.2744520505250311
9879,-0.24696177620591822,-0.3592872786649541
9880,-0.28378080845860215,-1.6641374503963289
9881,-0.5566721325237358,-0.05234885548138981
9882,-0.6535614202112772,-0.13040298089978053
9883,0.7764650288510027,-0.13708811880622457
9884,0.055070855126579096,-0.39611132976923447
9885,0.12641138366723045,-0.4433934838747966
9886,-0.31435824565438475,-0.23506147302836794
9887,0.6854709519263905,-0.4961169694072942
9888,0.5563778297425619,-0.3705663872940465
9889,-0.24993686467365825,-0.4785492115443385
9890,0.3281795167470621,-0.311261909386455
9891,-0.2879091922290252,-0.38208002427332094
9892,-0.6898338330779992,-0.3849227579613095
9893,0.1977674559697212,-0.46040417448215876
9894,0.1859847737315981,-0.4152012327430559
9895,-0.21534461222608411,-0.4957169917508289
9896,-0.11711782852980461,-0.367718290073053
9897,0.07990144360011464,-0.22889455485323162
9898,0.05927673832462923,-0.43910981902033885
9899,0.2870121933515955,-0.3065958397322415
9900,0.6957702186570363,-0.4048160655423074
9901,0.15553428708369846,-0.25874488350743646
9902,-0.492791618699,-0.36520484452257085
9903,0.11942778615554805,-0.4213859079814783
9904,0.5925614939222054,-0.46032293698651205
9905,-0.17649142698319734,-0.33134116523265816
9906,-0.4607382404562266,-0.3474537663867851
9907,0.15892568877166766,-0.5235637656102999
9908,-1.0258005257609095,-0.10048330153223654
9909,0.15303641564265366,-0.34302134090860087
9910,-0.4304339165612729,-0.18230577753749877
9911,-0.667070474985591,-0.08805102368267168
9912,-0.9131773970347916,0.1227616815265574
9913,0.25046438640123886,0.5813303857517479
9914,-0.3848054093695653,0.0057728145919741965
9915,-0.9084257650182624,-0.03160856272108923
9916,-0.15181669638369652,0.1213968465421802
9917,1.1440810367990037,0.039738762824662745
9918,0.7577767535179759,0.1990502464801288
9919,0.03356781679535907,-0.3875316422862301
9920,-0.957920197732953,-0.21925659066637165
9921,-0.717911394457427,-0.25063460840510976
9922,-0.7828696648544818,-0.003957185486957955
9923,-0.5151019372472072,0.3701625699922588
9924,-1.2926374850788533,0.8083546729508161
9925,0.4599165477878747,0.227272381895323
9926,1.2312784268694321,0.23676190727239904
9927,0.1814553069075405,-0.22281367723603251
9928,0.10359087690126031,-0.434629692974132
9929,-0.5933967608414096,-0.3130557052000576
9930,0.8431499809470858,-0.3347137237931515
9931,0.8097654560599397,-0.4300409221510282
9932,-0.05743767841428474,-0.35821959724067065
9933,0.2179295857174805,-0.48494514451939624
9934,-0.1548102626842804,-0.4689265251265413
9935,-0.10338941862627629,-0.5375887959249946
9936,0.06506991808060981,-0.5116037611395545
9937,0.2008116766790409,-0.42437129528286516
9938,0.11325050488994497,-0.5319757079848686
9939,-0.6048047317656672,-0.37557884882420645
9940,0.548104501357548,-0.591443689701429
9941,0.002549885065288666,-0.5381653966968345
9942,-0.6449500825333493,-0.4619184684783377
9943,-0.12854366442699589,-0.5362845145483679
9944,-0.4927093339763921,-0.4297002404499094
9945,-1.1360262984086547,-0.2928945696241021
9946,0.4528557028730369,-0.4002674975159378
9947,1.0134963160162316,-0.45062693287277894
9948,0.6953531313324444,-0.42144373476194996
9949,-0.10966681805608251,-0.5975751124400178
9950,-0.3749796027432219,-0.5152070996767597
9951,0.18263244696710942,-0.5615107170707887
9952,0.04641301322933657,-0.5665525515000873
9953,0.09100194380480495,-0.5725153680689683
9954,-0.5365846046867021,-0.46475212173632313
9955,0.3139076368550737,-0.5512400435194548
9956,-0.13078850469302028,-0.5457706751570924
9957,0.6612727310869079,-0.3550621095771336
9958,-0.17064122861565353,-0.4557784811441793
9959,0.5413469849951889,-0.3357628512279069
9960,0.09685673071214139,-0.42166979132044385
9961,-0.5892925030130742,-0.478753445213748
9962,0.12658507446715886,-0.5097374533886458
9963,0.08670355672389626,-0.47508689069041604
9964,0.5046602577099426,-0.4011568101950019
9965,0.22602848407548842,-0.34789522613666374
9966,-0.3767300675010216,-0.3929729425054792
9967,-0.3708843797093845,-0.4403821475285536
9968,0.4258986303522641,-0.4916318871820259
9969,0.5444193045599596,-0.3822385727230971
9970,-0.44176210895638196,-0.4801480578239407
9971,0.5525095488070346,-0.500724107403872
9972,0.14814236526613586,-0.43249197352545604
9973,-0.09618326496364007,-0.5355333776390981
9974,-0.053692100731971726,-0.48187528564250026
9975,-0.10860927176782366,-0.49631965499157754
9976,0.43793463109406616,-0.5004911015437946
9977,0.5650767113268673,-0.5086213120019283
9978,-0.17301126730411212,-0.3458885444484548
9979,-0.10214620076866207,-0.4696032758785654
9980,0.04573468800909407,-0.5360941017926468
9981,-0.40198937848751404,-0.3596174520710271
9982,0.5709562206849141,-0.5475747724359008
9983,0.45348761058492637,-0.2930926885266657
9984,0.5209788561156818,-0.34410955174456515
9985,-0.5278399390467728,-0.33769764013814146
9986,0.1661191369731877,-0.40837553923243075
9987,0.4332711342865587,-0.28804170640937193
9988,0.056589315739096355,-0.25648583724109664
9989,0.2763277685023294,-0.33649247009245203
9990,-0.03160434036034122,-0.2514637490573912
9991,-0.2543498343774652,-0.33960161483491125
9992,-0.3645443490925078,-0.3192359748204554
9993,0.0459170801098965,-0.3363838017348828
9994,-0.1131004224523268,-0.4436567213754986
9995,-0.15602069038928196,-0.36756091122589013
9996,-0.39236367957984014,-0.2957248092890522
9997,-0.19596012371372623,-0.3582445603830668
9998,0.6696204492084554,-0.3468285506762675
9999,-0.10522417024271852,-0.5268250474213019
10000,-0.21168201801877828,-0.365828914551465
10001,-0.33654937312492256,-0.13170611405696286
10002,0.7741217456607539,-0.426177054994989
10003,0.24059149639348182,-0.4491978974335232
10004,-0.38013635719377303,-0.47599109123940286
10005,0.3062576590994408,-0.4699598052276108
10006,-0.06409388243962923,-0.41481064249422983
10007,0.648994183469448,-0.4504932771470438
10008,0.13820932132750735,-0.2724957968942271
10009,0.6229355358026637,0.07626331455574192
10010,-1.0054318763206505,0.1410574760744896
10011,0.5341193330753169,-0.36364267998304917
10012,0.8028489459603206,-0.2969863357710942
10013,0.011439325745283044,-0.23020949160951787
10014,0.2587261437407169,-0.20873957536379423
10015,1.4216919323058064,1.7986229921312524
10016,-1.4102980595780514,0.24477070782768573
10017,-0.19536196262295877,0.08820158510556673
10018,0.9544767584786418,-0.12208569954436999
10019,-0.2430427793077031,-0.10823820842195085
10020,-1.2623665537066526,0.17282788739665567
10021,0.0766119670646791,-0.30132563441359106
10022,0.2911320078369019,-0.17653864341706593
10023,0.14290955618174916,-0.3302628567727362
10024,-0.27370030377770554,-0.3153895170275559
10025,-1.1258184867021128,-0.006272863838945889
10026,0.30298261020105166,-0.308025166205617
10027,0.4772524318371418,-0.42793256837060933
10028,0.4950285791038617,-0.4372350255093314
10029,0.006891573611597363,-0.41665718801247825
10030,0.14497652821010137,-0.4827277633316354
10031,0.8527903299583413,-0.3855031413327168
10032,-0.20559139800313897,-0.34986733063751246
10033,0.1439287129726592,-0.3657451133170936
10034,0.08772704717661767,-0.4513775564562178
10035,0.6659178888181659,-0.4037534410585898
10036,-0.6496280815667588,-0.25470899809089204
10037,-0.4584157044947513,-0.34769498698159174
10038,-0.08238799410144604,-0.3928802973737488
10039,0.7610097087490847,-0.4718875806898859
10040,-0.46049678442081515,-0.4412619257034759
10041,0.029254063454140177,-0.49284545703240795
10042,-0.6748812319580666,-0.44149675451001935
10043,0.10457718338607136,-0.43261029866399375
10044,-1.3295213507878627,0.5021174532823811
10045,-0.09066744489944639,-0.32984307091406845
10046,-0.4489599388375597,-0.18684381660487975
10047,-0.4621306923953755,-0.2410716942112912
10048,1.3360607568880585,-0.3246357141781698
10049,-0.7066746828169804,-0.46697961130943555
10050,0.2181547985458141,-0.45299433609348294
10051,0.07026555601446766,-0.37924835831739284
10052,0.23494142642742366,-0.4870355203562529
10053,0.8351651971137237,-0.3296778849983581
10054,0.3577832892474166,-0.41441862156064185
10055,0.3711761853249242,-0.20102772181895945
10056,0.5207454709374216,-0.3757947383802268
10057,-0.851457040212176,-0.26381591044596303
10058,-0.06817470431797804,-0.43105792532486126
10059,0.1860808413136509,-0.21869002151081396
10060,0.5670501493196924,-0.21583813741651636
10061,0.009097216627978126,-0.3880717838630512
10062,0.45650834537561225,-0.10610966698629229
10063,1.628381538747051,0.41084965139487944
10064,-0.12472548615158155,-0.025550675674882617
10065,-0.18488694298083028,-0.03449071221600354
10066,1.1214922218365007,0.07260636947471252
10067,0.36694890874730496,-0.022698368298289008
10068,2.6309709402154344,2.260336859008562
10069,-1.1073640958137068,0.7274550814689953
10070,0.32017532140079186,0.18692994236101057
10071,0.4560766068973513,-0.026134082354397806
10072,0.5028337132642867,0.09788945742476446
10073,0.46874050729060174,-0.11893505637312597
10074,0.21639944642584671,0.002119588950687687
10075,1.5488034392047516,1.1122679150208494
10076,-1.2611344877735597,0.590802045450764
10077,-0.3479110651554048,0.8418160085802312
10078,-1.1098990830046924,0.34174620510292025
10079,0.9013737232890513,-0.07879682616194854
10080,-0.6692707375476139,-0.15707692645429983
10081,0.038515553818385236,-0.28673758884923084
10082,0.9633553651899662,-0.0245052015269704
10083,0.3170310624818762,-0.15068011905812645
10084,1.1237166308653974,0.7475920546591429
10085,-0.18590632302681875,0.2943995310739517
10086,-1.1103172002874058,0.22684994441595913
10087,-0.43090015276310906,0.06226945490221086
10088,0.7790008430418196,-0.09056192030450243
10089,0.11101622335585239,-0.12837716344349326
10090,-0.5553108191861503,-0.17986146200247172
10091,0.060368302802816694,-0.02842449402394698
10092,0.40337537895238007,0.18966833774202613
10093,-0.42912797704254335,-0.007841520470398444
10094,-0.8236331849353049,0.24572275649147945
10095,0.4801641084230625,-0.15659351210837702
10096,0.3978846276767383,-0.12279975913747976
10097,0.028508889071683523,-0.3432587174325153
10098,-0.37774424715218735,-0.13734506975562832
10099,-0.8071558021367374,0.15128926851390895
10100,0.3244140179923335,-0.08704085137461107
10101,-0.6255742740143238,-0.14564830968421444
10102,0.754800994037923,-0.3113195858731541
10103,-0.3710329657904839,-0.05724122401838662
10104,0.07581360950360708,-0.27121425477799477
10105,0.1823777600510786,-0.38557077468756346
10106,-0.10380911857477974,-0.3528994888455427
10107,-0.5019259417529036,-0.23444939170783807
10108,0.17508115685392833,0.09835627942901107
10109,0.3286724641952488,0.36203188119440594
10110,0.21680803063497403,0.10636300909123007
10111,-1.381216885068704,0.34232241780402506
10112,-1.6694568179609375,1.2964657461843223
10113,0.720552090812013,0.3230350023244059
10114,-1.3478757330681197,0.21582891902297086
10115,-0.5043211354065859,0.20369460366938597
10116,-0.6785111592439959,0.2564957944875212
10117,-1.2056478512697448,1.4094829621157388
10118,-1.3279182180925688,0.2587309703896785
10119,2.246232915654443,0.6280907825430269
10120,-0.3361923276496877,-0.011399971457978542
10121,0.9782642237448245,-0.05077558228235697
10122,-0.10675191737663196,-0.1796554172932059
10123,-0.8429767403108465,-0.14376694101873116
10124,-0.5161677006000027,-0.1271061866416734
10125,0.34887938574764954,-0.3867019381510503
10126,-0.5966821436321148,-0.3348254350125534
10127,0.6412876547901535,-0.3702204962831041
10128,-0.585201732738522,-0.19953529432494882
10129,-1.1185642022471973,-0.055566665101703425
10130,0.19035468313949708,-0.21239250437364232
10131,0.20326990636567935,-0.34690554189862277
10132,0.13967612355591644,-0.46797269104308287
10133,0.10553929064146035,-0.19823192957627078
10134,-1.3808781695689234,0.13435957947377697
10135,0.8320308369480446,0.06686150247310436
10136,0.8519041778721415,-0.29743529079646697
10137,-0.1583045974314936,-0.29662858452287816
10138,-0.6093714033144998,-0.32236747092016815
10139,0.42311542676641645,-0.45005708812352085
10140,0.15729669913375263,-0.4224162109428988
10141,0.10299814360634736,-0.4398230968084886
10142,-0.05513954795047521,-0.2573974213538811
10143,0.26520934949774116,-0.501258403740978
10144,-0.12713636087964594,-0.4799154935000871
10145,-0.21606467904652174,-0.47161266338476876
10146,-0.37979732688457807,-0.4561968291435796
10147,-0.5070044103903303,-0.41694548375029644
10148,0.3719767982928069,-0.5207548740190194
10149,0.0072759872928959985,-0.5065778384244235
10150,-0.7736689341417949,-0.3578820405658055
10151,1.322128172633294,-0.30094024507708034
10152,-1.7721915308419611,0.029692702310005308
10153,-0.2610412727245481,-0.08043285234082283
10154,-1.0154463984998632,0.09436897990618508
10155,-0.21244981312399017,0.004338855804117173
10156,1.1394391666982646,-0.17415235367857856
10157,-1.8908589574052976,0.1169657122285415
10158,-0.2797333724041647,-0.19903282954862056
10159,-1.7194347098279235,0.6052479044960154
10160,1.3152239302611728,0.14371702399225228
10161,-0.2991781977116259,-0.23565686682476827
10162,-2.361828352352809,1.2479454849110627
10163,-0.18659933143065396,0.5775600859084677
10164,-0.20649333397861033,0.23955463415229772
10165,0.015416379905959511,-0.14065512307145994
10166,-0.20808289923551515,0.16993577291308948
10167,1.1013753285094314,0.0724986304728159
10168,0.3896252087025355,-0.26342756656361893
10169,0.032014305533213445,-0.39181871978606225
10170,0.5673761080564105,-0.24574963739992034
10171,-0.27837813621344326,-0.3109331245291591
10172,-0.7970245592626235,-0.2463190832671685
10173,0.3938167363664977,-0.4551528992870941
10174,-0.11575610687809428,-0.1471682494307468
10175,-0.33105904862967545,-0.3614916051382097
10176,-0.1492556890211426,-0.34061526827380323
10177,0.19761431455054704,-0.4349555728572206
10178,-0.193992237388267,-0.23936801206685782
10179,0.08622378772190786,-0.40359073153405045
10180,-0.6381248458669724,-0.2137797505177194
10181,-0.31160876276599064,-0.18924036182939558
10182,-0.21370138180122403,-0.33574355025474295
10183,0.3961147141876115,-0.1081564239353251
10184,0.1438376358197467,-0.07828290884058944
10185,-0.35343558010999526,-0.38815391770609226
10186,1.180099307253932,-0.2607763896257098
10187,-0.4291119233500989,-0.28648054107764515
10188,-0.2589019298835558,-0.35146333015246467
10189,-0.4196270386634786,-0.4235006830596354
10190,0.12289782730632855,-0.42208630115358275
10191,0.8486498147838735,-0.22559404849259468
10192,0.20800817722245052,-0.359749431692268
10193,-0.15498135995759302,-0.2888939770566848
10194,-0.43053980271772013,-0.2694488611353568
10195,-1.0268317106164326,-0.16231532229905754
10196,0.458741620418171,-0.4547200322945717
10197,0.9529152424057106,-0.1926018838350672
10198,-0.362192028924765,-0.2815700260531777
10199,-0.3238869448175898,-0.2935834502045933
10200,-1.2134289559602103,1.4447912803820293
10201,2.292178470021451,0.0984542025670838
10202,2.2315319114825023,0.5556557789008619
10203,-0.8008272377047253,0.03260021923445914
10204,0.8075375595957122,0.020020688993176345
10205,0.11599659749883828,0.31959367619815066
10206,0.9429431294573416,0.03969497298097435
10207,-2.0922636842287914,0.30683876265531856
10208,-2.4663034534127912,0.7487323144204637
10209,-2.3234197877293625,1.5685954306018797
10210,0.8202269607944301,0.415961282675874
10211,0.3622962072766631,-0.14154564824718036
10212,0.8986149807433967,0.3347122468336041
10213,0.7003267707678631,0.025816770714549464
10214,1.1766936765526808,0.2362283401375433
10215,-0.055809476004666916,-0.2677316559202901
10216,1.8379852531557053,0.03047362424856167
10217,-1.1259977393478464,-0.008134962862138908
10218,0.2764328577903531,-0.3728198763543616
10219,1.2634149711541984,-0.19771356686699376
10220,0.3367219752815932,-0.14234820184892055
10221,0.45278157137611535,-0.06535688111165237
10222,-0.6352205638395277,0.10527541954380669
10223,-0.9299247908266121,0.49955748999332583
10224,-1.8197623758554025,0.8231200905215795
10225,0.6988371370953868,0.03216132988167655
10226,1.0756800146054502,-0.1512622947065072
10227,-0.6841453239890769,-0.25720052816910743
10228,-1.6277656831776173,-0.08389039976688302
10229,-0.6212564464989107,0.2196918794744342
10230,0.8503838805504087,-0.13927756520608248
10231,-0.037226005725300715,-0.21771117901285486
10232,0.12756799342647984,-0.4209446553870776
10233,-0.4183102764632832,-0.4243144655409869
10234,1.5943062521006253,-0.4094641419223641
10235,0.2780788478155779,-0.495552992691147
10236,1.2858984036917351,-0.2740532393295755
10237,-0.11852363971036049,-0.2886020609692578
10238,-0.31368950085200126,-0.43172062615916024
10239,0.18882195879222924,-0.4392364592339464
10240,0.45554269902941563,-0.4097859233531175
10241,0.4067787355703587,-0.40619362882989757
10242,0.9878067178394214,0.23584613137895494
10243,-0.30929038758870847,-0.2606797977826952
10244,0.5807700641743515,-0.21811593702037096
10245,-0.1350031598196189,-0.39101022459291557
10246,-1.0187377657467096,-0.0796779571264451
10247,0.8355618719193794,-0.35631121409936706
10248,1.235240562649222,0.13303032171972629
10249,0.23624914727775415,-0.2515974487148519
10250,-0.5832986212835488,-0.2550411256729807
10251,-0.2735069331751691,-0.34110307375359533
10252,-0.21328575281588777,-0.38318924912005675
10253,-0.013065365726798577,-0.27940998495136243
10254,-0.7522978122495305,-0.27129320445911587
10255,-1.2485827378331757,0.16545834666634862
10256,-0.7377616032162775,-0.20681844836823926
10257,0.8139128877719145,-0.4283875232949953
10258,-0.32587624339787247,-0.404850148825388
10259,0.3965423836311374,-0.44911457797988213
10260,0.43445505975881493,-0.3552255713275626
10261,-0.27862968653233106,-0.5062643575399357
10262,-1.0575450654471656,-0.33698557384284117
10263,1.007107912848245,-0.49983783541813365
10264,0.15769987194372184,-0.5479350679125777
10265,0.2257297428545457,-0.5474383617652028
10266,0.9859002873052842,-0.280171599192745
10267,-0.319109093895857,-0.4182044795840776
10268,0.4138394213299457,-0.40874430652773247
10269,-0.4599833710749527,-0.3788058342449841
10270,-0.4177688225364908,-0.41696201719415177
10271,0.917193915425543,-0.4898472036472154
10272,0.6613671049182112,-0.4173859394595735
10273,0.25823065134369316,-0.34120576482150766
10274,-0.5831048297682224,-0.34489238789059284
10275,0.5920378658783707,-0.4522621824755661
10276,0.24291001066287812,-0.2012732444815301
10277,-0.27090443229406275,-0.19489979088898324
10278,-0.25745718793882855,-0.3860181764091009
10279,0.298513670557758,-0.430126276184004
10280,1.2280635036156258,-0.13097889259932138
10281,-0.11899355528406967,-0.19350671872020214
10282,0.966578053444952,-0.1476593640565677
10283,0.08662301230881804,-0.18456214572264829
10284,-0.7758944967462467,0.05756699059056419
10285,0.7325083562306633,-0.14935812909509172
10286,-0.18418754251334138,-0.3421489791445694
10287,-0.06796937036174275,-0.3157892618850805
10288,-0.6476183385695831,-0.0429770191555567
10289,-0.2463399699975101,-0.31045579639440885
10290,0.5992014682814355,-0.2830994843215115
10291,0.01559397668136638,-0.399238862603122
10292,-0.11543418955428786,-0.35768873293266623
10293,-0.07352644048488095,-0.3207783274778598
10294,0.22791882365148544,-0.28858818198698777
10295,0.35153754499625633,-0.26559067891414556
10296,0.19110894347640134,-0.08684504035096761
10297,-0.8264030728489657,-0.17145091088048775
10298,0.30945809018384796,-0.15313817871710822
10299,0.1862473069180332,-0.24526005787673882
10300,-1.1038251294814163,0.02697946508981864
10301,0.89291163791579,-0.07254434342335833
10302,-1.1125083710876635,0.047915933985629634
10303,0.6299798286166751,-0.13263701009089204
10304,1.54377258534798,0.9988237319133909
10305,1.4215182951862573,1.6442915755028733
10306,-0.12892579171945953,0.5029506614306306
10307,0.13981350689155014,0.8008504209435212
10308,-1.4908913615903439,0.7156462034522219
10309,0.7822856704031009,0.5187150530729486
10310,-0.12332640439367415,0.38392974974040944
10311,1.6348565320525654,0.28479223450399993
10312,-0.27780207355828496,0.36756408278537617
10313,0.5383998827888019,0.06484680515094196
10314,-0.2833050173585268,0.1965513057173165
10315,0.6695070297962447,0.3432779840436775
10316,-0.3542955020379,-0.0658383482374271
10317,0.43299838383154504,0.4102161880487967
10318,0.9556812171587351,0.3226344394347188
10319,-0.0384551841497837,0.020469436683076124
10320,0.9319797110944085,0.41015527106675637
10321,-1.2346544584651384,0.4524288854798837
10322,-0.81681720066854,0.16236993004006756
10323,0.4310543620837991,-0.26729717981757206
10324,-0.6030167461734562,0.09030654822549117
10325,0.6067087724701152,-0.12921206770028254
10326,0.8295575883486709,0.13158195939603567
10327,1.193308800952338,0.5417583454280599
10328,0.48203292915214113,0.4824835296551059
10329,-0.27563309569949745,0.02376646503690178
10330,0.31672851552338815,0.05304496657410962
10331,1.2839576992646975,-0.021876560957050387
10332,-1.7696554124153885,0.8770189246688079
10333,0.15574305341843941,-0.23221211232305167
10334,0.7253667488889896,0.09544384547640268
10335,-0.8230843405072469,0.010787242086556077
10336,-0.26426521822099724,-0.19619234943918296
10337,-1.4675782008637306,0.4252031224063934
10338,-0.6165830212630081,-0.00676827581981185
10339,-0.050814412260492506,-0.06447233937203412
10340,0.3683942110803753,-0.2691893695666005
10341,-0.39231123753240077,-0.39905565284118644
10342,0.3863743173561719,-0.2900962708485212
10343,1.1412112115527469,0.005352600231927657
10344,0.6425475202536681,-0.2525117263626703
10345,-1.1884148901901888,-0.13131734989386465
10346,0.6600637283917723,-0.2324773512580247
10347,-1.4503922115540397,0.4031369683742574
10348,-1.2631287828887796,0.231487523534102
10349,-0.4626065881572908,0.9464062567905581
10350,0.7034815391129604,-0.09058440650715163
10351,0.5742910365214956,-0.23594463912075414
10352,-0.3390110046184084,-0.1799219041611393
10353,0.006786811864584883,-0.3113597175152662
10354,-1.616140659294539,0.07312468751518125
10355,-1.2313872547831157,0.2855263444449189
10356,-0.10238808997149793,0.07497054401273777
10357,0.5997194882322681,-0.3586689982713802
10358,0.5425123967583075,-0.27528165685083933
10359,0.2582732343815774,-0.359331481871212
10360,0.2599818900071789,-0.39308850934436473
10361,0.621842108279751,-0.3135950298737871
10362,-0.8187316926252979,-0.40364408917871863
10363,1.1109929482751377,-0.2689485707554528
10364,0.6014192823789377,0.1638935429931314
10365,0.31572054037887753,-0.26088041127069894
10366,-0.2910509146415437,-0.10463078196937446
10367,1.3154442861536437,0.2666399056713774
10368,0.12804836070417647,-0.09413005527947847
10369,0.0032215353609195557,-0.003152202388728257
10370,-1.624322590094289,0.3064948113580267
10371,-0.34510566192418085,-0.2857019454654354
10372,1.8595643609183237,0.1463759011613498
10373,-0.2952274484210543,-0.30709380555817617
10374,-0.22947265469897213,-0.346574183918858
10375,0.3194951414680586,-0.25100022729058724
10376,0.2288197232917232,-0.19524261789135844
10377,0.5672664498747768,-0.029613932180996227
10378,0.4625783854450131,0.33098580909988945
10379,0.8251375808531402,1.130360488110223
10380,0.41467685054356496,0.38876337404420847
10381,-0.547304665478278,0.4749235427232414
10382,-1.556438843282508,0.48126681525059484
10383,-0.14907651472339173,0.17356335539626738
10384,-0.7879654801648005,0.08459235841466346
10385,0.5875915946702006,0.07064805112195612
10386,0.13221149498353238,0.012181507086091278
10387,-0.1895151090778396,-0.028157828731213825
10388,-0.21845223604096917,-0.09508606288307594
10389,-0.12149306697340324,-0.09697246832380968
10390,-0.4344271554522072,0.25519550796159507
10391,-1.1746349089464578,0.1800427105269991
10392,2.1146050984159213,0.26652432174887
10393,0.09815611538167462,0.09506627944159071
10394,-0.5922557099312155,0.22847774148644423
10395,-0.10470120349657129,0.0777103853090908
10396,-2.0822963495350186,0.8809077010057157
10397,1.7133570352327279,0.9748491322278019
10398,0.41722653952568084,0.1272748366514651
10399,0.49357725143913805,0.09044807764737989
10400,-0.2572208647491714,-0.09444960292611165
10401,0.32956034734088124,-0.154952593942505
10402,-1.628334632570908,0.4502727172022862
10403,0.5195323181431764,-0.019441718518517406
10404,1.516614478085491,-0.09680376663048723
10405,-0.5506712309230531,-0.2042662712711084
10406,-0.9377684328626394,0.09841517216773116
10407,-1.034183680456832,0.5472568832783311
10408,-0.1516987004550403,0.6422109292825121
10409,0.37473045888089385,-0.13462560133413082
10410,0.7926124951397021,-0.17966086617012833
10411,-0.413764840463235,-0.2720386705085745
10412,-0.1717871669534579,-0.3075630434256248
10413,2.0373762995395603,0.5054566773918403
10414,-0.30161289339678804,0.048260116644995514
10415,1.0812647794903836,-0.09103977050256877
10416,-0.05056295257793408,-0.18952505568825584
10417,0.18768222784309435,-0.06189606999148181
10418,0.2942408589309304,-0.19542002434495892
10419,-0.25127348506910946,-0.3185047548815846
10420,-0.47020314466977114,-0.1847508284578322
10421,-2.2175393386446074,0.7968518811179797
10422,-0.6147068842588476,0.5024857084934143
10423,0.6068826213516079,0.06756747624279347
10424,0.6305453411765629,-0.14519532761535203
10425,0.3892926057173263,-0.27051462403524335
10426,2.0689843238820917,0.6497151456216687
10427,1.4997200773877697,1.3880062446922443
10428,-0.8067774710885044,0.38254202223332145
10429,-0.2087694966897678,0.4265505689919131
10430,1.058944436386477,-0.06564919997105866
10431,-0.899016547107083,0.09454400775362563
10432,0.7026945824981731,0.09443380763401019
10433,-0.6541677963344508,0.8381860363667819
10434,0.1180755341645756,0.1645080300225082
10435,0.5041674335825288,0.43709716473311966
10436,-0.5986956593650665,0.1544025918799033
10437,-0.8339236683465446,0.2124237795921165
10438,-0.4251097656164691,0.09842162912711046
10439,2.2633857424525323,1.0040299466554476
10440,1.6315875693718016,1.3508224207917796
10441,0.48999359590426467,0.6462104305508751
10442,2.243135587653493,1.4533818157521692
10443,-0.4592258712781599,1.140679536370969
10444,0.22534507680510102,0.3589440278284568
10445,0.626325147269758,0.07596252606236378
10446,-1.2850382506057059,0.6758116021153825
10447,0.3621198489471796,-0.04308498335672197
10448,-0.25766030582622007,0.07280232386347066
10449,0.26157493392094705,-0.12062701291681101
10450,0.43062974250533387,0.060498527490874476
10451,-0.1185463696059528,0.02925602348699912
10452,1.2281660635679692,0.04243033175500115
10453,-0.177512778523828,0.11732787996699194
10454,-0.9344754625446,0.023576192522865573
10455,0.9313225371631231,0.1614253071735614
10456,1.039299498484375,0.4775263731806065
10457,0.07100530940941,0.1280930512751296
10458,2.2460347143947272,3.1568430506002745
10459,0.43290795747583466,1.2890407657835627
10460,-0.10498619401474067,0.6061552905346363
10461,1.0088265596718655,0.4612318752329856
10462,-0.8555896270486151,1.0953783860042867
10463,-1.008072717487445,0.3123909259418382
10464,0.8113241695786804,0.1911323845881393
10465,0.08968682555981548,-0.08093117068680243
10466,-0.5101296482079954,0.313777577322826
10467,-0.5174392740566721,0.7057176439155316
10468,-0.6196734172215238,1.0304645686684706
10469,-1.9935987223769867,1.1615979742908136
10470,-0.0887554238950938,0.9497161871173108
10471,0.4955691570544952,0.2791653138469278
10472,-3.6583075078017218,2.3328336629705935
10473,0.6658136795568211,0.3502992182447421
10474,0.5205988760166143,0.49677079443693584
10475,-0.6461732259044647,0.2755836453735921
10476,0.471369983199672,-0.0036854584491301584
10477,0.718263268528416,0.013104132268316759
10478,-0.7732321273752096,0.16923083165134045
10479,-0.18890398566249167,0.1928410705416732
10480,0.316317970922617,-0.07931948047891295
10481,1.1370594920673325,0.05090882325936359
10482,-1.3107826682857107,0.046107932587493995
10483,-0.8950846672590043,0.08731872797679188
10484,1.0408081668330624,-0.001376473526548707
10485,0.12998409327115823,-0.24674084705822058
10486,0.1342354676030257,-0.20933722872868382
10487,0.34427451047024993,-0.17566133486236274
10488,1.1463486219552401,0.12964558988593305
10489,0.9131725288434521,0.2730113114597053
10490,-2.6609515996213324,0.04779359069390146
10491,0.12136072352602167,0.054615422207446515
10492,-0.2038902663321977,0.5178830531488837
10493,0.27560199339467145,0.32572427126415054
10494,0.6978770815271059,0.2549718706986487
10495,-5.672974940607346,3.779389842183382
10496,-0.35632663476546295,1.6350696394960276
10497,0.8993890649534796,0.33680760136179
10498,-2.2655184013551795,0.9486364096705445
10499,-2.0862366274623985,1.7232534446459646
10500,-0.47411111539504136,0.630028629199922
10501,0.9831444434562512,0.2106720996325
10502,-0.4497328374140409,0.10156676919660121
10503,0.8489542219088066,0.37042895554903266
10504,1.2769135525912316,0.3263666861029702
10505,-0.7078392421039444,-0.13816712474091852
10506,-0.37223786182272306,-0.21399760727939965
10507,1.5198731791599127,-0.030892525623638666
10508,-0.6641441247399125,-0.15518906067777538
10509,0.14746760409967488,-0.2827667444767177
10510,-1.322686400631643,-0.0495315513530851
10511,0.9271047622640526,0.05688038291278183
10512,-0.4605337956909768,-0.36979928473969115
10513,-0.891182882268186,-0.1867458752979192
10514,-0.8806651999058358,0.33618525178099967
10515,1.5773670377256248,-0.0124759652155375
10516,-1.1384242331650336,-0.26422107203486056
10517,-0.14254829128468932,-0.153424787906762
10518,-1.328405699795427,0.3416525067776558
10519,-2.3975980867754414,1.2690324760303426
10520,0.7413987061522432,1.0506624554859467
10521,1.23154863727619,0.36725070438666996
10522,1.7785371757850004,0.04233637138797533
10523,0.05513913235072408,-0.16370857712908693
10524,0.29769594645463326,-0.38446479693448415
10525,-0.786665049701773,-0.2498670125295711
10526,-0.49699644167846296,-0.22148627259001713
10527,1.4793970121597542,-0.13534786922849978
10528,-0.6198583460007359,-0.3389462078236452
10529,-0.7388064218360296,-0.09668778052814689
10530,-0.9257118354225958,-0.09529245967421135
10531,0.8131048055741732,-0.15597934380114603
10532,0.3777667599738961,-0.4206262200252324
10533,0.4816441037679295,-0.26398461185928596
10534,0.18311047338212266,-0.31537267705245076
10535,0.385838537071356,-0.2692589633506414
10536,-0.6733967623816706,-0.34026933244343155
10537,-1.278627841531536,-0.10541635320820301
10538,0.20923070764417934,-0.03837134859592076
10539,1.1235505412913604,-0.08748762351259763
10540,0.36370916586975055,-0.3180344449875252
10541,-0.11236958887040996,-0.3761980906227264
10542,-0.37536785808688367,-0.2875988022294502
10543,-0.047171406704298376,-0.408236916893339
10544,0.937933772196692,-0.38370854801532545
10545,0.42669351527586064,-0.23944449571583187
10546,0.552872132226454,-0.2638776675312165
10547,0.18674831506244702,-0.3514963715207819
10548,0.5516223303552211,-0.09408019545327936
10549,-0.0012503519606280136,-0.18919842131782366
10550,0.6786657411948315,0.10796673916952507
10551,-0.3423665250409185,-0.20249866778629244
10552,-0.1304628009013775,-0.18188310943195113
10553,0.028859172560328678,-0.3982846409295976
10554,-0.6110834797796372,-0.10612330723916784
10555,0.34753549131790173,-0.30911338650323206
10556,0.39595152462901606,-0.3464757338518596
10557,-0.38797402391516883,-0.4539080962041999
10558,0.0015923816625326634,-0.43207358399344575
10559,-0.8461743933417009,-0.21327881003417898
10560,0.12845361450311055,-0.36319489685127493
10561,0.28424503849563004,-0.47431844408510193
10562,0.465892460057431,-0.36478201706117314
10563,0.3380244742101475,-0.3762635764696585
10564,-0.5180273695287358,-0.4346762504974193
10565,0.08435512079784614,-0.46047149233748186
10566,-0.7562516806393397,-0.29463306112352766
10567,0.17136472297343314,-0.35242494652986783
10568,-0.1049677829701828,-0.3066966140721646
10569,0.24732785457109824,-0.46440407576549575
10570,-0.028725706709071316,-0.4046653268814261
10571,0.43047606815317974,-0.46501201528304204
10572,0.42279819223307025,-0.30801700219360795
10573,-0.32354605541889536,-0.38890583607727475
10574,-0.3532362981678297,-0.41885059634329874
10575,0.415711523623173,-0.48443538749907145
10576,0.9624155602616161,-0.13104012300807322
10577,-0.6588234940695396,-0.30081275776592337
10578,-0.9500413933613461,-0.22292923048042507
10579,0.8643434490399965,-0.1557017469619263
10580,-0.2975309449142497,-0.3392042933269886
10581,-0.6657411108911662,-0.21655471387761316
10582,-0.46680826647544177,-0.28470140236853564
10583,0.6196701274657674,-0.2365680676569129
10584,0.14342393016071367,-0.40149222503922993
10585,0.5719342567718202,-0.25022888531413945
10586,-0.30045245374170465,-0.3194545521935772
10587,0.03558323427667986,-0.4758745296905318
10588,-0.14355840191909314,-0.33948307295134383
10589,-0.4216743322229739,-0.18679763406860755
10590,-0.7624765362872246,-0.23617142895385163
10591,-0.5288525157296279,-0.21674715368227637
10592,-0.152521731813176,-0.1655644753146372
10593,-0.9536736182728476,0.020122189987905523
10594,0.8964585619016794,-0.016664654235614085
10595,1.2864089911673853,-0.03951882891111116
10596,0.31577972983250446,-0.3104527113670915
10597,-0.579269259405143,-0.3510072023043154
10598,-0.5982413581182577,-0.38062544013342414
10599,1.316821578376361,-0.19279654306129218
10600,0.1309760519893165,-0.30443748946523286
10601,-0.28500275631400934,-0.3751573614153279
10602,-0.43899930824814637,-0.4777805591110096
10603,-0.20035300649237697,-0.49535391372138554
10604,-0.43309647161815296,-0.34050130769743275
10605,0.21599879153554263,-0.5187915732835587
10606,0.6192421651869473,-0.45237282029058334
10607,0.05741017638881295,-0.4975280392261492
10608,-0.013393666776721984,-0.5326327733885765
10609,-0.379648829519272,-0.5311684849767095
10610,-0.2928526470017277,-0.4529575221446234
10611,0.9864649031684846,-0.38522927368538135
10612,1.1103658180733647,-0.27344112675362553
10613,-0.4716839052529111,-0.29711184525079454
10614,0.17662095476620993,-0.479049017873138
10615,-0.04986517990045189,-0.4564263788096962
10616,0.1136048026465629,-0.5688759159717378
10617,-0.9999267713581771,0.2984256456443331
10618,-1.2280374184957383,-0.45070945238308796
10619,0.1041010356018464,0.2636476500425172
10620,-0.43671345256537275,-0.30512737479006874
10621,0.9736823379806034,-0.38455008444649075
10622,0.15879558820610246,-0.33112016590091226
10623,-0.05949428133465051,-0.44475564131243084
10624,0.34825773714476577,-0.4629794601445385
10625,-0.2085850365394309,-0.495892927498661
10626,0.4033050855260813,-0.5212112537998357
10627,-0.2975171871856377,-0.46459996476969284
10628,0.44594010110008225,-0.4764733037237702
10629,0.09916662471801084,-0.4953638305944025
10630,-0.6106396219143421,-0.31496052655855894
10631,-0.0026259712277189183,-0.37383277341044696
10632,0.3132477879521356,-0.37943702279399144
10633,0.8678713382729133,-0.24631465393292856
10634,0.7391135123828815,-0.06193064103472539
10635,0.3254872265837353,0.17674121168067253
10636,0.3625563643141091,0.5760203308371329
10637,-0.6738067238716113,-0.1791111727951022
10638,0.02288376185088761,-0.27239850570851454
10639,-0.4649397709727525,-0.3519596130877076
10640,0.526106003263175,-0.2735823317498615
10641,0.04502891318730511,-0.3913912253281474
10642,0.13238695045030666,-0.3461740299790534
10643,0.18442360955509524,-0.357796189253174
10644,0.4311692973493288,0.19545236502853852
10645,-0.16684539432386483,-0.3529686200193317
10646,-0.23920472617373606,-0.36029763558762784
10647,0.5143949778583421,-0.24704766873222006
10648,-0.7720971807103555,-0.08002511828971653
10649,0.16023521335605057,-0.28956764020724046
10650,-0.4250561819356027,-0.3910075335164925
10651,-0.3532872862170819,-0.3211363183740123
10652,0.5249506681333256,-0.32020096010633137
10653,0.37221759866283277,-0.24827613778337593
10654,-0.49905140798435516,-0.35215412285564124
10655,0.07696569133220288,-0.28640889376134065
10656,-0.010668029689532692,-0.5158228449905689
10657,-0.1826998871607989,-0.49894718337580546
10658,0.5174624470310843,-0.39281406804213553
10659,0.7453706087113544,-0.31131362654118827
10660,0.3686548335621663,-0.058648781930520005
10661,-0.6339955275282816,-0.22339524522657106
10662,0.7822232769364655,-0.1781168955477011
10663,0.24171999275876563,-0.22650288964807802
10664,0.428773540505476,-0.1405287791329462
10665,0.5513552697433616,0.3062743083713002
10666,-0.6658267849674113,0.2333546997427592
10667,-0.40772552441864196,-0.0012274511167894991
10668,0.5198660422404887,-0.09967525860474771
10669,-0.5401000077450316,-0.1520993797631876
10670,0.07301002971934795,-0.18627083374270026
10671,0.30669295716057254,-0.3378873540733543
10672,-0.1747359315045558,-0.3105914779633342
10673,-0.47718543627498955,-0.1915565036601799
10674,0.10460978478137228,-0.31141455062092427
10675,0.24500711886350038,-0.24008228563275286
10676,0.4140827393402516,-0.38880983325769364
10677,-0.1657861973247428,0.12873013062867766
10678,-0.07333015369735785,-0.08286603882988045
10679,-0.37435468682450357,0.04199830594468491
10680,0.05533375308961339,-0.2848454717970989
10681,0.8891574240356178,-0.1681594696366624
10682,0.5141490929833767,-0.09697635517088311
10683,-0.22790227613480468,-0.14525482063178102
10684,0.4384452919714761,0.1861786395378474
10685,0.8585353875229219,0.2834255607099031
10686,-0.8970689943457202,0.788484237803506
10687,0.30448249817669826,0.09370718660284601
10688,-0.093320061401801,0.006740870627470075
10689,-0.16553993629439262,0.058365603067223576
10690,0.16430403995981935,-0.05304252047011659
10691,0.12409105098924285,-0.2394743367482744
10692,0.0356601744122425,-0.2904899135679288
10693,0.8526596891749235,0.20366879629916412
10694,0.17864796597330482,1.0350070393121857
10695,0.07022786226517813,0.28485087984943847
10696,0.6724709384742298,0.22397224048913789
10697,-0.7911051414240821,0.12836541627035924
10698,-1.1298663087440617,0.7598887791298475
10699,0.25290049915594254,-0.056618697928151517
10700,-0.4704112297161687,-0.5129321216834303
10701,-1.137327147030063,0.20713800644178543
10702,0.3569593892257321,-0.06708759927960134
10703,0.13345693616191337,-0.20701962515480937
10704,0.15423727468008747,-0.2271864440952509
10705,0.6267451140976777,0.10502832240574751
10706,0.89581627705306,-0.022953087923471366
10707,-0.2228632576539517,-0.33619284705892677
10708,-0.13342917137040727,-0.17763858755375428
10709,-0.4951095775974792,0.004844750898885884
10710,-0.7417565304707331,0.16938507911695805
10711,0.13810321974874792,-0.308400854173502
10712,0.4966835204827006,-0.38034768311190953
10713,-0.4441488604528554,-0.2814529688462277
10714,-0.948799848578035,0.03130817281759886
10715,0.6534256552325982,-0.25840911227659885
10716,0.020088101022412014,-0.30919995441977477
10717,0.8699069262443414,-0.14427306455495786
10718,-4.3718139925081365,2.0735095241422936
10719,1.3202270096525162,2.8532264365777786
10720,1.446159996498157,0.3455708303412792
10721,-0.5105873996203787,-0.02217706777800308
10722,-0.3335308815427979,0.1924227402037889
10723,-0.30713545760209193,-0.2657536067248361
10724,0.6262185085703021,-0.07361375369643654
10725,-0.1000741983974705,-0.3540818147228581
10726,-1.780801361777928,0.32952719167457295
10727,-0.3460857747147183,0.4087140720795543
10728,-0.1299821227178842,0.13140864910769934
10729,1.676884598106907,0.5280347559881743
10730,-1.2445301149730326,-0.1543319159535586
10731,-0.2302174196221205,-0.2713637721835281
10732,-0.3714739180568577,-0.02468311984060373
10733,1.1986411253272728,-0.2131549025264397
10734,1.6465242577377592,0.23918711383139962
10735,0.7048855604200285,-0.1104520997998136
10736,-0.36890505531960144,-0.19226372690542975
10737,1.1372155936716717,0.3816594883832135
10738,1.0617908280717987,0.6452319831391539
10739,0.28136232065086025,-0.24551647589240688
10740,-0.32647988291147756,-0.27792674938079975
10741,0.2638134521464629,-0.2532441877970685
10742,-0.3854384792071764,0.05701696158995419
10743,0.2606350414490446,-0.1945437271566503
10744,0.6492774715834806,-0.31434675601443707
10745,-0.7810870050587483,-0.299431915485898
10746,-0.0975632364061711,-0.27648631464772716
10747,-0.4786221661814237,-0.294058691660485
10748,0.7772179484090671,-0.18650708935243349
10749,0.814074113479707,-0.058526288621478136
10750,0.26718314868907544,0.1629463279012937
10751,1.2402432274431472,0.4173180759264623
10752,-0.6222346645720634,0.39308605703950494
10753,0.48894423006498816,0.023252492119229473
10754,0.5371801054260846,0.1485186135584503
10755,0.46380892843689725,0.12110856998532428
10756,-0.7733151230834776,0.11224600872542585
10757,0.20020131936474883,-0.016432670721662136
10758,0.35770885572559646,-0.020196052515594632
10759,0.1720555293858274,-0.1086496032251333
10760,-0.44684075192186995,0.9754634458356549
10761,-0.33761100755678525,0.3044003890399787
10762,-0.3967575218257284,-0.2258383454015726
10763,-0.647054599657883,-0.08325465664595026
10764,-0.4129623123699897,0.4502921351304379
10765,0.7042127694559007,-0.12725785036144177
10766,0.17480189099108787,-0.22306739068644216
10767,-0.7897588512442093,0.032090010253816234
10768,0.7545827094824414,0.2524375775615343
10769,1.1629433946912036,0.43877166693420167
10770,0.3020600970764253,0.007817114223092756
10771,0.17588033701840577,0.1978557895440753
10772,-1.4169555396119102,0.4673145379413188
10773,-0.35854656133061164,-0.3871812806009697
10774,-0.3116631773793357,0.6972279560812527
10775,1.2743092779583325,0.1684570400710026
10776,-0.34508581994675724,-0.018811721214611388
10777,-0.020471659535175393,-0.17994193763630367
10778,-1.439286779040576,0.5000040012697359
10779,1.133666703590898,0.1899508514417239
10780,1.325080715312388,0.5952697880028385
10781,0.36496962123375504,0.449118109194693
10782,-0.17618677993068088,0.5342633228197559
10783,1.1889435385456453,0.6210378787980702
10784,0.9546153370614865,0.8663368424599687
10785,-0.3316280236301732,0.5713614946826974
10786,-0.3921280966137124,0.6066109663753179
10787,-0.6368341426491255,0.27633301247058883
10788,-0.5812212733433999,0.6667146231449893
10789,0.3122504172232608,0.6204580191277965
10790,-1.986305085076794,0.6423718365263854
10791,-0.6996321845649012,2.9604854493728485
10792,0.14970621053987457,0.5476881058032115
10793,-0.313084647976402,0.22849925032160817
10794,0.888101966528673,0.1523087355791265
10795,-1.0188994104082207,0.42868790403040485
10796,-0.9234767015348496,0.12690164441000124
10797,1.2634261007542975,0.19341545608838068
10798,0.5061064295936315,-0.15416543817337852
10799,-0.2176248558368633,0.022593444602212173
10800,-1.800615415462912,0.438140361758361
10801,-1.6852973544256975,0.8139391823270313
10802,1.2248561815071641,-0.01376566030307551
10803,-1.8023721969488222,0.19535179675272468
10804,-0.3647421611896,0.5824000971605651
10805,-0.06943592331643478,0.12088131809231735
10806,0.7525021080333119,0.11761373775238158
10807,0.37672677712148167,0.0058185515984902625
10808,-0.010252854503953154,-0.101380807725998
10809,-1.2713016872350633,0.14304514776465338
10810,0.39611647924673704,-0.12339802803187915
10811,1.0177414362655202,-0.23651361637680696
10812,0.4972244240002983,-0.2226628684141589
10813,-0.24264728987767306,-0.3729173033341812
10814,0.5154825773155427,-0.39122699760278545
10815,0.022827804349018002,-0.3912854340936638
10816,0.795576591176503,-0.2717927353309564
10817,-0.7001896799869185,-0.27394449321231423
10818,-0.4682126964608661,-0.32883570655769856
10819,0.277982202675932,-0.39529287546658154
10820,0.10657391196316696,-0.32258160633193594
10821,0.015569894967580865,-0.43983783190695624
10822,0.32177847462618436,-0.2231196143390975
10823,0.9835327432116407,-0.18418178316908274
10824,-1.6824196390997215,0.11543290343663735
10825,-0.41071410868897884,-0.12187147519637735
10826,-2.3013547184830396,1.377498566930235
10827,2.8389668426295045,4.280872570458472
10828,2.040192549905645,1.0361213001390015
10829,1.1577191281753048,0.7178785348860446
10830,-0.7375070718335311,0.5880499681430095
10831,0.6451125251894624,0.2617051153101866
10832,-1.2259341821954266,0.48221128171367855
10833,-1.6361540558478087,0.8435384510630826
10834,0.02037198352639495,0.32027455354510603
10835,-0.6322510594018226,0.8408310995864551
10836,-1.3316341969850953,0.65124303394777
10837,1.4521391136300053,0.67159717071385
10838,-0.7209275492713652,0.2162919035292813
10839,-1.1371252810610117,1.0669744997675523
10840,-0.4023692393769767,0.3088775797331993
10841,-3.34880561950003,2.135014494416964
10842,3.7085068034541973,2.7790102840722524
10843,-0.04403532893295272,0.4586505878774428
10844,-0.5891718219550256,0.21439585839963288
10845,0.8166739356797558,0.11989530716090184
10846,1.1816076588922264,-0.04151034022676839
10847,0.5110098032888495,0.17235743554391064
10848,-0.6341594046482664,-0.10827352770730599
10849,0.5063322115814444,-0.030465756823305264
10850,1.6611508805616042,0.4460116171785891
10851,0.7535698412700017,0.14643388144972147
10852,-1.2883790280199863,0.07220044918007519
10853,-1.0305391644820268,0.07996425183806084
10854,-2.047164225602284,0.7997740633422858
10855,-0.7069667780907203,0.7723466876835822
10856,1.902015111969805,0.5580670566828758
10857,0.6605469622902704,-0.028151090834852545
10858,-1.3467943476560331,0.2385309024245173
10859,0.6575840680135806,0.5723994468543645
10860,1.3589677096995407,0.28612006835533754
10861,-0.4784932522896285,0.23607822869511436
10862,0.10249946119480723,0.030375832066833044
10863,0.21425872231659202,-0.22819629483250536
10864,0.7579342229783373,-0.1124148176612784
10865,0.6702204152822633,-0.2524360047992727
10866,-0.3757806630575082,0.01753823834957325
10867,0.3355799497915804,-0.2595943218783501
10868,0.021652114470219017,-0.2545470270369728
10869,0.6343504624661567,0.15073041175453877
10870,-0.09982993291208522,-0.027970358350005303
10871,-0.08771095412163696,-0.1957991389909
10872,0.4142123954900033,-0.00283038714505068
10873,-0.44316744635507294,0.222516330943415
10874,0.7460997102260178,0.017417395285832214
10875,-0.6995788437693713,-0.09934001974442808
10876,0.9183685211089538,0.9587998215553032
10877,-4.5277189022796245,2.2797291638868837
10878,0.9618222853071476,1.2556006329444076
10879,-0.3420830144109715,0.06712603037598967
10880,0.9840088543697971,0.0036847040132878036
10881,1.759525636722133,0.357198019828704
10882,0.8980530294153577,0.5118965697600942
10883,-0.5503472408642021,0.45633250727586555
10884,-0.6787345336244912,0.2372179784123994
10885,-0.157450172780919,0.20420520302040435
10886,1.91258552776377,0.6175784817409943
10887,-0.5035188367370106,0.18988282209647872
10888,-0.1718745953024305,-0.3015847068425558
10889,-0.3677505369059159,-0.2161757729197346
10890,-1.1833023068011927,0.1283854032840036
10891,0.20012957758941005,-0.05980066729881757
10892,1.1911559103083447,0.12989705618680275
10893,-0.07664678089381377,-0.37445468136969534
10894,0.37357132409624166,-0.16257285120149667
10895,0.2625443757276048,0.06970748866512655
10896,-0.5570461812571069,-0.11619818191912279
10897,1.519563775313866,0.665720857281945
10898,0.3622295419484031,-0.2695418321175294
10899,-0.5291559462640821,-0.23187029381572555
10900,-1.4805746168913467,-0.010935473156324921
10901,-0.9266197516296,0.19788693033558502
10902,1.5258978407382788,0.2552806319995049
10903,0.5479146130017793,-0.3571610953418878
10904,0.18256860175598058,-0.3517227390836228
10905,-0.0442044653199454,-0.3785996123836966
10906,-0.3018583288613892,-0.331705701262121
10907,0.11291339638319685,-0.34756747068199206
10908,-0.21819874373870976,-0.33622117218906883
10909,0.5385027303547711,-0.2752576647121266
10910,0.3126644705512967,-0.37019246936117794
10911,0.467616717157211,-0.4311072937655659
10912,0.48572495806311544,-0.2904906418633944
10913,-0.4271872961436519,-0.3887486002174325
10914,1.099975192433652,-0.30738739828090006
10915,0.7281205610725601,0.1429174440627694
10916,-0.06788434113681285,-0.11270479143131523
10917,0.3260889538501484,-0.14621421094317205
10918,-1.2033447616197808,0.0015145380351697796
10919,-0.4610753933134928,-0.09387766631639263
10920,0.32627239280891535,-0.20815178005254265
10921,-0.9806682266299694,-0.11432575780227669
10922,-0.8822955699774224,-0.18163522851624636
10923,0.3589797989782614,-0.375481958870356
10924,0.4455944128306268,-0.25077274050853693
10925,-0.2785163535771823,-0.37993053620641926
10926,-1.0174992381022816,-0.01760539980436334
10927,0.5611507397937546,-0.35787859825429236
10928,-0.9407747133126007,-0.1983233269023213
10929,0.6618711185608954,-0.04693121291446322
10930,-0.42069476693353064,-0.29508825528590915
10931,0.06971626836750792,-0.3370195062386713
10932,-0.24908916774743933,-0.3512919438927206
10933,-0.3249065087900178,-0.1908700155977583
10934,0.29182960146533843,-0.438268960190793
10935,0.5518919268029725,-0.43431140858329464
10936,0.20586179677177305,-0.3199425466026786
10937,0.3763217873865842,-0.39821078035624
10938,-0.5182993476235053,-0.21105176087008637
10939,-0.41583685338285636,-0.31549210337704464
10940,-0.08039775137905829,-0.3449680037773224
10941,-0.03648442556017661,-0.46830107273577726
10942,-0.45215895666127615,-0.3383033225132828
10943,-0.3154838401732062,-0.05671595396233722
10944,-0.9009483338838713,-0.07967710583278076
10945,0.34613877505856966,-0.3371892593551482
10946,0.1748874615737309,-0.31970506926004016
10947,0.34710176061591236,-0.39488894141270264
10948,-1.0134333779959634,-0.08711500498865826
10949,-0.047026829484930574,-0.1396593818384857
10950,0.6752512395742273,-0.12568443652312916
10951,-0.46421315763843374,-0.34476754468840065
10952,-0.582265290461708,-0.3362757153543527
10953,0.7048864819352194,-0.3502665832767454
10954,-0.8184149843323478,-0.2961734774443839
10955,-0.804244131619927,0.18000483453814686
10956,0.056661182939422995,0.02015763349311041
10957,-0.12031021090523711,-0.30403043080678377
10958,-1.395051214591952,0.608085970233705
10959,1.5925219867776081,0.20711928937854335
10960,0.20642824004227103,-0.3123155496251392
10961,0.43449200051757625,-0.3171947185765451
10962,-1.0089651162135853,-0.20708719421892235
10963,1.3495152119316598,-0.12752987634871188
10964,-0.060605806779464304,-0.2421108039704904
10965,-0.06620470789956992,-0.2665884577786155
10966,0.11815639738356373,-0.18780836076626917
10967,-0.6440216039606452,-0.27386405786042317
10968,-1.8964356311952384,0.5472654221876524
10969,-2.0728758285211324,1.7394006424938646
10970,0.3335795663831363,1.0247901537420394
10971,-0.21315217709210135,1.067675389043649
10972,-7.589168301620251,6.250966384703121
10973,0.33594151935246175,4.198877621720708
10974,1.0112303206393989,1.5916429601080595
10975,0.8968872860518061,2.418551412776915
10976,-0.9563273714671259,0.43569977702378687
10977,0.6571350703831118,-0.13508397303537678
10978,-2.0073177215860296,0.4895123663800057
10979,1.1263051910283775,0.22198551781686138
10980,1.3201927452528126,0.04621728803235667
10981,0.14738381553413768,0.19921740521174613
10982,-2.2885654698707265,0.4155326794214773
10983,-0.1472895070622647,-0.04093734283399479
10984,-1.1771293803031162,0.4131091967859147
10985,-1.7171213686338787,1.077196196592853
10986,-0.8591290806817704,1.1062099015886304
10987,-0.32276311044408196,1.5828965708490212
10988,1.2474652048325359,0.3840082598003736
10989,0.8484656387995755,-0.09602665744973547
10990,0.10507446532330969,0.11933830702429395
10991,0.21236605274978396,-0.17957164032065087
10992,0.07581053911091733,-0.27457366568010927
10993,0.9722522232483576,-0.08516926832846392
10994,-0.5317554139967579,-0.23293571387988965
10995,-0.17036062607778632,-0.30918257765197593
10996,-0.39668862016214185,-0.31243570821953115
10997,-0.2544124386585089,-0.2920270859559704
10998,0.24561830538330653,-0.09073297960582762
10999,-1.983073847771319,0.7751573495534085
11000,-1.1306594193656356,1.7232527448429442
11001,0.3985063444381303,0.35791500872875165
11002,0.43485107698145137,0.06208735342517441
11003,-3.3881542157938003,2.116416251831331
11004,2.2633159144570185,1.9829123460786655
11005,1.0045128848636058,0.16800133813384077
11006,0.6011333269895607,0.027925490070390857
11007,1.1197849952857157,-0.0036892904370416663
11008,-0.06951575127240815,-0.2192955100852752
11009,-0.14533205542397556,-0.31542528548524557
11010,0.8645944435843814,-0.19300559107987542
11011,-0.2864878997926979,-0.17790170725269683
11012,-0.24988236858268165,-0.32396899173795446
11013,0.216185944634959,-0.3102113611403669
11014,-0.3718545913512123,-0.14344878735974254
11015,1.531133211316637,0.3042517880634607
11016,0.6392528408810108,0.11480543130895814
11017,0.3003229641246696,-0.1735313935300632
11018,-0.7135630867076519,-0.09834207686882443
11019,-0.009629632409375163,-0.3610518963769214
11020,-0.16569734985827958,-0.18865896332943316
11021,1.0557225813813687,-0.10212326395362435
11022,-0.44969913540739415,-0.23527508315180612
11023,-0.6505077583334687,-0.3131220734723984
11024,0.8134007704703379,-0.3086087138922387
11025,-0.3238980724093354,-0.35317492559569036
11026,-0.0032735063256937274,-0.44000432550425145
11027,1.024823654097201,-0.1994394753589902
11028,-0.8098991818939121,-0.1886464362635571
11029,-1.523950757693955,-0.05465080149175604
11030,0.3092473597899459,-0.1327937195137803
11031,-1.575270436168375,-0.029454249132885916
11032,-2.0942086922425407,0.5091999234347251
11033,-0.2516715070424928,0.23256515823598378
11034,-2.1162232580165354,1.1665495336141003
11035,-0.23714111734568089,0.2634347702998904
11036,1.2082910849476993,0.17604241060933812
11037,-6.586790023394513,5.550520756096493
11038,1.9940079106919033,1.6528566792712056
11039,0.3969655890739633,0.28201550151513227
11040,-3.839399124973729,2.1105044190018893
11041,0.8563020220267247,1.9813244960371044
11042,1.4977857961814414,1.6783604859528316
11043,1.192503087794656,0.7297314037751617
11044,0.40908795384186697,0.12809478428088755
11045,0.7363801391446273,0.17786592153169845
11046,1.893961552785601,0.7891295498061569
11047,-0.8637929703215926,0.2893691493184599
11048,0.4514295740102288,0.0630735016351502
11049,0.5917074125505148,0.09413841294301543
11050,-0.27735573276880354,0.2736083584869493
11051,-0.027195365854285777,-0.01619557005197666
11052,0.4887677846339552,-0.23902880276148647
11053,-0.5181868401304641,0.004432974732172442
11054,-0.44523094136703645,0.19452021367126554
11055,-1.6786415589512398,0.4209014636229655
11056,0.1470924267122518,-0.019195801755868904
11057,1.1970363342810046,-0.10171747423708348
11058,1.3436300504110288,0.18645554699477196
11059,0.3012698939419031,-0.08298751817128859
11060,0.64712598699757,-0.19197612587352753
11061,-0.25315816714140826,0.040862169597693725
11062,-0.4269220647819225,-0.1452395395172994
11063,0.2948826947795264,-0.09449948454204148
11064,-1.3084460218734824,0.1345597123522071
11065,0.7421943856628749,-0.17185936847931294
11066,0.3207253576887794,-0.15511763855445365
11067,0.24631841685818961,0.07452908295799271
11068,-0.5019592187222839,0.33140425622311354
11069,-1.6558613104743196,0.41142710764600626
11070,-0.9281810447067271,0.5637850741792454
11071,1.424617252232686,0.16049861324297693
11072,2.8306676605599734,1.8089894975208016
11073,2.1754566238892603,1.5272041920909898
11074,1.500353588695107,1.8900929942708247
11075,-1.899096839127784,1.3415251558783514
11076,-0.7410466944901035,0.514844223898878
11077,0.4046315181220245,0.10399633612794032
11078,-1.0938982740943202,0.22607996093625438
11079,-1.4749635927250164,0.47336359987562304
11080,-0.9228931238289959,0.3778428090057518
11081,1.011150120483007,0.20154733424915416
11082,1.7923911129099193,0.23857146410768004
11083,0.7211202644272451,-0.03187907310607719
11084,0.596639819983891,-0.37329215620974643
11085,-0.2894328057723395,-0.21020158212684809
11086,0.8129366907656672,0.2165634822685027
11087,0.01903388824798383,-0.20362184432992558
11088,-0.9740521367917926,-0.13699614963362455
11089,0.34840154550634805,-0.300857130905145
11090,0.6203679365001628,-0.1860225643964878
11091,-0.5411210841353165,-0.21872781514274842
11092,-0.7723950460224641,-0.23548716466434466
11093,-0.316787615235828,-0.2173989327824763
11094,0.2873619835485583,-0.3071169194397372
11095,0.1257328828549664,-0.4569586276151395
11096,-0.12151757759058797,-0.4224459820200594
11097,0.3459185084386046,-0.3696357471957327
11098,-0.9349808430843399,-0.24825819985981812
11099,-0.5621536894597848,-0.25450315659560374
11100,0.0787256144390675,-0.22108020136424
11101,-0.5853493798007504,-0.5078999824316515
11102,-0.9331309834678237,0.039614261653317426
11103,0.9042788654555819,-0.123350024013542
11104,0.3967322948970211,-0.2509598230458665
11105,-0.8605140022468484,-0.2576996107813614
11106,-1.190229786301213,0.3866199490463807
11107,-0.24110508422351498,0.01604892467335686
11108,-0.06043745230825063,-0.1687121656762961
11109,0.22881146389440432,-0.2882323787675236
11110,-1.0051894439911944,0.32114130063758206
11111,0.023838825395463434,-0.14692088146303395
11112,-0.5195789527395352,0.24986732634710007
11113,-0.637539109516884,-0.15271483711949807
11114,-0.22117781894463376,0.06814297454460208
11115,0.05875118376290789,0.05950849057287318
11116,0.5888322110313166,-0.08866082424413609
11117,0.36429473607012725,0.08519816423713876
11118,-0.059471226226234054,-0.13151918712545113
11119,-0.4260795404345768,-0.2746446913898311
11120,-2.55510354437377,0.7307401818070949
11121,-0.988184451065899,0.709820742634064
11122,0.712098557453769,0.6535995005999273
11123,-0.8350498793476042,0.28695393129012464
11124,-1.99577782884162,2.0819980626927355
11125,0.7897698150139086,0.5452959288351574
11126,-1.1381402127536293,0.3528061908629775
11127,0.8581523242283754,0.04545942583584924
11128,1.4915609174791093,0.39328590215984965
11129,1.4930178555750022,0.20592383769720446
11130,-1.9698002392942302,0.44173807231018847
11131,0.7791859316793427,-0.21190960314599094
11132,-0.4389564569750068,-0.29107654080051004
11133,-0.5123078229706634,-0.018105115572077397
11134,-0.43033299387212565,-0.12823054137293327
11135,-0.3021107579713303,-0.2409795043366666
11136,1.1737207767312798,-0.12953563617677702
11137,-0.38526404416928434,-0.2621616364803649
11138,0.48652005163731477,0.2410462508177706
11139,-0.1285855305994818,0.09491362604834462
11140,-1.3378961080188538,0.11834427389560022
11141,0.7462442575058851,0.5575243020057811
11142,0.9696930759850522,0.09619263107951254
11143,0.8045175247361153,0.4185103118392089
11144,-2.1662742485542137,0.4180241699178268
11145,0.6573549296113563,0.5770549918933686
11146,0.2791687900276847,-0.1023923182521
11147,1.9764399533364645,0.2376763245852322
11148,-0.42854477152848874,0.3946308588678769
11149,1.698674481498136,0.147877900298313
11150,0.20714499818548401,0.40811786011093343
11151,-0.9407367761046327,-0.07615204369397957
11152,1.077468289640209,-0.20638091210725018
11153,-0.07175410461001115,-0.2334143109130729
11154,0.3887597880200045,-0.054608475242412975
11155,0.7341236620954985,-0.20904806262065567
11156,-0.9745732892563606,-0.057521770672921614
11157,0.2772964627690933,-0.3466245300116235
11158,0.557320089525052,0.014074307501048048
11159,-1.290637657949529,-0.028781559496039198
11160,0.9807363127174471,0.11996977059710891
11161,-0.7848376606411408,-0.23901657675857807
11162,-0.1742114557071261,-0.2854238533991317
11163,0.0035243315857222783,-0.3139565887536416
11164,-1.4865971547185806,0.4737470119345748
11165,1.5739123401524169,0.11344819369816826
11166,-1.9519140950612417,0.2854319285782015
11167,-0.7792977049211269,0.45493909192279586
11168,-2.7217025519393023,1.7061338418478997
11169,-0.6635992374124837,0.8209476712853377
11170,1.4433159558052073,0.2680840209670131
11171,0.3481471501349119,-0.10368334895365101
11172,-1.3067747255189952,0.45950603594919714
11173,1.4643070550161295,-0.10509695590222012
11174,0.4710758685054363,-0.24664438118571813
11175,-0.4013171321819718,-0.05237439037362009
11176,0.45922487362694947,-0.2579973245231865
11177,1.3697624954644685,-0.04703120071147493
11178,0.6088396035737973,-0.13849096661643073
11179,-0.3724290753945386,-0.3211014482377512
11180,0.38429037368548885,-0.4051581521215743
11181,-0.4818520503222518,-0.38540535264336967
11182,0.8868559214919215,-0.24431892095953
11183,-0.2799198176435419,-0.22327822880130854
11184,0.5693193438009985,-0.22953181433054015
11185,-0.23819890680578573,-0.3105089413676558
11186,0.36319530774095665,-0.3987239185102047
11187,-0.4076277301519371,-0.4766861203393356
11188,1.2894779148718738,-0.33722371246613375
11189,-1.0366049462617233,-0.1545664160433608
11190,0.09512369398534858,-0.4711989652465678
11191,1.1822993860755304,-0.20452330649016326
11192,1.3345608809877227,-0.16323921703190142
11193,-0.24035575351791985,-0.22488194500103714
11194,1.0012014346414015,-0.013498576910540936
11195,0.21804463719497402,-0.13011485201240952
11196,-0.6205823259924043,-0.28722798239553693
11197,0.5095992397909621,-0.5143732036116467
11198,0.043886300604400665,-0.35281058608433397
11199,0.10287511784514264,-0.3910655333558811
11200,0.48996860699464695,-0.3433757817691985
11201,0.11121461730183674,-0.35301714163565306
11202,-0.3693757666451159,-0.4031938522032736
11203,0.32522275492795605,-0.42536733000793053
11204,0.22750307615502638,-0.37343099940948604
11205,0.5585963684340737,-0.29869140862572513
11206,-0.6968220311264791,-0.3293944268791427
11207,0.47596431263883715,-0.4421992199790683
11208,-0.33091265195993314,-0.4325486217332878
11209,-0.059271821637097225,-0.4399498866915445
11210,0.34178399882516003,-0.35500666264961994
11211,-0.539500062317668,-0.47121456351647106
11212,-0.6478732580002255,-0.3344162479530578
11213,-0.4847391763863601,-0.30878922212724436
11214,0.7642994105159023,-0.40446113803764644
11215,1.1297095544582623,-0.1202927259931601
11216,-0.15399848183461054,-0.14721966309723283
11217,0.15166051545906803,-0.42565029532657866
11218,-0.08469310150817497,-0.4250144341467693
11219,-0.464037737101861,-0.41489355776356884
11220,0.29005689063216766,-0.5485170360018149
11221,0.13014667163053284,-0.4743665181990982
11222,0.25514222799364816,-0.39216532508688584
11223,-0.26655354736954984,-0.5032521395123386
11224,0.09745389789388538,-0.51636921899243
11225,-0.20621607240874187,-0.5165879300672525
11226,-0.3061444892894688,-0.43673736071924624
11227,0.47014467936764753,-0.49729252559574966
11228,-0.01510473710731969,-0.4459680411008192
11229,-0.08049908854702038,-0.5158939306188438
11230,-0.2791531671917323,-0.4271476749579225
11231,-0.03290853156993905,-0.48411283679123157
11232,0.006879639307710527,-0.4257662796821581
11233,-0.20251595218338897,-0.44726118692263106
11234,0.30894994407254533,-0.4457203865728311
11235,-0.11436269710162611,-0.4951175123849036
11236,-0.06873015596625709,-0.46668505555971795
11237,-0.17067402230237783,-0.5253116554684455
11238,0.10125745400640522,-0.6053109602024429
11239,0.6445138179025377,-0.38148234127594655
11240,-0.17944631587548263,-0.42157885692629093
11241,0.29065807477036204,-0.39674665186273705
11242,0.1304461004899124,-0.3942040807704631
11243,-0.27475133669322593,-0.5034151083405001
11244,0.2953747053523751,-0.487295612497193
11245,0.22864270011053536,-0.4348513868601526
11246,0.2152423833084751,-0.3586030499227048
11247,0.10533529747483597,-0.4107362463537889
11248,0.8494231522202809,-0.2991315687695837
11249,-0.9219246267164813,-0.2809540353945492
11250,0.2676091510335794,-0.5197769993194221
11251,-0.704887675160328,-0.21151374343803303
11252,-0.4185536129676808,-0.33137224016737854
11253,0.2370747673619923,-0.44700143365728173
11254,-0.1505636568830434,-0.45997733663790435
11255,0.5190836218675267,-0.47628575529484535
11256,0.1341388894977269,-0.5738084988549257
11257,0.010839647848141365,-0.5078845926242356
11258,0.3365348853142823,-0.43549427596083745
11259,-0.23904570602269135,-0.40975075820058426
11260,0.6575651119710659,-0.35680835538895883
11261,-0.42358746001008346,-0.32566709687330037
11262,0.24560468422610837,-0.3578523221042798
11263,-0.48537321305535597,-0.11507580082273239
11264,0.011065366682891754,-0.3685446083576417
11265,-0.20514107996355432,-0.18539808369173139
11266,-0.3523752539828962,-0.2293158334967953
11267,0.11646663613027716,-0.3429088606464735
11268,0.25231945275904777,-0.5094416260290713
11269,0.7102522583404483,-0.3926843272472127
11270,-0.37860264942202704,-0.30532891107341675
11271,0.4180265528222596,-0.36632885673670756
11272,-0.26484811764348926,-0.36659512506695807
11273,-0.1531233900681415,-0.393209244262575
11274,-0.4234413618649237,-0.4332172035327818
11275,0.15709703486753226,-0.5278691277300287
11276,-0.5603292727327404,-0.32505050530074336
11277,0.19036853423466302,-0.5378384158884699
11278,0.14556567084632804,-0.3784884830616814
11279,-0.03810620161265247,-0.23548844808454455
11280,0.3468649559300155,-0.4176035513973667
11281,0.33860084766921017,-0.5306410553433204
11282,0.11036531402659233,-0.3465914117720366
11283,0.07892452833041555,-0.5005060864895937
11284,0.24272289333268088,-0.448081820794005
11285,0.3443038839428103,-0.36551977395291063
11286,-0.5950849829909457,-0.4478893089497635
11287,-0.49172693031636355,-0.4523950885132203
11288,0.4302265161568587,-0.5435460220610029
11289,-0.20280794430152313,-0.4695431697332171
11290,-0.3003128596575681,-0.4715709367198408
11291,0.34987012650754906,-0.5109188003868342
11292,0.10018620234088836,-0.5079741934661002
11293,0.40400140643219495,-0.5294278887530295
11294,0.437459575954426,-0.21528766151101936
11295,-0.584473769556102,-0.1084151592407376
11296,-0.17176626875157167,-0.3893512200715389
11297,-0.3677679250936365,-0.45281005391291695
11298,-0.17638485190327577,-0.34498483341062797
11299,-0.009623212302555792,-0.4853964560803375
11300,-0.2620981411627641,-0.4513334250452757
11301,-0.16448443526116735,-0.4099171615575136
11302,0.06696616310894506,-0.3886832458898848
11303,0.14230449505990533,-0.4557325436704867
11304,-0.16280781983876452,-0.5076899879038815
11305,0.3506559176891541,-0.4612553451874034
11306,0.6187704478505901,-0.4062776832850748
11307,0.2489473507268453,-0.37494019327153755
11308,0.08250240889181583,-0.45467500796530835
11309,-0.41008650705292243,-0.4897915589355885
11310,0.35432582821836783,-0.44530756675821176
11311,-0.26007259798225635,-0.5214327338286048
11312,0.31230426868740835,-0.5444842415053288
11313,0.4197968957569344,-0.3854562471254275
11314,-0.6640662554525254,-0.24207381296032798
11315,0.24331248934290503,-0.4890392210223605
11316,0.2726597377658301,-0.528034473781672
11317,-0.22157885090159646,-0.5411077070801792
11318,-0.07909179546581217,-0.49851470913837476
11319,0.26119284784012015,-0.5389961037348185
11320,0.2586564153109094,-0.41032248342239735
11321,0.11401999253362301,-0.5282558061428823
11322,0.06371619640961765,-0.4983671755070588
11323,0.41818205873149566,-0.2324522724872295
11324,-0.18414976622878793,-0.22699461212162436
11325,-0.032862374658577886,-0.41298641401726516
11326,-0.3596582894876228,-0.3402159506240476
11327,-0.23029315214833102,-0.49188758478987876
11328,0.23212356338607257,-0.5566038623590415
11329,-0.48451625966427,-0.48638262611305755
11330,-0.18590665519195426,-0.43704555122446664
11331,0.038534462042316045,-0.5441389279334428
11332,-0.024988799288751244,-0.4416730020920057
11333,-0.3428927656337461,-0.49329261386276585
11334,-0.12002665589061957,-0.5067971044768941
11335,-0.48389456946864207,-0.269273006460474
11336,0.16015791590148976,-0.35892069631572987
11337,-0.13256924221875388,-0.3868128875458158
11338,-0.15463646040833262,-0.4233605588263104
11339,-0.16269882313483008,-0.44250389813038665
11340,-0.17969151589520596,-0.42408506274534924
11341,-0.0297728155570107,-0.3780404029430913
11342,0.6696520490057848,-0.47472169050399915
11343,0.2192704543713593,-0.3958851476873165
11344,0.6913552386799232,-0.41105956883242656
11345,0.19335478941143197,-0.12263237643994881
11346,0.10703767946811191,-0.3563936957511868
11347,-0.12291969282656731,-0.34839248737568046
11348,-0.5186515732379541,-0.3354498134631179
11349,-0.40510973404667006,-0.3687689211909479
11350,0.3795202562616411,-0.34401032198432735
11351,-0.6780166046583318,-0.3988177885722508
11352,-0.2602978944111332,-0.2665181892043081
11353,1.0356622428384816,-0.37296658063853527
11354,0.07779503257141109,-0.3563046951900531
11355,0.06769950740015204,-0.399619018918067
11356,-0.38431643298085466,-0.3460386558928844
11357,-0.054603435257347635,-0.3602011692279171
11358,0.34514285612342976,-0.3962336749797309
11359,0.24615874219244613,-0.35859279785463105
11360,-0.4840693864253391,-0.38994999979447104
11361,0.21269463722167783,-0.3556065244086613
11362,-0.44225653914917445,-0.29757776992622575
11363,0.4516354087824787,-0.29058078678902505
11364,0.15449083524767507,-0.4109173701565308
11365,0.3454484640368919,-0.5400704120204598
11366,1.673349543628527,0.73370883586018
11367,0.6337788394644922,0.24789602184622284
11368,-0.6866429929415271,0.4898587503087001
11369,-0.9056931358864826,0.15260909404731893
11370,-0.1620196820990415,-0.20950156713246315
11371,0.5191964011872271,-0.23244802906590256
11372,-0.193842387964206,-0.3505821159834094
11373,0.445057161209384,-0.2192716304492714
11374,0.5207567710456183,-0.214095628750108
11375,0.029960878944848328,-0.34215569753539016
11376,-0.49891935481458627,-0.4391037215521745
11377,0.16576906878115383,-0.24465878061589535
11378,-0.18261749908093103,-0.4069114160689809
11379,-0.31068230601424185,-0.48097704151433646
11380,0.07405713761786105,-0.4700037451047057
11381,0.010489277636900989,-0.4500961667393113
11382,0.5503544356110078,-0.3623229973238038
11383,-0.021904580514488674,-0.5229373238002258
11384,-0.5924492090490904,-0.5104709607889455
11385,-0.27452649118503747,-0.3750091008744833
11386,-0.34571031975424626,-0.5726308417318868
11387,0.7530007400289551,-0.405298156250871
11388,-0.033298592187527294,-0.3992719369742559
11389,1.090899462577748,-0.4128353994129571
11390,1.869631197060657,0.4203051865227046
11391,-0.46303275998680676,-0.12064480024382715
11392,0.19403878990694173,-0.32189497069929995
11393,-0.8511657007414579,-0.31990933697674684
11394,-1.0375764356101427,-0.05035068381905826
11395,0.6212312790131869,-0.31657863072050185
11396,-0.06743702580362389,-0.45280137534306075
11397,0.3508585217537135,-0.4304376249938571
11398,0.2474417241659684,-0.32270968169938835
11399,1.1101206863357573,0.5617785369206627
11400,-1.1736407922277066,-0.07056130258571633
11401,-0.347136646467922,-0.33320746101987003
11402,-0.28358838652978124,-0.11408267699152667
11403,0.20242661366503625,-0.295952611411586
11404,-1.0222621752290793,-0.23795474440559033
11405,0.45745382139080665,-0.2498606735902119
11406,0.6194351280497579,-0.19476868834473976
11407,1.2147029412578754,-0.22127856645085853
11408,0.40304461920754087,0.5498861365954344
11409,-0.3881685940176217,-0.08130403915248363
11410,-0.3136834124735134,-0.2881859184696001
11411,-0.24985743133968383,-0.2735680273727335
11412,0.1961175590573471,-0.2051280406600569
11413,0.38281040726321836,-0.4074756980177668
11414,-0.25712237481076217,-0.2531935757034746
11415,-0.10882873516345574,-0.3219864597061219
11416,0.6054741476517288,-0.2305081668930496
11417,-0.19378694971755575,-0.3180203209463176
11418,0.3550806451366503,-0.27090403607193897
11419,0.6294284625002721,0.13782951917586117
11420,0.46145110712214676,-0.02275340402435426
11421,0.3366415650544702,0.123518447310326
11422,0.1303679148962842,-0.17747643121504725
11423,-0.7459449932081024,-0.05188588077977805
11424,-0.10049592731655417,-0.3566550495990836
11425,0.18738250900512668,-0.3640227897234753
11426,-2.0002560215867704,0.3716940036311082
11427,0.8512674695881778,0.09731831494219939
11428,-0.49988291372989563,-0.250606177067907
11429,0.15543551719666918,-0.34694969031633643
11430,-0.30307080763845445,-0.2535163537768991
11431,0.3752951874963944,-0.32467399988275936
11432,-0.6562807472042337,-0.19809821988390414
11433,0.507133881415131,-0.26837208941804075
11434,-0.596023332550527,-0.3113411723606983
11435,0.22315410003931455,-0.2942538994923034
11436,-0.5501501818883221,-0.27127697884001684
11437,0.7393885751197258,-0.3233855650561978
11438,-0.745541445363841,-0.27341441756711427
11439,0.5309839391686276,-0.42480605474386945
11440,-1.057134221487841,-0.2144766921418581
11441,0.32365070598136053,-0.38541383173618926
11442,-0.5017912325429357,-0.3591722605343562
11443,-0.3607261262507853,-0.23886276618396252
11444,0.546614542194371,-0.03352191912387592
11445,0.509827348491646,-0.33691732487948106
11446,-0.08163055723727786,-0.3285131732165384
11447,0.5021665134300468,-0.1960677777705871
11448,0.3050940550869815,-0.31997651451318976
11449,-0.9663253893862285,-0.06490530537540354
11450,-1.0835100035534686,0.0778969807097483
11451,-0.7789779101179998,0.5372810777566254
11452,-0.025601120600692574,0.5284533487707261
11453,-0.594782837339699,0.041729043594094774
11454,-0.23313804187850862,0.03167946856784837
11455,-3.1505075342179905,2.8168394678418114
11456,0.9561682669289974,0.5731346297322253
11457,-1.3652579076434594,0.24000836400655096
11458,0.9590154875640965,-0.04815677380498828
11459,0.6485200993284687,0.057724629502518096
11460,-0.8432384075432153,-0.2823698550713406
11461,-0.284744196544606,-0.004547919620960128
11462,-0.41691318160289687,-0.10080417124453839
11463,0.7149533103778608,-0.13571167948545898
11464,0.4752920635307685,-0.033478593497811376
11465,-0.9187133712889284,-0.19323537916852368
11466,-0.6296873652292045,-0.34592547962202463
11467,0.7930003768732358,0.27254336558270414
11468,-0.9722637107440456,-0.15862922232858478
11469,-0.3820340998973763,-0.30139564887360254
11470,-0.13619541384215927,0.4026539592208036
11471,-1.1275217011952012,0.31002737507191624
11472,0.6749772697886214,0.08372879977594713
11473,-0.15171183763627621,-0.3551243866736198
11474,1.1808945378558395,0.035460975313991554
11475,-0.06216172749770514,-0.37828651184320583
11476,-1.6021070730233231,-0.03792578744220039
11477,1.1016982308778385,-0.08682861171496495
11478,-1.2998753243171528,-0.03959749829383383
11479,-1.3062700330834554,0.24995356779728334
11480,0.7622477330254702,-0.23700182853027024
11481,0.3977580104691284,-0.40894304649554547
11482,0.1401844551028805,-0.2961486547102509
11483,-0.21948152196119353,-0.22707445595421805
11484,1.3602392536517973,-0.2073999716658817
11485,-1.0865815698211245,-0.16360835671490664
11486,0.1007507374030685,-0.21093512407336107
11487,-0.23137322163207444,-0.3903407120311779
11488,-1.2931864911561206,0.4207659468325192
11489,0.3963555465533995,-0.336536343148529
11490,0.17243410034518694,-0.31712659382536396
11491,-0.42488326840210044,-0.23148062995577362
11492,0.09604691711051244,-0.3220692096269314
11493,0.35787299879255785,-0.27967566859029974
11494,1.1478405808468515,-0.17470676179118377
11495,-0.14676413799893884,0.10414915991264839
11496,-2.699697706411625,1.1209207303897422
11497,1.5144064910756638,-0.02763438502494319
11498,0.09978096349230162,-0.362673554748466
11499,0.7249991970708711,-0.23430987220984373
11500,-0.3531784864408812,-0.3048722353932654
11501,-1.6255073012204084,-0.08102780857071881
11502,0.4287802296810501,-0.28515333598591286
11503,-0.501093679435016,0.2688497118977808
11504,-0.24072489098224795,-0.20941925345417034
11505,-0.04439339326466251,-0.22433163071460277
11506,1.7901669958539774,0.11802698091858359
11507,-0.36528798734928236,-0.28945562841173983
11508,0.9132818859377323,-0.14351892757542567
11509,0.5988239012169978,-0.1978381331868243
11510,0.42504507302175626,-0.20530938878121774
11511,-0.5009496969912343,-0.4204780444048165
11512,-0.6157064953006199,-0.39239366808809284
11513,-0.277080224629146,-0.3817581178620193
11514,0.3959824337154248,-0.35839474647114256
11515,0.2943055650971355,-0.45502898978005096
11516,0.6619026159079338,-0.26994598164386463
11517,0.392404723778095,-0.3945022098816818
11518,-0.05236248766250919,-0.37742373085805025
11519,0.41454215632100677,-0.2601756342023593
11520,0.4084850346525305,-0.3350851037549117
11521,-0.6110512152055788,-0.14363552764007698
11522,0.19527146174751245,-0.31423633133033746
11523,-0.17937919415844264,-0.3586370450473822
11524,0.769143668647838,-0.07594708116234163
11525,-0.10228585628145676,0.06309324243284281
11526,0.12269007565017334,-0.19026526624873513
11527,-0.7587978147805441,-0.3265162182714878
11528,0.5384072443332191,-0.40837882431871
11529,-0.3674454228143361,-0.2970460437208196
11530,-0.6059791702267047,-0.3311610161097137
11531,0.5179018485959535,-0.29909344160698875
11532,-0.11908860466141703,-0.3860674772469775
11533,-0.18169327441831534,-0.3630477406204697
11534,-1.2329181428060225,0.05694998481907332
11535,0.27912252505526053,-0.2712965950244474
11536,-0.9058195693903789,-0.22884605474442626
11537,-0.8731761675987902,-0.0856915591058342
11538,0.7038630810117077,-0.266808146467025
11539,0.45473481583026565,-0.3786081936856205
11540,-0.33287426295884165,-0.3798007511291337
11541,0.47133898314576006,-0.5018406248412409
11542,-0.3328426229707146,-0.34018043391741065
11543,1.5568460525624406,0.023812343744187864
11544,0.5542075168499374,-0.2747898889707756
11545,-0.6987717707653367,-0.3147786614875451
11546,-0.14823826961712144,-0.3125662606599871
11547,0.3642636629044364,-0.3601324193607218
11548,-0.7592269101800343,-0.2381801338387335
11549,-1.2301471498243783,0.007296268018757501
11550,-1.5621144415182473,0.7271698015458886
11551,0.8500191570061505,-0.1849408679071431
11552,-0.4776669242389586,-0.22702839385267143
11553,-1.4160168082065598,0.8089083085996134
11554,-0.21269511651944661,0.20801507527240543
11555,-1.0535269545564736,0.19423530887924229
11556,0.014904117013251528,0.15032055117556248
11557,0.19451885040783556,-0.1470563326121832
11558,-0.6018985722480761,0.20488143122750657
11559,-0.36129891911214507,0.06928464421572034
11560,0.14472355998467826,0.6230958692834485
11561,0.9106057720941815,-0.03734478814930381
11562,0.997251122760519,-0.07822007984927311
11563,0.2861119755530049,-0.09333013488161583
11564,-0.9538610517381119,-0.10175671732931936
11565,0.671751804287082,-0.37908870581295595
11566,-0.4873030082599193,-0.31557019249377355
11567,0.3703739069582855,-0.4678114211487611
11568,-0.35628508800062303,-0.338744427879748
11569,-0.21622051377826063,-0.4349171239080167
11570,0.2839072666412386,-0.43999576686702174
11571,-1.3677040239057245,0.3584061249825295
11572,0.40077111453562014,-0.47793038594006193
11573,-0.2505221813396147,-0.3891592256918054
11574,-1.1045195059404613,-0.01886371775875116
11575,1.1100124566157943,0.019757514927337284
11576,-0.8422864416676576,-0.2938910981671042
11577,0.6553902437689684,-0.3598541756247271
11578,-0.1076722309602078,-0.3601000938717579
11579,-0.22810242192338298,-0.3605743902681807
11580,0.00024154345617610285,-0.42772819665977113
11581,1.5122957754324382,-0.24011526062200444
11582,-1.1885823298492562,-0.13936129572103445
11583,0.8179921543521712,-0.46932489008233336
11584,0.05007613674034272,-0.4678067287518522
11585,0.5814564518244562,-0.46111552311089526
11586,-0.14506698062406662,-0.4799715216866
11587,0.2751098209073609,-0.4802661634864503
11588,-0.4668412149153038,-0.36640744785909896
11589,0.47285757079026003,-0.4897470616093525
11590,-0.26875448198599194,-0.4743942255914546
11591,-0.8336808496579212,-0.3955137316329985
11592,-0.4501474948522396,-0.300485503664698
11593,0.7544488247544018,-0.24956630341555286
11594,-0.15399626702451744,-0.4615716864625577
11595,-0.7994876015361204,-0.16820424162602748
11596,1.8575260075398088,0.011542814364150784
11597,0.010424814942650516,-0.32210914041609023
11598,0.8561382188942894,-0.45419133309072246
11599,-0.6082024273835999,-0.3641021765998202
11600,0.2735226895203136,-0.4438673829347484
11601,-0.29633168332796506,-0.4190765712179877
11602,-0.08566439849687141,-0.4838474044301793
11603,0.14910850013008492,-0.4420054883668537
11604,0.23970039468368687,-0.5210871086574578
11605,-0.36830768606682535,-0.40678370807444586
11606,0.30680264044925903,-0.5673165416370837
11607,-0.43128656316388,-0.513774770593038
11608,-0.7508292288405427,-0.3171292508170305
11609,-0.2634107947353778,-0.5083274399639944
11610,-0.995909812125322,-0.30935825023943425
11611,1.309990808239855,-0.2831121319548026
11612,-0.15639296235230002,-0.5474226462647301
11613,0.35310819429619256,-0.45819629658514693
11614,0.16500426971678248,-0.5025463191157051
11615,0.2793636159387786,-0.4539693436200484
11616,0.27875892155344556,-0.3900985500021566
11617,-0.002512003149711674,-0.4702384742216623
11618,-0.47038031012908543,-0.387550856920173
11619,0.3057815249421362,-0.42268037347145926
11620,-0.6699375872161746,-0.32857658519606625
11621,-0.22903173432786697,-0.49680194197150573
11622,-0.5596393596177128,-0.3167867386093248
11623,0.6275332167170056,-0.24773877820392903
11624,0.8781125311225902,-0.23399810960776424
11625,-0.3951093939615444,-0.37623779442289107
11626,-0.6224138100918055,-0.2432256476621042
11627,-0.4961551868777918,-0.2287134654295983
11628,-0.8941474539262971,0.22475651795854035
11629,0.351976692802543,-0.26762269972090424
11630,0.5879470019463273,-0.17375270483843447
11631,0.10784682473638911,-0.39991947329952343
11632,-0.08295796683126094,-0.379026254320108
11633,-1.7728728976197834,0.34564794664321397
11634,0.30895712989339114,-0.3400688134651936
11635,-2.028174513856666,1.2158255862362704
11636,-0.16865329986935557,-0.13353224889945225
11637,-0.3918362238042664,0.6406171822865598
11638,-0.5827788428110134,0.009247800172507994
11639,1.273126804981821,0.6315946934214816
11640,-0.9907006194089615,0.12435939204437678
11641,0.5466194373960094,-0.16390095331344
11642,-0.2675376395951021,-0.06227838032119166
11643,-0.5845207726203469,0.04744645372807222
11644,0.8662548313650195,0.2053804914780471
11645,0.37941496831423716,0.027042998375796906
11646,0.4044735253907279,-0.10719126464582843
11647,0.056876514408589963,0.3256358970451383
11648,1.170723486866882,-0.00770526732422044
11649,2.270363995328784,0.861872398287201
11650,-1.5332797916585068,0.3617078412150675
11651,-0.48217674755673645,0.04956262032669817
11652,0.248610467704833,-0.34429775813445723
11653,-0.029542591717248046,-0.14313364452169042
11654,0.0022370955288107553,-0.23465624785255645
11655,-0.038650050612170375,0.22142765658190366
11656,-0.21455231312494763,0.012798553866073575
11657,-0.028021073338813846,-0.41102864586135773
11658,-0.1846250144164905,-0.34622093816670807
11659,0.14352264192661443,-0.3784456264051957
11660,0.39581083664174493,-0.37609916815254213
11661,0.16894641142323386,-0.3084503042977739
11662,-0.3407896031217522,0.13332252954413948
11663,0.1223132391580766,-0.25988340918621616
11664,-1.3118166473332549,0.18572423661141918
11665,-3.9979896916392006,2.021342426441842
11666,-4.1787976446522395,5.5156503272648365
11667,1.2683423194353016,1.20176939280581
11668,1.3974220616473758,0.5641412012195745
11669,1.0767371063864075,0.1571413026136273
11670,1.4431126531169443,0.0381113619116261
11671,-0.80928194417089,-0.19617394275681876
11672,-0.28204976863364944,-0.3192073005909401
11673,0.04524950305828905,-0.4682528504865661
11674,0.0993116069032469,-0.4555332905638245
11675,-0.887061483590624,-0.321392864527803
11676,-0.44320504660034943,-0.31195396237541495
11677,1.327318190296351,-0.31784666179593307
11678,0.07183253351793867,-0.3622942273135502
11679,-0.5588483953741222,-0.42098386594470755
11680,0.4008995521823075,-0.4612286402255861
11681,0.29945266236859713,-0.553483064074056
11682,0.7146625675821985,-0.2632528396980127
11683,0.49026304473935983,-0.39786134959286185
11684,0.5916019999034715,-0.3943097121247157
11685,0.04202996942170522,-0.41093951693336517
11686,-0.0018716127583027823,-0.44040382238792547
11687,0.8866099860879755,-0.33874112517019606
11688,1.0541230548477594,-0.10492452902016795
11689,0.159138497445097,-0.23198099828636803
11690,-0.11755953979356891,-0.42974257796761883
11691,0.044118189366016476,-0.3735371382268455
11692,-0.24436802369418936,-0.3683503159651729
11693,-0.3661825947318254,-0.4366215341412641
11694,0.22025979993131184,-0.44819345904932406
11695,0.06037352338599683,-0.5144145237597476
11696,0.8200643162686011,-0.28254392807374223
11697,-0.045980859389780714,-0.3867789027194448
11698,-0.035150332210643905,-0.36145855849456
11699,0.12086614599158266,-0.40343414332070576
11700,0.23130856298021918,-0.4680496873568922
11701,-0.016451538063084633,-0.30930963104020054
11702,-0.16952680723449257,-0.4515262174231326
11703,-0.3604047385103192,-0.4670600817156436
11704,0.5988082971513055,-0.42037520739957634
11705,0.22566535385542033,-0.303671742772314
11706,-0.25567124366972654,-0.4214309283032447
11707,0.2464332473023096,-0.446086336562969
11708,-0.016831988980352732,-0.5324533526425763
11709,-0.19117666642085926,-0.430263011009717
11710,-0.32298158725608983,-0.47571914519560654
11711,0.5091686027030654,-0.18339348807797523
11712,0.41504233152591696,-0.4564710416225343
11713,0.4553868336494132,-0.2543417549441617
11714,-0.13988886102870068,-0.3031010125258739
11715,0.19627086564503068,-0.41475739993027116
11716,-0.2857330011863505,-0.3963727037649121
11717,0.01488029013948255,-0.5006289890700361
11718,0.11904579205021092,-0.4023695908096248
11719,0.2202438779179625,-0.3789683077257137
11720,0.5372525678380738,-0.3422768151930701
11721,-0.3460431256738038,-0.3389234302199864
11722,-0.1493108567377427,-0.40473497363754507
11723,0.12577440380083432,-0.5191902174730294
11724,0.06558445626048995,-0.4505854608133161
11725,0.48156488313094237,-0.23767657867441494
11726,-0.3537125416981649,-0.31802582625414816
11727,-0.3212603169561128,-0.4151838257395858
11728,0.3719427877488106,-0.41104751789879523
11729,-0.4946743861705738,-0.3278273174294994
11730,0.008507658880664994,-0.3180362459595481
11731,-0.7725097369006225,-0.1458211482871946
11732,-0.04036212139866162,-0.3947535449493643
11733,-0.13446743567152455,-0.35343266721080097
11734,-0.27428923836477415,-0.4529847225701153
11735,0.21966654114575987,-0.31096568385382023
11736,-0.9328139191659808,-0.2532117811501891
11737,0.5181622127958581,-0.257131267013912
11738,-1.73588709432533,0.10902572997457478
11739,-0.4148189958355,0.01783734769667984
11740,0.08225693645169493,0.3045839806354777
11741,0.7814479380678288,0.08544688936582569
11742,-0.7875140002660831,0.035059514900907106
11743,-1.9735134631574507,0.6452854848298649
11744,0.12898263184859102,0.03373842699853362
11745,-0.3279773547114235,-0.2247626212325024
11746,0.5633462729137699,-0.08171821252283629
11747,0.63920504911792,-0.1562555873919338
11748,0.8025726934827194,-0.20384736754898797
11749,-0.01607796321037044,-0.3084919420390061
11750,0.47485111513708117,-0.19076745044087456
11751,0.6767353012726157,-0.3458147589334375
11752,1.173233261062007,0.21771943656076675
11753,-0.3202000091297987,-0.21423663044470087
11754,-1.212235646209221,-0.15532435260698102
11755,-1.286517558889314,0.002492660190544114
11756,0.3826935088634274,-0.34253031160346137
11757,-1.0292621079814757,-0.012289595004985231
11758,-1.024760250715937,0.0909914205578664
11759,1.3872096848205144,-0.16509707051428696
11760,0.16319695674074747,-0.3632636788648025
11761,-0.8174472687958623,-0.32255636432296253
11762,-1.5398612054851937,0.012263261184976452
11763,-0.2128698820645561,-0.2986147630158891
11764,-0.34891940053151593,-0.18801695814365377
11765,-0.3966902878545749,-0.033501357992205966
11766,-0.5352459867321764,0.29563084505423054
11767,0.42829987028615263,-0.15573007369089464
11768,-0.4105869051316117,-0.239251892090933
11769,-0.18735574011413644,-0.4010923063546741
11770,-0.23944087118636595,-0.2769537620468255
11771,0.6633387237333177,-0.4051855203224512
11772,-0.14768938897407194,-0.3728989504436686
11773,-0.6279652539461567,0.09919748561118397
11774,-0.784535649646994,-0.11037743994452164
11775,-0.07209221489998231,-0.038481104526453855
11776,-0.7001755523919782,0.10964244836903467
11777,-0.3129679446515396,-0.35645201298119134
11778,1.2062042739596048,0.012447425304199965
11779,-1.107146279267652,-0.21032429360800015
11780,-1.094268396642228,0.6292259075475398
11781,0.04105748009871162,-0.30040395437328454
11782,-1.5638602065843434,0.921441911242558
11783,1.060277150719688,0.3672391545563576
11784,-1.0911526148048016,0.4057705230390114
11785,2.619595598283845,5.853286263776454
11786,-2.7316210971304247,1.1853979768462768
11787,1.6613565196530615,0.604012382750125
11788,0.5076015377630684,0.022196016454004888
11789,-0.06856251556181844,-0.1828732150339314
11790,1.5678284304845078,0.01865935275788634
11791,-0.2135405169222486,0.0019609627120289307
11792,0.5486262864246336,-0.2565691334222275
11793,0.32639178191948,-0.30648188609608246
11794,-0.7146358439850587,-0.17758210492160614
11795,0.9613231881655123,-0.2433240598942223
11796,-0.6997442369636416,-0.3263199818667202
11797,-0.6013519901427903,-0.32739568810112984
11798,-0.9427420174445907,-0.08369681752800423
11799,-0.19999130402021298,-0.16775088580781172
11800,0.2860907694846968,-0.4336684250178324
11801,-0.08721891998017471,-0.47539106219777244
11802,0.6318489808887744,-0.39102462746387806
11803,-1.181893813376402,-0.08009334453424302
11804,-0.311663500991475,-0.180930628500656
11805,0.020071549021719395,-0.24831641700521162
11806,-0.8120966202290505,-0.10753185037289563
11807,-0.6174595213355456,-0.08059612074537122
11808,-0.41903383138018346,-0.06326885828516599
11809,1.2864247828635627,-0.07245924296750461
11810,-0.4590425320009224,-0.06019539593744368
11811,-0.648814402175979,-0.02180410629791617
11812,0.34358912574763006,-0.09705150212068593
11813,0.5263084613088297,-0.16813000538502365
11814,-2.8038036268954456,1.6667876352535604
11815,-0.21340540031552915,0.36015217015681816
11816,1.245008905106832,0.6411577740833242
11817,-0.4835115577108161,-0.13211993113007964
11818,0.916908622901304,0.45154082950752933
11819,0.9028303368350304,-0.11367591671864516
11820,-0.04375427045646709,-0.37798303856342574
11821,-1.2276710841793668,-0.14653229211282454
11822,0.9539022248735344,-0.3111645623990793
11823,-0.36426069559698343,-0.39689799087770505
11824,0.4245255644105344,-0.2795444604204487
11825,-0.5030107437020833,-0.33184179436080213
11826,0.21698927044519875,-0.4069788256714412
11827,-0.033942383540987074,-0.36462283870418444
11828,0.6810457724832812,-0.29663282469178626
11829,0.7580631733824593,-0.2585963431591403
11830,0.5815261251142353,-0.06580733946104322
11831,-0.45317787385201036,-0.24500348670574085
11832,1.4526127168827185,0.889079569415141
11833,-0.7430710235159549,-0.08321102479630653
11834,0.35379719690984823,-0.0842680606921829
11835,-0.7864804027706763,-0.11535831274634599
11836,-2.2010037178508886,0.5775159058346461
11837,-1.8765788986233614,1.3844172999484796
11838,2.656252784435258,1.3940035580372625
11839,2.418942137211585,0.7436432905854495
11840,-1.0189274780055935,0.14853591658496856
11841,0.5960051778136459,-0.10452229383003293
11842,-1.4437545279277355,-0.09198718343459246
11843,-1.0402795268854728,0.18604474338873472
11844,1.5323695694033312,-0.03197347799690146
11845,0.06452375457028629,-0.40949618987044584
11846,1.1035065586265278,-0.1966343873234066
11847,0.06294010534588677,-0.39168221077498855
11848,-0.9322164115311639,0.10891135872790601
11849,-2.0646089912062093,0.29914417859735376
11850,-1.2399475694951059,0.1696646506963726
11851,0.606107786584436,-0.359086996223453
11852,-0.6358280887656738,0.091150836371601
11853,-0.14712491452853993,-0.349792192225397
11854,-0.4515759202768957,-0.05535537347003271
11855,0.7266546829986709,0.09028781875867584
11856,0.3390163357991235,-0.3155814059990161
11857,-1.0183387287383607,-0.036187206593836896
11858,0.07196029914310204,-0.32907959928028746
11859,-0.13519825018758705,0.060944480211791704
11860,0.04426680468004752,-0.060736036927633894
11861,0.4813157243383645,-0.2005994521520098
11862,-2.1104770148084735,1.0506528124341816
11863,0.45149349617146617,0.13134029983298717
11864,-0.3489962218108083,0.06088235933585093
11865,1.5718574362849658,0.07556752090398172
11866,0.5407089432406167,-0.1758164771837823
11867,0.006728652519473596,-0.3551922810899004
11868,-0.22696523903244425,-0.4541549396025296
11869,-0.5099805135497142,-0.4931652198597934
11870,-1.9356263850743172,0.45556860291622636
11871,-1.4851813604762405,1.7906009327614119
11872,-0.24836309041244412,2.535019481566916
11873,0.3215423181906268,0.3781396749012751
11874,1.3260384714549442,0.2449305960373891
11875,0.757628459237493,-0.21596356111727483
11876,0.09158323971582943,-0.3055282298116714
11877,-0.21920711286409478,-0.4224573196838361
11878,-0.1156941413027246,-0.12857409061655617
11879,1.1258273091083657,-0.09699120858957397
11880,0.185357488304767,-0.004620118614024012
11881,1.088783971427911,0.27124512450917526
11882,-0.25589451157724896,-0.38746370552719506
11883,-0.7928476016359087,-0.391287665833138
11884,0.40515373021222767,-0.5152086414391585
11885,0.3838980449827028,-0.45388601415911395
11886,0.2571015126672581,-0.4258219751948255
11887,-0.2635552817568351,-0.5027959145668045
11888,0.04677839909579857,-0.6280870636314855
11889,0.02738068643449282,-0.4932416396769487
11890,0.32273946317909763,-0.5299809099430511
11891,-0.10025812386317051,-0.5067940103541346
11892,0.0987895686727818,-0.5636838754882981
11893,0.10542821024778966,-0.53448295247137
11894,-0.08337201535441788,-0.49281271463662885
11895,0.5875013991876418,-0.4469656464331845
11896,0.5291504918559237,-0.3848852051933356
11897,0.07164335157103006,-0.3117900329954475
11898,-0.5956855242764333,-0.386390789186142
11899,0.48802837167837726,-0.452599808366341
11900,-0.3439136301572872,-0.5085356636082221
11901,-0.16056317078617097,-0.5236207203511755
11902,-0.5809122831946331,-0.3944240181169921
11903,-2.402262980525429,0.5753248969774597
11904,-0.6227082302749642,0.15582616249479753
11905,0.5411543089149644,-0.19707231667149222
11906,-0.4216456857868314,-0.15213006530702766
11907,1.7262378282151427,-0.017616221360181893
11908,0.4403357400496453,-0.22132656899938846
11909,0.6737972540990886,-0.2866336751560192
11910,-0.08690375068874877,-0.3714656469358133
11911,-0.5249387779425424,-0.3986203327470469
11912,-0.4277338484055047,-0.22718683534760264
11913,-0.40257188994709553,-0.3631778955487222
11914,0.5957225958358863,-0.45490213156849607
11915,-0.5320636475132853,-0.45293761144693145
11916,-0.49979364883216626,-0.39410666271751205
11917,0.6962235507003306,-0.4770832688050191
11918,-0.8430721910142165,-0.3219431527731846
11919,0.3225796501894783,-0.3084902092086941
11920,-0.7686669526723452,-0.23948490304616799
11921,0.7123358140700103,-0.4563546443922585
11922,-0.5755715165604455,-0.42603149661465745
11923,2.194052294826149,-0.18097131315118498
11924,-0.43060074503461715,-0.3548015256852113
11925,-0.24928834947378928,-0.4382818338585241
11926,-0.2941819664775006,-0.4874719910426964
11927,-0.1420245293467395,-0.5282988541000517
11928,-0.6138210955126453,-0.47094211890787996
11929,0.7392999822682059,-0.22331101956236843
11930,-0.8634604698029226,-0.3700047477717931
11931,-0.15244855045240555,-0.4480184252796219
11932,0.44406728442379323,-0.39815330680618777
11933,0.45197858764790133,-0.3255078506598567
11934,-0.7319056214453343,-0.35718076169034196
11935,-0.5076589710646194,-0.23553500216188833
11936,-1.2575783779826466,0.35385915982793104
11937,0.12366091125765126,-0.13798765814231417
11938,0.6778634748925786,-0.2252664027602479
11939,-0.007618844126193243,-0.3700656550340738
11940,-1.0459239258605204,-0.06535530309987968
11941,-1.1150352714638385,0.4892535955993727
11942,0.06964047019716585,-0.015069993942066803
11943,0.1084439039424707,-0.3356689792977519
11944,1.0522252881252685,0.44853575125806194
11945,0.007237167760727891,-0.20965391811268302
11946,0.7698530328217414,-0.2793124371430047
11947,0.038270097923040265,-0.44417987067640013
11948,-1.4205261513356677,-0.26281181998845043
11949,-2.072331873317186,1.0583256572144266
11950,-0.8767433657258937,0.009605726924374575
11951,-0.6675447770635018,0.5117844832095818
11952,0.12153918971151928,0.2345206598703612
11953,-0.3199734048722786,0.5351160772463207
11954,-0.04446001177396211,0.24519181484804875
11955,2.1731992295563614,0.2702023013788508
11956,0.03139387777866373,-0.13293432682348288
11957,-1.6595606411421877,-0.0039472584782124
11958,0.8918053921120889,-0.38386733540618767
11959,0.29730525568070987,-0.40686051606663765
11960,-0.44338502497974713,-0.32364491898720815
11961,1.1937794690883312,-0.12405892067497212
11962,-0.9702428508776566,-0.05978987908428076
11963,-0.06895951141313925,-0.4750022683704864
11964,0.746862242466063,-0.3897356338299459
11965,0.051349667964024244,-0.4929487922895471
11966,0.019815683794250603,-0.47568624587234004
11967,-1.3039167986929578,-0.04368796952364555
11968,1.2623481122198057,-0.3396262681412827
11969,0.1681890483841327,-0.3941247077415391
11970,-1.3712124064272524,-0.17220866519082734
11971,-1.3449930057410813,0.08180563237522988
11972,1.8981102836853223,0.072101825491912
11973,-0.5268667238298536,-0.38505611414489
11974,0.2886035249173358,-0.17727329723310814
11975,-1.3165966212238054,-0.036999469771000354
11976,1.5215487179849745,0.4184547925333615
11977,1.1920141600496157,0.19164869539586837
11978,0.07682685727154384,-0.2153908083120913
11979,0.5931734906973326,-0.3210990600835328
11980,0.06896458161677754,-0.34136262430439673
11981,-0.4226777725499748,-0.3589311227235531
11982,1.0574257762494574,-0.19294396087957588
11983,-0.3455690609353296,-0.32221468038431994
11984,0.6074105359802826,-0.3184822031998841
11985,0.2833212324098293,-0.4421485700919619
11986,-0.2826020152988206,-0.44387785568714044
11987,0.09682411346657857,-0.4768822414307558
11988,0.6461593386199059,-0.2926985200336983
11989,-0.38891846364560034,-0.4383820083187115
11990,-0.6291779974834104,-0.4031469385459103
11991,0.42177701243043436,-0.4310194377766827
11992,-0.5320895018519198,-0.4542844794423553
11993,0.3795873268765185,-0.5225897126946959
11994,0.06497383997343724,-0.44384465040144744
11995,0.4154472870512954,-0.5609006176837229
11996,-0.3293585930435577,-0.4877341912150254
11997,0.19725401113423585,-0.5442547237950367
11998,-0.3690906306735642,-0.4994904452710113
11999,0.24474321139976854,-0.5199706556363302
12000,-0.03743882943423857,-0.47979016759106163
12001,0.37119275224279774,-0.46195409299441115
12002,0.5323027885770576,-0.38344480471740916
12003,0.17736286155544073,-0.3716392007806009
12004,0.0019548764814856763,-0.2975323709683118
12005,0.004666206941347697,-0.4275280008308342
12006,0.42842517585042367,-0.35326999457756125
12007,-0.5049827763592281,-0.31905711435520656
12008,-0.22962521008249084,-0.4689558332908756
12009,0.38655246186570336,-0.3561470159878602
12010,-0.3757996507657441,-0.44253723692850777
12011,0.08315697430765968,-0.5505348128348779
12012,0.05762689907127972,-0.4416626629788412
12013,0.15057576653442004,-0.5055912003578074
12014,0.525731592709892,-0.37770887073429077
12015,-0.16030961668202187,-0.3514008025853096
12016,0.18425102067011156,-0.481161355485308
12017,0.12195665003076772,-0.4846701339109423
12018,1.434222623913095,0.038911071445110745
12019,-0.9613606367774594,-0.08671315845931471
12020,-0.3782655951553803,-0.311729665323168
12021,-0.17610481228219893,-0.4575720025935215
12022,-0.4195746498082122,-0.364156196751752
12023,0.1689367051697488,-0.450715793933776
12024,0.7330407129443183,-0.3073203325066114
12025,0.003556851857565036,-0.4664447094587053
12026,0.22578782943722817,-0.4088347348214814
12027,-0.6994881395607729,-0.35187153054529396
12028,-0.021793295360681073,-0.4790361255312024
12029,0.1985785529125725,-0.4730288953386056
12030,-0.5490188895148708,-0.3149201230132379
12031,-0.49773000884554336,-0.08305884932517883
12032,0.739972763468854,-0.2914226291607672
12033,0.05756823082921585,-0.44371177172512244
12034,-0.1796419588083234,-0.3912596763085225
12035,0.42174124525172013,-0.40220868415026706
12036,0.22934845133878526,-0.30479165420218945
12037,0.03637599958476321,-0.46069164105565064
12038,-0.676880394320864,-0.27294436042426384
12039,0.24932446138975814,-0.4281602790191605
12040,0.5103645594986573,-0.44508957902649887
12041,0.3513497645384908,-0.40343144304838
12042,0.3557568471180282,-0.3718855171379741
12043,-0.634706543982466,-0.3762028221422061
12044,-0.1774871814615098,-0.4535232280439272
12045,0.5319686899797829,-0.43982246158222177
12046,-0.30244770136473265,-0.4239323893339784
12047,0.39917443256710095,-0.37299432554014006
12048,-0.20358603238805797,-0.3104961179526536
12049,0.47920595148679307,-0.27907730842859024
12050,-0.22304844965600437,-0.45441713649554705
12051,0.6756414415068976,-0.34115834539728934
12052,-0.4404782107161862,-0.34730020253642446
12053,-0.2514211088350787,-0.4458919746594217
12054,-0.43307211944657154,-0.44771390050118964
12055,-0.022448899131523915,-0.4907238637455428
12056,0.491836371508528,-0.5147824129867202
12057,-0.00037300884601798373,-0.4737611646918329
12058,0.3128038325716228,-0.43077709657959323
12059,0.0762771644295435,-0.4344753999011211
12060,-0.2880666434972958,-0.4244128823899728
12061,0.34188263635513894,-0.5680157883407181
12062,-0.8000192385193987,-0.21059675124087746
12063,-0.22220613162447514,-0.39479668184800726
12064,0.5385680403601955,-0.47903122385009655
12065,0.1520763053771527,-0.5634792988352226
12066,0.5440424426988282,-0.26452350814336134
12067,-0.4388844550001604,-0.3553269722687836
12068,-0.32266610153608444,-0.44867870549292355
12069,-0.04974281994554001,-0.5159643103285397
12070,-0.14837699605421406,-0.3908541334269475
12071,1.1336391463788753,-0.05574202084776657
12072,1.1829911571742895,-0.05804449965437138
12073,1.0703017584552212,0.0697568521669445
12074,-0.6247252178990053,-0.05434885891161206
12075,0.0374183868048698,-0.28940063435328023
12076,-0.329569267614271,-0.3184070368039776
12077,-0.4096095362004846,-0.4201410040818918
12078,-0.7269945058281361,-0.35330570296841746
12079,1.021454070984235,-0.16128777229704894
12080,-0.32670898693392486,-0.43559366212261613
12081,1.0366938142909339,-0.4093827807412152
12082,-0.5221732923393085,-0.3787353396206653
12083,-0.22458169713760756,-0.42499094869607557
12084,0.061564066409906484,-0.5094936191854854
12085,-0.2668011453264131,-0.6065386284379966
12086,0.13094170792925722,-0.4638978956272083
12087,0.0022597574965511494,-0.5050734093092278
12088,-0.8564921537086123,-0.3417759895734218
12089,0.11944668435161744,-0.506008880299547
12090,-0.2272824533272309,-0.4427657867943193
12091,-0.2671757817796858,-0.44853322523448036
12092,-0.16033424009777553,-0.5022430376178167
12093,0.7452248001803461,-0.4691726530060012
12094,-0.6011758598370556,-0.44571493005475776
12095,0.07372311657914252,-0.48722264450514735
12096,0.4825900533359805,-0.2360684883595343
12097,0.2985904970578764,-0.295317842059328
12098,0.22675701545934712,-0.3879914520422865
12099,-0.07254808388081688,-0.4444121778112636
12100,0.5601240524660452,-0.3747328272494351
12101,-0.04641078220648357,-0.32811356072338194
12102,0.18456502386289061,-0.11489350632709024
12103,-0.4868156647187741,-0.35305032457313174
12104,0.24971648745016953,-0.24016972799589698
12105,-0.09321611388982112,-0.4061288880756923
12106,-0.07645815757055145,-0.41015869144007944
12107,0.3260696266597132,-0.2736300651411667
12108,-0.4051747140797755,-0.42965952380430006
12109,-0.6162372005937629,-0.37185371368873377
12110,0.5104080965015318,-0.4113683605852697
12111,-0.22313683078261645,-0.40372373671519757
12112,-0.21015266127182627,-0.39733068702464025
12113,-0.13130175974326674,-0.5103678394039366
12114,-0.09707443684119406,-0.46443452335891633
12115,0.02945877353383519,-0.44238358990180704
12116,0.1237182615338898,-0.46136721774068545
12117,0.1369900136986469,-0.47960784212725616
12118,0.2690278947398421,-0.45772346381786877
12119,-0.22240814604207473,-0.453086122334138
12120,-0.02433306461122645,-0.4422832631923483
12121,0.5096065257223249,-0.44974400335293946
12122,-0.16885082948637198,-0.2879940055410873
12123,-0.47669083616329916,-0.44656234928916466
12124,2.169797413858199,0.33002948804630444
12125,0.4516526006530644,0.3185101880443578
12126,1.1689743125053955,0.8422120667574933
12127,0.49999942234415024,0.44525531019142794
12128,-1.59410058350733,0.13034171429173946
12129,-0.5869894137545064,0.10281564367675462
12130,0.828860850639299,-0.28315267128300653
12131,-0.3516679022512641,-0.3359472287483892
12132,-0.5390397087017866,-0.24622691848022704
12133,0.2937372783704698,-0.33521537150151864
12134,0.9187224251416918,-0.1637376437609827
12135,0.024490530430378694,-0.13749005179676338
12136,0.919717215294192,-0.11462923836513428
12137,0.5531703013996065,-0.2589919145365278
12138,1.4038599737254254,0.1463546267113523
12139,-0.8783263436538693,-0.09359091302128406
12140,-0.9470064636300265,-0.14284958185259095
12141,-0.2640786793699011,-0.36071242544792365
12142,-0.6094670294557485,-0.3050048635530179
12143,0.4504940720235421,-0.3846921919648413
12144,-0.8020109516815817,-0.3261289385885915
12145,-0.1710447195006172,-0.38123722435604385
12146,-0.1397582780629783,-0.4231281493941743
12147,-0.3234631705051475,-0.49939175275970693
12148,-0.5127560099601726,-0.3650804398124759
12149,0.18958310293480443,-0.5481573909414932
12150,0.10020352540018791,-0.5033709586528502
12151,0.2977285673333435,-0.5560775785027107
12152,1.0302552015067308,-0.3444192530478586
12153,-0.471254490333247,-0.42812111858631713
12154,0.7433492122408476,-0.4031325847770798
12155,0.1601097466161493,-0.4174921010135154
12156,0.8142854520918725,-0.3798393407701204
12157,-0.43574829297460216,-0.35110898497209336
12158,0.4388151722273659,-0.32185732138729256
12159,-0.34029969859924486,-0.4598296858723498
12160,0.1485094186125768,-0.44936440110053494
12161,0.7545611355437605,-0.33950496449139167
12162,0.1405594307849218,-0.42323357134663064
12163,-0.2508995248888543,-0.5136960793390565
12164,-0.16067530049223708,-0.45067207296363165
12165,-0.2201671314988842,-0.4414192138204
12166,-0.3336344888446218,-0.3663886200063481
12167,-0.15086201002168007,-0.41189133541140543
12168,0.33275082356475405,-0.452504795276826
12169,-0.21286906715113293,-0.3761342345683803
12170,-0.058941509937602096,-0.3831172169100723
12171,-0.0492369638711547,-0.37509009908358926
12172,-0.2447609744675095,-0.4582949926956148
12173,-0.6890159216126239,-0.39160233637840636
12174,-0.09642359528699591,-0.4043428108005365
12175,-0.11241421541864682,-0.5218871813236021
12176,0.20729839630725452,-0.45708371137712217
12177,0.5338793843596402,-0.47388272435638495
12178,-1.182594536492855,-0.2887262913901275
12179,-0.39469781369213536,-0.3468746067612613
12180,-0.21797405446110238,-0.4270422639576353
12181,-0.14979105192569384,-0.43994972269638316
12182,0.5947864701788016,-0.40166067354163837
12183,-0.5742629210364624,-0.3970819849119056
12184,-0.22192816405190746,-0.40649732058166205
12185,0.18641611185951548,-0.5305939251441013
12186,0.338326641937756,-0.4575104005282246
12187,0.04725161258461092,-0.5568669774344239
12188,-0.400594075909132,-0.5002441367094422
12189,0.6863596981198111,-0.3764970326319825
12190,0.14770273577905466,-0.5042362127507037
12191,0.265901820402189,-0.3759257202599272
12192,-0.5402918183773631,-0.44770858250482887
12193,-0.833109902042707,-0.23744831490370294
12194,-0.0024378305329171087,-0.4219812407666928
12195,-0.5254987719969754,-0.35463552876215976
12196,-1.2652087979003932,0.6204684815533686
12197,-0.1401259377549597,0.06879638751513406
12198,-0.0009807023793722168,-0.22233859449592175
12199,1.0981205531244527,-0.33104995618748856
12200,-0.17103196588653025,-0.4128114199792471
12201,0.09237299160655796,-0.513253163654742
12202,0.624141793981474,-0.4408174618826044
12203,0.3374650393354892,-0.35085089685755166
12204,0.6705991905102899,-0.3053828987025407
12205,0.4550559494929299,-0.3208104838808776
12206,-0.1736074564032646,-0.4499519247234235
12207,1.3255337638789004,-0.2562561384644355
12208,0.32728679657609516,-0.14626772176023256
12209,-0.3089733566430207,-0.4338439133979735
12210,-0.03106765523962893,-0.4760080549154767
12211,0.3013976103234887,-0.3827980616503647
12212,0.0861200390287773,-0.43221413743557097
12213,-0.4194687365682104,-0.48001426429199845
12214,0.09689054778072338,-0.33667090783636955
12215,-1.5207303265587466,-0.0238974400420743
12216,-1.7697676735792887,0.3375562878303752
12217,-0.22539540401051564,-0.15615941713939868
12218,0.11498850296865477,-0.29790677590946635
12219,0.4385167169342325,-0.31998094355810436
12220,-0.10730249802172334,-0.20589145306656137
12221,0.4653820982316167,-0.37244995265576253
12222,-2.3321751604566834,0.6393041454015447
12223,-2.0994547773243695,1.5660099719848535
12224,-1.0024888899316662,0.590966484591009
12225,0.5185528308895113,0.15420576018390164
12226,0.7751340305545457,-0.04370083220159717
12227,-0.7545326514846711,-0.17022074716290292
12228,-0.9841809021436289,0.010768799014957212
12229,0.32544975926173697,-0.2637496995512312
12230,0.7554835193602302,-0.26019418965045793
12231,0.3801778144945777,-0.2663580503892563
12232,-0.7183751602789266,-0.1491713180317109
12233,0.2570546479909819,-0.32691596960144315
12234,0.13666517015947952,-0.43815665471654525
12235,0.4765570281527763,-0.5037426549094586
12236,-0.21144739025598888,-0.445301960192136
12237,0.8846171309094032,-0.39130657112834677
12238,-0.6658352966141375,-0.4558697428810531
12239,-0.2585312616726873,-0.4760629511286458
12240,-0.37953132392964695,-0.43541825283970303
12241,0.6979297775062969,-0.41274380484225515
12242,-0.23906021753473256,-0.4247021513668283
12243,-0.17695337467631264,-0.5165543177838282
12244,-0.23637636106084453,-0.5249620681968423
12245,-0.2397251125924506,-0.32306951360599395
12246,0.7099068632210863,-0.4836082575074292
12247,0.7480705931069164,-0.4553361709708511
12248,-1.0285499862338114,-0.4582429503401962
12249,-0.3331374934190054,-0.5014077868747437
12250,0.055735797460632175,-0.4968194413589743
12251,0.6055807485438928,-0.558732359574292
12252,-0.46456921143094415,-0.586959724734273
12253,-0.5782791247116966,-0.40568004239327843
12254,0.5100447445263294,-0.13331977951069096
12255,0.3601745511316969,-0.526401335530399
12256,0.3946238484929382,-0.47063120314404683
12257,0.19105456321566028,-0.5108752291793764
12258,0.5671163014875097,-0.34997384460812025
12259,0.014380137894898263,-0.4628966298127793
12260,0.28910704672402776,-0.5083689618672314
12261,-0.16768285855785242,-0.4901932052512328
12262,-0.4001289377083133,-0.3273885933508303
12263,-0.15897703705398278,-0.46665144407592624
12264,-0.1575674780234927,-0.49319951102230997
12265,-0.8829511397116537,-0.15256204071914814
12266,0.12167940279174709,-0.4145894208755722
12267,-1.0415941951430068,-0.32158845928975904
12268,0.6674720747419787,-0.4613944094373392
12269,0.36451302462365864,-0.4617397568056904
12270,-0.8269583861923122,-0.45693290114452945
12271,0.5472409968452238,-0.5058974470186188
12272,0.09043648389928524,-0.5748658634878002
12273,-0.32354404446085155,-0.5207120322868124
12274,-0.2910138754069956,-0.5630693176310018
12275,-0.7815657510482354,-0.16467463608122374
12276,0.5256555930441866,-0.4688472890571962
12277,-0.23881899976470145,-0.536904374521509
12278,-0.5221838762981055,-0.4318580531549042
12279,0.491163337121398,-0.4428141525364414
12280,-0.07591630416359318,-0.47914629917912127
12281,0.21430902151701095,-0.4620858746320792
12282,1.927057603641942,-0.1976237637391321
12283,0.2110588139763756,-0.17123588604216528
12284,1.3575355982977018,0.03416643576386268
12285,-0.5264288173126935,-0.3117103789072864
12286,-0.6348794069871323,-0.4473418523178521
12287,-0.1057526832122542,-0.5087775235883993
12288,0.6157652422337027,-0.473654415198599
12289,0.07417157422154952,-0.5056486148469317
12290,0.6186524814394776,-0.4639084163819484
12291,0.3473775816584174,-0.42182570453449375
12292,-0.5232751034996258,-0.3968626986522366
12293,0.20118405907571316,-0.5016564872642083
12294,-0.5372253440044193,-0.3520973531697741
12295,-0.06906338255024039,-0.4682036861174424
12296,-1.1692520117397442,-0.22456592129263586
12297,0.4724069277324234,-0.46622925381814695
12298,0.7444836536580006,-0.44986789488027373
12299,0.08671271432480683,-0.4220009313473344
12300,-0.4982039772839444,-0.4214600834354559
12301,0.39031520919154705,-0.512065474770429
12302,-0.1255910665101845,-0.5681224706132929
12303,-0.435541321857263,-0.3229153364562396
12304,0.49574750836592113,-0.5186658082617686
12305,-0.309105340528556,-0.4220541800253565
12306,0.4474857127666118,-0.4348300745221509
12307,0.39678555150599526,-0.526758010539754
12308,-0.07046735765654559,-0.5352364948678299
12309,-0.36707540212845474,-0.5471412187856097
12310,-1.0926556197822648,-0.28491520390468594
12311,0.3999640371756235,-0.2945317868090107
12312,0.040068114709572014,-0.5019356357161169
12313,-0.4157949060397989,-0.4402436210120572
12314,0.5228572858889904,-0.4854083731442096
12315,-0.05042435947698373,-0.4224227471744886
12316,0.5004710414660205,-0.07575342711168827
12317,0.22985712131491956,-0.12809591239444912
12318,0.5228577532176824,0.01380039819724466
12319,-0.5361349385371508,-0.15981530007112948
12320,1.0296828385755021,-0.3324513875959719
12321,2.0954871110716367,0.29247204760228146
12322,-0.5496070368924155,0.17252243215237562
12323,-0.08311455488993866,-0.2235053635560939
12324,0.5238183793064854,-0.15146599914762648
12325,1.2611164096513,0.2318122505889464
12326,-0.9144634958649455,0.2025637456882146
12327,-0.3043912070475979,-0.3767911245326881
12328,-0.5740519719366883,-0.3560314909147237
12329,0.4638463046406317,-0.49483800123897304
12330,-0.08342790040511078,-0.46561380693943355
12331,0.8074606360371096,-0.4704171851179699
12332,0.5411936895244694,-0.4594090300676065
12333,0.3713337459454496,-0.4178456457763553
12334,0.768839987507471,-0.272611248151216
12335,-0.933256060754681,-0.32595093306825873
12336,-0.19758188684728079,-0.42006846105908996
12337,0.049888454867954464,-0.3834297622196903
12338,0.0526696477491144,-0.49599705139442984
12339,-0.03953972235467845,-0.49718049763289646
12340,-0.4317452094245436,-0.5678654479009049
12341,0.25451667510766407,-0.4370126016845032
12342,-0.23216012071890912,-0.528386659740637
12343,-0.18000777662471704,-0.6124673813323013
12344,-0.4178809850844764,-0.5034294057172838
12345,0.04985543601899967,-0.49630279012852657
12346,0.44305321432253303,-0.5334494546960736
12347,-0.1512992871280482,-0.5490092852026135
12348,-0.7289403291598806,-0.32179412939570645
12349,0.5119498832547251,-0.5616978875229848
12350,0.2259140250348881,-0.47788493244272595
12351,-0.02799620804321418,-0.5236936067604889
12352,-0.23462450189463793,-0.5237087685877757
12353,0.17391277912076092,-0.630689418890096
12354,-0.18062704152826858,-0.519759585448238
12355,-0.17842394622726676,-0.5257495534325783
12356,0.11007668750646318,-0.5822734122574672
12357,-0.10554996403131281,-0.5211793744711487
12358,-0.23368238702024585,-0.40428542682738267
12359,0.10095319863048445,-0.5349547504515362
12360,0.17047890522378345,-0.4789513820844841
12361,-0.0877970805337347,-0.5350923062978793
12362,0.07632656667684155,-0.5200493719041505
12363,0.9048002862806755,-0.39243685063005107
12364,-0.4681960534002921,-0.4428547898944381
12365,-1.0688833923919019,-0.27310810350788917
12366,0.23831291993083165,-0.4333861930704403
12367,-0.14434239545528724,-0.5070029688627602
12368,-0.7137696884264482,-0.43969769302939465
12369,-0.007597798862450734,-0.4036997207338409
12370,-0.23009622698530613,-0.48557811892986263
12371,0.03266352199286255,-0.5241016105726614
12372,0.24691576895691472,-0.5692926587653194
12373,-0.20040486443150818,-0.5299275501671222
12374,0.27867706909160095,-0.5141985837225949
12375,0.2648326524377166,-0.5654124438671974
12376,-0.39048920263620174,-0.5210543579470611
12377,-0.14910874529159932,-0.4729044030746016
12378,-0.09802947540994734,-0.5344901761903279
12379,0.46188725275540377,-0.5128181569087713
12380,0.058774956364148624,-0.46903740940900424
12381,0.6266640618423591,-0.15870048140927395
12382,0.6336147949952443,0.11291040033865388
12383,-0.3973824682982247,-0.2281684444718251
12384,0.15627247611439427,-0.25091566134734367
12385,-0.06503196361024463,-0.06342378231708962
12386,0.4744118448671885,-0.3143989182849287
12387,0.15586087544885427,-0.2762961332775194
12388,-0.3171099019701869,-0.33357403151982873
12389,0.19949929721815965,-0.3041310171983448
12390,0.37218241924798345,-0.44874354208620165
12391,0.4529307949360236,-0.4281786610999883
12392,-0.4477048082603341,-0.44797714880522654
12393,-0.2726484090678644,-0.4192131456802155
12394,-0.28979261987721605,-0.39868120379888494
12395,0.4501369152826946,-0.47439827626071884
12396,-0.053259688799674625,-0.5840459761995682
12397,0.19783191893446964,-0.45053160458176666
12398,2.1130145000704963,1.0879784124725569
12399,0.9231446431232101,0.5955305918809136
12400,1.6011277881484214,1.4385403569828823
12401,0.24462970870364678,0.31235422671687485
12402,0.3080801941149297,-0.09932591055296319
12403,0.6969858660189495,0.058584245223553086
12404,-0.24580371313156987,0.008401414001723707
12405,-0.09788129618693331,0.10748848178692628
12406,-0.6558610321890437,0.20663201520696112
12407,0.06719375497802577,-0.04234390757000093
12408,-0.2073662454011071,-0.14522332229611745
12409,0.3582694520447043,-0.1985432315355119
12410,-0.2237203771994832,-0.15518557438301178
12411,0.17924471795606256,-0.11338782854327101
12412,0.4208242630578658,0.01688797141976977
12413,-0.2646495473821563,-0.18288825168531192
12414,-1.2554244954545368,0.019774763190508735
12415,0.04492355003123927,-0.18455129599293252
12416,-0.0716387786809972,-0.07814863554298636
12417,-0.23986626953725465,-0.21727145543915022
12418,-0.07352825271208603,-0.32234204322573834
12419,0.5817934073426995,-0.40506443755221333
12420,0.5601772122332703,-0.3373981165480361
12421,-0.14855619364483208,-0.38691513428750973
12422,-0.21045034914814753,-0.3844225413033792
12423,0.11356615894584306,-0.38121224103543144
12424,-1.8161517380296461,0.025652687146134334
12425,0.12078053608355788,0.9889907273228149
12426,0.253247330116006,-0.22959513210255422
12427,-0.08492481646346052,-0.3715845701998364
12428,0.39960928818248587,-0.3914011309311653
12429,0.24744639929015635,-0.4734374965441425
12430,-0.7285985952164207,-0.3918824678101459
12431,0.5517799859314151,-0.5019486515334795
12432,-0.39822546612991044,-0.49416040064217176
12433,0.9057484787612664,-0.3921706560233722
12434,0.11161806333770466,-0.439467218307907
12435,0.3201235490154785,-0.5537240630333569
12436,1.2145733032706951,-0.17224338821122748
12437,1.1120541205615802,0.47660639395526516
12438,-0.21716756817573069,-0.30792899826590925
12439,0.6023835884312115,-0.35114711549166583
12440,-0.05771121041819782,-0.3390288218245854
12441,-0.1311122648418423,-0.11036628481568465
12442,0.12674349486708883,-0.337235175411562
12443,0.8872787349571035,0.11677614041804789
12444,-0.12955321314531765,-0.10062147332986304
12445,0.13698581715936778,0.03356811638065795
12446,0.8005439350851371,-0.10437001174618354
12447,0.12819466344919458,-0.2814115497039936
12448,-0.0027197902695200284,-0.29578153027200016
12449,1.143685567714243,0.2608065019390363
12450,-0.8284768323300327,-0.08131372247293973
12451,0.025936530611341116,-0.3835333969039434
12452,0.4542785516045496,-0.362440332793088
12453,0.3545528816742474,-0.22072854160777122
12454,-0.027096675448284,0.36833734573550214
12455,-1.0775206976830556,1.4891695398999312
12456,1.4744391313665004,0.8908492817005002
12457,-1.1742804811612635,0.19003953164330267
12458,0.7342784031317733,0.9278202801863905
12459,-1.1387230741245136,0.9581978316450985
12460,-0.41121451507314893,-0.10454267809614995
12461,0.4021682779847578,-0.3329597356309837
12462,-0.030318771357707153,-0.3434099306084415
12463,-0.4597774112425062,-0.3707384962678694
12464,0.3334146673281383,-0.4182408887283284
12465,0.08272643823947082,-0.28807352834354544
12466,0.6081251780217032,-0.4961982158254841
12467,0.898732356098226,0.23466511645331517
12468,-0.7560066342188171,-0.23883488886247534
12469,0.04263538742398978,-0.45276561844853075
12470,-0.3006920681403284,-0.2111842452899662
12471,0.14983709220861688,-0.4109331296558559
12472,0.03547682124038731,-0.36754823662054503
12473,-0.3066564584752578,-0.3825898102060407
12474,-0.2953295767640187,-0.36483523910934845
12475,-0.2511219198123638,-0.3102735250774887
12476,-0.13488101022767268,-0.44313253178896234
12477,-0.246685841953582,-0.4789311415068515
12478,0.39934992924870033,-0.373201763985237
12479,0.45562962030495024,-0.4582021846391705
12480,0.3655521261017807,-0.42578976727045503
12481,0.36836911884510215,-0.515389292172222
12482,-0.3381171087474688,-0.3813900398494072
12483,0.8221568806288797,-0.09761468523384874
12484,-0.11725466859688038,-0.16169679023877054
12485,0.3635527322045596,-0.07099370319195275
12486,0.7178748325699117,-0.16887360998724243
12487,-1.094046971150681,-0.13232211223806092
12488,-0.5966711752374181,-0.08673404338052954
12489,0.08830271866292155,-0.3629989398850194
12490,-0.20918897843076112,-0.3855179693392607
12491,-0.2989703951738436,-0.3780266874775877
12492,0.059750058125615214,-0.43079042380038796
12493,0.6219880051679894,-0.4397103317024672
12494,-0.06212834058811195,-0.23984627420419735
12495,-0.4162624100364147,-0.40509350245347714
12496,0.15330508549347693,-0.39861067484399976
12497,0.27539745964237466,-0.4129317847015141
12498,0.5830750454469267,-0.2955864300621925
12499,-0.1425710867793176,-0.3078935376248718
12500,0.19197271599456706,-0.380755975948695
12501,0.1956696923368054,-0.49825533205860306
12502,-1.2651282438482498,0.11895616969430255
12503,-0.0407069524781885,-0.30910659949951863
12504,-0.12084307325266365,-0.19041002790811862
12505,-0.3474987732767888,-0.2685596118857553
12506,0.23668780713936635,-0.39738987041116347
12507,0.5939852208153442,-0.39044295480288066
12508,0.5954086567365945,-0.12190142590845687
12509,1.7802888629824083,0.72058496288115
12510,-0.8991245884363863,1.4146945053518085
12511,-0.29792379252006407,0.08264616411992859
12512,-1.2380639705638494,0.22256710449226724
12513,0.1662119976590993,-0.11457234014726535
12514,-1.1844543488588921,0.14896707879394838
12515,-0.022602042809777453,-0.22442776098082268
12516,-1.5915721676669203,0.289217644894562
12517,1.0654718486251535,-0.1657524266003783
12518,0.10321365235114917,-0.16396479638376155
12519,0.1319877178838707,-0.3959143187296722
12520,-0.11285447302171019,-0.39942298269105975
12521,0.5345376686453805,-0.49235960340017715
12522,0.8659852185432981,-0.34553165504325833
12523,0.29422781065459336,-0.31667825684793904
12524,1.227592365998645,0.07672664724816622
12525,0.8065459953138079,0.06260644138173187
12526,0.025370644239229845,-0.12800709415506864
12527,-0.383619318062934,-0.11714049774452484
12528,-0.6264261011002719,0.18315874564744483
12529,0.06759174789562529,-0.22033659987382553
12530,0.10268124759881728,-0.4212336051240396
12531,0.21885703074438917,-0.3714140045010931
12532,-0.11124987984805028,-0.49819766625666095
12533,1.0411589970447757,-0.2698796368640782
12534,-0.5758458815798695,-0.2382426004384915
12535,0.0401014788015785,-0.42548213161211806
12536,0.6021669067299299,-0.46769012594933246
12537,0.37223179655902255,-0.4199125656968877
12538,-0.15856736327239973,-0.409360367338648
12539,-0.33110069794447383,-0.4501971098701037
12540,0.4715777200741491,-0.4794426930577393
12541,-0.09417052931470413,-0.47995081582216553
12542,0.24835190077768357,-0.31867934943294374
12543,0.42282506778178236,-0.3995989617208827
12544,-0.44125766004902006,-0.2865452334463117
12545,-0.01048923269786775,-0.5118606185681298
12546,0.15043174055403896,-0.48048392075248997
12547,-0.31277183149274307,-0.46136753598942926
12548,-0.5107497068200543,-0.39950884778542745
12549,-0.07075397122986835,-0.4701207820136488
12550,0.4095279531606402,-0.4310758105506099
12551,-0.05253170117525703,-0.5230298486694553
12552,-0.4527024045705011,-0.4439250213011387
12553,0.023651010911137752,-0.4954910872255018
12554,0.23746440993589546,-0.49019461671170983
12555,-0.15120267607075416,-0.5322053347974469
12556,0.6545817131896328,-0.3829528961882699
12557,0.05959795024946036,-0.31930369325235286
12558,-0.3043949921816062,-0.4471404314857599
12559,0.20332044354318995,-0.4735371298444297
12560,-0.21189465109847155,-0.4602149364065808
12561,-0.15682024776373102,-0.5433204420502439
12562,0.1601327149325613,-0.42277600462572446
12563,0.015550268262762146,-0.4847327632272788
12564,-0.21200205836726185,-0.4853668557607066
12565,-0.1482051424992867,-0.43070319345035823
12566,0.4517164320485512,-0.4912825168750969
12567,-0.22656661162904473,-0.42580723039198215
12568,0.28897886261869377,-0.22176430791753848
12569,0.32311489479348016,-0.4228890203734789
12570,1.5388470804137433,1.2444066381988168
12571,1.5752375129002387,0.4787214074713573
12572,-0.44334635812666684,0.25898539765482265
12573,0.011049961660649659,-0.15924903038211946
12574,-0.8654439635475742,0.037265854516999146
12575,0.19930535833388396,-0.12046950581082405
12576,-0.469830573682237,-0.16312621086023266
12577,0.1450773235235153,-0.3611720400934325
12578,0.576128369915668,-0.2998437060982902
12579,0.2600684652566266,-0.3639560600799212
12580,-0.15029928086169117,-0.41930788737232955
12581,0.25142048394993466,-0.4166030055659953
12582,-0.12560998378088425,-0.41621999764446777
12583,0.4447853799910471,-0.35410313617099
12584,0.7249133326286423,-0.2662697861496928
12585,-0.4975653258815489,-0.21092400145430046
12586,0.8845363000612559,-0.2823392475397295
12587,-0.35201611208408196,-0.34980130952568705
12588,0.06754052338592717,-0.3180761939555481
12589,0.5656127543702237,-0.004208480814390056
12590,0.9574569756071009,-0.015510757651168747
12591,-0.3106580683741356,-0.10166158902930823
12592,-0.438891367388861,-0.03772420059239215
12593,-0.2446031671892675,-0.27947890713842605
12594,-0.6289079284281391,-0.1640060940837934
12595,0.36919248560341617,-0.43898700078566727
12596,-0.37049022926866765,-0.20902237757666847
12597,-0.283301671109367,-0.38118636038351217
12598,0.6711024734239938,-0.08433262243866135
12599,0.861965906705305,0.0008079818525311873
12600,-0.4410774030194057,-0.12118974233904217
12601,0.48484772782525176,-0.2891978435538348
12602,-1.3857115632326862,0.17529953760660255
12603,0.41392690846664865,-0.3039428033943382
12604,-0.4453566959474915,-0.24508645241296162
12605,-0.8213626720060961,0.07481664805304421
12606,0.4555012726479173,0.27879597377871945
12607,0.1571934685531518,-0.3576777095084989
12608,-0.27826605832515944,-0.3250843997924918
12609,0.41502234370610525,-0.40783028942330013
12610,-0.2973050516796755,-0.26293061583835364
12611,-0.5910679298774836,-0.10808398304417127
12612,0.135283257299026,-0.3564916266603012
12613,0.18452267211478038,-0.4270150572067923
12614,0.745014613193156,-0.41073632148919886
12615,-0.24676309045736433,-0.3172080074883136
12616,-0.20721330062996618,-0.26816828276074006
12617,-0.4231741310028749,-0.3249443825886136
12618,0.6803769867532563,-0.2631037739837326
12619,0.17948798727543297,-0.39932785613670363
12620,0.17029844800909763,-0.17703542773886083
12621,-0.11023585885246372,-0.3547276710458897
12622,-0.32615710486811134,-0.28768946900245695
12623,0.44012362424809637,-0.39421311030385087
12624,-0.3409157547829249,-0.3202696907712792
12625,0.30318145498889043,-0.39881328731748655
12626,0.36334213703002577,-0.35157316372912567
12627,-0.34620396399298237,-0.41659658692206747
12628,-0.29779512881456455,-0.31450308039717917
12629,-0.25485761049454975,-0.37777450293538584
12630,-0.09788119840827293,-0.190288002342769
12631,0.6089174238068258,-0.17074296567516584
12632,0.5328782788596182,-0.10100408628489464
12633,-0.30721885925836206,-0.34896403765257067
12634,-0.27461330718084903,-0.31772112794600244
12635,-1.363582265978436,-0.09682502071918153
12636,-0.024686544913168414,-0.32939507060272805
12637,0.33125120362823807,-0.5357542457172348
12638,0.12107946159590421,-0.4755541198839274
12639,0.6109034792504061,-0.288718433993869
12640,-0.9448220243093672,-0.13272407818212673
12641,-0.5240278032641148,0.010234476492523216
12642,-0.2315183391548724,-0.2899598859452599
12643,-0.04625864530092379,-0.4938320547445725
12644,0.4854741614282108,-0.360296139182456
12645,-0.2335823549098121,-0.38297132926616934
12646,0.5913995047722219,-0.362718786764488
12647,0.12034085355771752,-0.4410270805549053
12648,0.43832356903812564,-0.40256534626155627
12649,0.5562666353005469,-0.19743361082204935
12650,-0.819326949083989,-0.15401611771051388
12651,0.3679441837154535,-0.4151259032383318
12652,0.43113574835022617,-0.3214882419375533
12653,-0.06479641494687809,-0.27630646241061946
12654,-0.02520759457758662,-0.2315677160343831
12655,0.37610328041259317,-0.1383162441050031
12656,-0.4178204874365843,-0.020276433145563266
12657,0.5809544764802373,-0.16739094763025242
12658,1.129268247888304,0.23099404975452875
12659,1.4219299764630722,0.8919075952391015
12660,-0.0959779327839622,-0.014892728405199961
12661,0.4141201628520319,-0.07198804363117539
12662,0.4158121319161065,-0.2656954978584933
12663,0.314089556425674,-0.16674986968746536
12664,-0.34096692302455944,-0.26006569901073917
12665,0.13638461368881624,-0.05917337277817454
12666,-0.8152898873586936,-0.15082077014456918
12667,-1.5760234739700754,0.1832674264871284
12668,0.9246118665898183,-0.09421907852066512
12669,-0.9929598519179181,-0.03918638869401154
12670,-0.2971151194801602,-0.22890661135111467
12671,-1.5142394205986915,0.6138079285895635
12672,0.7176634084106791,-0.27791802673733
12673,0.03128976414089432,-0.3598673736506975
12674,0.2973633169186267,-0.38722016445107055
12675,-0.6428486148551846,-0.30172045405326847
12676,-3.9527696423745584,2.6123572186677966
12677,0.48341438045440815,0.2880494195742551
12678,-0.26802136157987755,0.7266375030856487
12679,1.1197542914845369,-0.07977236979034825
12680,0.2858784936836195,-0.3164451034433131
12681,0.49711095351936796,-0.25730359891599575
12682,-0.25179181644129134,-0.30480337930178536
12683,0.008353325116119302,-0.41784223904758594
12684,-0.16701769520498208,-0.4213454614968507
12685,0.18647517746418235,-0.3399377900283314
12686,-0.5111324211646321,-0.3850802750126516
12687,-0.5190247850399524,-0.2690322218670391
12688,0.3165387704036259,-0.23807749228209324
12689,-0.8191222330257623,-0.20575847651505536
12690,-0.07073935434645903,-0.3730236604880078
12691,0.7032502425984813,-0.3184708510572758
12692,0.27328040816616733,-0.10505783830512473
12693,-0.5502609872969154,-0.2136269451285746
12694,0.14766552111620862,-0.3233029569054779
12695,0.19414808409040488,-0.44138405528012786
12696,0.6124064654058701,-0.37820812670394494
12697,-0.22301885278150418,-0.3720564170941969
12698,0.2582878285520036,-0.4708223499634262
12699,0.020854817255880023,-0.3580278381573595
12700,-0.6336410438702842,-0.272726217594034
12701,-0.6521970450248737,-0.3152093481177434
12702,0.8616085706686212,-0.27271208556392873
12703,0.9719155546717743,-0.3268155065928561
12704,0.6490222268603846,-0.03275421125440932
12705,-0.2018964127669993,-0.22543819318566172
12706,0.454908996946005,-0.23391663854705197
12707,-0.28223204404380553,-0.20327821970671783
12708,-0.10054849014035426,-0.2377034035626051
12709,-0.035532398756396494,-0.2253462429776823
12710,0.18307330596649288,-0.36225740396891487
12711,0.024797769275375994,-0.2938008919726761
12712,0.2041077449520634,-0.3394503979148007
12713,-0.1465211076777607,-0.42473028457982237
12714,-0.2865145172191925,-0.4017786635025517
12715,-0.41045469753583946,-0.3638916887666204
12716,0.30631914874231475,-0.4704491354054685
12717,0.02240461606701859,-0.3704506008065391
12718,0.366683272393926,-0.48153986239022983
12719,-0.33445655318575235,-0.4587865943267237
12720,0.26265839545978625,-0.5134405579701521
12721,0.23179011078496423,-0.47288652017444105
12722,0.3231699850596985,-0.46627402791125183
12723,-0.2960008414965402,-0.4633185277887889
12724,0.14925389787281151,-0.44827485423488417
12725,-0.06901499045826778,-0.456784644364257
12726,-0.9041584655045913,-0.03248385504930739
12727,-0.3739595294166749,0.10771359809009605
12728,0.982763567703996,-0.3326120968530253
12729,-0.8372646502668256,-0.3790876661674121
12730,-0.5526306773427102,-0.16074748750207007
12731,-0.1528188569636169,-0.3170777855756652
12732,-0.16012197071683357,-0.31096069543647714
12733,1.2644993433340668,-0.431688836483163
12734,0.02813311391461036,-0.3083077448469287
12735,0.05719677456115827,-0.4151969460991488
12736,0.39640016324689964,-0.45936885827386914
12737,0.21760131043539035,-0.41787392353106695
12738,-0.3632965064755137,-0.404448283659359
12739,-0.007420140765480625,-0.4895996123587618
12740,0.5156193469543285,-0.41441035669151244
12741,0.16985488731927723,-0.24131180417281634
12742,-0.3741274199269774,-0.28182931484995594
12743,1.0631992828346495,-0.22509957020000143
12744,-0.738713931304669,-0.26932877760873125
12745,-0.5042948603527347,-0.425332103840572
12746,0.5557285778311872,-0.4191093831853084
12747,0.5791167984659129,-0.4118714279474931
12748,1.2537860447428304,0.16827026752643037
12749,0.16803259521679678,-0.3830489820692077
12750,2.5968601182010063,1.8846041514905738
12751,0.6791120771646453,0.8046123943534763
12752,1.149585333009347,0.38853667353563626
12753,0.14336110431315874,0.010102204911231358
12754,-0.2805919028996669,0.36047943317237674
12755,-0.8437596803035906,0.21047100836776972
12756,-0.5236906106709378,-0.24696743538225274
12757,0.7738340190990666,-0.13095408844594542
12758,0.727762670538432,0.12595309242406727
12759,-0.2780531452070643,-0.1849374206735998
12760,-0.11087567297722226,-0.2817201395069473
12761,0.1469356492964131,0.12803072340565735
12762,0.7724077256736456,-0.040785340593955235
12763,-0.8013382750889888,-0.19265997193220336
12764,-0.30021991189808833,0.19806552663629606
12765,0.06961090850168034,-0.02478509111505603
12766,-0.0956753965691604,-0.2539699064867333
12767,-0.14329317045199344,-0.1111717403468044
12768,0.28878102619545987,-0.14721251261352564
12769,0.18357153199069481,-0.03488203258188788
12770,-0.6751796294372215,-0.0892059744246204
12771,-0.8667963896373362,-0.006840216564630661
12772,-0.5400448118203046,0.08751391522014722
12773,-1.0856266223748132,0.13302376041211766
12774,0.3048970170651378,0.1877699068164374
12775,0.774788540099668,0.05302238685173677
12776,0.25500458674487736,-0.21178886061757435
12777,-0.1183445151027492,-0.3015925726987655
12778,-0.2718284004353737,-0.43851296908855325
12779,-0.432306419906583,-0.33889118758229436
12780,-0.04307173534279831,-0.3198810970103785
12781,-0.3351419179313739,-0.34823133090835934
12782,-0.5511753209972612,-0.25423365712953266
12783,0.23996910776767888,-0.10862752751078884
12784,-0.7260880252579127,-0.23022797367708475
12785,-0.2431264874639669,-0.12701984059395655
12786,-0.9805837857904017,0.08339095857343325
12787,-2.5014909711219664,1.3524833099240976
12788,0.8578817331777626,0.7572756953368022
12789,-1.159547822416803,0.5992512204650979
12790,-0.29456942836931316,-0.03922311312139155
12791,0.038788937143926575,-0.18612984526555754
12792,-1.5381149770722875,0.8151476178817334
12793,0.5654981715553746,0.001251619050037369
12794,-1.1053007316639691,0.3920378175042045
12795,-0.013548793656603721,-0.22012057761594228
12796,2.6942766724154894,1.1728602450792416
12797,-0.2686614858984782,0.2983751439614157
12798,-0.11689474978200541,0.049903191890966106
12799,0.08756050664387108,-0.19954321943924014
12800,0.38686233862450264,0.1573985479954434
12801,-0.13079732996211524,-0.15591918648684727
12802,-0.6558352046885563,-0.02454365535594661
12803,0.1647578719655637,-0.3324296026709574
12804,1.340192942451195,-0.1574862893465948
12805,0.2751782945416991,-0.3044819105623641
12806,1.080555641068713,0.543905301190652
12807,-0.5892369570841895,-0.16664776837171918
12808,-1.8373420091302566,-0.0011005774332540144
12809,0.49129609062927143,-0.3444326044864722
12810,-0.04900220574143939,-0.3432714537988112
12811,0.14040347284865026,-0.18274129956823815
12812,-0.5842483750394919,-0.3401788757392718
12813,-0.5724183898950521,-0.2931957067420214
12814,-0.09009000966436638,0.4130499018218892
12815,0.3127668627340326,-0.24887762570552746
12816,-0.042521251452063806,-0.3760408642560725
12817,0.7292400636808685,-0.46692612950542933
12818,-0.6089598678378043,-0.47528480231097214
12819,-0.11199517539565745,-0.5560147172782606
12820,-1.0160351140937258,-0.27844813493010945
12821,-0.6334316549989827,0.5887444020438892
12822,-0.821141138166175,-0.144661304350924
12823,0.44359634816537347,-0.4092973637420968
12824,0.18964837454688727,-0.35159120183421355
12825,-0.24266618311086036,-0.4489629292087907
12826,0.5784018597863676,-0.44543620840709525
12827,-0.6103869350456737,-0.3354601099135971
12828,-1.644639564654402,0.7765180268062275
12829,-0.0008948056061663369,-0.06988777993094919
12830,-0.7915425916932168,-0.29405137358549016
12831,-0.49871098566619554,0.12740075307669463
12832,0.6964678055331999,-0.3050992640051815
12833,0.41639666868823005,-0.46505299427911584
12834,0.31314110895051905,-0.40989545782283515
12835,-0.5086530754948658,-0.44380071161852663
12836,0.47302200066312433,-0.377860027309281
12837,-0.5438377767504367,-0.37020626692278985
12838,0.43931635200146446,-0.3739515211560094
12839,0.5749840577679873,-0.31363005505793934
12840,-0.2673462092004873,-0.3791352584656088
12841,1.017768335081668,-0.1500204532466437
12842,-0.3210381078311495,-0.2203264384155581
12843,0.5335499542982223,-0.49519562658260746
12844,0.09832815486446723,-0.5094959271840291
12845,-0.25261386657821194,-0.4115989510564354
12846,0.05960119613000738,-0.4267573904894391
12847,0.5646952099521109,-0.40864147766055
12848,0.34441511835727157,-0.3186375463068997
12849,-0.5911086555665085,-0.2784813387945691
12850,-0.457435578593915,-0.3440808492424046
12851,-0.27154657826423934,-0.30816073340400496
12852,-0.03167866093124613,-0.5139017673303385
12853,-0.14746357399631121,-0.5821633573257451
12854,0.5153932407379289,-0.4925372229308866
12855,0.4124145777320872,-0.4735390808909157
12856,0.1877597936512446,-0.3579330930520913
12857,-0.0912604857888838,-0.4375904770230833
12858,-0.9229507127872418,-0.2621015731351108
12859,-1.1923105903208302,-0.09872919770495821
12860,-0.5179980051866193,-0.21322256526268052
12861,0.8972193469821924,-0.34305880957014734
12862,-0.6908671186922327,-0.22036699587494946
12863,1.367996998273022,-0.0579173366596371
12864,-0.03682301919464091,-0.29814524697604877
12865,-0.44531115731316856,-0.46518100642716587
12866,1.2084004702828226,-0.12199093499343733
12867,0.043279761763256756,-0.31465800235284036
12868,-0.43749988461054684,-0.2743005407544936
12869,0.03879210639122497,-0.42482149013844483
12870,-0.44621213355665174,-0.35396093926929884
12871,-0.37384941808657984,-0.3554021223229063
12872,0.9788164149442398,-0.3205759998008406
12873,-0.9328266059975724,-0.3476697383125262
12874,-0.9001146692547366,-0.25285107073450497
12875,0.5871091906234476,-0.10276007578096874
12876,-0.4173243466490248,-0.44540337377704825
12877,-0.5679965899215883,-0.39443514365996046
12878,-0.5928831827260618,-0.19418017311969787
12879,0.7302076142561011,-0.32656256780055487
12880,-0.42668861373626016,-0.4494621683486395
12881,0.08439269015356067,-0.44510301515000805
12882,-1.0176329275501115,0.07399465995811093
12883,0.8949663812466572,-0.29349093583365893
12884,0.02222409474462232,-0.4849711554579985
12885,0.6312959335480697,-0.2646253124688238
12886,-0.4960751763328446,-0.32516048229225214
12887,1.0567795250260585,-0.2246075054007427
12888,3.9364515718201427,5.081151012429824
12889,0.20956493377915578,1.3024656797430658
12890,-0.8287619373080328,0.5585628558002316
12891,0.8644549138847529,0.11376805339229457
12892,-2.0267569676496366,1.5795329949071566
12893,0.1393957990702567,0.7726300970383401
12894,1.2295504327686269,0.143734453863266
12895,0.38100282162331156,-0.09149835406661896
12896,0.08423126149348388,-0.23343267141152524
12897,0.8169207874618365,0.22995036880804087
12898,0.18476101331653566,0.07852356354103804
12899,1.3449031083595202,-0.054373131471314985
12900,-0.27032309460791604,0.3328150056308329
12901,1.058549380437853,0.1206060782554267
12902,-0.3304607730733575,0.3281799444376815
12903,0.9880253043863529,0.4014432270142925
12904,-0.24781236258926123,0.8950400296948052
12905,0.9658454363197275,-0.341039596650464
12906,0.5775616967796684,1.5593305777863653
12907,-0.4920243041216064,0.7882670255602559
12908,-0.1320592336986627,0.2531796349113604
12909,-0.16236017730842417,-0.11630304107748057
12910,1.6546173865186813,0.15631853878935725
12911,0.23196778897297454,0.7310329345595811
12912,-0.5130834525086427,-0.08393742835283059
12913,-0.6022334817569245,0.08477599166126332
12914,0.40404885873837243,-0.010415496081892144
12915,0.7782404196096016,-0.1362780987055039
12916,-0.2437919331599477,0.06929328590282734
12917,0.6096412363919214,-0.015486048478881366
12918,-0.008468971237918663,0.10718558131426645
12919,1.0418421256349746,1.0276056750773823
12920,0.25697300065818257,-0.06935383452319713
12921,0.3692297128050512,-0.04387649810459719
12922,-0.587897408043406,-0.03728049318875395
12923,0.06005402999657098,-0.01789342715459294
12924,-0.09051118864970654,-0.009716941381536663
12925,-0.6534586034515343,-0.04205192338104708
12926,-0.1418593544432135,0.24879598989153745
12927,0.303102590151068,-0.05178992586859896
12928,-0.09096806792967124,-0.2068908866062294
12929,0.33633786214261274,-0.0002488998095747895
12930,-0.304386600950001,-0.03724606040684843
12931,0.23009265061624848,-0.2816840688799188
12932,0.2628973901372735,-0.29436732666988125
12933,-0.41667659308563354,-0.22620042299144894
12934,0.39313064875490367,-0.21038202480337242
12935,-0.2845078809767635,-0.2515141956384015
12936,0.6588940463833464,-0.29291086323282195
12937,-0.6993205845902023,0.013768663624352463
12938,-2.039767862352042,0.7095133969613459
12939,1.0044617949675867,0.03972060256351975
12940,-1.058731825248945,-0.09437784467528104
12941,0.35097422939070694,-0.2873744886175563
12942,-0.8133585494818092,-0.12978601487022806
12943,0.7916400091065359,-0.12148931561133887
12944,1.5750387859770418,0.09017940976078764
12945,0.5973628907831814,0.14087606358375598
12946,-0.7609756679622586,0.8887454739499443
12947,0.6101738269509498,0.12477345376855976
12948,0.9051801692419293,0.14565096390926863
12949,-0.4877561937801944,0.16397637634913048
12950,0.8290076712730464,0.430295665762555
12951,0.002856900382112,0.627303153425002
12952,-0.4063413919146505,-0.1625929713618437
12953,-0.04473810534060933,0.03586536727238481
12954,-0.13725640278988907,-0.3208928605270506
12955,0.16500824947282342,-0.2709633743065466
12956,-1.3207647179481683,0.25273273276509367
12957,-0.5747610209974209,0.15224789552674806
12958,0.5270981469512485,-0.0029884084655447734
12959,-0.6316511701595343,-0.1944267661649699
12960,0.005542854267217713,-0.3242465955329833
12961,0.6080975028219558,-0.22188921870865208
12962,0.35135126801456673,-0.09197764397494891
12963,0.2581852672249765,-0.0022393348461033184
12964,0.05324961719589807,-0.08945241753688991
12965,0.9008160657942452,-0.044095379639645736
12966,0.4926700327350458,0.26010691022949073
12967,0.1498471591084556,0.17716946098434183
12968,0.3674431972468364,0.24183915535045275
12969,0.4388278261234104,0.07187053997514582
12970,0.5888593652708989,0.44060383265533426
12971,-0.7195638989278936,0.6072873688469351
12972,-0.06695769952037879,0.4632559581547968
12973,0.9174880214204156,0.783360594728704
12974,-0.07552409824333864,0.1584847755638772
12975,-0.0030703285945940014,0.001944657964440261
12976,0.43959293204450633,-0.022112984205707134
12977,-0.2687399042897197,0.06013450449849386
12978,0.14392588994122227,-0.07386222926341969
12979,-0.44004644449652497,0.19050045418522282
12980,0.265704618198689,-0.2868248069895851
12981,-0.05135969006509389,-0.16819331040029523
12982,-0.12809330220595147,-0.08127729309513079
12983,0.3668075751881631,-0.037561118392717814
12984,-0.11750545473960336,-0.036087131179339454
12985,-1.006064955504636,0.3517290142496002
12986,0.7788964902629676,-0.015394504477800294
12987,1.1252827774270424,0.6461691598930731
12988,-3.0465459105836934,3.1493267583049733
12989,2.210272138976028,2.8745432329879654
12990,-0.17367636256358907,0.8911821541836614
12991,-0.7888132416831666,3.025581109495535
12992,0.3532593384108895,0.4005194021449181
12993,-2.729243671459138,1.1011667158928111
12994,0.3344355337884185,1.1345184588780906
12995,-1.1859034324782922,0.9241141042527524
12996,1.8179835436522984,0.7297539435497244
12997,-0.978677852703029,0.05478550878827157
12998,1.049719470869577,0.17843507876667963
12999,1.034928966542305,0.3581925046108092
13000,-1.435006075921232,0.28194103850175867
13001,0.35260985959223706,-0.3197208107163769
13002,0.5605539420110416,-0.22016388536829656
13003,0.6768515275769545,-0.2265436709885687
13004,-0.6866864896473406,-0.20919461659039185
13005,0.3272114211339566,-0.4001599246027237
13006,0.4099900573911,-0.3589051852874785
13007,-1.3653683857301342,-0.06292706507142934
13008,-0.15422443546113235,-0.08952926047357605
13009,0.5419982683553248,-0.3695399506539764
13010,0.3289296160312748,-0.31895177459053964
13011,1.2198057415203047,-0.07711751612155318
13012,-0.0006135364702462918,-0.32771839732617053
13013,0.8623910799336637,-0.1366523204980314
13014,-0.3861014370618053,-0.22368530287132177
13015,-0.4671141236943392,-0.3874451830692967
13016,0.543807695089174,-0.38641070546367795
13017,-0.08736984384987251,-0.3868036408969916
13018,0.26719491211502766,-0.09348541708494573
13019,-0.07486538489483595,-0.2312840454568758
13020,-0.6211061353828116,-0.28314462652459277
13021,0.3762342297809052,-0.3377433941045222
13022,0.8174060838525253,-0.26159578648001164
13023,-0.006280655730652058,-0.2616334866048541
13024,1.510240968448333,0.1507978900837469
13025,-1.006687323864558,0.2417272970980444
13026,0.26588053699264297,-0.29556864158643487
13027,0.4015937266175405,-0.15546373293044774
13028,0.22681392552710938,0.09124986717927257
13029,-0.5621620243284251,-0.13047961561197174
13030,-0.01801321108394008,0.04252247416559079
13031,0.8970880550480368,0.19876278367294625
13032,-1.2745769582576183,0.4323499003184573
13033,-0.17086982984503027,0.5868946709441258
13034,-0.7513563043729857,0.11008726925614426
13035,0.8351667995849184,0.13717128957157332
13036,-0.1357700295694207,0.2617736171362926
13037,-1.0779803276535638,0.14098153992660567
13038,0.2916748528891417,0.05428017693803816
13039,-0.2686046259094686,0.12466791756507388
13040,1.2593777720120891,-0.20202072911875152
13041,2.4515526837939534,2.5208583523436685
13042,-0.10276039455565593,1.1987956994492168
13043,-0.12380112108026553,0.62553426515997
13044,-0.04535743160553121,0.3826335099377656
13045,-0.6189594768286304,0.35475168109618477
13046,-0.9917486398690164,0.05593693686583279
13047,1.0361554928825816,0.5437168063287946
13048,-0.3599645598475658,0.10420978352407236
13049,-0.9077658262658089,0.08732716243706634
13050,-0.32164514005376926,0.3537936593076199
13051,-0.40055254469440493,0.06421382858309399
13052,-1.1026485959167924,0.7554311289316857
13053,-0.4308681361117887,-0.1595402031048312
13054,-1.6342766564194442,1.048697384202994
13055,-0.2209005048651837,-0.10489586352403885
13056,0.7195691078338694,0.6785398939916448
13057,0.009965226743732812,-0.9639738435903524
13058,-1.3409439009703708,0.9147182257917265
13059,-0.33632436338993527,-0.10625136955888849
13060,0.49979082461486707,0.19510311414778764
13061,-0.23385088569625967,0.16391697309167857
13062,-0.6791271875104615,0.5509569582580309
13063,0.10137885598141358,0.5160744376003046
13064,-1.3635393191038818,0.7996999070415093
13065,0.4624338395131157,0.1538427753391779
13066,0.5263717657381375,0.07646057791535754
13067,0.2041473134674738,0.014778239730817058
13068,-0.5672324301830449,-0.23218374243952217
13069,0.8615487230803245,-0.012077247090214465
13070,-0.9543981278681842,0.06610145388415392
13071,0.08771745595417502,-0.12245946485095519
13072,-1.6891161374082546,1.0812092595389793
13073,-0.2950097316628012,0.6751307751624559
13074,-0.004734550472505859,0.45634684117434604
13075,-0.06792155792026777,0.08249817912242621
13076,-0.13462637463519625,0.0547128419925704
13077,0.439966076780022,-0.044787016821352686
13078,0.3890353354491149,0.22968313003095586
13079,0.5355273259022174,0.38091220922433133
13080,2.997961659274599,-81.30492792576806
13081,-3.7457305922300073,6.8869055402867705
13082,0.6575264241346617,2.9131234505984827
13083,-3.522535661357331,2.94666534674609
13084,1.1569984994021043,2.644158218729234
13085,0.8747688096718027,2.0810126585669293
13086,-1.2407944091982135,0.6944933538316972
13087,2.8602133191737025,1.5109817853257292
13088,-0.020477479021581632,1.059196881528739
13089,0.07982031959022441,0.5880055842072404
13090,-0.6446834585633656,0.4422921316909129
13091,-1.4718563839254262,1.1766075277653527
13092,-0.28557802681198285,0.5504596907144761
13093,0.16631755086227604,0.21673137260579456
13094,-3.144360537676213,1.436941938740662
13095,-0.2839748189809134,1.4323546107810015
13096,-0.020621374868441865,0.19305625915801544
13097,0.2829048614699195,0.3242008698157869
13098,-0.5901487970794199,0.256512123544191
13099,1.8913786075142398,0.7481602674146409
13100,-1.4253890898064603,-0.043072712903012816
13101,0.36622848374503264,-0.14374579658983588
13102,-1.0978739476706916,-0.11986815230360157
13103,0.7940518078156064,0.7245500619012081
13104,1.121114602463276,0.008451151366906887
13105,-0.31490885256294454,-0.33734699632925097
13106,0.1198322774307146,-0.46737547420676884
13107,0.893548740728675,-0.07447004978477917
13108,-0.035867708507572454,-0.023133847997164
13109,-1.3613047165246936,0.03881526151034577
13110,-0.6383830778055984,-0.13397184491409161
13111,0.8190192073146966,-0.331005229366044
13112,-0.7445325394724729,-0.23320010935404606
13113,0.03291803907673745,-0.14987964502340695
13114,0.38124321974734515,-0.10246317305046465
13115,-2.6841872789299615,1.015208549195084
13116,-0.4293939094842154,0.7684270116281913
13117,1.1852860521562278,0.012335271270473121
13118,0.19602969106147294,-0.037253342234518906
13119,0.8398880032757697,-0.19541167203314302
13120,0.05950027142237362,-0.4799564846351303
13121,0.615108171166472,-0.35472337969712714
13122,0.7111032307985068,-0.6111568661204982
13123,0.8886891291303856,-0.642504017509823
13124,-0.17216897249695118,-0.4956554001579983
13125,-0.2071895693129019,-0.29380833261776373
13126,0.9384661584901897,-0.11885466335815402
13127,-1.2285670108224913,-0.12182605662814854
13128,0.6280352077913068,0.1998711589641997
13129,-0.753500478393035,-0.2964818497007735
13130,-0.33070877884436484,-0.5945818663604039
13131,1.2357512279177496,0.20818416961454517
13132,0.5075401831901896,0.17335699822391654
13133,0.22740715240480963,-0.09690752927211076
13134,0.20366875686310734,-0.270820572957606
13135,0.356308748605295,-0.26557257987171085
13136,-0.25181509527863677,-0.23069803898990698
13137,-0.36453469598457433,-0.16848975767860824
13138,0.5860925758543643,-0.2990865506733966
13139,0.862227925405073,-0.05744470382446135
13140,0.19419167874709084,0.0571072717344762
13141,0.1854460320116359,-0.15270302025129462
13142,0.4546868346076765,-0.22108798846585365
13143,-0.05260144211595086,-0.2838372282130579
13144,-0.5082611412280759,-0.2457232980598451
13145,-0.6702436392656742,-0.09976173304929316
13146,-0.5627098869334496,-0.24671339054305091
13147,0.5289941160435081,-0.25547825295948623
13148,-0.2483165523447777,-0.21083418228394524
13149,1.5119951998335603,-0.058547111656536935
13150,0.6045024142974859,0.6625189683006554
13151,0.7315609507479425,0.09686549444379478
13152,0.0866156020161041,0.18396373146480482
13153,-0.5503919543446832,-0.042277919356597464
13154,-0.8228126323542004,0.10281917686386308
13155,0.05880738870829547,-0.25756783866356403
13156,-0.41209317235560905,-0.26914841367903963
13157,0.35207355106508154,-0.1465927490969119
13158,-0.08235994416482602,-0.26536939521992337
13159,0.6181909937798034,-0.3384454787511582
13160,0.2786001151290689,-0.4147597374566114
13161,-0.9251143746881844,-0.4129008752761775
13162,0.2974732214381489,-0.28107804939822134
13163,-1.308909182621791,0.07154139803142284
13164,0.3840636839514062,-0.24906460465744779
13165,-0.45224788077410366,-0.05659901315610766
13166,0.2119893412206799,-0.16455386084664647
13167,0.762175546976534,0.17163305351385288
13168,-0.02413752375448514,-0.26802291821668905
13169,-0.6467052644190886,0.0055329533011218325
13170,0.34236015801286046,-0.1495973829407244
13171,-0.5132194189735102,-0.19350993920286164
13172,0.3398175526327036,-0.40125935822803743
13173,-0.19175366403952537,-0.40952429874436286
13174,0.4936155379360624,-0.31343271818829327
13175,-1.698972068478982,0.2737690555716163
13176,1.6804241594130283,2.2264999780985346
13177,-0.165594602446858,-0.31855472817219205
13178,-0.5225715441580893,0.03768437056346482
13179,0.1293823177637984,-0.10409611999593818
13180,-2.4127715626529915,1.264143508899463
13181,-0.6254063189803382,0.3852413611801567
13182,0.7551150261259539,0.8926676343989599
13183,-0.6666418066341223,0.05362829564063765
13184,-0.7826610583708394,0.253276985339866
13185,-1.5146602796374156,1.5302114914458798
13186,-0.5029758194639653,1.576759733886015
13187,-1.9244197777115957,1.622941614135854
13188,-1.4907788177338377,1.6568085525207945
13189,1.0608948077796514,1.5992742674732767
13190,-1.2892770291254554,1.4552932116708164
13191,0.920187670187457,0.5194023445044226
13192,0.5443542480550717,0.06585601426150346
13193,0.4016323262944601,0.03353111809861679
13194,-0.860306813429507,-0.1252071685997794
13195,1.9398658340119335,1.0617876734655616
13196,0.47305294458207287,0.5594783137473582
13197,-0.6322512733051895,-0.17725305458193874
13198,-0.5397321346308718,-0.26890405124172456
13199,-0.14722653548887962,-0.481129789739701
13200,-0.25750910145299194,-0.25813390741428155
13201,-0.5820021030350266,0.4328923179531332
13202,0.8472888070913444,0.07686598835779695
13203,-0.9618865370960582,-0.19490424064819967
13204,-0.11043017952551105,-0.4345954907943998
13205,-0.286355436824146,-0.32196511416370566
13206,0.709121135780474,-0.09478584814746108
13207,0.24192481094196722,-0.39638534624868765
13208,0.07568140912441387,-0.33636896519144177
13209,1.088221660660524,-0.1578580816739134
13210,-0.47329999540994494,-0.037478275657798696
13211,0.39953224991114183,-0.11044431788054619
13212,-0.12664786052258276,-0.4182550849392369
13213,0.5238334229393379,-0.4656037367010761
13214,-0.507593663199796,-0.24624410914093076
13215,0.6280606677475996,-0.4065012403559114
13216,0.5295271819257931,-0.273103707472538
13217,1.3311336483247578,0.14577683617359466
13218,-1.7256680316950188,0.16379773177419982
13219,-0.5246524463062333,-0.05745504594485573
13220,-0.3375431019441368,-0.3093696855084455
13221,0.8661035051363245,-0.3924485885679253
13222,0.95018752214756,-0.2848070288934988
13223,-0.35818448874073194,-0.23068860691805165
13224,1.4788901732339947,-0.1819256070081402
13225,0.35858516381897815,-0.04411953160939396
13226,0.06657146603532807,-0.1460564826929644
13227,-0.5459423828385104,-0.10633012469249017
13228,0.3784234800514879,-0.3924853134780538
13229,-0.026687725414658074,-0.3854434686229717
13230,-0.4035226993009846,-0.19552974191181438
13231,-0.10828672192423415,-0.43857255918768084
13232,-0.39194516650328254,-0.33576574245611013
13233,-0.2538130903221459,-0.28473721629589277
13234,0.7973584175309829,-0.2648075078341379
13235,-0.14952054057299197,-0.16516727308272633
13236,-0.3901857247372057,-0.3832247645552315
13237,-0.36036051756480236,-0.3213834148750464
13238,-0.03467989732059344,-0.30680565932622345
13239,0.9078623123779984,-0.4645146046790828
13240,-0.2118920872503159,-0.42617566402336515
13241,0.44149016998467416,-0.4754437007671544
13242,-0.314586286344614,-0.4630994478250037
13243,-0.7480737549690969,-0.36429842417665237
13244,-0.320143846659108,-0.2838556914941867
13245,-0.03928147291061919,-0.4763713970489352
13246,-0.31256856922877013,-0.5308911683396571
13247,0.322075559195217,-0.27932645501265496
13248,-0.19059043528561886,-0.48964071610067933
13249,0.46152469291550496,-0.09982699300523745
13250,0.5583028213300857,-0.31869846200026736
13251,0.3720937316740172,-0.5025230007353254
13252,0.4053424765458029,-0.2732297951878036
13253,-0.04844655852199942,-0.33918364279472335
13254,-0.27595495990980556,-0.31426191102358697
13255,-0.03409984424513249,-0.4408719587089065
13256,0.368846288151589,-0.35731758311340106
13257,-0.1452165563159818,-0.43850324874432917
13258,0.16900229804325417,-0.4533857778414887
13259,-0.03327285943695306,-0.40798246547662775
13260,0.008039923928537846,-0.31937187558757996
13261,-1.331338242974175,2.063409204501772
13262,0.3846518737903295,0.5535861783496733
13263,0.0013241237911460052,-0.5198590047927599
13264,-0.30254656858040613,-0.24123592904682273
13265,0.017797410132056227,-0.3584201803697262
13266,0.7962871973285648,-0.14636898181857638
13267,-0.37773312628468003,-0.4082974859873655
13268,-0.5013309956854404,-0.3455116880543716
13269,-0.6067100097491241,-0.17958176270283843
13270,0.1396262491013276,-0.32747003258011737
13271,0.309856093678763,-0.3343308564686358
13272,0.40646696068818144,-0.34242105228852876
13273,0.5112365921658529,-0.4018986727133935
13274,0.38135323178651737,-0.22064775409692788
13275,0.22655314287529146,-0.2407042649726014
13276,-0.6253152797509601,-0.3321325299661917
13277,-0.5187614126173739,-0.16674905457450484
13278,0.22015781493670358,-0.33879039848948433
13279,0.9250204909942061,-0.12758783009472685
13280,-0.23281485269628938,-0.3147414248688643
13281,0.5887126405637838,-0.3486399775500097
13282,-0.08643086648854868,-0.33500835545383456
13283,0.3907230477021625,-0.32532860616697135
13284,-0.5327436965880372,-0.15348037122646507
13285,-0.048927355169518134,-0.34367532725624794
13286,0.6393640984025304,0.026977549850593828
13287,-0.2182362491073624,-0.11918935327503327
13288,-0.420120612102095,-0.3096044210374135
13289,0.03075858514538085,-0.48141988256514584
13290,-0.49931955863010463,-0.37373198917687545
13291,0.08209423193787051,-0.4363525366526588
13292,-0.19552361872496743,-0.4948686517953065
13293,0.2127983177569447,-0.4655027215071716
13294,0.36012781232541663,-0.5758314072534892
13295,-0.2732030776152631,-0.4774142061925247
13296,-0.041452640231862785,-0.5718920207700757
13297,0.1588704788473696,-0.48358541206131755
13298,0.1477126977645236,-0.5008693661805467
13299,0.20672414641876724,-0.41156685008293903
13300,0.1339484428339607,-0.4512712015847363
13301,-0.3917056387452043,-0.4712907147312827
13302,0.04509291004771385,-0.46301334967754015
13303,0.2285075317398349,-0.49590686488663915
13304,0.06244965305939801,-0.4864842941779331
13305,0.157041420882782,-0.4710291101060761
13306,-0.5620580507929488,-0.4937003463422368
13307,0.3554525649443078,-0.5699417523053367
13308,-0.2822861769057397,-0.5381665307945832
13309,-0.14149567302604146,-0.5432532582678081
13310,-0.056176654235033874,-0.4902887867752701
13311,0.2423268199488509,-0.523878869615539
13312,0.31123180080267643,-0.5076652628662309
13313,0.03943828633701388,-0.5129860097362605
13314,-0.22676631138864342,-0.5661738163291999
13315,-0.4372193014748414,-0.5475983760932421
13316,0.17350102875605658,-0.5291141050628433
13317,0.3945954503439878,-0.4101123387542068
13318,-0.3191014759822574,-0.44296010530543983
13319,-0.12752223729666512,-0.49565716774033625
13320,0.11170607105504327,-0.3432332255121409
13321,-0.06956396674703143,-0.2552316722590634
13322,-0.318470828558012,-0.33962144693749224
13323,-0.27509314780890376,-0.26498298520115726
13324,0.6406477343226282,-0.20955133055028424
13325,0.26393785704675565,-0.4843220304703137
13326,-0.2051342116891696,-0.4951422351305306
13327,0.6699801119024718,-0.5343397608509282
13328,0.28815542661382576,-0.4116559151992578
13329,0.39429938799811237,-0.4488137664218412
13330,-0.1740900123991129,-0.376449863309851
13331,-0.04534114112285514,-0.564976655554245
13332,0.9322654371553692,-0.47817911553760656
13333,-0.3023023286203442,-0.3101382805694695
13334,0.5096052002879814,-0.2890713381176238
13335,0.3948015988939696,-0.10031245119593886
13336,-0.055878075310196604,-0.3836404075905952
13337,0.940538773624396,0.26266517400199885
13338,0.19812559276726505,-0.12736589603115933
13339,-0.21813475473603705,-0.270708422997753
13340,-0.2777284901564615,-0.33913957410794476
13341,-0.3084956380173509,-0.35132685423993487
13342,0.47761018749663114,-0.45442933727793255
13343,-0.22175372824625403,-0.34262152999332846
13344,-0.4020324042099142,-0.21764546853341704
13345,-0.3485236950876184,-0.3472059771358278
13346,0.641664615336802,-0.2643887311516196
13347,-0.17446369650813504,-0.43156042234336534
13348,0.20636493745983742,-0.23593317808529868
13349,-0.12613804197631454,-0.7361553232369266
13350,-0.14811154784959157,-0.4315930967482414
13351,0.3124299735409285,-0.4354790965465298
13352,0.15147784856756433,-0.34693285833586307
13353,1.164206058867617,0.02942746931375622
13354,-0.2874203461539616,-0.16056930306310596
13355,0.19895525316325363,-0.12971083880187328
13356,-0.45533170812635937,-0.25549597519248557
13357,0.2222638068719783,-0.5926704435747859
13358,-0.35603507873457896,-0.23126271037325147
13359,-0.3675533240875171,-0.38203421390271985
13360,0.5123666439337691,-0.301448655452484
13361,0.2740442000011351,-0.36962457558329775
13362,-0.42735406612234195,-0.30649339929681096
13363,0.13750910633419114,-0.4577298444774804
13364,0.21713501680446776,-0.34361994847112415
13365,0.27581294076667107,-0.25572395621203026
13366,-0.3925547863147323,-0.3421048383641846
13367,-0.36640106077705625,-0.3038386368515769
13368,-0.0852582336931914,-0.39786164242274863
13369,-0.23998181898028467,-0.3746931423200255
13370,-0.3096815547876486,-0.3768853518360963
13371,0.263400887216453,-0.47807284335109956
13372,0.6727974157501839,-0.4373780348659361
13373,0.1952340352519542,-0.20515656316072384
13374,-0.17222018696566743,-0.4375258130800763
13375,-0.1902258116398788,-0.4045391953702133
13376,0.255860893810341,-0.28688704969573875
13377,-0.2588875391446463,-0.22838376999045706
13378,0.496202505481541,-0.1750891278970444
13379,0.2605303341747701,-0.23392569861980678
13380,0.9415848309703283,0.22852934572666195
13381,0.30646733371021945,0.023033799298031024
13382,-0.7714027233762525,0.2787628042226235
13383,-0.5148265556233996,0.09445435937123596
13384,-0.1850147464154819,-0.06212958434592863
13385,-0.5640607964871226,-0.13420284364366264
13386,-0.15014505647782422,-0.28299023255476824
13387,0.023439196925460294,-0.29551969184885063
13388,0.004881735463161629,-0.3152844995238825
13389,-0.20144857977562777,-0.30284138896531587
13390,0.01701176535025873,-0.3764761844960502
13391,-0.3434227176058425,-0.43127333272004226
13392,-0.12205318494985928,-0.47688463528188185
13393,-1.0218179217733494,0.9054503218748143
13394,0.3977700584769592,-0.16810317111415984
13395,0.21955730272579424,-0.4677419064513057
13396,-0.7562670952908086,-0.3985539938031631
13397,-0.26093326055745114,-0.27724050395989674
13398,0.41351010308410946,-0.38717532387213904
13399,0.046900172640891996,-0.42357513273381714
13400,0.42007859339763837,-0.49486570674646235
13401,-0.6145609762656459,-0.4464521098729719
13402,0.2854236185708188,-0.41988876638724615
13403,-0.10248615151156582,-0.48339818861162104
13404,0.40695541345479397,-0.49718325590687
13405,-0.16961983760327265,-0.5314962152151692
13406,0.581918329145606,-0.2641043588021748
13407,0.352548643875084,-0.35802718299843533
13408,0.7984134011907164,-0.35298645098802983
13409,-0.10335494963233921,-0.4878603844649942
13410,-0.6904115002070409,-0.4349587557703414
13411,-0.55947644732473,-0.24621625203944553
13412,0.24947962562033696,-0.47708238972630035
13413,-0.7457327992298409,-0.29437686695182314
13414,0.4877395119319197,-0.2953129488606531
13415,-1.4500119023320817,0.08341194863732694
13416,0.3620337053460172,0.054290144929506165
13417,0.1104462183914341,-0.14676785518925595
13418,-0.3207622041548403,-0.29187324659368297
13419,-2.5680866231538957,0.8889976006453457
13420,-0.9762216062146528,1.3962671767530364
13421,-0.6708795616398052,0.48935353844271784
13422,-1.0245541313579156,1.6493959917752912
13423,-1.1675878254563181,0.5902485520132216
13424,0.656995489659271,0.47603458027599993
13425,-2.0294570865408663,0.9452141619004891
13426,0.016990495065665835,0.27857800180542924
13427,-0.627659707368736,-0.17103179292495269
13428,-0.30240783687380524,0.8647796160553823
13429,0.8538234756280236,0.32988290138965176
13430,-0.30186394419652857,-0.2064063938783181
13431,0.6525289550993106,-0.14168841997937814
13432,0.08357616749609871,-0.05896759664318447
13433,0.37486724806075294,-0.3040986987873675
13434,0.6008556089752581,-0.18688348414980654
13435,-0.9184340872057093,-0.19633361914808067
13436,-1.3667334456953448,0.11226407122453054
13437,1.4638863574250414,0.3493262658008299
13438,-1.3238018451779503,-0.020409769904079427
13439,-1.0384272295267196,0.4833310779084398
13440,-0.4590233230321318,0.26840975224550045
13441,0.7878689649645693,0.1474637710148296
13442,0.1173524526728082,-0.29018340906458523
13443,0.06567697263780573,-0.20833837070490457
13444,0.008641953695238994,-0.29135669080808263
13445,-0.29129489833187633,-0.3257966669254717
13446,-0.17961536543791917,-0.29332151276190715
13447,0.9469945461020522,-0.2678077553902443
13448,-0.5235938826169054,-0.3325489421660883
13449,-0.43539924690855536,-0.24522325307993353
13450,-0.5448324220382293,-0.1785890196888728
13451,-0.5297807780478678,0.2473114823731209
13452,1.7941310685475202,0.7434493311735962
13453,-0.2469654833715129,0.12166045245394515
13454,-0.35249715541310433,0.03468154522711439
13455,-0.2012225067252457,-0.08065487829154785
13456,1.1390258384326641,-0.15565494178682898
13457,-0.6405533499137506,-0.0735148662700341
13458,0.1614577884516986,-0.31260287640878603
13459,-0.19013119451654403,-0.31032698022338284
13460,0.27855015093337776,-0.06780702325181877
13461,-0.2615850733265664,0.11881277993492757
13462,1.128854292819211,0.1261431522509724
13463,0.0367565727853917,-0.291631951500421
13464,0.8127575664023969,-0.0182944487662069
13465,0.8302369252435048,-0.039503045593940675
13466,-0.5981776535059361,0.3162509346661211
13467,0.479945936447016,0.028407206070164774
13468,-1.306764304178212,0.24346608156072835
13469,-1.7302551417811076,0.49044479785159667
13470,1.3779204693588702,0.21748879850973646
13471,0.40751230526837373,-0.06428738910245367
13472,-0.7666855556888362,-0.19833468440398772
13473,1.4463260202739268,-0.0018894111683932843
13474,-0.6571679668584172,-0.28415225343641765
13475,0.11031622144752824,-0.3262994290552977
13476,0.8565790740281479,0.053218488373955666
13477,1.0415051430000524,-0.047831453323416914
13478,-0.2301505535285854,-0.08467808162791006
13479,-0.4333134684801518,-0.09788473898100487
13480,-0.29407981245603876,-0.26603343993833156
13481,-0.27759830762860405,-0.4054258805857547
13482,0.9358545276619054,-0.4074743375879643
13483,1.3876720567244678,0.17889807488189197
13484,0.7185458365201914,0.47669346411073055
13485,-0.6038429322247816,-0.20720226142748022
13486,-0.641966492543635,-0.34172134305306234
13487,0.26871935085745496,-0.34113641910266457
13488,0.3275862832620517,-0.3866686513051474
13489,0.4274382910283752,-0.4541186275690759
13490,-0.8052174857861641,-0.15225414974398083
13491,0.39277073252579536,-0.4963306428829546
13492,-0.4663745527318854,-0.41575006828368855
13493,0.35060751415644376,-0.31236954877481166
13494,0.391442869749856,-0.4582479956108865
13495,-0.01572361977449393,-0.5372995836762952
13496,-1.2158116831405805,-0.13450834157195032
13497,0.7845615939176871,-0.46241378605786737
13498,0.6377872213472418,-0.4845086861612515
13499,0.2216722789314057,-0.4788981287741192
13500,-0.793735284708408,-0.37674914578671853
13501,0.8342333106232714,-0.47871996128236427
13502,1.0828517960373925,-0.11804323859393841
13503,0.28320150726780685,-0.3622226034159962
13504,-0.4268895026498781,-0.305635529544113
13505,-0.883442969472791,-0.24178574190757035
13506,-0.04519716607913415,-0.5069102677405676
13507,-0.4045477974796902,-0.32578445248764587
13508,-0.7675469741776243,-0.2924623462597009
13509,0.07646847522216489,-0.40173577233236324
13510,0.2193597080974346,-0.458261132783965
13511,-1.665434852227712,0.13210546925984978
13512,0.5977247027016881,0.2764504074460897
13513,2.2208028310921333,-0.12200293992618028
13514,-0.4927125843730464,-0.06744313848996175
13515,-0.7328632987017235,-0.3513033206499396
13516,-0.938459218612905,-0.2517512417555592
13517,-0.36153174633646024,-0.3726219807921361
13518,-0.23989999997181044,-0.5916018697365782
13519,0.019718470592447662,-0.4058449207580407
13520,0.11062331789578828,-0.3117263361990722
13521,-0.13115191496758852,-0.28982821986322904
13522,-0.22231794374585992,-0.16671967253962833
13523,-0.9104654389969934,-0.15888350764532727
13524,-2.0142350124030024,1.1066420541147475
13525,-0.7808993372252723,0.6569165799011407
13526,-0.42972711988769025,0.988523401068387
13527,0.1892137464733981,-0.10365774018712558
13528,1.5051159022635963,-0.010007878970978552
13529,0.546742019798916,-0.28149888103302706
13530,-0.7256458662814068,-0.08362716419774399
13531,0.806895111589453,-0.15699527129260998
13532,-0.2839072734630697,-0.4233513086159982
13533,-0.7178755429820727,-0.37123535176674793
13534,0.05219922449452983,-0.29268792223615403
13535,0.3042048032913753,-0.27982854896238446
13536,-0.26797202711660817,-0.2707845425196418
13537,0.027414755826278094,-0.3497082825217671
13538,-0.5017384681220592,-0.25039255000701477
13539,-0.6828216630640527,-0.17669777195777536
13540,0.1934599146518226,-0.316055356535244
13541,0.7777209166990575,-0.31831025922662143
13542,-0.040966425642439956,-0.19209180732892528
13543,-0.09838586453227964,-0.18674724920599878
13544,-0.16269860217522822,-0.311799651698286
13545,0.9799667358526348,-0.13474118299670812
13546,0.7947594630621756,-0.1361081763011004
13547,0.16873002396207157,-0.36189712901114235
13548,-0.14984061725201758,-0.1300928503966245
13549,-0.105934722995809,-0.42267233595286696
13550,0.14876917205398316,-0.41565201181318495
13551,0.5893796112564588,-0.35997040879273046
13552,0.561707203599126,-1.020229526785245
13553,-0.1911655343243637,-0.5344541146498347
13554,0.20619193673540132,-0.38275086884511134
13555,0.1818460452493318,-0.29552781241923554
13556,-0.4204223916176448,-0.34217231965160827
13557,0.4185645550975298,-0.4160160821728823
13558,-0.1340911035343182,-0.39942936001013724
13559,-0.17433514155094262,-0.5333453670493419
13560,-0.10726059501756542,-0.4027354151538838
13561,0.11733141381036871,-0.28152176734660156
13562,-0.5175834276772125,-0.4060157760571478
13563,1.0344997935368772,-0.31972930545890477
13564,-2.5759132041796127,1.0776946537489416
13565,0.7932017578976303,0.06389136803126534
13566,-0.8458563414960368,-0.06219541832088196
13567,-3.232950440858907,1.3815898544161425
13568,-0.677235831393125,1.2192844830573955
13569,-0.23834337498794173,0.4201501289753178
13570,-0.10469807245359368,1.051637122460909
13571,1.8131848275944737,0.8194721541086387
13572,-0.44442755058987377,-0.22864519363581398
13573,-0.6394172478116124,7.240253577596187
13574,-0.16717287608626147,0.031007899568223085
13575,-0.2779014537238445,0.008383456749950672
13576,0.024044057670073636,0.501659831029012
13577,-0.5933829680544287,0.025484036056739684
13578,0.5674718542533124,0.3731212998458688
13579,0.3865956365657605,-0.12477836912436467
13580,-0.04188028738001222,-0.3021577309133313
13581,0.2714934770397745,-0.27505100681890526
13582,-0.309880478160284,-0.25838222009392553
13583,-0.37166907671878663,-0.21186765580798167
13584,-0.8768371194422961,-0.3102391630661021
13585,-0.3596074422036786,0.48008552068126054
13586,-0.7010401301617153,0.07604548686158696
13587,2.1834279265767824,0.3508393531254032
13588,-0.04239926522799639,-0.27295223957900117
13589,-0.9987961601416463,-0.1279448960849054
13590,-0.7114783507543129,-0.24179472977547734
13591,0.9855082394779615,-0.3534166606223228
13592,0.4890054465222258,-0.39258491478109137
13593,0.6726534608143027,-0.3462545885304529
13594,0.21003794195745498,-0.3689517626337546
13595,-0.27536789628631414,-0.33712820482912137
13596,-0.035004703996722966,-0.31038513795998685
13597,0.02388907582954149,-0.5081269252223244
13598,-0.9868514865580404,-0.0711339268610435
13599,0.29704426053155364,-0.16339205991393208
13600,0.040097131189872445,-0.44284028649247775
13601,-0.2743606459779025,-0.4155354442157193
13602,-0.7305495670425545,-0.2783371672867067
13603,-0.7110419897517278,-0.007848719595816091
13604,-0.14483878672513442,-0.053963018811017
13605,-0.7740535469638187,0.10834861175089715
13606,0.9282262493805455,-0.09974241968411598
13607,-0.4104337683611383,-0.34690174767369564
13608,1.0544594906855562,-0.2282551780467682
13609,-0.30784202422013196,-0.2342689015209794
13610,-0.11132429754714883,-0.1936803768297904
13611,-0.6152564286629975,-0.31612452190950563
13612,-1.0794157713810137,0.409726605277731
13613,2.023711277586983,0.8226613359424901
13614,0.7791876203018119,-0.019108408211945434
13615,0.07826122634536577,-0.17108006088716482
13616,0.026637079952662512,-0.2277282057868879
13617,-0.1042940675347742,-0.11273731285628835
13618,-0.32766800118037015,-0.3323096711506582
13619,1.2675493494931307,-0.15800422860841745
13620,-0.4950977411269883,-0.046803221023715647
13621,0.11070159555009534,-0.3325839358436973
13622,0.32807552144864804,-0.12401757403699316
13623,0.2913374526967356,-0.21372283180062623
13624,-0.43883680243201484,0.0701609685657359
13625,0.2570126825722426,-0.279723697766523
13626,-0.5010017505420008,-0.14971175716196689
13627,0.11415112488174615,-0.037777968917916085
13628,0.1452784776145474,-0.29414892458539227
13629,0.41087715245258066,-0.2916964266581643
13630,-0.7757418407485436,-0.014537988155630899
13631,0.4071104043926631,-0.22461630372430708
13632,0.38797891727463735,-0.3193553159925236
13633,-0.14650636769755418,-0.3350645407438063
13634,0.3482413944217049,-0.13486824490992055
13635,-0.11489520169546777,-0.04259451148820338
13636,-0.42959994900621357,-0.13124414262275447
13637,-0.35867631890785173,-0.29562123467363305
13638,0.47364871306454365,-0.35120951731187516
13639,0.7299305379401404,-0.167257124491823
13640,0.4812775482639315,0.10601172667098197
13641,0.3344954979751617,-0.14261991424911508
13642,-0.3818306114902238,0.1594727496196955
13643,-0.48799796985401533,-0.19053931891771597
13644,0.20525115436392674,-0.30231089970648334
13645,-0.5398395812486566,-0.33803225156636574
13646,-0.053722218986074974,-0.40248960237807013
13647,-0.008669627164548433,-0.4172300191649997
13648,0.44702153182209536,-0.3651147026080223
13649,0.04747023886498338,-0.34988995357162594
13650,-0.7053887161851811,-0.2018649335856491
13651,-0.521864939856589,-0.3126368867586514
13652,-1.7236799553194326,0.5306511924036609
13653,1.9151948020321587,0.050492045828463096
13654,0.7310730863558658,0.11002813324066135
13655,-0.5228871793089704,-0.2225460875558991
13656,0.844352324621622,-0.2268927817743494
13657,-0.43783589168228265,-0.25617581409616624
13658,-1.600368433313611,-0.08167492889354809
13659,0.5998307155799493,-0.3077142285547375
13660,-1.0236489067714005,0.44517957007365494
13661,-1.933721997812756,1.2773247343349858
13662,-0.5873646502605946,0.8604590523889434
13663,1.8776947581190027,0.7314154363518182
13664,1.6953951472524524,1.1279951512560695
13665,-0.022478457704473754,0.06701180085765876
13666,2.099143367008413,1.172192411468229
13667,1.0473403189146149,0.902934654634894
13668,-0.8892394259882691,0.18766569734873184
13669,-1.4125828807612546,0.2638917396926804
13670,1.3650278706051981,0.043896770638938314
13671,1.482616501992468,0.13656720252387705
13672,-0.8084150381792938,-0.11658467943665911
13673,-0.3176012920465669,-0.23120432692512183
13674,0.4572097500024963,-0.07729300752430429
13675,-0.33906438876329653,-0.37806410667780305
13676,1.9668477788265475,0.19240607219281203
13677,-0.4005524592936837,0.2705715592500047
13678,-1.731559213198405,-0.005613555940576682
13679,-0.732398470816016,0.10990068790996155
13680,0.9392368147279117,-0.17428729027708617
13681,0.004692044319988188,-0.3483954820099366
13682,1.2164226099320095,-0.2325889153363419
13683,1.033208880112664,0.1240578792968506
13684,0.03900695718449152,-0.29534358330883786
13685,1.1246754918010806,0.051509080902471915
13686,-0.47598283177024353,-0.23535225752476396
13687,-0.016056421346170486,-0.36336887848597366
13688,0.2220833309246555,-0.320098340825289
13689,0.1857877679267292,-0.30740057398086335
13690,0.34209679971144724,-0.1142429961252347
13691,-1.2503500565999384,-0.03755426467628766
13692,1.1388831175837333,-0.17310123176146508
13693,-0.1835440525681751,-0.3627649724453085
13694,-0.1465537531800353,-0.3048359313207756
13695,0.06393602497618436,-0.5300518851664849
13696,0.17414674561034682,-0.42579386483903736
13697,0.28189830727302134,-0.3664684361371281
13698,-0.6710652139947315,-0.3872124816171395
13699,-0.37718036546629846,-0.4303684647875003
13700,0.2924513959491312,-0.45086394668476476
13701,-0.3319181451584688,-0.4160771231637916
13702,-0.6056895301434528,-0.26224104382494967
13703,-0.02811157776525947,-0.2890389646195577
13704,1.0065568718629876,-0.16043156223507649
13705,-0.14103151739115508,-0.4407567961263867
13706,-0.31132293597393124,-0.42803530578179594
13707,-0.23666212519156102,-0.4155377710412411
13708,0.8707298774933432,-0.20166787817592668
13709,1.2485689730922498,-0.03608959187242329
13710,-2.1583112641939524,0.2085477295856515
13711,-0.8513771835378344,0.12519495905496286
13712,-0.4424543204617275,-0.1643005981578114
13713,0.49279786469820214,-0.3184410766502662
13714,1.5227697936783207,0.04658438387868155
13715,-0.8083694538808546,-0.13083523927002327
13716,0.08057412107149563,-0.40469227429385995
13717,-0.79204664279637,-0.2966806186622787
13718,-0.496717350183327,-0.43084433684671
13719,-0.010297301724533291,-0.4789589363466386
13720,0.43004511492005093,-0.2740761578618743
13721,-0.30923299831933065,-0.45580227151029207
13722,-0.5574498896920743,-0.3047155943429652
13723,0.12270256018560753,-0.3953956445264581
13724,0.5223796395481021,-0.48541023473157435
13725,0.4535221040711856,-0.4581092424895123
13726,-1.1363648956414965,-0.2230127449494017
13727,-0.1703918707456565,-0.47362632822568884
13728,0.5797338623097461,-0.4382993842800386
13729,-0.15577945080612748,-0.5510012952986063
13730,-0.6628610426889104,-0.2986873423551194
13731,-0.14524961948621354,-0.13542293682823886
13732,0.5845567538511993,-0.37769769955544225
13733,0.17821656803389524,-0.5181045057048013
13734,0.08142534544012729,-0.39230488421044696
13735,-0.8509666550853339,-0.36056568870576927
13736,0.11430870199807443,-0.4466529092919999
13737,-0.6613146625609401,-0.4319940541180432
13738,-0.7185502410299097,0.06492654739714973
13739,-0.08003160392143345,-0.1562740226304638
13740,0.9154851238268458,0.09626811723739988
13741,-0.8817509114824482,-0.2739536876652681
13742,0.10043933472437513,-0.42446693622803044
13743,0.12565360830349673,-0.39840997228929936
13744,-0.06938803856426229,-0.5336934636275374
13745,-0.30563956861999264,-0.4206959061994781
13746,0.5271371901660964,-0.3788338512733785
13747,-0.08320115708801809,-0.4811774459416933
13748,-0.49804717684558203,-0.27612502672718114
13749,-0.4069561655911375,-0.30855178390915744
13750,-0.1503373209484703,-0.4717351774054434
13751,0.05205905691361158,-0.3282642929308191
13752,0.1759139988707553,-0.342491759177124
13753,-0.7415229580445712,-0.17321349098052236
13754,0.4303909171948729,-0.41103898539275296
13755,0.6699386754158347,-0.5174306574267035
13756,0.7546453695801603,0.024917487687205232
13757,-0.8332752184915769,0.026335805017994145
13758,1.3549962289808644,-0.1086058833061851
13759,0.38456810475192355,-0.09559913250360261
13760,-2.2679586386872033,0.657878441061401
13761,0.11716156426782834,-0.27532842303710114
13762,-2.126869890961456,0.2978079951650495
13763,1.0659539695270532,-0.00023206768643882145
13764,-0.047800740925961295,-0.2378732232753789
13765,-1.0705105857222703,-0.23820291665870824
13766,0.618004642562607,-0.2584987218243188
13767,-0.37874458334877814,-0.30899158374816027
13768,-0.35270915928951846,-0.319144542845814
13769,-0.7203818453829254,-0.2816848842763684
13770,-0.42204403723199574,-0.00802806148208994
13771,0.003329636520282257,-0.3531668042762673
13772,0.8460268214795693,-0.3496177843060075
13773,-0.11263044577290439,-0.5520217278943552
13774,-0.03873855489037999,-0.5636931473041413
13775,0.5918629109271636,-0.3545240921961154
13776,-0.5312828090931436,-0.4124939104202964
13777,0.9405649692345985,-0.4234375503577429
13778,-0.11136318428745864,-0.46564219783300365
13779,-1.1884666221723412,-0.2696763324834806
13780,-0.6907672099996515,-0.21419398370255294
13781,0.16757072439844922,-0.3058042097527809
13782,0.2203807170798198,-0.5217939637923168
13783,0.23529067737594878,-0.5006233948517488
13784,-0.14158415259581736,-0.03380572473313156
13785,0.6480281888097242,-0.3677392913881287
13786,0.2468778850015504,-0.3490699311716735
13787,0.19545140752756987,-0.486410405726886
13788,-0.27339703617381833,-0.5160224283600671
13789,0.3493812242829251,-0.5205613091482675
13790,0.34936285457261934,-0.5730018945827451
13791,0.003772728816756522,-0.48777242214683875
13792,-0.6257730449752443,-0.48601548273562
13793,0.22500345111658707,-0.530365264954515
13794,-0.8846873569999626,-0.43329706560349834
13795,0.29226315546990056,-0.42589528984345326
13796,-1.0185679053947174,-0.3352933056440338
13797,0.6266909433322869,-0.5041290253023003
13798,0.8210801663516223,-0.39600658581216924
13799,0.17732190880124182,-0.4429660467647434
13800,0.1313255720502235,-0.3772785189888755
13801,-0.4720765981661758,-0.49157900423167644
13802,-1.0188577412279056,-0.22089196805139188
13803,1.2044703532424117,-0.3839467364405248
13804,0.46107427546028873,-0.5136781111255531
13805,0.005221078659777375,-0.4406125083476634
13806,1.2332223002726468,0.011253993806212913
13807,1.052849138050758,0.06351406329220531
13808,-0.7788906538032028,-0.28961654876569315
13809,-0.3747820227026169,-0.43552222509649097
13810,0.49229031947338675,-0.46824080910037047
13811,-0.8345726775327275,-0.40049753088555406
13812,-0.7148089913154579,-0.37844303815503516
13813,-0.1591463829751934,-0.396342819450482
13814,0.9620261593345588,-0.4006452955219585
13815,0.19260875777760103,-0.3422436159445445
13816,-0.013639635367721097,-0.46608030889607815
13817,-0.5460627387826069,-0.40551291615519974
13818,0.5348272191941579,-0.4308421363854096
13819,-0.2956121929355722,-0.5047409289524805
13820,0.28758499868212767,-0.48052261960204495
13821,0.39638230227103005,-0.46862956383938753
13822,0.15364056652631142,-0.3784469202115953
13823,-0.0943424817587221,-0.3634024559668744
13824,-1.407319736797179,-0.015487551992532418
13825,0.3715144307057339,-0.35398003981073234
13826,0.7428999963704573,-0.34595339101256034
13827,0.5445373653150003,-0.34331036370290685
13828,-0.16811989701893526,-0.43326039344445927
13829,-0.2302599269678719,-0.351217054820765
13830,0.6790416907532096,-0.30954450470365313
13831,-0.08070094709395931,-0.20575364495800774
13832,-0.49215371715952005,-0.3634029127754989
13833,-0.4763370360885782,-0.3776334677691883
13834,-0.4469660721198302,-0.31835756291490414
13835,0.06799831879929448,-0.26542272638101777
13836,-0.3911532089691374,-0.23373329671376625
13837,0.4478482447293226,-0.40704062281268216
13838,-0.9571550761597201,-0.31207995504801583
13839,-0.24058166032340683,-0.29773255250812736
13840,-0.5010359477800803,-0.23854765717092186
13841,-0.06519742435722882,-0.3412944017700114
13842,-0.9644297071128896,0.018639755377837602
13843,-0.08670343143586462,-0.28534813925488484
13844,-0.0371741150129348,-0.28954266183045085
13845,-0.06532305955359122,-0.3138880260853489
13846,-1.085760915432266,0.6224619711577735
13847,-0.20131072513983392,-0.1137656347907385
13848,0.3873420965212226,1.184521109644888
13849,0.19474455936904597,0.33790865758018224
13850,-0.08832270192175078,-0.15744225912170784
13851,0.11242126314849162,-0.3865923998435276
13852,1.5897157251555456,1.1643609775286552
13853,-0.3578211188753553,0.359178377965468
13854,5.3757014607160505,29.7984522889971
13855,0.10565313962598591,14.921241538174181
13856,2.7397848493728896,3.5757661283545397
13857,0.4067989738244253,1.5574721417521142
13858,1.9717804937351309,2.2126861177901556
13859,0.9311876056241134,1.2759642000554936
13860,0.9104070366710716,1.1889322489640162
13861,-1.7487263960151695,1.1053151447142675
13862,4.873064217474967,7.31181058794181
13863,-0.7255507074210755,1.1632228773750009
13864,0.3536364953064618,0.7901362085217704
13865,-0.7697215317319919,0.6412125303754659
13866,2.344793167540956,1.2717146405835091
13867,0.8329864177788626,1.450627737880879
13868,-0.78716244042596,0.9666263620062052
13869,0.08598573208265141,0.1576340245743666
13870,0.7384765308822251,0.16220241664974622
13871,-1.5885615417263665,0.8784777077679086
13872,0.771293526950821,-0.02152111154479998
13873,-0.3822777030060836,-0.25114875770023193
13874,0.5391157391618556,-0.16268875779366898
13875,0.009149591934352346,-0.19394067004272525
13876,0.1467341186406112,-0.1190701273246593
13877,-0.3513631265461638,0.30725718461076595
13878,0.42151656384861474,-0.06912562598522573
13879,0.30422824537986565,-0.23621087797596962
13880,0.015405965317018452,-0.24656392366873914
13881,0.39159151249917434,-0.07516560223661907
13882,0.3264579249254558,1.1744728202855863
13883,0.7821068332522128,0.32468853275520826
13884,0.13560365491986692,0.09583863343234127
13885,-0.21207729086153643,-0.09959698109148245
13886,-0.9480213298234094,0.2868804988025645
13887,-0.24179349591347224,-0.07076656046771797
13888,-0.05356506238543594,0.10350519273764673
13889,0.09712474455068132,-0.16510923294908508
13890,-0.19152437236827807,-0.21716788879583682
13891,0.6053342723268357,-0.30067308595760023
13892,0.428870956007176,-0.22341836433640344
13893,-0.012993161010028011,-0.19141127136437897
13894,-1.349780565361699,0.3767517347137099
13895,0.5155618567376159,-0.19847959604784
13896,-0.7507455284374853,-0.07924849072410574
13897,-0.17991470364046588,-0.18776386455974675
13898,-0.4054643362821358,-0.1230950935014653
13899,-1.3267637820224103,0.7611564920570872
13900,-0.9032904870483722,0.7100808523578455
13901,1.3381624960585357,0.22700139822809567
13902,-0.702798023664015,-0.17313469218236438
13903,-1.791235012735622,0.3349405709307867
13904,-0.2585896700571356,0.9184844146081141
13905,0.7042391020369828,0.012882841816261856
13906,0.2231066663819035,-0.16399120672937995
13907,-0.19670236628253965,-0.20679314517533764
13908,-1.1041712865973348,-0.2553197563576226
13909,0.5013602172578303,-0.3678105474949683
13910,0.9529109827826577,-0.24473574202947174
13911,0.1295846824940695,-0.06273816029469889
13912,1.158557242374698,0.3083986022489037
13913,0.36018151314991154,0.09528271230761969
13914,-0.1490918608786618,-0.0287714508876846
13915,0.765301582587705,0.023963867848690104
13916,0.5939042568889998,0.3558380168453268
13917,-0.0009653224715412662,0.09761415456256338
13918,-0.7880921392593043,0.20644653444126976
13919,0.08596871011522944,0.025945375647885384
13920,0.12410197039150107,-0.13172330380416178
13921,0.22897944586526212,-0.33203491717701983
13922,0.42915569045108276,-0.003200060181986224
13923,-0.9161857662153332,-0.156511845972431
13924,0.3647195475709145,0.02308321464315464
13925,-0.45585955748007945,-0.1874778988756023
13926,0.35630919965796437,-0.1345261933564989
13927,-0.829080857104193,0.2896369018311328
13928,0.8946155236972825,0.16923016850856493
13929,-0.061038302868920084,-0.23289642827039925
13930,-0.34325908205475036,-0.2579973150629586
13931,-0.23119828679206983,-0.25257901632812846
13932,0.7212743278027176,-0.14586445148750943
13933,0.11399900916231047,-0.37659034196177904
13934,-0.7195355470989314,-0.2754033478473041
13935,-0.2908268636561551,-0.3104702929561865
13936,-0.2996120698742489,-0.35145963011231934
13937,-0.20791775276653685,-0.36366580551088684
13938,0.5498107296799002,-0.39108371151143
13939,-0.3520206321832204,-0.42135513078549697
13940,0.06240479165064723,-0.4091692996092714
13941,-0.31045150446442865,-0.2753355295240576
13942,0.44646753952846197,-0.2932739156249701
13943,-0.014548696921510451,-0.2104177590242851
13944,0.23753973982691254,-0.36455976749158175
13945,-0.6153063519656473,-0.30077641847584907
13946,-0.0005080057333939154,-0.3888945381148426
13947,-0.4724324022157597,-0.17631073954431353
13948,-0.4541626997510441,0.2524572604868486
13949,0.1898603449272705,-0.224107575224468
13950,0.03299032635985933,-0.19935801697607586
13951,0.7792642726540456,0.0030579625665069134
13952,-0.9509703800012484,-0.11060303455431604
13953,-0.15714122704849529,-0.35400922883292224
13954,0.26530175855328836,-0.2538313466170857
13955,0.4103991097977845,-0.3526166705798945
13956,-0.16088635184742128,-0.48202999546611397
13957,-0.09563822521414611,-0.4502142218251305
13958,-0.3625104737207585,-0.3396267695217018
13959,0.08524165316676051,-0.4345445746864998
13960,-0.3167467738072499,-0.34276781130557576
13961,0.6488598449641044,-0.3936180198510074
13962,0.24746676272123558,-0.3963539175423723
13963,-0.5573484302655636,-0.36815152772277904
13964,0.29938796138981727,-0.26032179673239586
13965,-0.037520488527428945,-0.4475276371178239
13966,0.3308304746554322,-0.47901273258286636
13967,-0.1378814285492965,-0.4732924981710401
13968,0.308765327165052,-0.5122424344694071
13969,-0.08488435526339277,-0.5533587978208155
13970,-0.0036557577729010833,-0.4085678178915431
13971,0.13534362961219462,-0.47292276165972735
13972,0.10160600723978691,-0.4721735153750431
13973,0.2992375261098613,-0.4300891401873053
13974,-0.30789840633638477,-0.2904366347872201
13975,0.1678132211366709,-0.517071793764572
13976,-0.4202787684549881,-0.36416044601587766
13977,0.46409020790086775,-0.4066925810442832
13978,-0.5695746040041176,-0.37112412633598085
13979,-0.28716753748889323,-0.3784306255662015
13980,0.10497378516944746,-0.4454478321874489
13981,0.002679954944416956,-0.5116376552220254
13982,0.49297138617522357,-0.45221818928843777
13983,-0.05341045260696185,-0.5641831429878524
13984,0.15080799158834543,-0.46376263209397134
13985,0.4914839351052586,-0.470908159337757
13986,0.01685454708019017,-0.3667043418369705
13987,0.1277988085685643,-0.4408478668682196
13988,-0.18570426071803325,-0.4832351632752295
13989,0.2105361123021126,-0.44489930048245413
13990,0.16671983602879437,-0.3602501060213162
13991,0.23375653994244922,-0.34596851991838684
13992,0.6319156186749906,-0.29884001628685375
13993,-0.44732183505698736,-0.38003658506238874
13994,-0.2305326101241355,-0.30146479008184085
13995,-0.4725627467989674,-0.272289711637702
13996,0.822404509175333,-0.32835292691437296
13997,-0.20932281146696424,-0.034905895328160186
13998,-0.04074748254215758,-0.25378176249254425
13999,0.16428981361465816,-0.416360268982247
14000,-0.9393437976975412,-0.021070759964905955
14001,-0.6970447665053657,-0.15821857441231169
14002,-0.2703471046554273,-0.3431859678795684
14003,-0.26864428023578557,-0.38368007580426133
14004,0.22142618557168597,-0.37712932518012915
14005,0.5330627368569997,-0.4431622230030937
14006,0.32279115890142934,-0.32118729121171163
14007,-0.0272832395651769,-0.3330599134104501
14008,-0.4759737002444393,-0.4316510985404396
14009,0.4632082759179397,-0.4083336512616343
14010,-0.3422140739210285,-0.43014071604543597
14011,-0.23849520082648848,-0.4089320247616131
14012,-0.18499555173943208,-0.35640363363469946
14013,-0.2035041240988993,-0.32187302186873384
14014,-0.46833757787307184,-0.22460884584311158
14015,-0.2710637277426556,-0.1083446441523839
14016,-0.24190928085654315,-0.03316360821092822
14017,-0.6980392133127075,-0.18133942006281195
14018,0.6923465024578068,-0.24263442871575058
14019,0.2521852112036384,-0.38011426292526396
14020,-0.337624979054015,-0.3424864046330838
14021,-0.5508634477047539,-0.37811123980544786
14022,0.4671320458038812,-0.12302469186358725
14023,-0.22755692284447196,-0.419995771389804
14024,-0.21701461936020988,-0.4285692914202692
14025,0.21008646092835978,-0.4209787580141126
14026,-0.564885686479285,-0.2823710897171974
14027,0.3318755850978553,-0.46930496018873746
14028,0.4036342614676054,-0.4063554027274744
14029,-0.580464782662768,-0.26838700528512277
14030,-0.6520154780062193,-0.12162539351928656
14031,-0.3850495757113188,-0.14511460432386541
14032,0.058275241830018615,0.2951303309287126
14033,-0.24999465677551055,-0.26219561150303916
14034,-0.2507290121636169,0.010604704285319233
14035,0.023560550730182876,0.010545808172346818
14036,-0.17541149150860227,-0.3222210114764538
14037,0.30441935823686944,-0.4478418300040268
14038,0.2938111669226029,-0.37541896163310967
14039,-0.22390690031770677,-0.44906275871898144
14040,-0.05251311923956665,-0.45864243785345793
14041,0.21695202268479494,-0.49772981530595234
14042,0.1317902190817699,-0.34761774934064876
14043,0.2582106158198543,-0.23883441644399533
14044,-0.22030760605530061,-0.2469500829097513
14045,-0.2822245314482853,-0.37692219356779655
14046,-0.3961176715035692,-0.22418618734528334
14047,0.4299308970735261,-0.24202016079359695
14048,-0.003989017655818472,-0.4106519855285759
14049,0.8439534322181915,-0.05982370572323749
14050,0.9924922144354564,0.38876376443014904
14051,-0.10885834236711711,0.22529111706987487
14052,-0.4849724215986061,0.10664958531302188
14053,-0.7611923616023902,-0.16179452660274302
14054,0.5126290262417446,-0.012149044995463232
14055,-0.6286241711487164,-0.25385366431769
14056,0.41563326277943935,-0.38676424725009007
14057,0.030429697161439527,-0.4242546673823606
14058,1.3779861024494908,0.04642279966666201
14059,-0.5219043606562592,-0.26442613116056857
14060,1.785981423554085,0.49246289094134266
14061,-0.49938533453812955,0.2530808660411111
14062,1.0121252368895768,0.10127771399605062
14063,1.1156512704947597,0.7563643185242227
14064,1.3652709724976144,2.2516385544387716
14065,-0.2523243504716191,0.41691098900130463
14066,0.14408624249753996,0.5407133321355596
14067,0.24445936673200538,0.32045085949548735
14068,-1.1853409064333518,5.142449687389994
14069,-1.588160398305634,3.565819910792331
14070,-2.976979863244935,3.768836299965345
14071,2.82708821586056,2.73121217202186
14072,0.8659465559143023,0.41146782053404074
14073,-1.188092319294343,0.07338927210929067
14074,0.034107889830203776,0.6325788180195377
14075,0.26226790390999866,-0.1638750762956525
14076,0.9742473026609727,0.08944194186092708
14077,-0.11153973562743681,-0.21979672628397756
14078,-0.38970677417942445,0.14505627064491539
14079,-1.862713705493802,0.8369553536630295
14080,1.9938054764275535,-0.07158920785633577
14081,0.7260369754294616,-0.3128642202453175
14082,0.3291641262083816,-0.1797029835358948
14083,0.2966394162291629,-0.340004643687429
14084,-0.09514289688463626,-0.4526454768927887
14085,-0.6147253912830827,-0.15654315824890658
14086,0.29897664935842294,-0.10100156331705096
14087,-1.2567271429858553,-0.17252446527218313
14088,-2.931436272956441,1.441039340894687
14089,1.1766091039198463,0.6989687796254117
14090,0.642820137900247,-0.282395562805351
14091,1.2337161667808632,0.31166919052570874
14092,-1.1184492221428368,-0.2585119937413383
14093,0.9936332556873563,-0.3027934387370538
14094,1.345551968828848,-0.10950916171108384
14095,0.6314895483073043,0.2880989743847407
14096,-0.23751729692566848,-0.0069471267256705875
14097,0.504876461125604,-0.11419082645832328
14098,-0.31630529013519937,-0.05023546352721189
14099,-0.48853232236668825,-0.10936901064459342
14100,0.2699055413882754,-0.22127766095543244
14101,-1.2374204481793496,-0.07316071434648329
14102,-0.6798338165890981,0.13383882188569884
14103,-0.22188513655838402,0.26292500011273323
14104,-0.09009497994399567,-0.12453125629750783
14105,-0.04837023978667508,-0.2975112578490278
14106,-1.0417304901032447,0.24478489876130066
14107,0.40836079459191654,-0.07278176829920671
14108,-0.18001679328255038,-0.1510868901340322
14109,-1.2690938393736582,0.654325456222783
14110,-0.4542235829210873,0.10373139398383757
14111,-0.27756466968818394,0.22996502849429884
14112,-1.2027107557951067,0.4429576830328489
14113,-1.0789594797204818,0.6956582112967774
14114,0.8029605844722005,0.6079748294359979
14115,-1.0893780402802302,0.16856226464815144
14116,-0.36830342795238674,1.2067848657366853
14117,-1.6293386008768873,1.3258285461923038
14118,0.11634525281305319,1.088467666383171
14119,0.3725369916020516,0.1803941957912778
14120,-0.10532954587847439,0.3333416078730299
14121,-0.02685009512080399,-0.19905907348583585
14122,-0.4888358632603898,0.009841597071311731
14123,-0.1707725805893497,-0.19515435042284085
14124,0.691033533530945,-0.022470080147319407
14125,0.4322277920574675,-0.2115906297111697
14126,-0.9282227020220893,0.13199237629031996
14127,-2.3489787084054363,1.5609468920596257
14128,-0.2059789194103871,0.26165355186031986
14129,-0.12404423431851569,0.1421748140158527
14130,0.2943981026887863,-0.20455384672935484
14131,0.006009924944527922,-0.052004250716709305
14132,0.36355124037823894,0.041103977321047355
14133,0.6312344779145057,-0.12134195937196991
14134,0.17509280959988724,-0.1083114329832397
14135,1.051004182555289,0.1265657548655027
14136,-0.13709461438125767,-0.0754892925027649
14137,0.4017093314905383,-0.14697414838853545
14138,-0.7125527767779336,-0.14666461662716251
14139,0.5764917259983475,0.179114202196414
14140,-1.8978578691813195,1.1188377419713318
14141,1.3906138308738527,0.7539622061986488
14142,1.4976981022031615,0.8924927047176288
14143,-0.09157101109086194,0.37876009837171515
14144,0.0015080262874533079,-0.09005908128452017
14145,0.8755239306182252,-0.16103270810729792
14146,-1.1454660162296668,0.11740086591866485
14147,0.8669642484439798,-0.16308538414537543
14148,-0.43755734332558793,-0.21864207508570632
14149,-0.696523869824797,-0.33876079127137554
14150,1.3065119302320454,0.14865955202779219
14151,0.0970796126187783,-0.1285949150323883
14152,0.33675147309296183,-0.355630881833785
14153,-1.0547249168515516,-0.3169996444285613
14154,-0.4172157899152346,0.01851542465490528
14155,0.7750546179898778,-0.2573146343597036
14156,-0.8041790469082504,-0.3693695235959498
14157,0.22853984828896115,-0.4398886459456288
14158,0.28003373662599795,-0.2714755595091004
14159,0.042712328522750545,-0.37637126979427077
14160,-0.7336329725304751,-0.2511566907583759
14161,0.19427666856411285,-0.5179840903711505
14162,-0.725261292499656,-0.12057145869659683
14163,-0.40367512206967504,1.0729041110304474
14164,-2.0198822289563756,0.9616194638328632
14165,-2.1531931780849565,1.696024697682456
14166,-1.3742873262001116,3.5712153512599216
14167,0.6241255551473842,0.7684305048671481
14168,-2.767910754858385,4.8214454351863
14169,-2.6008423184696836,1.7998031259523535
14170,-0.6801648754236016,2.456732549808417
14171,0.22634388283761503,0.08938288784347637
14172,0.8867307764729544,0.45833475638715404
14173,-0.2767727510132237,0.025730990479721813
14174,0.4255836844528874,0.18331329435503357
14175,1.2636673937434986,0.0033627299808544984
14176,0.9419629161831635,0.13924031166530765
14177,-1.2955403739690057,-0.10989236273180089
14178,-0.40327961775997256,-0.11797605728411843
14179,-0.42136675121842676,0.06904533411993255
14180,0.7727738151111601,-0.33861191389325257
14181,-0.16942233146833358,-0.29457475611614925
14182,-0.33569789948249884,0.24987242801783127
14183,0.10273405264920871,-0.11084344121890144
14184,-1.6373956610525762,0.5511011722730825
14185,-0.19765952171468623,0.7618530817585306
14186,0.7239495626625517,0.08359408096376486
14187,1.665377639290621,0.08734109644411024
14188,-0.09273754416275105,-0.15881547528233625
14189,0.9172920513718339,0.03507528831429942
14190,0.8626658909871527,0.03368525221733507
14191,-0.6299131327173622,-0.14967154624015977
14192,-0.5229929625374509,-0.11198407815155567
14193,-0.023439311538847634,-0.05571150379277043
14194,-0.6168136899807681,-0.32103456240045963
14195,0.5784022327001302,-0.2850003911919345
14196,0.3554845902894268,-0.4450746762673446
14197,-0.2472386323046139,-0.46989331524478234
14198,1.0257329738348413,-0.31006839585203805
14199,-0.08259337371177165,-0.21196926050453851
14200,0.06681032232520034,-0.3787257590042915
14201,0.13673740759159556,-0.3813431988050665
14202,0.38938260129106583,-0.4310638569236524
14203,-0.3852290042641326,-0.37459170639778616
14204,0.6273937247100532,-0.22849533276594058
14205,-0.6857906197933157,-0.21556526333566112
14206,0.28996259198012675,-0.26896566231306757
14207,-1.1185701582185268,0.04912422621979266
14208,0.011997880260447945,-0.37805460747588004
14209,-0.1884126982487815,-0.3997662740983862
14210,-0.4051963912452236,-0.24030492257647756
14211,0.29354261728054926,-0.39260733646176105
14212,1.3397447270112435,0.08579889395173664
14213,-0.21942910483265968,-0.25443126933966215
14214,0.06261445013095095,-0.3425475807384313
14215,-0.794794430255324,-0.2765192220436633
14216,0.23292008436835812,-0.3586951626980684
14217,-0.12090547861407298,-0.4288056409079808
14218,0.42166386906691644,-0.3958273300322416
14219,0.2546281808326309,-0.3570925086886291
14220,-0.9634129861553966,-0.32039313047947243
14221,0.4637184356600398,-0.3609012166645372
14222,0.550132559662632,-0.36845448190230057
14223,-0.21604956456140248,-0.41493554322447695
14224,0.424323802420403,-0.4130820834763352
14225,-0.44740281400443627,-0.3974173214734042
14226,-0.2650779132000954,-0.2935810361994489
14227,-0.8502130631354005,-0.25708513843417125
14228,-0.36755236921123463,-0.2687550211236212
14229,0.5814624634453833,-0.351775234489312
14230,-0.9922226947776499,-0.24238654665792775
14231,0.49022190312501157,-0.5319182313928053
14232,3.379635185752483,2.1283116558940964
14233,-0.7710716254862823,1.0819307523263344
14234,-0.8549353793290654,0.040325935812260946
14235,-0.4479153798067205,-0.15240490019742814
14236,0.34653982255750826,0.7823672893976042
14237,0.3541026464817922,0.9616029619727352
14238,-0.7285735151792101,0.0025609801284176455
14239,1.4490966493016968,0.35499612802217173
14240,0.5645141150470024,-0.12086653400687115
14241,0.5062256404220115,0.0627568361262384
14242,-0.5899031292475808,0.1024442863301265
14243,-0.17562762092969048,-0.1631111029898038
14244,-1.4158096710707135,0.23688820875485228
14245,0.4049366484302177,-0.35746465766222857
14246,-0.28053960316384324,-0.33565213944449346
14247,0.9951232509024525,-0.20898970311754805
14248,0.4338304177252856,-0.2867417983012316
14249,1.0718573549421873,-0.09652462755093694
14250,-0.7475490941269937,-0.21973443869873704
14251,-0.010332843351508848,-0.33839601169794187
14252,-0.8755726214853098,-0.21546546683688517
14253,1.0038625012308922,-0.3216978490133085
14254,0.270592961032627,-0.4251201635149118
14255,0.9807115671931504,-0.2400077635706111
14256,0.8266788951317112,-0.14896398443182524
14257,-0.286699278069831,-0.3324822573614543
14258,-0.04339780925283048,-0.356326599900583
14259,1.3319759443488184,-0.038371156670039736
14260,-0.333692158010194,-0.15825211266158595
14261,1.312618680177486,0.15217102856390757
14262,0.33530181038613327,-0.07039355789829176
14263,-0.07078810033816746,-0.194571173334755
14264,-0.6779786262984447,-0.31458985199217027
14265,0.3097890868140981,-0.2668712334309167
14266,-0.7545821568544614,-0.13629057144575352
14267,0.22690184316938847,-0.4021143316600447
14268,0.11338589238074816,-0.43924190335753366
14269,0.9799289889759005,-0.3738433913730758
14270,0.29254381451993233,-0.24259534806417726
14271,-0.6143565299438566,-0.19379728276656905
14272,-0.18131530070633028,-0.37397230414380295
14273,0.8135740020527514,-0.3666372972852154
14274,1.0674416539208929,-0.024337007215362017
14275,-1.0273080226272282,-0.34008452840744463
14276,-0.18675980926657787,-0.3497572971080028
14277,-0.4372674929942638,-0.48687893788877673
14278,-0.36667044978961844,-0.4245143815207
14279,-0.15327793028775344,-0.3486751385605583
14280,-0.11250738626356185,-0.4523360456805884
14281,-0.728025001358148,-0.2119468756600439
14282,0.020009012349194836,-0.3142759989203721
14283,-0.21538300461176374,-0.39704241927050643
14284,-0.24162019272700186,-0.445228698197273
14285,0.8348400535890841,-0.33551034145828956
14286,-0.5584632207503282,-0.40408606799726954
14287,0.7408163639522746,-0.26715651917449335
14288,0.5036922873099544,-0.30797690468273764
14289,-0.6297274208934778,-0.3948753446251133
14290,-0.3567098639464603,-0.42500793085349486
14291,-0.47364943843359936,-0.34323482898732655
14292,0.7069575075095214,-0.4236491670213687
14293,1.3902176358671832,0.6580510483429454
14294,0.7776291773585604,0.1407402939261156
14295,-0.481088352195133,0.14274580885317872
14296,0.6066775839033617,-0.28537022319492233
14297,0.1729422923828986,-0.2619197505101134
14298,-0.024683021155600438,-0.40111652464842756
14299,-0.7667793791171394,-0.3117105044510738
14300,-0.0757470475314998,-0.2881516368977804
14301,-0.24735036996314283,-0.42378221410012834
14302,-0.4396799498339031,-0.21713134744588308
14303,0.06407845493122284,-0.4033783522730661
14304,-0.25907304553854504,-0.37933834837475106
14305,-0.48678694061247585,-0.35190913290396614
14306,-0.09283884948863556,-0.26419590531551346
14307,-0.8036956654431249,-0.03577980249883623
14308,-0.21343969639624952,-0.21115175273390252
14309,0.14640111083953428,-0.24848919226467736
14310,-0.019203785439740172,-0.3629803382332473
14311,-0.3611217459681527,-0.321681375548776
14312,-0.13972967446168938,-0.4115229863533117
14313,1.0255787876886961,-0.15694928947869996
14314,0.3145921119384972,-0.02359705750978923
14315,0.4942469286936039,-0.30320734534031335
14316,-0.3386813839258531,-0.22282507791577977
14317,-0.2810909331403915,-0.45126608446648986
14318,0.6298273079547583,-0.3801160382381151
14319,-0.12828344386587234,-0.07757290888233427
14320,-0.3219756817697585,-0.33760411679278113
14321,-0.13533375416834897,-0.4412412472790781
14322,0.7474929847924912,-0.39537494290773545
14323,-0.31854234305398366,-0.439162150651524
14324,0.17408349090730724,-0.4454277216277937
14325,0.3164165721910978,-0.43106403156756506
14326,-0.19585721913521578,-0.1112009880397519
14327,-0.6460199950305553,-0.3742228218309878
14328,-0.32203168696544815,-0.3775151516280362
14329,1.032894700132281,-0.33693281388904006
14330,-0.7683119153366533,-0.2025681438028889
14331,0.3943653000493192,-0.4633765312086832
14332,0.8297003590974941,0.9598187334885866
14333,-0.4391405711902036,0.0693522655665098
14334,0.5255893259388348,-0.2200217675651983
14335,1.416901839060132,0.15518712160595155
14336,0.06389654462994625,1.209652450353565
14337,-0.5108361654806203,0.058692253932816185
14338,1.05618203874623,-0.14353702309497474
14339,-0.7716134447393929,-0.019678816709865755
14340,0.035271561894027456,-0.08125062643560874
14341,0.6043715753716511,-0.2477657587086271
14342,-0.4634823130108265,-0.312168654713695
14343,-0.32749255012435385,-0.09377169007688313
14344,-0.023375843605684357,-0.2201477337435902
14345,0.7189042726675936,-0.3043773865462186
14346,-0.5108933282706604,-0.3168042926193337
14347,0.9475046503758076,-0.2440135500486525
14348,0.2788146339149418,-0.09512270865765164
14349,0.08676010945988945,-0.4046292666546289
14350,0.4339921002218403,-0.3462590369820063
14351,-0.1535195003258845,-0.05212486052291069
14352,-0.6695447136714722,-0.2099567402417803
14353,-1.094008604255577,-0.2778300576679711
14354,-1.4170097546900988,0.5972686214143629
14355,0.9520557834847228,-0.17824752686182654
14356,0.2702933153048576,-0.33372183020406004
14357,-0.3638035034096141,-0.3166202566812567
14358,-0.5208211085056592,0.6332884567696228
14359,4.57426512590843,10.164416027929315
14360,0.8943769586171842,0.9527365475476751
14361,0.1358308906611918,-0.1663476756899352
14362,-0.7017656800895268,-0.09910706839334858
14363,-0.6987401664577417,-0.16343123546214633
14364,-0.49810558298510227,-0.17264852363691346
14365,-0.6795862319000218,-0.28608307960724194
14366,-1.5656621803967472,0.3746074968548216
14367,0.35604135709638735,-0.2541887653189543
14368,1.329987146836578,-0.15654042513138489
14369,-0.8007106726405903,-0.40208374048024625
14370,-0.13898543942966957,-0.45503585250295264
14371,0.022476648420602176,-0.4487631942148769
14372,-0.9705654491938425,-0.24568048655507035
14373,0.20750536929944277,-0.3358775996867208
14374,0.9029990135332739,-0.34355305801959013
14375,-1.1944727160782826,0.013938726646598985
14376,0.2203192178662063,-0.09282637605714032
14377,0.29105875411542076,-0.07099048918212844
14378,0.6316452889820153,-0.33769995078486675
14379,-0.11424132100274542,-0.3754566749176147
14380,0.5307158533698546,-0.3058828034325601
14381,0.20127005387697228,-0.3170079455920972
14382,-0.4046875597287959,-0.3547815502382893
14383,0.6404223031702149,-0.35772062006654554
14384,-0.54574451008253,-0.47297171190936566
14385,-0.2045292909488572,-0.4533545085852547
14386,1.1039301380936057,-0.19145414527524696
14387,0.11119945425134778,-0.42334900659115643
14388,0.15710399331133643,-0.4240073013922068
14389,0.28131002096489466,-0.4102360348481747
14390,0.5977820446582461,-0.3432412068468886
14391,0.22201209963990948,-0.3778798450675649
14392,1.084119627373226,-0.087895057891664
14393,1.4005603553764,1.47740479243536
14394,0.28120334687905657,0.4617704945824202
14395,-0.4819232189247486,0.37779701518543274
14396,-0.2691541529285323,-0.2324105011574607
14397,0.1794192529419174,-0.2208623508120265
14398,-0.3416061560589892,-0.3426453216271744
14399,0.6324323493358335,-0.39673648066675005
14400,0.126926270800462,-0.3722040793152998
14401,0.2926622096567358,-0.3190561282280353
14402,0.16544019627406623,-0.3616857881790987
14403,-0.5537455349119466,-0.13859573141346265
14404,-0.1585201753684859,-0.3958735408081207
14405,0.5467072974493354,-0.20962871353961043
14406,0.6943590923461171,0.7358897256359114
14407,-0.6975340471045878,0.07760824473854193
14408,0.11157168268486765,-0.8551365683987155
14409,-0.14377843597407997,-0.00682550523303376
14410,-0.7586413909329709,-0.10303223677923268
14411,0.13812543106315156,-0.39624735855856963
14412,-0.43175604273621165,-0.3404169000254686
14413,-0.20828827142284867,-0.4111418248951429
14414,0.49275434536849083,-0.296544001662053
14415,-0.004828568051649569,-0.4356747481538614
14416,0.36200895382561127,-0.28919328523043797
14417,0.2784061158539117,-0.4608561090830786
14418,-0.6611841460864221,-0.35523127409889793
14419,0.1877308620525106,-0.45044871205362597
14420,-0.2550962661996008,-0.35836647364753094
14421,0.4333893306608985,-0.34209167633441123
14422,-0.13993870494413774,-0.418041650906041
14423,-0.1395210966940349,-0.42898078637001646
14424,1.033325908173514,0.01955668930652611
14425,-0.0009670563131221033,-0.19850354630656253
14426,-0.11680465576662577,-0.3071366987466852
14427,-0.15692931530761775,0.031980988539725315
14428,0.11565496075760599,0.23507201478056589
14429,-0.6936291935716473,0.6941350458021511
14430,0.3120902545064458,0.2817966753954684
14431,-1.0663898996033019,0.08913559866104168
14432,1.0639323249403148,-0.012137560901296356
14433,0.5702043515616377,-0.1008430264648734
14434,-0.506896035812915,-0.032616270771658185
14435,-1.6362741388502364,0.48631514079892985
14436,-0.352663157514864,0.09094247302362453
14437,0.0940807422263523,0.22409026015041783
14438,1.0342439963082415,-0.14640037965530123
14439,0.0441958274117549,-0.10460542857410646
14440,-0.4791049075785215,-0.34543554135828747
14441,-2.769176710459767,0.27606465216837117
14442,0.72220292438429,0.888553993890007
14443,0.7940277179470572,-0.19494056107776603
14444,0.06746343977089617,-0.26503857606817
14445,-0.2670416928431933,-0.24139633538201538
14446,-0.29073723693895226,-0.3152082039141396
14447,1.1024821493651509,-0.293241216561252
14448,-0.35092018699023014,-0.3978004949111052
14449,-0.5309773648638497,-0.30991489196424227
14450,0.14875590261208496,-0.3740662269972919
14451,-0.2631295094130258,-0.3997915701517159
14452,-1.211953167790644,-0.16968939397604083
14453,-0.7079791896231487,-0.10264102200787913
14454,0.7692671591019701,0.06884470178781324
14455,0.24638409242776657,-0.417095563926141
14456,0.03805624671925319,-0.494170732609058
14457,-0.19398656164373668,-0.444321028570671
14458,0.6827505994480312,-0.31275181375501654
14459,-0.3017672411465443,-0.2871755292291448
14460,0.08780751062742626,-0.28955437575678805
14461,0.4234735170701753,-0.5232385449259277
14462,0.7541477876909597,-0.24586541035735215
14463,0.6755440935188194,-0.4287784195560698
14464,0.06840545764120144,-0.017296627481378873
14465,0.12120755114082397,-0.36378188215639906
14466,-0.20125258854834266,-0.20474170909516903
14467,0.04875828616183276,-0.3246523899384177
14468,0.11910104533578017,-0.36979484042665534
14469,-0.006685675419521555,-0.41885761461988963
14470,-0.07679282341190032,-0.24072866195740517
14471,0.9919779378611094,-0.11840472715151368
14472,-1.4175391183230996,-0.0554822606578945
14473,-0.1212970343903767,-0.3069622566405608
14474,-1.088641104244513,-0.020711586612541428
14475,-1.2065155099890132,0.3222476906067457
14476,0.7572023315573652,-0.09945544494620824
14477,-0.5843497048801396,-0.33545772768330046
14478,1.0511788755210603,-0.1813842887579486
14479,0.24374946550145737,-0.13336387992980808
14480,-0.46022077089195995,-0.26054155752385466
14481,-0.19067858855740316,-0.4099514366011756
14482,-0.19733068000992823,-0.189159545085057
14483,0.4469564013339883,-0.44037180062327896
14484,0.3454505763086788,-0.2906999589134244
14485,-0.1520643992730837,-0.34038803097644527
14486,-0.3790858713803853,-0.36411380299575424
14487,0.25195172338150873,-0.4029032729191807
14488,-0.24585998062997436,-0.3435043759145191
14489,-0.6455108022358061,-0.09233767598694395
14490,-0.31765814787376,-0.44036702786383874
14491,-0.46491292014615393,-0.1335403631340869
14492,0.14568070270644773,-0.2301531745090893
14493,0.148573354657232,-0.30725111283692974
14494,-0.8233726837549028,-0.3545573419034247
14495,-0.6144135488768021,0.05235907165561095
14496,0.9954060174229796,2.048180170564939
14497,-1.3183329649387143,2.386843611086684
14498,-3.1108125513686358,0.9139375890931588
14499,-0.6864301599779812,0.8723909740849478
14500,-0.15289577639437138,0.18862317453427596
14501,-0.33764098585563834,0.2679976925819624
14502,-0.20718414557891293,0.13076512155926628
14503,-0.16709831533202382,0.43282678156217474
14504,-0.22874675531437907,0.01911055135461391
14505,-1.2570978128711856,0.6331246368560991
14506,-0.2554060186246962,0.592512526059733
14507,1.0827565776716401,0.13697063787773017
14508,-0.15880112788101694,-0.19044442648409582
14509,0.46962027156948827,-0.09777845961333416
14510,0.5330393187200123,-0.07031896384796446
14511,0.3313258522465208,-0.2669725223708327
14512,-0.2893454608424366,-0.2823899546840427
14513,-0.03304569411884323,-0.34775240079973974
14514,0.6974631334914523,-0.02198655672229992
14515,-0.5978848613515915,-0.20497221274163102
14516,-0.498778916289551,-0.26005331087144795
14517,0.5175694061156187,-0.5013314004489015
14518,0.7648763354980161,-0.30803903064631694
14519,0.1561741680387691,-0.23420363932948657
14520,1.6534708432514356,6.457755489855482
14521,0.781180630215247,0.032053118080270754
14522,-0.43147172516976967,-0.11141317274706149
14523,-0.5124790466471056,-0.3394466597087089
14524,-1.8999310764022852,1.2000691633335283
14525,-1.2518876528597522,1.6399271389669337
14526,-0.37044583443820917,2.8852012965280105
14527,0.37521435034170336,0.7666506832149219
14528,-0.1910461262836495,0.08841243927924773
14529,-1.0691562437862034,0.40518046454536993
14530,0.6089116858335158,-0.10873895398272133
14531,0.2007376140678052,0.3562759211295594
14532,0.1682516906291937,-0.25799451930005235
14533,-0.7730930360203417,-0.003086544041445401
14534,0.597938110953673,1.0769780799484285
14535,-0.3192308164853082,-0.12156500916760496
14536,0.5237427172371166,-0.21570219779671157
14537,-0.23399605428668005,-0.233358115174834
14538,-1.9220932071447074,0.44055963759097644
14539,0.4906940119865402,0.13835994738108337
14540,0.45352071110706227,-0.35092129799432364
14541,-0.40414214662973197,-0.32690816828383323
14542,-0.13585212938381452,-0.20280515202778304
14543,-0.8921193674781855,-0.0027181301865329965
14544,0.08619774742890766,-0.2205713637836036
14545,0.019478012976577128,-0.3641054227138911
14546,0.9081444179845105,-0.02801739769214822
14547,1.117694628386052,-0.2288735646887099
14548,-0.17378294712309383,-0.3545161495148903
14549,-0.74362054142464,-0.18786140028443565
14550,-0.8981353283545418,-0.1485212109861599
14551,0.23567650852479924,-0.26538259392735236
14552,-0.7782542230207493,0.426328129803403
14553,-0.1608997041146735,0.19590620083642796
14554,0.47316362887728086,0.03665233406856536
14555,0.35735163163587436,-0.3967564762988972
14556,1.479101780265643,-0.23241001738790534
14557,-0.12202294758338007,-0.43400522620203275
14558,-0.9081914077451959,-0.37086207618276745
14559,0.5472992089655704,-0.40654497232635645
14560,-0.24900014412554805,-0.4360772368725475
14561,0.3822071328653958,-0.5728670399856223
14562,0.29018557728843536,-0.43019411809351127
14563,0.2703470826072507,-0.4177748268489021
14564,0.5146080181263963,-0.3661142757099793
14565,-0.5086659301588902,-0.3686981499995076
14566,-0.4617174079293538,-0.407364668208031
14567,0.08862841476621301,-0.40447917377583975
14568,-0.5634112577727176,-0.2969116989950869
14569,0.5877705683013063,-0.40970027313732443
14570,0.23121301437057343,-0.5319933027676335
14571,-0.9241069259993262,-0.30179740359147667
14572,-0.11909750286591392,-0.44545833219730707
14573,-2.391767049559935,0.7790026604733222
14574,1.8204868787249964,0.23760363534905193
14575,0.16875082828409468,-0.30534100410831305
14576,0.5237954468344406,-0.2685935618738488
14577,-0.3729020472939927,-0.4103826635771876
14578,1.0340586091255055,-0.357282694026391
14579,1.1111504373885288,0.3064566324590503
14580,-0.03194135812801537,-0.008487744912282567
14581,0.2112158701545605,-0.236577808566716
14582,0.0586495389827632,-0.40054627891866484
14583,0.3943951170165225,-0.4243519960552894
14584,-0.8706053784192229,-0.1924604120282033
14585,-0.24424997062771375,-0.44739545879358866
14586,-0.11095265843076917,-0.4090538700619689
14587,0.11775012134950404,-0.5589186359982669
14588,0.6530114274497767,-0.24864536324325348
14589,-0.41700020389278436,-0.31094073976708264
14590,-0.0731694593171391,-0.44688104588980126
14591,-0.029937491772898606,-0.41151037767305393
14592,0.4094050493484218,-0.4658103798864138
14593,-0.31664949558431577,-0.37453708815745773
14594,0.005116045790257171,-0.43185822727663814
14595,-0.1585555320835566,-0.5044299450785676
14596,0.6349804759208508,-0.5052081941758895
14597,0.033813188672281634,-0.4036944504553991
14598,0.11626825902856446,-0.409311984368304
14599,0.02370126185188678,-0.4337399310618265
14600,-0.3307815628985715,-0.44307931465848244
14601,-0.417573019479595,-0.5433120594523301
14602,-0.3904654174270322,-0.4064839863882412
14603,0.1365520298026449,-0.45274110489630676
14604,-0.3729139572007103,-0.3321440993531619
14605,0.2056934684458143,-0.48562645844295116
14606,0.22625942830892032,-0.37789633921559207
14607,0.2838176940145609,-0.408080986176619
14608,-0.7058214332042916,-0.3285130582901825
14609,0.08679010861019343,-0.47991448690386945
14610,0.14104432506503106,-0.5226504197310698
14611,-0.1531321211177384,-0.5519884400908357
14612,-0.08675878130210238,-0.4248512991200667
14613,0.3775660211076418,-0.5233833662892545
14614,-0.4238824859265505,-0.4962883562443409
14615,-0.6233257554331245,-0.3717089356844133
14616,-1.0553509943055723,0.5684872795422926
14617,0.6246067975987284,-0.3434943043416201
14618,-1.4394339047062628,0.16289955770594344
14619,0.6064148190103644,-0.26728384172761527
14620,-0.09062673316672684,-0.37273436901055607
14621,0.6014342176092037,-0.3868701158064506
14622,-0.5197340724737048,-0.44375684887535494
14623,0.229284549950679,-0.4547413317460801
14624,0.3053182893528761,-0.2491872324564478
14625,0.3880961864140009,-0.2349329635595372
14626,-0.0672545706167934,-0.41079412154154377
14627,0.6385490751425564,-0.39009256545211407
14628,0.5151339440673778,-0.3801346347118607
14629,-0.23055662643784305,-0.37309642071656257
14630,-0.7857580275412711,-0.42008567510457906
14631,0.12619377594446912,-0.47013762707718304
14632,0.3028970134390466,-0.482916749064278
14633,-0.20200522881199495,-0.5220867660559041
14634,0.5363034998597931,-0.5597896327533441
14635,-0.32499984786469377,-0.47559397874455717
14636,-0.504093499546328,-0.415526968452122
14637,0.2519833666602324,-0.5377658150066041
14638,-0.04760287953239662,-0.34315246521224524
14639,-0.1996736492992441,-0.5123241981199101
14640,-0.009815041556476948,-0.5975253245419366
14641,0.08774874951447106,-0.5640266063914519
14642,-0.028504878453702153,-0.5858966975940592
14643,0.3227846397806644,-0.5157679085057737
14644,0.25879128111533,-0.6056361184891972
14645,-0.071739222667127,-0.5718858071093621
14646,-0.43802908470003643,-0.5239638721100329
14647,0.20921837859015108,-0.5335969804581253
14648,-0.4298708531999596,-0.49022321301902094
14649,0.3251900646934352,-0.5036653059906189
14650,0.22256835779757075,-0.4835444793396757
14651,-0.2862076757545075,-0.5519294786434947
14652,-0.01847175244637741,-0.5321709981273425
14653,0.0803169588315672,-0.5643128258840597
14654,-0.35957306074415596,-0.5085190750787423
14655,0.36463239341848147,-0.5195195138210579
14656,0.1097339469269527,-0.5901036946629319
14657,0.04392971239975636,-0.5371207884736187
14658,0.3373364804694616,-0.46894537496957034
14659,0.24706902451115306,-0.4286492307326132
14660,0.023889521471654837,-0.4221345657175741
14661,0.007406303857685389,-0.5801513597984235
14662,0.1746610813584032,-0.3908738134887131
14663,0.1560050699945953,-0.50547099436828
14664,0.9784872785079987,-0.20555225451113524
14665,0.9078212680230668,0.1389812203722422
14666,-0.8508400348028,-0.1615762385976376
14667,0.49345590460037503,-0.4252523448491967
14668,0.37099564613280167,-0.20129892370768598
14669,0.3056893795837515,-0.43115079270513407
14670,-0.2603700691516656,-0.4389214492770604
14671,-0.039053594726440106,-0.38366867445636205
14672,-0.35350614918336526,-0.48061914080227486
14673,0.023466051628346044,-0.5418365692418228
14674,0.12234069178140648,-0.49716337737483757
14675,-0.02522049378433623,-0.433776390192799
14676,0.3628147969672328,-0.4577046773310127
14677,-0.08538417410430493,-0.3516923508636713
14678,-0.48544075223110633,-0.4746672479875262
14679,-0.7024020560547621,-0.333873013257418
14680,-0.26854765143605763,-0.3417146158665598
14681,0.2627935246547448,-0.39938596600722187
14682,-0.3198579050110908,-0.29548116038864347
14683,-0.4138216630881529,-0.2882768447279835
14684,0.44735967494295864,-0.4516917313781763
14685,0.12793178740967073,-0.4928791171358483
14686,-0.06016817518882175,-0.4762271861791002
14687,-0.646231991923447,-0.31027398663369976
14688,0.06494997380742229,-0.21742590451666172
14689,-0.1796529247533107,-0.4443453856994423
14690,0.45602515110208813,-0.38514520856111684
14691,-0.1219420994458517,-0.5327341347663714
14692,0.06490498892260058,-0.486252647511232
14693,-0.20027344233811745,-0.51936665056455
14694,0.4060197720177536,-0.48424182163604623
14695,0.16581925158361718,-0.422857644134964
14696,0.4446115333967614,-0.4763905689074257
14697,0.16197452423950937,-0.3569287670381249
14698,-0.13130181251114217,-0.3754511717529928
14699,-0.31840221543469305,-0.41882574096143893
14700,-0.25718189423361126,-0.40311441939883
14701,-0.7274926164615224,-0.24763801795666845
14702,-0.4111653067569564,-0.2761735674102205
14703,-0.15467589549816133,-0.322378557299865
14704,-0.4207039739533665,-0.3211601562674805
14705,0.5620464043653438,-0.1118411874591492
14706,0.046674521649089654,-0.5271362419376282
14707,0.28506199117219394,-0.4082643004122412
14708,-0.40390556042746456,-0.4689966156997922
14709,0.3838260165418852,-0.5226164135856693
14710,-0.44295291460263564,-0.4035132208900048
14711,-0.058753874876311986,-0.4286110863466864
14712,-0.053935863658241635,-0.3990140597559835
14713,0.2843910855657299,-0.38312274688016656
14714,-0.42421015579210647,-0.45914145989212063
14715,0.3380984801488884,-0.25555381404282707
14716,-0.15083856060789677,-0.39079405380461496
14717,-0.0004384174087899348,-0.47602735891423886
14718,-0.5001932366212989,-0.34223954440417087
14719,0.347456312194055,-0.5553245951065159
14720,0.3078449767156043,-0.4974504098239325
14721,-0.16558783847114897,-0.40772313427525014
14722,0.30533228380789806,-0.3646484246204641
14723,0.15961341060902012,-0.4124076616010453
14724,0.47131666101912245,-0.48785072709466637
14725,0.2296416165801571,-0.5022369674893967
14726,-0.18367060443201236,-0.4393447952655611
14727,-0.23850955456952194,-0.44617961155488767
14728,0.5365162752884893,-0.41167197700647656
14729,-0.08834656805164859,-0.4828986970540841
14730,-0.05813978055411161,-0.5006575991659842
14731,-0.0066301902331931725,-0.3653114693895798
14732,0.1421823741890746,-0.5201033272256541
14733,-0.13351358512965802,-0.5384879254569266
14734,0.07370576793708263,-0.5073404230380326
14735,0.18790666757228228,-0.5369233516768664
14736,0.2861133439579271,-0.4737192526783772
14737,0.248606068599491,-0.5297634230510476
14738,-0.5333828906094968,-0.43169770219317843
14739,-0.18519853243008352,-0.42521470795029204
14740,0.2744120481455572,-0.5240436929098788
14741,-0.5867551109185855,-0.4974829314477801
14742,0.4468037806321209,-0.4332227658194293
14743,-0.008218982702858988,-0.5547242340020737
14744,-0.10860892131738015,-0.5115512700951533
14745,0.2623381214473538,-0.6159733595028931
14746,-0.09460625142813402,-0.5171105957865603
14747,0.07016459401676171,-0.49712361876716943
14748,0.245033828346106,-0.48773945781222156
14749,-0.2346359537865896,-0.5852052759910631
14750,-0.13893329222680592,-0.4723902768791659
14751,0.2469101926161197,-0.5482676999136394
14752,-1.4191619894960794,-0.19808044911025846
14753,0.1490243800199322,-0.4481498547840854
14754,-0.6599259408449064,-0.3041990422926231
14755,-0.9646177329259422,0.007785218948036909
14756,-0.8476009662402345,0.28726320207051415
14757,0.09410312819868256,-0.261355615714682
14758,-0.7749907050231518,0.1822070701041667
14759,-0.5053091164801433,0.29850340220555976
14760,1.0385115436662036,0.022517411631176716
14761,0.09337383013987464,-0.3089799186325267
14762,-0.21784273356942538,-0.22822246778419758
14763,0.7507128504713444,-0.3079510343596468
14764,0.3317712916177521,-0.30506229809910557
14765,-0.7421388676874525,-0.2854613374105739
14766,-0.7784255798459485,-0.12811173718080648
14767,-0.9059811732171524,0.47322724079103723
14768,-0.5040510468536207,-0.08994285405638358
14769,-0.16610609653483271,0.2908660728248589
14770,-0.44999253841315906,-0.08708184841810816
14771,0.22992501735925835,-0.3302757183451974
14772,0.22965675021192505,-0.38052798969083057
14773,0.2762183851139987,-0.3343101360739496
14774,-0.07834697506963824,-0.4604416593231772
14775,-0.8084904782312686,-0.2748540627849768
14776,-0.720382808170597,0.06020694845620965
14777,0.38521300008668435,-0.17900457699394573
14778,-0.33595211578729156,-0.19181232703912698
14779,0.9131109117054643,-0.13643498550377436
14780,0.8821590488007974,-0.14516303708959194
14781,-0.3097070567949232,-0.46599435186657623
14782,-0.30171456758224247,-0.21867177966828094
14783,0.5084230382013896,-0.13249618921853315
14784,0.6617803238727993,-0.276211828411042
14785,-0.2818056877008048,-0.3972393199407447
14786,-0.511778296497441,-0.2543366366588853
14787,2.0539649615556526,0.5953700125266091
14788,1.1142544829737415,0.9483706854005769
14789,2.1366003487500023,0.8475080158455279
14790,-0.09071177664731729,1.8655487305795597
14791,-0.4732872146341099,0.02968301275696146
14792,0.9072175583238347,0.23036619884468934
14793,0.3881604526996889,-0.1488397078049929
14794,0.6553206632993299,0.12559602945834725
14795,-0.6366638956803354,-0.1140277641737058
14796,0.022956958864131245,-0.08405744097034708
14797,-0.9394024864332118,0.007718409446272986
14798,-0.3513553784208564,-0.049335202899288645
14799,-1.1911660539473625,-0.12703708123596147
14800,-1.1522563089794566,0.45989505394157043
14801,0.6011705609045661,0.041606705706741375
14802,-0.038427201319033266,-0.3720166964969311
14803,-0.02523842360529607,-0.41262938665928695
14804,-0.9635504844121833,-0.05228918666287095
14805,0.6647848304202946,-0.3149125069468811
14806,0.49142783939535717,-0.35721999344872024
14807,0.025089647836562066,-0.3917830518082461
14808,-0.25692003255128215,-0.28500976587719723
14809,0.25158211253311336,-0.3444170244966799
14810,0.07610871745252144,-0.27155234592330385
14811,0.776893409907164,-0.08912886781164303
14812,-1.0822340954566119,-0.12964894189610726
14813,-0.4254620627031998,-0.0048268667392137145
14814,0.8573797021787956,-0.20855637987360093
14815,-0.440131085590642,-0.2252170233850297
14816,-0.184843616430337,0.2263913118866599
14817,0.3138919054448616,-0.21961441811232452
14818,-0.3036060893664063,-0.16966099342009544
14819,-0.8995624068283519,-0.2109450201902024
14820,-0.2554534205399157,-0.3274565496226195
14821,-0.10741020456941645,-0.20784239438705593
14822,0.3016397285491286,-0.2153941464085038
14823,-0.2014364627588649,-0.3961382476500234
14824,-0.18369340146328486,-0.3092340883398426
14825,-0.2790424483807481,-0.36222594635635585
14826,-0.6049359367053121,-0.09046091247203186
14827,-0.14224847991397868,-0.26013537208962895
14828,0.35695640034097825,-0.26974399862633697
14829,0.14306611307439004,-0.33773482152539086
14830,0.568909305960754,-0.3416137177560262
14831,0.21561891178337952,-0.4549895679415074
14832,0.09686002590923104,-0.47209976443412865
14833,0.23649881248762653,-0.4185161535020234
14834,0.15058998977180357,-0.44865623169539304
14835,-0.3253399722053572,-0.48663023795409666
14836,0.5554449434146496,-0.4686169625246187
14837,0.06816241677756424,-0.5178933956026507
14838,-0.3908070869438725,-0.46629332967488113
14839,-0.16745460349192562,-0.49743494745811506
14840,-3.69390625883228,1.6419794091044264
14841,1.8458948476978965,2.478044632466297
14842,-1.1551143524561815,0.33935166587734406
14843,-0.7712275545415735,0.026063466342384878
14844,-1.6217954650266333,0.7447676301207727
14845,0.862036166326591,-0.17851618475350656
14846,0.2207486624672902,-0.23968890218627315
14847,0.14934643614465204,-0.1726951854341568
14848,-0.3181808609482,-0.21568709603547986
14849,1.3454332925147616,-0.14644406286215683
14850,0.958106166572297,-0.3024403023191882
14851,0.0880890168986605,-0.4546718491415312
14852,0.8576867471683306,-0.3372338538619099
14853,0.4455081655234022,-0.17339170107321716
14854,-0.31475387078414124,-0.3478707106576193
14855,-0.11108596569523213,-0.3705416165331607
14856,-0.4663093354728024,-0.38345278725432075
14857,0.5075278958690028,-0.4482335548579026
14858,0.43978320706386603,-0.4119299651028455
14859,0.03249442242414806,-0.23206807296268572
14860,1.0902126736354742,-0.19680910054949435
14861,-0.5791662180752307,-0.19840914728696923
14862,0.17803364036985536,-0.4831488031210488
14863,0.378958840529176,-0.3806335019698067
14864,0.44738604958229905,-0.3398436272994636
14865,1.7415768402407787,-0.0014548085760409876
14866,0.46280841367993464,0.11436905023142101
14867,-0.5504258776851739,0.013373383960828444
14868,0.09588110074359274,-0.14066489715074587
14869,0.07063526404324366,-0.4650974665301953
14870,-0.11436535022069601,-0.35350325953647144
14871,0.19898053556830209,-0.3883041869315891
14872,0.050062772322364904,-0.3800261089783555
14873,0.22958849185875657,-0.40300388431777323
14874,-0.2812717237100054,-0.4256960166755524
14875,-0.09756843180812316,-0.5289984195016998
14876,0.02330681287630757,-0.4494904888135054
14877,0.24901758979628932,-0.2858757357203725
14878,0.36983522220866955,-0.16482932926113836
14879,-0.023658609395243505,-0.41405477656947076
14880,0.11352361937112844,-0.28991895150486424
14881,-0.011241948479316458,-0.38836501344306346
14882,-0.7378272169945267,-0.196502031154014
14883,0.17867680059291458,-0.3270425280601386
14884,-0.12779596121125208,-0.27798830853385814
14885,-0.2624580084510365,-0.15975172446259184
14886,-0.22095356173223843,-0.33836475175726843
14887,0.9238322841185314,-0.2662346151304558
14888,0.33497463750877093,-0.38420873592773164
14889,-0.4520957257383828,-0.2764694866288777
14890,0.5762556727063157,-0.4627616825840255
14891,-0.5116897794964881,-0.30825420170287476
14892,0.1842520788908531,-0.4138669813875656
14893,-0.05416531086144024,-0.4638904627871009
14894,-0.17357859643044574,-0.38334971708625354
14895,-0.5500060732226318,-0.34845935376388104
14896,0.1819702231198031,-0.40573779770943647
14897,0.09557927887932549,-0.5009242850292652
14898,-0.7388372290882144,-0.4072346849228491
14899,-0.37564425337543944,-0.3088150443914857
14900,0.13283619265142532,-0.4432398379625642
14901,-0.7204694893473108,-0.2046955142516781
14902,-1.1710278521164164,0.16696781584415227
14903,0.3341895391934759,-0.25543085828003126
14904,-1.9920050930801374,0.26381508446070956
14905,-0.7520661461287367,0.8321213265254861
14906,1.121117302527345,0.07304874161001619
14907,0.6792975699407765,0.020319919471717036
14908,2.987831241709284,2.221845225370349
14909,1.7960112192501585,1.2383283942626646
14910,-0.7787887319520973,0.9922019917244621
14911,1.3740973088598971,0.21201884488063139
14912,-0.15031779822463975,0.21534442518507657
14913,-0.29882630958507095,-0.048463236409601755
14914,-0.22599082415852303,-0.11717756100838028
14915,-0.4012562527380293,-0.18408232200541247
14916,-1.2985657790922684,-0.022614859959157095
14917,-0.8125070067720968,-0.06411054331281847
14918,0.8964457476123513,-0.30372690914701506
14919,-1.3368478928995382,-0.15749218668079962
14920,0.7263779532934608,-0.28948641650828427
14921,0.40371704473728487,-0.47051550225474315
14922,0.014795931343871733,-0.3267460942912893
14923,0.8984215799879247,-0.3219257538465278
14924,-0.17163787938679653,-0.16003346428991533
14925,0.19257877543379973,-0.40355608575871293
14926,-0.8957214191349478,-0.26314694077757
14927,-0.33376030289812186,-0.3558482348998863
14928,-0.0944614382746884,-0.4411481530586626
14929,0.8103442554462658,-0.13443281228508586
14930,-0.4568141860195896,-0.19956462820293197
14931,-0.1845196927353337,-0.31812381600157497
14932,0.30756024048843356,-0.41691831212045527
14933,0.40033192111319643,-0.40033578774873185
14934,0.9166168808197143,-0.3035581981868954
14935,0.7459400574206633,0.1716663619181058
14936,0.297291987321371,-0.18012803457240778
14937,-0.056850330087426765,-0.2863430730436917
14938,0.5085715812415293,-0.2811483268052815
14939,-0.580622983418692,-0.34553158102809883
14940,0.5103346582339808,-0.33943545926354834
14941,-0.32287957120834676,-0.45660967457185975
14942,-0.13174865375741854,-0.3012297010823543
14943,-0.26558822812582494,-0.47541982793303317
14944,0.5117529634862826,-0.28996849828137233
14945,0.3468645142861768,-0.28942937667112323
14946,0.014567603469472187,-0.2872439025800329
14947,-0.47499346125395125,-0.23296416444220153
14948,0.03569336371715231,-0.36910896692616485
14949,0.3754955155635866,-0.49839785199121084
14950,0.5144101527228917,-0.26697839779197097
14951,0.25832901581160406,-0.32151444643827626
14952,-0.6871598667144301,-0.27799404697886204
14953,-0.4507675346350835,-0.17730376044201618
14954,-0.643262069019252,-0.12768349347740615
14955,-0.4718805156588831,-0.25789127407045515
14956,0.107034240485998,-0.39197313833498104
14957,1.4107946346853106,-0.41679006161760446
14958,-0.2510280336329464,-0.10736434067502248
14959,0.9417820272282174,-0.33199376043858525
14960,-0.2269822972191259,-0.35741268837265544
14961,0.11490251410223663,-0.3900211986903093
14962,-0.7158299026344247,-0.2725615974570934
14963,-0.18362037507292614,-0.3782984959908848
14964,-0.36021259896428015,-0.33083152687084055
14965,0.270266845728902,-0.4276071194919115
14966,-0.4169582376837648,-0.404824531677687
14967,0.18745746662297483,-0.4457192681651613
14968,0.101278418974266,-0.48921851360403995
14969,0.10079506647914882,-0.49676237715560523
14970,-0.3217640948946205,-0.4770825404728692
14971,-0.4842498279460675,-0.4663087295807832
14972,0.022377772000427166,-0.3780032166311001
14973,-0.11908686800267046,-0.4324659207836583
14974,0.11274490413556953,-0.09090726295511134
14975,0.4251002836738224,-0.4824885563258323
14976,-0.1403065501627231,-0.39416509516948367
14977,-0.17300653253987455,-0.43884996116049974
14978,0.01808572582666293,-0.4068979492488552
14979,-0.058471300782494524,-0.23689064019666894
14980,0.5878576408802976,-0.40953534924991636
14981,0.28178578298021356,-0.41205871998491234
14982,0.5505972125787251,-0.26916367690318194
14983,-0.33853874735608414,-0.2642218261110139
14984,-0.18611503442862604,-0.310622596388787
14985,-0.15432044916365145,-0.4534554835519293
14986,-0.6050128465989597,-0.37093979491129353
14987,0.6759872014346048,-0.42599522686842484
14988,0.3020535452474404,-0.47581607945925875
14989,0.4220531780309846,-0.4508343350607173
14990,0.02672068281494067,-0.4329245137268542
14991,0.5019114354500622,-0.27779999097146085
14992,-0.23592928709207164,-0.3635305424230384
14993,-0.15563715005230885,-0.44608674315319097
14994,0.6013987095059128,-0.40636908796210397
14995,-0.27183429310451324,-0.39429250439487895
14996,0.05795743126402995,-0.42013893002069536
14997,-0.48308229404175,-0.3926947281712051
14998,0.0759210112472201,-0.337376949312673
14999,-0.008697345545778704,-0.5297905307387463
15000,-0.8043406152584012,-0.27571830490597293
15001,-0.22724694461033887,-0.3513464539623667
15002,0.851468317145144,-0.28785167485869195
15003,-0.041965329945683395,-0.43404389671990823
15004,1.2436519356154923,0.0045956248296331464
15005,-0.6453594512901424,0.32679763785665417
15006,-0.39552825992592505,0.07878272900420878
15007,0.7797096027856549,-0.1706261989764858
15008,2.277029112907461,0.9483664877883289
15009,-0.6480796519635159,-0.08550445679397664
15010,-0.32763588874570704,-0.10403153902431768
15011,-0.5294980464708862,-0.3916771238498252
15012,0.9308291385527963,-0.23891854709902177
15013,-0.2571317666963145,-0.40052767099149084
15014,-0.01089906871024524,-0.382647266030541
15015,-0.6903607660749795,-0.4066120913297256
15016,-0.6943982578558139,-0.3021773253734123
15017,0.3199277967159364,-0.4359681060201938
15018,1.3274985205974112,-0.27900538030145006
15019,0.08965146741217477,-0.4383485741576457
15020,-0.36079870578305284,-0.4547956436821815
15021,0.08998659757812297,-0.4075164660602393
15022,0.25706083114626777,-0.4894763410183808
15023,-0.5247360659498421,-0.4877190990284147
15024,-0.6082988966605665,-0.36005384794696893
15025,0.19964243998839432,-0.47132616426743357
15026,-0.36674427651259917,-0.45968539629306604
15027,0.2362163539301926,-0.5190091110443474
15028,0.009630439859649129,-0.48219005288670996
15029,0.7794555397580398,-0.3086689564503644
15030,-0.012688436504606982,-0.3882681894310258
15031,-0.42992097390628575,-0.44403675774139423
15032,0.2062497361761233,-0.5120014508131585
15033,0.04741382186190811,-0.49577891789791445
15034,-0.09828853298290119,-0.5040967183323674
15035,0.007767085616579695,-0.45774493987744425
15036,-0.6885493090453652,-0.39647798329685957
15037,0.3148099927260551,-0.48390600926573835
15038,0.33068699657110395,-0.38658791316061364
15039,-0.3647634079017454,-0.42111146093328733
15040,-0.09457504025938021,-0.5437504159615192
15041,0.14381695847497017,-0.5480362269947067
15042,-0.35891658645345453,-0.4942727029800384
15043,0.10067554987087435,-0.5881271309331905
15044,-0.5186216447345355,-0.4367259509849219
15045,0.1929491655207158,-0.40413256280212767
15046,0.2333115582920204,-0.4293963393544004
15047,0.4779886924823643,-0.3401664657417028
15048,-0.05192653581982417,-0.5084840747452332
15049,0.08502141261126703,-0.5581935954628992
15050,-1.0756948266663977,-0.2232973531857272
15051,0.17401108818814198,-0.3839731620822716
15052,0.22712320293671107,-0.42917382623932504
15053,0.10782771608209057,-0.5301617777702234
15054,-0.4434169383755666,-0.4245654928359341
15055,-1.0709530284744042,-0.23232001901301136
15056,0.22609973472576117,-0.2423488113675472
15057,-0.31964735246850096,-0.4270559543363857
15058,-0.10449099569101356,-0.33610247642213686
15059,-0.2825372811019919,-0.40162362183748723
15060,-0.3662534671530391,-0.3921932779734029
15061,-0.1653833776772915,-0.4772981617524326
15062,0.20441893944712408,-0.38214963767188836
15063,-0.20310335082133632,-0.38612758384207735
15064,0.10274412394580887,-0.38834969082160975
15065,-0.5775413762206764,-0.3541611545758681
15066,-0.6258838674997667,-0.16129847988861162
15067,-0.23719394463953553,-0.15520457447098834
15068,-0.39271470551931487,-0.2606887848413283
15069,0.3423961077084598,-0.4349599633422677
15070,-0.041950794392760664,-0.4273791280408133
15071,-0.24216433042585464,-0.3988245552400546
15072,-0.2533279265313542,-0.35921013602577134
15073,-0.28031604622509654,-0.43007728996183114
15074,0.7321743082956454,-0.3773732116983602
15075,-0.38165384940073555,-0.4468676423248275
15076,-0.08524654751283231,-0.4869416815992505
15077,0.30391295350306263,-0.5683946853387868
15078,0.5841055672798087,-0.42551396035367217
15079,0.4054279825334694,-0.33141189388700415
15080,-0.3060556293009123,-0.4743813613448233
15081,-0.46526877282195006,-0.42626703327695165
15082,0.5216188974996618,-0.49376297766861815
15083,-0.28091244437172075,-0.4625347174306619
15084,-0.03810096647646315,-0.4797416220325051
15085,0.2525957463411488,-0.5085947701571664
15086,0.5228987675976261,-0.4451597547297692
15087,-0.31538623623689604,-0.448257457588025
15088,0.2471078906400799,-0.500430144751984
15089,-0.6501488127718172,-0.3951791008214771
15090,0.8346770448909935,-0.33311986978870595
15091,-0.3329435770698036,-0.4922912659599465
15092,0.11150066113427895,-0.5113694463551931
15093,-0.529749046664492,-0.4403508955371668
15094,0.5869199912707019,-0.4302941180426914
15095,-0.16865293732891937,-0.43621192018981036
15096,-0.812625568269804,-0.18032896298234752
15097,0.9819677001751244,-0.440039916920629
15098,-0.48040283994862304,-0.4915520717142142
15099,0.10914226358185387,-0.4511089717212711
15100,-0.4852604736978178,-0.1933404024621011
15101,-0.38397847647628375,-0.29039195360183906
15102,-1.826245986424356,0.9879556938739494
15103,0.698341191155515,-0.15078090556475232
15104,0.32672772000041256,-0.2964028043280717
15105,-0.6550414601468414,-0.3351425341389917
15106,-1.402606331286495,0.27165886590347776
15107,0.14256611059844507,-0.1625695247459576
15108,-0.08754128245171035,-0.37356531549559974
15109,0.11205193909390349,-0.454147749144976
15110,0.44065863858614507,-0.3282855105995705
15111,-0.6195325385523768,-0.3327400517385421
15112,0.2580514236407367,-0.3952544617950331
15113,0.05454322459049895,-0.4694245428195514
15114,0.4929013400451565,-0.3651421911481384
15115,0.40649616324963295,-0.4629052189433517
15116,-0.7864197142435666,-0.4937722414740637
15117,0.23935680365864712,-0.5080922612692669
15118,0.6194939498682336,-0.39772784524295507
15119,-0.8446826758479341,-0.3022953999901073
15120,0.27152725738112743,-0.2129249780584458
15121,-0.35557831099892717,-0.4635918005012417
15122,0.49835968859609386,-0.499021403629799
15123,-0.270379030253073,-0.5172033259157025
15124,-0.5052996490051488,-0.4031712294373404
15125,-0.1596429266698328,-0.4717632498556091
15126,1.1318589782226447,-0.3115219960668132
15127,0.5462921780637107,-0.35854645361792425
15128,-0.25032330364455807,-0.4579291467303526
15129,0.18945432091016465,-0.5148979772390565
15130,-0.04129700094960421,-0.4793048515463907
15131,0.11859763356398098,-0.5932687681947545
15132,0.34870699373146763,-0.5187059102362559
15133,0.055719942683221876,-0.4893445166627335
15134,0.09393912120923788,-0.5031320593686406
15135,0.5527055964585339,-0.4308953191510375
15136,-0.3277878800165573,-0.5210854942294281
15137,1.6102277105742977,-0.11959335705444317
15138,-0.27353029021712133,-0.2832040718147846
15139,-0.6463587559884434,-0.39241129026088284
15140,-0.8449131991050401,-0.3812056323306906
15141,-0.4563510601235075,-0.4621846003074272
15142,0.13884637615623857,-0.4302103596234892
15143,0.08967309989062922,-0.4580903899201407
15144,-0.1219147692954768,-0.5155240125168798
15145,-0.8119285968370519,-0.3271361465909656
15146,0.33034007321486664,-0.46739632636833317
15147,0.7589863198538215,-0.43491868351128454
15148,0.7783046805367809,-0.42153476144644125
15149,0.03135778803460976,-0.38587794308230167
15150,0.3021279496035314,-0.4302236531659618
15151,-0.008007790897067053,-0.4076400090540616
15152,-0.035455278961847046,-0.46377052512969036
15153,0.138330807569715,-0.45917572490131103
15154,-0.6366744942458596,-0.5212634881854412
15155,-0.2996603370756187,-0.48779366298617705
15156,0.2642998202130123,-0.5665533152320933
15157,0.46966918315400796,-0.4706216788686344
15158,-0.5089621393875935,-0.5421170119383916
15159,0.18196731151053813,-0.5764308489208867
15160,0.43906792715671084,-0.4976865378650122
15161,0.20625988552992777,-0.37147658405712075
15162,0.18570501179717344,-0.41645147280024936
15163,-0.11130103671565279,-0.4008443324318176
15164,0.19422076295205068,-0.47742319538963884
15165,-0.17197646013312384,-0.5071924982184028
15166,-0.07550863589791722,-0.44023709899428803
15167,-0.3126341549886022,-0.4005896359576406
15168,0.4254816470383137,-0.5270695428841414
15169,0.5688540504042107,-0.4387395614253953
15170,0.9846286896338061,0.09232102616987256
15171,1.0514006052116498,-0.0385065496860503
15172,0.45844220930540575,0.03894206031921489
15173,0.3859931482019033,0.04518568306437825
15174,-0.7068089128477535,-0.013686392605954674
15175,-0.1554735008068464,-0.3064761057144381
15176,-0.037324909714688624,-0.391739830296828
15177,-0.12806172339391322,-0.3749573820216589
15178,-0.21884687991092566,-0.3571810572975544
15179,-1.006673506513503,-0.28083380454693185
15180,0.537953311893479,-0.3007240082887608
15181,0.20341352212618938,-0.5398813466221779
15182,-0.048672927123080516,-0.27966269716725073
15183,0.10658940314688557,-0.4979834238206428
15184,0.09732606568374537,-0.4929773806058792
15185,-0.23458975190571232,-0.4976279314144415
15186,-0.0162769752866385,-0.41926650951652844
15187,0.4307393887386441,-0.4772555758775249
15188,0.05992342264606199,-0.4155740071636383
15189,-0.0535406786542627,-0.5083198827526778
15190,-0.036291718494305736,-0.4779377771887915
15191,1.0535233620939846,-0.27360051182680667
15192,0.2728877108058136,7.98536853601194
15193,1.6197780632224261,0.5458909495779222
15194,-0.35794004153169473,0.11145183899376211
15195,-0.0588718783573051,-0.11249257552491652
15196,0.40459061727190343,0.25545157985051775
15197,-0.02705495171597995,0.16156245268763314
15198,-2.1379411900349545,0.7865963229008325
15199,-2.9293077570868293,3.0088044075591363
15200,-0.48120122788113895,1.699808035509344
15201,-0.6166717534140701,0.5581253917922725
15202,0.5062086714337121,0.024582354403610597
15203,0.7914434430496737,-0.07733171611002845
15204,0.3649772128869771,-0.33252800590601217
15205,-0.9207435732030907,-0.27398445005452765
15206,0.1689055116623227,-0.3391624050239325
15207,-0.2695526248589695,-0.43175662079208965
15208,0.477475335786543,-0.5074990440732708
15209,-0.08881585400181967,-0.5002835056201509
15210,-0.2887859058212482,-0.5386639260437254
15211,-0.1254027289511344,-0.4429243236885723
15212,-0.7069314771778137,-0.2310830333497189
15213,0.49338575502065274,-0.5626074714295811
15214,-0.07534420206409341,-0.45945360241508354
15215,0.9345024198010826,-0.46204286604899053
15216,0.608121379067424,-0.40395625622453185
15217,0.004837901733427153,-0.38826995775491063
15218,0.13978649143453714,-0.4723890095191831
15219,0.5012175935190507,-0.28025423528791177
15220,-0.2808200196275207,-0.4758991037800782
15221,0.7012154664294833,-0.4035121668394964
15222,-0.21434349748364032,-0.2085095341129486
15223,-0.06936226531771444,-0.5190777034792488
15224,0.48391553379144703,-0.43221032403288284
15225,0.46872279583497106,-0.3916780361075951
15226,-0.755867746509054,-0.27795773043837313
15227,-0.892405103959141,0.7313778301064805
15228,0.012778851893793547,-0.3715278874985779
15229,-0.8054261956561493,-0.448704336397494
15230,0.04893707652139908,-0.5032243242486064
15231,0.013994972089983489,-0.5107299244159601
15232,0.7752344634022761,-0.5833087791522261
15233,-0.13324139379832278,-0.5974632713753935
15234,-0.22208994388722805,-0.522944154470722
15235,0.0036262063795499313,-0.5476856153342433
15236,-0.16445152030633778,-0.5145983838585576
15237,-0.23995531413632867,-0.520665942807744
15238,0.12150657927450433,-0.4632131010697334
15239,0.21446390957543535,-0.5684943848427798
15240,0.19970321780941427,-0.5189984128972199
15241,-0.06903115312203846,-0.4786702170566069
15242,0.1156566022394285,-0.5549029910073473
15243,-0.1534421765035199,-0.5685044950708913
15244,0.23171288520128755,-0.5569746578210667
15245,0.027884874063324138,-0.5744225273285214
15246,-0.33450398587692504,-0.37865585764940946
15247,-0.17571479272182736,-0.4536947502778772
15248,0.28867208207475725,-0.5024824254918212
15249,0.8947896516136271,-0.5330016469653687
15250,-0.16840063765637536,-0.48477390313728436
15251,0.27369407644107757,-0.522371985827726
15252,-0.17121735007706412,-0.4269366959662576
15253,0.00011259408693363037,-0.5137266619543088
15254,-0.5610152867503415,-0.31973515760150023
15255,-0.18353220575633336,-0.40870105196805906
15256,-0.2664445927222826,-0.46941250955537844
15257,0.1402441881120729,-0.527421016633607
15258,-0.1304192583449982,-0.48480227199546
15259,-0.526064689871001,-0.41852693761942905
15260,-0.007005984806487062,-0.49809243305619805
15261,-0.14367035530146322,-0.5072473659928394
15262,0.16674729772552438,-0.5287386566864611
15263,0.04188796487416517,-0.5464161073563079
15264,0.021441418859261686,-0.5114128027055961
15265,-0.03275212439144886,-0.5517811985624711
15266,0.16806022537102294,-0.5359143112683818
15267,-0.03070684661929458,-0.5699744257539094
15268,0.01405578780477599,-0.5281448037363682
15269,0.015776693624941246,-0.5397813205464391
15270,-0.2044684670446487,-0.5427933155607637
15271,-0.021768944623445054,-0.5681824433519637
15272,0.2532846390329285,-0.5685315626863833
15273,-0.005372810887264406,-0.51410351306789
15274,-0.6743521875982684,-0.43636221769653266
15275,-0.05001630160053364,-0.40616245679484725
15276,0.35642762284268403,-0.436815655688287
15277,-0.4070456638739484,-0.447780430777252
15278,0.05883904813267601,-0.45067990127348423
15279,-0.02727669886609255,-0.4507126160699441
15280,0.2905611110950347,-0.48671336101161433
15281,0.09492925460213528,-0.46955921934630895
15282,-0.08910951818642526,-0.5013374833015724
15283,-0.2282785641638904,-0.5027839663985353
15284,-0.004444030174479119,-0.46804746333798447
15285,0.24663887732911222,-0.5314490753074218
15286,0.27272928558454307,-0.4581883008448301
15287,-0.15453450369138752,-0.5131367912942615
15288,-0.06484990537902995,-0.5455433416574581
15289,0.01223441717277023,-0.5106997318849473
15290,0.2196299558515454,-0.5383660755036983
15291,-0.15163729583068977,-0.527723780192696
15292,-0.19221662611212656,-0.39564255147502514
15293,0.314024879815744,-0.5043567605039194
15294,0.0067030111494221535,-0.5815301527920621
15295,0.08152783522580927,-0.49374865928088457
15296,0.09667398349615178,-0.46159052463515254
15297,-0.2351311513213976,-0.5543061927191304
15298,-0.476450636714584,-0.39776832489182845
15299,0.29914386432198736,-0.44460981350120865
15300,-0.3852490540359894,-0.4329983725714804
15301,-0.7542448703571389,-0.2819488220901271
15302,0.0617318949830121,-0.26068295399558
15303,-0.0798139228657531,-0.20154353280138654
15304,0.09790990058975346,-0.5115517625026265
15305,0.11621468619388271,-0.3450880303190201
15306,-0.16132583683333715,-0.5241759449405873
15307,-0.27699524020335786,-0.5544390357505423
15308,-0.5125659649269912,-0.36912675981953097
15309,0.3348536311673911,-0.5511525454735964
15310,0.3476368178860226,-0.5649003127756367
15311,-0.049546698852968946,-0.5413752529429948
15312,-0.4800913103585947,-0.475201899816867
15313,0.3960456008434202,-0.5180403780813239
15314,-0.20405337880426183,-0.5452852260306222
15315,-0.11724113862829837,-0.4701624879501961
15316,-0.3559777490792963,-0.4750323418986423
15317,-0.0688936010132828,-0.4490919946603869
15318,0.18367047808770984,-0.6102511810403356
15319,0.06394475875115643,-0.5471734639201267
15320,0.30712462590940126,-0.5835580206023756
15321,0.21676831514320835,-0.539695354156593
15322,-0.08867911481375731,-0.5769990573385977
15323,0.06720433093949592,-0.5988394558659164
15324,0.11157058868178157,-0.5800686252327221
15325,0.07391791865403646,-0.5616275740758039
15326,-0.044112887496314424,-0.5814951260924179
15327,-0.11374442276347514,-0.5154642515205032
15328,-0.14166763991042683,-0.577965298997705
15329,0.13996145357754922,-0.5917563281300681
15330,0.09681393029288189,-0.568033659008123
15331,0.44957698000228824,-0.4441912624880396
15332,-0.15857104935739255,-0.5129125737902176
15333,-0.2924704912966301,-0.5512396231466928
15334,0.38882993580786335,-0.4598184873605948
15335,-0.12956578103915414,-0.5732362041281921
15336,0.3696757958812699,-0.5559458336153656
15337,-0.0001906000406494588,-0.5618515482882845
15338,0.3071807911812951,-0.4635437599535575
15339,0.22335200319972703,-0.4651833961750309
15340,0.05573715864755963,-0.5858840465775259
15341,0.053410706270614755,-0.5101606534304515
15342,-0.11755526140639602,-0.5170232653276772
15343,-0.0062937698861952295,-0.5535733903852484
15344,0.10014498765772224,-0.5536007633194563
15345,0.4861391825565486,-0.4893166443506697
15346,-0.23150849786960126,-0.5069108813609935
15347,0.36455151356706544,-0.5297834417371492
15348,-0.2418371924787333,-0.4373924958184018
15349,-0.08886867635305337,-0.554538475074184
15350,-0.36923657808735727,-0.5351987290368503
15351,0.12586456023305043,-0.5582947806431179
15352,-0.06172473057614931,-0.49562065820007195
15353,0.2108712723285837,-0.5756153393117923
15354,0.08569132723058942,-0.5432813632842594
15355,0.18692304953636316,-0.5633942647521163
15356,-0.12146726302591827,-0.5678672382869132
15357,0.14221018131926433,-0.5477372427133228
15358,-0.22993461932210407,-0.49047828708442465
15359,-0.14655598070753495,-0.545031236601039
15360,-0.13697317254666308,-0.5320470147495479
15361,-0.05555057100254314,-0.47816082167829554
15362,0.05528133403156842,-0.5349666435959265
15363,0.33052147137538285,-0.5078486038558472
15364,0.39179579597571185,-0.4753876507159891
15365,-0.218938160545348,-0.5504129690066706
15366,0.3457552211429239,-0.4219208317096022
15367,0.6919683464099569,-0.3608058764479792
15368,-0.20879003420062894,-0.46526954560579414
15369,-0.16917207339148438,-0.4937477147884159
15370,0.1133823962856863,-0.547849068012914
15371,-0.07471482741859582,-0.5462714432896788
15372,-0.5320589959239593,-0.4295332916605248
15373,0.3535087927004277,-0.4854890040348914
15374,0.20358612481419736,-0.5351865793473591
15375,-0.3833601306052193,-0.5543714358909543
15376,0.4259537602417091,-0.523117980949587
15377,0.07531655954973429,-0.5600678001071684
15378,0.011243519129846679,-0.556643128543135
15379,-0.034320284605903244,-0.5632938992525094
15380,0.18921867891229033,-0.4267144939102909
15381,0.2123585411105304,-0.40251157349050093
15382,-0.2652947339867864,-0.3198183450838901
15383,0.0380896422079261,-0.5559293995503657
15384,-0.014955439733093583,-0.03489897123583682
15385,0.04336090061967256,-0.41460178613685283
15386,0.14689037702545954,-1.0055291071761638
15387,0.09163333752158441,-0.5259739018106138
15388,0.3026861763863402,-0.35362193027685535
15389,0.22242113188362095,-1.5190128988212597
15390,0.6923696413310667,0.620218234583102
15391,-0.018499065210016638,-0.2064349239931117
15392,0.2837557150766713,-0.4004725538900382
15393,-0.4909984756646951,-0.16837568602595132
15394,-0.17179241263715658,-0.2151226574876265
15395,0.9236771051188368,-0.0916062134353333
15396,0.058367568099513545,-0.2760194528148782
15397,-0.19762210202926697,-0.1229095784241858
15398,-0.08534548444453709,-0.24256806740115683
15399,-0.3710637413358352,-0.31255883641513765
15400,0.06700294151227494,-0.37241145863919944
15401,-0.2381307726080631,-0.4617483716538661
15402,-0.3563012844404996,-0.4381652381139572
15403,-0.33694720365659675,-0.2360809932424106
15404,0.4517449664821817,-0.40773385607114554
15405,-0.6209621745116127,-0.25305269952910675
15406,0.09687082822394628,-0.46732679789961507
15407,-0.10312840178047286,-0.4758790478192945
15408,-0.18339880606352904,-0.2675105706826189
15409,0.37271163707413724,-0.41097065598898724
15410,0.10092237442034255,-0.4549611127521667
15411,0.18613899918199311,-0.4600632903357435
15412,0.6817819438381578,-0.34953822999110046
15413,-0.1317250570745899,-0.5148486007738222
15414,-0.2970745935638482,-0.45570860327796175
15415,0.1945573429720328,-0.5221129323452919
15416,0.04850820784080194,-0.5452767194005511
15417,0.6396997133068933,-0.508599812446552
15418,-0.2154902516973634,-0.33821510533045174
15419,-0.11644019409217955,-0.5159880652094676
15420,-0.06993666496295052,-0.4289424829584899
15421,-0.22887749530701074,-0.5124136013967038
15422,0.4635345555031351,-0.40707413167977474
15423,0.354608337403317,-0.35367582528708863
15424,0.12719081487749978,-0.4015046009239172
15425,0.4536627080925968,-0.03285356336408868
15426,-0.01571480716079845,-0.313347651229621
15427,1.0978973096225466,0.020727569122940465
15428,-0.15552165373956459,-0.26373487902800197
15429,-0.7819233821239635,-0.145105810747721
15430,-0.12881620688892326,-0.2959919914612302
15431,0.43591964494470864,-0.21121087451781773
15432,0.28386526054457223,-0.09342741161346345
15433,-1.028513137021984,-0.22834967565081776
15434,0.19438857831779077,-0.27239199687275667
15435,-0.16348897958554398,-0.3328792900782947
15436,0.05766088934727048,-0.3217201103123835
15437,0.06655480619287944,-0.39823991222362704
15438,0.10433698742737807,-0.36937777327915833
15439,-0.2602752334590903,-0.40262310736048956
15440,1.1991061479060725,-0.031817844488742364
15441,0.6792823368398185,-0.00446526919584067
15442,0.2268037900403183,0.1356915191857026
15443,-0.29817577791774635,-0.18564944370089248
15444,0.15766414600533676,0.2865763767049447
15445,-0.508719661334758,-0.12028082890005226
15446,-0.4784945467459343,0.018243873177446142
15447,0.4972458546479424,-0.2773717782761645
15448,-0.3595602019869545,-0.28338606707594766
15449,-0.1657975968641933,-0.3385686259364618
15450,0.16881826013248596,-0.315217785697108
15451,-0.0803436304706932,-0.4517650621496595
15452,-0.425901172488847,-0.36773588300647003
15453,0.49899270076119234,-0.4395394501057371
15454,-0.6030853748141255,-0.16350153960852398
15455,0.6718892970710642,-0.4822896935474382
15456,-0.05978933608264846,-0.528530774288121
15457,-0.3622982766526277,-0.42726471358962537
15458,0.6198982695909443,-0.24288089508353694
15459,0.5030033926380709,-0.2993969839841895
15460,-0.2569299009681331,-0.13587623664985904
15461,-0.2542691945020095,-0.3272079228926427
15462,0.04094821840672897,-0.3719642941364616
15463,0.8276383709203249,-0.1374493622893111
15464,0.3679145077651314,-0.08791246607233491
15465,-0.49884967611365416,-0.10940658723177123
15466,0.7029254793750548,-0.1577652207868916
15467,0.055597778803296895,-0.032447325256231174
15468,-0.031957873634543256,-0.27240206881446744
15469,0.6264485812050545,-0.19715857611520565
15470,0.21390738999807143,0.8283603094419771
15471,0.3372781029149377,0.10198765454864042
15472,0.14009951232598114,-0.10982648967195441
15473,-0.27279320197131246,0.0746313900328295
15474,-0.7260771524016533,0.12903226455322747
15475,-0.07069721836483321,-0.1913588599114363
15476,0.06022083043618743,-0.2249489376953306
15477,0.46377143166406776,-0.28320701214451477
15478,-0.191477177233577,-0.19338237939635367
15479,-0.03239627840865113,-0.36598406786478027
15480,0.7123081587449723,-0.08446904968413806
15481,-0.10912164517881666,-0.2834519713843585
15482,1.409570851489523,0.7271539080185067
15483,-0.5643133063829959,0.05923822571815639
15484,-0.439575026122861,0.49991017840445395
15485,-0.6873634497564395,0.27014004386663304
15486,0.893897476653692,0.15618411099841822
15487,0.44376222907128376,0.03701569809332056
15488,0.330257801951041,0.4843590319237058
15489,0.11651306448352927,-0.20777919967672698
15490,0.013153528570316155,0.174801420143953
15491,0.6687033121230946,0.2610911465580263
15492,-0.6383969092122181,1.3394679961134179e-05
15493,0.09037680065792131,-0.07344796664262464
15494,-0.36340650500295973,-0.16719016322160485
15495,0.5527666638648973,0.0064805456868107444
15496,-0.7195530413508979,-0.025374914739659627
15497,-0.174166005085561,-0.2527892538517869
15498,-0.18325975160153166,-0.2845030424215521
15499,1.113773458780912,-0.1503225729156198
15500,-0.9607770834739584,-0.28128749068406433
15501,-0.2730823001574873,-0.2883957020341114
15502,0.19683800240790564,-0.39370872542648155
15503,0.34827803035837973,-0.44754062118939975
15504,-0.1618730335168859,-0.46481272327716733
15505,0.6825016934375612,-0.25997351823461856
15506,-0.8075605920459412,-0.14508586038532845
15507,-0.15547939104428538,-0.164841555111631
15508,-0.4444574411262023,-0.25367548067501966
15509,0.149526831933056,-0.2939296376429046
15510,0.06898181002042468,-0.37991558892601046
15511,-0.31510599062699274,-0.339369924933348
15512,-0.38204711021458854,-0.3316780171048588
15513,0.37817827207357513,-0.34793380613256847
15514,0.5694762551634595,-0.1611466472821274
15515,0.4355906931782097,0.029728172826031546
15516,0.18145642108256188,-0.371229187832089
15517,0.2048998517920632,-0.4162031756210411
15518,0.2811632365361262,-0.38315730639980794
15519,-0.322542737054379,-0.4102952292823201
15520,0.14681124416425598,-0.42177600759565625
15521,-0.3784060116813596,-0.473557040557102
15522,0.12975502826036062,-0.3040623034208036
15523,-0.5050261430111028,-0.4068465981323706
15524,-0.04745021019078806,-0.30496511154575817
15525,-0.005190862161467152,-0.5235575951486027
15526,0.35877870566915626,-0.23747006894301237
15527,-0.9091460697709653,0.21103919071431304
15528,-0.46629728669801235,-0.010563404425793222
15529,0.3934717951544266,-0.30685148368858517
15530,-0.19707918563932084,-0.14142101100974558
15531,-0.6793714462176869,-0.06749144565090455
15532,0.47142867117507803,0.035491569617622565
15533,-0.3980811690419267,-0.38548879313183154
15534,-0.5713096364145802,-0.21261271266299564
15535,0.05620456067161494,0.09312095562572562
15536,0.2946676783988547,-0.1935460111175341
15537,-0.4608218599766838,-0.022774280489130355
15538,0.38107908561535825,-0.25685137083645515
15539,0.34546479568989413,-0.29396040791380984
15540,0.29619349182024385,-0.3269338799663471
15541,0.4611657395464643,-0.3500618141782436
15542,-0.3037379961529388,-0.4023670471433997
15543,0.7812857015864176,-0.20496928278265536
15544,0.01160481946840382,-0.33454765061862063
15545,0.16164455164570227,-0.16570069707133256
15546,-0.45623297440873267,-0.4153530306079655
15547,0.12369562346139067,-0.3547224760717562
15548,0.04416256977376869,-0.4775195527514793
15549,0.82873893765019,-0.39340663029080153
15550,1.5561730498751425,0.1798961981825069
15551,0.3246146333317583,0.8377563754154178
15552,0.7845513376965808,0.48358934371620355
15553,0.2388870290862297,0.38080729206001446
15554,0.3905121109027222,0.3755330314132085
15555,0.6565741527561856,0.5799245856194568
15556,-1.1825557532478819,0.214461145477565
15557,0.2696396245438925,0.24412961773091862
15558,0.24760507794094014,-0.14669470746515684
15559,0.13072640120417306,-0.24343073509047664
15560,0.10737781404042362,-0.2504416440731472
15561,-0.06819504418575759,-0.3141158840810588
15562,-0.2591099022059655,-0.33216938915774336
15563,0.20352634378961199,-0.15559060727187102
15564,-0.273224650840325,-0.358178792248864
15565,0.012534718978133052,-0.21263041060646304
15566,0.3580408589306427,-0.3113551886210155
15567,-0.8568818423747079,-0.18376437894244668
15568,0.6155525504800184,-0.09903935372724622
15569,-0.39861647074641166,-0.14267230867594016
15570,0.12909670355045427,-0.3429106428823279
15571,0.027557287434389836,-0.26075617245460325
15572,-0.24530054005357785,-0.3810874356598274
15573,-0.3746141209646473,-0.30345025229622213
15574,0.943303371365111,0.16239321144597058
15575,0.27379519463333596,-0.08356117440608858
15576,-1.1304283777793558,0.423342563586028
15577,0.21061036658639196,-0.15378358266065484
15578,0.25868259077086075,0.28675101718903934
15579,0.09729067476340747,0.07696299945822169
15580,0.5281222961069432,0.08902406529074805
15581,-0.08229241927211166,-0.11604070524112778
15582,0.08751200949696393,3.4243631780079555
15583,-0.9362824449468222,0.25050942951552807
15584,-1.7599390623247178,2.704671898319547
15585,0.8728104164809135,0.2750766299611909
15586,-1.3110720207030397,0.41930110857161257
15587,-0.11899860920794185,0.6717088244968551
15588,-1.4295304151596178,0.9827087245697721
15589,0.6469945049394198,0.3616029951283752
15590,0.46040088438438054,-0.09273891431452265
15591,-0.4676130742470546,-0.05345408715152651
15592,0.3771043174835986,-0.3201842521158431
15593,0.029703845519008953,-0.36404436303334475
15594,0.7819260340102062,-0.19249584919823154
15595,-0.8367094926055358,-0.2093560249772381
15596,0.32515800820021584,-0.3167590151232738
15597,0.01653568563695769,-0.4151334833224318
15598,0.1116186622871188,-0.4432130399181398
15599,0.5755459992583166,-0.34423660461277833
15600,-0.4281808370709351,-0.34661134405848715
15601,0.2627855432035622,-0.45547044404782927
15602,0.273713159441536,-0.4689866384687276
15603,0.311909517981146,-0.4031408575309352
15604,-0.118329281673146,-0.34741751095627993
15605,-0.040399051350860034,-0.44320242715815716
15606,-0.43038853791655546,-0.46483642965563965
15607,-0.35754469613687284,-0.43064122032108604
15608,0.2606867341902174,-0.5064340325780046
15609,0.9267598215449481,-0.3833516790549262
15610,0.43650958931743394,-0.186950544266002
15611,-0.9163057652893277,-0.3439311874438169
15612,0.1790110549156885,-0.48783137729321746
15613,-0.46733202604532126,-0.48136246908137764
15614,0.6052903382192716,-0.44807306495420346
15615,-0.24083530797892472,-0.3862888159412796
15616,0.578240308394134,-0.4053159559252779
15617,0.21331722143449106,-0.33924657283608783
15618,-0.1383325667433195,-0.3717984860801978
15619,-0.4059219162972102,-0.36651735064264007
15620,0.19231926229898347,-0.4564386709295797
15621,0.016042692651361313,-0.4148306547596498
15622,-0.40558115817850865,-0.4018937173850264
15623,-0.9679724196368229,-0.05025587002098592
15624,0.5775604159423102,-0.2987655406718153
15625,-0.9730566419202804,-0.2323125160357863
15626,0.5292145031771379,-0.40736234609432087
15627,-0.05275756309196709,-0.27044647752576995
15628,0.3635001142403177,-0.42531421956453247
15629,-0.1607521993679499,-0.46465699419121936
15630,1.0555979053053943,-0.14977394097190933
15631,0.45846888512687656,0.1815279209365087
15632,0.3870981342821547,-0.20213408224537155
15633,-0.3112558890691741,-0.3790188322494428
15634,0.0933592918445735,-0.4218960358284075
15635,-0.457989311637797,-0.31759446571547006
15636,0.274886995426449,-0.45912610903502316
15637,0.26440455798517853,-0.42915433883973125
15638,-0.2694323180200017,-0.5103302242183005
15639,0.08427870758471136,-0.5018137947841615
15640,-0.5307954835084515,-0.4122582848347782
15641,0.3008696881670162,-0.4878265703882292
15642,-0.22522870580887036,-0.3425989275765393
15643,0.1614253033134578,-0.23317423232919604
15644,0.3492249422596334,-0.4705443416313389
15645,-0.3846778872983128,-0.31615431555499335
15646,-0.24627696382921344,-0.4182512900027173
15647,0.675014173094989,-0.40971990681383086
15648,0.3775479829777504,-0.39468095441019374
15649,-0.23445731599253103,-0.3194914479864156
15650,0.3464882350314483,-0.34764079878350296
15651,0.820054205303748,-0.043240627450239155
15652,-0.20994414421463803,-0.030480998631528245
15653,0.41009022799676476,-0.06253608297258215
15654,0.48833064839597495,-0.15135338750698657
15655,-0.3520960867958171,-0.28499654675845626
15656,-0.5065614196283755,-0.29745581158476964
15657,-0.27404919410982775,-0.42737744207515654
15658,-0.39713541498554344,-0.2695449640724953
15659,0.4074388583140891,-0.4043222126484531
15660,-0.19403432013705071,-0.4555454716190432
15661,0.12267787742533452,-0.45828087487325936
15662,-0.05265380996437239,-0.2762784558063686
15663,-0.018692611745629042,-0.3199795915809218
15664,0.08976026437678239,-0.31611264409427686
15665,-0.2652174286784088,-0.31550325552284186
15666,0.34967100089299974,-0.340774376861449
15667,-0.10794029486711526,-0.3483633414088088
15668,-0.38882300430994166,-0.3858562937139319
15669,0.4088130671843502,-0.4400234132950844
15670,0.3004789521186822,-0.44348442016767997
15671,0.5314151243015556,-0.22618255452358899
15672,2.7618271669367176,3.308637163772593
15673,0.17384947555796681,0.39249929048921756
15674,1.200673752591677,0.6185648179035298
15675,-0.24090190735671693,-0.05786932117619932
15676,0.7308479771674113,0.22641971558522056
15677,0.2932996690166213,1.524337446451302
15678,-0.19532610484492852,0.3475511747435722
15679,-0.22558286231673935,-0.09906662983715395
15680,0.21843982967871436,0.007579086677906816
15681,-0.44861508959859314,-0.21329549926360414
15682,0.5612934474471298,-0.09001518356025252
15683,-0.7532813711857096,-0.12055431378765442
15684,0.17134603037088597,-0.16966874882572897
15685,-0.31940325281243137,-0.15599689042148634
15686,-0.6196140205776728,-0.11702037653241246
15687,0.23586401839345456,-0.16891794570626273
15688,0.11538597744132778,-0.2980906929785319
15689,0.8922538430586785,-0.0848960956811981
15690,0.20681219128253503,-0.006512181210888571
15691,-1.741066243629604,0.11312698028683946
15692,0.6799990873162616,-0.2957030518765228
15693,0.15432994389028865,-0.4162382652469739
15694,-0.046045911575606946,-0.23819655888426117
15695,-1.1296910480402929,-0.12277886145166332
15696,0.3382251358391573,-0.3099806464905992
15697,0.3438281290369265,-0.38422859764521555
15698,-1.0527346694025987,-0.15653180078361945
15699,-0.5830441547592441,-0.16773092022598535
15700,0.32480111344475376,0.09419778124567099
15701,0.08127403221839112,-0.3870921268151316
15702,0.434069338113968,-0.32088282435190296
15703,0.16347246134617052,-0.43185867000519257
15704,0.060339170546902354,-0.558626075117047
15705,-0.2819058896988868,-0.536211115395598
15706,0.47008010645094905,-0.10016918295867235
15707,-0.028886115874815127,-0.5000416508878731
15708,0.16357521040603215,-0.42846858170356233
15709,0.20002497835371924,-0.5476688601491585
15710,0.3452487914282852,-0.3622308581068877
15711,-0.0019560698225048003,-0.34160998419618144
15712,-0.37484196681899234,-0.496973215867561
15713,0.35906737751376416,-0.4797207682378014
15714,0.09381095265978505,-0.44303245291892446
15715,-0.27623766397063965,-0.4774315571589632
15716,0.13525662051588225,-0.4546614198007122
15717,0.3424561747834746,-0.2515773153698401
15718,-0.43046302893297256,-0.43465202442226253
15719,0.13756746010445528,-0.3490152913630037
15720,-0.31571136956693185,-0.32142207228108355
15721,0.6181738837120366,-0.2898963044528144
15722,0.6604701567471994,-0.2540194065134415
15723,-0.3280029396566468,-0.33890281478908524
15724,-0.16844662482943407,-0.47290353295343607
15725,-0.06487894911828414,-0.5131063116658336
15726,0.31894308983222897,-0.397600269066576
15727,-0.6934468137256087,-0.3273752728796719
15728,0.34245013779365363,-0.38379896836159416
15729,-0.4089485074698469,-0.4288699407287489
15730,0.35153158998721923,-0.4638454009401809
15731,0.7115588576161667,-0.03827465218108107
15732,0.027638952397085418,-0.2589731132759423
15733,0.5404916582957267,-0.2510911446162154
15734,-0.6558070776010992,-0.2855264712020191
15735,0.07270227615084958,-0.2438121160590967
15736,0.1370848275817222,-0.36216911060262114
15737,-0.174506227753533,-0.4359141294716654
15738,-0.5140136677831126,-0.22873081571474935
15739,-0.10800439588804175,-0.23432729867314084
15740,0.24389729020038292,-0.13655717709033777
15741,0.12582786395138187,-0.39217086260402423
15742,-0.1356647088381227,-0.4283451022877496
15743,0.3493741744609841,-0.3428516016129579
15744,0.3193345339859347,-0.2825711204066025
15745,-0.11059844090593517,-0.3675036792989415
15746,-0.5853322368356798,-0.2294812087046651
15747,-0.05632913094122347,-0.4556101687330054
15748,0.39966654215049663,-0.39244630229578076
15749,-0.10549228143972708,-0.4281224535640809
15750,0.015713099879937818,-0.42641875239167243
15751,-0.06071492666860033,-0.456297459012617
15752,0.16231303426613383,-0.3706532821869239
15753,-0.10554851216267189,-0.47533313372616554
15754,-0.3980257529172445,-0.2657951127553116
15755,0.2214287220531974,-0.24770644069168218
15756,-0.06714800228635426,-0.3560773234867917
15757,0.09365140280972302,-0.3774207990797391
15758,0.2241671827125658,-0.2275974757073646
15759,-0.06855187958691426,-0.4560196218777014
15760,0.2476416413876912,-0.3866690186890195
15761,0.24875085791352616,-0.1528973505436893
15762,0.0559176134368572,-0.3455885892742706
15763,-0.4962405048682074,-0.4143474311831244
15764,0.027271148962444265,-0.2685919488884413
15765,-0.10569959594860602,-0.2968394317326049
15766,0.996441924063609,0.23571740004770536
15767,0.7543010426380096,-0.04191931648297044
15768,0.762203533146486,6.826874972065439
15769,0.3340911816093227,0.34713342116022977
15770,-1.9966572574591326,0.8285361171796656
15771,1.0127406293246497,0.37187021712232166
15772,0.5394126014041591,0.133606176849059
15773,1.6600338729638808,0.16415953364837443
15774,-1.3596706999139485,-0.00907273886623195
15775,-0.22226509647486223,-0.05433116915203194
15776,1.0375716556090755,-0.20353909481268478
15777,-0.25553474840618023,-0.291732974960788
15778,-0.2652845574560335,-0.2798816881922444
15779,-0.308617834156829,-0.3893495496802965
15780,-0.24053627312887912,-0.3893119210076567
15781,-0.25658079344793255,-0.23672895245891773
15782,0.8070919913261029,-0.2950275309726571
15783,-0.32955515839781097,-0.38064843417290556
15784,0.5901390090975072,-0.3059741314611919
15785,-0.17282717685010934,-0.4282332367100732
15786,0.21137577440474323,-0.3933925257436212
15787,-0.17706271290958836,-0.4034186139043266
15788,0.5582340891381207,-0.47526688970728026
15789,-0.08743271088409282,-0.45287316602922045
15790,-0.4430961516400853,-0.36212073105434783
15791,-0.159291021702849,-0.42601612652227294
15792,0.029452540197179147,-0.48747965139327576
15793,0.08369681507947073,-0.5468741464954585
15794,0.010706314456835602,-0.30952678917969423
15795,0.39464720381901985,-0.43319361146117535
15796,0.08976187699196074,-0.4427845214713551
15797,0.03686414461525541,-0.3829943320234735
15798,-0.5335003990207623,-0.41875969507909816
15799,0.038056054618746414,-0.42483930077225057
15800,0.03758456511087595,-0.48601512621297366
15801,0.07576168205539836,-0.5141150048054411
15802,0.2352029264544684,-0.3039904924147554
15803,0.02471813097301919,-0.44434477217522483
15804,0.36887925521237874,-0.45852855321015623
15805,-0.04916028244357616,-0.5001139839354978
15806,0.4362744690518625,-0.161803130211656
15807,1.1962834580785424,0.08599545488317102
15808,0.023050806655825436,-0.21095804032225873
15809,-0.0073622162673742135,-0.30192290351137113
15810,0.9512986305923661,-0.020475248708468813
15811,-0.2554819859015604,-0.36088522876428314
15812,0.1610206621529756,-0.3861477317401208
15813,0.05080870074469215,-0.24316641109172527
15814,-0.32067712000543125,-0.06914477849320164
15815,1.0279462173074032,-0.17358041629285198
15816,1.2775746458563038,0.31391985506841025
15817,-0.8353566005375058,1.6967960136429376
15818,0.05739462541648466,-0.07836564814278425
15819,-0.12945397351004165,-0.06273655314628344
15820,-0.5412295100785662,0.06415218175769133
15821,-0.6455391283366674,-0.0652760854444511
15822,0.4367679154822121,-0.3303332955932952
15823,0.03281993414137627,-0.3468632965333524
15824,0.14237907660353963,-0.36393877336740277
15825,-0.3321228902543715,-0.32053586108763654
15826,-0.4903298156033171,-0.33552205694927173
15827,-0.09295374242566823,-0.360562328633244
15828,0.13310425425744193,-0.14360598491505056
15829,0.23137350158826267,-0.04930116102999525
15830,-0.04077056513599623,-0.2581463016261878
15831,0.6642183815214545,-0.17071283683578403
15832,0.1690845916907132,-0.09859421241554436
15833,-0.04218444414453619,-0.2870002422402794
15834,0.2304725737948858,-0.3420402614664822
15835,0.18362699620964887,0.14481828356061865
15836,0.29228837357222054,-0.12440374619344816
15837,0.19118461106949577,-0.08939713927975065
15838,-0.6124671402304234,-0.03369658699850489
15839,-0.13892090717046252,-0.2579883830536022
15840,-0.09265902596554043,-0.22848191888968328
15841,-0.03127230587390589,-0.39213459486665164
15842,0.003923858784394413,-0.2835242427465749
15843,-0.3325628381537284,-0.4380721142781707
15844,-0.3320648359798165,-0.20075627540649282
15845,-0.1929957846801797,-0.20884601341213904
15846,-0.14929175345129206,-0.22555744896928503
15847,0.18460848157859444,-0.2189534311740821
15848,-0.17795989631345369,-0.40744250161743445
15849,-0.013634397747491016,-0.4840930779157092
15850,0.25907864694052685,-0.27822052946554193
15851,-0.239272760856183,-0.3539056645994928
15852,-0.3540096216652266,-0.2767834393458087
15853,0.37478747626801906,-0.1717276705428215
15854,-0.32147450881839545,-0.27710692738385734
15855,-0.010880506141260394,-0.39584535320929376
15856,0.1552307273159659,-0.5009503205815067
15857,0.04637230457324382,-0.4317298070465744
15858,-0.05772846833367636,-0.3696004597288392
15859,0.4897604747870859,-0.331456120340176
15860,-0.3947181041934754,-0.38753729633613976
15861,-0.3899347738632482,-0.2993745335006456
15862,-0.4373025803799239,0.2325700960916221
15863,0.7054194227475986,-0.21104030569744464
15864,0.060315730889129844,-0.2838010399202786
15865,0.5498071499112605,-0.0691254871573467
15866,-0.21585135558298832,-0.318497042861817
15867,0.03927560955080599,-0.271766434801879
15868,-0.20930336405764785,-0.008425568269680443
15869,0.583632141643805,-0.2801131759722208
15870,0.3050747695100068,0.6130517030275126
15871,0.5398446109621152,0.49758992099616917
15872,-1.306589740046332,0.04169372795103691
15873,0.975679675248652,-0.2876530390085429
15874,-0.8715902459644087,-0.15040836928093315
15875,-0.005650115931649516,-0.3639846572594817
15876,0.3363737723004416,-0.3847267699254484
15877,0.20721294643999746,-0.29816513688912666
15878,0.49123220273685747,-0.19502045814392271
15879,0.33110780345832713,-0.08127813924194666
15880,-0.28474009258684385,-0.20845253732514285
15881,0.5814457955592516,-0.19087698730055652
15882,0.1729684905173533,-0.24813677423145147
15883,0.8891034226125699,-0.00022810465573855875
15884,0.49891962849002064,0.24638306691086065
15885,-0.4496269353882199,0.0983293627697582
15886,0.4212571841954243,-0.0746232534769831
15887,0.5314342817727722,0.14455926305530986
15888,0.4392250062063137,-0.05185700333707239
15889,0.07435577328952746,-0.20382199414756863
15890,-0.6147779210634338,-0.26029954695601737
15891,0.5149188699699525,-0.15319294870023553
15892,0.11545497465531734,-0.25408932081744995
15893,0.33526411145666496,-0.06412966347986346
15894,-0.7016119330617449,0.16991358856633898
15895,-0.4135807105123182,0.1375314244227253
15896,0.5055653143378868,-0.2489717026434285
15897,0.0859841296051683,-0.0794962590749416
15898,-0.2990786829829169,0.06769364181553247
15899,-0.21354369329242734,-0.3743348750416837
15900,-0.24274342286338568,-0.4333991523253253
15901,0.1540637129360215,-0.46356974265502054
15902,0.940728356392321,-0.04319478543474774
15903,1.1325218799564434,1.4006569605723047
15904,-0.4490718207893721,-0.11356577811218861
15905,0.08466551236279092,-0.2054961576721978
15906,-0.5854736355499995,-0.12829233691116515
15907,0.6219803100247491,-0.16719009644899824
15908,-0.03377965903253399,-0.30136604901889197
15909,-0.12340783283098204,-0.32565394031279593
15910,-0.07114329846479275,-0.07491603594984161
15911,-0.34080520756626287,0.12708099105542398
15912,0.8258916799078446,-0.17006386383298755
15913,0.4186793915030122,-0.10017791839895952
15914,0.15756862237545943,-0.010334505682542853
15915,-0.49707123665245534,0.07143854597868511
15916,-0.20507913059704472,0.0551704029847397
15917,-0.6922625551570907,-0.13645609404100578
15918,0.6516823313172426,0.0034833205563537424
15919,0.02771095545186652,-0.24980014708412912
15920,-0.03734634776779523,-0.3790022060239183
15921,-0.06543318697741368,-0.3620622737252782
15922,0.08038022116915618,-0.4076929854483035
15923,0.23445325393814176,-0.30327489628815946
15924,0.18706726162448,-0.08985920786734693
15925,0.21008486376772664,-0.06158537351684467
15926,-0.1414204598909873,-0.3029775543013245
15927,-0.24729547263326287,-0.23892123250469516
15928,0.45117976737094734,-0.2809775941356635
15929,-0.15666198288318472,-0.16528617175281107
15930,-0.14028792705382154,-0.20254163346730492
15931,0.09101319386610075,-0.2235031828390318
15932,-0.12559175013100893,-0.17228758453667004
15933,0.001277133555965004,-0.25433463245848337
15934,0.5839024437500352,-0.8695890859321643
15935,-0.11685531145977432,-0.2875385432100794
15936,-0.11295805298091809,-0.27521816783622355
15937,0.23490105660712124,-0.23129797864646934
15938,-0.05863869692053101,-0.10429097134703874
15939,0.05961387056952615,-0.3426165042546401
15940,0.2617716810407841,-0.37177128970023493
15941,-0.19344803271855623,-0.3846048672925071
15942,0.199650280782874,-0.3468745296548652
15943,0.41646958609054596,-0.2286256285268778
15944,0.5279491398745773,-0.08058907351816708
15945,0.16460574914860418,0.05844962864498175
15946,0.08737338236482399,0.47933064683950904
15947,0.2375697610184732,0.005994293579565789
15948,0.3349145365422084,0.03044121670787981
15949,0.7418039179103308,-0.5519866403715545
15950,-0.05563442970363941,0.28020905229661325
15951,-0.0007855360448020264,0.11025931077268042
15952,-0.1375126614658529,0.3506105371186036
15953,-0.03167731187815287,0.12720801059146825
15954,-0.7459614955177377,-0.012319986318900219
15955,0.6047657984766082,0.013985164810366608
15956,0.4102063980441392,-0.28424635075089155
15957,0.27607884855625525,-0.1613854059441125
15958,-0.2829293555500615,-0.04448828595629344
15959,-0.3172844318250697,-0.23960140423282722
15960,0.7844932994416407,-0.1676569734026287
15961,0.10853955195042,-0.2916015917128558
15962,0.16510651157550585,-0.0056027144443209975
15963,0.3484248991757585,0.011212917613555945
15964,-0.35152810570841275,-0.027651425927299952
15965,-1.120994450249417,2.0230587228475208
15966,-0.2413945290796365,1.057172584863602
15967,1.170607848088668,0.2836104691880057
15968,-0.42710483022171025,0.04280958718493574
15969,-0.2639191629865527,-0.1823070016741229
15970,0.581561906419403,0.1456459630234242
15971,-0.47130944764363364,0.20806690560040458
15972,-0.6873528406250295,0.5449054572185997
15973,-0.07734038632768431,-0.09585037607454981
15974,-0.4809403590763615,0.3158911396597337
15975,-0.19416729635661661,0.11443128095187703
15976,-0.7106625352740646,0.44615315244221937
15977,-0.8797878345468158,0.4920897203241844
15978,-0.5802939590275499,0.8868079857332691
15979,1.2163083421932313,0.3166927983896726
15980,0.7596822989070035,-0.10671964585869274
15981,0.051535976223371215,-0.3606588174585959
15982,-0.19245557130773622,-0.25571492121542844
15983,0.38321533442263367,-0.3152779233752278
15984,-0.17299658558700062,-0.4172838925955314
15985,0.1596277285242822,-0.44190073994261253
15986,-0.09049622138526284,-0.4455493906302975
15987,-0.08393924042602983,-0.4915565645201801
15988,0.22749747920028487,-0.46832186588404007
15989,0.07040513411957411,-0.3962114537487841
15990,0.7792831898943593,-0.21179924257168975
15991,-0.2757329611104834,-0.37918248829100154
15992,-0.1363677551937063,-0.4989236930035286
15993,0.2893913281133386,-0.4060175581907662
15994,0.41119914683980874,-0.2956125985070116
15995,0.34712856004338133,-0.4469271073599946
