id,Y1,Y2
0,0.4804581040404694,-0.42622253689519024
1,-0.2838349596169632,-0.5485630352698482
2,-0.3046167966083187,-0.35665213152886305
3,-0.29759689033928516,-0.11195919830012738
4,-0.8633489123295288,-0.0681218526265708
5,0.3114621961411448,-0.11139813157060663
6,1.1633751748233983,-0.0031186116206275982
7,-0.13129298688288493,-0.37383252967956876
8,-0.7534070051658364,-0.2839073603213418
9,-1.0534477641457358,-0.22817926946723976
10,-1.2495554002440645,0.016179320428151275
11,0.08502077393465124,-0.20917037590747944
12,-0.7089859813415508,-0.06249809762725223
13,-0.3190804708165559,-0.3557462135741424
14,-0.017395266702262713,-0.20927925913769946
15,1.513045629423066,-0.07251097044495021
16,0.8867587158769985,-0.3092625023554215
17,1.0426096669514273,-0.05243596712003658
18,-0.5129024706327394,-0.3391572023520843
19,-0.8738115057742186,-0.37553191784946877
20,0.7997079678427497,-0.21759879035118052
21,0.6849143201192278,-0.0032644531973103214
22,-0.8580558047648166,-0.3319588715729677
23,0.7656638373058875,-0.489429488997498
24,1.6812949592008857,-0.17229794878393978
25,1.3785726424427835,0.7056308124876205
26,-0.8065674029153225,-0.051872892195297074
27,-0.42657159519664956,-0.4133608080216636
28,-3.4378747945515857,1.1877304165511262
29,2.5250216942389048,1.1620620829866803
30,2.833380776070041,0.6546243146906512
31,-1.4009096598201647,0.5606701114620768
32,1.4565398340972966,0.36963477563148334
33,1.0179059723550434,0.3296332137959576
34,-0.2989885455001811,0.041119888662512635
35,0.8745852524408793,0.2812600503399291
36,-0.5110155915920913,-0.11707872286637297
37,-0.2782688831894792,-0.2943485285442783
38,-0.4434126824072943,-0.2139859094591121
39,1.3644789697656774,-0.3537225029882309
40,-0.8239168140229497,-0.2613431457482403
41,-0.5238423117349381,-0.2613800639897443
42,0.9841955998935814,-0.3840089043007126
43,-0.772691549732179,-0.31660083260956196
44,-2.9131539535940556,0.105159510037923
45,0.05550269662624313,-0.11180052455527312
46,1.534454494519558,-0.10513106083856906
47,0.6708135340011961,-0.3046209593482171
48,0.5434820482455235,-0.28022989356228295
49,-0.3899951691127177,-0.44984668203577877
50,0.47791426800867265,-0.39373504225469275
51,-1.2757393503765415,-0.22384105882358157
52,-0.3885494225411634,-0.5522868753648303
53,-1.2783910547897863,-0.05491209203608012
54,0.8223975220487674,-0.4386814761488797
55,0.37669138405399116,-0.5801688701348207
56,-0.19202776446428005,-0.6521483016829368
57,-1.3711010971004902,-0.20354222709446596
58,0.8635700287809869,-0.4783403123940477
59,-0.28384646368054844,-0.5804701990997511
60,0.174644008212193,-0.5432778955039098
61,-0.38153121311895033,-0.5619594046755594
62,-0.8497498677095106,-0.29072267339904767
63,-0.2918891913135932,-0.4458144642169572
64,0.05175789684404519,-0.5036507765300576
65,0.46005603106605153,-0.535251038935816
66,0.6135099527246233,-0.35412170238858076
67,-0.7662056562443075,-0.21089391747478736
68,0.4128708384995159,-0.5562658468225387
69,0.11574528609039147,-0.5458717952246145
70,0.18705269818527054,-0.2343899731161978
71,0.7211199927413803,-0.38143983510450213
72,-0.019617788598063263,-0.48675207059151765
73,-0.15534781260446928,-0.16569417833347466
74,-0.729474807568828,-0.35261364915799015
75,0.6683395996717372,-0.5135526871355127
76,-0.8735169624325942,-0.4217721826543129
77,0.35034169302105633,-0.5279252266652189
78,0.7460109686782798,-0.5336021028900406
79,0.22297938532820583,-0.4184426350891874
80,0.36223569777383346,-0.5185075647717433
81,0.8207125268499222,-0.44018674456192225
82,0.42051876422871237,-0.3229335250236004
83,-0.5488655110955525,-0.24015935283391326
84,-0.3060071522876925,-0.475194586531049
85,-0.006964596058610495,-0.5809476811627645
86,-0.20551997457343185,-0.572858262887405
87,0.26813808299807484,-0.5640229024439267
88,0.5618823305525151,-0.5026170420681919
89,-0.10306315016215584,-0.5124994936792856
90,0.43929902414678723,-0.45929003374180216
91,0.7048932731511188,-0.2385676953696848
92,-0.7184006678984669,-0.506398997596019
93,-0.828758640970191,-0.4602784255191453
94,0.22342321418972982,-0.4289884448271211
95,0.5096255593798744,-0.5305330352598581
96,0.8287244324103822,-0.3874587396645242
97,0.061349796814858415,-0.4898557245941421
98,0.07205835923980336,-0.4424821666507692
99,-0.2511910699998493,-0.38678279588336045
100,0.3026864082265768,-0.4357113253051977
101,-0.43878578951074043,-0.37473295154654757
102,1.2733662145202915,-0.10964685824725569
103,2.0413814373981225,0.7332052900622122
104,0.13110065845299151,0.27813675374407987
105,0.9579061504282014,0.2328363187816478
106,-0.25611544949591947,0.11305620759245653
107,0.4735954128540353,-0.0780806965667967
108,0.3676475337855847,-0.3683895884049869
109,0.11102249396770153,-0.5102760294960739
110,-0.727437851637443,-0.30015403196916274
111,0.1410041131519545,-0.3547627674357232
112,-1.1324647681032773,-0.20083699027754337
113,-0.4508405454564418,-0.37969864916556023
114,-0.4627497448518383,0.0032265616491924665
115,-0.144161650811584,-0.3261693887455505
116,-0.7470535114716833,-0.07248319666350693
117,0.10303645351522328,-0.36028384800045143
118,0.9829299867095971,-0.1760340396264663
119,-0.32330255477111114,-0.36237850665597166
120,-1.4521556742278805,-0.049136129321728436
121,0.18802671163428042,-0.2513133878784632
122,0.5864786575743548,-0.3253521413147808
123,0.08457416010856056,-0.34174427379508593
124,0.08398473056481176,-0.00035056587216886204
125,-0.18875485435342526,0.07415262786693048
126,-3.364149188238952,1.5058506962957798
127,0.628114995787264,0.16975200156305276
128,1.9181422062997409,0.48135973729206843
129,1.9080052556730789,0.24337866618283016
130,2.60008547754515,0.5331513403776654
131,-0.9022304367013017,1.1299519747980629
132,0.9864091776614465,0.4114809853886444
133,0.2323302486231963,0.05006116472410482
134,-0.9394774361199025,0.07828463036068271
135,-0.8855751562639862,-0.15155674519905832
136,-0.09496098286872104,-0.29672394582183254
137,0.3763143732363228,-0.22654522608962258
138,-0.13682716642973974,-0.5331286940099162
139,-0.30668165204748765,-0.39870133317140427
140,-0.23215420236333698,-0.496518239525579
141,-0.1845691931545088,-0.43073305812340434
142,-1.3182592256536438,-0.14960598184758733
143,-0.05634894344722974,-0.3855903496197359
144,0.5939615519687398,-0.409960631424362
145,-0.2393852883772509,-0.3310061133554543
146,-0.033210440259053176,-0.5197571598031974
147,-0.8945817183110942,-0.4197412812635917
148,0.2821886487929953,-0.45344534951099175
149,0.11699233141353327,-0.4094284329197066
150,-0.07797176930285499,-0.5650664892967601
151,-0.8237000040006921,-0.41603869660318216
152,0.33414781138367644,-0.5263124434221574
153,1.0654739071220993,-0.3272839953518907
154,0.4136883310458377,-0.48147652194726753
155,-0.3101238278574741,-0.5951730164676808
156,0.2776586709975839,-0.5156226758443488
157,-0.5587171072169627,-0.6143247021520775
158,0.5297202986430982,-0.4719590474906654
159,-0.08695934218568221,-0.45395272200894726
160,-0.154650371715571,-0.5112145953432996
161,-0.45812285314367795,-0.5203395355446556
162,-0.6980585428122855,-0.4461304856065845
163,1.2881049236481903,-0.4867880181341093
164,-0.1727465362845279,-0.4046491404387089
165,-0.47788842984256186,-0.5591982071363277
166,-0.6820742347176947,-0.4647501378075453
167,-0.37505846708923324,-0.47777050490203005
168,-0.14576756306243446,-0.4394007798613155
169,-0.4648983753610267,-0.3732219813408632
170,-0.6669858636782842,-0.3389580872048014
171,0.07678600915418293,-0.44884123475669235
172,1.0519434000882721,-0.3983208751946414
173,-0.42018972178785186,-0.4699010466570304
174,-2.3804942410105743,0.09467922124778526
175,0.478411857314862,-0.24477037911159594
176,-0.41417132058833217,-0.2890247119972255
177,0.3352858104377838,-0.39276013794716697
178,0.9896020294639905,-0.3257212495556613
179,-0.27495913540751554,-0.49467089667336545
180,-0.3176605780371171,-0.2702086200526367
181,-0.3736176447978294,-0.5824932449622703
182,0.6238449504089099,-0.45717661072868526
183,-0.17771173187564387,-0.573155750912262
184,-0.9502959524142741,-0.4259602467641166
185,0.6284847010177197,-0.43883656016167477
186,-1.5097040515908966,-0.34740643315377656
187,-0.8675083015033417,-0.23226836057175587
188,0.0015069295845532849,-0.4557489484875361
189,-0.7733935114880947,-0.3521591215810775
190,0.10421103232598838,-0.3087202368180782
191,0.5628961808505476,-0.34883453605539116
192,0.5173928943691022,-0.4650884531160486
193,-1.3121008903151492,-0.40206653664498987
194,0.17506701774738798,-0.49890494182295264
195,0.25464778143818023,-0.42657017577174877
196,0.7661601910442366,0.030810770356401854
197,0.7640778890245579,-0.17239255250975752
198,-0.3403202475910049,-0.4027859678840244
199,1.2453124743499906,0.060250976499940725
200,0.16762832008943007,-0.4269066992648037
201,-0.25451453840315474,-0.501889609314498
202,2.5171578674926107,0.19173745225789512
203,-1.0953993946091025,-0.148249664008367
204,-0.3984463920356922,-0.3977468729193225
205,0.13427407974820987,-0.4934953666719519
206,0.2648600982416911,-0.4145039182943939
207,-0.004789722351605408,-0.39732168536580675
208,-0.4861014943127102,-0.4941465250475227
209,-0.5653784980142141,-0.45348740519797714
210,0.19768012046353295,-0.5128280749305474
211,-0.1396358100331091,-0.5502589968425112
212,-0.3883306078090353,-0.5251869412308883
213,-0.625897675620144,-0.5128329370639638
214,0.38273758924461654,-0.19705074774867437
215,-0.9314390865854368,-0.3384633079821269
216,1.4481229899816732,-0.20060675955778445
217,0.7097640439328139,-0.2575151239578786
218,-1.4374764910624758,-0.2650195749740673
219,-1.0659729227105534,-0.303305190876877
220,2.269961272600202,0.27040549457228974
221,-0.7456552177075149,1.166328686329724
222,0.14714819971024734,0.3669913178817367
223,1.2346200589419503,-0.02276236489112056
224,-0.4317493142913017,-0.2628133419689262
225,0.8630788102295128,-0.2160629352199523
226,1.8101572783207716,1.44091803202735
227,0.8634672065478597,0.2691234440314532
228,3.309548348212107,1.5618041996368908
229,-1.3579889783141263,3.3888012589670478
230,0.6755465897946505,0.7643630385312818
231,-0.052036291152393443,0.014750201342271188
232,-0.6834668958749284,0.21780290742342523
233,-0.24704560136904752,0.15659529231194613
234,0.8252673559779427,0.580512741976565
235,-2.4019711942685666,0.5147450042080628
236,-0.7829499857529327,0.16359237201713678
237,0.17357551120757664,-0.22960385742857659
238,-0.15386827582524507,-0.3972524942908809
239,-0.485360943885029,-0.36468542630335243
240,1.412295857907186,-0.3218723242504537
241,-0.7884082124444627,-0.3435508844005931
242,0.11173931276409327,-0.45188626230590845
243,-0.006723605105980829,-0.4956057522452267
244,0.12802019843308682,-0.5306684050177313
245,1.2375117772204138,-0.24637869600331652
246,4.18800548431274,3.0632934576050896
247,-8.337951229231741,4.927136007648773
248,-2.8848134238684735,2.6035415066117658
249,2.1719195893342405,0.7372366585661141
250,-4.374431800028594,1.2918946981790567
251,-0.28261287193980916,0.23042723046856634
252,1.112271248799297,-0.17400763347754206
253,0.3371921714296957,-0.1881382427896442
254,-6.007254112402931,2.0875206858556377
255,-1.7410931720524658,1.342245551393444
256,-5.4666502319500925,2.4090179771252105
257,0.7802258284848842,0.5223240496779344
258,0.7140496997629608,1.111011251959926
259,0.6131985522778693,0.18231155370893876
260,0.14717598371577967,0.6993300156124884
261,-1.3127393296154672,-0.06998486383016266
262,1.3067970036391636,0.5837357307603555
263,0.5155983790545197,0.275850988418244
264,1.2307027633541379,0.0791605752957462
265,0.2995053023231665,-0.3568037452971697
266,0.4527896034680682,-0.2990182026534389
267,0.261054577718034,-0.2485083602622662
268,0.3003327215114716,-0.031036248170679744
269,0.13424998885100325,0.35637739015986
270,-0.16390061283010918,-0.1556332679169487
271,-0.3790374254506318,-0.0989167961718083
272,0.6374028771816688,-0.12455184875775921
273,0.47533203567213067,-0.3256173780414097
274,-1.2702568339042442,-0.3982902110650982
275,0.4767461530512723,-0.38150731455779735
276,-0.9202005787080917,-0.34565694490358356
277,0.5906720119378633,-0.22845832841593616
278,-0.029952868985714337,-0.4697210306386666
279,-0.4413118571311964,-0.4656551663444416
280,1.8358045384743131,0.001162271427519998
281,-0.4845341467045748,-0.576484877445845
282,0.15168816407455127,-0.43260955574747223
283,-0.4489667035146993,-0.5098820698838284
284,0.006078266564569834,-0.5068077853035816
285,-0.9614352737997887,-0.466159713297017
286,-0.07229402326441084,-0.47573411984093356
287,-0.14447359732078335,-0.3700711533002701
288,-0.7065220169062776,-0.2813373379452208
289,-0.6034607419975597,-0.36710950696577704
290,0.029860642756266376,-0.2011410427568428
291,1.3091692908272092,-0.18368124619233822
292,-1.0811780621011606,-0.3203939083750208
293,0.8582794748596392,-0.4224891734949163
294,0.6315618450791698,-0.1865864923239527
295,-0.5375933251343402,-0.45053871390344596
296,0.47716904746187094,-0.20136252173285607
297,0.11207685218172336,-0.4029698880195569
298,-0.38564238479647345,-0.43344097712341106
299,-0.06203817115901791,-0.456419970204422
300,0.7430986839130511,-0.4430959166150791
301,-1.3948313373995662,-0.2068931289730161
302,0.1740752670429429,-0.1336295119090039
303,-1.59630464059076,-0.10475627885886725
304,0.11105340549858739,0.01859881694140285
305,-0.9276758880854895,-0.22074625315858926
306,0.9578570968744375,0.11703051244710343
307,-1.0649207071313287,-0.33957430364330576
308,0.3974416320628176,-0.4000873522547173
309,-0.4755845884201629,-0.38363669155173097
310,-0.004015888024772651,-0.2044461588233304
311,-2.1213197641907495,0.4492964328004639
312,-2.267052681510435,1.469972153452661
313,-2.0776997982168814,1.721926292093707
314,0.17337837389246658,0.06707555406948644
315,0.6509031687322262,0.16954487871395502
316,1.4916814118102408,0.7281343469075079
317,0.3611906110267491,0.17160344172211667
318,-3.694137270436841,1.418805510880901
319,1.6334860026644256,0.3036585684221698
320,-2.3180900188655227,0.4323781248395618
321,-1.8488004882663123,1.409529842663395
322,1.870624635817785,0.7005135929951666
323,0.7067219292080344,0.2859131052395971
324,1.4682875449258983,0.30352605438443464
325,-0.10304348448426984,-0.09591831926616626
326,0.48622925403101,0.10164381535425006
327,0.691044412921614,-0.4133945449155784
328,-1.2355033590458493,-0.1141748572336099
329,-0.7842071793591535,-0.20322724451443153
330,0.40762423687517146,-0.3129053197514065
331,-0.1950397888550914,-0.39109795202987296
332,1.3411781012396389,-0.36130539920741617
333,-0.9759643356573595,-0.30847207192362436
334,-0.8428365403024853,-0.48667928050697756
335,0.478527923720102,-0.49387406222616886
336,1.8384646164620193,0.05362030665616939
337,-0.036516651705014974,-0.3338984784510176
338,0.5841967372877023,-0.303813809922135
339,-1.315015244060231,-0.15975807439152145
340,0.9488984906960674,-0.33571808687499155
341,-0.600174352416659,-0.2840720667714147
342,0.14739828818953177,-0.18648351348377012
343,-1.0821619465027077,-0.30308390586887873
344,0.9708025246874012,-0.47686579056709766
345,1.023720935810482,-0.2243411611253907
346,0.23259905070648085,-0.30417871406308816
347,0.17635329016961676,-0.5308913015214055
348,0.05813539058740058,-0.57126787667935
349,1.2621919514779134,-0.3337740870621362
350,-0.2936951772960819,-0.3919949691114194
351,-0.16150027737475867,-0.5025506451356103
352,0.044393539285017214,-0.5315449482708366
353,0.061537946392085485,-0.6053681315414103
354,-1.0518642504246092,-0.3970585074524124
355,0.7451455257709818,-0.5819610234447163
356,0.3116463051695164,-0.5251307267568412
357,0.9630597029991292,-0.22083019904272683
358,-0.645959885321554,-0.07599361585854451
359,1.0906605957039148,-0.24639031853951826
360,-0.33734443727639074,-0.480518408466901
361,-1.4186528020629134,-0.3154656553843537
362,0.6221726625974646,-0.544623911286473
363,-0.3642742042565028,-0.4645701218168642
364,-0.7371875099119797,-0.4248505993840737
365,-1.5602040415429836,-0.07752351131690369
366,2.1886070283491237,0.09611732581913178
367,-0.4578387377558874,-0.3880496282351262
368,0.1362726209870102,-0.5773628708389287
369,-0.17048782434603982,-0.5539226098816048
370,-0.33583803111730376,-0.5128711077181631
371,0.3649617263181678,-0.5315446945885081
372,-0.4503860259155109,-0.5067935729539191
373,0.3816691310550808,-0.5691742860304762
374,-0.5812794593015386,-0.4468680124013704
375,0.4387086465166681,-0.5260202687176251
376,-0.42578139156342665,-0.38477989987598643
377,-0.19594168282153043,-0.5767338494117683
378,0.4576862444747769,-0.46052791865836634
379,1.0749388401167959,-0.45095558170721745
380,0.726381662222369,-0.37522164148013365
381,0.11527126048998604,-0.5059066366526389
382,0.2698716731370565,-0.4023610959461732
383,-0.2008787678341915,-0.5166620020302551
384,-0.8825724560761108,-0.4583052613540987
385,-0.42263166516345163,-0.4842060150974082
386,2.216705083926929,0.30562184490509553
387,0.30470318422232856,-0.15636657135307136
388,0.31937251975630243,-0.25795233152774444
389,0.7816775811282433,0.16563702914679845
390,0.7528806787918234,0.20675327806711857
391,0.05194629144587504,-0.12480800698042298
392,0.3866518789775768,-0.3850490101357424
393,-0.36827142051739864,-0.31226488621416937
394,0.04995429744705793,-0.23146951566972723
395,-0.22473217249228378,-0.3726835754216821
396,0.6207328408961181,-0.37915132105253035
397,0.045879100055452704,-0.42065445389891404
398,-2.8467035805349,0.6084023512801556
399,-2.988643155466672,1.7054925905844582
400,-0.7562405628726218,0.14640367562524909
401,-1.1737914698565723,0.6304515974834697
402,-0.890484979178756,0.4032658106683407
403,-2.10626540696067,0.45305298391067256
404,0.33099960203739454,-0.01867059457165217
405,2.652052263967655,0.28430437577582507
406,-0.5562350900845272,-0.02536479292471905
407,-0.057156028338672754,-0.295967739150625
408,2.068094604127807,2.537960065915541
409,0.5373569353010957,0.14175338134548576
410,0.06116047361843224,0.14009978797069061
411,-1.344375096842799,0.09454367765617581
412,-0.9130631416663246,0.19890844365857974
413,4.367625277196769,1.4461009444779396
414,-0.9615396772182591,0.29589225924832335
415,-0.4140089593229444,0.05071545934199677
416,-1.0205725880580139,0.09166918386775506
417,1.144048670212106,0.5082883128457386
418,3.3523565037510505,1.3128639356206917
419,-1.3214422185645667,1.6802953674537018
420,-2.2989164953154324,0.9503715421164376
421,0.11869381082406244,0.45246522646801174
422,1.5723668712365484,0.1866286919487002
423,-1.8388199234568612,0.27550538981135797
424,0.22366731690801145,-0.1915302001750523
425,1.039960455494294,-0.2724602174474308
426,-1.0243739171216226,-0.18577949339448474
427,1.1683719451481638,-0.12868907814854508
428,1.985100817883429,0.3176598866488162
429,1.3566098182750224,0.25466019683795177
430,-1.5786256610491283,0.07225030122141864
431,-0.09737693713804224,-0.3449424594951703
432,-0.5262207909137084,-0.2795075994107521
433,-0.12729205640807642,-0.4374097756995868
434,1.0863085289079988,-0.42945225403342024
435,-0.42040007631116283,-0.4303831266217889
436,0.1024978494282841,-0.3931953082425409
437,-0.5787597450985656,-0.3793704389110842
438,-0.4568158453111311,-0.40265399382095063
439,-0.32542058533485885,-0.5458778533132864
440,1.0703750791656916,-0.3661906817598219
441,0.23829855876863526,-0.5147488572345112
442,0.36287058500672686,-0.47281492398679326
443,-0.3131475179346318,-0.4864476368213809
444,0.7428853565188407,-0.4927986849570441
445,-0.7536202995196448,-0.4727921419889178
446,-0.08501684309197136,-0.5915838127690629
447,0.12767073774907134,-0.5836646857883385
448,-0.34175642598149536,-0.6143697080622762
449,-0.18037146386930472,-0.664628652070008
450,-0.968963959415436,-0.3769727359538053
451,-0.4013389586724842,-0.39048570158857965
452,0.14279771450824286,-0.5485013619722002
453,0.43061847580343193,-0.5478826046536578
454,-0.6723136379516392,-0.48189723816290814
455,-0.027140252930147546,-0.560721552825357
456,-0.7177972948771763,-0.3972431789334558
457,1.2121371472132243,-0.4714875729794742
458,0.38226981498467316,-0.49112660577797357
459,0.6156462283754495,-0.5099673728230447
460,-0.39980404338482556,-0.6322863811414925
461,-0.4152681051971255,-0.5650670624914692
462,-0.5106471540283068,-0.5825101447844534
463,-0.4060929517098142,-0.6181910340320144
464,0.9198192946568851,-0.4990027152974295
465,-0.5338617705687249,-0.6118558747103566
466,-0.43946978870267983,-0.556233560944263
467,-0.44094386007422925,-0.5710599537901464
468,0.03456372650401024,-0.5888586604269483
469,-0.30496153140569715,-0.5387650944574184
470,0.5749459232296132,-0.526417848608361
471,0.07329901199007,-0.6507252559315326
472,-0.6007834875254274,-0.5044718791168593
473,-0.33963814718155694,-0.5256683225532021
474,0.2996542875883115,-0.5263320644733069
475,0.4796917504484731,-0.5903334842109892
476,-0.47321294307429745,-0.5727223881009564
477,-0.30516773384146995,-0.6306409220272484
478,0.1068034613950346,-0.5896370611013073
479,-0.21128009436578477,-0.5960905209892051
480,-0.9979455787606185,-0.3453567540678965
481,0.41577330868321516,-0.4810356867971114
482,-0.3405341597854272,-0.44600865823034513
483,0.6840770763211041,-0.5218200237041462
484,-0.11240757476636151,-0.5651199419431857
485,0.16774671005081615,-0.5372756642986417
486,-0.19186918757190286,-0.6076833598805281
487,-0.35600344024676484,-0.5352324105565806
488,0.5253695679718675,-0.5708210928425652
489,-0.12289062108155753,-0.5538282028424768
490,0.7441245457210941,-0.5580219024199335
491,-0.1546051458237961,-0.5130382057891572
492,0.12235982255076261,-0.5799463758020501
493,0.18329747806051488,-0.6039732291332511
494,0.08218945988649456,-0.5347489286163691
495,-0.4051161477243581,-0.5677143320577601
496,-0.5800589565948595,-0.4722502707617189
497,0.018073662222243214,-0.594861249757088
498,-0.5983556069577832,-0.40906951490319954
499,0.4146534128874485,-0.44475388667491084
500,-0.2750237433705862,-0.5179761334117694
501,-0.00966020060215611,-0.6249972471898944
502,-0.0966589340580678,-0.5243099213495306
503,-0.20999158235144239,-0.511487459688009
504,-1.3656518855698931,0.017818022905955536
505,0.3312464403621841,-0.34228983664612667
506,-0.9052751464621271,-0.46085017644732046
507,-0.9059694996318935,0.023407960526180965
508,-0.6954320608236201,-0.27951506401295645
509,0.07132573248526519,-0.29691728820059543
510,0.27464175173717975,-0.2269271980527222
511,0.3202302682831182,-0.5549553254712216
512,0.060428355295436886,-0.39356918370855176
513,-0.20710330761125537,-0.5403679297699027
514,-0.8519546880615261,-0.4264732931129006
515,-0.24644614597206643,-0.5200840806449982
516,-1.1442290713757628,-0.21188662656099044
517,0.8199580432758571,-0.4358860875830158
518,0.39850836065962336,-0.5068621052753095
519,-0.155349823961786,-0.5621110839159442
520,0.34460267925779053,-0.5310289551762307
521,-0.2617639429691409,-0.6197627249760973
522,6.568670946457966e-05,-0.6550819589271262
523,0.7050878108920635,-0.5604492304297507
524,0.09631152734421594,-0.5974103179969259
525,-0.4382213821458853,-0.646687813948712
526,0.8187722758428038,-0.6387436180078255
527,-0.3853191119955827,-0.5727173053953177
528,0.15417961723476697,-0.6198807846059914
529,0.12145616911777118,-0.6592658596973101
530,-0.056581468817151925,-0.5769631570818622
531,-0.34671039336298526,-0.5609493728684116
532,-0.426335446503477,-0.5516750070437341
533,-0.4409673000026488,-0.6145417848934738
534,0.426542534271104,-0.5773453699621434
535,0.3427993974371485,-0.6244543710159356
536,-0.017343856331946184,-0.5192144003088587
537,0.033844689316643806,-0.564915205949598
538,0.21903995185578612,-0.5347023992664588
539,0.1842374447958719,-0.6233845089725222
540,-0.6627447472364585,-0.5531590593606983
541,-0.44616584710330753,-0.6229957186503421
542,0.4619640676603558,-0.6348025517855657
543,-0.2471955508014679,-0.6532999783385756
544,0.3134374788543236,-0.5296221160978144
545,0.3184217270879116,-0.620321231450541
546,0.13109368915182662,-0.5199649839155661
547,-0.09948415034459537,-0.5135077876982052
548,0.3836352876822029,-0.6234862973778043
549,0.5623317106908879,-0.5336563047215315
550,-0.4916466363962181,-0.5127812980829266
551,0.397797252092731,-0.584841393953712
552,0.11935196948490773,-0.5305891129323018
553,-0.20913996681923125,-0.5799114380514225
554,-0.04665501054305399,-0.5779615644893101
555,0.3658914807734466,-0.5874962907736702
556,-0.7994982207062389,-0.42958394943624495
557,-0.24937281925450785,-0.5948695589341508
558,-0.29989445659176633,-0.5261051437162263
559,-0.21620259318202406,-0.5312741094360048
560,-0.13134575946836582,-0.6190741144123572
561,-0.382855619819385,-0.6292568889658021
562,0.15995428201241013,-0.5702467325991025
563,-0.4290909134685663,-0.5592754240709001
564,0.04586044649280607,-0.5178225921301339
565,0.39407675278207144,-0.5370621766498562
566,-0.4089438773006808,-0.5674860065089574
567,0.28737374185958187,-0.47084791446612223
568,0.07300478492496393,-0.6325353674323677
569,0.27858058044898837,-0.5999857676758145
570,-0.2803287996334536,-0.5225179624910531
571,0.3673838842062893,-0.5050725611724806
572,-0.39339237871005595,-0.542392164576023
573,0.34765629645176777,-0.6669404518410067
574,-0.3220678475312919,-0.5974599210036857
575,0.013231170203841791,-0.5951184947797802
576,-0.7452734335803238,-0.45540035613270907
577,-0.6014877492803039,-0.531933071641245
578,0.13168405516380627,-0.4774805767552296
579,-0.5997700242691505,-0.47514851853515816
580,-0.12998103996166116,-0.485075943194935
581,-0.14364324132330408,-0.4658931922756491
582,-0.7493813254787764,-0.4057108163711402
583,-0.2994903964898763,-0.3222052879681224
584,0.8949197975688843,-0.4349474553871806
585,0.32514107989244834,-0.6142633104309929
586,-0.4626306436895453,-0.6030923338789587
587,0.7304689837908946,-0.5711812333741421
588,-0.17748382736511686,-0.5650917450680591
589,-0.21813676663892612,-0.6435045843261349
590,-0.5465805013282815,-0.5412758649589329
591,-0.43327695131400223,-0.4275341374350658
592,-0.11767488497713349,-0.6204499407866174
593,0.4577196922554774,-0.5708971003194306
594,-0.7025274747095933,-0.4378578593019283
595,0.25135494956825283,-0.4947210799911172
596,0.17400556380981175,-0.43386813480537617
597,0.2585535727967345,-0.5506709295101807
598,-0.1975874563026499,-0.5499560703765103
599,-0.14498598778030664,-0.5336132710445308
600,-0.7409144449152386,-0.4370111626242885
601,-0.48274999375116234,-0.4795802310083476
602,0.07964474080471073,-0.4095182446260723
603,-1.6953420182751384,0.1153130256302982
604,-0.7297547589027423,0.036023269491903515
605,-0.9538999106788227,0.2355164325670494
606,2.1881597203463268,0.546777198305282
607,-1.3596053716250118,-0.09919094029970688
608,1.2127744380063232,-0.16767266202684555
609,0.7005786143928985,-0.23723828107337902
610,-0.7952898988351262,-0.16240478114435547
611,-0.7842328003204981,-0.39668362409178315
612,0.8670575568890841,-0.34967803098680844
613,-0.5324983372777026,-0.4319803599639793
614,-0.6986784815263953,-0.34406437726980016
615,0.09642335334780788,-0.29463866010009154
616,-1.0506250928503689,-0.4270062236680928
617,-0.6500386399479319,0.12727822993473153
618,-0.8875922434863004,0.07896521118814208
619,-0.3920555126557732,0.1110807918518056
620,-2.771468258137768,1.4774535795339547
621,-1.4918553014075933,0.9745587380295295
622,-1.885818680399706,0.960129320209895
623,-5.323596882224848,3.4871444712739788
624,-1.9073851043747199,1.3837228852027534
625,-0.8687145595416198,1.6933125695177966
626,0.5261099039728826,1.6311617829755405
627,0.3607037179564272,0.7608440406948213
628,0.07470809185826993,0.18296151684944523
629,0.9826481369221769,0.2326036767551734
630,-0.7054558974111241,0.09729433345147813
631,-0.291434251549069,-0.2940214394787842
632,-1.0549093164877041,2.822585463265205
633,-2.9552035460332613,0.9835578056145309
634,2.454907113515801,0.9461576745522216
635,-0.2840095624939945,0.11197026433470274
636,-0.19882494524733013,0.06431950589701972
637,-0.9822424930696185,-0.3120164123732068
638,2.1219529197827725,3.082869345517961
639,-0.3226512366261512,0.5316029239294332
640,-3.7906392845947843,0.9082230663668611
641,-0.4846338536913229,1.0014042874544329
642,-1.524004423153715,1.8128746946667391
643,-2.1063701642140367,1.9431200234692114
644,5.135810505776407,2.3414273389046687
645,0.10562533772812976,0.6344729039698523
646,-3.0854101354542913,1.3821912673608432
647,3.4532763513766143,0.9327069515419082
648,-2.0219346890955405,0.47025151585835895
649,0.9430990790876912,-0.06920534850962308
650,3.0565934421601537,1.1448796868931228
651,2.2379886395385786,3.696863333892971
652,-2.1493987342546554,0.5476886773198544
653,1.7568859394860286,0.35787753288545293
654,-0.6975083849563367,-0.1692829197857745
655,-2.044133784019571,0.36809608143371025
656,-0.9031596244985982,-0.07949253208775937
657,-0.0680415382954962,-0.16076747225573076
658,-2.13056195976634,0.32315289929524
659,0.4955584979746168,-0.0803829281234359
660,-7.2471956061458425,5.0480677976264
661,2.8665124126417916,2.3015440945093997
662,-0.581235694207438,0.5226753337468809
663,1.1880612365447696,0.5327653760659856
664,-3.2481707491867122,1.2042006585976308
665,0.8355602585517079,0.2874652862010885
666,0.40322139623319564,0.44922891046570684
667,-0.06622986086937557,0.5675147706011963
668,-1.5029618384280505,0.5449250571348137
669,-0.6137573595840018,0.49218654208848983
670,-0.5551265510832724,0.2736295113972571
671,-6.573193971162354,5.743802734437163
672,-5.320639712430172,4.9599508062082265
673,-3.8627564621910895,6.2029919553961665
674,4.728728519215542,3.401331456212009
675,0.11802359604281454,1.1072504967683001
676,0.7748149124640338,0.8028690825771295
677,-2.072051039301644,1.5265090021078984
678,1.9386220929591862,1.234890643543781
679,5.732754678306227,3.231564167276345
680,1.99954252690629,1.64691026439601
681,-1.9466278344494001,1.4210884069185103
682,-0.9383163287951948,0.39073735706837104
683,0.9232260586602399,0.48622479194067586
684,1.5691924424526142,0.6753341183273147
685,-2.1042251176276894,1.0141097568227293
686,3.9240692232872996,1.3424452976106744
687,0.8143940180733615,0.5916356310292457
688,0.2759587194319948,0.5722344897440197
689,-2.3521647618969976,0.3536678384281697
690,0.7640521864435796,0.06444168904933818
691,-0.40731178342256097,0.2200117372533263
692,-2.6604752842106105,0.8794749939326575
693,0.4015666850992605,-0.22371377949081195
694,0.23071439174176706,0.03188515827635656
695,4.964009614832319,1.856506987194531
696,-2.522674169968023,1.1235415920097291
697,2.5084806473665147,1.1467937447970529
698,-0.7167878808944826,0.5143003221923567
699,-1.5331940372621913,0.584508794333404
700,-3.9032124150903567,2.0840564295862842
701,10.78170382557315,7.230878875244315
702,7.258021299346893,6.116124627562271
703,-7.92533535518761,10.440126628567961
704,2.4626183603963874,8.447171124103203
705,2.0781613182565173,2.6204945909139425
706,-4.453274959123572,2.380486257386173
707,-0.27489500648989507,3.8227347920417873
708,3.9776001255173576,1.2907764357438303
709,-2.135281298131431,0.6101474947560037
710,-0.5895324649571634,0.051529070456031514
711,-0.1928616957632816,0.46018339661263924
712,-1.4169091670018457,0.215678422923619
713,-2.4708596291872396,0.8459029590735808
714,4.907105804188442,2.3068654014884404
715,1.3180351966205144,0.43522853092618136
716,1.5178475954206112,0.6789740665468242
717,-0.11233325640694228,0.6317564532408905
718,-1.3229286063980297,0.29078496365618794
719,-0.8005224733348144,0.3390845952062797
720,1.1119954407066657,0.04265735342299358
721,-2.2248410641081207,0.39590476915289535
722,-0.5750235304812774,0.08972059706126735
723,-0.13772632141368402,-0.09530606240618265
724,0.16308996351638588,-0.073702203765805
725,-0.347576534355867,-0.17335895227046771
726,0.9495777767824003,-0.2580949258342844
727,2.062776029972292,0.1747935714563697
728,1.743245694237261,0.10937507293599895
729,-1.1425493597666332,-0.04543199313040781
730,0.0725306034413955,-0.17200565100228415
731,-1.010699605066109,-0.18152072174996997
732,0.012673708868785993,-0.5192637839739719
733,1.1686916882642804,-0.1252441568713325
734,1.510803121542876,-0.09677397311970622
735,0.8676628803994328,-0.20550285308698518
736,-0.035668338716123016,-0.2083780310015429
737,-0.4651827146059281,-0.11411957248732386
738,-0.9129134161283323,-0.1684316367176184
739,-0.5098092358552206,-0.22980063639799775
740,-1.5653935428974066,0.030421672993618115
741,-0.19394868512641283,-0.25065856276282267
742,1.2721722013710863,0.0581875613316407
743,-0.9939420490355264,-0.1455279270289537
744,-0.19567542859601025,-0.3146290416870935
745,-1.4433179234587,-0.14861615189602306
746,1.0381775242432758,-0.07925161969286185
747,2.3467869087376503,0.12986151338987184
748,3.06400652849477,1.0312178586305214
749,0.40383641465119013,0.25008772411726876
750,1.1143144728297911,0.514774473405233
751,-0.7128587393974235,-0.15432451200126673
752,-0.9475986497184343,-0.11102945868370416
753,-0.7585254839501004,-0.14534054330928353
754,0.10403990111338124,-0.4520075084286629
755,0.5235508082714733,-0.23512465012213923
756,-1.6762919850218774,-0.19262612563730783
757,0.3376635104748139,-0.38611893411652887
758,0.6551414483594771,-0.41024662069987616
759,0.8964091457676933,-0.34051575300893294
760,-0.23354505227901706,-0.31813751745894664
761,0.3185834688854179,-0.33957172252013784
762,-2.2113229745845344,-0.10930074951475943
763,-1.2954511644201814,0.15379019913878672
764,0.44545787670486436,-0.4398942578034118
765,0.5976880335274328,-0.3733491120314429
766,-2.048891481557419,0.4343407285907059
767,-0.29939752009471843,-0.36757745297325317
768,0.22211548663274072,-0.2579832445509758
769,-0.7597215815656452,-0.2921174668708735
770,-0.027718664987168157,-0.3644301265777548
771,0.5371234695727645,-0.2398813697312186
772,-0.2954307586735527,-0.34727295595326474
773,0.34953091059910535,-0.32764012776457124
774,-2.040142261631334,0.05917337675358893
775,-0.5048682203739986,-0.1925121635479488
776,1.3124120813807312,0.02356108476644085
777,-0.14432828906445094,-0.4683476452353598
778,0.05973234724586762,-0.2950275651515767
779,-1.01717355280124,-0.20788543579831886
780,1.4740277944450693,-0.0010667332908371047
781,-1.1478255461945654,-0.17944663886728895
782,0.12495054685068674,-0.44242943270989094
783,0.33676137337422385,-0.5000726583745702
784,0.49141635880239076,-0.20750664504339855
785,-0.49891598678672056,-0.4707282741100181
786,0.8069258553008061,-0.14003984130510827
787,1.402751561133558,-0.029347917470190124
788,1.164044141131525,0.43208212384855077
789,1.6765828786070316,0.8629246599657958
790,-0.48204449287732587,0.5167266283514597
791,-0.860110870690526,0.3701882875643137
792,-1.2264449346800488,0.11792101119148564
793,0.48780193553895446,-0.16076214442310105
794,0.5953037046708489,0.5099696417226499
795,0.58359656804894,0.2557724582981531
796,-1.5619113284691244,1.2009171850464204
797,0.5322555153076354,0.19060108202337067
798,0.5521989533442504,0.7670267803400354
799,-2.2392480087004545,0.3214286663367288
800,-2.130476267752697,0.3997059069184468
801,-2.503998809067558,0.9909649952062969
802,-0.2886205091608578,0.4810075618529291
803,0.02832388129932034,0.34204351812943595
804,1.2100529062708754,0.10417957144870242
805,-0.5925684251016071,-0.23824927597245477
806,-1.3723992473360807,0.19009440484235035
807,-0.2041616366896657,0.8038729902667192
808,-4.297910752550754,0.9024373100207006
809,-1.1419573708803115,0.621585913740838
810,-1.5424012641411486,1.5035752519877938
811,-2.116178182576896,1.5949368653722533
812,3.2174053122971054,2.114104697015194
813,0.7115332152851099,-0.004675751988785212
814,-0.8742756997431381,0.17801174612030346
815,0.942156557412634,0.11058734909922506
816,-0.5557000285592704,1.1555989270326033
817,-0.5988767084516797,0.04593422960667379
818,-2.1749204983688806,0.46015534787496276
819,0.2869907134191797,0.27994097016028796
820,-3.0031751224928342,0.6087533021742224
821,1.0774754806540792,1.183337917838214
822,0.2967046094640452,-0.2486698319146437
823,-0.6013673200420737,-0.2750839750291158
824,2.746021210377211,0.8151384130101663
825,-0.26107092356070927,-0.30656149283235107
826,-0.8076257736720774,-0.1927705209227274
827,-0.9489815599681023,0.04163934030578238
828,1.444126998752944,0.011854890072577381
829,0.25801362810501516,-0.546194634612282
830,-1.7314263702001638,-0.0836978658065362
831,-0.3637992164280827,-0.1718089497810889
832,-0.8529111759311442,0.05433021806512997
833,1.004054142795916,-0.28171403878204127
834,-1.35869530373476,-0.38443217062956486
835,-0.5179298607176427,-0.11139884245405954
836,0.08398142895105043,-0.4678078309673067
837,0.1412204800255002,-0.3361436161758273
838,0.7526821923456815,0.3931469596968629
839,-0.05793046493330806,0.016950509854998144
840,-0.5691286855666211,-0.08230672075611335
841,-0.7415875459511103,-0.13564998484027957
842,-7.175757055971232,1.9050488206132337
843,-5.529780384858659,4.719703715342976
844,6.456418670775559,2.642873487011528
845,3.0232055292815754,1.2130498518903146
846,0.7215597391078461,0.577966081215977
847,-1.6849172224012352,0.18936471736477295
848,-0.9741336417387109,0.0621357321154337
849,-0.18487251376521585,-0.07683869081495666
850,0.287994710972054,-0.16496357400190031
851,-1.7806755713066011,0.1755824090937792
852,-0.6962647434458877,0.015383224425917746
853,-0.2974134887000393,0.004221041911561349
854,2.844606237773609,1.6656061820723598
855,-0.6463294110383331,0.1141989227437152
856,3.5254423349089525,1.2180384997395686
857,-0.8088244387913469,0.5830762965533303
858,0.47858542371151247,0.02885949019507804
859,0.9625536081744255,-0.010179687742062064
860,-0.4005500330254121,-0.10753956191609566
861,0.3793107662963372,-0.3815621431124813
862,2.822198942503992,0.6719770687763282
863,-2.127835292683472,0.21309085356753038
864,0.719400442572943,-0.38315399642597964
865,-1.2384199247096204,-0.08157396198824772
866,4.076827409452935,1.7640351911422427
867,0.2920444863052929,0.037023650563927354
868,0.8693449907451336,0.27217917321755764
869,-0.8733049609543149,-0.19793844441099462
870,-1.2081755390940232,-0.028915247816918857
871,0.21241171900806421,-0.3763908945233479
872,-0.44021768597012695,-0.1258458609395712
873,0.4213321097584405,-0.2864180378682743
874,0.05705080042260047,-0.5004606805172596
875,-0.9215134999248693,-0.3677020178830218
876,0.47455472964174483,-0.36362634922770887
877,0.1550073975463736,-0.5192670717266608
878,0.18524694821357168,-0.4129853542902216
879,-0.9887014737036918,-0.2888327795392857
880,-0.4669291883834779,-0.2055468169203118
881,1.0871253114531712,0.4898082294467366
882,-3.566593465448912,3.4140286731742413
883,-0.2782481160854413,0.035647016589306454
884,-3.5884552394130744,1.1515350755353007
885,0.6526593531703251,0.7346266768955912
886,1.2449386359957384,0.20100380602809093
887,-1.4801539863788848,0.16040642408707184
888,1.2277131695799692,0.1285386997540619
889,1.6845952090552068,0.7311126211812529
890,0.7353201125563565,0.6256467369125158
891,-0.8315827546722546,-0.11486488808418406
892,2.862245844485943,2.522434994845585
893,0.9444523001883396,0.5444143002595886
894,-1.6850915991215412,1.1698336519446717
895,1.4436948066755635,0.8695209804487837
896,-0.5776400549543445,0.38356699915241355
897,-2.6834721647000905,0.8260371251052653
898,2.040640879111659,0.587798717042556
899,0.18555381823575834,-0.0350766238116067
900,-1.4197568539845098,0.13755669509610263
901,0.6652019851965341,-0.1882980618364447
902,2.3228936813227956,0.349082063169406
903,-0.8834421831359218,-0.09347465516533582
904,1.2373895190908335,0.14178697177472144
905,1.7975045172137425,0.26079186010818023
906,0.2712938459090314,1.1283886663623686
907,14.253398760643046,13.513916132696774
908,3.5089130169410283,6.032136530462029
909,6.062240508759672,4.331612289440329
910,0.5101997038237807,5.873216284984158
911,0.19047118938546426,3.0889991081870196
912,-2.5726937121999716,1.9123064800718999
913,-0.923959872097233,1.2632737243790826
914,2.2330831050179047,1.1492012937552099
915,0.4537347136725204,0.4114599191025307
916,-0.599711432846517,0.09978321523897797
917,-0.02255260958423616,-0.017121525115095293
918,-0.11479589145340774,-0.15693626891593204
919,-0.378637074436619,-0.160520864034159
920,1.7457483162042151,0.8758219340659517
921,1.5073298884715483,0.8753555218014987
922,0.8543616098439961,0.6077311128221201
923,-0.6964308340129696,0.4405768622573954
924,-1.3470355257820499,0.6068825323648548
925,1.3080067066633851,0.5059024116779041
926,-0.5412459572385109,-0.2537650947849921
927,0.3813552464286746,-0.29899753548231467
928,-1.501766274834708,0.35244676553595866
929,0.09114413112330538,-0.29565338206697706
930,-0.8352848947882694,-0.018548258696055683
931,-0.4410219055739405,0.21880003348741373
932,-0.10642643651773481,-0.2806951465272122
933,-0.5649188704769587,-0.14765048030116867
934,-1.1968543004555934,0.4999008146839124
935,-0.6496208197401574,-0.0976206600684019
936,-1.8240822522267697,0.38236159023324795
937,1.6680445989482142,0.15328041093578426
938,0.10551978485310742,0.02595591359638244
939,-0.8076442589497833,-0.2823876285626309
940,-0.1868945024770273,-0.21017528440890637
941,0.010802279888989852,-0.22973902802533847
942,0.9519964235545815,-0.1987920514683475
943,-0.2719332791628709,-0.24535822878826397
944,-0.5637970460722719,-0.3928768060140945
945,-0.6178467814941069,0.08962502676518912
946,-3.1255899477641003,0.8828562896095893
947,-0.7784452101066155,0.2556667311341881
948,0.7559202608118449,-0.01822156966419472
949,0.31917822573610677,-0.3145715168174753
950,-0.10448157184155821,-0.18635180677184343
951,-0.4526767360975418,-0.2133614557656836
952,0.9118319945361595,-0.1690100183569161
953,0.8587741800910542,-0.26237252088370394
954,0.574526734786407,-0.11714466717567645
955,0.4993878233604854,-0.18253184409313333
956,0.0831707431717873,-0.2326272052931676
957,-0.1327697767690914,-0.34847183622100464
958,0.6990715598104993,-0.1670482518694787
959,-0.5431016819124445,-0.4889194298496531
960,-0.7999681663904619,-0.2659478038008054
961,0.7420948680616477,-0.5321967681078904
962,0.02697171153340705,-0.45582670127424346
963,-0.9172290107814504,-0.210342254328015
964,-1.641604532097279,0.8539701962948527
965,0.3508790070747604,-0.35871820750563344
966,0.5852369998448173,-0.018907361685472475
967,-0.09360547381637294,-0.32862113451933705
968,-0.7583244460517804,-0.23418835790272885
969,-0.24417047395788433,-0.3427778945377313
970,-0.06202877159269429,-0.39874156366779057
971,0.8781211270227234,-0.08450190306182033
972,-0.11105278556150056,-0.3525598148661714
973,0.9224417867806121,-0.23350359144745758
974,-0.1280975337630731,-0.3369031338632497
975,-1.510216295942306,-0.2763005390576778
976,-0.5135312304063808,-0.6160478504464068
977,1.1672801390732341,-0.13426060775715087
978,-1.5664340291969119,-0.2585981992734357
979,0.1155515425140603,-0.34177724932523496
980,1.0872621637385813,0.07410547657000359
981,0.3906419623807571,-0.3551599834705164
982,-0.11655623790819891,0.3537259603509772
983,2.3458601576388083,0.8659728697751248
984,-1.077647430958533,2.47518442887229
985,-0.7529580005986329,-0.020864332259732596
986,-0.4346505941935132,-0.2990080363222676
987,1.0744385513974262,0.1270537263621907
988,-4.733074647145537,2.276290392954443
989,0.459941387694516,0.34105537741818226
990,0.4292242910866506,0.4376279058011699
991,1.1489100391649698,0.4364860949173884
992,1.1334120785961197,0.1651324220186156
993,-1.8544911284301593,-0.05567581058974273
994,-2.237870342266777,0.46927027561890694
995,-3.5897374644407463,2.323167851860304
996,-3.7135735256404474,2.2553816806942164
997,-1.3507830151231732,1.3892955071091473
998,1.4071191324537937,1.7834463381445025
999,-1.4557289484716587,1.287240244680127
1000,1.9176967687415027,0.659634311354854
1001,0.9341979603125885,0.09530407715604149
1002,-1.7230794248917782,0.4535631811943362
1003,1.3577850715073094,0.06469781044944804
1004,0.3854566479852003,-0.21214286503101198
1005,-0.005138973402176061,-0.285156827516646
1006,-0.0641043720779843,-0.26081798535032624
1007,1.7370900602308819,-0.007713681372571515
1008,0.2816270111963417,-0.23757770661264832
1009,-0.41278091811667456,-0.3523771640170512
1010,0.12556015573775386,-0.4504988964707071
1011,-0.9632457338365161,-0.10172605114729934
1012,0.03977243508480177,-0.45564072805861594
1013,1.0094746814143176,-0.12171075367656654
1014,1.0956415328568017,-0.07164492406179544
1015,-0.9597666613062187,-0.2187687625893428
1016,1.2963456579098078,-0.3707105156772373
1017,0.20059811735960698,-0.3594989014011319
1018,-0.31693954562251625,-0.4947639616519149
1019,-0.4830139592601119,-0.441371053214543
1020,0.14565516944582269,-0.4198516746867752
1021,-0.5127022970615016,-0.5579412734435388
1022,0.2531936663986927,-0.4218005124792982
1023,0.008064503449269456,-0.48085417044212264
1024,0.7841469876210885,-0.4238778873004286
1025,-0.6920824368129562,-0.4505363547074665
1026,-0.5151211240641353,-0.479394006968264
1027,-0.19535236030294256,-0.49806092859303763
1028,0.7253249364157486,-0.486250803365921
1029,-0.2507787138243434,-0.4531391466643039
1030,0.8076536208393774,-0.21197124291617342
1031,-0.9144405867178627,-0.33355660655376745
1032,-0.10005133675131006,-0.37540439135693177
1033,-1.2985051871737376,0.14690023486274867
1034,1.9346970231096638,0.13580017592403376
1035,0.31098706263759945,-0.3206446951013391
1036,0.6982893155087195,-0.11129210725250974
1037,1.9946479105097406,-0.022530175085751267
1038,-0.7805238990313668,-0.3313211528419668
1039,1.622750801841554,-0.07462647292646818
1040,-1.0860962708196276,0.02617686933627593
1041,-0.4256540090383589,-0.31625589217266326
1042,0.552869727462874,-0.31217190894705227
1043,0.5254422664609587,-0.4173118746307056
1044,0.3340619892708636,-0.19776650941337065
1045,-0.09263370694429024,-0.44443738512205383
1046,0.6458675760850117,-0.30290196085797577
1047,-0.0342424698527502,-0.4556941869398535
1048,-0.6168270055809766,-0.3498414467977554
1049,0.24608999008085808,-0.516105306612197
1050,-1.0936770410875958,-0.5094712497435128
1051,0.7341392127341163,-0.48407936861905615
1052,-0.2404876889453912,-0.45795792039752026
1053,0.5039669400672291,-0.38529004635440595
1054,1.2701292472880392,0.17596844737882028
1055,-0.7633142166992387,-0.29703669548965883
1056,0.39471355694217636,-0.23416092219837636
1057,-0.22337923770784218,-0.17963602390042366
1058,-0.44018528412061675,-0.3911663589102126
1059,-0.63737235486238,-0.31884927967960774
1060,1.4507066701953717,-0.24319845586904731
1061,-0.4293785045758912,-0.4367005256445983
1062,0.28379345764614927,1.477805905564049
1063,-0.6040190263136027,-0.15292304329923334
1064,0.5335332172970477,-0.2107227107875686
1065,0.0346278444913094,-0.22637768194557145
1066,-0.5892634611878032,-0.2145596812867055
1067,1.707129960067114,0.17890603565784285
1068,0.6627757324460488,0.04840279950124682
1069,0.9262774415230712,-0.002720612863587754
1070,-0.5822820118400832,-0.20878766224375778
1071,0.8535165695114695,0.27105809535209513
1072,0.06864688849679962,0.5544631263425736
1073,-0.11686668159781122,-0.13454563848187095
1074,-0.6246364562006144,0.011203548829042079
1075,-0.7630370858948828,0.05904537430536165
1076,-0.17465849620546284,0.14958444003822108
1077,-0.3978603334759502,-0.33137351032467655
1078,-0.4860884493085351,-0.19326101030076376
1079,0.6705761412268672,-0.2592732716489052
1080,0.23418576489435416,0.6084700456277521
1081,-0.7226735005960179,-0.143452876851767
1082,-0.6442195965766788,-0.11260634228279959
1083,0.5618393014570455,-0.02462042068711938
1084,2.66091139769811,0.9412936851920852
1085,-0.0813752913110943,0.2242115616353742
1086,-1.1416474326478474,1.240502310752349
1087,-3.3734442829314357,0.943946161839528
1088,1.8180385693456915,0.07276633680278348
1089,-0.27013593796839064,-0.20230435014027554
1090,-0.27204414967587354,-0.057386577252091314
1091,0.7747606330331234,-0.2034464427005616
1092,0.9210995711251275,-0.22817301449606453
1093,-0.04413295853939886,-0.39595558445819073
1094,-0.9906934283600611,-0.3416442913077825
1095,0.07482401775196384,-0.371496825163399
1096,1.9896447301283287,-0.03812715047450822
1097,-0.745782371693032,-0.15877635998578116
1098,0.5492737198005563,-0.3437605662799053
1099,-0.16171887676791297,-0.19909222925619635
1100,3.482308485891999,0.9769995545786507
1101,-0.3144005448628986,0.3848424525832442
1102,0.34431560321147003,0.2777516868289024
1103,0.1305674436929284,-0.02688190699594889
1104,-0.6378497488401762,-0.2116465744301566
1105,-1.2027435996471767,-0.11862349909894374
1106,0.9683061347329267,-0.3561192251234555
1107,-0.49500021150028173,-0.2902374378384056
1108,0.15571454738382418,-0.6098821352429811
1109,-0.06795690733758908,-0.4497402010108341
1110,-0.3261349772500085,-0.6143426499281602
1111,0.8096196985506854,-0.48952244191050936
1112,0.25893531402490366,-0.20826265001334887
1113,-0.4076732309286027,-0.513163943677581
1114,0.327035236825461,-0.48095584513830664
1115,-0.18030067437993455,-0.3893233815384222
1116,-0.7476179337397317,-0.1256672796701328
1117,-0.010936598022236038,-0.5799438668001238
1118,-0.26773038294905654,-0.4473203286113003
1119,-0.07433768721359399,-0.508133768531462
1120,-0.43097405549757467,-0.4802815773661168
1121,-0.05255601319520797,-0.5009682309352018
1122,-0.8236646040108538,-0.4481255909185198
1123,-0.527956083534906,-0.546845465979161
1124,0.6971139720284953,-0.5927537402294006
1125,-0.016302606500968098,-0.5122271554462591
1126,-0.7441026366107485,-0.4479408596882402
1127,0.46225988479410773,-0.4783766927302861
1128,0.3984531095016778,-0.4860090185722306
1129,-0.6921362437919125,-0.5152050346635424
1130,-0.05366582049470575,-0.5484267082170989
1131,-0.7204394120482398,-0.36776942175732336
1132,0.5454383665635888,-0.5752662080663609
1133,-0.22650291599998928,-0.5983104427265755
1134,-0.44264979816151984,-0.5354102265579231
1135,0.27485954144997615,-0.580558960570254
1136,-0.05056729500056245,-0.5734575718629124
1137,-1.5309324364854884,-0.05067133933498716
1138,0.5050266176596758,-0.5374463660251315
1139,0.2923491614456284,-0.6125752476581283
1140,0.388952727758341,-0.5066467085397627
1141,-0.4441652626558014,-0.5143042833624871
1142,-0.1419547503445665,-0.5847319789886652
1143,1.0430057161856676,-0.5602455185509885
1144,-0.11999613459098746,-0.40418640466352
1145,0.5766058369962586,-0.4269292969134014
1146,0.4021822777061377,-0.5343805284987475
1147,0.29542915744498455,-0.508681141870041
1148,-0.03723907823825878,-0.4701397389373219
1149,-0.04660574777198559,-0.5251512426654369
1150,0.8386340457033095,-0.32782824784454895
1151,0.1690056750671839,-0.5175774089308051
1152,0.3898143120317442,-0.40814431921926375
1153,-0.7840102553529703,-0.17961430786462002
1154,0.28327235550835694,-0.38624938967733397
1155,-0.1401462381537272,-0.4829186991882779
1156,0.5679592339500178,-0.29124902913685213
1157,-0.032427736988765,-0.4603777218159981
1158,1.4241165472948105,0.3632055748835493
1159,-1.7185401138232077,0.06454878716400762
1160,0.17112017318118966,-0.28601277798300856
1161,-0.1601508715499988,-0.48558788772276257
1162,-0.3664281846693627,-0.47428862340310823
1163,0.11953831161441386,-0.4806279866464133
1164,0.5029228389810116,-0.5117637122321954
1165,-0.20070713167125942,-0.5218849417109864
1166,-0.17113648366498094,-0.520205422480128
1167,-0.0075055833356533486,-0.42002089689479893
1168,-0.8564123972896523,-0.37427315066018796
1169,0.4358726220249207,-0.5332805872449656
1170,0.4784275669627175,-0.5263214781622438
1171,0.21541598253948302,-0.4584207862516751
1172,-0.354632203556782,-0.4879699114616745
1173,-0.003559718591856331,-0.5837326793427272
1174,0.5663854537697417,-0.42756972299600055
1175,0.1980563826794664,-0.5111594460723395
1176,0.31756598109044254,-0.2987803501298449
1177,0.11173475197606875,-0.45384157285801136
1178,1.2317497929150785,0.28483064344877396
1179,-0.38587631096993946,0.004825333903046916
1180,1.3815299736406703,0.4036791367814732
1181,1.2291023695933718,1.2327993942373905
1182,0.7239430105354671,0.7282182917711462
1183,1.3265713936250345,1.0697766419416657
1184,-0.16143830718874647,1.4157950578571001
1185,-0.3155671152121169,-0.013010016500847599
1186,-0.8121260706920952,0.1967751858245208
1187,2.0120154643657813,0.4796589906237116
1188,0.4657517162085705,0.08771654094649371
1189,-1.3389312133607842,0.2396667979703292
1190,-0.34075229997828865,-0.12142352155001945
1191,0.36006788375863297,-0.19510607777710537
1192,-1.5345491089230858,0.21112272808645322
1193,-0.01810803536936656,-0.11927420988785238
1194,-1.3638457211291104,0.033840919816633355
1195,0.5098204313450858,-0.27031601448798426
1196,0.6743598048585555,-0.40491592528868275
1197,-0.5487608386321415,-0.45277609521451395
1198,0.47880452823927233,-0.43275346108816676
1199,0.9571940202876914,-0.2714971008420542
1200,0.218071830299711,-0.47109812719566774
1201,0.3649592950725611,-0.4091781137019483
1202,-0.2313493206774085,-0.32327427588283125
1203,-0.4279263627149691,-0.277392580441631
1204,-0.3558944966847934,-0.3796643319311568
1205,0.1580655066498205,-0.5415480001536038
1206,0.7618143243546978,-0.40071793718446935
1207,0.3781936671576007,-0.5744960113198448
1208,1.7669021969648235,-0.1428272556901708
1209,-0.8609687979689667,-0.06511412664367913
1210,-0.3034660169810953,-0.39640483705684787
1211,0.010496609195205342,-0.45047355261898353
1212,0.2702468284466252,-0.38972005393942616
1213,-0.36656451393278333,-0.486261158621128
1214,0.6017128559080424,-0.47136133776852
1215,-0.1975578766961495,-0.5272847933869376
1216,0.10754224936016565,-0.5667345710369992
1217,-0.849537659043855,-0.5374985982701584
1218,-0.5975006997692287,-0.19696407176930625
1219,0.023271299395647316,-0.4410031589064531
1220,0.06294070334631097,-0.5560099318813315
1221,-0.02728106880294115,-0.4291762246386883
1222,0.5449220435236426,-0.5359668807796228
1223,-1.334339868217498,-0.11178704610836979
1224,0.3612385190828239,-0.4151422387233553
1225,0.6701850427096977,-0.439244447576192
1226,0.5779561264043848,-0.24802638821655804
1227,-0.0390451033371923,-0.46163464552131456
1228,-0.6789249395277599,-0.2570555555717658
1229,-2.245814003705962,0.3289914449973827
1230,-0.3017791327374672,-0.39963751998902136
1231,-0.7685738928096936,-0.11002122846160381
1232,0.9463055607614836,-0.37983071127894524
1233,0.4055090501023966,-0.49943981852868713
1234,0.063563822972999,-0.617196925509252
1235,-0.6542665442778919,-0.3039746316013636
1236,0.7000988009688188,-0.5103591803935542
1237,0.11481161061369072,-0.31344991698038477
1238,-1.016791713423936,-0.33946777989239857
1239,-0.19988368692491715,-0.46226938449339844
1240,-0.8963943334368556,0.10159661978765212
1241,-0.7876431085371634,0.09422712143490856
1242,-1.1867203141569092,0.3790137891684167
1243,0.925835302119699,-0.13914144110316728
1244,0.39962472762058066,-0.30426201664732494
1245,-0.7438960901116909,-0.3921741874568033
1246,0.35256621189264226,-0.4652283515645333
1247,0.09453408550660275,-0.5470354193479392
1248,0.18655868819226767,-0.5080258560508649
1249,-0.5883100952002132,-0.44667269620761024
1250,0.5279530686150221,-0.5367295613130741
1251,-0.500147124368556,-0.5227308209641256
1252,-0.9903718973490181,-0.3491033323479739
1253,0.01917720694485736,-0.5725953928411915
1254,-0.6634259080168209,-0.2789380458959752
1255,1.187733108368886,-0.09777107002567227
1256,0.14504930046628045,-0.3869164941633914
1257,0.6541584520788448,-0.30898205186612027
1258,-0.303002562564791,-0.4557998240309112
1259,1.0982832594622298,-0.13270991443155838
1260,0.32588318572393127,-0.40181021490323343
1261,1.3333590059530698,0.1353632658975335
1262,-0.5955661525855671,-0.2155627863986848
1263,-1.0601600524490518,-0.13274561993624312
1264,0.05749071818140733,-0.3296253213602026
1265,0.6868251802116742,-0.3164201461416976
1266,-0.2746148056029256,-0.277177866297173
1267,-1.3542556177618148,0.035279209528258595
1268,-0.43779709659316585,-0.38688793026988905
1269,0.2696837461118613,-0.16512417644938254
1270,0.3096871812997537,-0.279019541250871
1271,-1.3767457696983232,0.1558086293913627
1272,0.17742639533265586,-0.4608666143879933
1273,0.3559153541642698,-0.47609712266084214
1274,0.41978625300963635,-0.42086849552552247
1275,-2.061425061489645,0.08503265677632922
1276,-1.395298706975602,0.29253563848046094
1277,-1.0227618292369351,0.3428040943486313
1278,0.5765203363416063,0.00955671056985935
1279,0.1767204778856633,-0.3460494606832754
1280,0.676057832662998,-0.17577034262017
1281,0.2805200214294281,-0.4015258782851553
1282,-1.017214786486989,-0.13231215270630922
1283,-0.09716359637579985,-0.40839068172453347
1284,-0.2470579786752618,-0.36788708557704214
1285,0.620352287344362,-0.38709370247838487
1286,0.9114596821877634,-0.12662298234681268
1287,0.7690055569895999,-0.17351745943959931
1288,-0.6065284651907183,-0.32674290629785135
1289,0.2818237712207239,-0.5547422170540978
1290,1.060119384064837,-0.3646220919830535
1291,0.8874789953280637,0.21934453995722558
1292,0.8376135599083241,-0.17695384149939325
1293,0.1664361069967767,-0.22711313625949797
1294,0.20035079952089713,-0.2487563948819826
1295,-0.9833012737667488,-0.3141818945986123
1296,0.9932187104864401,-0.254901782219739
1297,-0.7942633011176191,-0.43357456608242656
1298,-1.1967151528934352,-0.10845957543973243
1299,-0.33072655253421035,-0.4132347228307852
1300,-5.148389034713981,1.9142390274439922
1301,1.5347709548207364,0.3538860935889808
1302,1.6182652797418298,0.28741841463835344
1303,-0.5520510083986413,-0.4606307468517327
1304,-2.501213945948231,0.35337418611114196
1305,0.10548785817911205,-0.3132326152161838
1306,-0.35304301194532384,-0.03267804009559237
1307,0.7410201268945426,-0.4530605944447959
1308,-1.6258712014947014,-0.0817189333137321
1309,1.5655041978894095,-0.30051675931357724
1310,-0.7817467139813645,-0.18375412366358862
1311,0.512619992685426,-0.5447307409716429
1312,-0.8345169901356553,-0.17674201208485177
1313,-0.04957719916430037,-0.5348216253366269
1314,0.8451875723548166,-0.18373618369615824
1315,0.46314454252179027,-0.5471424220427362
1316,-0.7925028207250153,-0.4407936164394692
1317,1.1157252260468182,-0.35225289334832294
1318,1.5568490710709142,-0.1912194272032493
1319,2.5305581267551394,0.7718375168738271
1320,-0.26294192098971314,-0.15645853695689438
1321,-1.7463942082048582,-0.03150378212591337
1322,0.4474137822218397,-0.3259136613055548
1323,0.5383287583318253,-0.5922418985181034
1324,-0.3557386838948245,-0.3371090619857393
1325,-0.7450824827937612,-0.2822398389749401
1326,0.4720618309891902,-0.45366056402259686
1327,2.615832048237189,0.026460757523236747
1328,0.5939748594782728,1.5531835626426442
1329,-0.5033604212460222,0.08685376473148058
1330,-1.2781833327321874,0.2612068532029201
1331,-0.25084158701332726,-0.14307274106304135
1332,-0.18354933921578098,-0.378229924073605
1333,-0.6080961977964481,-0.26531002108849916
1334,-0.3632587524700704,-0.045954225926926856
1335,1.1805504688638382,-0.11262927249644979
1336,0.6950217874397269,-0.3043553593929928
1337,-0.25042561423789306,-0.5537689865831675
1338,-0.5900865809343463,-0.29316508053570967
1339,-0.15309746066145236,-0.5817429538090073
1340,-1.613250221160556,-0.20480488671741692
1341,0.6318362192798433,-0.5180175205827888
1342,-0.8405330267123337,-0.343578898777497
1343,-0.39624773339900177,-0.5025862358922919
1344,0.6987095461402335,-0.4825902189869946
1345,-0.2453976611696465,-0.4474469918530362
1346,-1.6194087906042145,0.34359362649970787
1347,0.891756456647641,-0.1611862981562308
1348,-0.009336305023244784,-0.42483660692787056
1349,0.6561600165972037,-0.4305691566880619
1350,-0.49537144145749346,-0.3845600098378787
1351,0.4485846456691498,-0.3724056676316038
1352,0.7617867365273834,-0.4583034794413802
1353,-0.32869842160383456,-0.44478590509729493
1354,0.40271971008940644,-0.4975522685120097
1355,-1.6438542886001835,-0.26992150433780304
1356,-0.6499441128846648,-0.43327113978402565
1357,0.36342709529828876,-0.4530827995887201
1358,0.2247935696296321,-0.2691197657301238
1359,1.0156564372049361,0.1691706436952259
1360,1.1327718791108428,-0.08383977307451582
1361,-0.07774203766936588,-0.40702189990268167
1362,0.2584204265843374,-0.1781697404584459
1363,-0.16756345923223892,-0.14540356917015806
1364,-0.01271920097248902,-0.39073808474872684
1365,0.46634756680016354,-0.43295573545692234
1366,-0.7622666559904014,-0.12406977424133522
1367,0.7328419383698135,-0.38562876187939304
1368,0.1695423435005512,-0.4350694755613969
1369,0.08383615579682463,-0.3344888077765666
1370,-0.28919181328673754,-0.28884303900700004
1371,-0.7239871324848387,-0.2982860069889579
1372,-2.774438031919089,0.8132195497542796
1373,-0.17024785804906803,-0.24114351667197909
1374,0.7758722239201257,0.1516895177728853
1375,1.2507743336178712,-0.15938160315232164
1376,1.309121417729471,0.16642858746298583
1377,-0.12056416491846222,0.3999669515468327
1378,-3.012962415816001,1.1052384007040708
1379,-0.5201881895753547,-0.06531497527195743
1380,-1.0972770052470637,1.0584642541226417
1381,-1.3317096419024732,1.4077965207559762
1382,-0.20844197573380957,0.2775436324128031
1383,-0.0867570466400086,-0.06312402482631417
1384,2.2945263484580516,0.4961645779205262
1385,-1.554276631649699,-0.2289872163964356
1386,0.9093086615830019,-0.006161273165283601
1387,0.566913529341186,-0.24866645661663478
1388,-0.32362997624864187,-0.4428824183285422
1389,0.9861081304189534,-0.4046889483809838
1390,0.21195615678179985,-0.3571953136686672
1391,-0.27530959339898164,-0.4681937963176373
1392,-0.05431211394002633,-0.5528830445945763
1393,0.32010588452928124,-0.4600059043002059
1394,0.5847315338554291,-0.13050296160048744
1395,-0.33513664651232966,-0.41513888912549274
1396,0.00861224804684857,-0.43908574743441176
1397,-0.5793046761510191,-0.26816625736337757
1398,-0.3513179566409168,-0.36260187700865226
1399,-1.0421224774396913,-0.32168838217363105
1400,0.05751064589137811,-0.543378364745724
1401,0.5978111396074952,-0.5410399432687033
1402,0.14171761267833793,-0.5533982274622002
1403,-0.783784821027281,-0.4685305299758646
1404,-0.9355782691167929,-0.24730966186288367
1405,0.9054606946359076,-0.4753092491724819
1406,-0.5277561702001214,-0.4509125115603321
1407,-0.3369283729675039,-0.49500131902379735
1408,0.6373168194433645,-0.5302429439598685
1409,-0.4494817158030332,-0.568608481731368
1410,0.24264096555204973,-0.5208496402176616
1411,-0.16993698514059,-0.5353697555888719
1412,-0.7849914383887191,-0.4899715500934205
1413,0.34467453623116373,-0.5674168628389691
1414,-0.9188953934909057,-0.3235822326340851
1415,0.8526861308104803,-0.3906613577699381
1416,0.7381125205412462,-0.4935093314414341
1417,0.0857426056987659,-0.46510745058568276
1418,-1.550982934822515,-0.2408904974385303
1419,1.791006363601174,-0.2617251090373444
1420,0.19588958206207935,-0.4397502487788112
1421,0.1595885091355259,-0.488004789368166
1422,0.5266208746990151,-0.44628724292317995
1423,-1.7219370185476943,-0.20107400831563443
1424,-0.21960478976001474,-0.42022369080843663
1425,1.1045774796077783,-0.33919034237824636
1426,-0.258865844561591,-0.24297393399224848
1427,0.742102827773351,-0.361741708269445
1428,0.36577112755357855,-0.3637494215554103
1429,0.3411638501739147,-0.38123221698179166
1430,-0.7927271068944531,-0.4276220662670069
1431,-0.5390655715928716,-0.41827212308209055
1432,0.6393679218947105,-0.5147339391269597
1433,0.6589091350353242,-0.27382943018999306
1434,0.3707581676905778,-0.40814779849732685
1435,-0.43707649711603513,-0.4259423434518957
1436,0.7551604274504653,-0.044034821790892686
1437,-0.8526569643213077,-0.4183684748910403
1438,-0.44329191513132526,-0.3406915846901172
1439,0.10715746281412619,-0.5255848266305456
1440,-0.0549590253292121,-0.5977033100247475
1441,-0.5539374941276831,-0.49160828796051875
1442,0.7112159955657205,-0.4284968448646682
1443,0.6983496189844736,-0.484960511065263
1444,-0.07056877384309873,-0.46764852026440956
1445,0.041689408115584914,-0.6540920609568913
1446,0.4883715188481963,-0.05240919872640415
1447,-0.31047104625161903,-0.41331149984504195
1448,-0.11615813907167688,-0.4066080764113216
1449,-0.047628332213610236,-0.3938130165792068
1450,0.6912861653737614,-0.050755755194040235
1451,-0.06740962771679948,-0.34154458325564097
1452,-0.6027087368572099,-0.28245349449580015
1453,0.9892130187132016,-0.37765261856637805
1454,-0.8544887501143463,-0.372347392590424
1455,-0.3282026900324034,-0.4184196993246208
1456,-1.217720989422767,0.1689810591261171
1457,0.5804744595747808,-0.2703665769886711
1458,-0.4070922576584414,-0.3215825653880966
1459,-0.03209271239831077,-0.44903269672836305
1460,-0.07356250589975111,-0.4065934564451938
1461,0.06499189985285792,-0.47001394841847594
1462,0.5137448574320815,-0.45529897049943857
1463,-1.0960689228982274,-0.2569893529327702
1464,0.1988868352568976,-0.5407566187972279
1465,0.9849242707723049,-0.3928533103480348
1466,0.032054755956191394,-0.40145803886978065
1467,0.2543437153818042,-0.43908545857993403
1468,0.7235831961354864,0.44305585097815897
1469,-1.7901806273426932,1.24807314143949
1470,0.3000499922445351,0.07380562104643766
1471,-4.098153499689381,2.0631315749007864
1472,1.2618868081804464,0.5869999428468489
1473,-0.8525537054191192,0.0991048926807984
1474,0.4706773686526118,0.17591629088827654
1475,-0.09394171097474535,-0.24835811397644642
1476,-1.670913459778896,0.23739905212808993
1477,-0.12157549779838939,-0.07759792404183113
1478,0.4360133425434225,-0.22365235941055361
1479,0.42617987862859497,-0.3354780208716303
1480,-0.33751456030899335,-0.5550316554167788
1481,-0.7259446354913532,-0.39936388074598345
1482,0.5021452941480096,-0.4080121684438102
1483,-1.68790322846358,0.02364517008259391
1484,0.5335774882731908,-0.27283331389599064
1485,-1.0123288586306078,-0.007058784833033155
1486,-0.08405649382924424,-0.2859841248939741
1487,-0.7896596303677827,0.03938295587545522
1488,0.9188784032495549,-0.3661208683536543
1489,-0.5762209360168612,-0.3067897845942152
1490,0.09367037115990862,-0.24605782985328423
1491,-0.547474917937581,-0.3586018136427941
1492,0.05295652257314132,-0.5358212287989972
1493,-0.2756026492346779,-0.39147213851375084
1494,0.5256275457679332,-0.4701192524933808
1495,-0.41709305856992407,-0.4109110542766579
1496,0.023458141927297005,-0.49912557341835634
1497,-0.8312407257564756,0.026747372435266467
1498,0.07320527613225203,-0.4148129555418486
1499,0.31639502753449034,-0.4286534755983835
1500,0.31584277476773237,-0.5107538777760441
1501,-0.10790558294416586,-0.5905805559175238
1502,-1.3514120996317018,-0.06479808062961363
1503,-0.3161817386901654,-0.46869590616840134
1504,-0.1296000034977513,-0.42925168998851115
1505,-0.4846661601240568,-0.1077082692006591
1506,-0.05110914196348659,-0.4190692151031424
1507,-0.13805875615501884,-0.44529654430581916
1508,-0.8389922858274692,-0.037020128008692754
1509,-0.12596834393381728,-0.30855394512675655
1510,-1.3588815766054825,0.1936584133726082
1511,1.8849943826662927,0.5761298516871648
1512,-0.8078528898858185,-0.3145655948572458
1513,-0.9332940636676944,-0.28717812634285544
1514,0.8801688230802727,-0.26880533500134574
1515,1.2780509522952412,-0.09718550082806951
1516,-0.2691295730475933,-0.3051578041188155
1517,0.738420744043996,-0.5246339442008953
1518,0.5081751218201955,-0.33076916536751716
1519,0.11496153591301533,-0.3736460966926655
1520,-0.752803224338698,-0.46371479780394037
1521,0.6660154951004205,-0.491860036716283
1522,0.3994854975732621,-0.42636185430269213
1523,-0.5395178188129,-0.5135444597055265
1524,-0.3125614736362305,-0.591151076700858
1525,-0.25409428887765784,-0.5922872007459097
1526,-0.1937868828740639,-0.4625009429922398
1527,-0.7406362743912946,-0.36802281309378126
1528,-0.5252102693091127,-0.27738907198398455
1529,0.7825983469106736,-0.3928308262372247
1530,0.5929520832417231,-0.4426834489051797
1531,-2.1067807910623264,0.45981791379258025
1532,0.2596531554348762,-0.3572569751843633
1533,-0.3988764336193319,-0.361478529288014
1534,0.5106560919150843,-0.3823671031036155
1535,-0.23549209534141202,-0.4405725158257343
1536,0.2804597019532211,-0.5081636537613101
1537,0.10142754232577395,-0.4027842936430093
1538,-0.5966614653431461,-0.49983904421398756
1539,-0.9120615535037979,-0.31896837676121825
1540,0.10717232076245825,-0.5313637927883318
1541,-0.3456124600232032,-0.46948974784277314
1542,-1.357670336453117,-0.060815385634807984
1543,1.765309357535798,0.2018986477466988
1544,1.3144636241770884,0.29210898357382836
1545,-0.6195691615315116,-0.3021579296688868
1546,0.09690018887150814,-0.5044260142692569
1547,-0.4077409135409913,-0.4432227135346793
1548,-0.2834902368553944,-0.5135298927080169
1549,-1.1795583720869818,-0.3535662736687737
1550,0.7254255707040671,-0.4956733817506832
1551,0.6238536850435091,-0.39287296902943286
1552,-0.1666289701032222,-0.557216570178769
1553,0.2733782302711957,-0.5597460562974427
1554,0.10287204852750936,-0.4798263448238456
1555,-0.7191207627779628,-0.456404711120678
1556,0.6434579218158787,-0.4312010328832581
1557,0.33873652890974815,-0.39468637527755085
1558,-0.4133238598148851,-0.5047134885077388
1559,1.031082752669103,-0.2827718370113122
1560,-1.3858027391656906,-0.23463574992505154
1561,-0.7304477754327936,-0.2423909930605716
1562,0.041480110424057415,-0.38140210632581745
1563,-0.44774697989760204,-0.25615618807091634
1564,1.4448279788197314,0.18398701125137817
1565,-1.6303718069721098,-0.05935359098355754
1566,1.0299831659370706,-0.33014824988451613
1567,1.7876717572524896,0.46527379414863196
1568,1.1466853333068336,0.2850902869427399
1569,-0.5084009530582214,0.01240010197039014
1570,0.5070450976475888,-0.0305903601654368
1571,1.6036061404861697,0.3220576808617011
1572,-0.7471453606655569,0.052179205656577424
1573,-0.8755582152334553,-0.34789528019757626
1574,0.5229685273399685,-0.4085053160626592
1575,-1.0497247002278645,-0.18883612672001937
1576,-0.32752901704553883,-0.3536793847004556
1577,1.3284993432279024,0.012886876037035547
1578,0.45322487075922857,-0.3752252093808525
1579,0.7889337870739423,0.1600123457417003
1580,-4.352226025741434,1.7444484269514402
1581,-6.363522483991032,2.589273725299441
1582,4.665602842795728,2.167928503443492
1583,1.3372701658707502,0.7021079172918828
1584,-2.356840104086442,0.29162872594569583
1585,1.0572802965185546,-0.252137426242987
1586,0.3795594244378393,-0.5188249134662231
1587,-1.7907302876749331,-0.025684411552118216
1588,1.3342590915437462,-0.23993871306875791
1589,1.4706969365932325,0.40237036127550957
1590,0.49224255595998045,-0.4554186639467353
1591,0.6969022970347006,-0.14448903844081995
1592,-1.0747467357243923,-0.4314899207288821
1593,-0.883948908015276,-0.41483321159381326
1594,0.9281648951050985,0.006073308893848259
1595,0.5473821702432198,-0.3761498731660357
1596,-0.4931046066280499,-0.4721118003368479
1597,0.13196644757427956,-0.5389940601556287
1598,-0.6216484553175832,-0.3627659009931338
1599,-0.31767739216728497,-0.5395558168120443
1600,0.6062889197281367,-0.5413741813661314
1601,-0.2699753800486396,-0.640771402212267
1602,-0.8593297213367137,-0.4651420833083134
1603,-0.5379129394088698,-0.5806937715593741
1604,-0.5877987655693018,-0.36628295551549744
1605,-0.00849499338556392,-0.49445538251296517
1606,0.060879188117311966,-0.42965619727511534
1607,0.03970834293197495,-0.3976703300475501
1608,-0.11372608682834673,-0.47636176280056963
1609,0.5075679308838796,-0.5622757644439519
1610,0.46828193962448683,-0.5504908359616474
1611,0.4140002219497039,-0.545978713557061
1612,-0.4032550809282416,-0.5104982792095014
1613,0.24366517698733176,-0.6188026008865917
1614,-0.9878700047607984,-0.42146275569348013
1615,0.18986901706579568,-0.531677064949276
1616,-0.4776247187173509,-0.5295153380930261
1617,0.6052993759827476,-0.6457047686516484
1618,-0.3814027232125914,-0.4532587179304382
1619,-1.58625203190586,-0.297465661266716
1620,0.29125551787575243,-0.5830281531830406
1621,0.49689598398082435,-0.624991484097114
1622,-0.2943246024617558,-0.5467676755040226
1623,0.4192180628946155,-0.5123315633311485
1624,0.1992600123779954,-0.5783256766886821
1625,0.7645540415817604,-0.48143942518689326
1626,0.4561298117205592,-0.49461769676448636
1627,0.15148531049379754,-0.43070131355524427
1628,0.8478693640733568,-0.3221980983127912
1629,-0.336372560890445,-0.46455519151613167
1630,0.11779319335001154,-0.4589506593229085
1631,0.8723749758393544,-0.08029024333434998
1632,-0.039421305719833544,-0.3385278523464446
1633,-0.1572558145589573,-0.29896913213153625
1634,-0.42367563350119153,-0.4521424459627152
1635,1.2755571482441814,-0.3975725211947135
1636,-0.8745734932017203,-0.2917045448190717
1637,-0.31578880796127023,-0.5592418397843718
1638,0.2100266893775654,-0.3868964353473875
1639,-0.6327650306103767,-0.4945419319663062
1640,-0.1098118324973649,-0.49780824859386313
1641,-0.6392112920067414,-0.4479778364635535
1642,-0.024693622343696292,-0.4718203652461774
1643,-0.1965683738498307,-0.6079774816774771
1644,0.8289137517068956,-0.42941745430972955
1645,-0.3210933617370879,-0.6030417584375833
1646,-1.0020417927304284,-0.494536937948715
1647,0.5779151249118613,-0.43989468933195414
1648,-0.340797022079239,-0.6263619473196171
1649,0.37890155493720834,-0.5780647351597923
1650,-0.26319571740385495,-0.48546615343316585
1651,0.681869576155471,-0.571141021343166
1652,0.4898731786778062,-0.5439506509873927
1653,-0.4804122252419762,-0.4629346748171893
1654,0.48551845696679374,-0.17547315956306103
1655,0.5568066924716281,-0.43346502342813875
1656,-0.1585955336052294,-0.3453942230750268
1657,0.021768863008007455,-0.5164329403813538
1658,-0.7253866890813399,-0.22008527454921828
1659,0.04590643797590388,-0.5381794201396041
1660,-0.20340616055009647,-0.46309497928666604
1661,-0.24575254161147764,-0.5056742432823945
1662,-1.1254969796316012,-0.19200971291708607
1663,-1.0332503026182929,-0.207880162660683
1664,0.5290301254106617,-0.08327694752802778
1665,-0.4835236927135075,-0.33957637052990186
1666,2.3310251117184397,0.6153373550572376
1667,-0.846191309393679,-0.04918146160977007
1668,0.7945980204221486,-0.3322347784752492
1669,0.011092293528502384,-0.4716422966997295
1670,0.3929973859120528,0.6176335561086252
1671,1.6717888653223072,0.4403127812840551
1672,-0.8650066012623726,-0.154891360634472
1673,0.6414243637802404,-0.4820162620391179
1674,0.32782593472984733,-0.3188007831301781
1675,-0.03969360098441033,-0.40937788544637926
1676,0.2701312707433967,-0.3967686465180174
1677,0.10357871812421321,-0.43498736882915684
1678,0.29902838586070324,-0.4285335284669749
1679,-0.1310265986982838,-0.42843259828625435
1680,0.16631056454710968,-0.5599629666055375
1681,-1.9057715085733582,0.14016923027604905
1682,-0.31918313655415254,-0.4545558041889884
1683,-1.5074812597062284,0.05705699315821382
1684,0.3798809560423072,-0.2623827937320266
1685,0.3681222845123123,-0.39055789610463637
1686,0.7989648684452,-0.4425278761733587
1687,-0.020903554688513848,-0.6017273190569637
1688,-0.3218223632462935,-0.4922107949479409
1689,0.20637536593816086,-0.4775964566483158
1690,-0.3179199021591612,-0.5036427765201995
1691,-0.4436018714644031,-0.518274075929739
1692,0.19415934177633754,-0.5812940561896163
1693,0.1873532959615496,-0.6729735919008407
1694,0.2357822834831078,-0.5095834523656533
1695,-0.35424333037163314,-0.5737396564000213
1696,-0.40638652015637783,-0.5941446130859821
1697,-1.043321691751884,-0.4521016391345767
1698,0.8470898604246979,-0.5651943910292638
1699,0.35156209392485926,-0.6225392702705842
1700,-0.5036290862768618,-0.5822793990332855
1701,0.13592220766184931,-0.5603020296621182
1702,-0.33609281918510703,-0.5834609575406309
1703,-0.11366584405183872,-0.5285561859229776
1704,-0.5685486900113231,-0.5761735243037598
1705,-0.42750846338879045,-0.40268938538487814
1706,1.1602355054846427,-0.3758153601136402
1707,0.28492937995714107,-0.5153869216741856
1708,-1.1142722664530509,-0.4073271652502317
1709,-0.11459555453998171,-0.5440774974406737
1710,-0.5266297635165762,-0.5306679525931005
1711,0.717565823927419,-0.5335309470146352
1712,0.006305167785816579,-0.5388528997231308
1713,-0.04026136397924773,-0.49518997848676777
1714,-0.5164097578456195,-0.5832051315876983
1715,-0.28542511678636584,-0.48788098696155796
1716,0.7062066672530407,-0.5629670594942766
1717,-0.1250484800111012,-0.6041447704532369
1718,-0.8137252808169673,-0.44919191485696336
1719,0.6276766011952346,-0.5459680652932757
1720,-0.032663425173666105,-0.6162464648626786
1721,-0.024904672214759366,-0.5087342681106255
1722,-0.34990797969406606,-0.5287458883276703
1723,-0.3299581313062439,-0.5543909726481411
1724,0.4616495429994619,-0.6011762614140731
1725,0.40706864476981863,-0.5528607459392041
1726,0.007253742215213355,-0.5624553464170592
1727,-0.2214922064909592,-0.4966301497906645
1728,-0.3567974015945019,-0.5803761577804627
1729,0.27571485019228636,-0.5164127972318857
1730,-0.6071101114414528,-0.5591359220878782
1731,0.17777474067137367,-0.36827618267308554
1732,0.5324037581456974,-0.4527033909530547
1733,0.013128632384970862,-0.5681046400966379
1734,0.45786997795589457,-0.47424422715831244
1735,0.16209445826209318,-0.5885194721358743
1736,0.14457084723762564,-0.5031490284448279
1737,-0.6201400658235283,-0.4644479091676296
1738,-0.24163777174432272,-0.46626221212262925
1739,0.1981740829052947,-0.44898605446016165
1740,0.2576159771120413,-0.49732971822736377
1741,-0.3469609712154894,-0.513258146160283
1742,-0.16654357039655862,-0.5219790472312182
1743,0.09512028358106217,-0.5201301411585016
1744,-0.4381268494939139,-0.5485659052841225
1745,-0.19268493471396855,-0.5711688674075202
1746,0.5240624594385342,-0.2432769185027851
1747,-0.41660889189815087,-0.5787499409111039
1748,0.28897455205718725,-0.5531267029225017
1749,0.45647583750017606,-0.527238568140886
1750,-0.1557737508408057,-0.5675848704038403
1751,0.15524941401043196,-0.6314246634534291
1752,0.5997595232235107,-0.34528949538914067
1753,-0.20864757134401635,-0.5752709749737309
1754,-0.5202873561665224,-0.6224947125113286
1755,0.17484180826935292,-0.5609247607433062
1756,-0.2951140166339121,-0.48562792502455543
1757,0.48357438304745115,-0.531434941301471
1758,-0.306320674044231,-0.5664346546414144
1759,-0.2766653719954281,-0.5596013147383232
1760,0.44422097368862856,-0.6619954987146051
1761,-0.03236415666885273,-0.4905543035471323
1762,-0.9310355466796411,-0.2510025771525451
1763,-0.42841903981792967,-0.4813641118343848
1764,0.14950815411321894,-0.5363532763213262
1765,0.22399627209792816,-0.5851136623274686
1766,0.37299988503974524,-0.5089135398006143
1767,0.035635779233018916,-0.38049950795792103
1768,0.06901580909227412,-0.6246028069584846
1769,0.0935352728023563,-0.6207406705863038
1770,0.21587268609851945,-0.5944134255769704
1771,-0.23579662962365724,-0.4847933740011733
1772,0.6324163811599987,-0.484386662743785
1773,0.11977684211680734,-0.5088806708615189
1774,0.14241956409202539,-0.5282818546243424
1775,0.2499899052164723,-0.45984976367862146
1776,-0.017401981287188784,-0.5595142310755635
1777,-0.24054837247114969,-0.6120963045580052
1778,-0.028958909386118503,-0.6342717724427929
1779,-0.03415490915502803,-0.5279914148597791
1780,-0.3547642156727806,-0.5032243172597887
1781,0.07990883405024152,-0.6834180712593271
1782,-0.061276467030771914,-0.4547940183944849
1783,-0.025878259602177378,-0.6848477812655218
1784,-0.3133023144775553,-0.6464245608322399
1785,0.24422328484260858,-0.5419765878502149
1786,0.006511831481491037,-0.5322746908374199
1787,-0.07651996098972735,-0.5573058995838874
1788,0.8123101903923737,-0.3591096410331681
1789,-0.1849491361953607,-0.5456991416485418
1790,-0.4124654311087115,-0.4330207683504213
1791,-0.22275180793560853,-0.5770031256380501
1792,0.13045999377425815,-0.5556524249171206
1793,-0.28698394836426044,-0.6371408326883912
1794,-0.6108408920516303,-0.33387934311354633
1795,-0.1017863974995521,-0.5198932721412828
1796,0.2705847653109732,-0.6268391206443301
1797,-0.27446900726735324,-0.5636348021647803
1798,-0.18382915622250545,-0.5263383125920508
1799,-0.2947586303699061,-0.6152307778689746
1800,0.3509896318205914,-0.6026655830919272
1801,-0.18248550917125084,-0.5555504877887256
1802,0.5099293398138645,-0.3193995184269715
1803,0.3354014417759724,-0.5006737273642615
1804,-0.31922297542432765,-0.4383210129313692
1805,0.13557428650207082,-0.5265055158001288
1806,0.45116901281971655,-0.4888758513083002
1807,0.2926742206767422,-0.6009006261039178
1808,-0.47289440101901475,-0.6002381200634396
1809,0.4094294274352861,-0.5641914968222723
1810,0.2900002458799351,-0.4979485803255726
1811,0.09803610878888519,-0.5450693218653899
1812,-0.3436967197526817,-0.48307198529651707
1813,0.3963471418894937,-0.5626408434705704
1814,0.10793654659766383,-0.5597208190791065
1815,0.6088577668638493,-0.44275550485900195
1816,0.0697572625009254,-0.21730301199107988
1817,-0.8540697473798973,-0.38816100164804584
1818,-0.08969653660147148,-0.5282199884610727
1819,0.45603148995155973,-0.4765615741661773
1820,-0.3762639231789263,-0.5472993033736445
1821,-0.2077039503284142,-0.6261920731909434
1822,-0.4891055585349737,-0.4063123730011349
1823,0.08060292696348909,-0.6300305334872566
1824,-0.4012068431306755,-0.4856284438649811
1825,0.012909931352076742,-0.5751102901143559
1826,0.20300244395723854,-0.5972493906372378
1827,0.46173008264439763,-0.4878552235376374
1828,0.2591283051405239,-0.5526078605329505
1829,-0.14565105406272183,-0.5893898820241853
1830,-0.482311819518223,-0.5720870426149882
1831,0.32586474455290393,-0.5938905034224092
1832,0.15587058225055672,-0.4902905518767779
1833,-0.11553966152903322,-0.5961187907483148
1834,0.16975553574136515,-0.5692302020659926
1835,-0.25486041783560953,-0.5944993764467379
1836,-0.04947965257048936,-0.5110963573211647
1837,-0.2541953668723913,-0.5674027226304474
1838,-0.29113391971673297,-0.5061338606640952
1839,-0.2778018131627279,-0.4297687336632016
1840,-0.0012377378684214069,-0.5973572862907964
1841,0.002209249655150236,-0.6066028593802267
1842,-0.10596074427341856,-0.5856659889939748
1843,-0.14739825233592854,-0.5916580218602789
1844,0.011162288147795851,-0.6238242587762335
1845,0.020678753059312605,-0.6485029580196038
1846,0.11743202046842632,-0.5581951483189354
1847,0.09050985263255451,-0.541128302715711
1848,-0.3102510461628779,-0.5451493511893694
1849,0.06088292230406328,-0.6625224442141635
1850,0.20874721752170472,-0.46614122183725737
1851,0.111806467039403,-0.5655267346501065
1852,-0.20902349972487916,-0.6681865712690696
1853,0.3248677979816794,-0.5198152785503627
1854,-0.34641693243675376,-0.5291627443741521
1855,0.056852276629634935,-0.4217407891059391
1856,-0.4967085525071866,-0.603528789189595
1857,0.2466113889762595,-0.5323354393146355
1858,0.22724317631997876,-0.6021892071393298
1859,0.4812364390962762,-0.3035863106873584
1860,-1.1098943538602746,-0.05944751281749268
1861,-0.3418282651841056,-0.42472136613243167
1862,0.23500753705932698,-0.5226377178536735
1863,-0.47559994480752876,-0.28716120952282087
1864,-0.5072553919621808,-0.4203021483364426
1865,-0.5730888218844923,-0.3347419859906124
1866,0.4811207779234161,-0.4628441644649704
1867,0.15042946067158564,-0.757614983935751
1868,0.7095538149733196,-0.37749162117369955
1869,0.2567627460263042,-0.4523608188726734
1870,0.31354460731648426,-0.5530684373384722
1871,-0.18355223971557108,-0.5136229042924931
1872,-0.2790999407545105,-0.5200346512543866
1873,-0.2335836450508789,-0.5496707230999506
1874,0.01309697649592434,-0.5785651716346882
1875,-0.05913289258093238,-0.6195986698643077
1876,-0.07040548612720096,-0.5941096974933788
1877,0.0006627511928056773,-0.6163392605596096
1878,-0.1826913415374403,-0.5546290417890865
1879,0.24001206679516268,-0.6497957339431817
1880,0.28570316021454223,-0.587465601590742
1881,-0.1490200246183729,-0.5925073667815982
1882,0.561238755942717,-0.40172997751438444
1883,0.021361892241962332,-0.5273875709145394
1884,0.04059703621130778,-0.5738240119606954
1885,0.179193733803511,-0.6422530434179583
1886,0.02895896375668139,-0.6618264295520937
1887,-0.14887352640091953,-0.6096959454621864
1888,0.21267717309920542,-0.4975025492657466
1889,-0.007220693130743361,-0.5851368317193214
1890,-0.3755667611522101,-0.5269656689616087
1891,-0.2789088557572872,-0.6202228135142258
1892,0.16297095112371274,-0.6202088291097946
1893,-0.08271629518933096,-0.6067575020798988
1894,0.5648211559014462,-0.3687027076556166
1895,-0.029850151225537913,-0.3814799140344514
1896,-0.5164306808251037,-0.5830074852399766
1897,-0.00911058857945471,-0.5771345182491963
1898,0.5512493088647726,-0.4485360324666909
1899,-0.26364350842182627,-0.5549424364582887
1900,0.26894312575341894,-0.4806464152167936
1901,0.3270250975692084,-0.5266917979459594
1902,-0.40052873016077767,-0.49198188321969
1903,-0.30443746948915734,-0.5656147459051173
1904,0.4870043000794855,-0.46783628654483983
1905,-0.3421132035151425,-0.5731886270846331
1906,0.010336448391930486,-0.597627032188532
1907,-0.247840579191833,-0.6047286391174576
1908,-0.24488309860842894,-0.5893114849962406
1909,0.3250848150429174,-0.5089408534894507
1910,-0.04871084587384611,-0.5392373522410014
1911,0.3412493646891587,-0.5507629844872852
1912,0.3859818598348853,-0.5195890148762402
1913,-0.15420662172821234,-0.5683069661572998
1914,-0.19672555154604499,-0.537199566786524
1915,-0.008947318059903508,-0.5767411549155027
1916,-0.0820894998681379,-0.5371887508524478
1917,-0.23813650435104616,-0.5810641181943993
1918,0.27678263218597343,-0.4791715060959461
1919,-0.48845217874535607,-0.558407729419741
1920,-0.4074142557912831,-0.5462781943401677
1921,-0.374439488187174,-0.27466560523130107
1922,-0.4869835232058398,-0.25534587649123264
1923,-0.5304196982324164,-0.11541697561161593
1924,0.054033344305131514,-0.38647991404487575
1925,0.26884325526385167,-0.6053592502368951
1926,0.08100102434537199,-0.5449331637367704
1927,-0.237805559000113,-0.5596863268429582
1928,0.03150927510420709,-0.5408433157215979
1929,-0.5807150685302429,-0.4640357924778255
1930,0.027282723013584198,-0.5884498556494897
1931,-0.1467074016089313,-0.5685747860420418
1932,-0.5078825665763729,-0.4489129810800488
1933,0.27582942771780017,-0.5318489241023737
1934,-0.1932951044895298,-0.4980513102198593
1935,-0.24045185048898793,-0.5007403635827238
1936,-0.7957325114279699,0.0016293681000055377
1937,-0.9082633732298617,0.4382882188253749
1938,0.345269298995316,-0.4610814630794663
1939,-0.6615430241628367,-0.6418639443703138
1940,0.05027892967520908,-0.544168757896999
1941,0.25827616339438864,-0.7310990763263098
1942,0.7264865356263981,-0.40293639941252374
1943,0.1696813932129817,-0.573987622862896
1944,-0.09750853991093755,-0.4590560784406135
1945,-0.06370872149920595,-0.6641874470500039
1946,-0.68587218190166,-0.42995755483649184
1947,0.5465845874142488,-0.4373423416119754
1948,0.36408839447186414,-0.43000968445537363
1949,-0.26025527906278517,-0.5691582088056588
1950,0.6374899076329675,-0.3364291696141198
1951,-0.19323300450057246,-0.4734149266636581
1952,0.03622283116701125,-0.48783316384518677
1953,0.22297054680512052,-0.5468569029478476
1954,-0.5629778127030165,-0.4217445826414476
1955,-0.8759436343935514,-0.420316545211693
1956,0.45427173663554554,-0.5490038325351074
1957,-0.7448025418701423,-0.20543972891938045
1958,0.5024302780716288,-0.24247050203506748
1959,0.38725044823010546,-0.44272151289432016
1960,0.20884179863500263,-0.5193245048695798
1961,0.4376936043355708,-0.4513618222733947
1962,-0.8848896886091693,-0.47023263548332644
1963,0.04459047742476946,-0.6632755897514707
1964,0.1901404029006843,-0.5851782133949348
1965,0.07201117433597504,-0.6664988206841396
1966,0.05429855559786617,-0.6631780934223979
1967,-0.18364125347192123,-0.662268538838622
1968,-0.31836554082972646,-0.5864814002497445
1969,0.3139356238554887,-0.6537159593201742
1970,-0.26870329272033955,-0.6021417205922948
1971,-0.037952834307594496,-0.6222791655797306
1972,0.18886162924240124,-0.608111678901787
1973,0.4908374104608413,-0.5012852327903599
1974,0.8387247429380111,-0.3353842234161884
1975,0.41275734123360397,-0.289765344540969
1976,-0.1928516451914439,-0.3973264263943457
1977,-0.2682195359245082,-0.5123715926740656
1978,-0.43740693371328254,-0.4799462287449106
1979,-0.01579232098229344,-0.6250741149053566
1980,0.2958849754653451,-0.6080103001892281
1981,-0.23399123272966832,-0.6214747082988303
1982,-0.6675246180284451,-0.4528646056668964
1983,-0.9328551813296904,-0.44547151538027363
1984,0.46314704816928043,-0.5945655404270711
1985,0.08854952320895376,-0.6756548835303815
1986,1.0170359528066766,-0.6499191118073634
1987,-0.3459810568251464,-0.4957140428055273
1988,0.169542737887326,-0.564548387419567
1989,0.0922720352590804,-0.5971314610586667
1990,0.7609960815964021,-0.36524036372751156
1991,3.070304966980596,0.7057918051893842
1992,1.437829369369171,1.7847981432359281
1993,-0.5492085082192669,0.7025810150357608
1994,0.6465912947916725,0.621268018662986
1995,0.4558430653838932,-0.12584463473792407
1996,0.7571661682843172,-0.1590838380025077
1997,0.23657775440008194,0.4754250038873577
1998,-0.12198665471791997,0.16744892463603694
1999,0.22671113059610376,0.0320553210321847
2000,-1.1725864448030925,-0.06812499668545956
2001,0.5347506582675469,-0.31288637329298535
2002,0.15814277334218696,-0.36949093463605864
2003,-0.40264571431338825,-0.3195658194249693
2004,-0.12289559128082504,-0.28426134655374413
2005,-0.19916720268441032,-0.35640172056067615
2006,0.2622123959285547,-0.3651953860970388
2007,-0.5052737943958413,-0.3462998816352322
2008,0.2390407504300046,-0.5305661746833582
2009,0.6820146741242682,-0.4165749334725245
2010,-0.04328483618826909,-0.3657247423616948
2011,0.5148605887494507,-0.47341707549449347
2012,0.0060330563169129214,-0.47834814894712757
2013,0.5150892120449825,0.09342394292865296
2014,0.1462408813044933,-0.4166250419005542
2015,-0.03870003203358727,-0.2708540779021774
2016,-0.49822444251697123,-0.3665920080339293
2017,0.018034573282389887,-0.4451474979112696
2018,0.0694196447074249,-0.31480315230722444
2019,-0.45574791610174115,-0.30009533616243783
2020,0.4564503337429856,-0.441479708187099
2021,-0.4915386230633259,-0.515434572623759
2022,0.44543588146433444,-0.4704100414607607
2023,0.2231798464235269,-0.37985944887716694
2024,-0.2275304197834644,-0.4632656950639797
2025,0.09292869565148315,-0.582242298354117
2026,-0.38500539300376757,-0.25402160131888213
2027,-0.4641029320981687,-0.29324784858918385
2028,-0.06938764222187502,-0.43159889313455757
2029,0.25395731999232074,-0.30323970282820834
2030,-0.4078639206291496,-0.4116516798809418
2031,-0.558738511821953,-0.47306717118458425
2032,-0.04448481719558203,-0.4325614159984151
2033,0.5992603882016665,-0.4331284491405911
2034,-0.8475922989964482,-0.4297550510776707
2035,-1.1971732760188223,0.7849000804649199
2036,0.3771619207677317,-0.48331264232713284
2037,-0.06442699241672792,-0.46748028245053713
2038,1.106469615304622,-0.12761785447889595
2039,-0.22203109087971343,-0.3311976559350342
2040,-0.5538304528445739,-0.33710795945309024
2041,-0.5544450390444678,-0.42466765301795667
2042,-0.31024493752983284,-0.22657447512698803
2043,0.8856255506210624,-0.27614843093083535
2044,0.19190702192088321,0.03756379420039285
2045,-1.598852924505175,0.08175852588202485
2046,2.038131748986583,-0.011795975902264402
2047,2.4086249092832452,0.7561867705222851
2048,-1.2543473572043171,1.0711354424553448
2049,0.13221708697493828,-0.06843499121626531
2050,-1.393676125516802,0.031216398957990776
2051,0.8420784330671112,-0.3295947595807404
2052,-0.6337106166763795,-0.20719868882647757
2053,-0.3409512778327509,0.04837263749497343
2054,0.17285955461138391,-0.1952262420695215
2055,-1.5203130637321265,-0.08522569645810366
2056,-0.41009020192518036,-0.4792138969421654
2057,-2.649048640927007,0.5826812122411336
2058,-1.2909101486405357,1.5196911657888494
2059,0.6261526691072288,-0.028166646870204218
2060,-0.8634459655100634,0.024137065259101323
2061,-0.08353724230406923,-0.28133301610192973
2062,0.0781866893175367,-0.21162294076887
2063,-0.2909395504372707,-0.4168108996612428
2064,0.20591041173364738,-0.3494968389543619
2065,-0.44026683607965883,-0.38713122655723825
2066,0.700684089343836,-0.32246698775177257
2067,0.8772738064082759,-0.30274601167694287
2068,-0.07735177169597837,-0.3361511857745445
2069,0.28840053489004425,-0.32358286134813324
2070,-0.9959653013334127,-0.4407365846794798
2071,-0.19775295092180392,-0.5522302531077639
2072,0.5431045069483358,-0.49745201751461254
2073,0.13507135213902927,-0.6608802081626881
2074,-0.7007840704664183,-0.4284237894640131
2075,-0.28550860632324093,-0.5346688200023093
2076,0.21976485811932311,-0.4688545859523175
2077,0.23498316534178693,-0.5711598757839991
2078,-0.6158334057854694,-0.42696234130663596
2079,-0.43097604327096384,-0.5166322591495794
2080,0.380078182530906,-0.5331088120690234
2081,0.1258492675341067,-0.6185664506057154
2082,-0.18151852448419234,-0.428261715557256
2083,0.438027612482222,-0.5494090899206169
2084,-0.40521690924175047,-0.5084014056761176
2085,1.0728859704423048,-0.4620668845623836
2086,-0.35027002820863873,-0.43861286659636206
2087,0.35432156873762277,-0.5532121595287627
2088,-0.9728713258163282,0.2808437332413873
2089,1.1348086452187078,-0.48930579513060307
2090,0.37199081707182935,-0.3579115367430958
2091,1.4865160635698589,0.4770225708241342
2092,0.5608171612392308,-0.19170672589499732
2093,-0.1794650586808817,-0.49668217531782927
2094,-0.516797120816707,-0.3522711228405209
2095,-1.0177172179266152,-0.24021546569279856
2096,-0.6947930456592583,-0.40275332955501125
2097,0.6044775272343748,-0.3368026468546374
2098,-0.7437839610810169,-0.21188135939109826
2099,0.46872787765596624,-0.4860386770355976
2100,0.42975671989495,-0.5001566728854406
2101,-0.07754506300437186,-0.6067081997669708
2102,0.17299339666059654,-0.30120403681059843
2103,-0.0876724647188589,-0.4809126407638989
2104,-0.10868811626713126,-0.5653072891392811
2105,-0.7610083105214854,-0.38870333373627747
2106,-0.0617429036090508,-0.4653356334072177
2107,0.4134209848404943,-0.5413312657887992
2108,0.48702792656063354,-0.46919246911534446
2109,0.13701665629280485,-0.5048191457741971
2110,-0.439937732045523,-0.26563567514716285
2111,-0.6910802912391825,-0.5107188867903817
2112,-0.10181510903791308,-0.34571414317579263
2113,0.8392023913117805,-0.45073394116867244
2114,-0.19390932008318548,-0.400240120024178
2115,1.005185023634676,-0.1865248808265817
2116,1.4122661131508918,0.7693646978182703
2117,0.03900593488547749,-0.13864397580374904
2118,0.5157206168757291,-0.04038260258888969
2119,-0.7623991400563479,-0.13333138473518602
2120,-0.04083496586226612,-0.47985848181593543
2121,0.42935553296454687,-0.4846290372300287
2122,-0.2281249741643488,-0.41137649750495686
2123,0.8603950956023629,-0.24274082848860418
2124,-0.2604370604139675,-0.4441510773169183
2125,-0.16444419053659445,-0.46807103759667074
2126,0.3373631416613122,-0.3247455930644318
2127,-0.8991102662491567,-0.28422524302663993
2128,0.9235880972391459,-0.32902431500600354
2129,0.19640454649742928,-0.4180675936987213
2130,-0.0468063271096473,-0.3987811961138017
2131,0.6149226743019984,-0.346042823143447
2132,-0.7151761315974786,-0.050651555368047434
2133,0.30615126511348645,-0.28438575843535896
2134,-0.09044964281530168,-0.47982762785766825
2135,0.6891105935175699,-0.3274768197559286
2136,-0.4773253327884511,-0.15607023213415583
2137,0.6608266681389253,0.24544627480217263
2138,1.6181124863544398,0.2841628286235814
2139,-0.6203916177163136,0.7458303244337874
2140,1.981133145011868,1.1683641807602165
2141,0.8610979579149913,2.075204891865938
2142,0.9094005113265555,1.028369589162774
2143,-0.5459129705217227,1.2248005030161497
2144,1.805923626898895,1.0237693938751498
2145,0.4024112562529082,1.1706078565315141
2146,1.6349745906773325,1.8448110944881932
2147,-1.2203213991737885,1.7093157490323234
2148,-2.1647738991508945,1.9683343809335327
2149,1.4118529390892471,0.5582162082505856
2150,-0.4821743695506282,0.327192833391899
2151,-0.4405146105900099,-0.1628231034442968
2152,0.29514042628406734,-0.5175684378453909
2153,-0.5025995944145916,-0.22619484805391393
2154,0.3965763857626048,-0.022154224508225948
2155,0.08509225388707148,-0.08975125255487289
2156,0.731493856554581,0.11203823996956609
2157,0.324445831443143,-0.2511877535701564
2158,-0.5855810467602589,0.07676323461645028
2159,0.11461308970769574,-0.29666886089658007
2160,0.49821520883190007,-0.404158631692551
2161,0.10605636736428026,-0.4599193170936757
2162,-0.2193774871036383,-0.3960507769264543
2163,-0.03728181117843815,-0.41716282054886134
2164,-1.1728460113877248,0.06497473572694722
2165,0.7546511686324968,-0.30791475785418304
2166,-0.4865651861446194,-0.44878820606780073
2167,0.052388935740462717,-0.47176598499630346
2168,0.10548916116819018,-0.5743366329657114
2169,-0.13718670086753093,-0.5397948614925534
2170,-0.05252407696533257,-0.5042093625488778
2171,1.2980780177204476,0.2961775764910281
2172,1.3885270686320879,0.6235188570340857
2173,4.231054999259827,3.673499061609994
2174,-0.34496263161434504,0.48289597328623773
2175,0.08016352547263567,0.002188779016816203
2176,0.007078176683560866,0.6311364499955284
2177,0.10938475841731299,-0.02714057525632009
2178,1.2446505124768867,0.14069407322910266
2179,0.23156023007410748,0.43621193798004226
2180,-0.1299518982841552,0.31301788580208656
2181,-0.1303803579437568,0.06692102664104276
2182,0.3783663444474069,0.22244586140239808
2183,0.2361214526174456,0.44472650941592656
2184,-0.8817899940884304,-0.2563816513355853
2185,-0.7244760277541573,0.26661528879188623
2186,0.7626267690151614,-0.07891083036843831
2187,0.6177594949354352,-0.1312105197723512
2188,-1.0207281764810672,-0.1880118724037897
2189,-1.6428379525118437,0.30557733770874557
2190,0.8460080467895643,-0.14334855878661984
2191,0.8165028755646917,-0.04818652776203909
2192,0.11197256693691476,-0.11782512218869423
2193,-0.06942942236262623,-0.23850181839224854
2194,-0.6194361726760675,-0.3512409985463519
2195,0.6974064969606095,-0.25730256236460486
2196,0.7482178929417276,-0.1396279554843748
2197,0.4300912054187944,-0.27534247195839767
2198,-0.08231316647535206,-0.2341335565151152
2199,-0.6714426618298401,-0.3295080597710853
2200,0.7055028466012855,-0.3486283648169441
2201,2.3675895526981505,0.982083589235041
2202,-1.1736454438406798,0.15383488716248728
2203,-0.6411185312112546,-0.03879439317487163
2204,0.13642457800846464,-0.3027766506504745
2205,-0.5474362302219278,-0.12897875339306467
2206,1.0263204121243847,-0.24803231289998467
2207,0.10440308945269866,-0.37211141096941086
2208,-0.03263844197214946,-0.37297960017324094
2209,-0.20409405374487136,-0.3611373345999738
2210,-0.39851646566366883,-0.07502002975969821
2211,0.4021285774794705,-0.3062935513588662
2212,0.07009873911718234,-0.15077594666862454
2213,1.4252635022838154,0.0787474043772096
2214,1.219425393759084,-0.05200683423048226
2215,-0.7610497058588234,0.2664646607944224
2216,0.949003280961459,0.1623724488837447
2217,-0.04124998987277931,-0.09941948453232062
2218,0.48199985596177064,-0.05022002192680546
2219,-0.9306678368698968,-0.15417336607523413
2220,-0.3173901562509507,-0.18755160166210028
2221,-0.8953519314981391,-0.17488909633431549
2222,-2.051319042987413,1.2540454856625023
2223,1.0530984213791985,0.018983437246169008
2224,-0.1144356236348194,-0.26274192755104014
2225,0.8836701476309547,-0.286346085950047
2226,-0.10458257237959842,-0.26831405368057953
2227,0.11852613727817896,-0.2143113310321511
2228,-0.9614145440422632,-0.28729063701865304
2229,-0.2371607382350296,-0.36235828906183415
2230,1.296863418694147,0.12009504590848595
2231,-0.24489317016177242,-0.38110928698191227
2232,-0.07963514707402838,-0.4437403829422125
2233,0.6049679325536396,-0.30791097115101707
2234,0.7857506157084453,-0.16707541833184333
2235,0.0006767635335933053,-0.21705521500827202
2236,-3.8795796350653684,3.905277950015986
2237,-1.6393515165477344,1.8972565340301535
2238,1.3332177419453968,0.5627900016804992
2239,-0.8079652644376033,0.5030874458258164
2240,0.397524858276179,0.17011571993482089
2241,-1.564571403240671,0.16528356250512
2242,-1.4387065510984747,0.710807260601372
2243,-2.0487263232491664,2.6538551541563353
2244,1.4229182865338186,0.3614341981816694
2245,1.5149442933504558,0.19785600358798894
2246,-0.5540297217701367,-0.20366128714110643
2247,0.2635045588210184,-0.004314303456269056
2248,0.9561516186729144,0.35848036264470295
2249,0.16485732522369434,-0.23590536059657502
2250,1.199816445684515,0.4266706444629974
2251,-0.7769857348630106,-0.30199454376147705
2252,-0.04991810826007392,-0.42942215834281416
2253,0.669779778486943,-0.33315793867774884
2254,0.6578038084043202,-0.0674843790067547
2255,-0.37566918188103243,-0.2602638520237036
2256,-0.9568638201573847,-0.3860446876083793
2257,-0.27673870648755716,-0.48917475945829764
2258,-1.5430849809993574,-0.0974986006084991
2259,-1.0316717688477541,-0.17010801249399765
2260,1.3274308374787074,-0.36109559461445206
2261,-0.21906880939578235,-0.18879990517201067
2262,0.3054901357961681,-0.4776078643756572
2263,0.621734234775375,-0.3437996474787918
2264,-0.16635803217977874,-0.5354928063652937
2265,-0.028289978765837054,-0.5239953834869198
2266,0.11796994618517831,-0.3872406666699318
2267,-0.23698153251647683,-0.5247787112823218
2268,-0.9822264254783142,-0.37405144986685335
2269,0.23125237102881435,-0.4872776570575192
2270,-0.5543789780327187,-0.4216554534579776
2271,0.41027337810731346,-0.5344622054189243
2272,0.9682641605177051,-0.45737234488352624
2273,0.3421754081746655,-0.5000600560736239
2274,-0.07956015479197073,-0.577470958681086
2275,-0.3946353166672376,-0.5068442560615822
2276,-0.6245217031225381,-0.5228709159029572
2277,0.13793263705991365,-0.5490869462561853
2278,-0.6681258754956136,-0.2910646997998188
2279,-0.9329498574700614,-0.32976201671395927
2280,1.0952635290689494,-0.23537119511333493
2281,-1.029080810712165,-0.3520196653944782
2282,-0.6868147226242376,-0.3857614281781319
2283,-0.0798490387139206,-0.20657838033098103
2284,0.7791006596976744,-0.4497071784824634
2285,0.24517177725422784,-0.473966264040997
2286,0.505325523560943,-0.37963104241044227
2287,-0.029486571986072574,-0.5660300801687546
2288,-1.490994928640984,-0.35294932406718516
2289,-1.1030902444919477,-0.03933240340963251
2290,0.3084130100097161,-0.39346925609859434
2291,1.2634419070068899,-0.30709845289386795
2292,-2.326509445980303,0.2594283611051406
2293,-0.9822371934433861,0.14398886277055967
2294,0.3009330281803344,0.18017348069227818
2295,0.14569979474075495,-0.07092582560925077
2296,-0.27249486666713296,-0.35647996337389426
2297,0.6069382161232312,-0.368637443360531
2298,0.7679871436119936,-0.36173403803977927
2299,-1.211806426405395,-0.36526824146945
2300,0.2071485666609677,-0.480610002902145
2301,-0.23647942112013898,-0.5327995159448554
2302,-0.03117493716867703,-0.4208709945993074
2303,0.6301598411662458,-0.34005737989247414
2304,-0.9203589998211028,-0.39567855562632875
2305,-0.4383426272544252,-0.4978869984366313
2306,1.3729622828604593,0.02487360165699304
2307,-1.1241271882953336,-0.2492376140767963
2308,-0.929244385440817,-0.20064013640609074
2309,-0.2890119363050894,-0.3012092445919604
2310,-0.41038654905632976,-0.14454804334176807
2311,-1.0038977111162954,0.044959388303140446
2312,-1.4220774904148987,1.1616117071109298
2313,0.2395587167787132,0.2944973422804943
2314,1.064380491627219,0.002596711078006228
2315,0.12141937156024873,-0.2632325926541482
2316,0.1782923418478744,-0.3900245246596057
2317,0.38393850034448906,-0.4077915074081052
2318,0.03391878849963115,-0.5310752721518904
2319,0.6653898227189385,-0.27713010337826005
2320,0.2500969119162979,-0.46569683829751174
2321,0.012565623408299309,-0.37037248741888235
2322,-0.963213888932614,-0.17481950155972883
2323,0.31959228190809796,-0.48534046885404486
2324,-0.20241305132647783,-0.18463832129123492
2325,0.69779769239614,-0.5324455379596996
2326,-0.2555469250958209,-0.499292131015811
2327,0.19331766047752802,-0.3438167419166813
2328,0.32700151528879684,-0.32315348688416595
2329,0.5637394690819483,-0.33417816095763647
2330,-0.32734843747376824,-0.24770331968144377
2331,0.3192236398449899,-0.4601864948939753
2332,0.4110150440414174,0.9198084061621324
2333,-0.19324375407611796,-0.20385239641693387
2334,0.37360645171996354,0.9491977054239258
2335,-0.19063364512275305,0.1697988067037388
2336,1.2320598941601317,0.0620084833921412
2337,0.057963667374928196,0.3235087312988869
2338,1.6864436674935053,0.43027637315496364
2339,-0.777584031527603,0.3196232223097338
2340,0.35827863327121756,0.05620989804084382
2341,-0.7697383094254523,0.2174917190108815
2342,0.9193946223134313,-0.22788279373159703
2343,0.7252452988264528,0.1668736039042883
2344,-0.12281750201096904,-0.07587168260496682
2345,-0.16073713380578208,0.051684030311076046
2346,-2.22291888705761,0.3978692862620848
2347,0.1339118894352257,0.17594713432575454
2348,-0.9453349805153224,-0.20256354230701223
2349,0.9496446552235212,-0.1343837601376495
2350,1.2563211794834797,-0.32242040501794594
2351,-0.7296582709124293,-0.19843407162700494
2352,0.3999640437493027,-0.3192649182855421
2353,0.2939316010495231,-0.3847387131249584
2354,-0.8197196630198824,-0.24841597710479574
2355,1.047313468257448,-0.4934936283700113
2356,0.098836269609972,-0.5447956910524502
2357,-0.04104924192370149,-0.4394233206897383
2358,-0.21857283816471174,-0.12812672123427046
2359,0.10188031682304449,-0.5245070405431509
2360,-0.09798049614256987,-0.4942278387913422
2361,-0.13839580507579766,-0.42605844139908605
2362,0.24947266065352608,-0.3174969850230268
2363,-1.6813981140265448,-0.050867352427062834
2364,0.22130448324793595,-0.4670492579957477
2365,0.5801717872622603,-0.6003345589440332
2366,0.40329175270383266,-0.4964113396250783
2367,0.08959159893669738,-0.5668189003718213
2368,-0.2686172927073586,-0.5049206945911885
2369,-0.41125488845324354,-0.4453428653649093
2370,0.38201179726427226,-0.5576528514208694
2371,0.965481374125785,-0.30783164890752485
2372,0.6038563604037518,0.016985622647066587
2373,0.13441300840867165,-0.3085785457961969
2374,-0.6718626744246655,-0.17343011906615202
2375,0.19277907261738647,-0.29462260753420666
2376,0.5231845705982203,-0.43189801320123206
2377,-0.2937524503537065,-0.3930871936841876
2378,0.9939498522586274,0.21187011106488812
2379,-1.8875063544562645,0.37587093066357485
2380,0.6100128656342167,-0.27836825079815375
2381,-0.74903417371878,-0.4656838814408291
2382,-0.4606414874115533,-0.2716922922503349
2383,-1.0054824698291018,-0.045311533364292236
2384,-0.5165880958755397,-0.18850019467278062
2385,-0.8729171743014448,0.18492116301385425
2386,0.4926745148273317,-0.362954979922772
2387,0.19250013573191493,-0.42475235914815485
2388,0.8609536404184865,-0.3492907935142791
2389,0.0759113466162511,-0.537554814611143
2390,0.8181515334449321,-0.3950457244978113
2391,-1.0277348317821335,-0.2447916528784343
2392,0.28462131171811944,-0.18424468162346264
2393,-0.6370088359053001,-0.43528430619467773
2394,1.0656827759680336,-0.3420296516557167
2395,0.3395694188774723,-0.47034768015742756
2396,-0.7207698312989941,-0.42274091771114247
2397,-0.07889879626107904,-0.46982653410731023
2398,0.7089892951188008,-0.2981016170951353
2399,0.47217910144055497,-0.2959041151078176
2400,0.33056627219808576,-0.247002721837903
2401,0.12536897537418434,-0.2996346167363471
2402,0.060187174688558776,-0.1689710476924225
2403,-0.3789561625369461,-0.2261998281567536
2404,0.5558247531884158,-0.11679222549955677
2405,0.29715820135823257,0.1615202224040163
2406,-0.7209230997269134,-0.2423543396420414
2407,0.6103921481386315,-0.26461534413974963
2408,-0.14257176533702498,-0.32500513654036983
2409,0.2534060013099052,-0.25878766880975307
2410,-0.4082041607587746,-0.2064828777827653
2411,-0.1979257418695835,-0.49717809069849744
2412,-0.04685008748662026,-0.35352165709782796
2413,0.8049414501158536,-0.14781960906144864
2414,-0.5146161322786188,-0.34674080507687866
2415,-0.45819244311340124,-0.14633820674643652
2416,-0.5118607012105811,-0.2648015005745264
2417,-0.1757558043839687,-0.3745357340029174
2418,1.317369966751615,0.012291971272399588
2419,-0.021996084533468574,-0.07516022335398724
2420,-0.18896069335465912,-0.13425366608331424
2421,1.1572367881556775,0.1909651945887097
2422,1.7245072003926945,0.631322186416798
2423,-1.713246787896706,0.8665462023672644
2424,0.8860334429136565,-0.10955000475160286
2425,-2.4367599157510242,0.4639141311731994
2426,-0.15017037832523253,-0.002424342530995438
2427,-0.9087735065826317,-0.01935046831829234
2428,1.0720145497985412,-0.064639216307753
2429,-0.35206112814401175,-0.058736031660999666
2430,3.5503865512339465,1.468727144065505
2431,-2.3210917255155747,1.2364888977047135
2432,1.6867662575100721,0.5899809652249274
2433,1.044806419424812,0.7956226722511164
2434,0.03667041342564897,0.4528718051362309
2435,-0.6588398882669355,0.2990529454050284
2436,-1.23999095007003,0.44365739039797797
2437,0.3426252453374583,-0.2609831638300851
2438,-1.1969182268166119,0.19949870581523904
2439,0.5732855059660706,-0.24250249151110526
2440,0.9359113143853801,-0.1982083774276887
2441,-0.20440546864694764,-0.275803191635537
2442,0.6408601434784128,-0.19665818898726806
2443,-0.24789236381967172,-0.465976902484612
2444,-2.3324207428204042,0.348116649692575
2445,-0.8885841574305743,0.16316903843762032
2446,0.35748487514521654,-0.384186127135106
2447,0.6969932632378915,-0.48489308622205285
2448,0.440031993651428,-0.21926615351084705
2449,-0.9607125484067158,-0.3528915707466884
2450,-0.32146821983022433,-0.2580614287971675
2451,0.2230827815196773,-0.38093663963216245
2452,0.15994916246994906,-0.4912584494193673
2453,0.5628462935510881,-0.34887462649771667
2454,-0.6381020984861574,-0.45387200890084595
2455,-0.23981576199270827,-0.5222210044516469
2456,-0.30636063605927366,-0.4360583783916452
2457,0.20702436148519754,-0.5469940686479031
2458,0.4330854359930032,-0.4912330684175579
2459,-1.165361337341337,-0.3933079098236371
2460,-0.009618218438606885,-0.562685058234515
2461,-0.8122400104542289,-0.15444988544761934
2462,0.7297896407045399,-0.5117054243036874
2463,0.23111235600133856,-0.45884539280291775
2464,0.6416149609184455,-0.45880443383760067
2465,-0.23330706250491307,-0.47738310859338484
2466,-0.22966439451817594,-0.4513754902912063
2467,-0.30590378993369466,-0.5390970294508671
2468,0.05080604709838599,-0.6376553722508078
2469,-0.38129750442111,-0.40709758627177306
2470,0.9125233580245542,-0.4642663303475812
2471,0.07387250641431647,-0.2579694380820385
2472,-0.4064552791401096,-0.32491547069033916
2473,0.7733789847913308,-0.1810762003948277
2474,-0.3223273171819524,-0.352008138261435
2475,0.8562072954431272,-0.1881627993360775
2476,1.431219833440022,0.4189655974094551
2477,0.6718252317561628,0.018285842318583115
2478,-0.7821763310880292,-0.43625802354239995
2479,0.2313937632932278,-0.4862230322041941
2480,0.656787431037576,-0.3611766964386121
2481,-0.3889583991264751,-0.4521275078382366
2482,-0.13242305249454195,-0.2726268712387907
2483,-1.0783061066296167,-0.3846375134235365
2484,-0.061172662795137056,-0.6515369478051819
2485,-0.02974163591726295,-0.4711909360009584
2486,0.09293825316845694,-0.31540312333198967
2487,-0.603860520514204,-0.5647338287180538
2488,-0.105470743124083,-0.4871111435197561
2489,-0.6240099227105456,-0.43152271038141266
2490,-0.0057591445061043745,-0.45749885116064937
2491,0.39766408100372064,-0.39174651733883575
2492,0.2910542408657728,-0.5129561877005925
2493,-0.006443994830377886,-0.6311512036293686
2494,0.4053044101923463,-0.5787576561689621
2495,-0.1288900730614262,-0.6247979077234791
2496,0.3645725734787957,-0.361685528490961
2497,0.11238813878570098,-0.4847520702457175
2498,0.7584946482002615,-0.3256780449216134
2499,-0.15284087523747242,-0.543599305982151
2500,-0.12551697146471294,-0.47623915948145795
2501,-0.97337765619257,-0.22349965977806385
2502,0.13061037001310738,-0.4803518870708476
2503,0.8643122488564745,-0.35724816665566234
2504,-1.6137108804803957,0.16119886917301557
2505,-0.3779255726943422,-0.13065639690128403
2506,0.17111283081281248,-0.3181920033134041
2507,-0.5931505811991655,-0.39179607760512125
2508,-0.6583024706804621,0.034307446648377135
2509,0.5926952876397222,-0.3768741952498474
2510,-0.08666218611377607,-0.4236372314121661
2511,0.31012936853584516,-0.4697715425222455
2512,0.4745241457051289,-0.4589637217051209
2513,-0.8209684324114677,-0.40697967113219424
2514,-0.5249910566217695,-0.26710306105963955
2515,-0.3498007572463433,-0.46620527954738616
2516,-0.4292036596489557,-0.030293679434111292
2517,0.06971350640405516,-0.13931719920357966
2518,0.6846528688145386,-0.31741068730205435
2519,0.19849380986873733,-0.24764085792367796
2520,-0.3836264087670236,-0.48266397227389674
2521,-0.2470143525344526,-0.5164410600573694
2522,0.15992623061831324,-0.4952560910892169
2523,-0.8057105298124085,-0.23454480362293878
2524,-0.3223042280211006,-0.19579675137578623
2525,0.7802073652722992,-0.0188354192743376
2526,-0.2039330376458405,-0.29619154673826564
2527,0.2724341083229377,-0.32914362916364565
2528,0.4939657159859744,-0.5022885420506897
2529,-0.21133247297232943,-0.28006647935370943
2530,0.5383165837897564,-0.4132063252446542
2531,0.5138611807260737,-0.41194174342266526
2532,-0.3501615734441305,-0.4606582865706766
2533,0.3006177593210374,-0.4969067933692438
2534,-0.4988078582543113,-0.46727632745987113
2535,0.4173537022057281,-0.5284642408236533
2536,-1.0092718872955408,-0.2864813637898319
2537,0.44747631778343,-0.5221102435190544
2538,-0.35265660941617916,-0.580525547776146
2539,0.4419783211524819,-0.5351421080010841
2540,0.014483662905092787,-0.5961746717465242
2541,-0.16984652049700802,-0.5784777245787596
2542,-0.34780140269822324,-0.547359256539374
2543,0.35853317775764326,-0.6400157435866328
2544,-0.27432006758818656,-0.5875195151964352
2545,-0.3784073315659421,-0.5098311252897315
2546,-0.055607269274229376,-0.6033297953584611
2547,0.35562860009323816,-0.6081394307514811
2548,0.031211126499400388,-0.6578731330967346
2549,0.21388315061845004,-0.5664968390035365
2550,-0.25999193107150886,-0.616077770041888
2551,-0.21033045185073027,-0.6628620931491014
2552,-0.20159619970706993,-0.5945778442657222
2553,-0.562618172842674,-0.5506437526127933
2554,0.9691535589605784,-0.5211459741771362
2555,-0.11997984922231067,-0.5911521750010733
2556,0.21850134627454026,-0.5753463312845288
2557,-0.11327312629261485,-0.5856672945272084
2558,0.9318634439617695,-0.49492972671988583
2559,0.0010151817782864392,-0.549684139433429
2560,0.34517942779400035,-0.6259975939704044
2561,-0.2843080367213284,-0.41685502905133953
2562,-0.47474725227173425,-0.5129520456733838
2563,0.23699256753140285,-0.5762655879916818
2564,-0.19409083126512638,-0.5701616198885756
2565,0.0013908876441728057,-0.6315101511766605
2566,0.36783266868133013,-0.49343897511239543
2567,0.6184105224014734,0.024690081783528536
2568,-0.10918269213869991,-0.5198038230025034
2569,-0.3662948657140267,-0.5651306243882692
2570,0.22740090447517308,-0.04484544396536795
2571,-2.142579690395325,0.8726887334839167
2572,-0.8417717613658833,0.28638517738450825
2573,-1.8803535288909758,0.08215585956588405
2574,1.5994873657537503,-0.013137780226757476
2575,-0.24856681091889987,-0.5794138925656345
2576,-0.42749161980221995,-0.4853638371080086
2577,0.19865677165007511,-0.4682818418509853
2578,0.13510122406871483,-0.49530716177333134
2579,-0.3862765382190021,-0.5727253888690003
2580,0.4026608046200071,-0.5881939150902009
2581,-0.18040098763006848,-0.525237759178904
2582,0.2995891611709771,-0.6170155095391192
2583,-0.4081895702271101,-0.5672973355764496
2584,-0.9260633415190911,-0.35681371452778704
2585,-0.38578035432441005,-0.3857349018103256
2586,0.24613074511593602,-0.4351037351900406
2587,-1.4008696435920298,0.1943249672655169
2588,0.7279205430049909,-0.3814766853862323
2589,0.07809526270141692,-0.6125757929204296
2590,0.46534610332982995,-0.6039626035615717
2591,0.15427593745269358,-0.5344141923253944
2592,-0.32255437400533404,-0.6003670072022179
2593,0.19535951550157216,-0.49689387067426377
2594,-0.24657456107747028,-0.5375530447125456
2595,0.4391813974479635,-0.5577094346278977
2596,0.04266762941090685,-0.5626396342581954
2597,-0.008290545692344803,-0.49927373143896664
2598,0.12398488502648652,-0.4835054061017822
2599,0.32672012870409195,-0.48649692052379206
2600,0.3430962460562217,-0.462726215861946
2601,-0.1461389365221012,-0.5716014471708691
2602,-0.5366731380555524,-0.5445604107972636
2603,0.08297239023275838,-0.6324679568827494
2604,0.48406286751972993,-0.5235943931871547
2605,-0.3103356187231069,-0.5610619007539416
2606,-0.2419486737213595,-0.5740226626786507
2607,-0.32578151756998336,-0.5909973278586833
2608,0.09881898477498935,-0.4523339198952882
2609,0.10389131156905929,-0.6040558893283917
2610,-0.375138301070978,-0.5713126830861726
2611,-0.025186055099796323,-0.5616116481329595
2612,-0.19935250361457063,-0.6073579619406203
2613,-0.17561786072276525,-0.6368410333878318
2614,-0.6339104132482739,-0.24548668754262615
2615,-0.2446187849341079,-0.5184487954591436
2616,0.736779496402194,-0.021982415167766348
2617,-0.8063279803268094,-0.393878622396802
2618,0.22896319647597335,-0.26588989872629415
2619,-0.3142304671111248,-0.5209631704238042
2620,0.915393053969265,-0.417836154384218
2621,0.2804737290523789,-0.3840620384383091
2622,-0.38021528012690287,-0.3628732168184236
2623,0.6116437795646192,-0.27173816482903007
2624,0.054574672310478356,-0.4687623470144762
2625,-0.3638789128006169,-0.5773423341749951
2626,-0.6732772002977465,-0.4794782304451882
2627,-0.6987121160878411,-0.4104060774896842
2628,0.2506902902320959,-0.491665939701863
2629,0.11712294159548764,-0.5767319894982161
2630,0.17990116069397433,-0.47782149689284187
2631,-0.7800453921398716,-0.17503213192755857
2632,0.440938347930496,-0.3702367024247903
2633,-0.12572154617539294,-0.45519061511425557
2634,0.809349612443869,-0.39464323781180793
2635,-0.19692614135308795,-0.48821038846747195
2636,0.02726905518769568,-0.5649885353383868
2637,0.1693208788711008,-0.5604241161439338
2638,0.8718173082660137,-0.3317722912449132
2639,0.28753539377377224,-0.46921526139970027
2640,0.638597375299315,-0.4852634840577398
2641,-0.3309490443903775,-0.4577998418566522
2642,0.2695293110297641,-0.543657742986228
2643,0.4741391269988401,-0.4245918607804324
2644,-0.15904951466069012,-0.4571213601720026
2645,0.6141184246680935,-0.4124198419608075
2646,-0.5069138200374785,-0.4061769200494743
2647,-0.6917462868551292,-0.3912051761822449
2648,0.030750656111628527,-0.42586622675491465
2649,-0.32265296149588685,-0.45298750124664094
2650,-0.17990439943372494,-0.4733082555510411
2651,0.7044826030210937,-0.47999348273791015
2652,0.27485982611647164,-0.5025086788104969
2653,-0.5572399878730894,-0.4401386305440235
2654,-1.3421600608216897,-0.11780388098514735
2655,-0.4094570796850152,-0.31751411226681225
2656,0.8710086162099047,-0.4464407625516137
2657,-0.16125314564628934,-0.4906589719385543
2658,-0.9212117937597011,-0.2864277688233175
2659,0.27782028870828146,-0.5431862637972189
2660,-0.35324889407718624,-0.5670470492332514
2661,-0.13423516609322922,-0.602782117574753
2662,-1.485040307841574,0.3092163796921041
2663,0.756852782529214,-0.2698564552090403
2664,0.33175232826952494,-0.3098070667549004
2665,-0.8166471385723114,-0.48717393600292025
2666,-0.38146495032023386,-0.20880036045524203
2667,-1.4574722724586144,0.02024700112115671
2668,-1.5104808662080451,0.5062529957462685
2669,0.28124086338399024,-0.2354555768425926
2670,0.5329729846357462,-0.0916605346032046
2671,0.7870415129364092,-0.18058241897781518
2672,0.2994150350312653,-0.4239213961070887
2673,0.6133215523059565,-0.46732783623846486
2674,-0.30765553074548285,-0.5583988063873728
2675,0.9500382386192363,-0.3090522390295835
2676,0.9197026952891114,-0.14722894572205525
2677,-0.1547590802834597,-0.5773807122803862
2678,0.5431610203024717,-0.3180241642262607
2679,0.7588574166035733,-0.09192511694239977
2680,-0.7003124919580848,-0.26368768504661705
2681,-0.17957161235986246,-0.5088209825079231
2682,0.283287055030513,-0.4765080916285331
2683,-0.1283160437317155,-0.46430457336051906
2684,-0.05433705206867284,-0.4652544090593565
2685,0.30394890848692324,-0.4255376259115406
2686,0.7058809321559912,-0.4893660290958977
2687,0.06485755089895195,-0.3053064961139225
2688,1.3480451452340867,0.0058461281764423945
2689,-0.31148884758279893,-0.34896917255225585
2690,-0.42809141304245635,-0.42512473262130523
2691,0.7705296204341034,-0.29682193036440524
2692,0.04615639977688646,-0.28672275881094367
2693,-0.13525717207914123,-0.40982749088602494
2694,0.43892531934373635,-0.34500230971592677
2695,0.09208007176820976,-0.3779336343613746
2696,-0.09385564456652451,-0.2872681798738167
2697,-0.20698322329863383,-0.412234691952895
2698,-0.031011719197257176,-0.27086644523636194
2699,0.26767786306014807,-0.3941721956699261
2700,0.21471563665643378,-0.38191802577615014
2701,-0.6675808510592195,-0.2507270490977862
2702,-0.4591087075267916,-0.27407080276113255
2703,-0.6690384554737236,0.016369987893651017
2704,2.4227569188649216,0.8881367205795514
2705,-0.734289505748164,-0.2978333529142504
2706,0.030937333216752294,0.036688911371778155
2707,0.9917448537221187,-0.20106804500060127
2708,-0.18324888036131684,-0.11232019460492583
2709,-0.48887882753508927,-0.3477051299099831
2710,-1.0670583966044287,-0.06143010925399589
2711,0.4551398517723195,-0.4197066524478716
2712,0.4894173388750189,-0.15038083706235128
2713,-0.9550508565780431,-0.09561485901378061
2714,-0.19010430225110175,-0.2255573317504227
2715,-0.9217410193207463,-0.2566883113904629
2716,-0.6228710369496784,0.36245446147221766
2717,-2.9140978783098643,0.7826102101264892
2718,1.522946095771945,0.029099845246106024
2719,0.26994576982408536,-0.18392433989762935
2720,-0.31070681648569076,-0.32173409072578324
2721,-0.9592212839966918,-0.01665399730056455
2722,-1.157938462847841,-0.0709268990510258
2723,-1.8047729837169197,0.7670893209430037
2724,-0.1258636431355723,-0.1707106621010303
2725,0.6659393857916136,-0.17192258087479123
2726,-1.089653139583041,0.0926064260058266
2727,0.7836775932631079,0.0514595207077312
2728,1.2519722125861346,0.012344762664361755
2729,-1.0107836486770794,-0.056148946511389616
2730,-0.41404110429943475,-0.19453031632502404
2731,-0.18112453819956992,-0.40559416766397777
2732,1.0111784858558244,-0.34577127185839124
2733,0.7097622246631998,-0.44699488368837376
2734,-1.2826920073344734,-0.18850970009180346
2735,0.3142478307778742,-0.47168715796471294
2736,0.4537574047547105,-0.4950851180539439
2737,0.5006050619715383,-0.4347787810687041
2738,1.0395528485105285,-0.09494035088829486
2739,1.1789153665653047,-0.0774211159874308
2740,0.6815300056051181,-0.4870188055587832
2741,-0.4938461321745783,-0.4488015645670646
2742,-0.8751765012546879,-0.3273940461350628
2743,0.5230885821104205,-0.5062004373118913
2744,-0.871709127108904,-0.45913793855828183
2745,0.11405243643455693,-0.5217146388076669
2746,-0.4165259476808427,-0.4660737489270684
2747,0.19590164014537198,-0.48221638897790714
2748,-0.010727538311497975,-0.5502386145264048
2749,0.5423055933740162,-0.48734719161069723
2750,0.15647219433085707,-0.4021212011974456
2751,-0.5178732549206394,-0.49083922604757785
2752,0.45700599322685376,-0.6135948690604706
2753,0.37973773649631504,-0.5486553778243806
2754,-0.02979014747088518,-0.4858946238296991
2755,-0.030680379162234317,-0.4512776709371778
2756,0.41498401681446573,-0.5230851721284049
2757,-0.24690928775969434,-0.5366028065900502
2758,-0.27391284557101264,-0.5232205049527695
2759,0.4472176735851445,-0.5577307103587887
2760,0.6662367856323839,-0.4617992882374729
2761,-0.24538247363549096,-0.40901083604234956
2762,-0.3703533837608932,-0.19969267077222164
2763,-0.07169063282882723,-0.34576711742854915
2764,0.44117405298967516,-0.35927822776719515
2765,-0.8864956451450504,-0.20244776216876464
2766,-0.4038238795039842,-0.23304741657205158
2767,-0.21079054493342764,-0.45524017753421836
2768,-0.21062494500273465,-0.5050722855438826
2769,-0.3600120844101844,-0.36954741364001986
2770,-0.05165346119488645,-0.44875277576575673
2771,0.6316400245598669,-0.5805576779128165
2772,0.0907428021165233,-0.5671748260987655
2773,-0.12350712913344811,-0.6280234023886572
2774,0.38844735240359585,-0.523392676890252
2775,0.20202598528115995,-0.514447588402233
2776,-1.4692948559236352,-0.26731028697136655
2777,-0.8545023893168345,-0.06633362660790168
2778,-0.143343957648913,-0.2915522102671658
2779,0.42642776170138763,-0.4233892847324148
2780,-0.182887259107673,-0.32096212644521877
2781,-0.11377687538107673,-0.38228992113973864
2782,0.9695812233321117,-0.43745006022698085
2783,0.8417775445524698,-0.33388108313435927
2784,-0.14016223528642557,-0.25116877349233246
2785,0.49973756456310947,-0.27448468369270335
2786,-0.15412624904689934,-0.40122019933868075
2787,0.4624602752124122,-0.3897328281381342
2788,-0.4566353825465125,-0.39057383611649316
2789,0.3999669740274875,-0.416362146328559
2790,0.25525984218588615,-0.3354492943705038
2791,-0.2502461218836583,-0.26376996441928446
2792,-0.4005422984759033,-0.3136392878069158
2793,0.6532138939668959,-0.32772593194130234
2794,-0.59789217966035,-0.34744444435643335
2795,0.14618083589790148,-0.47213919297134194
2796,-0.1024059361181652,-0.3752340495851143
2797,0.4377888797432614,-0.4305707087160925
2798,0.07710149356699636,-0.3518967464621188
2799,-0.5122397126311499,-0.39075688260666025
2800,-0.6826912699741643,-0.4148170641542413
2801,-0.3194012014638291,-0.15946886171578334
2802,1.3920226125276751,-0.2890988508671616
2803,-0.12479184157440341,-0.2267880902804067
2804,-0.5974216862472674,-0.28274594960662774
2805,0.3921508384092931,-0.44128215583926983
2806,-0.3160283018324245,-0.4451857440966093
2807,-0.8835654507754525,-0.2481027358131142
2808,0.332544319414953,-0.2367753964726319
2809,-1.0209752305063087,-0.23172461939002803
2810,0.1683883411835997,-0.3553691489550779
2811,0.058582757449904876,-0.14071414335074023
2812,0.1542822924425319,-0.17676635995325068
2813,0.15732659716970676,-0.20738471384017704
2814,0.4177689782232409,0.09736654558785444
2815,-0.5166865531761722,-0.22897480313725738
2816,1.1727106645431915,-0.20971204217049194
2817,-0.33288354473275167,-0.3305537839334822
2818,-0.39996288935469193,-0.3751261733473931
2819,-0.49106575028036825,-0.3858861543616674
2820,0.5118009406593906,-0.39070604041076634
2821,-0.34232276060052225,-0.3827404971310225
2822,0.2702774680260094,-0.38428944150441513
2823,0.7194607721776518,-0.3615486862728751
2824,0.9985353514847501,0.15922954825632157
2825,-1.7403436979295888,-0.16542870820152678
2826,-0.0020697726380440318,0.05812562919055837
2827,0.4384445185983752,-0.42290435560321865
2828,-0.012748768514203646,-0.4239368478198429
2829,0.10223147763722285,-0.30246194584396063
2830,-0.30462149652446857,-0.18007095491262154
2831,0.8352104372730826,-0.25420498971431055
2832,0.036486675004389235,-0.5039254058601309
2833,-0.059165574539852134,-0.3998615465905521
2834,-0.26125632218210737,-0.35246239665862744
2835,-0.1634904900054543,-0.42175913834179857
2836,-0.4488593312530691,-0.48497891215580063
2837,0.008733631591387236,-0.4975937485692519
2838,-0.665940211522035,-0.43010169961683997
2839,-0.6039478923902961,-0.3278211591741122
2840,0.016415886163968496,-0.2692422062395486
2841,-0.22799036793683097,-0.5311141392452419
2842,-0.8827252808360342,-0.021931463535992297
2843,-0.49155999200641987,0.06020579607796707
2844,0.29960927192029385,-0.1627700247667918
2845,0.29522700325675855,-0.4267366601350138
2846,-1.2220470490262805,-0.015180202364651132
2847,-0.410688226415092,-0.0950520060641637
2848,-0.4687739409051461,-0.06145091932610236
2849,0.35623409993979727,-0.5122874384040925
2850,-1.5021863236327972,0.37690741785641624
2851,0.3341197123715284,-0.3435939522600519
2852,1.1058328381282632,-0.20300376683904497
2853,0.511184748780813,-0.16673693216321345
2854,0.609608306233633,-0.2530107790851718
2855,-0.18714659653583912,-0.1711527375046823
2856,0.39063896666284703,-0.27169239927494837
2857,-0.008999479762511475,-0.5516761137612762
2858,-0.9875462943364852,-0.3604055835953515
2859,0.6739193621229433,-0.4665938396702226
2860,-1.2125680922790423,-0.3545084016928877
2861,0.8301829522262811,-0.3538974393422185
2862,0.18659169634123968,-0.46291420220324087
2863,0.022589603009080583,-0.441853864735475
2864,0.7430490727783509,-0.4652021632695542
2865,-0.2725457427944328,-0.5143840983531931
2866,-0.2167025808748861,-0.4884704443929177
2867,0.18855439031344495,-0.5678761821710869
2868,0.14114759205324245,-0.5624874988796198
2869,1.0451949866900854,-0.34083495807166947
2870,-0.317013830650048,-0.4445537434793056
2871,-0.3253248292825346,-0.5743256259363719
2872,0.06828103333176821,-0.6156096138063968
2873,0.5062982340130915,-0.5332419927841422
2874,-0.5178318762303733,-0.5657812800117757
2875,-0.09707171217324367,-0.5884286376556869
2876,0.08123069518093351,-0.6084500027762971
2877,-0.3827574551218894,-0.4602756498212665
2878,0.08400494364680078,-0.5736685752164765
2879,0.27134004694515257,-0.5297886824219786
2880,-0.7136209320805771,-0.4986797855554395
2881,-0.2604486239668336,-0.5360125212698521
2882,0.1310066499355479,-0.527790883137392
2883,-0.4131789270981156,-0.4873839786977726
2884,-0.8083757615011188,-0.2320756719956062
2885,0.22316472750917704,-0.3890191158633094
2886,0.40864558266470663,-0.46023560672456554
2887,-0.6346350125888576,-0.41991157952161934
2888,0.343884218720502,-0.5138496012958167
2889,0.1299658217322927,-0.5047276875726155
2890,0.1364969917359089,-0.5583220454936686
2891,0.511067940021318,-0.4726328649318715
2892,0.5237231811541051,-0.3280462159208895
2893,-0.18161978136060947,-0.5583763231273734
2894,0.027398926322692918,-0.4165264857521353
2895,-0.19871130622071764,-0.6220193419356134
2896,0.3315900073946194,-0.505704999669271
2897,0.11212192541262134,-0.5056315352796475
2898,0.1316943282057803,-0.5466138718453053
2899,0.3887884633772778,-0.5047416722320645
2900,0.004135153189794849,-0.48921013450908174
2901,0.15307170830084776,-0.5149277101410104
2902,-0.3433182684641363,-0.4958584411234929
2903,-1.1448181789288159,-0.22270739719752458
2904,-1.9340652407961674,2.19893627242212
2905,0.026725684002976757,0.14871964334746207
2906,-2.101039470936119,0.2577683022561724
2907,0.9579004957287212,0.1432506928087674
2908,-2.569221867757015,1.8253235922196176
2909,-3.2667747911599636,1.878927783309279
2910,2.2966275006833103,2.697976876224819
2911,2.1400889477542195,1.0395200308519796
2912,-0.06861557992863082,0.05411246818819691
2913,-0.9435571897546148,0.04952259693492088
2914,0.5643716297596755,-0.2812973720008471
2915,-0.14481630215800534,-0.26670654822445594
2916,0.833817296494481,-0.25853859412997476
2917,-0.842496262379215,-0.3964546488088442
2918,-0.9970804027107956,-0.14734812382180634
2919,0.10187775498473484,-0.3089364046541435
2920,1.0542342292835174,-0.3415631047216471
2921,-0.15128421793610536,-0.4724068773413638
2922,-0.6379960374331313,-0.449724372762126
2923,0.817231345576142,-0.5540071167332854
2924,1.1688209750188994,-0.12943032957097705
2925,-0.2300284379140158,-0.3376197611684917
2926,0.8788781158884893,0.003865018580541238
2927,-0.6601093060733602,-0.2927893634598869
2928,-0.3156038070082515,-0.5419416717546142
2929,-0.007978280880789279,-0.526917138291263
2930,-0.0744423335557019,-0.5261356932619179
2931,-1.055998913527721,-0.41451989531625155
2932,0.7478928822615682,-0.4922491630301817
2933,0.7256730380871512,-0.5454967567656268
2934,1.6634689642549734,0.30019629947336274
2935,0.15849707820180847,-0.35722423685650295
2936,-0.4772707029492991,-0.4921920097665999
2937,-0.35969382098352887,-0.5217969643340403
2938,-0.174075729990518,-0.4776048059535243
2939,0.28057134737756084,-0.6263431424098724
2940,-0.45141432821860616,-0.4725968313727858
2941,-0.43056011494536195,-0.5553206499040608
2942,0.5288239718714551,-0.5309365464953226
2943,-0.6935000714169898,-0.5197868470018723
2944,-0.3465020987546242,-0.48579629949825204
2945,-0.25447101581168813,-0.5363969053018642
2946,0.6696705407698013,-0.46859920582815945
2947,-0.19241044116209938,-0.579509220723866
2948,-0.3230241288439454,-0.6481435651890513
2949,-0.18353126688554547,-0.6091442810258998
2950,0.5548164011549304,-0.41734546572114956
2951,0.061794438076979985,-0.5993370608662333
2952,-0.089529777662915,-0.4998142299397048
2953,0.30618603581479054,-0.44934728230097426
2954,0.6270500453637395,-0.38193795170313266
2955,0.10446881876094488,-0.48815566544894384
2956,0.20585311628483494,-0.4893638321432164
2957,0.02487882262745733,-0.49228034760325995
2958,0.17703495735018893,-0.38340003090641755
2959,0.9780333609575453,-0.3242625854304479
2960,-0.22351761992198593,-0.494592864869639
2961,-0.7764036811348182,-0.2314332463166665
2962,0.04558586236390577,-0.14507025029309006
2963,0.15112979340686894,-0.5618759269790129
2964,0.006556195689255806,-0.3308343824025603
2965,-0.4472049011216537,-0.5657471935937018
2966,0.06480436584293164,-0.5405014381300036
2967,-0.6607866129916984,-0.5399409737617071
2968,0.3350823957754754,-0.5435884704179723
2969,0.3323318485699067,-0.5714450196679811
2970,0.38260338668098626,-0.6071145362101137
2971,-0.03014054961495502,-0.5767319178497993
2972,0.6561119604980419,-0.41483092706532154
2973,-0.06393949751490818,-0.5545414476197802
2974,-0.39373275846295597,-0.5266572450328378
2975,-0.07102462900738105,-0.5885201180101862
2976,-0.516940761475478,-0.5631283692361019
2977,0.17725087212938823,-0.501297826111153
2978,0.2686829033511846,-0.6148362565665328
2979,0.07484838588034698,-0.5717499356674582
2980,0.1888365066075799,-0.4681003356713321
2981,-0.15913999658003444,-0.4214509584189379
2982,0.18873848041174734,-0.5255790102565121
2983,0.7143957183852221,-0.3343216790246772
2984,-0.23448993089920925,-0.3813798327681468
2985,0.47377475530711055,-0.4452201001876181
2986,-0.17926771365229402,-0.452029552618443
2987,0.31683040718351574,-0.487588856416111
2988,0.6123114634770035,-0.13874840133530963
2989,0.22780605368244133,-0.0446557651602551
2990,0.4952846302329079,-0.3756477116339484
2991,1.824078169958597,0.4287105860515994
2992,-0.6823101475764071,-0.08237201756366963
2993,0.18794965174456596,-0.3305712041400249
2994,0.07754981324014376,-0.18184235720196867
2995,-0.8406528783781974,-0.3164938689044521
2996,0.5530777155673795,-0.41766537947998905
2997,0.23331557441275075,-0.5260484751908622
2998,0.19342727922993308,-0.4119492086856918
2999,-0.5209278960858754,-0.40751586715139027
3000,0.6018387549177809,-0.28691024553721933
3001,-0.3339202519076605,-0.5070721989380804
3002,0.45009219757727215,-0.37904361019039695
3003,0.13305781820610868,-0.11772256780677988
3004,-1.917966323783492,0.6031724578860538
3005,-1.646625482153706,0.3245567555794343
3006,1.6070599996417179,0.78832474016829
3007,0.660085938460092,0.18221130583873985
3008,-0.17721397193383234,0.07467452787493191
3009,1.688389445969239,-0.011664002601083759
3010,1.113263430281228,0.38132635142198984
3011,-0.9330834921237771,0.5584682009139834
3012,-0.7977218862124447,-0.11367941811418873
3013,-0.7132806390472448,-0.10347365097569852
3014,0.9476974684427262,-0.19506974793950005
3015,0.15805983413864177,-0.38827065031122815
3016,0.6904565198829649,-0.21611150824990433
3017,-1.246844364372192,-0.22268384378617673
3018,0.26626800953595076,-0.47656937313829156
3019,-0.5301604172659892,-0.36218124337237123
3020,-1.0917311475438949,-0.14789881416555178
3021,0.45424307647137985,-0.421353348019822
3022,-1.0109410526628644,-0.3354668604538953
3023,-0.17088865214539206,-0.40681534481744913
3024,0.9227560647472226,-0.3803931690977669
3025,0.3272719224618049,-0.3586963671632853
3026,-0.9251107320674965,-0.35265204789692484
3027,0.34045314446787,-0.3242949246682045
3028,-0.40175470639321365,-0.5490233575101471
3029,-0.1731407276780893,-0.46718903273037404
3030,0.5567398271292278,-0.2750170209500255
3031,-0.0945613851480199,-0.4971277432894176
3032,-0.47127024368737447,-0.46888336726045704
3033,-0.23595983285122524,-0.5402296400641313
3034,1.006493623689566,-0.4166311365011346
3035,-0.40182657049578685,-0.6133124205971956
3036,0.41564868951364176,-0.4826890830778706
3037,-0.7969815148419146,-0.34350301710585557
3038,0.4755936540651866,-0.48802765400416387
3039,-0.2996078568726249,-0.6147343891098984
3040,-0.5085514230024161,-0.4727654862788065
3041,-0.20620110721915313,-0.5262282842797407
3042,-0.21612187721060705,-0.4890534846977244
3043,0.34046533288868486,-0.49365965116170385
3044,-0.5868771297370903,-0.3917454049876797
3045,0.4412120817343095,-0.5683684003324365
3046,-0.021544855912931926,-0.34710601313940453
3047,1.0869937947952797,-0.3225031082037765
3048,-0.21882270822331565,-0.4046339026483155
3049,0.795505311965383,-0.4847962378277315
3050,-0.04544423745329826,-0.22224242843027403
3051,-0.2065406915251678,-0.5021055951155659
3052,-0.6510109353965355,-0.3862779541403442
3053,0.41043304772070544,-0.5914273013990258
3054,-0.0841095359584377,-0.33583664260613794
3055,0.7244133333168663,-0.27021341882150973
3056,-0.09077078666241745,-0.4255963180148007
3057,0.37495232305452775,-0.3703736129461849
3058,0.6744148923923811,-0.30246334572487493
3059,-0.8232140133509378,-0.2550920550545993
3060,0.2650627844521226,-0.4106909883593535
3061,-0.34443678275239686,-0.5686693081088914
3062,-0.13958593147906193,-0.38507619794584713
3063,-0.16945420781865966,-0.5421446603509239
3064,-0.8043757219521935,-0.336670221330115
3065,0.13601926891400928,-0.512250985856756
3066,0.028529399502398523,-0.581423006556147
3067,-0.580194427195257,-0.4506080486474798
3068,-0.16400478949979838,-0.5004743176969607
3069,-0.31425413706729893,-0.25251448176473795
3070,0.10869830806614467,-0.5006586928530409
3071,0.30366536832971924,-0.3365262537276287
3072,-0.8865288327605235,-0.32116219476020574
3073,0.3891234259000582,-0.5780854014374814
3074,-0.627802268037037,-0.19933354563580857
3075,0.21766089144340073,-0.4330042800824527
3076,-0.6574026298630677,-0.16575148485781768
3077,-0.3959275855477777,-0.4403492069547384
3078,1.0598594887376735,-0.4255972241811592
3079,0.26775092053819316,-0.4158453688020501
3080,0.1732747792630706,-0.5976378567766204
3081,-0.1552196520429835,-0.5946716848829532
3082,0.42449543257217837,-0.5390683304577171
3083,-0.27012684198987075,-0.5467175265455918
3084,-0.5658627441007021,-0.5766318999026299
3085,0.049346765589243946,-0.560184451040789
3086,0.5394090431880965,-0.5177211477701446
3087,-0.13536463593140285,-0.4679687820925265
3088,0.07478119556477925,-0.5239023569202672
3089,-0.18329995951781414,-0.5530611388553133
3090,0.6362652862572116,-0.268873580483099
3091,-0.09280092427742836,-0.4585185816923791
3092,-0.06595211126529607,-0.5242917270929507
3093,-0.30941778634079864,-0.5313862621927041
3094,-0.33646497447320345,-0.5111227682431845
3095,-0.19199513458319,-0.4527337230940025
3096,0.7757242095302892,1.1432366518574217
3097,0.8094641659225936,-0.269455561414909
3098,-1.1270097685584157,-0.05139044719199723
3099,0.36798250554601786,-0.4424602724025131
3100,-0.15338520194922015,-0.4373343513270151
3101,-0.3357978874561213,-0.36550683092321695
3102,0.3092759806632651,-0.0273062248441881
3103,0.8717776308083764,-0.2194234419913132
3104,0.17278856096291817,0.35350915604410843
3105,0.8031916383671567,-0.19997386058579725
3106,-0.8647864693517494,-0.20335807380318227
3107,-1.4806840783709154,-0.08982403622881613
3108,0.9806605259894259,-0.34017136330889314
3109,-0.38038436230765105,-0.4395247956481481
3110,1.4140423779197555,0.04734055272955623
3111,-0.18639766808549815,-0.3945270967155861
3112,0.18551635291834262,-0.49375866915671823
3113,-1.1074261837067212,-0.3295426211671423
3114,-0.6029013266649337,-0.22260272436502893
3115,0.1874822236276391,-0.4299445567940664
3116,-0.42861856444690366,-0.5191623711536616
3117,0.27599422815053964,-0.4263984699411319
3118,0.4634207651429033,-0.5568038094505261
3119,-0.4451638690437153,-0.3896711408510715
3120,0.3102759905426069,-0.5516150547170051
3121,-0.9194539877629995,-0.2805058867285116
3122,-0.7141447823421052,-0.046140232388622054
3123,0.19024927112877338,-0.4835791067032016
3124,-0.6427450135231746,-0.4155674617227986
3125,-0.09453932623913441,-0.29262538987466974
3126,0.34167652260702164,-0.42524409641598165
3127,0.005828160143344141,-0.5772876028941216
3128,0.27058456773555206,-0.5771066209781521
3129,0.02213231138388877,-0.5350870125586542
3130,0.4043380031492305,-0.5629683995438028
3131,-0.2885614624189011,-0.6288880462220876
3132,-0.4214923932292015,-0.5437123177018447
3133,-0.5354732021111537,-0.4923063237587474
3134,-0.15602212512559802,-0.5229199783642963
3135,0.10026185167621104,-0.6287868862367335
3136,-0.2551966796934261,-0.5692236509745208
3137,0.012532709001878528,-0.6507236846300427
3138,0.27838422969609256,-0.5668087393406899
3139,-0.16991149229824257,-0.5412554761480818
3140,0.30884401574939024,-0.6658328223878855
3141,0.172770897365758,-0.48530334235272204
3142,-0.24651434051793808,-0.47509037622970046
3143,-0.29680186207529036,-0.5850874934258807
3144,-0.3874625039364022,-0.6294867086514909
3145,-0.008779636151729414,-0.4294449088053804
3146,-0.599075028459126,-0.48647523933406084
3147,-0.015069330675852644,-0.4056445818522659
3148,-0.22776142160254878,-0.4761607026040483
3149,0.09453036015556515,-0.6153712943354088
3150,0.5398977069643032,-0.5691485709267209
3151,0.3439440453718172,-0.5496846976284367
3152,-0.35096000682438505,-0.614578556116629
3153,0.06457352490161106,-0.5925773318041728
3154,-0.0037101611734825513,-0.5689736598785975
3155,-0.3898856054836136,-0.43946915512514145
3156,0.12347463715691553,-0.5064362956223047
3157,-0.18777057986348836,-0.6172783845269243
3158,0.3013785286039511,-0.6084648822222406
3159,-0.05233478897648469,-0.5925620796052583
3160,0.3704921276341562,-0.6256567154261832
3161,-0.08179479617739926,-0.5895036351499194
3162,-0.3854001437144225,-0.5004848809869826
3163,0.25048148514425705,-0.5408259049195299
3164,0.31960383473649,-0.5379341160558517
3165,-0.5305887818896626,-0.4996544039874487
3166,-0.351008285639874,-0.5127895626825454
3167,-0.48878088839278244,-0.5002781770244961
3168,0.47602165722939804,-0.5278997046171446
3169,-0.30160477295954724,-0.5376931475321413
3170,0.08721130976084501,-0.6348414910387324
3171,-0.36862939524413796,-0.5583465676211531
3172,0.4421215366717657,-0.5664745600333013
3173,-0.06085871270219664,-0.6129682479135605
3174,-0.6088391152939726,-0.4019908370145538
3175,0.5356259666166787,-0.42349984429798904
3176,0.27691504871490025,-0.3655988514625071
3177,-0.34853592411807727,-0.5808071632769285
3178,-0.3433540710843483,-0.5275131553047698
3179,0.22756060121955518,-0.6616177430748964
3180,-0.3062493653316993,-0.5545600950345174
3181,-0.019561481278235315,-0.5780488852838316
3182,-0.4231927231641498,-0.46010818406594517
3183,-0.04508910254357218,-0.5781608510546059
3184,-0.637074114562667,-0.21998165229990713
3185,-0.48342249746896154,-0.08676902647460974
3186,0.3609090954576275,-0.39898720369871077
3187,0.36023853199525024,-0.5107067487248202
3188,-0.2730826248842544,-0.553368156622741
3189,-0.05609427065679967,-0.5334259618224924
3190,0.16547160662319182,-0.4687894267003004
3191,0.5108145378478763,-0.4438769330012487
3192,0.22977416797132832,-0.49867581654892223
3193,-0.19748300613100112,-0.5874817821400661
3194,0.32788041090087683,-0.507537515005554
3195,0.3173559577524503,-0.3820375795858062
3196,-0.2856087563445324,-0.31518033340895424
3197,0.25141425511988724,-0.5651235732868778
3198,-0.2127027067126932,-0.42200415769765565
3199,0.03069861287181569,-0.4245396569538629
3200,0.19113836361371084,-0.6952219375947359
3201,0.1527988548887083,-0.5392325301282629
3202,0.33568771895324234,-0.5330752802980511
3203,-0.19183549681993053,-0.6128185833078215
3204,0.23669924898813255,-0.4645664855144411
3205,-0.3687634971835816,-0.43592311844694337
3206,-0.612379253203756,-0.3634070476282711
3207,-0.059450737209828686,-0.3209497077667636
3208,-0.76011621143424,0.007323220815595763
3209,0.18251786036490458,-0.4565615638292053
3210,-1.0199029483854947,0.057739754081627945
3211,0.23254077551514435,-0.1051057041020426
3212,-0.5120651986094242,-0.4184465804455492
3213,0.9522321075506801,-0.5692207344731489
3214,0.22883942092493503,-0.4785230264396133
3215,-0.17348803327173784,-0.5428481645794999
3216,-0.7811149511347961,-0.5204396968408285
3217,0.14997994023182926,-0.4865893394924795
3218,0.3489055858916623,-0.5305516054503289
3219,0.47599281616525957,-0.5101127298705662
3220,0.00565180994510972,-0.5760373912502885
3221,0.3244790939018085,-0.5596934302405588
3222,-0.23537040730638817,-0.5641482678925218
3223,0.14928601193583335,-0.5321971635901884
3224,-0.3810667769551165,-0.5055322214260611
3225,-0.03864269660605302,-0.5396405209223486
3226,-0.4169383945955853,-0.47518276093247963
3227,0.9721909062417351,-0.5235223601115732
3228,-0.5839106842301184,-0.5539925772914467
3229,-0.30602261949185866,-0.5571382855252277
3230,-0.21379213333784328,-0.3928529788857797
3231,0.08697720724951596,-0.6137573268473022
3232,0.47332713710003826,-0.5086710791266479
3233,-0.3931361507995611,-0.5783283808600757
3234,-0.28537439938903475,-0.5127383543906066
3235,-0.6460502161996584,-0.3843202099406942
3236,0.1888886356429217,-0.4175158276995053
3237,-0.3111598592775,-0.5595408306305232
3238,0.44241691641780245,-0.4033704359042382
3239,-0.4663922195433954,-0.5434932674980965
3240,-0.21658903601098664,-0.39275279323456547
3241,0.1968210275858338,-0.34179071415007944
3242,0.5225004220156506,-0.5264418718554013
3243,0.2503645821842157,-0.49311239146883684
3244,-0.8983051616821914,-0.34312499277747777
3245,1.123188152074355,-0.2284413507316297
3246,0.8401941205692096,-0.43673091956719595
3247,-0.3816835601916961,-0.5676532971326397
3248,-1.2112503226794349,-0.34621202369246573
3249,-0.12054440251168275,-0.6216318640745975
3250,-0.7315268274119922,-0.42265749445237344
3251,0.3099694863332292,-0.49131582952862335
3252,0.10034100713916583,-0.5482622306428778
3253,-0.5284326182401788,-0.46749611838976896
3254,0.3296265563697084,-0.41688561379088274
3255,0.07633314174454914,-0.48354882544217964
3256,-0.7116728059201008,-0.28948354048338565
3257,0.041101260818707075,-0.3788500461320996
3258,0.5125837650532513,-0.47614996319320707
3259,0.3496013244898739,-0.44051787649925844
3260,0.12276208294168056,-0.5931617570348391
3261,0.23670884738380843,-0.4896168270120523
3262,-0.3407972923200976,-0.4198811854542807
3263,-0.4202434366819599,-0.44321706844433845
3264,0.3161099182272922,-0.3681202994060637
3265,0.03882813374359689,-0.5804353814913956
3266,0.2276673541790249,-0.506246897408237
3267,-0.539610708813868,-0.4843756333227402
3268,-0.4216938420450286,-0.43429024015815826
3269,0.6201717934763167,-0.36566408910334547
3270,-0.20068691366001998,-0.560531681237191
3271,-0.46371401383629524,-0.3976411016848888
3272,-0.9465328833218165,-0.07902525118431364
3273,0.12484803048888471,-0.48655502091313757
3274,-0.3387910711505253,-0.27733485059828883
3275,-0.48826695481201127,-0.41292721887552136
3276,-0.022288026221086388,-0.5667955288895228
3277,-0.12267881406045764,-0.557198949444266
3278,-0.09564469411096305,-0.5450591402729035
3279,0.2547713237219543,-0.2469458807149691
3280,0.2443228319029631,-0.4520135372046381
3281,-0.28181488248047964,-0.5445210383364875
3282,-0.0033638190329281503,-0.5386773606066644
3283,0.20918475414027937,-0.5619030326505984
3284,-0.21010401174105045,-0.47610345401976617
3285,-0.28736638331909753,-0.519788570170025
3286,0.3088514447054038,-0.5012066006174813
3287,-0.3332686425455289,-0.5322162178640519
3288,0.191300262854173,-0.5998391428900783
3289,-0.36288798288588303,-0.5391804435139055
3290,-0.0874800344078075,-0.5955280061244681
3291,-0.28627021573948164,-0.28856734457571914
3292,-0.6788411596601334,-0.3843832708548703
3293,0.6476285184373933,-0.3806371681304498
3294,0.4632171484393366,-0.3559883880816919
3295,0.5367712774964853,-0.4294923484916293
3296,-0.06453132886902785,-0.4298547490613514
3297,0.20947622461149012,-0.44146874760698135
3298,0.23771961881967507,-0.398435897425578
3299,-0.29470310581240466,-0.3497695183769671
3300,-0.5802111741952002,-0.49563044465336
3301,0.27171395191677905,-0.4667365726661196
3302,-0.41334076614963633,-0.4298984496722333
3303,0.24619605698462205,-0.42481510100068604
3304,-0.996505187041768,-0.2816661106900943
3305,0.05246382546455752,-0.4240908802219631
3306,0.4677235499962322,-0.46073748189360525
3307,-0.7111585544508591,-0.49210261118517007
3308,0.15305477279490487,-0.2734404337087034
3309,0.23406895775508885,-0.3948186836356708
3310,-0.2360757975245462,-0.4919078134350023
3311,0.43384487762037915,-0.5454520014589501
3312,-0.16276259948277422,-0.6269815355781969
3313,-0.5359465049324859,-0.4910065411565009
3314,-0.06210936815708451,-0.5794200489066018
3315,0.40805949350126014,-0.4090668349313522
3316,0.6043182014119304,-0.5132635906213546
3317,-0.35555181173380335,-0.5818836355103656
3318,0.2610191879253082,-0.5661962378331243
3319,0.5382631102891484,-0.48045098271544356
3320,-0.15004963991571968,-0.624980886784742
3321,0.12496673806781428,-0.65087833439235
3322,-0.7979072224024806,-0.5240555495584979
3323,0.33995141414509056,-0.6012602504592361
3324,0.36343912452458293,-0.5713717968617064
3325,-0.106703190393038,-0.6739772216457756
3326,-1.9122627711616298,0.13750479210938854
3327,-0.2397661110504203,-0.4502430918182262
3328,-0.964383769938081,0.020319393359281013
3329,0.5193714076586916,-0.5062541881276387
3330,-0.49904314953193024,-0.19471286566526905
3331,-1.051309387354498,-0.0835466277727591
3332,-0.38246424667467604,0.02797145791867725
3333,0.44842165359228847,-0.2498091396801136
3334,0.5878498589122622,-0.09115676512167391
3335,0.8500743452441388,-0.24059805398087541
3336,-0.2992131067647913,-0.4056025113945859
3337,0.31158904530431,-0.5325536134024041
3338,-0.6907592015398021,-0.45113086404734626
3339,-1.0868287881335714,-0.09189153162893643
3340,-1.0048983330651617,0.5913906516394778
3341,0.024943995583287526,-0.46712807218777813
3342,0.5396617965613846,0.039132438342501394
3343,1.1865749560220376,-0.0341347860021186
3344,0.19240804738934064,-0.289775495214843
3345,-0.15417669757714272,-0.5331384150574346
3346,-0.42214758611725983,-0.4558562291458854
3347,-0.3179002172358189,-0.48189655731629716
3348,0.5573574622143467,-0.5325755439769472
3349,-0.6544120692069731,-0.5342018403973573
3350,0.5122820685840788,-0.32917422680285285
3351,0.7223872708078942,-0.46398859040008694
3352,0.46179447006411356,-0.405736470210248
3353,0.0655773828049282,-0.5823962896184167
3354,-0.2916238307761337,-0.4004599586617425
3355,0.47694485970737666,-0.5566678267285493
3356,0.013356127376770943,-0.4870343168001454
3357,1.1547406391664374,-0.272593039516377
3358,-0.503370390568386,-0.36028175982425287
3359,-0.15147741216861244,-0.480554570596258
3360,0.1046451646728046,-0.5416222311490375
3361,0.07562685347189435,-0.5924739320373227
3362,-0.4426712466216998,-0.3888969775706947
3363,0.029307773578662433,-0.5308001199971188
3364,0.44245486190664796,-0.5401837740274046
3365,0.08182406581326723,-0.5730145681770806
3366,-0.1699562459431206,-0.3319423485321822
3367,-0.2613296780165745,-0.4419692624829153
3368,0.10941664405907853,-0.526032426783354
3369,-0.17230743733109724,-0.49055862399687883
3370,-0.21851719144357853,-0.5801800201630817
3371,0.47674838053340984,-0.4965721253885672
3372,-0.27494854315844397,-0.5268895833566191
3373,-0.30779377852316103,-0.5070541772066695
3374,-0.7699309470784096,-0.31354873111533416
3375,-0.7531581380734184,-0.2887407570889929
3376,-0.6480585279072462,-0.1779897990498076
3377,0.05705794353662719,-0.42849329528321783
3378,0.6830179234924311,-0.29190828130417057
3379,-1.2640309715581601,-0.06986984867278505
3380,-0.37415257369709626,-0.14615096005228123
3381,0.366058483243631,-0.44016483638290566
3382,0.6227570250069336,-0.19288354255884954
3383,0.22773809167043552,-0.28326106923874445
3384,-0.13175328016294713,-0.4566755979528486
3385,-0.024207022484576762,-0.483228690947613
3386,-0.5434935845024357,-0.13815900989910618
3387,-0.20167830445207605,-0.38391286131458097
3388,-0.8197343406962843,0.4355094528440418
3389,1.1741210506695432,0.1672254590112489
3390,-0.41229900623056287,0.19417493585971396
3391,-0.02871607433656445,-0.15088318541432758
3392,0.3459729379354013,-0.39797092409017726
3393,-0.4542662674097583,-0.2784610131613095
3394,-0.2535768003561377,-0.35351304587579646
3395,0.12483049586715284,-0.45380385988457206
3396,-0.8079921010156634,-0.2723865659016092
3397,0.08637766272806557,-0.38071114629179115
3398,0.7605784935150246,-0.46732596305257657
3399,0.9952032916699349,-0.2589160867639277
3400,0.234318953409351,-0.41873784273501863
3401,-0.3636494523267823,-0.5259006471515009
3402,-0.49445258599746245,-0.316809861988225
3403,1.0727414217486424,-0.474283339503997
3404,0.4902000237779732,-0.2184794380948813
3405,0.19990210192031338,-0.6276168304005225
3406,0.39929726823428346,-0.36724659939115334
3407,-0.2474679397322535,-0.49576341700053833
3408,0.9154393632525135,-0.4089430398065417
3409,-0.3050125160060413,-0.5484474494329439
3410,0.21397366813095609,-0.5427832314109607
3411,-0.5037959703247988,-0.5025412925052238
3412,-0.6197618055444625,-0.44266468046719337
3413,-0.5270887396839117,-0.4978114091154712
3414,-0.8051750807024551,-0.28034806414986774
3415,-0.23706562435632633,-0.5617491174364897
3416,-1.1026585637436996,-0.2021598254698001
3417,0.7751231735311812,-0.5314602077332171
3418,0.8892179499341284,-0.5063504110943668
3419,0.2017224679405823,-0.594591969853149
3420,-0.5776527807831515,-0.5826589362777078
3421,0.5533575790350557,-0.5515380620678911
3422,0.41355411242407314,-0.5665551031631871
3423,0.17978387169145038,-0.4839941059054607
3424,1.01660159288508,-0.4050888709923232
3425,-0.4552034777953273,-0.5306980420885136
3426,-0.29283064464500114,-0.5687834602860601
3427,-0.5137143385477927,-0.500294230679912
3428,-0.31357152445131053,-0.6012151166226911
3429,-0.5102871979607337,-0.4785973804088666
3430,-0.012750827689543637,-0.3073141228655712
3431,0.3867181994106249,-0.5053882696955996
3432,-1.3204065859035472,-0.2687608234308939
3433,0.3740346418169538,-0.5801464076281483
3434,0.4153540788605665,-0.5701891685807039
3435,0.17684537946505774,-0.5586892505992989
3436,-1.6576867936312722,-0.11824675972048787
3437,-0.350188615974968,-0.4831793400529966
3438,-0.3302415134723484,-0.3622712980938327
3439,-0.7157006631748015,-0.040213002011581706
3440,0.39093081221754034,-0.3535130271478401
3441,0.9929478108800542,-0.2691675086056537
3442,-0.5076185636252569,-0.5048142905342351
3443,0.642761332062586,-0.4851542118763709
3444,0.47013953977664313,-0.4842312161222576
3445,-0.09831229898150765,-0.5323356798357336
3446,-0.24162136254017855,-0.6404228895176824
3447,0.7065978960704709,-0.560143712567698
3448,-0.27773865978139517,-0.5523840324326178
3449,0.22937683339848525,-0.5810378808052381
3450,-0.20839311122039186,-0.5642286439986862
3451,-0.6601202078032934,-0.4359790833064712
3452,-0.3055014644627528,-0.5567548481639012
3453,-0.34254585049383124,-0.38092878870727204
3454,0.5432913294541244,-0.5605503034469509
3455,-0.18570315314682043,-0.6015936757140576
3456,0.2637218056060395,-0.5720292144822234
3457,0.19318086688122105,-0.5370883171880222
3458,0.08342511572427025,-0.40889140013270525
3459,-0.6238913468590533,-0.45750957456946845
3460,-0.11395339787063719,-0.4566187639938622
3461,-0.037136035351596625,-0.5199975226360907
3462,-0.9988993707346696,-0.3395552024095625
3463,-0.7535000714706876,0.015852784009305496
3464,0.9163605552669698,-0.34918459061581225
3465,0.40007900668283036,-0.5689157121438926
3466,-0.704658157599108,-0.4702338550539754
3467,0.036672583782193624,-0.5308655023013454
3468,-0.6818133483252898,-0.3064113071234933
3469,0.693256855146827,-0.3790036591508776
3470,-0.5498811443805431,-0.46324692989564226
3471,-0.02806664151339819,-0.3397962654472268
3472,-0.683946409950972,-0.2757112748973058
3473,-0.46570546119326417,0.07523366038413166
3474,0.4133033227715348,-0.3676742698304752
3475,-0.4543865964092326,-0.4761717611935336
3476,-0.20621040867723095,-0.3317025657937616
3477,-0.37429319204478423,-0.08474340965685563
3478,0.509621784314765,-0.36278763383795964
3479,-0.2722728119123866,-0.35922272071925965
3480,0.6277977794049433,-0.29183104917781505
3481,0.22636629926459367,-0.30743021290286326
3482,-1.0879322872544108,-0.20903588177664428
3483,-0.6113296956412626,-0.33653794045196667
3484,1.3839346550652882,0.15947866707018726
3485,-1.2835417716541317,0.6181476633522507
3486,1.6131595954700946,-0.0319662645770166
3487,1.0830119850921107,0.21398354843076778
3488,-0.410066357026347,-0.3955693350519161
3489,-0.4990102089346019,-0.4020535207759872
3490,0.5280218281475333,-0.4653624595244456
3491,0.8465217131799454,-0.43755125753875107
3492,-0.16542620243724948,-0.3946918017250341
3493,-0.3099414378104983,-0.44623418819831123
3494,0.6869553403096627,-0.20570210931259736
3495,-0.7886575209294242,-0.3884436933259417
3496,-0.2274379468175422,-0.46529714939621436
3497,-0.9461577944533806,-0.33588404487496576
3498,1.3707884825656997,-0.34733058449419146
3499,0.8562317333136455,-0.4946049436555438
3500,-0.6656720192704362,-0.4322374265283126
3501,0.0011518692740982994,-0.6271622048796557
3502,0.4310107809530941,-0.5308558094380915
3503,1.0198537784932387,-0.3491402818386471
3504,-0.49040095392257366,-0.48688668555646325
3505,1.2216077553408005,-0.21007343835936737
3506,-0.23004649219077197,-0.3366942913850205
3507,0.24556380579332787,-0.5218475784871409
3508,-0.010157983242995883,-0.572455743726467
3509,-0.6195909897246022,-0.45946870714426047
3510,0.23931819044027236,-0.5435811742414468
3511,-1.1380199585340962,-0.4047685142421779
3512,-0.4315169129139349,-0.5345658264098114
3513,0.0006048193086349296,-0.561799147730809
3514,-0.208534167211684,-0.4859944059301086
3515,-1.0642388658905937,-0.4457532021379798
3516,0.6246212115211599,-0.3069406024775624
3517,0.19459655246428575,-0.4822402094823583
3518,2.5599056144140975,1.2553807151145888
3519,1.2534098631998196,-0.1659398904128273
3520,0.32203363747066827,-0.04732263780384159
3521,0.6636677093273455,-0.28810552035563974
3522,-0.6527809081550622,-0.07335725191863661
3523,1.1291706085554336,-0.14876892290625837
3524,0.6713610580271423,-0.2754300788074717
3525,0.008303483004257373,-0.11468522442637707
3526,0.5323551239204949,0.0003312555292562386
3527,1.3780687970139847,0.6913494035119077
3528,-0.26787104712006266,-0.19814637574357863
3529,0.2353439647493884,-0.38150328975190995
3530,0.2384581228600866,-0.08688884577222213
3531,0.3733025175021557,-0.3782148566007297
3532,-0.8465270604428211,-0.33474420154324125
3533,-0.33776176033836114,-0.4795881959898966
3534,-0.8721224597154454,0.37160584217968345
3535,-0.2763005909156471,-0.2804058272171262
3536,-0.7135059385163295,-0.33673160867479646
3537,-0.2864496185087869,-0.37395226326751885
3538,-0.7483657043780272,-0.35778139135629966
3539,0.294809156273523,-0.26733394322594495
3540,0.18860272219570473,-0.5080275904831916
3541,0.10788686194544372,-0.6077752216794546
3542,0.7861075071909096,-0.46649156317990564
3543,-0.3675802164853829,-0.5101832711025268
3544,-0.36628965543177405,-0.5722307609250614
3545,0.1959311530336283,-0.5319135890720413
3546,-0.360560468951102,-0.5588073085191845
3547,-0.3091046393262274,-0.5384096473057486
3548,-0.30108287572201,-0.44593058954828535
3549,-0.06752046144184032,-0.5119096859619758
3550,1.0056788418864033,-0.39155670280606925
3551,-0.5913905919453761,-0.5182507349417692
3552,-0.25987393186613106,-0.5336611312106585
3553,0.30632862340689926,-0.5453032541500512
3554,0.4233852504128388,-0.5073816508772712
3555,0.4447819700647848,-0.4236763959087988
3556,0.35458604590586296,-0.4572467173833609
3557,0.29608066772103503,-0.4619280951129993
3558,-0.6061140342929361,-0.4435936136258768
3559,0.2840278652269176,-0.5484274966513052
3560,0.5522121920695071,-0.35210418350491646
3561,0.06985162360165381,-0.5381446177916065
3562,0.05667515467492634,-0.3975629788636145
3563,-0.27807244356708805,-0.4943974545753626
3564,0.36623269792319013,-0.5209774526606769
3565,-0.12895618473759685,-0.600563475498239
3566,-0.22996732559394062,-0.4958398423367903
3567,-0.47596673344591445,-0.5088951171511088
3568,0.65896137890585,-0.5392898181232928
3569,-0.15561345807150273,-0.6428324547969919
3570,-0.13814414081748666,-0.5609102991877211
3571,-0.30999482109752474,-0.5363430207777431
3572,0.34384339107856765,-0.6244486645188736
3573,-0.008111351299150527,-0.5290442910966301
3574,-0.40314345199156953,-0.4074391270457769
3575,-0.10131400906489829,-0.5246914216248043
3576,-0.36688405127591395,-0.392799921930574
3577,0.15332795093701507,-0.5198405424518325
3578,-0.707916281100099,-0.36031601304075106
3579,-0.4007437670415195,-0.4393772814671425
3580,1.304919224701884,-0.2540506307751585
3581,-0.6999977354643478,-0.3311522210129876
3582,0.26289666525163924,-0.29432940340822294
3583,0.6977847914203564,-0.4515557756548233
3584,-0.6612944739160642,-0.48325460258333475
3585,-1.2014064359587133,-0.17975174064991062
3586,-0.45840382762252163,-0.3702876208353511
3587,-0.011421827027608744,-0.33247343345091523
3588,0.3493968624058197,-0.3831057494885484
3589,-0.6355515116904918,-0.46441080033723203
3590,-0.43664729897938104,-0.3267475122368907
3591,-1.1350117733598073,-0.28120716491905956
3592,0.5492947366310768,-0.3767956011788561
3593,0.82696019992442,-0.4320394843559007
3594,-0.19505681233889802,-0.4896226995714653
3595,-0.49593328393547387,-0.5446746763996979
3596,-0.05658395729852528,-0.528893280400007
3597,-0.5039400377262069,-0.26464505605473
3598,-0.458382862140886,1.127891706115146
3599,1.075747766675363,-0.1152061710738696
3600,-0.47937725618193666,0.036191191660510366
3601,0.4744359420941826,-0.15667509584664507
3602,-0.5532407197934855,-0.4717026225033254
3603,-1.4800737980469534,-0.31974342286122176
3604,1.6058531932203342,-0.11045675700199298
3605,-1.14308163347692,-0.22026471546882348
3606,0.5728424556110429,-0.47941760866718597
3607,-0.45980302723243105,-0.5718215102239791
3608,-0.09793345968159511,-0.57296997033687
3609,1.0222225847233204,-0.443290857112955
3610,0.3658664491698176,-0.5509093725572324
3611,1.1332973376695492,-0.41457859052036344
3612,-0.01283982131753486,-0.48289317274088134
3613,-0.28875527618509056,-0.4928726911657809
3614,0.4255288420277339,-0.3526424613220008
3615,-0.3448979847111978,-0.6138893908251839
3616,0.5434878621640957,-0.45634977640270985
3617,-0.12664421227914607,-0.5215024031666361
3618,0.703018035397967,-0.5329878176433805
3619,-0.5338840068366126,-0.489374176739173
3620,-0.4219320077999522,-0.40390212308079465
3621,0.005197700319191423,-0.6342422303195869
3622,0.1739101063587435,-0.5387732919807633
3623,0.25637558462827714,-0.5231863061015154
3624,-0.8713410324645505,-0.48127934850924764
3625,2.4250126756983765,0.07979670632838785
3626,0.6057712874574748,1.0509663809703425
3627,0.5399097312706549,-0.08050555013022527
3628,-0.647155847407578,-0.3271344989035172
3629,-0.38081429526073995,-0.3119273080039008
3630,0.7979009398717387,-0.36303543604381355
3631,1.9544473350419103,0.9254096636770838
3632,0.3634444526354942,0.4411875152874141
3633,0.2154407254249454,-0.16079366880461832
3634,0.44500231632904574,0.03498392731187573
3635,0.3090719411274767,-0.26289681486352967
3636,1.2538925424855842,0.40702683147421204
3637,0.5836647040422935,0.9751847821203641
3638,0.667684478151489,2.8195122874411425
3639,0.44561159561629404,0.1693944772622969
3640,-1.069827377609613,0.10526061563404872
3641,-0.5611619785828511,0.49350357394141203
3642,0.3597600898304907,0.0516213846296386
3643,0.008431182499271994,-0.03836073418887026
3644,-0.12196899602729663,-0.23855026683832226
3645,-0.29041864835774484,-0.3651082676776693
3646,0.8419617872096854,-0.2584809211313394
3647,-0.2595844989334235,-0.4566908723234396
3648,0.10116676011587872,-0.4296670769575767
3649,0.29293360128717083,-0.21043645989084664
3650,0.4929556663058191,-0.17748671955413842
3651,0.7523893484854793,-0.11307760158709299
3652,0.2616266133356414,0.04267897602714206
3653,-0.4439230885404961,-0.03152748702773618
3654,1.0776769021655077,0.3794740897100189
3655,0.1096404709437524,-0.14982756965876942
3656,0.5273624099508273,-0.23072629617389978
3657,-0.1723202806929983,-0.18617734204804526
3658,0.0037619881779205055,-0.34492907078475654
3659,0.1683895360519725,-0.3735573732130173
3660,-0.0654450067124685,-0.3462817007324686
3661,0.814081498256269,-0.2894228673411754
3662,-0.3972219793365054,0.17318118299959767
3663,0.48340970015024776,-0.3312835343878077
3664,-0.5198180262431212,-0.07102323265844514
3665,0.7351234674800234,-0.04436866336465643
3666,-0.6876206710176429,-0.16995084520126919
3667,-0.732619932002076,-0.029956714717867622
3668,0.0037913122373213204,-0.08215089964740921
3669,-0.08124931425805645,-0.19814480679469826
3670,0.3253845772657292,-0.2796718683435607
3671,0.5844374978009226,-0.16265805589564525
3672,-0.7454901192890098,0.24016098446953688
3673,-0.10301510404952025,-0.4333041652186604
3674,0.2420275420406548,-0.27397148361250595
3675,0.3346824460766292,-0.39609133208435937
3676,-0.3304829690985536,0.051960439276298884
3677,0.0529043828774412,0.10759997559378272
3678,-0.6263237891896228,-0.1417043975256575
3679,1.2105482078852985,0.07851197371188075
3680,0.48610680795671257,-0.17524805998186366
3681,-0.24240291434140274,0.22601912361672788
3682,1.474623571527149,0.35066035728979766
3683,2.4388515856376016,3.6709452011389683
3684,1.632975670344307,2.127724369654918
3685,-1.3776267143941405,1.8054058364903942
3686,1.0690812010434239,1.1829496479343526
3687,-0.32433107933856054,0.1833386879715826
3688,0.7837202404269321,0.13270399055837812
3689,0.08873792058870389,-0.1958989780442777
3690,-0.42985081407536013,0.04783682645930305
3691,0.8514740818409028,0.3181018986381444
3692,-1.3741977881344836,-0.011601294100743079
3693,-0.24293131733378542,-0.021601338378444454
3694,0.63730270147451,-0.10259020825108307
3695,-0.11441187958206772,-0.1803109362354512
3696,0.33149055097470326,-0.29822217405193147
3697,0.03698002433445352,-0.43949049037623683
3698,-0.6117394054264644,-0.35740837670420406
3699,0.7056630943286253,0.10273766456959911
3700,-0.30292983069484614,-0.40989298221955944
3701,1.208983784115178,0.2930525403594976
3702,-0.15488500222768914,0.21516522362153356
3703,0.9669528374325611,-0.2795548968303969
3704,1.9846244793250531,0.9743079653964268
3705,2.291112610290578,1.256890113056505
3706,-0.7357276625021235,0.26871147054631583
3707,1.005906582746289,1.369656110241892
3708,-2.260864705605281,1.1845700157794203
3709,-0.0022751153153672266,0.33324769759351086
3710,-1.035938053650913,0.16895146554883228
3711,0.5755840731749161,-0.2088500651718052
3712,0.9922344693673524,-0.18101758160594905
3713,-0.39233563636369817,-0.3394816768935925
3714,0.0986624048522915,-0.34498931600315513
3715,0.32263836128989754,-0.24136530614563345
3716,1.0861995313168034,-0.10982112984491076
3717,0.8053661207104794,-0.03362975147065738
3718,-0.9617249664778373,0.11248190687478622
3719,-0.5906359415977762,0.03518149229688783
3720,-0.0033463394823890213,0.05093941487257074
3721,0.2912436772818552,-0.2609489399209648
3722,0.5520293188518675,-0.0702968819564896
3723,-0.23422832625449624,0.07638533754505118
3724,-0.16404186295571077,-0.36391097067516476
3725,0.9959866285111292,-0.16936421910224114
3726,-0.6330176768773468,-0.10416889320460884
3727,-0.7646060871200263,-0.05959151278231181
3728,-0.17258114138942784,-0.10413624200755299
3729,0.21586084680754825,-0.13652524712954253
3730,1.2869314208720057,0.011673184516191398
3731,-0.03130157486497098,-0.2156792706999141
3732,-1.5958489426356683,0.16120590376785465
3733,-0.56839282763836,0.1445713285567028
3734,0.8689430690107909,-0.07216018231993403
3735,-0.4805938045428564,-0.24294951552381694
3736,-0.2692408607738893,-0.2903714430206884
3737,0.3931789006253684,-0.3925248976917292
3738,0.4791503232699732,-0.2764767157030649
3739,-0.050732086369119606,-0.4521608233773933
3740,0.46154653561272085,-0.3915062512726996
3741,0.22430102572993843,-0.4447181732715252
3742,-0.06937590290666179,-0.33150979085640797
3743,1.2234766908272292,0.04106773808783226
3744,-0.13827431886996902,-0.3464579093239406
3745,0.581634141815707,-0.24675626394286543
3746,2.278803924694614,0.7011430758801297
3747,1.547794615701842,0.7191898433805528
3748,0.5008403247000581,1.9738715705703633
3749,-0.6924261566057485,1.5565793247515953
3750,1.1363429975104555,1.5730377569714187
3751,1.5892426386113006,2.1717129874517007
3752,-5.410581675106975,5.94044908314785
3753,2.0230176196737695,3.8707065455830354
3754,-1.2516266992849674,1.845013461040415
3755,-0.9736780031290704,1.3437292569040604
3756,1.4081097216939755,0.47330097437054436
3757,0.3769963789443057,0.0016458036276543742
3758,1.8788279520208944,1.574014227111096
3759,-0.17030195208141638,0.20487202161075818
3760,1.1076356800693101,0.586151349363033
3761,0.6905823349337908,0.14365162310211071
3762,0.21324866588088087,0.09041390274684351
3763,-1.7104253022369529,1.73864987655869
3764,0.6837310794628549,0.3764270042193123
3765,-1.162201745872368,-0.2166978368387661
3766,-0.795356200885216,0.24215690661930517
3767,1.4818168485566778,-0.13051585228497248
3768,-0.4523392953628778,-0.3065774291017714
3769,-0.09639177367654717,-0.2903711066121051
3770,0.8024787229513677,0.04376750848546358
3771,-0.8946274608354513,0.32946707522352936
3772,1.496080535076458,0.587293084071169
3773,1.0572573410822028,0.4372599808562065
3774,-0.745133084237191,-0.028714921256524542
3775,-4.587367238766765,3.061074818604241
3776,0.8581069864424267,0.9681524876067837
3777,0.19100716373225873,0.17502381917035886
3778,0.5323623581471597,0.1952743432246848
3779,-1.2685526381327792,0.12521114133622735
3780,0.15700124151538536,-0.053665778404147046
3781,1.044296989069509,0.20791162961177861
3782,-0.3019893417379498,0.032207193239185736
3783,-0.19459603443674245,-0.3257166355921734
3784,0.3818689672443427,-0.29480434647820636
3785,-1.7037651734566501,-0.08764289252952324
3786,1.5081011350280455,0.16938236219454728
3787,1.362199107203774,0.15962755664862793
3788,-0.08261907774845628,-0.3166065428876706
3789,0.5129053494752871,-0.3183980167722559
3790,-0.8086085322306148,-0.23505293326415777
3791,0.056960905434857545,-0.4278439626524091
3792,0.01690319828471315,-0.44574360947911607
3793,-0.32519975128370704,-0.5130614244127296
3794,-0.4040625510342609,-0.5081762320536726
3795,-0.22745834771408466,-0.40403619403886143
3796,0.18387989557900825,-0.6060538477242519
3797,0.17890585434025486,-0.41519753533315296
3798,0.08085381110287193,-0.427462398640754
3799,0.2851214490905869,-0.4754781995266975
3800,-0.45519530131230007,-0.41221149609294777
3801,0.8294220103136796,-0.2892922568166913
3802,-0.33260016946156246,-0.4974290032144601
3803,-0.8004325920498616,-0.40218035422296733
3804,-0.31908251757007833,-0.44520705520501935
3805,0.5297788415902746,-0.570979202995771
3806,-0.12741552829587977,-0.5294043626363654
3807,0.41594744940584827,-0.5366420237650774
3808,-0.06511670913055062,-0.46998518856606414
3809,-0.7360355073056857,-0.3782232121255305
3810,0.27976769401930757,-0.35775290622620415
3811,0.6849963173770842,-0.4355471611558575
3812,-0.14276944152128954,-0.3766224718268578
3813,0.4718855039263722,-0.3539449732922049
3814,1.3092092465732157,-0.06911297985766997
3815,0.30143322119183147,0.15346976541845497
3816,-0.9207104395428253,-0.16111051847685692
3817,-0.8983599220114223,-0.20395497030426485
3818,0.6224654306465014,-0.26384115164488814
3819,1.504129815232244,-0.28809828870034326
3820,-0.23559348162375648,-0.4089576828470515
3821,-0.4061722792385133,-0.35302611896747266
3822,0.6744057455593545,-0.2544272693546981
3823,0.036788045282432014,-0.5033579005021919
3824,0.7048656739953534,-0.2275825973029953
3825,-0.22747906631537956,-0.45290987867476434
3826,-0.6617295071551076,-0.3762980351095738
3827,0.022416630817258643,-0.31947079720432126
3828,-0.2136414689228841,-0.4319640210008954
3829,0.29009512496384526,-0.2691540374400648
3830,-1.0159753919534418,-0.2437435021385832
3831,0.1557127928326485,-0.35493865110514966
3832,0.08489230713888751,-0.5163941939245424
3833,0.31684816615971223,-0.4186277537422835
3834,-0.3920692372489962,-0.5446337156655676
3835,0.09787357439968786,-0.42339641420908836
3836,0.3058905116249617,-0.4001310352199046
3837,1.5147987993084036,-0.19615795547155607
3838,0.5113280649753403,0.18298182446202077
3839,0.8520197686765252,-0.2627174408593768
3840,-0.6513467648788617,-0.34540579074500494
3841,1.528280210729478,0.2132916083345991
3842,-0.7816415294159267,-0.0629403307844351
3843,-0.3150928246434741,-0.11828257903584687
3844,0.07300014440970037,-0.17198229281199578
3845,0.6598299769626952,-0.09433981845102087
3846,-0.03196408362691858,0.36725181420250613
3847,0.7123871735962726,-0.2943527348084822
3848,-0.46258162079549386,-0.27889975286766044
3849,-1.0102856879810735,0.5987443544797542
3850,-0.8291480171621094,0.05345487515557147
3851,0.7190810430841106,-0.2872064974274439
3852,0.470771460460916,-0.17772686044851144
3853,0.45689270457967224,-0.36325649699773205
3854,0.3826405339930049,-0.2630729050319128
3855,-0.5930511939017211,-0.1846313878358899
3856,0.042796392559912744,-0.36082008618597583
3857,-1.4396698471582499,0.010621652877749202
3858,1.1360196235071536,-0.29811877042519686
3859,-1.24638474789517,-0.002903811721485891
3860,-1.2042406115314357,-0.043872318867045804
3861,-0.26243065229714213,-0.3056403389876821
3862,2.072608331216855,0.39087670890233045
3863,0.6670045874661431,-0.31308822464304215
3864,-0.8491072733072375,-0.33263103587616344
3865,0.9141231897006965,-0.28336836141341604
3866,0.2291216874067235,-0.27746085088166966
3867,-0.11815742258732964,-0.3188139499862626
3868,0.3009281922172077,-0.2543123232055532
3869,0.07079244087090175,-0.2591050739938236
3870,-0.581009714671586,-0.22825705303445942
3871,-0.32139667401605354,-0.3697892460706894
3872,0.4156273421402089,-0.4503156935938473
3873,0.3788655286009941,-0.35174343265283775
3874,-0.4513365812119626,-0.20598900660530123
3875,-0.06056172913757504,-0.518449169739912
3876,-0.24991297706070448,-0.24126724540029804
3877,-0.25100033833692464,-0.1739548446755147
3878,0.5094529769954557,-0.19545415212676198
3879,0.6605207974355344,0.03722396877278249
3880,0.461152888651966,-0.3978834146096051
3881,0.38803900421258486,-0.34992382337353317
3882,-0.3533760335812765,-0.025977733967737074
3883,0.44139255542112854,-0.25942841111705467
3884,0.19892224735797698,0.18006635893699607
3885,-1.3326366783569974,0.7822808606530736
3886,0.555280651330575,-0.30236604021424807
3887,-0.7537818469303873,-0.34910487401442764
3888,-0.19815723852293637,-0.22488749189917834
3889,0.7471634679954495,-0.2032731230260803
3890,-1.2070971465836189,-0.2714223737529271
3891,0.5705983395666423,-0.4032808345208813
3892,0.48222173586723704,-0.4031460536680381
3893,-0.36219451835351424,-0.4807104392922182
3894,-0.30727713740017015,-0.19318505810626416
3895,0.28594656664796125,-0.4817887085049464
3896,0.353846483452534,-0.5067037919308854
3897,-0.0030866356053635136,-0.44651145085955507
3898,0.24545298358567336,-0.3723830655361164
3899,0.3940394478481557,-0.44932055549452293
3900,0.45616440987268736,-0.3947868966928794
3901,0.9230851942143214,-0.20178109729092664
3902,-0.8962121224912681,-0.2929958915214826
3903,0.3569055318271812,-0.4488628958261813
3904,1.220822497321135,0.39034468471094597
3905,0.0033651118125020973,-0.2646207232407139
3906,1.6581237169925713,-0.03948780806691472
3907,1.634125267660711,2.190372663776238
3908,-0.5827720537048788,0.21593444319452332
3909,1.3476266498122105,0.08582560770577351
3910,1.1554605479236455,0.6086017884521377
3911,-3.839954283245915,2.3809020367865616
3912,3.07941256012001,0.8575460949392121
3913,0.6880479195964171,-0.11893372265713993
3914,0.4322001267162451,-0.22293195063935428
3915,-0.5507966356168252,-0.3870109885587898
3916,-0.12187072454396392,-0.09157221421531399
3917,-1.1684143373571354,0.22733510551909947
3918,0.6674281543128303,1.516051916638641
3919,0.5056080011422263,-0.21655017977591462
3920,-0.19099649900562743,-0.25701016176497715
3921,-1.421672609938814,0.29865931462063844
3922,0.7719162486314359,-0.09191569282001052
3923,0.8177850144480046,-0.34352831855627197
3924,0.10384165524990635,-0.3785980417289477
3925,-0.7592861176903921,-0.2786131954687689
3926,1.3619388407086306,-0.15677255847680283
3927,0.04227709417456249,-0.4034933744912477
3928,-0.20742757360559466,-0.3186412099866269
3929,0.26311239736874026,-0.4471167944443319
3930,-0.263693828078941,-0.5241452452851739
3931,-0.8693700903498998,-0.40929401754468026
3932,0.5221235824610944,-0.42241841406221364
3933,-0.998949389534669,-0.3456204331975618
3934,-0.9216154221675424,-0.05324688492521869
3935,0.9393330138668636,-0.25055448999481295
3936,-1.6783275884366224,0.1797300949735755
3937,0.2327701657830436,-0.10148601199120891
3938,-0.9716160583581275,0.34439139851707135
3939,-0.3772719248249146,0.03158289536405699
3940,-1.2773782269141851,0.1815568539275077
3941,0.9152920416511412,-0.09555055496113044
3942,1.4715024331522037,-0.17774026589807335
3943,-0.3448189180171618,-0.28245347559444994
3944,0.23299035931578838,-0.28623537297833584
3945,-0.8539991999214729,-0.34667562060984514
3946,2.2512669669933074,0.08414283775609364
3947,0.3896155047175809,-0.313733461300614
3948,-0.13811529544981677,-0.4462295738421634
3949,0.0659294001336409,-0.45017301105465346
3950,-0.4482673167202029,-0.28729895699658053
3951,0.9376498334691257,-0.2648248348958363
3952,-0.6253268770586278,-0.32209410191238197
3953,0.7658234590911439,-0.25354226807569613
3954,-0.4352378104640386,-0.19575360666825076
3955,0.21543311965159934,-0.472510917201545
3956,0.1564560135404005,-0.38430928597063113
3957,0.21130642867668836,-0.4700842100632295
3958,0.2336240047602126,-0.09082621635641726
3959,-0.7913770562810888,-0.15578159736729302
3960,-0.24674370227125622,-0.28147063722156057
3961,0.3119807898903961,-0.4557974387110198
3962,0.2661205267459611,-0.4277692115487232
3963,-1.767721257813648,-0.2519593756865847
3964,-0.45076185036283084,0.1788591924596184
3965,-1.8350275897107062,0.6497165835943914
3966,0.7058552564605696,0.057949103870890514
3967,-0.009025216456843926,0.1539098603194194
3968,1.2868659471542025,0.051924781389263625
3969,-0.29092109074464184,-0.4914206193940804
3970,1.5816391701253036,-0.018142712378101992
3971,-0.9901313653179524,-0.338716904801679
3972,-0.5043888201927326,-0.4530941382240992
3973,-0.47549482978594865,-0.05386543873901989
3974,-0.5237145446733015,-0.16095405670352092
3975,1.4030933226611708,0.18530103755528815
3976,-0.4670649813447223,-0.4928467206950165
3977,-0.21110555682433857,-0.44234819799656183
3978,0.525558254230452,-0.20534097754423142
3979,-0.004345969271621342,-0.1620165127299159
3980,0.8279739128713914,-0.2789460829073542
3981,0.35306896832773527,-0.2917578722554264
3982,-0.5381041107984101,-0.4312417123746716
3983,-0.05521723871694795,-0.5935407775107704
3984,1.661346309132752,-0.06275144815270305
3985,0.21407958169127828,-0.15100629112332398
3986,-0.01587425579320495,-0.38221666699916146
3987,0.12261864827801722,-0.411926226686619
3988,-0.41512104369061953,-0.356738724728914
3989,-0.26264114518263626,-0.43686549156202786
3990,-0.032784622870139224,-0.4369967643786286
3991,-0.2450792373132648,-0.5502217727850645
3992,-0.4509062656188153,-0.4732444029894464
3993,-0.07609877950464905,-0.5437314554581248
3994,-0.7320987193629193,-0.3378269897790016
3995,0.49786658451701526,-0.6393325910843642
3996,-0.13554301732457535,-0.5507006914082668
3997,1.1120272028957736,-0.5058786360231825
3998,-0.8046062122159774,0.016085068382830345
3999,-0.5097891354671569,-0.4264922661218005
4000,-1.3566626977510372,-0.22338135824874578
4001,1.1257049302168503,-0.511077161402581
4002,0.5283263634991227,-0.3879221699151632
4003,-0.14554050128678425,-0.49314627083082796
4004,-0.061305430815722095,-0.537743519840381
4005,0.19165472591438226,-0.5175139541306739
4006,1.2165499993600861,-0.06862235793752071
4007,0.3880177327423946,-0.22949775916455578
4008,-0.24307911982911468,-0.07988906839857556
4009,0.7196397454644523,-0.2491032397552556
4010,0.6533298589684438,0.4117985087141658
4011,-2.322563842923666,0.11734154508820328
4012,-1.445404037760999,0.384899426047789
4013,0.28815410890863735,-0.20511437776790592
4014,0.31201421588837186,-0.035848919657692546
4015,0.19763477391369222,-0.2875021815806069
4016,0.17939335584375787,-0.3414154845761059
4017,-0.021881976974356426,-0.21244534285772376
4018,-0.2196179095093779,-0.2505025106450101
4019,0.5362941137841484,-0.24050848049175116
4020,0.12778034239784453,-0.4019086752487772
4021,0.8030627757068993,-0.22500874972688345
4022,0.025863277912932525,-0.2685509637644484
4023,-0.810662130570498,-0.25298308864219515
4024,1.1761737583170846,0.02875865531782934
4025,-0.03943486214265585,-0.30927143721101397
4026,-0.648574402384194,-0.3210403457082935
4027,-0.6239077397660302,-0.21044108404286405
4028,0.39849329411302337,-0.27797903018547165
4029,-0.29061310698940135,-0.47076722469658544
4030,0.4100374493546568,-0.2863516042960376
4031,0.8619914229099903,-0.22981016004010935
4032,0.22955204206830837,-0.4057852649202694
4033,0.3386538279454443,-0.3293830211667227
4034,6.137598020242338,3.3999427172454606
4035,1.3676559606265826,2.542455432830575
4036,-1.7960889661768977,2.2601421863805564
4037,-1.3766394786614184,1.9128121795135093
4038,-1.0090062759278657,0.6676483024175384
4039,0.2513616978330321,-0.02806934297554063
4040,2.2690736454545966,0.40105598164416983
4041,0.39176979601151096,0.04230737517542621
4042,-0.6427352207104503,-0.01281359120154317
4043,0.5503395938717335,-0.43504352190297774
4044,-0.06412387497265704,-0.15711353904650743
4045,-0.757706769852407,-0.28009236789895164
4046,-0.1070243338427215,0.4873155517538413
4047,0.3526701963597303,-0.02120161500795762
4048,0.4063420560770137,-0.3954095969822405
4049,0.7291609144772613,-0.37383657461563463
4050,0.6940863908742312,-0.31968815592982075
4051,-0.399627277109419,-0.2777701401426826
4052,-0.8060731326017312,-0.22460892239509506
4053,-1.8111640403082316,0.657093986424634
4054,2.1711959582846805,0.5713996423103859
4055,-0.2380593373080362,0.12045132592349013
4056,0.7410096395762384,0.5227273498635542
4057,-0.518778258613314,0.10625636199040421
4058,0.9778214096018853,-0.2012541893682971
4059,-0.538261647757722,0.41979833055572585
4060,-2.2212169708368976,1.2762427015802822
4061,1.0972463639219063,0.5212467232590573
4062,-1.585228182231242,0.5107686285456877
4063,-5.091173697929799,3.4912859151102467
4064,2.2418263164259233,2.473325042736155
4065,-3.649134550785045,0.8519975771279857
4066,0.10151774263552771,1.580217381218421
4067,0.2402303110473935,0.3252142094078739
4068,-1.6854040003292943,0.02359408456621155
4069,-0.532678321030956,0.1159076831876076
4070,0.8058061058126667,0.47438808322321574
4071,1.1307225321382492,0.04414160469225056
4072,-0.07302711765063802,-0.2448673289287479
4073,0.1462160912926831,-0.2626260724942959
4074,0.604838539039892,-0.18103495158735816
4075,-0.7239086745900002,-0.19529023345918095
4076,-1.3410912626840874,-0.2218874885931711
4077,-1.201557774504951,0.23688085558872735
4078,-2.3846179009961204,1.1640317600644179
4079,-1.9927760354252135,0.8542086021193285
4080,-0.7066913041576509,1.6235574997176834
4081,0.8438237410340632,1.780276257329824
4082,2.0291917399281836,1.5452109266938894
4083,-0.582112401182327,-0.02809749006541786
4084,-0.36074852023098175,-0.35780405327755505
4085,1.8109526972769627,0.3277560127942013
4086,-0.5907244718955871,-0.28126047704849555
4087,1.4390358255341167,-0.22955341623581588
4088,0.6969136617414495,-0.13954782867960702
4089,0.23531554430792118,-0.24599617720898864
4090,-0.396983355153953,-0.4121988898683597
4091,-0.2971057713089993,-0.33822665422117854
4092,0.7201928047767003,-0.3493932317926766
4093,0.007175458458773265,-0.3774868608116549
4094,-0.2807612267831973,-0.33128282654664476
4095,0.35638079533926525,-0.507735929945235
4096,0.48885048597702785,-0.333207402141131
4097,-0.051210234214220746,-0.3722348517134511
4098,-0.008050834543189611,-0.45386592872483106
4099,1.079921558258349,-0.2706641022153101
4100,-0.9970982892556299,-0.4845018267373948
4101,-0.23666121161150744,-0.4845659259633129
4102,-1.7108897921357733,0.19456181737414724
4103,-0.18504771906747272,-0.23283051486531692
4104,-1.3698086606939688,-0.22385221762788443
4105,-0.10511211365750073,-0.18949884084216528
4106,-0.05255679913429953,0.0696818526000224
4107,-0.45237489614647136,-0.22341939337229327
4108,-1.214322597173875,0.21295095128344937
4109,0.7822225483833625,-0.24834079918048668
4110,-2.079920694027564,0.444328449643733
4111,0.8942685058977025,0.8567715975004675
4112,-1.9802176051232228,-0.09674162719365285
4113,0.755963333088594,-0.03414364423002064
4114,0.39375471221500813,-0.1980075270576851
4115,-2.4799400876077082,0.3839900417922823
4116,1.3234897289116287,0.1656390732416841
4117,-1.0018192174213159,-0.11144037907196006
4118,0.49533731949964976,-0.04819121930258939
4119,2.2857935306009227,0.48654036361281966
4120,1.1435317494090023,0.1145620072978163
4121,0.6247785071921801,-0.24674186052636599
4122,-0.18527896838035768,-0.09987549228233811
4123,-0.3685509263000299,-0.2972333103074567
4124,-1.0500557399875015,-0.21450569164109606
4125,0.932393780708908,-0.43069442796719826
4126,1.0417376782915793,0.04873083361425172
4127,-1.1601937935441944,-0.2731150194066891
4128,0.8382586447590175,-0.45262385882754536
4129,-0.4809650357732065,-0.518553864917816
4130,0.8909072399053861,-0.32792249717503136
4131,0.40940171145860327,-0.3417157397129267
4132,-0.5353673543000574,-0.4311482378366781
4133,-0.1414659840018057,-0.5041778144991694
4134,0.5443243690492399,-0.4751370382751961
4135,-1.3460960847972379,-0.20112022265301172
4136,0.7022657790930362,-0.38775444104330153
4137,-0.19539892511129076,-0.44918738814213915
4138,1.0914110988010353,-0.28312727323584963
4139,1.587445664521126,0.1604014620556683
4140,-0.09823582136719056,-0.23493773571140814
4141,0.6177014715596871,-0.17744668824420778
4142,-0.42824556754356036,-0.29786345104689593
4143,0.11531878642971372,-0.3511294067232434
4144,-0.100014558147527,-0.38517233288059455
4145,0.20412836254366445,-0.4268528234590402
4146,-0.2930832400385646,-0.3967751001772348
4147,0.6982572754357889,-0.42897565544473565
4148,0.8087650454204689,-0.38707269251460746
4149,-0.655914773278572,-0.33325715126618566
4150,-1.0686694574545026,-0.13189694844603259
4151,0.13018464997237578,-0.23993211543031734
4152,1.909856926522436,2.822865583976699
4153,-0.24496458830878007,-0.3263274711149978
4154,-0.3007482463245109,-0.2911409235149936
4155,1.3758882523479534,0.2633050786972663
4156,-0.6350793853930881,-0.1754709279724574
4157,0.23287486790624073,-0.21265543695298544
4158,-2.3503519325477993,0.6067375132860121
4159,1.093494298814502,0.5488548710550217
4160,-1.0108877780467824,-0.2817927368216758
4161,0.09193258922185421,-0.11564711444963867
4162,1.7766297404936031,0.42807606131086007
4163,0.12201988304805506,-0.2433011511474396
4164,0.013493639291134563,-0.29605391873037534
4165,0.3998012248883125,-0.373379160983534
4166,3.673379738847627,1.0531994722636862
4167,0.5245567389422543,0.380866938414241
4168,-0.8340892779546274,0.0025410416919766227
4169,-0.5006975289528336,-0.0944394934497155
4170,0.5445500549830662,-0.25056835442820535
4171,0.21733543994893678,-0.27474490580849803
4172,0.5584502710486523,-0.22964812129571877
4173,0.2344915560706783,-0.15812283261126214
4174,0.5149449832904572,-0.2687970072947562
4175,0.11675089674822237,-0.34130919206966953
4176,-0.671312964411374,0.1712807767470979
4177,1.913583524538479,0.11406703312630538
4178,-0.30997176478280103,-0.16520528912041038
4179,2.1089267037161585,0.9216545911525839
4180,0.8386838971163313,0.5404757239874851
4181,-1.9230737903912736,3.3598570437784114
4182,-1.0669916139821778,0.20801299752091562
4183,0.5513907051477298,-0.06693452884317493
4184,-0.21830613845071214,-0.30239707207308575
4185,0.32860001600067723,-0.3375150461904501
4186,-1.267415395823339,-0.18626003743980607
4187,0.7456755709219087,-0.24305302151184105
4188,-0.7354308741064729,-0.2806207611012126
4189,0.6802166151089467,-0.4654336098539443
4190,-0.6548686033337507,-0.24140323657365276
4191,0.2166100373541241,-0.3470222043095075
4192,0.4255395517928855,-0.2854772785481276
4193,-0.4428110345163645,-0.35649034773985205
4194,0.4941272869906299,-0.170572506102104
4195,-0.273114406987424,-0.45932084596198725
4196,0.6638778125611181,-0.38874869181081234
4197,-0.5931403647662084,-0.18693887627889652
4198,-0.40798701029755297,0.19844460963258626
4199,-0.3363999051798936,-0.2566673722668591
4200,-0.3932453423625475,-0.3402838427638611
4201,0.23747903768593226,-0.34626746645752365
4202,1.4761436314107421,0.08618869007564474
4203,-0.26767709388534744,-0.2406708297040741
4204,0.6116841225856073,-0.27890181238241724
4205,-1.9238422718754813,0.4925700441378827
4206,-1.0403525222903307,0.297966555473738
4207,-0.5781943719939899,-0.4490639216258478
4208,1.3180308842711672,-0.2117587437361852
4209,-0.2423049326971226,-0.35195612917679653
4210,-0.16309451812979867,-0.2595480093193182
4211,-0.4469476714981003,-0.36625357206606707
4212,0.4292081398897559,-0.3741999009452362
4213,0.09015583656476228,-0.4656121996456251
4214,-0.5142608877052738,-0.4818958755559343
4215,0.612110415406926,-0.2503254945195963
4216,1.2097923186521582,-0.007283845267299638
4217,-0.025474166024898937,-0.4862978187016553
4218,-0.3121020941890249,-0.27958241711496956
4219,0.08448738451638399,-0.5187208508973595
4220,0.4818436403774946,-0.44225483221771017
4221,0.3457597119210468,-0.16385317080887635
4222,-0.18203125831489214,-0.32201846606360157
4223,-0.1916334872257145,-0.40177744446793057
4224,-0.16929880010926912,-0.41549545630206014
4225,0.30956286371551833,-0.4005687573270219
4226,-0.7846860586712799,-0.28243048857981307
4227,-1.245422325778463,-0.14785469362288095
4228,0.6638685727917915,-0.2758992574971823
4229,-0.3073146239642775,-0.048912241773966525
4230,-0.7333759391316856,0.04609482922678822
4231,0.4502211480867806,-0.39861051717384277
4232,0.05359468201511303,-0.16461279892640757
4233,-2.934808985742998,1.407391256831728
4234,0.8105131005857842,1.7436200630908445
4235,0.4337238454982183,-0.018003541057211914
4236,-0.27174746754349144,-0.28075110681946935
4237,0.7536782780925986,-0.38250004053300507
4238,0.36405156943775296,-0.2127735840931106
4239,0.5189676617365215,-0.15354224825747492
4240,-0.17888616245795988,-0.28154522188001907
4241,-0.5850656962510785,-0.2834000877388084
4242,1.2346904759964237,-0.3674527647501999
4243,-0.057559731037821,-0.5793885446785357
4244,1.2675404720873718,-0.06302210487023573
4245,-0.5940572110925981,-0.337785346548356
4246,0.21239352277224016,-0.4354718066011862
4247,-0.08608561897183581,-0.31285519316562044
4248,0.02926802122027944,-0.29644995756741294
4249,-1.04085996207466,-0.05831607405269228
4250,0.25014915013360517,-0.09781151892948615
4251,-0.0628834712077396,-0.1498951507728572
4252,-1.9433971249662407,0.8157270795646725
4253,1.0315655114324735,1.2486109659962836
4254,-1.9527338348895384,0.5321782735223849
4255,-1.0634421510961733,0.7530426579736521
4256,1.0510636966539901,0.1784936584433246
4257,-0.4527217866229657,-0.1412366054892136
4258,0.4387809003545371,0.08141192376599397
4259,-0.3673615175724555,-0.1465588590731117
4260,0.18758054406257768,-0.2710906612977497
4261,0.5540288035659684,-0.32987649072177777
4262,0.4210553048156017,-0.33868291913563503
4263,-1.0480958020394184,-0.39181481466395446
4264,-0.21572250797117953,-0.29740798332290325
4265,0.018725102013227024,-0.223873161538171
4266,-1.311621548183299,-0.07433616693473469
4267,-0.41284252629693263,0.12384968050720042
4268,0.9038073939074156,-0.31864741542583763
4269,0.5362881861429047,-0.5160515686023955
4270,-0.23500072466759275,-0.44334091663835157
4271,0.3682622237347176,-0.39817718572887467
4272,0.16385948905066533,-0.5601388103866776
4273,0.4964395133327195,-0.4974080742911369
4274,0.057917685640987315,-0.5029061536425606
4275,-0.2659359008537936,-0.49044227154123
4276,-0.08604574535187082,-0.5796277224813596
4277,-0.1399446271001466,-0.4155876298088
4278,-0.16422293879752253,-0.5257091463350154
4279,0.2316026701164921,-0.51153234272777
4280,-0.0830412136440668,-0.5667938799622532
4281,-0.08837919084629856,-0.546697177949619
4282,-0.9112301693500885,-0.5041218598958211
4283,0.5401877827498782,-0.4902609812303138
4284,0.21535577167178688,-0.5406014019998822
4285,0.5905931900384873,-0.5560411934677442
4286,-0.6261552854799042,-0.5557112935049406
4287,-0.07158216851870025,-0.5524317932633384
4288,-0.5218351386529512,-0.5734820901202853
4289,-0.01254950409924821,-0.5107300083168316
4290,0.01273062901821903,-0.5075876391176141
4291,-0.16780319549859785,-0.4759050373049349
4292,0.2330469266582479,-0.5676917347518868
4293,0.006154287478810028,-0.6088383982387664
4294,0.8427036642829022,-0.5614583774117775
4295,0.4055005500265133,-0.30570946023688667
4296,0.24207266641430503,-0.42382473450498415
4297,-0.1590234778930336,-0.5069754546814118
4298,-1.2030221684916127,-0.24684857922966175
4299,-0.7431091988232676,-0.3301746930538874
4300,-1.4129886833847758,-0.24407468653669417
4301,-1.1304708464200257,0.17975808691533007
4302,0.827568953153476,0.49894134123826156
4303,0.33566631090133714,-0.3649617617378174
4304,-0.48194249659825483,-0.45036188239304853
4305,0.5335731419564586,-0.433284317834961
4306,-0.2958023264034212,-0.35546798201328567
4307,0.3833439279626556,-0.39680112469425505
4308,-0.4405133224453062,-0.44108705290454037
4309,-0.9729132075231237,-0.3315318173263628
4310,0.2933355111560463,-0.19179758863509846
4311,0.5805247407885912,-0.481826633559778
4312,-0.0164207134641004,-0.5041840250659985
4313,0.165635544598079,-0.603904566578969
4314,-1.219088686416363,-0.2427752166183315
4315,0.021330683617958923,-0.40198615630477935
4316,-0.37376754847416893,-0.2105973794905846
4317,-1.1735579694959104,-0.26517933781621383
4318,1.019971851446325,-0.013549039658560622
4319,0.06641912160412111,-0.43473928414803137
4320,-2.1471820578233305,-0.17204033130660296
4321,1.0268611945663326,-0.16494315450324992
4322,-1.5296752287751754,0.009598197297529587
4323,-1.033844969990331,0.16509399640188893
4324,0.0982862947342199,0.8006592292375112
4325,-0.42099930352717146,-0.10126541737147292
4326,1.7959720590903978,0.16830795689706135
4327,0.7424007162038868,-0.32648162040384604
4328,0.5614972447890637,0.15040352956115077
4329,0.6420984709528028,-0.2071279097351621
4330,-1.5643754433087593,-0.15155524435050433
4331,0.1508485549013946,-0.5290768752491543
4332,-1.3746230071329941,0.264382035522324
4333,0.8935750754565701,0.11735412299276009
4334,-0.870646181577418,-0.007625917960487463
4335,0.5306528153905616,-0.2476941721981753
4336,-1.2040711171268215,-0.07571904023591917
4337,1.1076018349611234,0.15856435494972654
4338,0.6310723670043292,-0.23196254672734545
4339,0.9158606974189203,-0.28701316458087234
4340,-0.07492110799579946,-0.31522414717016567
4341,0.35789970408552674,-0.3601945429800486
4342,-0.49799828993140466,-0.12282805633149849
4343,0.5612997402875414,-0.18877664364384134
4344,1.7099811795112583,1.6845254631902677
4345,-1.0247325288011138,0.03320538144919734
4346,0.7620184138918016,-0.2125378217888586
4347,-0.679277917719642,-0.5550405407426064
4348,-1.527119320140794,0.3304488726707933
4349,-0.6583983081691982,0.18405564080272313
4350,-0.5794986099660837,0.31991244336914226
4351,-0.24478283701533146,0.19509473014956052
4352,-1.7637574523532429,0.39466689165437596
4353,1.9087865048278991,1.0821043952423404
4354,0.5937097429030732,0.28315287258378596
4355,1.9401587662975408,0.3418704501884103
4356,1.5499961088133043,0.19994961736672595
4357,1.749059057097695,0.4293393666910362
4358,-0.8617503413703085,0.21990184143933328
4359,0.1938687598101982,-0.1331850890906075
4360,1.8628347947716377,0.4701321850733438
4361,1.4552647182599152,0.6081461325713802
4362,-0.781304040290097,-0.17307438922782536
4363,1.648652654404441,0.31654547588118265
4364,-0.058621043754829405,-0.1914779142808406
4365,-1.184427591921588,-0.008487491732398433
4366,-0.024155216056345963,-0.1818307972345206
4367,-2.3890922999158577,0.07783365581838499
4368,-0.9592655504034813,0.13845899085151764
4369,-2.142020639597346,0.4045193197042514
4370,1.7920452770574955,-0.03922437625010747
4371,-1.6094988716174456,0.027679042016287667
4372,1.180812599455948,-0.14282786551305027
4373,0.3537473435211409,-0.30052106108469906
4374,-1.3010691605607327,0.8465331037582285
4375,1.8898481260632969,0.07079668823517542
4376,-0.2957402627847298,-0.21386848986055496
4377,-0.23761556467291883,-0.532511793959183
4378,-1.0247359993156326,-0.30376045804779445
4379,-0.8816744203612094,-0.1971781524953195
4380,0.9412050799258904,-0.3102119887933648
4381,0.41238010905456934,-0.46089510431949227
4382,1.0232428155625708,-0.3210959327682107
4383,-0.21340964547503805,-0.43856199617149333
4384,0.2065282962725033,-0.574251964314614
4385,-1.9084369345141017,-0.04582743578812186
4386,-1.064256881568772,-0.2178295833174575
4387,0.12444198462079592,0.2257036498291886
4388,2.339670747659311,0.06265618600052146
4389,0.15868232834247642,-0.487716023395853
4390,0.9326323447972169,-0.2851912708698538
4391,-0.6942008286532256,-0.33044061634843475
4392,1.3343506803249126,-0.08353424155008389
4393,-1.0775129195000637,-0.33880679042534706
4394,-0.8017872144171541,-0.11820091909927283
4395,0.7166403449846984,-0.008765053567265799
4396,1.4104284088018555,0.03432005875776521
4397,0.12047226745746364,-0.37744701238078876
4398,1.9223874655705537,1.305795558008025
4399,0.32659565661002943,0.6703554925441597
4400,-0.5081650752653959,-0.3454744189074995
4401,0.35373425349838405,-0.457254491694925
4402,-0.04531615332019462,-0.33694410898619925
4403,0.6366718685631293,-0.2474943141801757
4404,-0.5433685796581167,-0.4318837590402739
4405,0.0947379714892077,-0.4569344178477942
4406,0.0002922359427324217,-0.3932301083406494
4407,-0.6333491718794088,-0.36768332428007333
4408,-0.7735953011372649,-0.24951026276077592
4409,0.6846473452656323,-0.5631674701340497
4410,0.65310642705199,-0.4529925277919237
4411,0.2568489026682168,-0.5151035573437897
4412,-0.047094340950555924,-0.4664962125376942
4413,-0.43766510338189335,-0.4028028002476543
4414,-0.16022141510181342,-0.47691594722373737
4415,0.1360959823871391,-0.4648463105715203
4416,0.19431191850349594,-0.4972683523930537
4417,0.07762246876439005,-0.4093146241319155
4418,-0.7500482369992818,-0.26526141752306887
4419,1.4876027429016963,-0.03327025656173778
4420,-1.476225100651558,-0.3333350818089645
4421,-0.0988333306252589,-0.45611823297124743
4422,-0.5439211433837139,-0.3305390575048591
4423,-1.3091658128738746,0.18392416901797337
4424,-0.2627104602069069,-0.141924846268683
4425,0.3648731848323862,-0.3162204760690623
4426,1.1813330929151264,0.03543680626926557
4427,0.4888801390409141,-0.5710034786268665
4428,0.0898807243324864,-0.3493152593660991
4429,0.6358832311015366,-0.3303030303619487
4430,0.08729123101377967,-0.24629945032914974
4431,-0.5393908171210545,-0.47988389910416157
4432,0.4498317860871779,-0.30272680237316857
4433,0.5070998751620232,-0.4725363391059414
4434,-0.05701193769608737,-0.344581339311476
4435,-0.9439150399136222,-0.20460164238337486
4436,-0.386701304579285,-0.4507567587612838
4437,0.30750871917047395,-0.48748418460026277
4438,0.2045879842071689,-0.494976924969081
4439,-0.7302314733057323,-0.34583693792018416
4440,0.058057690626192815,-0.5823742741436004
4441,-0.4389713244294875,-0.5130431654424791
4442,0.9485598684538097,-0.45501838898982727
4443,-0.5392204993750643,-0.4508630477706529
4444,0.7670670131740494,-0.10438285000584101
4445,0.8188295194979407,-0.11835935706356783
4446,-1.6460140696968257,0.2578094196646424
4447,0.5752721403941893,-0.14693227787107577
4448,-2.432207338757744,0.07150832989014617
4449,0.7077650418527708,-0.3194715860607551
4450,1.5377809859345617,-0.05429282718151432
4451,-1.008055102509114,-0.2525152887559014
4452,0.31022836795277287,-0.2170118829055267
4453,0.41948894752463284,-0.35961198739086275
4454,0.04517915951981161,-0.09074278637922759
4455,-1.3098880080188064,-0.1661245141150003
4456,-0.509034707005311,-0.3781370657848227
4457,1.3139052265260631,-0.35360477605744356
4458,-0.2769354502257827,-0.4847402295699806
4459,0.5672315439880512,-0.5392050620008721
4460,-1.135936005733447,-0.4403955078078809
4461,-0.5753691525819942,-0.38291851790700004
4462,0.6029171122239578,-0.47297815728150955
4463,-0.6947854883019304,-0.5067365150351559
4464,-0.04507513862079757,-0.5562316687920997
4465,-0.16676441991364516,-0.49510738251595704
4466,0.19604754359351073,-0.4720346461024791
4467,0.13117559706932092,-0.4995764939211864
4468,0.12792155998252747,-0.5828655302493937
4469,0.7264853822130417,-0.589635987631735
4470,-0.4931675566681708,-0.49487088886523295
4471,-0.5900891010159213,-0.5428768167945166
4472,-1.3944317196390086,0.05321461751797109
4473,0.9079594887453253,-0.1128141689318248
4474,0.6684802454927665,-0.43997175385629445
4475,-0.9395661722467911,-0.5790207655932994
4476,0.5655213589939094,-0.4056791680280804
4477,-0.7437649746186118,-0.5260118070403593
4478,-1.2328189922973412,-0.21451777509877867
4479,-0.2543900098055119,-0.4001054711566893
4480,-0.27545855847881445,-0.5358995272508309
4481,-0.009552379780976977,0.049919250764583006
4482,1.308562926205254,-0.2533167525972393
4483,-0.08503227099124652,-0.5816269043978044
4484,-0.24701052174379234,-0.5487597981103082
4485,-0.5228162051672738,-0.5097341112392684
4486,0.48538340532070046,-0.27610307816278395
4487,-2.3192178994699404,0.018363638120608997
4488,-0.565497454170254,0.40569744982510403
4489,0.3397158699051025,-0.322916478446339
4490,-1.8144298818910163,0.2511635486898765
4491,0.1813114465731469,-0.033474683529016495
4492,-0.5338985364872213,-0.2168064273418328
4493,-0.6372164706133543,0.26366778987500317
4494,-0.875656774876423,0.21525413326685966
4495,2.747970983189837,0.47230866212935824
4496,0.6149124007315792,-0.30454994965879567
4497,-0.12506757709811023,-0.4323375573109493
4498,-0.5844634391671096,-0.4975488865306519
4499,0.4132989582166797,-0.37212363718142893
4500,0.7763389338794897,-0.4014300168937767
4501,0.5122628534432155,-0.4419577986380521
4502,-0.022040355087744323,-0.48297769421361547
4503,1.0614260316408033,-0.3062406493264076
4504,0.3739333236982547,-0.5468040454214779
4505,-0.3712864841106297,-0.5123964222361209
4506,-0.3443251342359367,-0.4292227318575797
4507,-0.1754252414346497,-0.5389905485998014
4508,-0.45449915654503703,-0.4822663727614869
4509,-0.783469968797317,-0.446418919370339
4510,1.5073785520454088,-0.39191919378233814
4511,-0.9702405927913705,-0.41602310382349655
4512,0.6400869172243426,-0.4310473630943686
4513,0.1943561469333422,-0.49774664381255135
4514,0.45050209182400935,-0.4718929687412621
4515,0.24579990885852054,-0.5169713438852012
4516,-1.0812406062270177,-0.3883198628606007
4517,0.3080653740211874,-0.4427678101673731
4518,-0.346524425513252,-0.4288902649778413
4519,0.5116465679107634,0.006652491351930509
4520,-0.384169892569598,-0.5213289580713587
4521,-0.664063757539405,-0.46184690522715305
4522,-0.4030487035137378,-0.3227203433213042
4523,-0.6895195733015149,0.060572899425056156
4524,0.3813008814526162,-0.3704899555833421
4525,-0.08254437964000147,-0.4338097340368679
4526,0.7067806253438904,-0.4165844202414323
4527,0.16075417303144623,-0.49848799189387455
4528,-1.1982901171579647,-0.39519292536301026
4529,0.2444205387334188,-0.520036975460784
4530,-0.5345222577624685,-0.44632347979965387
4531,-0.3302301895973022,-0.501787718215685
4532,1.0682214326201578,-0.5155099721365349
4533,-0.23196664570610767,-0.5712760574722091
4534,-0.4334498827695373,-0.526597333928269
4535,0.4297180253055366,-0.4835447517001695
4536,-0.10203783314969853,-0.6120029869226811
4537,-0.4917712035742996,-0.5083454709024384
4538,0.687495436253593,-0.31636101490491236
4539,-0.9416724375842245,-0.42910037304103194
4540,-0.7708735883456255,-0.22634573483026227
4541,-0.05322171832849931,-0.37741311119822823
4542,1.134245607922437,-0.28979333984868505
4543,0.634394319747982,-0.35842186999837505
4544,-0.12569321003506945,-0.5257116656838596
4545,0.5418408596619582,-0.5076911195476408
4546,-0.22532637765095886,-0.4891920661610582
4547,0.06599216072562786,-0.531748747283819
4548,-0.057121531095512545,-0.5483106110777011
4549,-0.9234747779273484,-0.49112393833657614
4550,-0.14141134359674684,-0.5245906976195209
4551,-0.4938453490325784,-0.2658013394790963
4552,-1.0480926355315718,-0.05576991190380441
4553,0.4987366313031977,-0.20757173114262395
4554,0.7263209756292125,-0.3813547191994232
4555,0.5282663529652181,-0.34519333708517863
4556,0.022969261167362864,-0.4243759043936085
4557,-1.0538603540079192,-0.4890754751674801
4558,1.0810412791092325,0.01418068012756793
4559,0.7206054656485104,-0.3560286420753013
4560,-0.8554694508412226,-0.3101342969309233
4561,-0.9961139832427742,-0.49910005479534997
4562,0.6021366291822585,-0.4839915090402999
4563,-0.14836958248942422,-0.5643441146023157
4564,0.07839513426631345,-0.5746902755258682
4565,-0.3899298952919486,-0.5721034657118587
4566,-0.5451343582739238,-0.539210200474607
4567,0.7257441383229307,-0.2529605182538246
4568,0.3633091839944491,-0.5250377043015991
4569,1.8366811199296253,0.08322023117932022
4570,-0.6750204463184553,-0.33651963626793335
4571,-0.3543939173018631,-0.49564474857271823
4572,0.02987528678581086,-0.5581899013707334
4573,0.21927735703446394,-0.601430506660527
4574,-1.8947684611137465,-0.016652809675575322
4575,-0.8373423539498035,-0.3520450129879836
4576,1.0268527605293105,-0.4408105972219916
4577,-0.11327523154010366,-0.6043532948822723
4578,0.5966292786285328,-0.4291947012633569
4579,0.4748162926372892,-0.46836662177988503
4580,-0.3465788288067766,-0.5556466006540857
4581,0.12190498862564841,-0.6044726111391319
4582,0.3097119149625551,-0.4455322379272294
4583,-0.12678662090008075,-0.5925578736182681
4584,-0.42749453343278054,-0.5426241648922918
4585,1.2824835966026253,-0.32884958713159523
4586,-0.5366012888514033,-0.5018164567429723
4587,-0.10402213000286345,-0.6206167549793598
4588,-0.05401346546401903,-0.5922363053339632
4589,0.616538649142691,-0.4461558000900433
4590,0.179268713869224,-0.6464397774656828
4591,-0.40934002655151325,-0.6123498740040139
4592,-0.29552082586817974,-0.5981120700244654
4593,0.2643126480599791,-0.607775984072186
4594,-0.3710237743979101,-0.22673369993295867
4595,-0.8385454323745505,-0.46183143674276567
4596,1.2077518698240342,-0.43316997214090863
4597,-0.28154052799669915,-0.5816769796903002
4598,0.46440257028211884,-0.5671882953628005
4599,0.01954110236715878,-0.6374808874954181
4600,0.5270017082226978,-0.4853564313463162
4601,-0.07050874221746975,-0.5827317462228724
4602,0.5905219308970011,-0.4057957899576103
4603,0.6646582959442595,-0.29468783110949387
4604,-0.041634218079134505,-0.5668465052972996
4605,0.9103105711176642,-0.22898733149529082
4606,-0.07425303365152394,-0.42735796944094134
4607,-0.5557482610369777,-0.4850767428061315
4608,-0.08184325311980564,-0.4558009396243452
4609,-0.20174747188204475,-0.5678240008969472
4610,0.5856182420526359,-0.41745937089587676
4611,0.373817573576655,-0.5056329929501036
4612,-0.1622380043253988,-0.5538858515828096
4613,1.1426684840496457,-0.27424573778035644
4614,0.3993951347047774,0.07170763282959831
4615,0.7016126284651549,-0.342691795725103
4616,-0.5556549702138843,-0.3827870563358972
4617,0.24124994954303114,-0.46044843441172073
4618,0.5349890514555373,-0.39627680996590137
4619,-0.5161609226744011,-0.3773212022581816
4620,-0.7962096171660562,-0.5172278816943304
4621,0.1548905990889179,-0.4620801080633639
4622,0.4647284300724279,-0.5981689223185432
4623,-0.8321379484911977,-0.5457181443559761
4624,0.08071624123173221,-0.6365144988072329
4625,0.35277095518401647,-0.5454214003553136
4626,0.07284000177838612,-0.5547872430345809
4627,0.021967973881018732,-0.5413811819626609
4628,-0.49925037948702466,-0.5116061835678619
4629,-0.09918465492016426,-0.6002898552537808
4630,-0.3850511266418781,-0.4938187599455321
4631,0.6891014642120846,-0.4983741123597963
4632,-0.08782244889772356,-0.6340731646213017
4633,0.5531823602746335,-0.5188789933069835
4634,-0.19827585480215013,-0.5837429283574809
4635,0.09040489315258637,-0.5059904000002049
4636,1.3614737130761463,0.23610082400491267
4637,1.0389326324813768,0.096205301972259
4638,-0.6863993355725335,-0.03223504014150434
4639,0.7901702308783642,-0.2096533048105345
4640,1.8327956110467443,1.3163726518867105
4641,0.38344262839412835,0.42507269717400736
4642,-0.3471709813969972,-0.11074505331541575
4643,0.6941400383252438,-0.0023299465979283174
4644,0.8304908763707897,-0.08152710523286218
4645,0.49255787714667054,-0.1169451048716092
4646,-0.1884049193892916,-0.10064156635151057
4647,-0.13912503134720397,-0.06252747691543499
4648,-0.1868518599961798,-0.12567612714649914
4649,0.7287452119379426,-0.1107899465498063
4650,-0.28330729497563883,-0.30226345484578404
4651,-1.2616694889679696,0.20948854249171073
4652,-0.4047371770810664,0.11894918973045042
4653,-3.3168107097774704,0.3965593802716358
4654,-2.6032271612989706,1.4813672100276447
4655,0.991617806515106,0.6290914164883182
4656,-0.3673365370681253,0.09351976339061872
4657,-0.43471686896533523,-0.3548735657981503
4658,0.38610301345256137,-0.3971624132345237
4659,-0.21333736063495212,-0.4531436368163297
4660,-2.7214636395580736,0.12382179151861648
4661,-1.9563296813860576,0.17085223295461455
4662,-2.9615835062723437,4.391014870261737
4663,1.144678565681095,0.31584307705922054
4664,2.0230396147814926,0.30927190277537014
4665,-0.06770984746224257,-0.24138567672291028
4666,1.4053023574994148,-0.0029095552673355923
4667,0.6197646652829796,-0.42431174482690126
4668,0.05127643564555662,-0.25760754324438384
4669,-1.270431383933827,-0.359567380236229
4670,-0.7037205955444894,-0.22350000066188613
4671,2.3797673905440906,-0.18114469246896575
4672,0.722698137099216,0.0819472573442999
4673,1.984971970613759,0.2054440083750404
4674,-0.9791151116909813,-0.03924966725947729
4675,1.3460941176767904,-0.10390017777278428
4676,0.2423835039095258,-0.08337033315749176
4677,2.6039013705474274,1.0487536213695283
4678,-0.2901969857144346,0.514006556932943
4679,-1.8476508112453902,0.6731180158446799
4680,-1.7682188944787336,0.5954762526367301
4681,-0.6157616945527131,-0.1577966063325183
4682,-1.0113921314489476,-0.05956517950091049
4683,-0.10369335323419054,-0.17823780895026078
4684,-0.5041385462245566,-0.3771025968071568
4685,0.18244024948237836,-0.5275895415507481
4686,-2.1015846660488977,0.05674305699395528
4687,1.5643835060748477,-0.0482114422727917
4688,-0.3198960978881237,-0.22560246610204926
4689,-0.5331049081251819,-0.1978407796791618
4690,-1.7969116000651362,0.07807136155307233
4691,0.27545535286148304,-0.3765062378222875
4692,-1.4693303434726037,0.3261506329608454
4693,-0.3508739366844608,0.13525243044725627
4694,1.090833730285407,1.054866639671987
4695,-1.6292130336862467,0.13441593237653848
4696,-0.2888517864649235,0.16442156380619516
4697,-1.3743659477218753,0.7021429555331151
4698,0.16458886662437427,0.42822972821256944
4699,-0.6083579583503214,-0.11315822156900321
4700,1.1055649976051931,0.36888498111869733
4701,-0.252145384106086,-0.19549307113940068
4702,0.9179259166641922,-0.11052635752038058
4703,-1.8963344194847185,0.23507293506073745
4704,-1.7979863093231623,1.3586305984129998
4705,-1.4050089553407,0.2094819879145291
4706,2.918738185352409,0.8722575721614785
4707,0.7552724872679057,-0.05117905513403099
4708,0.8885353501163005,-0.17068680133798397
4709,-0.45460137273566503,-0.2272686592569464
4710,-0.23350041814258604,-0.07207097316067515
4711,0.21333798233011475,-0.3486034531486539
4712,-0.9433785526174037,-0.3278607922241674
4713,0.9214349016878642,-0.20830555237131582
4714,-0.2806183349544409,0.6091525207179174
4715,0.7239625912906349,-0.3076380621686921
4716,0.23836909075514368,-0.41907848508386
4717,-0.7459387346029906,-0.3124140954591665
4718,-0.9574274812384059,-0.2057243413471615
4719,1.1740963180335866,-0.15705729108668792
4720,0.015404154142930282,-0.41308861390065327
4721,-0.1979342313467832,-0.504505224272765
4722,-0.2462906264128097,-0.3891386643159444
4723,0.5078425683146337,-0.43242457386345295
4724,0.5150253536472481,-0.3947707784222228
4725,-0.41457552721547014,-0.5550875444792072
4726,-1.2891502995658106,-0.10376900188184204
4727,-0.0653578120986491,-0.3125335148336651
4728,-0.9389502776152802,-0.024658378524752847
4729,0.24694745618351577,-0.23592620701885086
4730,-0.3017914363687095,-0.28355919084720366
4731,1.0041969621034648,-0.4783020271902313
4732,2.0878626133032685,0.7689726458260945
4733,0.0954703971452529,0.4529839244615937
4734,0.29972111914492994,-0.018959043514955712
4735,0.03746128593755654,-0.14592586413101488
4736,0.9478640030725982,-0.14571235603482688
4737,1.036932616966278,0.043181841952715225
4738,1.2728284048920586,0.10761245161029874
4739,-0.9958541193496273,0.10375008757748362
4740,1.0165078734957516,0.052669582918715444
4741,-0.3257403782265523,-0.29925266603927453
4742,-1.0569434415569083,0.05170283556858368
4743,1.8534850628640638,-0.012511787682856997
4744,-0.47201489965539883,-0.25644247043588814
4745,1.8107732993301253,0.29904879412873725
4746,-0.43182028109991843,0.8534117081253901
4747,0.42408536963794996,-0.07586115859672486
4748,-0.23511245554673066,-0.03248584741765258
4749,0.1331501402072312,-0.519915800725099
4750,-0.26593575318340623,-0.35062806207339897
4751,-0.646317125596487,-0.30254966937603195
4752,0.5047289612507575,0.7080202695839903
4753,-0.5975097403578713,-0.4004383518985107
4754,0.36520621142657583,-0.48750920983259033
4755,0.18631046318598032,-0.4350047749688349
4756,0.8825009544506683,-0.12544649910858646
4757,0.346005127492405,-0.38909612558781126
4758,-0.7902500235209524,-0.0316337641550702
4759,1.2130178212599292,-0.39712082137760957
4760,-0.8954733216666613,-0.34550827235350845
4761,0.1502984127167747,-0.56606596936911
4762,-0.21962161801865063,-0.4984223220952165
4763,-1.459773538138312,-0.336137704031461
4764,0.7855154930876118,-0.30888510377741263
4765,0.5688103414119408,-0.5322644977950886
4766,-0.7223785536403645,-0.3044627110773382
4767,-0.5808911614293638,-0.30287319593746737
4768,0.7056463639419945,-0.40432400050701967
4769,0.1849083558587583,-0.5168576904989323
4770,0.44713356226954337,-0.3838130382943144
4771,-0.5138654397503504,-0.5271207100000976
4772,0.7460497173015648,-0.4860130980578235
4773,-0.10629120553198673,-0.6037924012623981
4774,1.3896121706156075,-0.19050490156405087
4775,-1.2566071389792794,0.7801451885953502
4776,0.27885580657437914,-0.2687159046709692
4777,-0.6989150366991459,-0.3255673360655068
4778,0.5222804750179952,-0.3004968471881123
4779,0.8442124310851025,-0.08244208907307356
4780,0.7419974457897153,0.08210485899715854
4781,0.16959948696787502,-0.008335539709080492
4782,1.3778262029027637,0.18411031402102734
4783,-0.829495722061318,-0.13737761879845253
4784,-0.5434853868752885,-0.03476965803591274
4785,-0.5660383917574321,-0.1165188201694504
4786,-0.5896539297178212,-0.19176607291580278
4787,0.34113330776290973,-0.14812443035600453
4788,-1.43425981424528,-0.004831488944513407
4789,0.20676229859165784,-0.493581379973193
4790,-0.7045798078502308,-0.5308074656035
4791,-0.16692899671056666,-0.46445619612004047
4792,0.45624252868822124,-0.5290496964336976
4793,1.1332273790169256,-0.29929212281012424
4794,0.38268607938166166,-0.5132001082719612
4795,-0.07540681515659178,-0.4734383494589916
4796,-0.8604630560457426,-0.3641911257948201
4797,-0.2366767365457151,-0.5585393826671501
4798,-1.0189191729489369,-0.30957190387620903
4799,-0.6735824835808528,-0.1482867094976682
4800,0.20260523611080805,-0.4676328237684165
4801,0.0249657107374629,-0.4542578401309141
4802,0.05694782602798426,-0.04934516337957616
4803,-0.622368253886342,-0.442693927336342
4804,-1.085132483087055,-0.1760771201805057
4805,-0.30475825352263475,-0.23444083175038954
4806,-0.8031286679951164,-0.27208121637921573
4807,0.00013386783175514672,-0.331109402334313
4808,0.9848854131889071,-0.33369847065248814
4809,0.23331780659749002,-0.44560446512758406
4810,-0.04984615142536894,-0.5153867720690624
4811,-0.274007469737629,-0.41337403037719345
4812,0.3780598159422497,-0.41253547002716723
4813,-0.3877902970330057,-0.545199913759501
4814,-0.18965977312640678,-0.3906209990034227
4815,-0.34575683734089047,-0.4067651828263103
4816,-0.20835921028470045,-0.43950939495335123
4817,-0.30900869652882823,-0.49814813708957156
4818,-0.7672014256042462,-0.4484946432937347
4819,0.6139936400002763,-0.2951304846382494
4820,0.7858734769759437,-0.3910710011657
4821,-0.4794778703509823,-0.5024153211268622
4822,-0.4999866239055633,-0.39220697158580947
4823,-0.7364810072031006,-0.29908359187020417
4824,-0.18873204265988516,-0.2749121876403074
4825,0.47342473707452415,-0.37398512598696587
4826,-0.5315493745927021,-0.23703660808301896
4827,0.382197113729581,-0.388403074431566
4828,-0.9242480732131788,0.1421962376454009
4829,0.15055807856282755,0.00996776928930447
4830,-0.08373137456157506,-0.22031908448796023
4831,0.5502722029997034,-0.45089489933728705
4832,0.4736192522264503,-0.3597699216743125
4833,-0.7950380856261147,-0.3564020263319767
4834,0.8984290689531953,-0.397268752652029
4835,0.9550460004153587,-0.4312585129029825
4836,-0.04877861166014638,-0.22529916170234177
4837,0.44596598566893075,-0.37949020444327836
4838,-0.8041581691988388,-0.29477205162255365
4839,-0.0032608946362345514,-0.4905837727120785
4840,0.43112781387256083,-0.5044292737019812
4841,-0.6421508619648131,-0.40535550433342843
4842,2.024847796860622,-0.027964485623054883
4843,0.11005193386528855,-0.39437745573551775
4844,0.3320147794207646,-0.4375630353377505
4845,0.13177447066555048,-0.23981840495529294
4846,0.16483640561670132,-0.48203282249760876
4847,-2.1774069518317654,0.16397026992391067
4848,-0.1319614488503969,-0.2610360056808706
4849,-1.7034677191315026,0.005391940894249853
4850,1.5514722700460326,-0.25846645257775014
4851,1.1510379612767856,-0.3508582240483223
4852,0.38011852079824027,-0.22142219597292
4853,1.403031466822165,0.5499146315336827
4854,-0.7429477083985581,0.18947944785837406
4855,0.2844783268995099,-0.3813946485406638
4856,0.3060190506292175,-0.3733936651259906
4857,0.7387416388822396,-0.027398746651769654
4858,-0.9262159910956967,0.3969736316734805
4859,-0.3393123473477906,-0.3122667333420923
4860,0.58005707653187,-0.3667412233040383
4861,0.28952430002163443,-0.5485936254318954
4862,-0.7825346038111683,-0.3511029334267232
4863,-0.22653538179010402,-0.3165074548525269
4864,0.31748191981115514,-0.5368163515497439
4865,0.6157269121422602,-0.5141668774712342
4866,0.6468890822134616,-0.366142923614414
4867,0.2035993885811062,-0.16412418734250678
4868,-0.9566742496468623,-0.4168924687434407
4869,0.39981056088906164,-0.4473524344967133
4870,0.5815514825529128,-0.3139939170279377
4871,-1.0822903918608966,0.11934757654629717
4872,0.025234566040491013,-0.3666445594819366
4873,0.09891638329282404,-0.5866810649386534
4874,0.7319939972884598,-0.31827285411416856
4875,-0.43555387140419244,-0.4957937284693141
4876,0.11078100203941033,-0.47475804951840034
4877,-0.9875235057933386,-0.34520648031797574
4878,-0.5398255784002338,-0.03475407431357237
4879,0.3638309323540092,-0.4220115928782937
4880,0.9108669886471006,-0.34229898234622075
4881,0.44431004342411873,-0.35441223601472427
4882,0.962711479595052,-0.07126681702500393
4883,0.3100684217717856,-0.2905193777328061
4884,0.2523539223353548,-0.044832716101357736
4885,-0.40517183100232324,-0.27820086306025943
4886,0.316518747934011,-0.2982115120417725
4887,-0.4886038070805242,-0.43547904029881784
4888,1.6584689155305303,0.6084376957205642
4889,-0.966219217022706,-0.14652020759128784
4890,0.47442015329195175,-0.07226409228427784
4891,0.4253922250458996,-0.021467955845172068
4892,-0.32359538487815087,-0.20371214471017712
4893,0.23058257501122126,-0.2753934766558652
4894,-0.7262463485829517,-0.14771963385830703
4895,1.3968484427081824,-0.04097220640761121
4896,0.20193209671054846,-0.08085214198726356
4897,-0.581477533345463,-0.2821203702142596
4898,-1.4004118756608994,0.017400128587531163
4899,-1.7989006362711448,0.3919299676697919
4900,-0.759178099204213,0.618369175329768
4901,-0.19643320657171712,-0.24982933630649667
4902,0.9603325533437039,-0.11384671873501274
4903,-1.2436877809166507,-0.32905855846692117
4904,-0.19015763516401685,-0.25121648465221974
4905,-0.3623557652271986,-0.3916951085551032
4906,-0.22718361684403876,-0.2718915052296459
4907,0.02546152186301054,-0.5035963018895424
4908,-0.6146146821164774,-0.3796762345728394
4909,0.3481457251201039,-0.411531652434867
4910,0.616674746013617,-0.3335718391857226
4911,-0.5470949170569667,-0.4279962119750131
4912,0.6328354994328099,-0.435590109372424
4913,-0.05434715044936472,-0.4466148390067478
4914,0.8663578265804834,-0.25476326803120436
4915,0.49748693940162125,-0.3761145666598275
4916,-0.37112277046279074,-0.3286525468895915
4917,-0.26062868730072586,-0.48489081825546226
4918,-0.2535166716285802,-0.4954573382459195
4919,1.3150381610266462,-0.1933598836631312
4920,-0.7417420924804836,-0.4166690650162809
4921,-0.284790284422185,-0.5154817983545397
4922,-0.9382933044134157,-0.3149730749879314
4923,0.27603778710979887,-0.4366935302222029
4924,2.3472460781878177,0.22145465615050902
4925,-0.09453238473712225,0.044068933708446584
4926,0.2712790571021857,-0.01603151479425978
4927,-0.08170392299487711,-0.09598484800771245
4928,0.7877044670308564,-0.06811205158398188
4929,3.40845937406599,0.9343927848211817
4930,-0.24141744120378497,1.5144711090167882
4931,0.5543792436956231,1.5486879616998672
4932,0.1915069910036571,0.87506972275122
4933,0.47480450313555,0.2766214626792209
4934,0.5554530547067735,0.06423221492306515
4935,0.4387463843350926,0.04386642772980687
4936,2.4730269028599827,3.2439158093370297
4937,-1.2844529801687792,1.1806987582222965
4938,-0.5611071236647289,0.23050934079586272
4939,-6.37189519797222,3.396918470634925
4940,-0.23494477939139732,5.768168123364994
4941,0.09621040997248198,1.103208925607902
4942,1.948593095415605,3.174910539342418
4943,-0.8440890253393584,0.22599673535272075
4944,2.4328976797454565,0.4286970661840021
4945,-1.7603302177657436,0.29817355685848224
4946,0.1733810441562983,-0.1871556901855499
4947,0.22368413003719934,-0.3842038756365312
4948,2.1595289173215098,0.22014256589494052
4949,0.9258353032164197,0.06931524607567445
4950,-0.9540858165618726,-0.1635385733023571
4951,0.08014255502971396,-0.40706059336521583
4952,-0.668345673982602,-0.4403339910417336
4953,0.6592844932372561,-0.3666008848141406
4954,0.37601166120001617,-0.46036066709727674
4955,-0.9195316546528438,-0.39584354429383545
4956,0.9393979814021383,-0.546430872026024
4957,-0.22642080622383748,-0.4449388346576881
4958,0.0763342579948954,-0.4030792239135578
4959,0.8794360042850164,-0.42384376421155956
4960,0.56624031570501,-0.08714194978293503
4961,0.25959945543231755,-0.06529380765868185
4962,1.0663563006740173,0.0765762729287953
4963,0.8624636150373353,0.6503415187387711
4964,-0.47342594962725554,0.441338207844769
4965,-0.3031379766568565,-0.02008662508444277
4966,1.0632621856897964,0.3418353139581037
4967,-0.11141288900187482,0.28452664982626724
4968,-0.8953916511740345,0.05179575937591398
4969,1.9386410945869583,0.00615038906506904
4970,0.48981368464380415,0.26385511987048804
4971,-0.41629491450847356,-0.2596538671651296
4972,-0.9155028190197501,-0.08123692660456706
4973,0.29791234124142063,-0.3142047077889637
4974,0.755664945752204,-0.08173904216770339
4975,1.096606580418697,-0.15918318495825384
4976,0.3982081933369248,0.07781712663978867
4977,0.1791340460604987,-0.1752346790605507
4978,-0.11473757152711017,-0.16885464263680083
4979,0.8300134328546938,0.11076184414119998
4980,1.5616135748782738,0.47088323997267695
4981,0.38247778398298093,0.8575047039036016
4982,-0.5790534308622035,0.3793215031160742
4983,0.10436456972139119,-0.05407552509207588
4984,0.7498805424430954,-0.08621700082136356
4985,-0.6035766748337202,-0.17882995346169905
4986,-0.6181726974050183,0.1787919095236165
4987,0.6572786936040942,-0.2460238500419516
4988,-0.4073142550852775,-0.05370911295032019
4989,-1.9241473329509593,0.5867552655042111
4990,0.38378648862188924,0.001914279468828231
4991,-0.6342305679657696,0.14930575219048553
4992,0.2555899028393398,-0.2549077867755346
4993,-0.5988020523547717,-0.07422882143552895
4994,0.8417407076610723,-0.32381310113234735
4995,-0.3583654296180204,-0.07621391863296659
4996,0.9542500207386091,0.043834094414295935
4997,0.47873903321496136,-0.042930430865105965
4998,0.30914852148637184,-0.09904185433687168
4999,0.059287858838098395,1.3415894784103874
5000,-0.5033523851146215,0.047659618743317214
5001,0.03330465700169227,-0.16244585637609707
5002,0.31912775733250887,0.06213419649251871
5003,1.0717207453577233,-0.003415597177369653
5004,-1.0957101114309447,0.24622836091850697
5005,0.05779738549727392,-0.11004987825740094
5006,-0.6695139108279969,-0.10628764482896723
5007,0.5487797912645411,-0.3297199894996627
5008,-0.33081321867186275,-0.3618575398009654
5009,-0.4747780569348028,-0.17088024955231135
5010,-0.36732612675748433,-0.08560504145906421
5011,-0.5076414720989862,-0.2603854720468562
5012,0.8332900941371382,-0.32647706533130727
5013,0.30785023147712653,0.045217355665742406
5014,-0.7278694693065322,-0.21702245518667207
5015,1.183005869389381,-0.08345634135434628
5016,0.06377933228678057,0.1939550828708806
5017,0.43721947359257773,-0.22206053791638058
5018,-1.2965221366220803,0.17332828668487654
5019,0.7572245187317024,-0.2990462300444302
5020,-0.4167564136519543,0.44973980660882235
5021,-0.889072329663809,0.02156867695480709
5022,0.09797914263443436,-0.010367721944207889
5023,1.0559449232846347,-0.01717695065385627
5024,-0.2519467264846735,0.5551173808972214
5025,-0.22924432402940145,0.06097044975549103
5026,0.2716372589145877,-0.04021162496181636
5027,0.17228136145445638,-0.12028844436320983
5028,0.5472725245606413,-0.2354829822402561
5029,-0.8364357682105197,-0.12886282776455693
5030,0.7294212805176228,-0.2723572677292994
5031,-1.2419411381733814,-0.22410759726476126
5032,0.7322335173019079,-0.19789237129771065
5033,-0.9240446639525361,-0.31545277091317353
5034,0.23000897295172273,-0.5458070304215623
5035,0.9001393448156736,-0.24426315142620608
5036,0.10586273818112102,-0.43203223668719437
5037,-0.6283177263021195,-0.37425064783166717
5038,-0.1898962783697397,-0.46574146370034725
5039,0.7780566991106943,-0.3660367602894989
5040,-0.0972205856124864,-0.4091248306074416
5041,-0.11351270213947309,-0.48515617033889064
5042,-0.04039022196363165,-0.46915420805719427
5043,-0.0603742491023504,-0.5047246280618497
5044,-1.3107514821272865,-0.15199132405849775
5045,-0.1545618138376216,-0.06229299052071487
5046,0.5405524584731153,-0.3796867001857029
5047,-0.7050136529715968,-0.36019097739910627
5048,0.2291364944765371,-0.30208934856655467
5049,-0.14916167166382802,-0.31127331146105747
5050,-0.3269711642975807,-0.44442896030376183
5051,-0.6715667769861999,-0.3282901484632659
5052,0.7387569627873247,-0.5402989931288665
5053,-0.2685112845936561,-0.6046224671214052
5054,0.9326755576785735,-0.2296917833419469
5055,0.07946624696820237,-0.5034284948175449
5056,0.459180432043526,-0.5623440038659911
5057,-0.7370347844383612,-0.48055697156140736
5058,0.8326653430536666,-0.40065353788972896
5059,0.131287447608679,-0.5978442015969907
5060,0.5118316675100034,-0.41252054918845044
5061,0.42876384370041276,-0.28034458701009746
5062,0.4388306005431817,0.021037137848797058
5063,-0.7335178527098465,0.1569035344790437
5064,-0.004627876324747204,-0.3632463379171717
5065,0.3256354429557484,-0.42136031733594054
5066,-0.1889248564950798,-0.1892342552017381
5067,0.4591124152959354,-0.11450024078768764
5068,0.21682512458390613,-0.04293628010161758
5069,0.27469471396129963,-0.25652333364140467
5070,1.000879039711864,-0.2482081217549847
5071,0.37101745829235955,0.10463302002942658
5072,-0.49197444794034434,-0.05610962007037405
5073,-0.2678192732906156,0.08873559169211541
5074,0.12469535209928395,-0.2552994617185793
5075,-0.4793241069873355,-0.1879178117435759
5076,0.2630214899376516,-0.4320421465166973
5077,0.13194141648041646,-0.28876760342690533
5078,-0.7719264302689733,0.07265066904082142
5079,-0.817822974165924,0.4441747175356147
5080,-1.0695854654176227,0.1576105298869478
5081,0.9637277680416008,-0.14400044080328628
5082,0.4480732947190813,-0.38056476304096554
5083,-1.34960795089634,0.020816687096516878
5084,0.4549892224027441,0.0036650396167181437
5085,0.48606735420480984,-0.28387352933532406
5086,-1.430022947486277,0.1556904500448501
5087,-0.4715598976813965,0.20579494607413584
5088,-0.14203521458810134,-0.06508232022782384
5089,-0.6488629620661777,0.5998781979064329
5090,1.2290518193109616,-0.007972666507394408
5091,0.21352003802079078,-0.3089380184967994
5092,-0.501974666579492,-0.17694950399391485
5093,-0.4158134292597937,0.005942709203342292
5094,0.6507220051122358,-0.3448650220849921
5095,0.28622413803618296,-0.3485168462915685
5096,0.5657782130819453,-0.23988691294218767
5097,-0.07372441900511864,-0.3957664528799802
5098,0.5833425557111355,-0.2390661754116437
5099,0.21876524973857836,-0.13341194695396055
5100,0.3379328313202591,-0.4275045657223764
5101,0.5202150432068173,-0.4217598898953389
5102,-1.8385776939896736,-0.10486385304358291
5103,0.11441278126735616,-0.36476200628933786
5104,-0.021487161387336612,-0.39232283780545224
5105,-0.013930905833982404,-0.5266858624081989
5106,-0.8188714965165891,-0.3763783141354229
5107,-0.42325494116410295,0.025676727625926293
5108,-1.7513801831321,0.17192136915623435
5109,-6.579432825676747,8.701245863209731
5110,-3.5157682470332694,5.746621920318937
5111,0.9944448651294138,5.580137109487796
5112,0.33114016639607136,1.735205422457311
5113,0.10961700832015653,1.3083141809210437
5114,0.19653955492565067,1.331834517527699
5115,1.2121435946715124,0.4194549056501652
5116,1.4672000815582549,1.5230261600650565
5117,2.092837624564719,0.6879541626147151
5118,0.6203180105482565,0.531419957495025
5119,-0.8035973272765224,0.00027577438739559423
5120,0.8836190894955243,0.1643730692129966
5121,0.002057789976058544,-0.32903663607855244
5122,-1.316792638906918,0.28692322002233084
5123,0.836603426899132,-0.10308025156018447
5124,0.10075816828048728,-0.26563806091704084
5125,-2.062659623046412,0.20327962094766244
5126,-0.6588374970750053,0.3411806760326646
5127,0.5408744136220636,1.419118880527222
5128,-0.8175118560538649,0.01250236514133711
5129,1.4222453910604407,-0.3234953870553567
5130,0.8833518702148202,-0.09664438139730257
5131,0.5707132765836771,-0.17711199027489222
5132,-1.6687992428269092,-0.24182592144695025
5133,0.6184456134741172,-0.39226912940562886
5134,-0.5610466123478153,-0.4271935579647293
5135,-0.5493973960502107,-0.23111067602126217
5136,-0.26143034479753136,-0.4784041319367119
5137,-0.8020448140891053,0.30262548011550466
5138,1.0373480177257426,-0.0071726682343812576
5139,-0.7076479185366398,-0.43652378669716235
5140,0.18025349404151858,-0.5866188485129813
5141,-1.0435583860249835,-0.31975181432454336
5142,-1.0845552895338135,-0.18431186406587347
5143,0.6703590498261505,-0.4522275536441737
5144,-1.395472981591539,-0.08622993913418593
5145,-0.43837772016129306,-0.28409674664465706
5146,0.1919644055696076,-0.23960654773472312
5147,0.6243665536070977,-0.11744815442066275
5148,-0.2883577689197421,-0.4271929027968749
5149,-0.5727566258475685,-0.27317439975439023
5150,0.9391356013151355,-0.3300841313166124
5151,-0.6735690638463012,-0.4595040768347396
5152,-1.3284497881679909,-0.26877082060936974
5153,-0.5482959622763358,-0.07618837063974108
5154,-0.40936670167793593,0.06728780925737186
5155,-1.4091474031747615,0.34875900383352093
5156,-1.4791866732538037,0.8090676513401938
5157,0.7343234767233161,0.3395718133336925
5158,1.3276177519220158,0.30739825284589795
5159,-0.6439709320705348,-0.016527285457553866
5160,0.7932433577593785,-0.2280941975590895
5161,-0.9711925995666879,-0.3238453873840284
5162,0.8809402714609196,-0.11176569285613734
5163,0.7098580865468277,-0.23330895364966187
5164,-0.14224406934513437,-0.32936910281424336
5165,-0.5667770026227622,-0.4903129911877498
5166,0.7050686746163547,-0.2620124253858732
5167,0.4023407251858968,-0.44526987538252377
5168,0.47952677062501337,-0.44432241479442497
5169,-0.16285347118655802,-0.5500321357009007
5170,0.8075317707492966,-0.2592606493777516
5171,0.4994182829420408,-0.3133345559521045
5172,-0.7283009059042229,-0.35930466383777
5173,0.35429619857836836,-0.5480405186023455
5174,-0.08630575444780172,-0.48333443703329476
5175,0.5300094274667595,-0.39069118933107333
5176,0.16099006363465862,-0.5091205067290585
5177,0.08599443018897879,-0.5186020595493473
5178,-0.7210074542366869,-0.3567607406737203
5179,-0.11698760946308379,-0.38628873615860326
5180,-0.32268184519912496,-0.4751057391684445
5181,0.23876663589936664,-0.4908514566614847
5182,-0.030373634804250205,-0.5193568061993195
5183,-0.2145976965031828,-0.5401350991534567
5184,-0.733242967677512,-0.2567275100837964
5185,0.36688725231964037,-0.31625821689315775
5186,0.7925357893303961,-0.215816422196711
5187,0.13798601730838722,-0.5008536817285895
5188,-0.912102606000231,-0.4700282567871158
5189,-0.5019221299063094,-0.21984462709366126
5190,0.4501599234241416,-0.3048915441424197
5191,-0.1648766723570079,-0.4331856616776806
5192,0.4576430313720542,-0.5298573695178219
5193,0.6098262832717956,-0.4919740981551241
5194,-0.21278431722122979,-0.3973686301175567
5195,0.49256817010680454,-0.5452786666722458
5196,-0.23023326268222627,-0.5393201890353769
5197,-0.38308765443351833,-0.5034252426321473
5198,-0.05403437690398072,-0.5056247332916741
5199,0.9357535411504148,-0.11463370389128796
5200,1.4563110318026289,0.18007110217178302
5201,0.4457806020888472,-0.10830633467178095
5202,0.18738134366462672,-0.3021800684363812
5203,-0.08055943525213727,-0.2990625723520524
5204,-0.6264111307276826,-0.18268643420477843
5205,0.0379834101946111,-0.5957178554934711
5206,-0.6371934039069859,-0.09769276811232641
5207,0.033134693852916064,-0.3122705618860884
5208,-0.12112082958416792,-0.5215336797728413
5209,-0.005301210471813894,-0.4885903372241634
5210,-0.5772990102895599,-0.38698193461220937
5211,0.49628860399876373,-0.418862149046834
5212,-0.49441821268452474,-0.3352837660086407
5213,-0.585832826270718,-0.41751493041408627
5214,0.5329164578040875,-0.4924200237399427
5215,-0.3455102173923795,-0.566534031241724
5216,0.5735066147811565,-0.47202358806149297
5217,0.41951924682846375,-0.5819143102989702
5218,0.3055096737884666,-0.4888468682902852
5219,-0.7772585354395958,-0.4909026090567382
5220,-0.35126925353533156,-0.4841836274334885
5221,0.2794284390151839,-0.5681376633790546
5222,-0.884809913159231,-0.28406774790578176
5223,0.2628279861711884,-0.471703934235081
5224,0.3721917878581853,-0.5762740125822237
5225,0.49176091630596896,-0.4384956380350174
5226,0.5121338112580658,-0.46287192914665576
5227,-0.5111645751265025,-0.5808068243096449
5228,0.059613345708705634,-0.5352577673280082
5229,-0.18655510787375723,-0.6007235885202531
5230,0.558673688300847,-0.526391649434424
5231,-0.13514648645083596,-0.6361144296868879
5232,-0.40199971237232324,-0.6117807237420336
5233,-0.4952763671626862,-0.5537956746790904
5234,0.16010890238291614,-0.5116543491623747
5235,0.07016778270653223,-0.5262417134110978
5236,0.0894407479521821,-0.5437971128589194
5237,0.36630780217923287,-0.5827400190535964
5238,0.007949208488514214,-0.5185433253261741
5239,-0.10727094352173294,-0.656445154213841
5240,-0.037936371171814254,-0.5908359118243077
5241,-0.19786014992492418,-0.528722417066155
5242,-0.3279033979980269,-0.46234962942273367
5243,-0.6667683987690142,-0.34709600039481725
5244,0.28360098533437306,-0.556073370386747
5245,0.22304466393857714,-0.5936263975418582
5246,-0.5548529924936199,-0.4837990346921657
5247,-0.6019583369731447,-0.2793750584089053
5248,-0.4758688774855534,-0.4880205100072886
5249,-0.3853137937415756,-0.41492670572566354
5250,-0.22794126252597033,0.013721392069159663
5251,0.1833972542248855,-0.26328113637715306
5252,-0.8238458881459141,-0.24673328423449492
5253,0.28910681673637706,-0.39870339726887083
5254,0.03413610154532565,-0.13506636706360053
5255,0.30995476865553395,-0.4910730218381192
5256,-3.0105042595866145,0.9342338697724011
5257,-0.29380449563095334,-0.08645311520098097
5258,-0.830557524899513,-0.14892109536613546
5259,1.7774487307302418,0.3114506530283585
5260,0.3420019685576615,-0.38060068110073614
5261,-0.9284263505725092,-0.46620958585397104
5262,-0.39458721504703465,-0.42100361971214034
5263,0.7962609347853606,-0.4119066751129869
5264,-0.2127753296933887,-0.3566847568518345
5265,0.8813726239670456,-0.4360737058855218
5266,0.6885622406620611,-0.46070044288293394
5267,-0.012888540848152885,-0.5888177424810259
5268,0.2985714514731673,-0.44832318881933203
5269,-0.30722189004778655,-0.5388691911352281
5270,-0.7512449701977272,-0.48789565496051884
5271,0.1972249763290133,-0.5488437537082038
5272,0.6157215107280996,-0.5479929926759699
5273,0.3864570367613124,-0.56694675492543
5274,-0.42132190899237054,-0.6140629228001746
5275,-0.13514377516047632,-0.6681542213059541
5276,-0.2693658087759581,-0.6126338466530089
5277,0.40010504588878504,-0.578187595016215
5278,-0.4980970052086037,-0.5315859742824477
5279,-0.04835316290628297,-0.6406264295489121
5280,-0.13152834374734848,-0.5878207783061979
5281,0.03470635123251248,-0.5206478335680542
5282,-1.0123848955986754,-0.4579233915494269
5283,-0.5458277516902207,-0.3549481796645229
5284,0.17708426901962138,-0.5018833971821427
5285,0.2504531668455542,-0.4923476627066021
5286,-1.048016701598673,-0.4104023852194125
5287,-0.24464996739332204,-0.2778166188928412
5288,-0.13553117393590877,-0.4082609651102019
5289,-0.5835695053052302,0.5555717835739105
5290,0.28898661860887176,-0.1839845040101778
5291,0.13904783376902896,-0.3124281041477289
5292,-0.6748780516904764,-0.1699089616715459
5293,0.9095167763735268,-0.216410548570306
5294,0.11708914400778597,-0.4127787169647934
5295,-0.46961443376283907,-0.49975937380825297
5296,0.299384724321916,-0.5624395376646548
5297,-0.6701520046601365,-0.11787445774711314
5298,0.8094688303247879,-0.32002554621399265
5299,0.20574200527857145,-0.447736964344343
5300,-0.43443215117672496,-0.490269238125637
5301,0.4505022741348863,-0.5704478939546214
5302,0.00980331516474342,-0.45436890611627195
5303,0.5511041257237722,-0.22235741465128378
5304,0.026707895063962706,-0.517628653149403
5305,0.3860855392906315,-0.4274665268426546
5306,-0.4645431409234181,-0.3086245169961165
5307,0.6229252031117309,-0.47166962093234216
5308,0.34655846879426744,-0.41988708566749616
5309,-0.41637362484407553,-0.28491818171716476
5310,-0.1707622746043253,-0.44215407501291265
5311,0.25086936305428476,-0.5224663628744507
5312,-1.8417783085995016,-0.12184923636095121
5313,0.4693499164314261,-0.32081483165951685
5314,-0.9184679595435642,-0.2313189896839305
5315,-1.5902859780544034,0.29580193564215146
5316,1.6750423090168143,0.07584180949652349
5317,-0.21308699692402097,-0.18187727316607208
5318,-0.46587237211228394,-0.1414531906124823
5319,-1.0244797786098325,-0.12899074509399078
5320,1.589269800448726,-0.31930672685575423
5321,0.16004103521883817,-0.49905274940505867
5322,0.4565631670195136,-0.4088684093842388
5323,0.039470578574849924,-0.5484580218339228
5324,-0.32345195379895886,-0.5433861531339077
5325,0.3261561828514602,-0.5555272005548865
5326,0.2517870726519178,-0.5495582767801386
5327,0.5021939894356852,-0.44100785960091204
5328,-0.4960278758441773,-0.5752778506362511
5329,0.03939548405909199,-0.5916765171869685
5330,0.08444022744752439,-0.4887917646738377
5331,0.3918287395950678,-0.6138775984531374
5332,0.2348603168914568,-0.593088614152502
5333,0.13322967004596387,-0.41995906093937424
5334,-0.6530833852482439,-0.40157330299932015
5335,0.18038659006568353,-0.4936254629049205
5336,0.3190636392471956,-0.6532264259069044
5337,-0.32037911352244197,-0.5664874188778073
5338,0.6373582400433081,-0.5771173694400236
5339,-1.1576923345870855,-0.4413283501196285
5340,-0.259231529449542,-0.5046371168721437
5341,-0.040809379891884656,-0.6115229895574089
5342,2.135236926329984,0.19235404052251343
5343,0.5050929181164729,0.07212074667975317
5344,1.1324917146145932,-0.18536483591233516
5345,0.8151257006814712,-0.010324039460507847
5346,-0.6024134179166781,-0.12157754162539745
5347,-0.6636260803886194,-0.16736792624138247
5348,1.1074119863976266,-0.3218587032458377
5349,0.11479207878160813,-0.4483955939866168
5350,-0.48883122203716245,-0.3681011101556003
5351,-0.17984619935813295,-0.3405236187800121
5352,1.3650727448685371,-0.15905800631897565
5353,0.9650516574418839,-0.11370856485395202
5354,-0.8041676889728745,-0.23783415757130433
5355,-0.15229821980947744,-0.278536868213013
5356,0.9291150061959548,-0.4225836657816647
5357,-0.32804852913058935,-0.34379054637381623
5358,-0.3355513460603899,-0.4198384697747803
5359,0.055397723912526065,-0.5228706355526308
5360,-0.7816369448134545,-0.42957322622376437
5361,0.272487330340352,-0.40158135844698784
5362,-0.16638884919465707,-0.5957484936341674
5363,0.9215464034407834,-0.36994537762363056
5364,0.31628857600724625,-0.22524902574406908
5365,-0.023251696187195026,-0.2776286360464586
5366,-0.15858406559476665,-0.49967069732513175
5367,0.300875647342253,-0.46556726841946977
5368,-0.009424612016275147,-0.4790784801794088
5369,-0.1549309652983758,-0.45326538717954473
5370,-0.30625457055325833,-0.5522638601165447
5371,0.4119845007039675,-0.37912235311214615
5372,-0.0817349641878875,-0.49734874838051274
5373,0.11354019667644644,-0.6315057711890855
5374,-0.11274435420200973,-0.4595956913389197
5375,0.5891217094918716,-0.4043768643421472
5376,-0.5629209375917409,-0.41860854589104063
5377,1.1248300136285843,-0.2744372200385061
5378,0.022182256451448334,0.3194129078731655
5379,-0.12544055649171484,-0.32221223214467903
5380,0.3925329811884455,-0.28175175723278656
5381,0.35521944921911974,-0.44959124005538315
5382,-0.3769644768342747,-0.2586471745249135
5383,-0.4212185120252395,-0.45838355495253164
5384,-0.5077938318678069,-0.3619169799332852
5385,-0.23635329776433872,-0.394794209924378
5386,0.5144839952819913,-0.45774263025907486
5387,-0.008602036670606994,-0.49924589595829993
5388,-0.789771392640604,-0.2705553673425936
5389,-0.022528774103611288,-0.44950785026436996
5390,0.14861353230357888,-0.4903991576072562
5391,0.29494904581419024,-0.5380802310673862
5392,-0.14121321750664623,-0.653771144824741
5393,-0.6852588263408841,-0.4130178171000932
5394,0.024185301396044134,-0.5825386898747689
5395,0.08243737152221647,-0.5660053653680511
5396,0.14459246813862647,-0.44905817093050854
5397,-0.14758367072079265,-0.48623795610496723
5398,-0.3474289768585098,-0.5366248766188353
5399,0.14055297014121582,-0.4757667794495095
5400,0.13548452696927904,-0.45027116117532395
5401,0.35448539262479795,-0.3839107444374858
5402,-0.41441249348563364,-0.39559321481299686
5403,0.047727246830243764,-0.3515505764185943
5404,0.15401991461603998,-0.2949641076266794
5405,-1.4445359332645902,0.10312565252551638
5406,0.5426043690002386,-0.3196536819490174
5407,-0.491969581355771,-0.2604704877972612
5408,-0.46965001159326863,-0.3416397021896645
5409,0.3572049515430853,-0.40155977575912166
5410,-0.28656573388386253,-0.5108105941293478
5411,1.0405775217415556,-0.4104424533156021
5412,0.6254693762373401,0.2782305956124795
5413,0.10873014002266951,-0.17398142019508261
5414,-0.04273939786359243,-0.2134993196364035
5415,-2.6529348747331887,0.6572605581291091
5416,0.47621641189923314,-0.2156848533496381
5417,-0.5760148707456855,-0.22178146750342115
5418,0.09150627082903984,-0.5805242075314991
5419,-0.5811304025911905,-0.3697889534104613
5420,-0.6574760834841203,-0.2887404918272516
5421,-0.23476659217050447,-0.23982957009634914
5422,0.627664338687455,-0.4533290607806279
5423,0.2001152091909313,-0.5297401223435922
5424,-0.21419014079241994,-0.5908895764904994
5425,-0.7092182220041053,-0.5432681766162599
5426,0.001652023575604733,-0.4747634671142071
5427,0.23516108647123113,-0.5843433214403754
5428,-0.2966869373641243,-0.5921524569239536
5429,0.19230510856126415,-0.6018457433653599
5430,0.48793396790526233,-0.55730009168874
5431,-0.21921854411418018,-0.5960555789661278
5432,0.7512340427295435,-0.4391621190195087
5433,0.6092099169523749,-0.51615838027776
5434,-0.7511818497687965,-0.4720021098666108
5435,-0.06928782858175264,-0.6167677756579056
5436,-0.3241047052325189,-0.5859449078236243
5437,0.3524341016615683,-0.6526100807260011
5438,0.9099965614339272,-0.4294346959724842
5439,-0.6973438170080413,-0.4439585746010359
5440,-0.2287250242770667,-0.5481732039402056
5441,-0.751718533125019,-0.4577919443053727
5442,0.18505165797665113,-0.6440934874603064
5443,-0.25478969866216505,-0.5615797516606862
5444,0.46970843574847543,-0.5601813668435925
5445,0.3795503728861622,-0.5862288102355137
5446,0.35647686705206283,-0.5644697787691282
5447,-0.6115893583777209,-0.4717986233654277
5448,-0.6350069220995541,-0.57767058958113
5449,-0.3334449920194302,-0.5477795324052112
5450,-2.2060074332553725,0.44652500339388174
5451,-0.6879806001798884,2.1796590552107276
5452,-0.14948513370801259,-0.3350351196752796
5453,0.37608314875546356,-0.4042120404511678
5454,0.371858384565138,-0.43091950546587837
5455,0.7584204994617121,-0.3666308295992972
5456,-0.14819116891799894,-0.46715033147475665
5457,-0.7176631152579536,-0.30342109934755024
5458,1.5454272196105077,-0.16851469633288418
5459,-0.2186200623353639,-0.3989962254292759
5460,0.14736474079647544,-0.5615340635463337
5461,-0.30596153251145763,-0.6102158708056407
5462,0.19819787777850584,-0.5225648733286818
5463,0.3239870295424202,-0.6184473418421665
5464,0.009728597714787679,-0.5572558419431591
5465,-0.47124428903694815,-0.3931864035263069
5466,-0.2436838167897873,-0.48250097346480214
5467,-0.5957913611115739,-0.40573609517412873
5468,0.6548512993575554,-0.4485361083039526
5469,0.6118064872549196,-0.518620024988964
5470,1.7161018200902083,-0.12025754037362855
5471,-0.054325356799642566,-0.23239057126601853
5472,0.46877170689164216,-0.26963518262699426
5473,-1.9371525089197434,0.02176499647838595
5474,0.9382032438327619,-0.3868907927352662
5475,0.14884120177612847,-0.5367634615313471
5476,1.133232603645551,-0.14532402444339387
5477,0.23183569124516323,-0.33540855816799636
5478,0.6584092861898856,-0.024344867228723158
5479,0.4577823028775564,-0.20333087520496446
5480,-0.4390564818424849,-0.3183635642914627
5481,0.352484269344121,-0.38488994163584733
5482,0.11427201403961884,-0.392668069144962
5483,-0.8705799838399406,-0.12131274144852902
5484,0.3330546143338293,-0.38921794457934994
5485,0.5720985745268105,-0.245242604899801
5486,-0.07949107750748033,-0.40975333124927255
5487,0.156302457910942,-0.44473771093704534
5488,-0.3211578536060413,-0.388227378951571
5489,0.14944478366510494,-0.5610993919047916
5490,-0.27809074664277333,-0.3994847829871057
5491,0.06917511330013015,-0.39292581481073197
5492,0.08702150419257415,-0.5342319237901082
5493,0.19677775915063878,-0.4673026074132719
5494,-0.13311859169930385,-0.47588594577229265
5495,0.6562543604839132,-0.4522071967682987
5496,-1.0154279526633758,-0.3798991275909359
5497,0.5887474021142204,-0.3956775242640245
5498,2.0477720606564316,0.8637832689293873
5499,0.04587687296652565,0.4352973166805882
5500,-0.8849078872593876,0.3719198645869907
5501,-1.0342475227909336,0.24991987589838266
5502,0.9048741629374086,-0.006708752074873162
5503,-1.731926494283123,0.09571942284246436
5504,-0.029889239595108558,0.6423230766642438
5505,-0.3823508567557815,-0.19098884137900513
5506,0.4790430484330047,0.020414759262040574
5507,0.3596692412047737,-0.29657040544183577
5508,0.6635226786613263,-0.2027562733647827
5509,0.2562949088903099,-0.16040867799054837
5510,0.031084015483120453,-0.17329378400205564
5511,-0.14731840492111398,-0.39157160550053244
5512,0.9917090442747707,-0.2965389782091237
5513,-0.6349354742910067,-0.2671706420941876
5514,0.13210600433656916,-0.38194874914417487
5515,-0.273669420431867,-0.44828684689546977
5516,0.5675074608305106,-0.31425387153373247
5517,-0.3921477215036744,-0.2347485240970455
5518,-0.17408415150067902,-0.39065190054442217
5519,-0.500002253643845,-0.4354443484312391
5520,-0.31295372275565636,-0.42893713510993386
5521,-0.12282672627681311,-0.4606035580844437
5522,-0.06288803276270619,-0.40897636263115716
5523,-0.264370887585221,-0.5417138082183302
5524,0.23675172941106165,-0.38476368117919446
5525,-0.37555719609903815,-0.575134141049844
5526,-0.008739334814605787,-0.5386344965681605
5527,0.24887828664163664,-0.6070750548417319
5528,-0.5240627696872923,-0.565966599558401
5529,-0.1316780715224982,-0.44974463791609437
5530,0.5303576500966847,-0.5057154774577505
5531,-1.707620925561204,-0.23359838540289257
5532,-0.5078120354913811,-0.3092858325866691
5533,0.15740537138456123,-0.5373874479744853
5534,-0.517483394901674,-0.34545898572606815
5535,0.03746761473287136,-0.46625784579696866
5536,0.28563811269685047,-0.5724434719163676
5537,0.08291314551668533,-0.5467341441666327
5538,0.03610944372325131,-0.5175862262916334
5539,-0.5919541856446054,-0.5576787988613754
5540,0.5120353819998009,-0.48113512049345314
5541,-0.12417920903352725,-0.5253383062717666
5542,-1.063797571199042,-0.22811675259117942
5543,1.026697999689262,-0.38825187223965957
5544,-0.054576360800412366,-0.6481579824276297
5545,0.5721587219571302,-0.430199939050844
5546,-0.6412557200580018,-0.4236565657617187
5547,-0.5895715807383364,-0.4766786225392896
5548,0.12898601017853273,-0.45693946617733633
5549,-0.8742120013050863,-0.40584438913987947
5550,-0.18702155514060032,-0.28409048515663027
5551,-0.6079397997412794,-0.13965109554798372
5552,0.8679633733900847,-0.3417665378568194
5553,-0.36592860561805973,-0.5028860409147176
5554,0.5136842043165074,-0.46603442901360365
5555,-0.42971922471924584,-0.48420441765184974
5556,0.5791061928755558,-0.4656095996861556
5557,0.13684561732010758,-0.5343671875519032
5558,-0.4934497867033754,-0.5713805497163018
5559,-0.4347553103098749,-0.4783992129073971
5560,1.1460766161544995,-0.5627127147777584
5561,-0.13180913985575565,-0.527592547604803
5562,-0.695660399479862,-0.431368237371367
5563,0.18672511157110022,-0.6079107766180005
5564,-0.004907029203791546,-0.47782711880910916
5565,-0.14762139583055311,-0.6152740839374978
5566,-1.2832848271033606,0.04900508331195726
5567,0.4665150113647556,-0.4662289923705632
5568,-0.22633642691510897,-0.5307477865222809
5569,-0.21764060895256296,-0.5540367412761846
5570,0.5592370041266255,-0.4434939262563322
5571,-0.03907431782466289,-0.5658223287150727
5572,0.5559859752792948,-0.5133074523467264
5573,-0.5172627299685103,-0.43797087575172133
5574,-0.36141650638394435,-0.4320798739678022
5575,0.6804425280063574,-0.427115828832771
5576,0.5469173879453461,-0.2826006170954382
5577,-0.18531238450294746,-0.48090572197374454
5578,-0.7546228918856169,-0.2933564598195483
5579,-0.5453355043916376,-0.4729515629128543
5580,0.4583681629266332,-0.32625310431555465
5581,-0.08032691242988438,-0.5387693899901652
5582,-0.25290149321836153,-0.3718037627254803
5583,0.28200616584467,-0.4478882276666074
5584,0.3871466310976348,-0.38718579695696603
5585,0.41295055576746975,-0.348603955004734
5586,0.08469732495750792,-0.4285049690129277
5587,-0.46034143163467983,-0.4542823578715473
5588,0.5574622869950381,-0.463435189678785
5589,0.3437242160607815,-0.4282754083304572
5590,-0.161865163593242,-0.4386640041065571
5591,0.5672230592629932,-0.34423972237086015
5592,0.25098305671221727,-0.3097430832067677
5593,-0.6867482937655607,-0.25909756868481876
5594,-0.17312966988629958,-0.36990210299762205
5595,-0.3519023838873466,-0.3018948141791869
5596,-0.8697776459150889,-0.027780540214798255
5597,-1.5940394534184212,0.25870236223370524
5598,-0.5553260314765346,0.4529024228852067
5599,0.5908396796033231,0.2661514061863233
5600,-0.9052629876298035,0.06806020475091594
5601,-0.5758714667457676,-0.08138878102585222
5602,-1.569639957528057,1.0061629109357213
5603,1.0389115525895398,0.21548364260375485
5604,0.2897708703935583,-0.3324162337575619
5605,-1.0996009518878527,-0.23650774717856055
5606,0.5932694816324036,-0.2637388498885952
5607,0.8976529345360713,-0.19266947526758754
5608,-0.4375302745745948,-0.44092248076388174
5609,0.37809229469596684,-0.5647975763572832
5610,0.6810974967715426,-0.15332614597282634
5611,-0.33015884599863354,-0.44586145351885764
5612,-0.7739796935351784,-0.391048514946963
5613,0.6202758440977061,-0.4812356751403898
5614,0.5699051096137999,-0.46169444160102513
5615,-1.0524021141823026,-0.34831025826419826
5616,0.39626157492241876,-0.5636225588220772
5617,-1.17640696616118,-0.35158921798066567
5618,0.7452029050287106,-0.47269836675736443
5619,-0.6902687215281369,-0.4505697630208783
5620,-1.7879882092494221,0.04396694811081987
5621,-0.3041328280301951,-0.01925528546257392
5622,0.44231715010623307,-0.4518232452931174
5623,0.650146786187631,-0.18228713557223497
5624,0.5280709514546016,-0.5116082521525652
5625,0.3494395794673999,-0.48595709537832305
5626,-0.18754080536811646,-0.5550982313992391
5627,0.15248995632153894,-0.5440413968118861
5628,0.488174444153503,-0.5820447210272027
5629,0.22881932905206903,-0.573030482951294
5630,-0.8439849202091214,-0.4664731456060927
5631,-0.29321386138131544,-0.5935899879339134
5632,0.23871363165410864,-0.5716420074725245
5633,0.38413889482079344,-0.5300639101723205
5634,1.3002564719103553,-0.29834531603298
5635,0.24854561646561052,-0.4170429225417938
5636,-0.0663027956055825,-0.4785684638133619
5637,-0.23910493264842408,-0.4715258745633596
5638,-0.7417468549861816,-0.159103362735169
5639,1.5995211637615887,-0.20095191748089303
5640,-0.24583465055295295,-0.446986484970593
5641,1.8592779694297978,0.15714773735892335
5642,-0.8669356589894809,0.08340737713905134
5643,-0.43537914033164504,-0.5421909812627154
5644,0.2647039911366825,-0.4146673805266083
5645,0.263526908607859,-0.25831283808882033
5646,-0.813709900480843,-0.44508756126926524
5647,1.4483757428288557,-0.08582821617528953
5648,0.7293381062273215,0.7048408662097034
5649,0.974116545595539,-0.005310149951542595
5650,-1.0283604617932238,0.0264317153973236
5651,0.08511449401319582,-0.39368802837945754
5652,-0.896347285495582,-0.12002499455009381
5653,0.051599912981614315,-0.39897092144757457
5654,-0.6286814831672634,-0.39614046781494533
5655,-0.08451759937365605,-0.380149052214657
5656,-1.8688923650870368,0.4001478621040216
5657,0.4610234051766935,0.15276380462975891
5658,-0.17330091683444654,-0.3650664728407908
5659,0.3770655302215239,-0.5064383455322805
5660,0.5712136846717472,-0.5166639951106858
5661,-0.41344382669996793,-0.3358548758070988
5662,0.2504432922272337,-0.5124669477671302
5663,0.49749986321384376,-0.5042646410425357
5664,-0.21322130002259004,-0.48891494134080704
5665,0.041402506691355256,-0.593548042734939
5666,0.027469755106439675,-0.4574326517649476
5667,0.20661505249136947,-0.5204676975805431
5668,-0.4092502222565749,-0.5439367972793919
5669,-0.1337990266120735,-0.5479353733911647
5670,0.26302985317422767,-0.3043566872154579
5671,0.40248438021833444,-0.33729124081974743
5672,0.07505163040053664,-0.3987912078051477
5673,0.6898996858128663,-0.4616545778454357
5674,0.03197602687569284,-0.43354821543881555
5675,-0.14375642384566983,-0.44736972171546807
5676,-0.17605135775352934,-0.45134728516143924
5677,0.33736365859317696,-0.476534988082101
5678,-0.2670072623180597,-0.3529699575305238
5679,-0.19347115646802415,-0.6331188048960155
5680,0.27702684527529176,-0.5105311019591144
5681,0.4927158488453325,-0.32646899844838845
5682,0.05637157211226662,-0.42200514808685635
5683,0.04306886401142662,-0.5376650395013386
5684,-0.14121689302470436,-0.5561010712280297
5685,0.1420443324486413,-0.5314223727330095
5686,-0.7076510587076821,-0.28686535032823457
5687,0.028332764532632337,-0.5313532493885136
5688,-1.1372328671972052,-0.20451279692302765
5689,0.3195462833646392,-0.3823148876947398
5690,0.7076364424037598,-0.3751679905366239
5691,-0.6138917595358742,-0.2943233204358945
5692,-2.085634477836664,0.44748516212583417
5693,0.1717297699307888,-0.044314164641733975
5694,-0.8106816709623417,0.12714639091111757
5695,-1.3773524396278565,0.6356275482810323
5696,0.9570039961431749,0.5886369499919252
5697,0.9980474127476162,0.028639485104076254
5698,-0.44799025188295805,-0.3382820888496441
5699,0.21716036466319266,-0.5042009812307457
5700,-0.9811220924734481,-0.2861886089807516
5701,-0.4972062690480071,-0.26856642189560703
5702,-0.12596230282286752,-0.27058260561102615
5703,-0.2797885166239237,-0.48662245734830484
5704,-0.1153831617523206,-0.4055754073671145
5705,-0.6277853903723538,-0.1798335344247013
5706,0.11780014293261964,-0.3526210144139524
5707,-0.1634302139527808,-0.46436768988099036
5708,-0.6091491249349192,-0.34306158730245534
5709,0.8978382585783429,0.20208448132489265
5710,0.7169772734816213,-0.42085401961764285
5711,-0.706084931247716,-0.38982324701152365
5712,-1.1246325257482286,-0.11954418555055754
5713,-0.5935443090865571,-0.23085148807389372
5714,-1.6363270885841255,1.2092086659143235
5715,0.3965539817888206,-0.04761250696930826
5716,-0.45564144139786267,-0.23942225598741357
5717,0.5344522089518388,-0.12107840569967042
5718,0.8440608635146518,0.14271046954986877
5719,0.4302551191992474,-0.5550315971964811
5720,-0.6127319513694643,-0.4375115921381886
5721,0.6583284707265291,-0.4415354386219169
5722,0.4640906942665931,-0.4599928476561974
5723,-0.32738182857945397,-0.3672952492906561
5724,0.6835793357787181,-0.5206076806792745
5725,0.541148082433972,-0.5053335982043033
5726,-0.5953899090142707,-0.39812529652840095
5727,-0.403536352840758,-0.42890370828443797
5728,-0.41564872364460836,-0.5970723888401985
5729,-0.7543108743360198,-0.40913750222415446
5730,0.1326733011285507,-0.5074157774885373
5731,-0.9091398080717961,-0.18805341824731642
5732,-0.185174331150251,-0.504770402562092
5733,-0.576077505022218,-0.0794574072289328
5734,1.2375361656165051,-0.11440155060912399
5735,-0.20674018063350513,-0.36278384681458076
5736,-0.7978981772985696,-0.1247764319507404
5737,-6.593145587244553,7.104310603100373
5738,2.3397525512678077,1.6168475392274826
5739,1.066738924728786,0.2623755710748384
5740,-0.12638260510261234,-0.054520604052534616
5741,-0.7637481244173542,-0.08821905284172431
5742,1.138406207062447,-0.0048920791243979855
5743,0.362641516300964,-0.36363528911281495
5744,0.5306446416678385,-0.11411932853694909
5745,-0.5758710107867381,-0.337561357376977
5746,0.2737532334748789,-0.2170561638721734
5747,0.41719686351200147,-0.43566956666355255
5748,-0.33506849568054564,-0.3611570056956978
5749,-0.2859502868547726,-0.4771342357555471
5750,-0.497762608513591,-0.07234480467881373
5751,0.07959856196127302,-0.4558954238047627
5752,0.3768699481297386,-0.41488258662124544
5753,0.3671898008746539,-0.5110493596121447
5754,-0.03463281482367292,-0.4472458767067821
5755,0.3462794923879924,-0.5253453199402008
5756,0.11693663037667645,-0.3334874404123761
5757,-0.3586145487088718,-0.4287290550345239
5758,-0.8797716137833744,-0.33181873910477083
5759,-0.6670353427054375,0.06913664842923307
5760,-0.34627144917838926,-0.0319258325967827
5761,-0.2336987868896268,0.06452860715906387
5762,-0.4293273964693698,0.04264172292187411
5763,1.1980451727853962,-0.20286845090610667
5764,-0.8356752298300315,0.26473541351717217
5765,-0.5322785410789719,-0.07114333590470218
5766,-0.05874967862965569,-0.24560793921587432
5767,0.7259317962402803,-0.31203176774066366
5768,-0.26794006718548463,-0.12969658739727763
5769,-0.15911945646344733,-0.4575008048959813
5770,-0.1087333412232149,-0.34697683263788254
5771,0.357815811683058,-0.32624435745992314
5772,-1.2403715001981148,0.3273046444367845
5773,1.7010754781020427,0.08695589263805455
5774,-1.0351490258006908,-0.19065076734231914
5775,1.133859187095295,-0.2713707375027412
5776,-0.08122678627912533,-0.44994549530942873
5777,0.7596394351399729,-0.3231269914075654
5778,-0.22454814829090416,-0.293962769643724
5779,-0.22407475963896645,-0.43416013639077616
5780,0.0014867442138279674,-0.47851825142131593
5781,0.49060800493114354,-0.3321878833871497
5782,-2.3368338177762644,0.39418091725727206
5783,0.5146967687904613,-0.11571360440918063
5784,1.48546686378816,-0.18532325427893742
5785,-0.619159272917244,-0.16800001510980409
5786,-0.5235052588653899,-0.30907950024063346
5787,-0.297598450898966,-0.021625542450457516
5788,0.35911684017112555,-0.03625194623510558
5789,-1.7369802925491478,0.04001264067465077
5790,0.5365782517372795,0.05487177925239002
5791,-1.068096912205525,-0.10249034841813189
5792,1.3329469185720275,-0.03873015992278821
5793,-0.4578885513110074,-0.21154757095409515
5794,0.8915948742095008,-0.16134146333489896
5795,0.5386160248124746,-0.4981145901687996
5796,-0.7377943163004242,-0.26920306434740665
5797,-0.8233341193208386,-0.41644779460945186
5798,-0.2742185019180476,-0.40060382680629
5799,-2.6165455652854366,0.6571262950461733
5800,-1.7981183151250621,3.9368635717053024
5801,-0.896418792668634,0.8597533951718173
5802,1.2352557255347751,0.5406531303944903
5803,-0.19541375362894897,-0.18907861057711312
5804,0.4796488941596194,-0.15592218606497385
5805,0.3288281582498035,-0.2855412712801873
5806,0.9168876396175851,0.15378244651869888
5807,1.6747289278988713,0.2036856236620624
5808,-0.05725185058249532,-0.290598788211866
5809,0.5164370496243107,-0.4763252986167955
5810,-0.20213465102496408,-0.4175116588592913
5811,0.28471177116550406,-0.40750232704515515
5812,-0.31146332453064496,-0.47633992210127724
5813,-0.13461279197665382,-0.4774831664870501
5814,-0.8610897585471687,-0.383636017907899
5815,-0.18269400729874466,-0.4973703467591943
5816,0.8087622774157699,-0.527144912011208
5817,-0.8250129598948651,-0.4768404150092353
5818,0.35724420887039043,-0.5333323774275567
5819,0.014885341778360095,-0.5587291535167572
5820,-0.8429914600491817,-0.4960456923309898
5821,-0.10567229319785218,-0.5202257991407351
5822,-0.15492958052501152,-0.48650588111036014
5823,-1.3596838351952911,-0.23535685425971808
5824,-2.3609306896342623,0.3071093460309453
5825,-0.7073703969396337,-0.2937724490788941
5826,0.17629018583813588,-0.14351690538557987
5827,-0.6907091526461364,0.3735580520627448
5828,0.21741825244773583,-0.27513390801023735
5829,0.23432458700087688,-0.34606100300842807
5830,-0.819581900407222,0.2892636634111292
5831,-0.18644809610036567,0.21684479170488696
5832,2.6841749529013836,0.427627778222388
5833,-1.7575904258548665,-0.2210296746712811
5834,0.5631867584432944,0.03138309383345428
5835,-1.4257528632747931,-0.20424080351434237
5836,0.5152038248688101,1.7751540960552288
5837,-0.7270159070161595,0.24699572576360884
5838,1.4732941439093363,0.27645928474812115
5839,-0.45599866360432584,-0.14017663761468951
5840,-0.7971493106239711,-0.18803070389816307
5841,-1.3041929352065382,0.12999482564209602
5842,-0.16886285128870698,0.20437163898417327
5843,0.7641687573294043,-0.006111039977244492
5844,0.24985941955702518,-0.3312910644503404
5845,0.5873390592337249,-0.34329366093548686
5846,-0.613641817578607,-0.32948236698797617
5847,1.528434976420189,0.17790382740106464
5848,0.28672003099276744,-0.3494479271420945
5849,0.5782617329214248,-0.39569427130749574
5850,-0.4973924837801947,-0.43293381277198834
5851,-0.11358392326724953,-0.28210728684487857
5852,0.34929470586639333,-0.5385586083924813
5853,-1.1078687402553324,-0.4170945951835307
5854,0.609379320722983,-0.47590560649308555
5855,0.5129086635306572,-0.4792764742337022
5856,0.6092419369616636,-0.43053173305801673
5857,-0.5249338425841408,-0.5211477968923447
5858,-0.6661869724555979,-0.4363987219808048
5859,0.3494489978990294,-0.4425912363539775
5860,-0.04223352332730329,-0.4334742121488883
5861,0.011647229003918236,-0.524511074676451
5862,-0.27163491372871007,-0.3906426892231202
5863,0.25745476671606904,-0.4040030534962444
5864,-0.5622566932580337,-0.29177801061550185
5865,0.5489525438126355,-0.24031017630120044
5866,-0.05586191430679263,-0.5187223321459478
5867,-1.0624223259554253,-0.45114520428551624
5868,0.17962467654417713,-0.4893709954350141
5869,0.03845304043693637,-0.517565468463279
5870,0.5860895142484983,-0.09276531887500986
5871,-0.5496034074632457,-0.49246551929804944
5872,-0.8303171966705053,-0.45261068004854793
5873,0.6258355388443085,-0.39528252418605525
5874,-0.6012980199057363,-0.5180513356119005
5875,0.18193503376011155,-0.5804719700783517
5876,0.22028086072760877,-0.5330911973769906
5877,0.0024116113768365977,-0.5364927470456364
5878,1.5920521958523373,-0.026024743280437523
5879,-0.3188595241040483,-0.3632216173198525
5880,0.5099035022313221,-0.45812566491137513
5881,1.2641035041964273,-0.2147831409256744
5882,0.7378562776440909,0.16399754766867708
5883,-0.4287619532766651,-0.1298425729433248
5884,-0.15145807670547987,-0.46487950821475116
5885,-0.08850974577570678,-0.5015558662282202
5886,1.295592093992091,0.06567664127252636
5887,-0.16477473958473338,-0.3729894779651299
5888,0.25938988871461,-0.4592534863834162
5889,0.2918410548279379,-0.4649323996812356
5890,-0.07915271564105145,-0.45622092712468026
5891,1.0545128551705323,-0.026075645317190033
5892,-1.3496489746170455,-0.0364468631205517
5893,-0.11417463038781689,-0.5021768859068638
5894,0.6808944897431382,-0.22933649399619366
5895,0.4628277318019718,-0.3969484979390911
5896,-0.7129090672762467,-0.37530506519911694
5897,0.38004119360977995,-0.5876316641684908
5898,-0.005706981614592099,-0.4816596049922047
5899,-0.30351305258547867,-0.4838690950055788
5900,-0.058333724533517595,-0.5928150413226605
5901,-0.9659792609891719,-0.264293197336864
5902,0.773497732176486,-0.5574552438299811
5903,0.10293960902382115,-0.5893882117488921
5904,-0.42271743465164113,-0.5829508200062558
5905,0.27417982951169884,-0.6481555190020379
5906,0.7920546713150838,-0.4824910360727932
5907,0.15367052008822862,-0.5588608243596166
5908,-0.06592079071154902,-0.6983017960561526
5909,-0.15370428767722427,-0.5677740317858393
5910,-0.38613806193198513,-0.48003328804402673
5911,0.3836223404933461,-0.6105912811801761
5912,0.004478066492052346,-0.5951498051951348
5913,0.35784553278207853,-0.6334902724090572
5914,-0.1456351600486509,-0.2611363127057041
5915,0.28858684438398996,-0.6300132109954402
5916,0.09791184257406732,-0.5575068008713323
5917,-0.1263888374354339,-0.6148865192396964
5918,-0.30478604684427746,-0.5335868880624762
5919,-0.4057129726189703,-0.555495633387441
5920,-0.08639356482187943,-0.6302848916357717
5921,-0.597131360459537,-0.5290794434387089
5922,0.6060620581752685,-0.2525986872680549
5923,-0.6155188751861588,-0.3232558708328898
5924,-0.2506242763105928,-0.5998376723488746
5925,-0.15857639731469492,-0.5434260895436076
5926,-0.6323647584639718,-0.3815942096211304
5927,-0.4949875748116502,-0.4537953596035119
5928,0.4615978697794454,-0.5896418504828698
5929,-0.04384981022926365,-0.5744602846949121
5930,0.36328288128684205,-0.5028267756913479
5931,-0.4649773061065525,-0.5210001769450328
5932,-0.8291206790703909,-0.45938631409155106
5933,-0.4543938444837935,-0.42135100522122376
5934,-1.1453303327732802,-0.26318723736316213
5935,0.9759946410474347,-0.46542362899009165
5936,0.29979818131336944,-0.6120561903184661
5937,-0.1468694592993129,-0.5287539064133645
5938,-0.6789165524419296,-0.43650790885547447
5939,0.08563064611984322,-0.49560283976573316
5940,0.6029540801464207,-0.5219312706323289
5941,0.18769980661005847,-0.5605620218537332
5942,0.007879132319239979,-0.5386678272505088
5943,0.4504274585323257,-0.6125864814603512
5944,0.7265856963310908,-0.48081007669502474
5945,-0.21743829374695625,-0.5696088100404656
5946,0.04747040771995814,-0.5155665711530645
5947,-0.3762914438334309,-0.5980126180291274
5948,-0.1767150369263905,-0.5499407506561017
5949,-0.13365659298301574,-0.58946965365778
5950,-0.7256186105259427,-0.3376261688506205
5951,-0.08303292650875257,-0.5163156880208489
5952,0.029436536924698775,-0.6912013726335657
5953,-0.33737684938637125,-0.5932120996782819
5954,-0.03513934106136646,-0.49245446914259267
5955,0.10488166445223446,-0.7166154663485748
5956,-0.316043732310287,-0.6185269515627635
5957,0.10014217429309086,-0.6292652336542228
5958,-0.5195370398210514,-0.47983203274097935
5959,-0.2808375219488308,-0.4961221614966925
5960,0.23317055560527267,-0.6154281757341364
5961,-0.2278206307399408,-0.4228052189330979
5962,-0.6258637143469696,-0.37200770196282595
5963,-0.9038256572343314,-0.089103089973168
5964,-0.7276099704346135,-0.2606191536353152
5965,0.15734844619389898,-0.14088243683237128
5966,0.357377064245447,-0.4145475781820027
5967,-0.09279951099999992,-0.4963433822078368
5968,-0.5407087262993837,-0.42797720375565346
5969,0.6612753156399516,-0.4511116943343874
5970,-0.20273464486091028,-0.5128097899457998
5971,0.6826747788739338,-0.484547263619128
5972,0.45860202443165365,-0.3586423393833162
5973,-0.2795936249734448,-0.5816228972599393
5974,0.1912966658612879,-0.5265832319401603
5975,-0.678049398464636,-0.3846123483878411
5976,-0.8161760169884169,-0.18912253364745985
5977,0.20103433147175875,-0.544629437416995
5978,0.8714827930710218,-0.48674438388639546
5979,-0.13642442466433108,-0.5184073063949429
5980,0.682805161182059,-0.4714181114849061
5981,-0.3711775345956695,-0.5436209782229453
5982,0.954779723861805,-0.3207504310465847
5983,1.4882942283110512,-0.02538375299725234
5984,-0.22308651787902348,-0.3526086728912459
5985,-0.4944367583893412,-0.36222589048913084
5986,-0.40865228694145195,-0.4792128345579938
5987,1.098482567157348,-0.43585145506215345
5988,-0.16168985089181254,-0.5298217667825572
5989,0.01681758686801421,-0.5157161193649966
5990,1.7732647545299933,0.5416887703820448
5991,-0.09924619286993408,-0.03567767092698882
5992,0.7735761675085144,-0.20915547618829733
5993,-0.8165986041852349,-0.25419575351507034
5994,-0.1494866974195785,-0.42133547089303053
5995,0.10569199308625687,-0.5708534484004277
5996,-0.21700739236035116,-0.5448809639231867
5997,-0.07123029124061864,-0.46747655933551624
5998,-0.5914451652685409,-0.3682657268359167
5999,-1.2478238987103492,-0.25645756458702
6000,-1.451572603053143,-0.18305137185070575
6001,1.6274554673341886,0.009466857946342985
6002,0.015210835654160149,-0.39907160518885226
6003,0.45784936796624165,-0.572420359209652
6004,0.05073793403088772,-0.5696027040924069
6005,0.3599197196423771,-0.5685701927598855
6006,-0.7032335221231888,-0.37554815641703304
6007,0.7074535124420435,-0.5593878021527344
6008,0.4807510254896543,-0.559433826911168
6009,-1.0515470614855693,-0.36608748840534183
6010,0.5507105098976294,-0.4799191429657605
6011,0.2662020289428686,-0.5892679135416522
6012,0.3428103028823195,-0.4550061167941821
6013,0.3878876461059849,-0.6274851112726678
6014,1.0201376523822225,-0.3076146791027618
6015,-0.9919912626822074,-0.34650267873024965
6016,-0.09752461270740842,-0.541879974638665
6017,0.16261730092781668,-0.6447306522537335
6018,1.1896436289096877,-0.11928598335183317
6019,-0.5753764537505979,-0.4265577110967895
6020,-0.11512247160359446,-0.6250911975221094
6021,0.013813327018071031,-0.5638106958473322
6022,0.05389679891401716,-0.4787521535576472
6023,-0.47010724223496136,-0.4123801151235246
6024,0.4456605555200075,-0.4205332492980559
6025,-0.41425422432413184,-0.49765767407042544
6026,1.287498658216286,-0.23450751904262762
6027,-0.7245270496814167,-0.458677067634985
6028,-0.6714520100069965,-0.4406819210440697
6029,-0.24337122245416454,-0.5364192766068473
6030,-0.5488344987407325,-0.3451312110161617
6031,0.06655221698658109,-0.4658486939537388
6032,0.058261550116430805,-0.6053679083429543
6033,-1.0620196943575033,-0.3775622964757637
6034,-1.0901580640961912,-0.1329325406832431
6035,0.20900479860806226,-0.36603322697938884
6036,0.4852913357724189,-0.45875243891543305
6037,-0.5528354664643645,-0.5523549825989068
6038,0.5080352560536938,-0.45008601751315463
6039,-0.014328516210160153,-0.6060279554289933
6040,0.047029934774778015,-0.6101347211170728
6041,-0.5930142202967128,-0.5043453561800454
6042,0.6787644538778108,-0.5215865149995416
6043,-0.3538244313967912,-0.5662952161161887
6044,-0.8257703386997367,-0.4948509396347075
6045,0.694604639619107,-0.48405134932404553
6046,-0.23353363972999022,-0.48595464932529714
6047,0.5887525174839503,-0.4748923370559371
6048,0.84171256044529,-0.3351592903466741
6049,-0.2953051607510684,-0.5282075427708499
6050,0.7710613199522225,-0.3464274489831987
6051,-0.34238381653081956,-0.4261599781407294
6052,0.24174590484913183,-0.48855536136523386
6053,-0.4750951851277091,-0.5125508797669017
6054,0.14272039551659382,-0.4697735223501464
6055,0.8329279002227203,-0.46980666261407206
6056,-1.454258820546937,-0.1849867110044708
6057,-0.4739481652824965,-0.3438894393443707
6058,-1.6763588248006824,0.1798483940144257
6059,-0.06531597507229886,-0.3914201090517469
6060,-0.31138043764227563,-0.5177985909875189
6061,-0.22571727283763865,-0.5256880873540077
6062,0.6419404106579447,-0.18859416837816304
6063,-0.9443213681427233,-0.05550716601273166
6064,-0.21896128966660083,-0.4144201443608861
6065,0.30139442836635666,-0.518922425693842
6066,-0.05395971445114295,-0.45862992441039624
6067,-0.4265536607993127,-0.5206355332400072
6068,-0.6207214239806776,-0.45086353633892445
6069,0.22449047826291257,-0.49764273962258737
6070,2.7358228035512244e-05,-0.3108911943095615
6071,0.23964724586264924,-0.5179917288513961
6072,0.7675031862456199,-0.2807580548216285
6073,0.043689911449430574,-0.5243351933120609
6074,-0.3215576342890458,-0.35616099286251973
6075,-0.233274515097741,-0.4582022862650761
6076,0.827137533346693,-0.12078893169140269
6077,-1.5271488144157082,0.011365245687014566
6078,0.7607212254689661,-0.12803928695605366
6079,1.3266325908539356,0.10549787300713341
6080,-0.41302323019399745,-0.4563056679247711
6081,-0.26334516701425886,-0.29400113914390097
6082,-0.04345178930109328,-0.38477643497312314
6083,0.5820688788863713,-0.43198068430075465
6084,0.21566532221282586,-0.5484363007453009
6085,0.012226921467376417,-0.5296628778488128
6086,-0.7982009050951132,-0.3471299850055313
6087,-0.4502595275882205,-0.508012486894093
6088,0.12510657703583472,-0.5569589742213672
6089,0.9540781329100472,-0.4155572245631852
6090,-0.5587315733980733,-0.3950338758359279
6091,1.0648902823966933,-0.4330428877500506
6092,-0.668572631517456,-0.263445690262161
6093,0.6306586414108425,-0.5091940857571654
6094,0.03194944354298501,-0.535191430379437
6095,0.7308201352077629,-0.43026489869616585
6096,-0.8735501094449692,-0.44666258867696723
6097,-0.3445310458869699,-0.4721277291477454
6098,-0.6004953637873525,-0.5104832977335693
6099,0.4351922966469115,-0.6116048557237119
6100,-1.1631350627457624,-0.35101927388667314
6101,1.1755141758375942,-0.48240954058826574
6102,1.8365394491612292,-0.2941191158769503
6103,-0.052571663021726,-0.491794371814015
6104,-0.18653824400636337,-0.5286533924024381
6105,-0.007747462941843752,-0.626378997227831
6106,1.2929425351744313,-0.2054310682965408
6107,-0.6690616464889187,-0.4694890922946773
6108,-0.12398882260543169,-0.5678513009638727
6109,0.9567844800760303,-0.4842968177269316
6110,0.9446038052000207,-0.21669242535133326
6111,1.13436439498985,-0.1519346505654583
6112,-0.9970131439391582,-0.33057182023785253
6113,0.3740745352558723,-0.5690138296144636
6114,0.10137344838685047,-0.3843460197110258
6115,0.5517884030080599,-0.3355359038527801
6116,0.21814911053002117,-0.4156740300732195
6117,-0.5073326482382383,-0.3355328837915486
6118,1.2465250937102519,0.07967188238557933
6119,0.022024279757313192,-0.11860550487974583
6120,0.45248657445542384,-0.42469327812879937
6121,0.06762465510459453,-0.4937363627040357
6122,0.011911157231283331,-0.30510037730778
6123,1.0779982543682838,-0.2910021074884818
6124,-0.05548086247518824,-0.4061642700478526
6125,0.5291707530441718,-0.21502759871881927
6126,-0.6140094111992161,-0.18205253912734237
6127,-0.7449245944864058,-0.18070096261984803
6128,-0.03297770709624076,-0.40372814934677714
6129,-1.3152568150831112,0.0802887687482136
6130,-1.181704427028348,-0.22989485681654148
6131,-0.0361872543901304,-0.48946870008379645
6132,0.2403206946495532,-0.4536839753032244
6133,-0.14233444934955622,-0.5427800205744664
6134,-0.5180604993377148,-0.5647242447820697
6135,-0.11288119127392238,-0.5332297099954869
6136,-0.2593618597783628,-0.5031419338767719
6137,-0.2585660236415449,-0.5546672708723873
6138,0.8860075445107585,-0.5292567241567153
6139,-0.22756738326685505,-0.6002300319549613
6140,0.36046189965020947,-0.5338332649795144
6141,0.421961159865215,-0.4847480511020594
6142,-0.36040467995984193,-0.5258330999482478
6143,-0.5306008692777986,-0.5350861098398494
6144,0.2774773693921142,-0.4590013818190564
6145,0.6194954193322861,-0.4930721195842725
6146,-0.341178335673603,-0.4234304899159768
6147,-0.4967269014108363,-0.38488164003829833
6148,0.18012278919490182,-0.510846150212399
6149,-0.38075829712043574,-0.4015868994382685
6150,-0.6738648500163282,-0.4465095843093922
6151,-0.2690706281192223,-0.44395831230495486
6152,-0.07146684267814835,-0.5382694181317775
6153,0.4483316556927498,-0.5603589446016766
6154,0.005857422889482766,-0.6941500400303271
6155,-0.3139424624342553,-0.5978124846893973
6156,0.9509293831480639,-0.36609400156560196
6157,-0.08185026490828606,-0.6149781285141005
6158,0.38492092239478914,-0.5172970772909101
6159,-0.07415656567181994,-0.5442493384678425
6160,-0.10149132383317905,-0.5290518762220084
6161,0.03633444893514748,-0.6743884211352529
6162,0.1606794857910111,-0.48880683214304416
6163,-0.42667403412965776,-0.5423674715235026
6164,-0.35135619442264965,-0.6127560119360964
6165,0.0227036144061305,-0.5366485043243385
6166,0.3335224400700463,-0.48576745119184445
6167,-0.129848816390516,-0.4866646129328771
6168,-0.22148106642172646,-0.5199499945350351
6169,0.12709145683481482,-0.5786493863387661
6170,0.3861361867518116,-0.43981615773529276
6171,0.27944078789719407,-0.45194215428318824
6172,-0.01483139391690877,-0.08413925861198449
6173,-0.6419856189396103,-0.28854628898679036
6174,-1.1411201147621064,0.018805676648244604
6175,1.8465390911247939,0.03202693339739045
6176,1.462863454473903,0.2415393761875168
6177,1.1871278354753594,0.38994873306009215
6178,-0.7472913252747819,0.18165962798354623
6179,0.9900244983858777,-0.08593636014308452
6180,-0.09380385743549927,-0.3901864868876222
6181,-0.4204834003199367,-0.31387421187700165
6182,-0.3767698082512482,-0.21387694201516688
6183,-0.7411547120513776,-0.25144868057523634
6184,0.41743882233083207,-0.39618761923746104
6185,-1.403878621162209,-0.13257174669033034
6186,0.40671750930166073,-0.38329446247929266
6187,0.7009185385044772,-0.3772734899702284
6188,-0.6948958370642073,-0.46724168737066396
6189,0.12070117946562553,-0.5572880430469737
6190,-0.9958041239570707,-0.4279817359723281
6191,0.16858880277062782,-0.5209259973481227
6192,0.5012628336287908,-0.41218891851025224
6193,-0.08108132895539416,-0.5951788275581275
6194,0.3486363613334298,-0.5354291260198099
6195,0.6677105890156524,-0.4553043718181548
6196,-0.3262099092684586,-0.5235054453710943
6197,-0.11513288436848759,-0.4835124154871407
6198,-1.0378607722311957,-0.3909649799590558
6199,-2.10416878827277,-0.13547182003827574
6200,0.8526875622599368,0.035021484331196964
6201,-0.4692237759603053,-0.4326383490987003
6202,-0.4964251958639932,-0.4296556719761649
6203,-0.027495143673752137,-0.40253855389726667
6204,-0.8619539284733881,-0.5077058750912548
6205,-0.8528138007131637,-0.30089164483230624
6206,1.1202639758194215,-0.2660080409066963
6207,0.47785777284600506,-0.5638133652951539
6208,0.44771938929978317,-0.5248392982025405
6209,-0.2690607897712928,-0.48106916143928197
6210,-0.05272478866973451,-0.5793082707938132
6211,-0.6934225849705473,-0.5685027779437799
6212,-0.39587544499473737,-0.5144225214728785
6213,0.03132023117133098,-0.6243094515017646
6214,-0.04079460881225089,-0.4848035893278632
6215,-0.16644518053203122,-0.4555349457865458
6216,-0.22416543987116697,-0.43964920556490134
6217,1.2492599640495896,-0.39326805983654833
6218,1.0543339813270782,-0.2168485312553386
6219,0.12931737836914026,-0.5214302804891228
6220,-0.26233984957942025,-0.44660897938689637
6221,-0.08327145754242862,-0.5536430698086436
6222,0.5881651200784135,-0.2937345087618477
6223,-0.42171129274708996,-0.463063865577473
6224,-0.5114355367489493,-0.5092565755950268
6225,-0.3431615458627004,-0.6200712513754985
6226,1.1846773166895734,-0.3320342164554896
6227,0.011671500317851025,-0.4587353209404443
6228,-0.07243389125365052,-0.5465259679594809
6229,-0.41138789423724453,-0.4869216821591646
6230,0.3196581140773883,-0.5088347764845619
6231,0.08141308759024468,-0.508050066740671
6232,-0.470208434043229,-0.5505424492417614
6233,-0.1396538011984026,-0.5459520799203195
6234,0.151018095921296,-0.39978486316579587
6235,-0.407775664267755,-0.4233036247809115
6236,0.22552764891246646,-0.5115055555883178
6237,-0.22855101466661165,-0.5661166745770557
6238,-0.09642435961591114,-0.5530629892665391
6239,-0.0241305971890301,-0.542776938785108
6240,0.4414358083637848,-0.557443474079095
6241,-0.3346061863867764,-0.5024662792819083
6242,-0.11151321765498817,-0.5465458935451784
6243,-0.16702859118748625,-0.575439423666331
6244,-0.12070884449218336,-0.5774762922382428
6245,0.26160002289568185,-0.6118265255756722
6246,0.38533271871124464,-0.4358990457633172
6247,0.27506468722470956,-0.42302022040940884
6248,-0.15839821662867654,-0.5830046346647283
6249,-0.2841752011366285,-0.5448877833300694
6250,-0.06505340049579642,-0.5094238790529209
6251,-0.008591697581101954,-0.5594585125002607
6252,0.5127510214532508,-0.5299336453040944
6253,0.21793923854720654,-0.4345118526755653
6254,0.3248232026458455,-0.4527522991096031
6255,-1.0499216869627344,-0.42914970950877956
6256,0.054578932783642564,-0.5328391890899313
6257,-0.3757342087344363,-0.4942508358341739
6258,0.08812070529818,-0.43890745157712446
6259,-0.9146942731263618,-0.28580209069443424
6260,-0.5275178917463257,-0.2662816811017208
6261,-0.2886307902629972,-0.4008335839616246
6262,0.29903732277834505,-0.426332475615723
6263,-1.212376876822693,-0.13267105135379353
6264,0.063497466825984,-0.5368400527466135
6265,0.04519350339616646,-0.5022469815182817
6266,-0.3599214354814295,-0.47920278871430755
6267,0.08775214226778222,-0.4845890158815533
6268,0.5180154848515368,-0.4138489899701217
6269,-0.7739058572617695,-0.34648939671443285
6270,-0.8585538823403375,0.6986613359080367
6271,0.23323785094000193,-0.22047516365922493
6272,0.35648412104999117,-0.45941242171692903
6273,1.1112307692474104,-0.2203130940668916
6274,0.08867257311136462,-0.4157339133512131
6275,0.5953263311243775,-0.16012255527989444
6276,0.21650294201166942,-0.32671140364272255
6277,-0.43726576017107166,-0.37624916203564923
6278,-0.3967835847438707,-0.45042454165032647
6279,-0.4430078404994654,-0.4717300005405212
6280,0.5483655376386531,-0.6003137191792169
6281,0.2491793754204843,-0.6464226052665801
6282,-0.5787883274246293,-0.42976316618177174
6283,-0.9096628612532043,-0.461287686958678
6284,-0.3051289641813734,-0.24562014534294407
6285,0.20530671421877678,-0.4902765075409952
6286,0.09563609826758107,-0.5499506427526124
6287,0.3286252925675667,-0.5963513563706082
6288,-0.30259202019430936,-0.5631358536465844
6289,-0.6735410318404454,-0.511310181449571
6290,-0.2693089593389658,-0.5242887242773158
6291,-0.048292860781743885,-0.5729607627060335
6292,0.4311569196435552,-0.5714245180933012
6293,-0.8158103328242199,-0.496024030834091
6294,-0.9136203401700151,-0.2341121507844462
6295,-0.018926773691542553,-0.10278778834444122
6296,0.03623188075909445,-0.41842642625414483
6297,-0.5281735645251786,-0.3244537808737341
6298,0.02339419116024477,-0.2268083178734308
6299,-0.004295807937652413,-0.43714894830745593
6300,0.8704882298675232,-0.3758766443077761
6301,0.1594573214462474,-0.556998118792664
6302,-0.5027072222862532,-0.4415262967228209
6303,-0.6981979396966598,-0.5612272633661223
6304,0.4479646642363194,-0.4652447513896473
6305,-0.5684357189990363,-0.5372679953249451
6306,-0.3690371292356157,-0.5023506644418524
6307,-0.12041982512036051,-0.4266766895553928
6308,0.43876278213488173,-0.5741497810146794
6309,-0.43397900613524876,-0.45187315429335523
6310,0.12470052321295655,-0.5268829218648806
6311,0.38111329229754976,-0.42929159176800497
6312,0.318465438270809,-0.5501099755007249
6313,0.22513715118976368,-0.5860000488725732
6314,0.379911489677891,-0.5059185843090802
6315,-0.422112013861919,-0.51145255570405
6316,-0.3578749865611339,-0.6372471202224006
6317,-0.2870657270651501,-0.5445491952762153
6318,0.9026097411920175,-0.5673410646860892
6319,-0.6094933788640532,-0.48625679232799207
6320,0.9036274298234648,-0.2867523145209019
6321,-0.721580542388657,-0.4284915621072882
6322,0.01134818129520776,-0.5251244697837797
6323,-0.1929798324439541,-0.6578408687275074
6324,0.28004081625233845,-0.5652981456838764
6325,0.2048274178234863,-0.6322968465236258
6326,0.25252476833576354,-0.5227337495586423
6327,-0.021668979401580357,-0.6185580440425105
6328,0.23956137894384655,-0.5838043544920497
6329,0.021238061908706418,-0.6295849716308388
6330,-0.4812185332429629,-0.41776932723545673
6331,-0.5490363161380377,-0.6101992079551655
6332,-0.5897712450989128,-0.37450680522225
6333,0.032692836554513605,-0.5927288655218478
6334,0.0445319787545263,-0.5026432182769381
6335,0.49593146432779545,-0.3769142543420168
6336,-1.4010009802271257,-0.30230619667451664
6337,0.15334972612983194,-0.5183278021583059
6338,0.4856666153580439,-0.44926526583937076
6339,0.7333981894393964,-0.45637981548805756
6340,-0.711903881813666,-0.44585544861220266
6341,0.026408254941044318,-0.532395124210879
6342,0.2592703176514882,-0.48402474066581774
6343,0.09251587399915862,-0.5012393297119883
6344,-0.2854718749756531,-0.5174143438750393
6345,0.26216608102145145,-0.5717323176828599
6346,0.4637983066322854,-0.4923669012091399
6347,-0.09078875983010287,-0.4797908458535315
6348,0.2623681604875857,-0.5174196521808755
6349,0.20829076530338536,-0.47633517446988544
6350,-0.12880266273818838,-0.4244183951825986
6351,-0.8575792618878011,-0.457842590369409
6352,-0.3256754515505027,-0.192383553782629
6353,0.3230521597446119,-0.45104130183529234
6354,-0.1871411469490486,-0.44036965735349015
6355,0.4697604849533954,-0.5372752737502073
6356,-0.14573139730850493,-0.6058754153394258
6357,0.29112453606040367,-0.5167418237677173
6358,1.133641462750351,-0.2571455519416861
6359,0.8887144038845167,-0.2458091531192702
6360,0.06319101952803874,-0.30826591683289667
6361,0.2935295302994585,-0.12596372830014108
6362,0.4479039204080173,-0.3442351663168364
6363,-0.19127578152298566,-0.45530951129290703
6364,-1.279294485663264,-0.004643268609360582
6365,-2.697665972760621,0.708327528233934
6366,-0.5843233971393784,0.021516578850713217
6367,-0.6972094908507533,0.16782201081868353
6368,1.1620554540096697,0.17861559730867588
6369,0.27520075978472913,-0.1057713227704176
6370,-0.8495188847486689,-0.43776853497914975
6371,1.3414998635374396,-0.3088662334116199
6372,-0.3311063596290951,-0.5618634706445225
6373,-0.7012386286806048,-0.4106155939027725
6374,-1.1103227909836288,-0.44441127706990924
6375,-0.9894313514901865,0.19216431582765786
6376,-0.5789443153447263,0.02255723370115953
6377,-0.7932063813211359,0.31651005258835313
6378,0.5568015023570407,0.0073839121600767915
6379,0.13335996594802013,-0.41630431560462583
6380,-0.3655309724457176,-0.47812036064159175
6381,-0.11200184286517709,-0.49225568126281644
6382,-2.0923152264229308,0.36924191690813196
6383,1.7549047290361286,-0.11644514262491894
6384,-0.6871736935575081,-0.20100671039908763
6385,-0.12596167586192392,-0.37502372755404506
6386,-1.8610407325091889,-0.04324084529495181
6387,-1.793752044260367,5.035077686461802
6388,0.033933930714396876,0.0790827257074063
6389,-0.9320643461507396,0.16325511975928975
6390,-1.722727574154885,1.0922263777936185
6391,-1.8170090426301928,1.4081440842667328
6392,-4.82601281705155,2.6153784902943027
6393,-1.4552108160831938,1.9941491687202575
6394,1.007073388279653,1.7269756925865738
6395,1.6372084544681504,0.49826148512312013
6396,2.063641199445032,0.6007643154727254
6397,-0.1948583390836244,0.03758389814170229
6398,-2.150194289796989,0.4656140594355828
6399,0.9180856792788641,-0.09391866905454556
6400,0.8274006844262796,-0.17397885191151297
6401,0.11224103183060319,-0.22766155999700288
6402,0.4145866545614436,-0.2210561073615746
6403,0.32803173259002927,-0.2017715226551537
6404,-0.8636168082647043,-0.1491011720792959
6405,-0.2858009871314086,-0.27873020190040276
6406,-0.3329170000160214,-0.23346056557439593
6407,0.5494952282775011,-0.00022228159024023642
6408,0.8941551094245304,-0.2518469978573092
6409,0.45700535649971585,-0.40228143779028785
6410,-0.23919493112602577,-0.47167880233800435
6411,-0.12822785001408865,-0.4775817359861969
6412,0.29530519057216453,-0.36228746948105345
6413,-0.020228837766014363,-0.4799062602150997
6414,-0.13071534266102852,-0.4157666638607222
6415,-0.5607274626490049,-0.38676718531547255
6416,0.9938109696891262,-0.37843959841064323
6417,1.0676020702506754,-0.32911565296595235
6418,-0.2578189865590144,-0.4410031502724583
6419,0.9987030213409309,-0.12977803371004026
6420,0.7793086036589214,-0.27999897711467825
6421,0.5559523293000868,-0.29080121211611937
6422,-0.14501453250462398,-0.4492216993824836
6423,-0.07307581957951345,-0.3594773548147973
6424,0.602261837204337,-0.3541603192705811
6425,-0.025367720837841723,-0.4334499300131805
6426,0.1739574627557457,-0.3953299338430459
6427,-0.8397800939863855,-0.311444845140212
6428,0.7350483428041339,-0.5334336362523775
6429,-0.06670350698579747,-0.46325080548275427
6430,0.7814967009352216,-0.2861909575633333
6431,-0.6861045317993135,-0.31147537078318227
6432,-0.19754006505014718,-0.501852288400565
6433,0.3540986089867373,-0.43897315725416
6434,0.33142075234910906,-0.5174284733489941
6435,0.2624911958427788,-0.414854098500632
6436,-0.8497793743378121,-0.3179984848813
6437,-0.08971255385520274,-0.5530445986092873
6438,0.5686441802285502,-0.45322621019130466
6439,0.007405311574993467,-0.5380392060292039
6440,0.09245798945556705,-0.45834515229383493
6441,-0.06383147646007403,-0.5545265122230915
6442,0.5046166304532917,-0.250156485536832
6443,0.029278509751620996,-0.30324784687366896
6444,0.2062341199651242,-0.5364802375854897
6445,-0.4478834434761462,-0.4940058843665859
6446,0.8834468522405832,-0.27973321334932905
6447,0.019321621691242186,-0.38068189232649036
6448,-0.31624983748936736,-0.43415276013579934
6449,0.25034351158826174,-0.539686710638298
6450,0.36646324954597,-0.5321693010086099
6451,0.36499923677935897,-0.35584880568078536
6452,0.2531421385445617,-0.38384849207489175
6453,-0.014641110948397207,-0.4080841754992656
6454,0.46735769944932803,-0.2573781507395913
6455,-0.023116300194642114,-0.387533333544001
6456,-0.13038393968405604,1.7469346126423704
6457,0.07797289117123996,-0.40315878324991067
6458,1.4862318417475013,0.22780832072933804
6459,-0.2323998011829005,-0.43256130803019127
6460,0.9826820318586578,0.02125999733358279
6461,-0.749069491609433,-0.0347625698936295
6462,0.5059467759290758,-0.16566525173349045
6463,0.47824955078820053,-0.31289878881791117
6464,0.482897876719139,-0.3599339349803465
6465,0.08717261169083806,-0.1623002946672615
6466,0.6689216397128301,-0.019969985058624032
6467,-1.4485084069650922,-0.1450618085281124
6468,-0.5516708227097932,-0.11729846594808788
6469,0.9292928691286604,-0.33909593786615616
6470,-0.2391278255538015,-0.4895119380572479
6471,0.05024944223678912,-0.342305173355783
6472,-0.6209935953717545,-0.25306148568825115
6473,-0.4713664586471485,-0.3785131918931356
6474,-0.5257720149753344,-0.2377921160464696
6475,-0.27361935275294685,-0.3777949302198163
6476,-0.06974226466459116,-0.4368942474605859
6477,1.120919950687776,-0.34170374129564746
6478,-0.7785501273251071,-0.34677101745977884
6479,-0.7639147399987594,-0.4698130896594606
6480,0.2604524961226977,-0.5413825363456662
6481,-0.36732064276548704,-0.5882426720347043
6482,0.3714519982994766,-0.5219677658759103
6483,-0.8299749980660529,-0.532664901697634
6484,0.24158029823299015,-0.504035242432634
6485,-0.23272668907001035,-0.4581819448655539
6486,0.5793282378812167,-0.5601896577953283
6487,-1.69944488090934e-05,-0.5981081077369622
6488,0.4396045318701892,-0.5514885655554039
6489,-0.5051570031837824,-0.5098029157649373
6490,-0.34915417051577113,-0.4406038150949176
6491,-0.11485913890003172,-0.5574128830126813
6492,0.7125928234576739,-0.5324142259628345
6493,-0.36509475316042606,-0.5737576031741024
6494,-0.8415447899899575,-0.42976155810194827
6495,0.2524178771589608,-0.5697643609670854
6496,-0.3373455621062457,-0.5660974539733016
6497,0.46855799661240305,-0.49256849203337943
6498,-0.8830116749671855,-0.449684031765111
6499,0.5971976886089935,-0.4765182850238555
6500,-0.08047264815938993,-0.579201182494465
6501,-0.35314882862383634,-0.588128528180937
6502,-0.8032147888645067,-0.4772970864576614
6503,0.49892598343661165,-0.14839884612666582
6504,1.061944158249974,-0.42273188334672457
6505,0.9996887322107071,-0.39083800000411834
6506,-0.14850120465690322,-0.5136042549351021
6507,-0.7535346692308429,-0.49125512684622624
6508,-0.026115400556870644,-0.5568563218977834
6509,0.21900306605979314,-0.6101330340593373
6510,-0.04277080058102212,-0.532783809033507
6511,0.3986714046603522,-0.5104421789990361
6512,0.026612897828319382,-0.5706732036685218
6513,0.47350582084394954,-0.4830769288706615
6514,0.7160610198709514,-0.5437947388279115
6515,-0.010200344314311549,-0.5496835211084838
6516,0.2709660146243459,-0.5417313877851252
6517,0.22490998083450842,-0.5398528961913024
6518,-0.7333879868608731,-0.4908586992694179
6519,-0.05277075869974995,-0.5981656986865624
6520,0.2250762390085858,-0.5742752002312947
6521,0.07447495875066656,-0.5618418788867675
6522,0.3317356016317967,-0.4085527926375048
6523,0.2073284762434724,-0.5305347389053526
6524,0.47904023730840506,-0.4927895696653624
6525,-0.008577575373817203,-0.49372317390596293
6526,-0.33856062231300654,-0.5241577075742591
6527,-0.2831327773517684,-0.565296717450358
6528,0.5847695821987966,-0.5765065306963074
6529,1.464851363152162,-0.13171697526285692
6530,-0.7591684889370288,-0.32575152444641264
6531,0.32805938175411553,-0.3860051455110209
6532,0.08183912459092246,-0.560776629719684
6533,-0.23786870119557496,-0.5607198025985051
6534,-0.2831557485188813,-0.4829168827581784
6535,0.20725686440629293,-0.6058186506769654
6536,-0.379598516333175,-0.5193550228112087
6537,-0.25152359102929633,-0.35700725290863083
6538,0.235726957629519,-0.5827730827929452
6539,0.03839090533838013,-0.5874154545978635
6540,-0.6931644830450128,-0.5320860806187011
6541,0.13892885197172056,-0.6258967286225369
6542,0.5590119848830345,-0.5112329466352857
6543,0.6003697441872706,-0.45195257403456607
6544,-0.3812752016688237,-0.5487961315468747
6545,0.3289063500966124,-0.551235424991159
6546,-0.057540496512759415,-0.6820016833177971
6547,0.2915648921066971,-0.57758239341076
6548,-0.2835301986031913,-0.5105178728621704
6549,-0.13733887260524458,-0.5624207691063244
6550,0.296067955943599,-0.5701336097841923
6551,0.16533565930642014,-0.540240795732573
6552,0.6679664352706187,-0.20213533357063856
6553,-0.43827709116781866,-0.5345466565820809
6554,0.20377113137878478,-0.46531979196531637
6555,0.05263651456657065,-0.5252654877554381
6556,0.48780721612728317,-0.5332100114109245
6557,-0.3055363009817102,-0.5148893184407844
6558,-0.11601355732799618,-0.5514984932866553
6559,-0.34455800405081644,-0.42568460439312467
6560,0.33314038742464236,-0.5593375491800344
6561,-0.35796133069659053,-0.5795551924941461
6562,-0.28771897805186886,-0.516135775355111
6563,0.26667337934449076,-0.4796175532983987
6564,-0.49116517172701313,-0.55413156895291
6565,0.2614949332330728,-0.566485876899161
6566,0.11103553671168587,-0.4256900291113365
6567,-0.5554287497654199,-0.5162635730017727
6568,-0.2218256087046297,-0.40942063397415573
6569,-0.4654915390835941,-0.5506180066107264
6570,0.5214337911354544,-0.4816586965565203
6571,-0.006473210817857594,-0.6428232869366219
6572,-0.3723574460845677,-0.665122581878434
6573,-0.44298361250763774,-0.5555696361872912
6574,0.7223872751457252,-0.4279924857792965
6575,0.44472025519844016,-0.4819588281761567
6576,-0.7102341512138569,-0.5366230446312088
6577,0.12721946030804981,-0.5323827553473226
6578,0.446089842077807,-0.5391756767013768
6579,0.44598833227114554,-0.5771909046019343
6580,-0.4727060951257527,-0.5331505344995967
6581,-0.021093389429494902,-0.6555124155038045
6582,0.36995392095173374,-0.5712498018006107
6583,0.12342950396933672,-0.6834891334088468
6584,-0.3605799002656238,-0.6492727764595949
6585,0.26205965911038553,-0.5828735280484714
6586,0.07990314189060832,-0.527363031498802
6587,0.1477864960128541,-0.5687431281985674
6588,0.20119811164496532,-0.6618024018922148
6589,-0.21002407709879978,-0.6550639323410091
6590,-0.2792234506313451,-0.6323514136467332
6591,0.16786976427269973,-0.7053825620765873
6592,0.2946420942809338,-0.571797338062332
6593,-0.21726287860322394,-0.6505460239570534
6594,-0.7270166885352961,-0.5331228166119198
6595,-0.06289506055333724,-0.658385055942937
6596,-0.2851093917640709,-0.5251730940468463
6597,0.03408247691167826,-0.6077014846523201
6598,-0.703348942079262,-0.5413044498118941
6599,0.028352643868649885,-0.5003248912370415
6600,-0.12600859875797055,-0.6077236729028834
6601,-0.019837551148259885,-0.5966708907014182
6602,0.14369713769790443,-0.4785037404712122
6603,-0.1414428820509416,-0.6610857082393344
6604,0.5938831872678099,-0.4355908909429101
6605,0.23971948898847528,-0.6646334244933821
6606,-0.665791331700942,-0.5542589042061673
6607,-0.04065516923688245,-0.6306473428832455
6608,0.3003006860176385,-0.6090251983329462
6609,-0.452626242541353,-0.6017643450447201
6610,-0.14406774140448467,-0.5830251499063941
6611,-0.04699555842560954,-0.6390367790504158
6612,0.2717044166128688,-0.6011744942193967
6613,-0.14746070119853913,-0.5882220006709871
6614,-0.11171317671051628,-0.5522788703314689
6615,0.19639108789667892,-0.6675921931494602
6616,0.43830697283165665,-0.5227578562460603
6617,0.14282291798864505,-0.6697596715910403
6618,-0.432753397670112,-0.5721432721432647
6619,0.5070845034496767,-0.5211359255370719
6620,-0.4087503868903576,-0.5772864682353849
6621,-0.2199389478368618,-0.6550884512928831
6622,0.6118985972888211,-0.4438326050024266
6623,0.09974453188969501,-0.5517471906734742
6624,-0.12041901539926461,-0.5697073787665685
6625,-0.40007923564691683,-0.5304167372160813
6626,0.2557771756528354,-0.540062704564066
6627,-0.1674531377196804,-0.610416600591781
6628,-0.34754314220272997,-0.5282885093127939
6629,-0.12013152160307367,-0.5624446410248279
6630,0.15669412600610133,-0.541327280940765
6631,-0.1893314060848798,-0.5503761017082014
6632,-0.07124210754534643,-0.5865921611363278
6633,-0.14727291166709605,-0.5989625961179352
6634,-0.5656138656449449,-0.4305414234959029
6635,-0.6068771901347615,-0.04059099945118756
6636,0.10266165049349074,-0.40452987417934333
6637,0.06913644865280488,-0.5085562086246174
6638,-0.42270516854416856,-0.49225813602630925
6639,0.1358714437873101,-0.5778977522111929
6640,0.95191555565679,-0.41550527452886815
6641,-0.042375729742754775,-0.5480272729000328
6642,0.33559653313069515,-0.5391891648070619
6643,0.5676890223390343,-0.27043860276084475
6644,0.2407236034961821,-0.43921818849220934
6645,0.2105880120130682,-0.49782940569040346
6646,0.2956708568080214,-0.41296776003234936
6647,-0.4867876826031189,-0.4188202547445196
6648,-0.32485692583590153,-0.501334720606434
6649,0.5190900866922138,-0.4896573615806465
6650,-0.16773131511363717,-0.5360781689234905
6651,0.13304090050839945,-0.5623428358716942
6652,1.426026632466728,-0.2806451916265909
6653,-1.2987489218526747,0.31135015594995025
6654,0.36844600166344044,-0.4055127129168565
6655,0.08121921865515014,-0.3949169926009791
6656,0.11980613894859249,-0.5142939909225668
6657,0.2513154968271757,-0.42687575040476755
6658,0.6610309070799234,-0.3727756881943808
6659,-0.08017083197349534,-0.5582812693901055
6660,-0.003426518967397457,-0.5998150004875232
6661,-0.21498917482826593,-0.5212026882384073
6662,0.8588684729580889,-0.29518407559307447
6663,-0.01687361662525988,-0.29444325107050695
6664,0.20475991075558247,-0.4582286796014143
6665,0.16011151806451795,-0.5226810691310159
6666,-0.05891142706624397,-0.5560867446783608
6667,0.11361928351887002,-0.560643761099879
6668,-0.09837765753260685,-0.5163245681921563
6669,-0.5012209529260169,-0.4774232432689431
6670,0.7277508967782428,-0.42255095442068075
6671,-0.06481964444878971,-0.5650385486632856
6672,0.0741419032025934,-0.4992442070575402
6673,0.056728498296716445,-0.6127223300760205
6674,0.06997021009771925,-0.6698465504417116
6675,-0.08645695089962854,-0.49122808999994266
6676,-0.4411381336476151,-0.5253098135714084
6677,0.454553830753482,-0.612296131345657
6678,-0.004904923091194835,-0.5361937845502228
6679,-0.07507364338236844,-0.487635672042112
6680,-0.15230389663547875,-0.6090078771950796
6681,-0.5028628875821144,-0.609618446033637
6682,0.4088850623270408,-0.5406870035045114
6683,0.1135769711287885,-0.5842715287721258
6684,-0.10397692683532866,-0.7180459805611512
6685,0.0011499392506382211,-0.6167896207058534
6686,-1.3449717455700867,-0.2440182214347999
6687,-0.10175604439701622,-0.42989361586366454
6688,-0.3362895002442269,-0.3409939649451208
6689,-0.54329780657502,-0.42833037768334864
6690,-0.275266946790583,-0.45594418595324177
6691,-0.016940436722935326,-0.6168827980653727
6692,-0.0017535572078312134,-0.5756545795627217
6693,0.10056601640305635,-0.658746556685478
6694,-0.2549291785279707,-0.41172500340479795
6695,0.030500864114528015,-0.4356017275154221
6696,-0.031049860836816212,-0.47441677862969783
6697,-0.15070513148166212,-0.5319906194689458
6698,-0.5929767632049525,-0.43263610520548096
6699,0.20920717209384387,-0.5010986328100723
6700,-0.44626049265896606,-0.5793362089743633
6701,-0.31889419471168784,-0.45515672045739924
6702,0.6148778416836019,-0.4989997911730184
6703,-0.13315884140816012,-0.5776410150339071
6704,-0.5883154178896994,-0.4572458648913877
6705,0.0422981371409723,-0.6498941580977198
6706,-0.528859795170934,-0.3186963461115938
6707,0.11101812630461666,-0.48600980572496677
6708,0.326624470918883,-0.5730832937222868
6709,0.42468762361672385,-0.5566284249347035
6710,-0.08950477894712039,-0.5277730979260026
6711,-0.3801840708079788,-0.513068741310018
6712,-0.33639870991352594,-0.526958290313844
6713,-0.32960988301298094,-0.5129070695767575
6714,-0.12849425825784883,-0.5365769437289962
6715,-0.08053657077763227,-0.57761015538569
6716,-0.32174469977879494,-0.5679932864409054
6717,-0.13049244627880596,-0.616207710829431
6718,-0.05364128594192363,-0.4542859213979373
6719,0.5215467153268969,-0.4821412685630974
6720,0.3185343504884882,-0.4759011472240535
6721,0.49194634447357766,-0.45113616972419834
6722,-0.5506974760885702,-0.4662475881273263
6723,-0.2461152748696248,-0.5630803625219742
6724,0.3672782141498778,-0.5436373096575615
6725,-0.10820656246044377,-0.487363898589612
6726,0.05432187861616633,-0.5104829699729673
6727,-0.32896771960563165,-0.533092092981141
6728,0.7215029321871773,-0.49358718353266884
6729,0.579670091265122,-0.3362866806619871
6730,0.03656115187878761,-0.5980526917404578
6731,0.5236811428067254,-0.4244085254412127
6732,1.6755765047789895,0.2181641934012885
6733,-0.11181053791932033,0.23339076629210548
6734,1.5714334197332605,0.23374576336012542
6735,0.06828636101545721,0.8147173220307473
6736,0.34006987402027433,-0.22234034241633666
6737,-0.30660889865732144,-0.33135587389367627
6738,0.4404123992436991,-0.23298144951467514
6739,0.19580205084139074,-0.21571740399937156
6740,0.5479946149695032,-0.19203778872113386
6741,-0.28703430568328914,-0.26805185113900554
6742,-0.8779247849868427,-0.2571302206479674
6743,0.21295891499461533,-0.4959621489599912
6744,0.9826942600614212,-0.25289124821351094
6745,-0.21199266677161274,-0.3274292358898158
6746,-0.6094712743606434,-0.4217990866858084
6747,-0.45942375371682476,-0.34450995875523005
6748,-0.6590909914199965,-0.07727095216233844
6749,-1.2158211367563951,0.2038189020579516
6750,0.9856912141796732,-0.2131202636580185
6751,0.25001252440144806,-0.42158769550544267
6752,0.827201093097977,-0.2573455828848342
6753,-0.5904622661836888,-0.2220844192595156
6754,1.1181121271631573,-0.23411925487947677
6755,0.14050129776362025,-0.4423653910910022
6756,-0.6385820289080791,-0.30988073899634394
6757,-0.1324947806484864,-0.48923830015986874
6758,0.7107745444905513,-0.44884335706832407
6759,0.6562001454607909,0.2128615115209339
6760,0.2155990418352195,-0.1414776599406286
6761,-0.9322824496296349,-0.1911271171289015
6762,1.600816570241696,0.19882309713263097
6763,0.04796926733602003,-0.3018504289770395
6764,-0.26833002508421017,-0.3891066422599111
6765,-0.02558571353511402,-0.4885370219395158
6766,0.27819837426009264,-0.3361044638297653
6767,0.09637923535705012,-0.5185294238701601
6768,-0.5864324429401937,-0.4470062810475142
6769,0.34833705680866545,-0.430089472213172
6770,0.00449233761744916,-0.46235461115317283
6771,0.21658545391179113,-0.37021144900722536
6772,-1.01546184245688,-0.36987324360170487
6773,0.2065592749725182,-0.47905851413686423
6774,-0.0466483178602588,-0.5078490412515076
6775,0.5934461507686462,-0.5388528515777392
6776,-0.06892246783198652,-0.6475477392135287
6777,0.10521740241562083,-0.5472749164158961
6778,1.6716154130927652,0.21996167099836172
6779,3.190227791867822,0.5681778203175197
6780,-1.5146923813403284,0.7943878214328836
6781,0.4946207360408288,-0.09428625444330105
6782,0.02731036297687217,-0.029445759106809105
6783,0.9242832797051879,-0.12948984298169358
6784,-0.24874057467429145,0.06551531495698741
6785,0.15881124309968603,-0.2736037592264941
6786,-0.8974197438492109,-0.1735084530113044
6787,0.0071698230725841805,-0.0854127903171347
6788,1.2538304597151897,-0.1548763065040079
6789,-0.21392059639994973,-0.25492814092406985
6790,-0.3539838001498813,-0.28558048887522547
6791,1.2895827502939752,0.2758522405926903
6792,-0.7186040482060514,-0.07202166769770318
6793,-0.19774962290229692,-0.2730719272465403
6794,-0.5169154469139676,-0.2602299310367802
6795,0.31891905192586745,-0.387943510581994
6796,0.228653581870276,-0.30746071121149615
6797,-0.3670717239350093,-0.38593481208207875
6798,-0.7572723043661118,-0.10920406530301466
6799,-0.007506818480780109,-0.44620788054536203
6800,-0.018069453254261236,-0.49651321930045395
6801,-0.018399493038611103,-0.5771893786697885
6802,-0.9553776123780438,-0.08417613379444394
6803,-0.019145272175577793,-0.4942603109618227
6804,-0.16494595837281156,-0.5049029627339633
6805,0.24240505758474645,-0.5104870063580117
6806,-0.4467802351530458,-0.40303665114222015
6807,-0.19564161554088172,-0.4668152062348871
6808,0.294186695521761,-0.5012328477129085
6809,0.11480304421484211,-0.4655160652465637
6810,-0.07944440071132719,-0.5481252406614064
6811,-0.8701487541576733,-0.10171908990488805
6812,-0.1893821387926262,-0.2842780576096212
6813,-0.2740225167238166,-0.44094306522868887
6814,-0.8305440624000164,-0.299870438061824
6815,0.9803885860247306,-0.3816767777316201
6816,0.43714342780991744,-0.3155547099235563
6817,-0.19184146513836012,-0.4955631978999468
6818,-0.4756568133616843,-0.5153209604781976
6819,0.6504902144076168,-0.33713267120394164
6820,-1.0272731332241811,-0.15839372360326942
6821,0.2315884427016487,-0.3536609037720891
6822,-0.12820367500619617,-0.457774768608262
6823,-0.5644028408938009,-0.4792667825094579
6824,0.19837398444237225,-0.49843251712100745
6825,-0.6648464811408792,-0.16940973595616865
6826,0.39174720668855056,-0.19762750853024907
6827,0.4139669198296442,-0.4233677108926775
6828,0.2932073676233017,-0.38891727967826023
6829,0.7268669200763578,-0.4072676989620094
6830,-0.09030825330544137,-0.37813596019281653
6831,-0.35921484387147395,-0.5425567379046171
6832,-1.0914491259186145,-0.296412735141259
6833,0.46770713434466216,-0.4109640066897728
6834,0.20144995040546937,-0.30666208450868154
6835,2.3709345441168153,0.7462308848933792
6836,2.2122866948438444,2.9482810454902033
6837,-0.13202960715007772,0.5055965405283199
6838,-0.5732113353718769,-0.2227362585050594
6839,0.7871234100357976,-0.10481813981984128
6840,1.103813859716153,0.10640002514766582
6841,0.3719482022149464,-0.2840338901740931
6842,0.23663086522576093,-0.14572616885713727
6843,-1.0073901371888638,0.18063094590069223
6844,-3.0423164013962514,1.4442550380483377
6845,1.025791095463413,0.2494004868884448
6846,-0.5617086062352752,-0.02229114878283539
6847,-1.072744912522546,0.10584465748517684
6848,-1.205254873905347,0.0495816170234052
6849,0.16000151513095934,-0.02644143514373775
6850,1.4394337790074312,0.20282417326345048
6851,-0.2555150375975929,-0.2092527359550191
6852,-1.1970912011407435,0.47323711196756807
6853,0.939056019454032,-0.3875322803883375
6854,0.5589226632289478,-0.24387432888350857
6855,-0.32186203906248356,-0.31008618330191484
6856,-0.3233089904104203,-0.46271572256781407
6857,-0.5979003486579373,-0.4398309270977553
6858,1.0211460155570942,-0.36344622752846906
6859,-0.3595712259704549,-0.534193561230067
6860,0.00146415362778482,-0.5059750487862614
6861,-0.24301120312251867,-0.47721439169383345
6862,-0.25873365032607376,-0.6197311762082408
6863,0.5466125633018374,-0.5954224750525247
6864,0.6455240955678418,-0.5051291918613272
6865,0.8042972719360395,-0.09565979307372303
6866,0.413247239284523,-0.39388755389819546
6867,0.7776167795457596,-0.10992411842584589
6868,-0.2600071057279235,0.4570731114065007
6869,-1.021122652133184,0.029323127446806166
6870,-0.8634844559014339,-0.09437807569459679
6871,0.6648705757783862,-0.41002254679754196
6872,0.4155397944500896,-0.4857626301070567
6873,0.8780882282972384,-0.4350773669603933
6874,-0.44573759797772916,-0.3085493634971461
6875,0.3034858242924702,-0.1852432258188481
6876,-0.19113266179599867,-0.3445587008959094
6877,-0.24743570032220105,-0.5987259422886969
6878,1.2227513387685653,0.05545137275784605
6879,0.32491071561675866,-0.3228151416069401
6880,-0.8326425831189599,-0.18795487856998339
6881,0.11047324944262016,-0.3533470285768388
6882,0.15692931437383667,-0.2766752884813899
6883,0.5439934701341316,-0.3904820872675377
6884,0.5221525151818378,-0.3031962214246835
6885,0.20823465171552402,-0.448540184955094
6886,-0.5585733246155143,-0.3280407481547118
6887,-0.6861431603105822,-0.018579356315911157
6888,-0.2641513868024205,-0.3636430120542865
6889,-0.3093253759965695,-0.49259824376654465
6890,-0.2048497653675327,-0.27716793804605183
6891,-0.5254755985713855,-0.43569019955530625
6892,-0.10777264850070667,-0.37667782346420486
6893,-0.24323560375657013,-0.543642922370961
6894,0.7130667075864585,-0.41261548969879686
6895,-0.4571368324977009,-0.505241842664875
6896,-0.16499622995211383,-0.5074545049107252
6897,0.10944088202861857,-0.5326057669859908
6898,0.6337176831393725,-0.49031281048564973
6899,0.07857026317298543,-0.5810733123935621
6900,-0.40926195360631445,-0.3479708405535625
6901,0.1878512832403204,-0.49683935156794706
6902,-0.7421676198631371,-0.4397148492490269
6903,0.20774344507680298,-0.6205205348279936
6904,-0.005255572967646616,-0.49579191192801536
6905,0.05340130769185625,-0.5606626715043095
6906,-0.32448371671901033,-0.5507087301638206
6907,0.6130656964196491,-0.5728965694842293
6908,-0.5148739332329129,-0.5696926480742726
6909,0.06331208968223762,-0.5860178662748451
6910,0.599516402285877,-0.42598468786479987
6911,-0.10541167580288713,-0.47447860646338486
6912,-0.09544465957984632,-0.47168213665202163
6913,0.5099510250440278,-0.3997143342130713
6914,-0.11488962205420472,-0.4653996454211602
6915,0.13095423192044087,-0.3537404430107979
6916,0.019356974198010024,-0.43764673308295293
6917,-0.15735829746292,-0.5495931499416229
6918,0.34695624270883396,-0.2827665035841756
6919,-0.6209842201881234,-0.32350293459713025
6920,0.2600205088001383,-0.321848968005457
6921,-0.4669522986369055,-0.3877244905691129
6922,-0.12624022619367237,-0.42572425477934306
6923,0.002368150508044675,-0.42060147849628554
6924,-0.7034002843259537,-0.1847035327118408
6925,-0.485728200147532,-0.11919295400178492
6926,0.22584890271247,-0.10284633180209597
6927,-0.03474583809522014,-0.44803067346917624
6928,-0.02052384037084845,-0.4629945870892504
6929,0.4175340940405623,-0.41071891286674794
6930,-0.49228804092995915,-0.5019233686259847
6931,-0.3295745609890922,-0.37211924039351313
6932,-0.36574532046471214,-0.4304521066857649
6933,0.34938301041099606,-0.4565603177860276
6934,0.19389397779252504,-0.16141345878450952
6935,-0.552100557491111,-0.2384611643668651
6936,3.2962485921499143,1.9355334717682169
6937,-0.7956666206525542,-0.039617795303046766
6938,-0.29070192669077277,-0.3917980152309564
6939,0.666741491230702,-0.2706027726494373
6940,-0.9925363523663179,0.47811249383077753
6941,-0.3283832319998705,-0.39607856837950095
6942,1.089461714725042,-0.2330054676847793
6943,1.4710997522039113,0.260778920655856
6944,-0.310502153674982,0.2134635223639802
6945,-0.5085806049820212,-0.3509573407464336
6946,-0.7814378026544821,-0.032866788903932784
6947,0.44615317510758623,-0.4120830877851911
6948,0.15814334156130505,-0.24891406832671548
6949,0.2511906577139929,-0.4681252765362709
6950,-0.9703199745828965,-0.17387942750426
6951,0.6699857706041632,-0.309896107820236
6952,-0.4876437165829313,-0.4881522540712898
6953,-0.15998889083924567,-0.33581230900539455
6954,-0.24220665377444264,-0.28856114119428705
6955,0.4848259313986163,-0.5252377829666195
6956,-1.5773588935711795,0.05622894181707254
6957,-1.3516267793845769,7.745873365626321e-05
6958,-0.8084088511672467,0.20084271488889266
6959,0.02240854687596805,0.8973892635151719
6960,0.47625319183351045,-0.273046026730755
6961,-0.561574613119791,-0.48143952455756883
6962,-0.13365543987273631,-0.23918104565375897
6963,0.1736485621002009,-0.48034752472262715
6964,-0.2925724450962438,-0.3859078563941207
6965,-0.24728012403933947,-0.5463054944919641
6966,0.3887075325919127,-0.44091480709028974
6967,0.3324664291567463,-0.399610727112685
6968,0.1757662696511722,-0.6144378380834603
6969,-0.35435094758255054,-0.5292772227693219
6970,0.9607473529253903,-0.5457009323678543
6971,-1.3683868544535793,-0.37199010765166646
6972,-1.3384720935714935,-0.2990794656501993
6973,-1.2399350878964759,-0.22677098380878974
6974,0.8543071793872044,0.544853271470516
6975,-1.5891467877889311,0.15638238834480994
6976,0.05765207379337933,-0.35773267215553983
6977,0.3308842988676213,-0.47173350793674795
6978,0.28433391835634647,-0.4039307609113085
6979,0.4025441680479782,-0.4895894407859523
6980,0.28267092395385474,-0.433223153398932
6981,-0.09727027043833442,-0.5784600919700676
6982,-0.19983106173961745,-0.3455020855801109
6983,-0.4702857825716814,-0.4466974418435108
6984,0.5823917119310905,-0.37309970925854213
6985,0.06602614498647141,-0.5509940115393849
6986,-0.49522050164150694,-0.5602325121327787
6987,-0.3621494935367377,-0.48364108440598846
6988,0.3609311336560509,-0.38905615677925914
6989,0.3642783067451193,-0.48054766669819937
6990,0.11975086311216498,-0.5516282398728145
6991,-0.39295186385425535,-0.44641084431588285
6992,-0.440899163085857,-0.5174116352159212
6993,-0.042160882781490466,-0.41616901274500967
6994,-0.20193635498084206,-0.4936549385952977
6995,-1.4268236554511686,0.3590007472236863
6996,0.8571931837715157,-0.12502396181738074
6997,-0.7796947243466076,-0.38396338997088847
6998,-0.48851009908550846,-0.4274364083389091
6999,-0.01938167952606587,-0.21089883081758592
7000,-0.6053283389288473,-0.3659780465795221
7001,0.7262755586734324,-0.40976096316296856
7002,-0.3411293825419635,-0.4921128746084962
7003,0.7764070381019079,-0.4371819910206252
7004,-0.6270305777613802,-0.4748784711571616
7005,0.4339491874978312,-0.5356965769805807
7006,-0.24188038270191825,-0.49757085128761763
7007,0.13237834878793747,-0.46720299566307705
7008,0.5492942110452659,-0.5126825332067744
7009,-0.372229568325791,-0.5331252130865148
7010,-0.12443134676724106,-0.5559763008951776
7011,-0.6551872683020565,-0.3784643524169721
7012,-0.5831936709487717,0.12783546272026958
7013,-0.1966274780803825,-0.47654825529294714
7014,0.370754150458773,-0.29125675264017453
7015,0.23841804189028026,-0.47335044768779605
7016,0.11704525103515173,-0.3408849267733312
7017,0.15813728041032704,-0.4862994834360633
7018,-0.2966023290527722,-0.5462126988065157
7019,0.0641313422593659,-0.4824061507953985
7020,0.2559373422156962,-0.4695599840208842
7021,-0.2459845606630909,-0.525588820683871
7022,-0.7309323141793349,-0.48125283996801943
7023,-0.2753431817700672,-0.2384881614969545
7024,-0.12093263869957804,-0.5709754264415857
7025,0.2748839625353664,-0.40351704336534394
7026,-0.36957224729124954,-0.5016397489818727
7027,-1.2340101820301774,0.1312046285973104
7028,0.42477149280954074,-0.273690262006923
7029,-0.5436395339732645,-0.3983913384102091
7030,-0.20104872168990756,-0.3263074280137432
7031,0.6138932274703714,-0.30653094015261484
7032,1.0011493137616456,-0.16368623588091638
7033,-0.9321486987013039,-0.19830454955421423
7034,0.26938884573440935,-0.26794265643126985
7035,-0.5931411989472106,-0.2633007032767786
7036,1.23871664864561,-0.13759303245934656
7037,-0.1536898708630245,-0.47766536271020077
7038,1.1081546448074664,-0.14514331008821318
7039,-0.19383421971289563,-0.4236374462979399
7040,0.30148492764625734,-0.3808247999521385
7041,-0.007200284569197912,-0.464382205840472
7042,-0.25214697999130753,-0.4745344870949803
7043,-1.5908161982139515,-0.0866651431059447
7044,0.3478115160956883,-0.4983598859205913
7045,-1.970793861904708,0.10112779691932576
7046,1.1559648011013337,-0.09813426928123105
7047,1.4211756445310586,-0.0685560375871756
7048,-0.19588981092488,-0.5097576119372957
7049,0.24891368067798858,-0.5473221068280025
7050,0.4781532173161951,-0.4910267979199802
7051,0.7890210976887935,-0.40692843637557263
7052,0.5477769868074078,-0.38779711729715305
7053,-0.2751370112558474,-0.4452470608811528
7054,-1.114621083934093,-0.33112232185829765
7055,-1.2868633840851336,-0.20200359424920067
7056,-0.7704456150047978,-0.42765279627291314
7057,0.24051601589153376,-0.41728423799078085
7058,0.28429338837024687,-0.4152571788944218
7059,-0.010235747076011048,-0.5759444053645548
7060,-1.140653810804249,-0.4158617024081784
7061,-2.7487607088778536,1.1265349860090863
7062,-0.5653075719476391,-0.1296527637652194
7063,0.8929401123719418,-0.22734250208159995
7064,-3.461458762283422,1.4286321607714463
7065,-0.4958407807175103,1.6231991089020306
7066,0.3049216540895482,0.0957068769002707
7067,1.5812250312450864,0.3103566947826457
7068,-0.9072057456234761,-0.25688301635304495
7069,-1.0576412313633101,-0.4780121096027086
7070,0.9266755520114385,-0.45131139833252343
7071,-0.9384558589158336,-0.24609968747797795
7072,-0.3200997337142633,-0.40874131709446543
7073,0.30275634702955756,-0.4454919401113289
7074,-0.20284826873236309,-0.3147668678190862
7075,1.1633322519015783,-0.4059156097899088
7076,-0.002734298353439135,-0.5533587527281644
7077,-1.08243613127099,-0.33496549719230645
7078,-7.2296391844719725,6.520704024937609
7079,-2.3744806597930377,2.5428607200611086
7080,0.321346846398079,2.795797141181104
7081,-0.046350990796519914,1.9706134319002722
7082,-5.244033427675383,5.285100199224846
7083,1.695974593721392,2.5529149637265167
7084,0.9582773499579411,3.745263348999928
7085,0.44313567208622995,0.3731509061272726
7086,-1.053668364021826,0.3527296155030155
7087,0.2218701102300718,0.8339349819891929
7088,-2.348229459141141,0.8958000254062324
7089,1.7241227058051463,0.43493803674362713
7090,1.5083872919751968,0.2969002355315288
7091,0.9379082308463573,0.6138254997158508
7092,0.4631424591730806,-0.013094072375708303
7093,1.1687752096917308,2.0250296693931547
7094,-1.5852039538308083,0.04754205883536129
7095,0.3982336128707523,-0.15857404051069313
7096,1.0575776908076047,-0.2523382839994036
7097,-0.42496789713180566,-0.43769064468552205
7098,-0.3768007194418075,-0.32979748516638824
7099,-0.012383327919898601,-0.39168140694962517
7100,-0.23353460481764787,-0.39329170681733006
7101,-0.35657429634200205,-0.2695446209276784
7102,-0.06503177092955106,-0.40754238875314136
7103,-1.2389601591197408,-0.10417237503558675
7104,0.8911811124645816,-0.36337167059577
7105,2.5522856770373563,0.6878039474371835
7106,-0.9334580684152505,-0.079177506218109
7107,1.0455865976129786,0.01690822652883882
7108,0.1928682227557289,-0.13911182292344937
7109,0.38850835453882393,0.053457438294521833
7110,2.2712705041125005,0.8762358627886053
7111,-0.8181948889215493,0.20455628999064268
7112,-0.951384158511591,-0.028003944331415134
7113,-0.37857277394550914,-0.23670486180590283
7114,-0.13831016963308618,-0.005579022397501493
7115,-0.11410040804331345,-0.10395660312709402
7116,-0.29782424388486717,-0.2871814617959837
7117,0.4547549970710887,-0.2643426756521565
7118,-0.39883868906869824,-0.38179728180086664
7119,-0.336600517945334,-0.3483634510951175
7120,0.7163425742029325,-0.10738512398744246
7121,0.7819029958685342,-0.314855838307231
7122,-0.30671108814243564,-0.15426124746039482
7123,-0.6895488206510849,-0.39732307090796454
7124,0.7345267933580599,-0.380131501843942
7125,0.5362067803664721,-0.30632792720673935
7126,0.16365101506200602,-0.20027915573360022
7127,-0.3529156993676587,-0.293636554296909
7128,-0.9432389471626668,-0.37086111707872077
7129,-0.2696988996399715,-0.472341921051637
7130,-0.09614407150401921,-0.3806104882927359
7131,0.08243243179782794,-0.4185987454770001
7132,1.3980360158981284,0.2537544912859827
7133,-1.6666293770438396,0.1389529172277652
7134,-0.9910055140388866,0.8635091646115971
7135,-1.091809122493217,0.29605222684854243
7136,1.6648540551537514,0.010517091391465963
7137,0.5539985238367836,-0.5175184574348093
7138,1.0405741132765287,-0.15273663834329404
7139,0.6389324047294612,0.22998219288049387
7140,0.22033802291898452,-0.16651960751004574
7141,-0.7126656247974967,-0.24826065578550338
7142,1.5471495684050653,0.2654750898409827
7143,-0.7068292315340201,0.06904126930279984
7144,-0.7673984741833119,-0.2645100047493686
7145,0.8807944126403207,-0.14443289211930013
7146,-1.2457037941189788,-0.1797096677931183
7147,-0.8954958505144354,-0.06233424672863666
7148,0.10481293918758539,-0.5379727455628992
7149,0.8179213919853485,-0.40170511101346473
7150,-1.5300991197830864,-0.13172734429926797
7151,-0.5236532627233315,-0.3097262609014705
7152,-0.8974182890382068,-0.22730310212312743
7153,1.0955637358668806,-0.290585328958447
7154,0.3123945678583183,-0.5057486833360822
7155,-0.8013947438155862,-0.33746801797533604
7156,-0.07964420917285409,-0.4899685743295717
7157,0.27507883648602105,-0.3763432178581725
7158,0.7939043855539598,-0.4517467026150702
7159,0.037807323495950784,-0.5048751003080911
7160,1.2377840034441467,-0.2558909816298037
7161,-0.5054771487781431,-0.4478496020976895
7162,-0.35218844558815454,-0.5149210145406311
7163,0.598078413530353,-0.4785069893049401
7164,0.16634478358799554,-0.5840448278562702
7165,-0.11255780924810971,-0.495337814259003
7166,0.32957840925379167,-0.5124100362779018
7167,-0.32556753264494154,-0.6212289138071119
7168,-0.09213332017899961,-0.599270330905384
7169,0.5768771374926032,-0.5578740164344203
7170,-0.04204717069357164,-0.44478981090709885
7171,0.41681338893438524,-0.5345368540021737
7172,0.35951215348471355,-0.47663771305038255
7173,0.21685812808356275,-0.5529497685926452
7174,-0.7109646710911012,-0.44651728600221824
7175,-0.39842318524319253,-0.12657067852337645
7176,0.3315526161802418,-0.20209256546528703
7177,-0.4781127647865245,-0.3769719302009222
7178,-1.0092045305631916,-0.15268972594505467
7179,0.1286073678631236,-0.403554675744182
7180,0.050633328166194924,-0.3564425543092392
7181,-0.5530254225645238,-0.5621929848170472
7182,0.12082778296851637,-0.5700499252018933
7183,-0.26905463103550875,-0.5731613314542432
7184,-0.38047686896156285,-0.39699295059221834
7185,0.29854016188693155,-0.6515457305605885
7186,-0.03180067888854393,-0.5292347953430023
7187,0.4043449294306747,-0.5152381192870323
7188,-0.06138741920687496,-0.6218124922242969
7189,-0.30453068745420153,-0.5631668022718964
7190,0.08353761157756001,-0.5769261188341079
7191,0.24890493894598575,-0.5289635695891864
7192,0.07392699089131582,-0.5031952868204413
7193,-0.19141532648674514,-0.6376300711288966
7194,-0.3784789093240722,-0.5902145760434108
7195,0.03302390887700829,-0.6305725166204097
7196,0.2474453027123067,-0.6295712036277178
7197,-0.11549788736844763,-0.6543538801304691
7198,-0.3383772721599206,-0.49332158442973467
7199,-0.40874386226689874,-0.2789981752687336
7200,0.21503968129085416,-0.4802278447850394
7201,-0.3241756471866668,-0.5201333357207417
7202,-0.6092064715252484,-0.39067398271312004
7203,0.2200235700025327,-0.40965933827173545
7204,0.6807038656711641,-0.5664410234626582
7205,-0.2398844955832718,-0.5846948547034065
7206,-0.7082874313349934,-0.49581209213117855
7207,0.42607510056030506,-0.520908932667698
7208,0.1860825375664833,-0.6032898941339706
7209,-0.0017783680112549993,-0.6884866361372309
7210,-0.34983810033132323,-0.3400727671022747
7211,-0.24306910005699917,-0.5774273723039177
7212,-0.1283539974820054,-0.728290673822252
7213,-0.5129228837148938,-0.5551059184006725
7214,0.39652126653135833,-0.5438857859218479
7215,0.10503024733772903,-0.600866972796827
7216,0.12422777890130665,-0.49720574558500963
7217,-0.0973358366721365,-0.6740983242160978
7218,-0.019248082593651378,-0.6509207654317724
7219,0.12757848261927063,-0.5761570126052871
7220,-0.3117938589945205,-0.6367528646472729
7221,0.4133474451587754,-0.6028567105835856
7222,-0.5394431010013951,-0.5971537961704897
7223,-0.316533966430656,-0.6268406422533365
7224,-0.19812206277870226,-0.5004159953983711
7225,0.7597504596564983,-0.5566774514889197
7226,0.06638918764456825,-0.5663009429708393
7227,-0.34233264178409445,-0.5404696417857603
7228,-0.2950584728112733,-0.5149692105820153
7229,0.27502790430535984,-0.5575562148005603
7230,-0.0341750601550555,-0.5711359855121937
7231,-0.12288204948868249,-0.5122335866328506
7232,-0.4358715985032805,-0.46727310890765267
7233,-0.04711155873807649,-0.5395384074550241
7234,-0.16260208292606618,-0.6272995511726933
7235,-0.25478240376429756,-0.5036401561962621
7236,-0.8134752166626105,-0.1867495940035706
7237,0.48083896704077667,-0.3171347117031575
7238,-0.2909045949598122,-0.5249174570708552
7239,-0.6234325331275312,-0.3671965874914549
7240,-0.5261341502877873,-0.3738722416453321
7241,-0.6245876704331066,0.14839879647474913
7242,0.8239590690703926,-0.36768056971253
7243,0.5987257390503318,-0.41242324680996806
7244,-0.8142689763352179,-0.44639566513771606
7245,0.43123131504622036,-0.5622856927270614
7246,0.7270920083164354,-0.5479801573821446
7247,-1.7642602166027381,-0.4175462228154778
7248,-0.5940136871465785,-0.331427786015605
7249,1.2935812346616444,-0.30197586769428003
7250,0.32327418501268035,-0.4956810316917695
7251,-0.10149557807639636,-0.5663399293011836
7252,0.1831303077038876,-0.5672726978516341
7253,-1.1913606600307236,-0.45066990573101207
7254,-1.1822754602201946,-0.3112049064720246
7255,0.9683183094119967,-0.4495024261143084
7256,0.5679005697413595,-0.5505680068253077
7257,0.018386667714607174,-0.6224050785009874
7258,0.3066527057540306,-0.48535119585338254
7259,0.7314557927762855,-0.4527446279291922
7260,0.10663752121220416,-0.542733731589228
7261,0.48543685235645073,-0.47363738721644427
7262,0.2140144245996799,-0.5698560229515901
7263,-0.027294003487742358,-0.549801105324239
7264,-0.7439791412563601,-0.49343989554493567
7265,0.4521451080056915,-0.559691015900652
7266,0.14660677857431093,-0.5952884243013983
7267,-0.13981659147848052,-0.6099907017373671
7268,0.3731766131010916,-0.5667805404861961
7269,-0.39204558467096084,-0.6127441201608006
7270,0.07937134132596751,-0.5627740741789796
7271,-0.002474806685273223,-0.5259787871714502
7272,0.13675805617706177,-0.6808615303746834
7273,0.43742064374479905,-0.5671744060642764
7274,-0.15852231555814533,-0.5829689241528297
7275,-0.563366814201226,-0.46780018627710823
7276,0.05251846439544916,-0.608152070109414
7277,-0.18235756703086742,-0.6526267750585155
7278,0.7359082955731591,-0.502596303077181
7279,0.06474979240663514,-0.6564252625897765
7280,-0.31521474988643383,-0.6215958252398401
7281,-0.24453731521572247,-0.6340516371072318
7282,0.23058781234347558,-0.6282891484022683
7283,0.16700807449957156,-0.6235411382808276
7284,0.03586910668176119,-0.6694888195388388
7285,-0.2652382837672194,-0.6381028520864671
7286,0.28173346731516224,-0.6655206050709019
7287,0.046045007359590995,-0.6070899236989521
7288,0.14243833762815938,-0.5623043861524846
7289,0.18388180765616263,-0.5567389483033025
7290,-0.4148839113433762,-0.6590365618403752
7291,0.15040251015076478,-0.7485299796521978
7292,0.5130610584767803,-0.46981523467195857
7293,0.36796773392925863,-0.35715562195695727
7294,-0.8068456454749635,-0.4601112711840192
7295,-0.5845362803110301,-0.48052379747008334
7296,-0.06314636930999287,-0.47039970647959306
7297,-0.35299818280400896,-0.6408032285924665
7298,-0.08865873451278306,-0.4941625556748087
7299,-0.36580781129514695,-0.5742089525826246
7300,-0.03130536978029114,-0.6090152379962079
7301,0.10576884319264357,-0.6748153023983572
7302,-0.6200463466868478,-0.5803051440335931
7303,-0.008351941550611142,-0.554467716919059
7304,-0.013816560277527756,-0.6372840220280083
7305,-0.03618124095635769,-0.6840599383578448
7306,-0.708568881408583,-0.4625206236411563
7307,-0.10333597723047727,-0.4458310409362689
7308,0.09894879743217416,-0.5178590632082397
7309,-0.36123168776823295,-0.5863697250649216
7310,1.0968500507778098,-0.44064760760370875
7311,-0.4286419995158697,-0.5614059003360966
7312,0.3962356572392354,-0.5482597662898252
7313,0.07389730217630625,-0.5754367428387549
7314,0.007409163630289262,-0.6266007727740712
7315,-0.4299268965384775,-0.6152643888591052
7316,-0.05292022944806124,-0.5953714599318782
7317,0.24338393910876233,-0.46975295220248575
7318,0.31800125508459354,-0.5846089591589665
7319,-0.31389865783323045,-0.5820482651649335
7320,0.25431847013035047,-0.5953028795794066
7321,0.8795227138380559,-0.46877801438023486
7322,0.1619367486021589,-0.48832628506994996
7323,0.039328623171187294,-0.603832513640638
7324,0.051422484826447845,-0.5840186495186349
7325,0.13257503888452427,-0.501268536412331
7326,-0.604484125595962,-0.2592478962943674
7327,-0.26574445783632195,-0.46169154680064034
7328,0.45869289794847845,-0.5250141419120619
7329,0.8060610536402026,-0.4312530319114131
7330,-0.28872293330597854,-0.45324443111379004
7331,0.05125474299622568,-0.5156552254136957
7332,-0.39339488481985246,-0.48499679084168895
7333,-0.33919005006564246,-0.46791587724611866
7334,-0.18438036634158514,-0.49897453157856525
7335,-0.16545323703746126,-0.4893650129077175
7336,0.34910946189103864,-0.5577460820699965
7337,-0.05990853570474183,-0.5535296337468557
7338,-0.5304965715768306,-0.47925267324893844
7339,0.27120586798504576,-0.5291387398832308
7340,0.5898045108649677,-0.5600720486753002
7341,-0.2763182611137849,-0.65188654631403
7342,-0.50340702143715,-0.583997937204499
7343,-0.1373013726708279,-0.552270399267597
7344,0.060491021002917145,-0.6246680296929245
7345,0.07052487091659049,-0.5703785798295318
7346,0.27398361131115667,-0.5313956327058771
7347,-0.2595259272574111,-0.6417414150501273
7348,-1.1290079789161354,-0.41499729554114534
7349,0.43319472544031856,-0.5960310690126767
7350,-0.7969161182616685,-0.4112964523165035
7351,-0.7975105604936956,-0.4761162569449949
7352,-1.0595908778340346,-0.21713892562399734
7353,0.40579150230303584,-0.543046144737685
7354,-0.5132632455496027,-0.2893357773700313
7355,1.1583936539597923,-0.5052630630700559
7356,-0.3572630182384363,-0.5413552834319916
7357,0.5793137889400708,-0.5455003283570083
7358,1.1808205613270102,-0.2787898340721885
7359,0.18981225450049521,-0.3859562337665841
7360,0.06260424435659723,-0.5372204406697968
7361,0.11037824374298644,-0.5255095918265209
7362,-0.15959515039672115,-0.5987646488401818
7363,0.3701128532006299,-0.5286925994390066
7364,0.5822220825592141,-0.5573074295282661
7365,-0.20113696667330588,-0.5649777479426737
7366,-0.34247792471763505,-0.49411573832004213
7367,-0.19381784187796275,-0.4540160095740248
7368,0.05260275067222786,-0.7043326977125866
7369,-0.2702382472590038,-0.527889297077192
7370,-1.2396514758438286,-0.12657751532384398
7371,0.024292503442702285,-0.5475067805461363
7372,1.1711228295644776,-0.08976631567354772
7373,0.9715465818583797,-0.13966147717444727
7374,0.7401574852506629,-0.1870275187671917
7375,-0.532530941097056,-0.24931691210246876
7376,0.08463089833649623,-0.5017290806613532
7377,-0.10059136311100567,-0.5026987962102829
7378,0.12902075929630835,-0.5485618384083639
7379,0.2727888172089752,-0.548643251681766
7380,-0.2018120151236127,-0.5779980562207127
7381,-0.2788851842072923,-0.5475219215213493
7382,0.5624871293451026,-0.47216670146788625
7383,0.4006261423491615,-0.08292753095097251
7384,0.18511457510170914,-0.4760785867442852
7385,0.027281534593445622,-0.42968832840352195
7386,-0.2064870443646154,-0.36558212520687544
7387,1.1759293487367684,-0.23538617895064323
7388,-0.24497064115251574,-0.17326107580712183
7389,0.039159954992782686,-0.48138393414793473
7390,0.031158643445271528,-0.5294384547969306
7391,-0.06929221956160381,-0.5270575614993906
7392,0.07769160019655708,-0.38124898793085377
7393,-0.31672982983054543,-0.5073979359224697
7394,0.6461057881384262,-0.26283556062062663
7395,0.12790730542625972,-0.4348565773734316
7396,0.5401721653646914,0.01751488328940605
7397,-0.12584730784218184,-0.4193679043995478
7398,-0.21138891886552028,-0.454583720841194
7399,-0.5752024859999341,-0.43474491427927525
7400,0.5116970030613014,-0.47300361267900176
7401,0.13391466211780578,-0.4073455100295073
7402,-0.45490446868789114,-0.4123683796753312
7403,-0.0039577032539012125,-0.4910666144541807
7404,0.052005327273716484,-0.5317207639977968
7405,-0.13981551561342903,-0.4227247265759571
7406,0.48074061142357405,-0.5561264328454284
7407,-0.27751654002964904,-0.6046196888838429
7408,-0.5676343739931395,-0.5127054129093732
7409,-0.21285487814594017,-0.4062558280251798
7410,-0.4245594909435552,-0.3912756752926923
7411,-0.5838758336115508,-0.3157109244721733
7412,1.1304804733220835,-0.24214778711986895
7413,0.08275776204604507,-0.5374302154744403
7414,-0.33502534658339755,-0.47302117832886753
7415,-0.37191790384635526,-0.3640953719170938
7416,0.2734007434427044,-0.4818219342669447
7417,-0.13454519395582556,-0.5198564719097822
7418,-0.1336007380071662,-0.4738937523059325
7419,-0.09750808909957817,-0.5924001814914344
7420,0.5033316573580706,-0.25819810096108303
7421,1.0334064890356052,-0.23192368814385655
7422,-0.551954323139822,-0.17432834723723095
7423,0.965134765545935,-0.2157172622354362
7424,0.6341512115766146,0.21547072684008545
7425,-0.47136520370058066,-0.20153815777814832
7426,0.330456122630462,-0.32383653241420185
7427,-0.38454677400258397,-0.3093066372079383
7428,0.22945288806836173,-0.3429994439823955
7429,-0.543486446757091,-0.30061423001801296
7430,1.3304920065814696,-0.0831034295951527
7431,-0.3885614485869068,-0.17268233289099372
7432,0.08932261247665074,-0.35717030817949963
7433,-0.01425951558422886,-0.43349889670656516
7434,-0.16344237991651678,-0.48392407023875145
7435,0.2679375245546747,-0.4968038904238114
7436,-0.03702240178043836,-0.40203759825737323
7437,-0.4342480754849609,-0.4657768849538203
7438,0.45327585851654995,-0.4885399423781787
7439,0.35192474421157005,-0.44893537658581545
7440,-0.17305743318136765,-0.5320306103103749
7441,0.49728891986158763,-0.4348266121919114
7442,0.4423318282905693,-0.15205767548080734
7443,0.45299578420643094,-0.15258239851246136
7444,-0.7884175527724031,-0.38595191772193715
7445,0.2682633803424246,-0.5072500333003312
7446,-0.49343922454732564,-0.09958010396562934
7447,0.0800395156360506,-0.49669068650208165
7448,0.3911572907673091,-0.5120102459907089
7449,-0.059865869480157596,-0.4139902526466412
7450,-0.5864496034203284,-0.5342054471307088
7451,0.30080082973021083,-0.585102056199973
7452,-0.5169419954906347,-0.36461442454625675
7453,0.09362190343547638,-0.5715851503391134
7454,0.45664750021823497,-0.4769910199009659
7455,-0.29174002224461576,-0.6638383560104139
7456,-5.715425240262405,1.2546018174042621
7457,0.4225900464698752,1.6282221132333152
7458,0.7027019316349394,-0.10527441817211554
7459,-0.7487529042527641,-0.09573279764569442
7460,-1.4316227985316012,0.060379236855261795
7461,-2.023029098677382,0.8670075448004042
7462,-2.8131308216755184,2.4702433345607613
7463,3.194271653943018,1.2054751975325573
7464,-0.9337597521025123,0.01640480862387038
7465,3.2299371637449017,0.8175286838402483
7466,-0.510722214939257,-0.25686441030006213
7467,-0.19072352723469765,-0.623854029065986
7468,0.26843980737583184,-0.42998242179266694
7469,0.10678080438054682,-0.5269514612447563
7470,-0.2722731789487095,-0.5863853161987447
7471,-1.2157157481402996,-0.17239010819689882
7472,0.6143113874235848,-0.40932551372365944
7473,1.790187769997273,-0.03231617413727466
7474,0.27352005686594194,-0.3592981169716892
7475,-0.7393798983191417,-0.349223702733796
7476,0.2290672492130696,-0.543100396143027
7477,0.23956458088762472,-0.5272053719494104
7478,-0.08293280761508331,-0.4111898785584764
7479,-0.4704007931008125,-0.4998408380184189
7480,-0.525300869491928,-0.5227536117486915
7481,0.10597878581967252,-0.5957608088241557
7482,-0.07548889525257596,-0.5845493659263075
7483,-0.06888764952911147,-0.526143730495656
7484,-0.09235299643643094,-0.5513184579693653
7485,-0.33326743071391185,-0.507576272255589
7486,0.4587563068744882,-0.49244946868048145
7487,-0.5669978975544735,-0.44255841600840684
7488,-0.6074732697171885,-0.507226960412252
7489,-0.04172826190881901,-0.48511151736178953
7490,-0.13869342247558775,-0.429937000017761
7491,-0.7142298161164423,-0.3992870085118448
7492,0.4995767972542713,-0.49833809474360086
7493,0.30134712952350995,-0.47597864629818604
7494,0.027542292757560927,-0.49445195168799233
7495,-0.17766404651372253,-0.4215209741218653
7496,-1.2495877124957158,-0.30254901770501874
7497,-0.08771129625308363,-0.30417475341527306
7498,-0.001355424248217385,-0.27617488718406374
7499,-0.1376700103790825,-0.41143411370738076
7500,-0.343854812562173,-0.36625409227837186
7501,-0.025572487775561398,-0.38459930048742885
7502,-0.5697000288809799,-0.3824718199920557
7503,0.30058197977563506,-0.3667100511634484
7504,-1.0288813323418566,0.011127975682296481
7505,0.8869453910411687,-0.39183009969541366
7506,-0.9035111911492797,-0.27652692369148174
7507,-0.4872779439828988,-0.2870054819883851
7508,-0.15686534495364002,-0.4831602242450989
7509,0.42120242595431323,-0.45847471779477017
7510,0.5811956043020288,-0.4717126080436182
7511,-0.42527925525700316,-0.5114246577632232
7512,0.3419364629601317,-0.4376164625383014
7513,-0.9418540708424352,-0.33302613670329145
7514,0.2556727230306213,-0.5122592403973162
7515,0.6869852093343551,-0.18971292987304272
7516,-1.245640732109724,-0.07075804484356045
7517,0.06822336525385142,-0.38645098795873817
7518,1.283708432601769,-0.21653212079742123
7519,-0.8735899696461944,-0.4061798455940272
7520,-0.809653056135256,-0.2306210232262642
7521,-1.0701282424334382,0.10023896663106784
7522,-0.7924123637062969,1.016501651447091
7523,-2.05205985201164,1.702004094434623
7524,0.7083073825198781,0.3064366677219718
7525,-0.5087493005383963,0.11025499581464031
7526,-0.003123699658012402,-0.023769674194055915
7527,-0.7018254229891113,0.2628044187649379
7528,-0.3452592679389429,-0.1709337724013837
7529,-2.4426885837624983,1.3458261502243243
7530,0.29629733932254676,0.4660146874076077
7531,1.9288900341394357,0.003818664059720464
7532,-0.2717760406726507,-0.08133648035941503
7533,-0.4708563489271133,-0.35631637464590976
7534,0.5369667407477559,-0.38066734442420663
7535,-0.8780537543425482,-0.3234703183518386
7536,1.2025703642141123,-0.38254120889750953
7537,1.7615423406028907,-0.2230887654684648
7538,0.9782056417520357,-0.06296066864825527
7539,1.3243454564587032,0.14272123122846142
7540,-0.3557829974942078,-0.21754356551222487
7541,-0.6840499210904045,-0.2746633162038507
7542,-0.28888993640103156,-0.41336195993090635
7543,0.0023998197415541767,-0.3728781618008107
7544,-0.15603562898993117,-0.6112474045342327
7545,-0.8143838824525579,-0.4607892671613241
7546,-0.3595484131362749,-0.3971340419388384
7547,0.42386084554455183,-0.41744446847939587
7548,0.3827251035260477,-0.31844540295695806
7549,-0.7871509311037315,-0.4612855848941432
7550,0.2761409046737052,-0.5380360876619898
7551,-0.49033302733165557,-0.47378009521440473
7552,-0.35669452007717317,-0.542923420068375
7553,-0.9305907966996041,-0.32246106499740507
7554,0.8405801955789665,-0.5360708735718128
7555,0.6170688740860204,-0.5413290020051778
7556,0.40389561020397013,-0.5665936138845921
7557,-0.743742567905805,-0.5045144913620945
7558,0.3134883364200586,-0.4921470115552794
7559,-0.6676466194350332,-0.4283497071330356
7560,1.315441090648769,-0.4420109365284458
7561,0.22783362021198994,-0.5576319300571196
7562,0.5102631812112632,-0.45749971313514187
7563,-0.5241462806590677,-0.3651610590770508
7564,-0.04761952895126076,-0.5637734761281034
7565,-0.4446450903488288,-0.5451599175931299
7566,0.07341110182080063,-0.5448072271660507
7567,0.7684834714671118,-0.3288993992394343
7568,-0.6234939202255864,-0.5539452759462078
7569,-0.21264398091180164,-0.48685987148654614
7570,0.4347904083737485,-0.5348127889711611
7571,0.1630052839520681,-0.618001630668325
7572,0.6113668526872837,-0.4106211315529495
7573,-0.3099167674800547,-0.5918322550982293
7574,0.3778402025433478,-0.5163909930211451
7575,-0.2655291887494933,-0.5046361418269087
7576,0.6473366367692178,-0.5523797886905564
7577,0.1684375978454027,-0.504557790165892
7578,-0.11477698311595569,-0.547120206380229
7579,0.21482959676448404,-0.5212166845135943
7580,0.06208573664028716,-0.4032173528173883
7581,-0.4491384757441951,-0.595117510597382
7582,-0.2127618534088475,-0.4545965363737526
7583,-0.3272131959347484,-0.5395796763082112
7584,-0.6713688871568056,-0.48313291637556505
7585,-0.33041752246063794,-0.49857916295233
7586,-0.4196911643636208,-0.5187983122063439
7587,0.23806675203575234,-0.529179342887654
7588,0.2237107584243831,-0.47689566758950014
7589,0.18361589099432085,-0.49435837312387815
7590,0.4043672160100431,-0.4859854991227665
7591,-0.6797371997717869,-0.48227183727847933
7592,-0.9352671000756158,-0.30800005280631126
7593,0.4160208820548126,-0.5217445488000777
7594,0.1482614233394386,-0.5131757993303868
7595,-0.29889220827414464,-0.58852457111458
7596,-0.6877302668429975,-0.44311849630734096
7597,-0.20596485692418942,-0.3757630686899665
7598,-0.3293480770399322,-0.322988648384611
7599,-0.8326987596895964,-0.3141661755887739
7600,-0.5322108913408835,-0.2749458390360119
7601,-0.8910847586726758,-0.03639563061095401
7602,1.0945893323001492,-0.2414172326655996
7603,0.011535338656568528,-0.5044375000682622
7604,0.553860806920366,-0.4588271996051089
7605,0.3542529400231117,-0.370412041474956
7606,-0.16404918833812412,-0.420569463294935
7607,-0.7199223839191408,-0.35091733070202463
7608,-0.8600903421855681,-0.29683900031984467
7609,-0.2223332598829555,-0.46572329757560177
7610,-1.323982134385583,0.07439836036803558
7611,-1.4633027404723606,0.9032271636145637
7612,2.1724980720625267,0.539438425759764
7613,0.6550130715854976,-0.17597028595176667
7614,2.389285809256898,0.9733072781792365
7615,0.364620672882068,0.47696467880963694
7616,-0.11675624847983729,-0.2075457286921153
7617,-1.760002665126322,0.3294351196258765
7618,-0.5931589834990852,-0.08599059886258163
7619,0.8769692997109604,-0.13091574032504316
7620,0.18898611798494241,-0.2604806301279251
7621,-0.1873738961703592,-0.2736129726463577
7622,-0.6769807431118342,-0.20973883073930888
7623,-0.8505553661531255,-0.2140591560665817
7624,0.46779018274720763,-0.3916691426124687
7625,-0.44644037621903954,-0.3533723262886596
7626,-0.5876580109739015,-0.1523668232747551
7627,-0.22289472936096139,-0.36301146612300345
7628,1.1678603993960637,-0.054025870386768274
7629,0.2465290580899303,-0.24184152009531557
7630,-0.6241102643867252,0.7879866351931641
7631,-0.060262664799920596,-0.28375685481652013
7632,0.8760076135197066,-0.1481944481083925
7633,-3.4587541602173784,0.6350439011385924
7634,2.550283727649107,0.4392526074832785
7635,-1.6156813685910012,0.15249403655378446
7636,1.1341651937273411,-0.4283701479558412
7637,-1.2238540847331751,-0.020535307866835786
7638,-0.0036955313093037234,-0.4057821048422036
7639,1.140527244632539,-0.4727240350040392
7640,1.8265954489805694,-0.061294604119911084
7641,1.2043032714574653,0.5412348097950805
7642,-1.1860534062247732,-0.08045035801713338
7643,0.8172074983114832,-0.2811760521251137
7644,0.20880056439709993,-0.3048998056303434
7645,0.5112470324848928,-0.34608884286156055
7646,-0.5960309243508489,-0.41890208140358187
7647,0.33996806377256505,-0.5249462955522582
7648,-0.39675817935876523,-0.4001190829958357
7649,-0.20361270042615276,-0.5964415265017257
7650,0.33441804088210914,-0.5367568831340321
7651,-0.41479858745232034,-0.49114794382538013
7652,-0.8865952034181737,-0.4251127849138282
7653,0.7844837750397442,-0.3974052624271351
7654,-0.5539828652152514,-0.4255564228872643
7655,1.3792425060760594,-0.3141786856873364
7656,0.25961072732203183,-0.23793987045256698
7657,-0.9342853423328458,-0.19506226302714674
7658,-1.822264046519749,0.17389877299065737
7659,0.5902926006234067,-0.4881213745327928
7660,-0.8149658853038393,-0.2607997250784691
7661,-0.023805996441339655,-0.3865478968704884
7662,-0.13579613094711124,-0.4881880723695912
7663,0.15795406318216754,-0.4798266028379242
7664,1.1055369414970782,-0.47567921914263595
7665,-1.0940686106899398,-0.36966903704872817
7666,0.4267884496175731,-0.5100945670634922
7667,0.6114739865096837,-0.48761051834673436
7668,-0.14933708872910334,-0.5681524097229996
7669,0.3020810724713129,-0.5862513403596692
7670,-0.05063406265284051,-0.4451449669953011
7671,-0.6844949221540092,-0.5210255930670292
7672,0.25954325299519687,-0.4736509636571256
7673,0.5594062927491645,-0.4614365638648664
7674,0.015385716632692448,-0.31766867898137696
7675,0.2338315411524865,-0.35966380367207446
7676,-0.36632583977780697,-0.43353551800423745
7677,-0.31708702951359385,-0.5384247077284662
7678,-0.3250201811536113,-0.5774421719708231
7679,-0.48597792155140773,-0.5231112964926308
7680,0.07549497858000465,-0.5329866729465083
7681,-0.07519682768975794,-0.4987018844738585
7682,0.6292018661241444,-0.4555899085510347
7683,-0.3238189486175018,-0.4940781001813089
7684,0.05945658710587448,-0.5381043503100533
7685,-0.34739712665659017,-0.6085688952205011
7686,0.5956407257968732,-0.5053205264324895
7687,0.08892263684216001,-0.48487191531410007
7688,-0.01846243860311919,-0.4475819266390077
7689,-0.7620109176180532,-0.5003585009129842
7690,-0.0991814796337333,-0.47667224162791066
7691,0.7950783292417207,-0.35625416686859385
7692,-0.20609148614308428,-0.48280933819778227
7693,0.24386673571022044,-0.2893065582322212
7694,-0.21252668474490558,-0.5297704420553433
7695,0.3940222473089835,-0.4077161060040422
7696,-0.3824161401840609,-0.5852901000084398
7697,-0.27529556459809407,-0.5437343764883507
7698,-0.5228138779992227,-0.4763399229749373
7699,-0.1326128749392368,-0.5873434505173538
7700,-0.2746222074025788,-0.5632071090706451
7701,0.13932182733371623,-0.5290825159594499
7702,0.5957215579567006,-0.4013378173257777
7703,-0.2221682906796319,-0.5265687640163828
7704,-0.5962830229886926,-0.46560953306929126
7705,0.3686192885658386,-0.493359382973287
7706,-0.22555611114021368,-0.49669685442618866
7707,0.5076958229583699,-0.4542148993106716
7708,-0.8623732470165527,-0.40548327783328975
7709,-0.9766930133433254,-0.15143389944259864
7710,0.5208647407899833,-0.40216473793046065
7711,0.3955315598368626,-0.4879501509457959
7712,-1.0354113223479366,-0.3469247681903488
7713,-0.4585168300561739,-0.3272323654903886
7714,0.8111981227928662,-0.37132665251078684
7715,-0.39616844348191954,-0.44318818430319207
7716,-0.35819061346572684,-0.5097857380504957
7717,-0.40763525859867805,-0.4412470861568811
7718,0.8231834517531582,-0.36870568563261336
7719,0.26285765111235226,-0.465515841120795
7720,-0.2978101355672463,-0.45650916236480016
7721,-0.7505227437347844,-0.27288616080534633
7722,0.4941377767270507,-0.42566089798934514
7723,0.1283716926043007,-0.5340859455068399
7724,1.9434239506662982,0.0735485889786535
7725,-0.287095522909087,-0.2858296856781568
7726,0.7975991878446544,-0.24303989979068918
7727,-0.5158134571757986,-0.4767174197260283
7728,-0.3018932868444558,-0.5587637321913492
7729,0.263513937238525,-0.5078014819542571
7730,0.10504967529557596,-0.4701632842398336
7731,-0.37071771753716115,-0.554018389033547
7732,-0.46479816689331366,-0.5433330049090325
7733,0.2517393148357451,-0.6331882907424159
7734,0.3035620179630574,-0.6223080438761592
7735,-0.13658397598882172,-0.6071579263269444
7736,-0.8621139656187512,-0.50923426392052
7737,0.40301713497713554,-0.5970986744118939
7738,0.0013618738368059158,-0.5466300807522962
7739,0.20659736567700943,-0.5441697079854795
7740,0.14518322633701258,-0.3675936720831127
7741,-0.10822481418124646,-0.6326797679805914
7742,0.7611376023475946,-0.5053795143076232
7743,-0.029531176515761592,-0.5079252115603891
7744,0.49637802909135864,-0.49309936254811176
7745,-0.4460981532549356,-0.4915408175604435
7746,0.21980065585629405,-0.48288874304040164
7747,-0.3942547649895004,-0.5051885099029426
7748,0.3082210264741396,-0.5415017224792955
7749,-0.270761702674276,-0.6799790449543985
7750,0.38115616156944554,-0.36701195655005087
7751,-0.6508793342783471,-0.5291007306043201
7752,0.2633255762304646,-0.6102621185069718
7753,0.07665812648030235,-0.5510391657526573
7754,-0.4650668435715608,-0.4751222984325624
7755,-0.6320302006825611,-0.5490878414078912
7756,0.548348385746332,-0.46566909963757047
7757,0.4189833686149457,-0.6024353316174013
7758,-0.36022612925242653,-0.5837859810272221
7759,-0.19152696378981293,-0.6014497705063618
7760,-0.4878576613483687,-0.448481344376842
7761,0.05187930189120177,-0.5760247703954883
7762,-0.2756134337994517,-0.6263902336966727
7763,0.28731809375868156,-0.5621283769395643
7764,-0.37779655457092,-0.5712460167725523
7765,-0.16884379817179873,-0.5807681864190604
7766,-0.17829838985621388,-0.5180826126826255
7767,-0.5124553761051168,-0.46538613726745637
7768,-0.3012953851845171,-0.36311427350402287
7769,-0.4211881036224445,-0.2510200369091446
7770,0.4551671682533781,-0.49530452395567587
7771,-0.17454974490909952,-0.23586079804053356
7772,0.733162464962084,-0.3841665293029844
7773,0.31149421483228634,-0.5195214109103415
7774,-0.02612575969460168,-0.5017580885657579
7775,0.02609334083239412,-0.5623210371893967
7776,0.30796806303288116,-0.532669808051376
7777,-0.33490533300155667,-0.48388496121714736
7778,0.20199607607429115,-0.5160733642618379
7779,1.370927662722229,-0.16791259795950997
7780,0.7510478231561388,0.02796112766447366
7781,0.9175038222059233,0.007375228478999116
7782,1.267877196178677,0.24622884994881855
7783,0.2532699652071644,0.16910181727709378
7784,-1.743024809394383,0.3884557133080872
7785,0.4603199799704798,-0.23921638609273255
7786,0.3166078439260974,-0.3927880653255568
7787,-0.6456543798748768,-0.331255720944385
7788,0.19365685255412202,-0.45873697287429627
7789,-0.0782143904061155,-0.3975765811340242
7790,-0.03595091641310308,-0.4011738994710881
7791,0.33830643843329467,-0.39502012988305574
7792,0.40070793118709647,-0.4410872971737894
7793,-0.49202130481700757,-0.5036157826566182
7794,-0.12053063363001737,-0.5907422765401854
7795,-0.17809789830679146,-0.5845614861557336
7796,0.28290458489158266,-0.5702270009126911
7797,0.035253751126796795,-0.5657677414621084
7798,-0.07039723168899004,-0.4738911397269371
7799,-0.08037870935835517,-0.6193810335072267
7800,0.2704086599366483,-0.489065148264012
7801,-0.2506447422055921,-0.49308142464938426
7802,0.22945108040414436,-0.49067486554351575
7803,-0.007296952169145582,-0.4953718314082897
7804,-0.619519925803433,-0.3067150076971451
7805,-0.8216191497257075,0.07064552761390831
7806,-0.6095980418441265,-0.16313502735752516
7807,-0.6020878528172412,0.08352594831884406
7808,-1.179662180723452,-0.014922056145999521
7809,-2.8272743677879904,0.9589601303978972
7810,1.1187221097008742,0.36391767765405497
7811,-0.007087739487612654,-0.12621762931886132
7812,0.7286883175505169,-0.10383754215308645
7813,-1.5047901677670705,0.011560461074413567
7814,-0.7095494981260071,0.15421140606320927
7815,-0.2769298915009322,0.255155585168911
7816,-0.42419452441249916,-0.07484895259790036
7817,-0.4615914577328045,-0.06744981637851401
7818,-0.2532598241361985,0.022341226616819934
7819,-2.612986500205623,6.26282299886961
7820,0.6520353405696326,1.7703873562819146
7821,1.4060464607539394,1.3816989909832953
7822,0.4723778216486906,1.7611167365383862
7823,-0.48181608852009483,0.026473554098013385
7824,0.38800987676050314,-0.32841257545822283
7825,-0.12823753259773812,-0.4248449073904622
7826,-1.0786316669818194,-0.25587633272001614
7827,0.4672021855992078,-0.325368630783567
7828,0.7559708606284845,-0.28628975451532107
7829,0.269470784737313,-0.31787026560380355
7830,1.175244115975627,-0.15848762135182964
7831,0.19103099042264038,-0.30691985186712556
7832,0.18399532869541502,-0.40988501371112845
7833,-0.22761116760511207,-0.5316539724624124
7834,-0.5900766714984578,-0.4141332715495651
7835,-0.45681777245481925,-0.4853133565952627
7836,0.2976154105664639,-0.5716784513978594
7837,-0.6215763658763247,-0.5275864452903183
7838,-0.876220505769166,-0.27594638110185393
7839,-0.4278384853483845,-0.4771189469554585
7840,-0.186321560022093,-0.3413574845585593
7841,-0.010595621839166014,-0.49498092607125993
7842,-0.3471388269539819,-0.43263168584082895
7843,0.6935102246303073,-0.4728780216829634
7844,0.5345280800415477,-0.43405837756377336
7845,0.0392214057506981,-0.6179180596906038
7846,-0.28869615581525393,-0.4897197430358243
7847,0.9080531599021604,-0.4907638512891988
7848,-0.12475613217477134,-0.47493819652747027
7849,-0.4582752649300813,-0.5551215256933228
7850,0.3250602084563732,-0.513777281632194
7851,0.3164849566674257,-0.5673498026196829
7852,0.5380241032696117,-0.41229348043168795
7853,-0.021047896285359108,-0.4986248747786603
7854,-0.6015281931208433,-0.4014189894949539
7855,-0.1667463858072118,-0.5852795816774179
7856,0.32152508760007814,-0.6231196674513135
7857,-0.022965532268930028,-0.6489786518565711
7858,0.27244236423208434,-0.6243451894428943
7859,0.30015944354054225,-0.5749205809066852
7860,-0.03771929066493204,-0.5131832457248974
7861,-0.26987004142948423,-0.6140293460268305
7862,-0.20884729314154854,-0.5017432426363464
7863,-0.15899985878168188,-0.5683239724579097
7864,-0.07898288305685991,-0.6989566025423362
7865,-0.18735030854237789,-0.6590558700240443
7866,-0.19151602542951204,-0.5122785619216157
7867,0.5093937368857269,-0.4804930962119196
7868,-0.36757875138232804,-0.6002343217388144
7869,0.3297213705084956,-0.561486682765819
7870,0.02385609994781923,-0.5602340801857204
7871,0.12848928715104313,-0.4867334980189527
7872,-0.16682228465726817,-0.5262201238375808
7873,0.14522949825275144,-0.5669657504557668
7874,-0.7479028848882063,-0.35490485727671156
7875,0.2259880684004879,-0.5136240214321535
7876,0.1307830792587783,-0.5126969473138184
7877,-0.040616641439834955,-0.5411727449884483
7878,0.06714528455730179,-0.6216730818836872
7879,-0.19878950883264507,-0.5902608240179519
7880,0.4116982636860418,-0.546804120636028
7881,0.8094682238636206,-0.32864337335193644
7882,-0.6206571262682478,-0.34215546651210993
7883,0.06965507167870455,-0.5907899905473295
7884,0.24863659596897564,-0.4662785651780221
7885,0.2225462369416616,-0.3498759889449569
7886,0.33675482267189416,-0.4846335419943317
7887,0.07237897779678204,-0.5182564998242851
7888,-0.3980317816492729,-0.4753588241360299
7889,-0.18970848612904087,-0.5539029319252762
7890,0.17187500668339611,-0.4997629498394226
7891,-0.0910323915533241,-0.5695475248453101
7892,0.0431232213173392,-0.5800405155457695
7893,-0.17408872277328613,-0.595655406802668
7894,0.09171112741419402,-0.6326259468187913
7895,-0.36625729925530726,-0.5049084224021553
7896,-0.3592289735604899,-0.5635028062701567
7897,-0.4020120948358855,-0.46937096435836106
7898,0.09774958198717043,-0.5544594796773807
7899,-0.014722496742645669,-0.5268446377208037
7900,-1.0780053300626353,-0.39004947708233373
7901,-0.6380724505031815,-0.18668387744448184
7902,0.06421883440957232,-0.4249449560622171
7903,-0.653223989262214,-0.23980453124217077
7904,0.9712865045737411,-0.26426448469741803
7905,-0.6612377030594307,-0.35860689843238197
7906,0.22275511919534768,-0.5041119827053292
7907,-1.0768509848075745,-0.22670216421602746
7908,0.3972691523119938,-0.3105718416951913
7909,0.4639393278686613,-0.41378604819034964
7910,-0.04108701362585376,-0.5697844643747676
7911,0.4499474955706906,-0.5615761169084752
7912,-1.119004592142541,-0.4271635554336183
7913,0.27144181682404045,-0.4361227381832817
7914,0.3810102320525507,-0.43346377047545653
7915,-0.7693073174324685,-0.4419907721521265
7916,-0.9025818685985973,-0.023369050785907633
7917,-0.2876266680380716,-0.3659045168104092
7918,0.5541441096308831,-0.4280663043199909
7919,-0.3244016333460782,-0.4744888893934806
7920,0.06089408836189769,-0.41518340979083795
7921,-1.9444405493685868,0.3830410936884457
7922,0.021647824823014528,-0.005769606327327967
7923,-0.3102240324261083,-0.2245312601612176
7924,-0.10849140068683472,-0.1476903953029362
7925,-0.7034319728431081,-0.39516746013953025
7926,0.9400073879220257,-0.14079770212379472
7927,-0.27381525931553813,-0.4984810632117979
7928,0.8176023084143202,-0.4123033092393791
7929,0.42076806208381157,-0.22473953798505908
7930,-1.1784152197508795,-0.31376954684613545
7931,-3.434483518672412,3.749939881988289
7932,-1.2787423999734246,4.710628220691454
7933,-1.3657041809674728,0.31939334698374383
7934,2.001030336444216,0.6051203073644806
7935,0.3813518212035709,-0.16292459866801767
7936,-1.1045390053409159,-0.1818093060441436
7937,0.4729642946638386,-0.31908045445394034
7938,-0.5626581490588587,-0.3408363078433659
7939,-0.580199007453337,-0.1294163335068694
7940,-1.2011953200757532,1.155191309199452
7941,3.6277970909880546,2.901175960123606
7942,-0.7031115295153859,1.004363880918771
7943,1.5884083295839297,0.5263731588964935
7944,1.4631659774440644,0.7093911251966597
7945,-0.05904152094983389,-0.2689580303774279
7946,-0.08822167768655573,-0.243778719158242
7947,-1.068274009520452,-0.13174536610291776
7948,-0.36751657037327523,0.00400636422989635
7949,-1.180010065215443,-0.09662499408565044
7950,0.35862433547423933,0.2295443127867292
7951,-1.4306256037820986,0.2620560409722083
7952,0.21134831282590516,0.0434354102195737
7953,0.28807115857155907,-0.3280614048935821
7954,0.41314608195866354,-0.3872764768499507
7955,-1.2972794028535413,-0.1363016702597512
7956,0.4982193603470235,-0.391796562804558
7957,0.3317055311303071,-0.2911437120950739
7958,1.8162535156586195,0.241479529835254
7959,-0.3610718853869536,-0.44709469854614864
7960,-0.4191953350158296,-0.49697901371267256
7961,0.5213673685646313,-0.47671922985065046
7962,0.40413763602072794,-0.4290751803123451
7963,0.30620219438899043,-0.331858776809791
7964,-0.6238052219266523,-0.49849120759248206
7965,0.8924047421448629,-0.44075341000427054
7966,0.41599791603010483,-0.4860596818873462
7967,-0.32822024577887715,-0.4912626423460546
7968,-0.12390386106823653,-0.5308498253249843
7969,0.06870838735374007,-0.6067135476652014
7970,-0.5491564927176164,-0.47003064324123195
7971,-0.026982158356588987,-0.5008696772668352
7972,-1.1159633364317754,-0.16791336385374317
7973,0.11711301711447253,-0.3641610874976256
7974,-0.06218640051916019,-0.3531382904143284
7975,0.4292469457836252,-0.5136274268567397
7976,0.035738572863068974,-0.4567809068856997
7977,-0.02947734152136383,-0.5460074502079857
7978,0.04704003043346816,-0.26336993009377024
7979,-1.685757507858834,-0.1258747438660022
7980,0.19193924649367378,-0.25283770962843183
7981,-1.9177419454940006,-0.056770799081211146
7982,0.9368657927579742,-0.17244364845408483
7983,0.12996878682519009,-0.38310801916095655
7984,0.5655787626217694,-0.4294418070015517
7985,-0.5633219982153376,-0.44453893416523377
7986,0.611022576067677,-0.4650976127451977
7987,0.12151030816656871,-0.32703760392446773
7988,-0.24941031251234388,-0.4444206071933458
7989,0.32386652598524757,-0.42137099300705855
7990,-0.0104988997231161,-0.34267264263879954
7991,-0.764307154797518,-0.3071216169042278
7992,-0.44396702373385,-0.4789980781771282
7993,1.3786370908890477,-0.4007749867584634
7994,-2.1745724363017143,0.20435891250357546
7995,-6.978060184936876,6.339378966985141
7996,-1.3193679262688374,4.852577635074653
7997,1.640547947729577,0.5731249054700964
7998,-1.2635051264640595,1.0175747947475124
7999,-3.5368412302785877,4.7564059693308325
8000,0.0728583789362719,1.3080284784977017
8001,3.343184110388404,2.890475853096591
8002,-1.0302097647428967,0.392450600918041
8003,-1.2513011168285118,0.1358844571583192
8004,-0.22069619579055705,0.01136838474206156
8005,-0.909952160686055,0.2792236400872272
8006,-0.09893562217275423,0.39812812464320096
8007,-0.2613251187702867,0.027880934631332274
8008,0.3454537031400984,0.07780982423322867
8009,1.9114416778187922,0.11300986798632769
8010,1.7072402001865083,0.8592117250706508
8011,-2.08096429750739,0.11530275490524967
8012,1.0488806585603263,-0.21670737661093686
8013,0.13674141439631793,-0.05474272340636793
8014,-0.6649725935442408,-0.21157196597260497
8015,0.5920538167574554,-0.32163861511671
8016,0.12004532198295564,-0.5322906047701847
8017,-1.332465455594663,-0.2407281513795494
8018,-0.8307493578269836,-0.2675445773747586
8019,-0.18223561700013707,-0.35354051556519134
8020,-0.337440515924068,-0.4934041792751073
8021,-0.24091242124780604,-0.28192011821571755
8022,-2.546169638949276,2.183065851419019
8023,-0.2404590153240883,-0.5048681717719553
8024,3.1257132585301544,0.19294892711272799
8025,1.9592939925747315,0.5844179767704933
8026,-0.08740382104978406,-0.10755800356829215
8027,-1.325133831564964,-0.01485701442224116
8028,0.8059004031507606,-0.30020093496621125
8029,-1.1478544053286526,-0.37158873678237414
8030,3.87365354079578,1.0729471783869007
8031,0.02207071360287971,-0.138036597894447
8032,2.989690618711265,0.9605074532890949
8033,0.41205106118348667,-0.12118042277737995
8034,-0.5270134895608478,-0.14726154581092138
8035,1.0010574088707744,-0.07676633850634927
8036,-0.5345766138059062,-0.3153496360355261
8037,0.26349736196349005,-0.2994901587322422
8038,-0.41410851906291957,-0.09922313346551855
8039,0.5362970838914296,-0.07960869148307474
8040,1.3879660368219893,-0.001079152811586978
8041,-1.4412831484720037,0.40633501309847175
8042,-0.2677839557457641,-0.3117690272299445
8043,-0.8679501626958375,-0.4188143094570788
8044,0.852271244496801,-0.46725797031030086
8045,1.6189515716294234,-0.06175384764614211
8046,-0.43319213938040074,-0.48402268571209
8047,0.44748190349424555,-0.49805461049224525
8048,-0.17383667977853423,-0.45562515345901794
8049,0.13638813375073483,-0.5299401208366382
8050,0.42990826870376087,-0.2365764999988484
8051,-0.6246406230253467,-0.4675313657978841
8052,-0.40379803044539386,-0.5006206274613567
8053,0.37828632421134967,-0.49208360932667455
8054,-0.21834408131067778,-0.4825044910407808
8055,0.8587721738679446,-0.30645824884778977
8056,-0.4205018868074343,-0.49887174675951107
8057,0.11089437992127749,-0.5259421852919125
8058,0.5803727588028786,-0.3682565789824645
8059,0.18798524620267232,-0.5678550935169809
8060,0.09062729627325228,-0.5230620231708478
8061,0.8876713367909943,-0.1366753084733498
8062,0.309031360230859,-0.3229899478108304
8063,-0.6830486507870366,-0.2812521860199864
8064,-0.08634324379754554,-0.16659528158339698
8065,0.6159355702497918,-0.15552917415155995
8066,-0.07322726938941349,-0.14473995696002334
8067,-0.462105145104889,-0.44866106480940815
8068,0.09476358707964,-0.41216249022726403
8069,0.19551376578815732,-0.540168070058466
8070,0.3648257509098096,-0.35801678828256805
8071,-0.4160967737341587,-0.4827490393665311
8072,-0.5064041125156586,-0.49087916897693545
8073,0.2971414671984781,-0.5263674769843748
8074,-0.6086272127620126,-0.43300712656636753
8075,-0.8955416980033881,-0.1663695820240912
8076,0.26851797498098806,-0.2625824089285375
8077,0.1955726504778144,-0.4762315161099157
8078,-0.3382833366779434,-0.4326012003486715
8079,-0.692009954349111,-0.4421567010769593
8080,-0.6499268773905096,-0.40105998360356704
8081,0.7834462094434698,-0.48748476907383775
8082,-0.19589213807121153,-0.2946521853925179
8083,-0.6950853734086708,-0.3921843366940108
8084,0.2620588370936596,-0.4862696624394472
8085,0.3906884819661177,-0.3978752269708459
8086,-0.27319416256661616,-0.395537558570991
8087,-0.03674964487634083,-0.4780198511618106
8088,1.5857122927626803,-0.108686258762197
8089,0.9854832403680378,-0.23765785581013738
8090,-2.1355086194685837,-0.0914595919387151
8091,-0.4120128886702067,-0.39404345255352385
8092,4.857727490609292,2.4429301167845923
8093,1.5187736278540065,2.8199811019181418
8094,-0.3976136875060179,1.0929609680957384
8095,-2.285768846715539,0.39179276429806476
8096,0.05945255685340889,0.012125408681750632
8097,-0.7757846849055146,-0.3253088967067321
8098,1.1592540086783363,-0.2311682284507085
8099,-2.1190187799011975,0.0007393636799298969
8100,-0.34794822241781925,-0.09330314996149315
8101,-0.7989887599200078,-0.29068371124454995
8102,-1.3557802111145503,-0.00410065253501303
8103,-3.140941568613086,0.7497619494040968
8104,0.9605917981057672,2.6760234992145095
8105,0.06501758665993385,0.30021953136867535
8106,2.015851353907458,1.2183010572817428
8107,3.854190645626159,1.5281165896677449
8108,1.3522380934073148,2.3676356089706267
8109,0.07816862010493414,-0.0026295211960836867
8110,2.306120334619404,1.630798011689285
8111,-0.6989199310425934,0.08428445279155673
8112,1.0342801764912344,0.4011788558481075
8113,-0.561799520285975,-0.23167093817939965
8114,0.4739719073099451,-0.14363393027489252
8115,-0.32207735479148525,-0.2706368383076332
8116,-0.6709053084209277,-0.05738296684343161
8117,1.1039198604591047,-0.17179046924818653
8118,1.4555008668671463,0.5953981901062435
8119,2.2994523031176324,2.8505826054801204
8120,-0.5644946075102025,0.21140676994507973
8121,-0.8714799097895083,-0.11143140536591087
8122,0.034288270608038074,-0.11707648845750158
8123,-0.3536894815270291,-0.04275264317308074
8124,0.22818328723786668,-0.19143034936884684
8125,0.1406042181554349,-0.42508236916567377
8126,6.707256592330635,3.2857840636949094
8127,2.5482462162642254,3.858562827725343
8128,-3.070297140910358,1.9259464562383186
8129,2.1133799878796635,1.340905657361742
8130,-0.4354076474219154,0.7398861123801317
8131,-0.032041630778997854,0.17893351069364222
8132,-0.18935663491343327,0.025060230983067977
8133,-0.476712803616251,-0.12332591085203894
8134,-0.22512039022996422,-0.15594978788537495
8135,-0.4818269394626562,-0.2887603536560459
8136,0.08417311616540657,-0.1771115449500179
8137,-0.14016918872266904,-0.11845849793351065
8138,0.09758911026013284,-0.4757225127749812
8139,0.39908805085640886,-0.37034361919743647
8140,-0.49090802445308723,-0.4629474890967534
8141,0.5965091345514707,-0.3654345873585926
8142,-1.5265828730675635,0.1062195275133244
8143,-0.001185380155760557,-0.2668281786138061
8144,0.037254683056626714,-0.374888609848915
8145,-0.6415824178513089,-0.18163188041247125
8146,0.47587482595505515,-0.4641472637782759
8147,0.5601227116254549,-0.283545277211966
8148,-0.39301572094110454,-0.40547759056580435
8149,0.26235435493784764,-0.4767990105643302
8150,-0.4219842674820433,-0.4770518486825888
8151,0.314244539985412,-0.6183767782270042
8152,-0.1792749895640196,-0.6073494136041193
8153,0.13941041818980815,-0.4266839104814601
8154,0.6615274764803138,-0.3534879170901222
8155,0.8986832996717105,-0.09980957930733095
8156,0.8126334348649693,0.16787058423988682
8157,0.44694236572888124,0.0035737190299409
8158,-0.481626077944508,0.5817457677772543
8159,0.36529197540243785,-0.24923946575409356
8160,0.6809806064907178,-0.09095772135406892
8161,-0.46101971838108424,-0.2674038148621257
8162,-0.6281022208218847,-0.05110336627203293
8163,0.08969637046971823,-0.1287832324273998
8164,-1.1852603925787486,0.22923286598921971
8165,-0.9250591583036285,0.20973464019663002
8166,-0.43524274703757526,0.09530864041456012
8167,0.7009718817887227,-0.10549605499353616
8168,-0.38214434954408494,-0.12059670232727934
8169,-0.022997991175878973,-0.42900809784145416
8170,0.16392197977455691,-0.43409030851539226
8171,1.5967665803564608,0.1637453881488537
8172,-1.0784798174563224,-0.028265215744087024
8173,-0.27914006894907745,-0.4831012482194978
8174,-0.16799578603782925,-0.4547004348447722
8175,0.045713578212369654,-0.481770142199537
8176,-0.0277839279808777,-0.398394489944793
8177,0.3517371577981193,-0.47336445330548244
8178,-0.5347388817343541,-0.3567452592015783
8179,0.7730848713426668,-0.1931896725954726
8180,-0.49161477739188253,-0.31827664581101184
8181,0.3336255602805187,-0.43732260020349983
8182,0.2776047333841558,-0.43537137310793356
8183,-0.7150689982272856,-0.34988990277390764
8184,0.3793126558821006,-0.4351180866415956
8185,-0.0254353405834305,-0.47574204966490136
8186,-0.011575985028599634,-0.462808587911619
8187,-0.5193781689674877,-0.12485115741594555
8188,-0.01901510978249027,-0.1295667205769478
8189,0.18387454560466,-0.34491728956935275
8190,0.7835299095989128,-0.11411817751806723
8191,0.7027630679813719,-0.05030201253616903
8192,0.5997922085163074,-0.2641662658996185
8193,-0.8040478229423058,-0.18816086813499922
8194,-0.1545902079048232,-0.17424558265129925
8195,0.13148796047258404,-0.3810017283562968
8196,-1.4306984021611397,-0.13453774673680402
8197,0.57593631573098,-0.3545143839810804
8198,0.028185368708648573,-0.48645912436332545
8199,1.068394040367096,-0.4465791381669894
8200,1.1106089828547763,-0.01173503255325737
8201,1.4123915706287313,0.5168752060493692
8202,-1.55862028161895,0.16292103759566312
8203,-1.249145294883827,0.02313392495296962
8204,1.0626234422233078,-0.5000183480896833
8205,-0.1171321629715234,-0.5244702446695861
8206,-0.8299087181013804,-0.4562366732238431
8207,0.22591618008354797,-0.43171425447128026
8208,-0.43538581891434147,-0.48272118290326316
8209,-0.4051451163742577,-0.46945519682870235
8210,-0.41641907288012336,-0.4387024279011177
8211,0.20188270648891343,-0.6615752609635748
8212,-0.14685753924237704,-0.5942972888654918
8213,0.3030404334623631,-0.423726028282703
8214,-0.35625279081211053,-0.46957902697085346
8215,0.8774776233440851,-0.5696027148558781
8216,0.25357854390693113,-0.6311722926442589
8217,0.6255127472176103,-0.4693343441467413
8218,-0.9218386498440229,-0.4641360004980019
8219,0.42775761032877435,-0.6146763104723281
8220,-0.2797284848090819,-0.5236643622384488
8221,0.2923980006027429,-0.5639751053572205
8222,-0.7203213112398723,-0.3960077836025718
8223,0.029429292794337425,-0.7062524264999677
8224,0.14408224150222276,-0.6084633697526092
8225,0.30656533394085206,-0.6072075934013779
8226,-0.6556938883618746,-0.5467137142280447
8227,0.03814165457424812,-0.5381005276702127
8228,0.42110843753152905,-0.47861216821966696
8229,0.38459602267088944,-0.5778222986174311
8230,0.5633995426600215,-0.34874281734136225
8231,-0.6298742040877859,-0.36861499532239256
8232,-0.9379061630514929,-0.36344347987187947
8233,1.5342012051261131,-0.3301318710394275
8234,-0.2493167665633864,-0.5009187525159617
8235,-0.6754513167851027,-0.2828516590740069
8236,0.9736490518838508,-0.39690373696979864
8237,-0.29057659971413285,-0.5798355460219171
8238,0.885442664298866,-0.14854275061148642
8239,-0.6098923956632489,-0.3934213620805525
8240,-0.0658224082308419,-0.6837916527859093
8241,-0.1503682542597061,-0.5263740200375698
8242,0.21091932038868721,-0.5821529955646695
8243,-0.12845295671543017,-0.5609482584720227
8244,-0.45560140667610793,-0.6296772914683084
8245,-0.41722880516570315,-0.4957454472606356
8246,-0.4053172131261189,-0.47757410228583
8247,0.3915954833940575,-0.5092163746582667
8248,-0.7138906190355675,-0.42548824867266816
8249,0.24620988126388732,-0.5557155369751932
8250,-0.09215951562729016,-0.5554504780111169
8251,-0.15543330031102204,-0.5387344995425412
8252,0.14873624375453665,-0.5435160819652616
8253,-0.14444749633501608,-0.5694895234477734
8254,0.0911638439397765,-0.5613157294226809
8255,0.6968564207140173,-0.5116646843902047
8256,0.18332395975069554,-0.531427749813117
8257,0.07949958332315132,-0.5855112009304024
8258,-0.238397346077373,-0.5557209956590374
8259,0.9637262045678021,-0.4136516157455108
8260,-0.19418646866536476,-0.5034454802076245
8261,-0.3017782324886299,-0.4452867182586789
8262,-0.08314269907169844,-0.42337817232978453
8263,-0.9818151388962095,-0.3674616273984577
8264,-0.4926876944716084,-0.43086600589230395
8265,0.7421315604420039,-0.2005397186110776
8266,0.4168781624172302,-0.3453586498511547
8267,0.0890119338680545,-0.5445330603753621
8268,-1.7019809378276034,0.09035098404271767
8269,0.6443392203802336,-0.31365059997368266
8270,0.11957351000708372,-0.46785968509687953
8271,1.084499650834868,-0.24757942255261067
8272,-0.574002678503238,-0.38393562643008255
8273,0.29887359742484,-0.545689485368818
8274,-0.5226338289224153,-0.4922392436340926
8275,0.1537371294337368,-0.48172671875746265
8276,0.7737746144556945,-0.41431086492201774
8277,0.20150035130544708,-0.4123059361363619
8278,-0.7529192455267426,-0.3293887467075854
8279,-0.23001110845981929,-0.45932993414691153
8280,0.3437381580218426,-0.3092932765060085
8281,0.2711495990387953,-0.24711412866419452
8282,0.6760659363832817,-0.2576966229853555
8283,0.8644778691387802,0.2533299789699864
8284,-0.22378179936669593,0.10196087998975382
8285,-0.049535672672595316,0.07842970458036162
8286,-0.7581930823956398,0.014912654662540381
8287,-2.0780139589198163,1.7313908375145386
8288,0.9586426095911871,0.24045576563039844
8289,-0.28239402243623457,0.04424596565553013
8290,-1.027617258012713,0.13897018455778398
8291,-1.4689975271574485,0.4741672434710206
8292,-0.3420176769777219,0.679353080360364
8293,0.138810509918321,-0.125086191581235
8294,0.6716699844325646,-0.3408502010267511
8295,0.2719023923895507,-0.3516516563897919
8296,-0.7761967242962347,-0.29136794071514655
8297,-0.225212209643788,-0.16985065100500657
8298,0.8959648981007622,-0.3309581919593481
8299,0.5411197631605227,-0.23867057275639508
8300,-1.0836568805320332,-0.27452697500092926
8301,1.1093652602033477,-0.42354987950564493
8302,-0.0712927084768483,-0.5583799093272579
8303,-0.28787250532977127,-0.5279660300696681
8304,-0.005181120922426563,-0.4720240221748591
8305,-0.08716361063675956,-0.5877315540477391
8306,1.0579222722244048,-0.2888201597672358
8307,0.4076289264459797,-0.4245650488795481
8308,-0.4311004336992672,-0.45383311769996365
8309,0.22239896488012267,-0.5082847252302798
8310,-0.3923234099913756,-0.5692803258075637
8311,0.07199425835081408,-0.6701154731207678
8312,-0.28008763856503527,-0.6150452875494337
8313,0.6358637148461159,-0.5361783650476817
8314,-0.5894653524864675,-0.3311632485257388
8315,-0.41913224886835104,-0.4966622838121598
8316,-0.13468157670130793,-0.5513490971015161
8317,0.03966518460887347,-0.6086235293775597
8318,-0.49675208608701127,-0.4836657900253674
8319,-0.39592193455097313,-0.5901484784210641
8320,-0.4684206503109165,-0.5124125078915022
8321,0.006655394944096615,-0.5383827235773371
8322,-0.08654624511389775,-0.4935988438472987
8323,-0.25582836954038435,-0.5545729937367541
8324,0.2989451891123738,-0.5823991856731839
8325,0.15238645489516922,-0.5185642227430418
8326,0.5726679663337257,-0.3887457700742863
8327,-0.2276509001155455,-0.47924314147930086
8328,-0.19989742398886723,-0.5906356328073705
8329,0.07528071519107477,-0.5476898999271391
8330,-0.3032977994044176,-0.6462514956516172
8331,0.8994709249328561,-0.28524953376018325
8332,0.3332277376979854,-0.0038125060984723624
8333,0.09101736233281699,-0.5722294755651819
8334,0.42204952541351903,-0.4340849594454264
8335,-0.32214725816633877,-0.5256392035320906
8336,-0.36507487116679205,-0.5537144969632546
8337,1.5258313631301998,0.06310604985371075
8338,0.10877789896577639,0.12469854339801022
8339,-0.5579743910125864,-0.2859224642365032
8340,-0.2690965994931592,-0.47437120422519596
8341,-0.029149541645784927,-0.5396786742257546
8342,-0.12472619580446492,-0.5748048837569489
8343,-0.36124525093316173,-0.5519629953437657
8344,-0.143382151190789,-0.4517214146965857
8345,0.39570202850452973,-0.45908700173176387
8346,-0.20779782445387077,-0.5025172138117444
8347,-0.5323354737900124,-0.5430320142939811
8348,-0.41649253270421593,-0.5408896059424125
8349,0.30085277417684986,-0.48081904215092774
8350,0.4244981635592774,-0.3511036125155936
8351,-0.07508721544508318,-0.6164010304192824
8352,0.09446901860025969,-0.5050076983803221
8353,0.013643062906322667,-0.5955880049053526
8354,0.3519162801100414,-0.49271454343805915
8355,0.5593588205628143,-0.2069077495701579
8356,0.22380288736623116,-0.42250360777900164
8357,-0.6892183453011995,-0.3761407409278461
8358,0.5986657286199302,-0.564033551694108
8359,-0.665873802296734,-0.4037513698772038
8360,-0.2663894717594616,-0.46962001574431095
8361,-0.1996397269369,-0.5738279277303197
8362,-1.4337283431570031,-0.04822496144948439
8363,0.17735212032644992,-0.3355523377754562
8364,-0.41789120871350227,-0.2669250889071768
8365,-0.302010654704171,-0.45986441499115976
8366,0.306176066006865,-0.3158131458765466
8367,-0.1687480125192559,-0.4463323596929118
8368,-0.29988977288318347,-0.3845589636058458
8369,0.04513101261741709,-0.3827033290005237
8370,-0.10403256298463631,-0.6205835150300051
8371,-0.4348320053997028,-0.3851586774085049
8372,-0.152265778282336,-0.4207800289861617
8373,0.2800270005546939,-0.4402323041868234
8374,-0.3637324365236123,-0.48711682801333717
8375,-0.3038911197723547,-0.38903288537285613
8376,0.3539913783831765,-0.47445020621271616
8377,-0.9152444658802276,-0.11418872133554386
8378,-0.4474464683777065,-0.12044299224224089
8379,0.14118877277101705,-0.3447859691446717
8380,0.3832320685401669,-0.029289796575828052
8381,-1.3984032711902383,0.44799898110688013
8382,0.1664164392125525,-0.21826238833547867
8383,0.7556497712964241,-0.1425712784186201
8384,0.9483337149546605,-0.17313082682510034
8385,-0.5847524061987293,-0.34580509622902056
8386,-0.1889215804017315,-0.4775810758730355
8387,-1.2675490749442098,-0.0013868643214633436
8388,0.6713499242014619,0.1751937270807955
8389,0.7199887109166772,-0.3597270694132588
8390,-0.40380838968575733,-0.3711084589949061
8391,0.1737862921883765,-0.44454375588476996
8392,-0.13921396169927452,-0.4905188536911141
8393,-0.11662967655235873,-0.5056077445163188
8394,-0.02625864820131013,-0.5014394064433556
8395,0.4269446767917682,-0.5369649909036002
8396,-0.004655708361706035,-0.5391079470949389
8397,-0.6968094556793916,-0.4892401982501486
8398,1.134146104868747,-0.38659367002264206
8399,-0.8515991885136516,-0.3333163730254124
8400,-0.015578899870709262,-0.5837995715658039
8401,0.09887552899037,-0.5767472896974466
8402,0.029479170955835687,-0.6066712607104906
8403,0.28063565290528314,-0.558487313755816
8404,0.5102993600179802,-0.492469407013141
8405,-0.3524044576537303,-0.4983592407393688
8406,0.34960300050625437,-0.471842927627944
8407,0.3132625260472166,-0.617988878878311
8408,1.494922519622211,-0.08961351313712089
8409,-1.1444135559416602,-0.1839753758766528
8410,-1.4043881418878184,-0.1949126649184193
8411,-0.23553741273103374,-0.37582993922687724
8412,-1.189595529369067,0.059887428398391326
8413,0.46497418823383474,-0.42692591828213966
8414,-0.4715186835057297,-0.4182460875631247
8415,0.20703286237178165,-0.5054810443626074
8416,-0.8394191930857957,-0.4343004122369126
8417,-0.007209734431405879,-0.5991837617927238
8418,-0.3819075439681854,-0.548375426891673
8419,0.47377883316259894,-0.6235822124378402
8420,-0.24460098330724805,-0.5552577265653645
8421,-0.06790378182352463,-0.5936893126409764
8422,0.0027281505913023807,-0.6123745723324812
8423,0.4295020981626184,-0.6150642236919702
8424,-1.0180279734294375,-0.2928018938166383
8425,-0.7595615933188833,-0.3605863148742246
8426,2.0590009368687108,0.48696057504499274
8427,0.19089895284467456,-0.4345237770236902
8428,0.6211244194057712,-0.4641560061838875
8429,-0.12508514698753243,-0.55724652187837
8430,0.41079667659839403,-0.576334755933086
8431,0.15614415775611035,-0.460858463164005
8432,0.2176428518467235,-0.539711714189641
8433,0.0414848785700046,-0.5727618672569618
8434,-0.4596912533633952,-0.3456873552608826
8435,0.6274290580858255,-0.5310296380798776
8436,0.232926104239509,-0.606533926677143
8437,-0.15178324767393253,-0.6216632366224013
8438,-0.32579391081699005,-0.5624124800578495
8439,-0.012358049575817098,-0.535422354978527
8440,0.09669081709715166,-0.4920855566646301
8441,0.047332124488773775,-0.548674608018296
8442,0.2672447191177194,-0.522799808381121
8443,-1.060652064393409,-0.4408287359291912
8444,-0.4488122492312063,-0.5417122414335372
8445,-0.12410389904006493,-0.6373374937654102
8446,0.3848026385721226,-0.6112104111166881
8447,-0.23430628220177943,-0.5019365933298886
8448,0.6391149881439888,-0.5154523072207727
8449,-0.16006491708305107,-0.5717771288352347
8450,0.5285647085499485,-0.5498487723139894
8451,-0.528408392667085,-0.40949887532409274
8452,-1.260255168674607,-0.17035613618565526
8453,-0.18291134284997956,-0.35363284763869185
8454,0.45568096409389536,-0.35894063528409026
8455,-0.47994633814534293,-0.5019411593733902
8456,0.5871922795340353,-0.4263974568060051
8457,0.5774484168614626,-0.21507266864432845
8458,-0.7030964172519267,-0.4236350134939584
8459,-0.05996427900602058,-0.5300687656386914
8460,0.5382357265013302,-0.4415340777073095
8461,0.18925282141298078,-0.398140451794657
8462,-0.641844996465564,-0.5474936944337119
8463,0.07593517423730162,-0.5342379817647951
8464,-0.07421473090643119,-0.5737638816857474
8465,-0.17018841899412412,-0.6068004835772007
8466,0.1269832766032563,-0.6032214947622608
8467,-0.5655959248942481,-0.4956288256482253
8468,0.2754996689439517,-0.5210822067393923
8469,0.09512911877454427,-0.5759009910261456
8470,0.042670208709309654,-0.5184350978515713
8471,0.606300503917631,-0.4207558702190695
8472,-1.6834625797173968,0.15789461042366176
8473,-0.4732053450377333,-0.4756132627310259
8474,0.5808507560675766,-0.39957023171389006
8475,-0.6256471377647136,-0.3362869863981465
8476,0.5794034859749204,-0.26656174496270507
8477,0.23701025396376751,-0.061696618889888616
8478,-0.3438527930515738,-0.03604599652705255
8479,-0.6668787257018237,-0.021121317829730438
8480,0.18340843444902188,-0.20835276724991086
8481,-0.2197743241062171,-0.2944532729877026
8482,0.07172291411916126,-0.51794929335382
8483,0.6726715621764146,-0.41963312435722133
8484,1.3660549408635698,-0.13904553369830253
8485,0.20571614728986254,-0.19078895697321735
8486,-0.5141001806502367,-0.3857629895799502
8487,0.6225354816278404,-0.4508323563028244
8488,0.49884650336284153,0.27030497708309287
8489,-0.13917105823427076,-0.2939019496097547
8490,-1.2121626594925075,-0.32241441523635467
8491,-0.8417653044877202,-0.4131782690063705
8492,-0.7374115379425593,-0.35794731357105614
8493,0.2780182617102184,-0.3008360228661825
8494,-0.4639751406438286,-0.5200617844345699
8495,-0.6544641687362186,-0.33616161491742763
8496,-0.5499639791583297,-0.3737235916681985
8497,0.10538871643957365,-0.5040150677193903
8498,0.8911785586502261,-0.40487756695993465
8499,-0.10179758397970065,-0.5801352846323796
8500,0.1798560819835756,-0.566918131072557
8501,0.13254308235376677,-0.41150781565844974
8502,0.7319277565066307,-0.5145315120111695
8503,0.07212735193000486,-0.6196663676856442
8504,0.3607530130864185,-0.564575049793503
8505,0.16190840593812444,-0.6158305451169535
8506,0.08972730854957167,-0.5544834221068278
8507,0.5177391736245991,-0.3486431977935452
8508,-0.3216002884461407,-0.30108070262869613
8509,0.00661326048684846,-0.5608051674410981
8510,0.34523532094816245,-0.5437828468421527
8511,0.06031107345367964,-0.5720261936795421
8512,-0.20064378076233527,-0.5343553778765061
8513,-0.03356028590153387,-0.590482000012172
8514,-0.2767937706004935,-0.5321829998522013
8515,-0.5890621810251004,-0.5007210586930365
8516,0.014284550993185374,-0.6154631559941945
8517,0.28115551952664664,-0.5999216691912594
8518,-0.6279911807988567,-0.5059747081217632
8519,0.6131697602848236,-0.5206772401602819
8520,-0.06157812410187288,-0.5250882525486684
8521,-0.2554051212130292,-0.5946203841074278
8522,-0.3735460910838708,-0.5526215629159528
8523,-0.20929931485837097,-0.565956232664584
8524,0.5067404445617276,-0.48588156460224835
8525,0.6220877831216822,-0.49819130008562096
8526,-0.005473286828331758,-0.48050410557120515
8527,0.2738526781927495,-0.5724833030690514
8528,-0.09029719796405694,-0.6304474157048692
8529,-0.4820673036719969,-0.6001836129003487
8530,-0.07003469132462853,-0.5382750774219107
8531,0.17862375179862505,-0.6566084392267535
8532,0.002937011624867314,-0.6198041607140241
8533,0.08439363382601534,-0.6492738612903669
8534,-0.20346261994568357,-0.5260324783961923
8535,0.029871201947920478,-0.6744935999036693
8536,-0.1524959470095777,-0.6509057230897692
8537,-0.1955097665995258,-0.5476370089521695
8538,0.3807109315228756,-0.47870932524574167
8539,-0.27197091728499634,-0.6365768461104366
8540,-0.08303255706383275,-0.5894266850456815
8541,-0.02056425164240211,-0.651984698021568
8542,0.38073280644773677,-0.5816449133903525
8543,0.15474533626126385,-0.552428690684652
8544,-0.1789962585686043,-0.5950422533062145
8545,0.17479263560937935,-0.5749478092171515
8546,-0.1898918615170667,-0.5700207678465501
8547,0.13202113343155447,-0.48773402397661164
8548,-0.11626386297698132,-0.555964720311215
8549,0.3751270454822384,-0.5686863894208202
8550,-0.6175610818944473,-0.5373856875418047
8551,-0.01851719532055504,-0.6008568830480292
8552,-0.26685046871337204,-0.6450904800505879
8553,-0.09665233687431246,-0.5675507999728678
8554,-0.3661792015641767,-0.5185853229688857
8555,0.21301896396508174,-0.5496952384097578
8556,0.19078859667127124,-0.5428719791854771
8557,0.11610649423267005,-0.5287760181708857
8558,-0.051098308318531516,-0.5962604280677084
8559,0.1416378877789815,-0.5529238383046279
8560,-0.2925241582452277,-0.5786509085366596
8561,-0.0786691559380393,-0.6072119516660611
8562,0.01018912651637427,-0.5923212136651592
8563,-0.04660103505718438,-0.6497874449875235
8564,-0.04737808784386793,-0.5571410289626396
8565,-0.05738648351566103,-0.6000910070409522
8566,-0.09822006237369932,-0.5734905421701506
8567,-0.38077401004308326,-0.5841537428441896
8568,-0.01739856847439597,-0.6745473455129134
8569,-0.07838362603932797,-0.6297405845701081
8570,0.05504864317493019,-0.6139310133493799
8571,-0.5210662912334788,-0.4697943994043771
8572,-0.06286473062852596,-0.6402586438014201
8573,-0.1739989383134137,-0.6222736558948798
8574,0.3363069435925068,-0.5296786710645066
8575,0.2501339668252952,-0.5464393446395815
8576,0.009098847044581249,-0.5463835941563838
8577,0.009031581224400953,-0.616831630960562
8578,0.1759944847805594,-0.6374659321323681
8579,-0.26262812018923254,-0.5886360101250762
8580,0.39220553250767676,-0.541753858055975
8581,0.5810217228249821,-0.33170553156140864
8582,-0.08272131229078042,-0.4419299624566814
8583,-0.07446949393283919,-0.4954073092000939
8584,-0.34307107954498867,-0.43289494730687467
8585,-0.3205593034303226,-0.5948819189235375
8586,0.2938635178664808,-0.6164568368485088
8587,-0.140073926359091,-0.5786507464754375
8588,0.5365918710609503,-0.4763485006617661
8589,0.5592005655936425,-0.2860277647550196
8590,-0.6064883599038489,-0.38424835202281665
8591,-0.4220532342536759,-0.48286434382954296
8592,-0.06651561836498238,-0.6502919687765044
8593,0.40849580705366906,-0.39173548159871313
8594,-0.07145166875661829,-0.5844155979179944
8595,0.009161750210161468,-0.561803591005439
8596,-0.24506656090932302,-0.56652637611359
8597,-0.277344312638539,-0.5930468367140038
8598,-0.26337550178996577,-0.5374605845660151
8599,0.17470215585362414,-0.5665169976347996
8600,-0.2174721851826403,-0.6380530166769453
8601,-0.1736510137853734,-0.6525832238158288
8602,-0.026728909744228452,-0.6334210657690463
8603,0.2096414787233996,-0.5431031892131659
8604,0.010714279833254292,-0.7124938267482169
8605,0.46859099546575966,-0.5019911954888162
8606,-0.1906953241197134,-0.5576768373388389
8607,0.2534404428696668,-0.634064634287422
8608,0.14691687917192253,-0.5917840073047348
8609,-0.2027013864690957,-0.6279701305543888
8610,-0.2492503284382945,-0.5722672414217276
8611,-0.22195525046595027,-0.6193953174854584
8612,-0.17809730414283664,-0.6411187048718383
8613,0.1626616527372307,-0.566196098740117
8614,-0.10279611037199343,-0.5698014161198677
8615,0.36529277584573594,-0.5132357517718558
8616,-0.3910455007477083,-0.5552776067913745
8617,0.18684865658181943,-0.6118392292255544
8618,-0.3578693527704334,-0.6602988663354483
8619,0.021056415557362707,-0.6150837485881864
8620,-0.3500499296648563,-0.6135067822379878
8621,-0.17489437292514537,-0.7065142267734388
8622,-0.4165035087148344,-0.4968704978960536
8623,-0.08494419153313126,-0.5872984307061007
8624,0.2956942090489879,-0.6376187226562046
8625,0.020511617195974385,-0.6944406266592482
8626,-0.0674184706087167,-0.5871421662223248
8627,0.1109094300436313,-0.655007244982422
8628,-0.4431683749081219,-0.567686794883481
8629,-0.09770732623509032,-0.6875118042019167
8630,0.2648618284886788,-0.5822913322243575
8631,-0.17837042971319067,-0.5473741342818463
8632,0.01888402768667241,-0.6624140433610404
8633,0.10134093566035163,-0.6082916039728811
8634,-0.07984133402278037,-0.5806005593029857
8635,-0.10802569089618219,-0.6820188759693162
8636,0.16648303128984004,-0.621285748260574
8637,0.2527027505867626,-0.6728532197395372
8638,0.029366903091619934,-0.6287898749109876
8639,0.06074623122118866,-0.6402974507657271
8640,0.0910383676765461,-0.637054026027992
8641,0.1462841785463923,-0.6331440512177314
8642,0.040452219051959615,-0.7059584095015617
8643,-0.0917868392341793,-0.6441007516548412
8644,-0.1850656199796993,-0.6412680591535969
8645,0.24607644025298875,-0.5844094766516932
8646,0.06774046668556333,-0.5419764559423906
8647,0.06346638902597718,-0.6886714851530629
8648,0.6247236957750797,-0.524758863264043
8649,0.038184994223116,-0.615544778623929
8650,0.005944036782181528,-0.5049093481942851
8651,0.2735600830921384,-0.5731324779690566
8652,0.28762499598292757,-0.4008546008073189
8653,-0.3620585934579298,-0.5202962101638567
8654,0.5417709414456819,-0.4225329554296976
8655,-0.18923325764914162,-0.4574396522131269
8656,-0.3838161600436406,-0.4430063032479891
8657,0.3342695325207352,-0.24741839474186256
8658,-0.3825413473546782,-0.5265599448266791
8659,0.15244829613061095,-0.5336454425907383
8660,0.24595998918144601,-0.5246065142671323
8661,0.6282649911835008,-0.3609869712755227
8662,-0.7531584862427285,-0.30213518584066007
8663,0.23798678851356042,-0.6014820580968292
8664,-0.4014985105997198,-0.4686274635667962
8665,0.5521526034908183,-0.5607981969394199
8666,-0.10771853649650345,-0.5330941427332146
8667,-0.09825197948241893,-0.6253466077368275
8668,-0.12111887260282081,-0.4651167124953488
8669,-0.1692224718221644,-0.5050545878323182
8670,0.47428828514512966,-0.5935911379256469
8671,-0.36460533630987657,-0.5461225857409114
8672,-1.0908247238032676,-0.25144958620622854
8673,0.012877774045433055,-0.25245634760581326
8674,0.21683842488162847,-0.4289070641897367
8675,-0.25127118580884983,-0.4442187677480008
8676,0.08303174254619261,-0.5380985837323787
8677,-0.5344309980509464,-0.3785145974507946
8678,0.026457163266409622,-0.3936257871979008
8679,-0.3993031252206498,-0.3698125606611196
8680,-0.08794500817955109,-0.5544728860203452
8681,0.3682665532679126,-0.3404617438942244
8682,0.03193460686380423,-0.5168803602774015
8683,-0.37011732916701234,-0.6033862496428246
8684,-0.39252958801212035,-0.5147210870019775
8685,0.6725664664531221,-0.5468731336678849
8686,-0.32183290847760343,-0.5859546563873712
8687,0.49346070946819887,-0.5569399683707735
8688,0.2504218413046362,-0.5544541856550079
8689,0.03487623282843333,-0.4579989454653168
8690,-0.30143860366606223,-0.46872413099925553
8691,0.14631002091420064,-0.4911217353840571
8692,-0.6064103816429078,-0.495838809913168
8693,0.056837618406210544,-0.6265294980914871
8694,-0.17288225473464322,-0.5940742971078784
8695,0.16283336577247548,-0.658902539754112
8696,-0.3143198408488197,-0.6388827874126581
8697,-0.3462315932984822,-0.6443284138278393
8698,-0.12389130803313263,-0.4659741668937826
8699,0.48221718684240533,-0.481812856539296
8700,0.48967206506520145,-0.5581995576186987
8701,-0.22099616948703485,-0.4841963954098542
8702,1.282259937854973,-0.4638201169250662
8703,3.082417406389535,1.726929480221026
8704,0.5256433651637795,-0.006886821631568604
8705,-0.04128957227198188,-0.14238717258976386
8706,-0.2235690268747042,-0.03567707824150724
8707,0.9047434145998599,-0.18208639065212628
8708,-0.8931202128683235,-0.007736383890877899
8709,0.21327786145148026,-0.30386222989195943
8710,0.16141080294448729,-0.10517654350138118
8711,0.565086105153382,0.0005366982132796044
8712,-0.24897455577512054,-0.1936412671943418
8713,-0.2165564119244428,-0.4200152791305869
8714,-0.874025568165717,-0.147754793383722
8715,0.05323063405602946,-0.45046667769519705
8716,0.30999691275502383,-0.42048142751425766
8717,-0.7818290968402952,-0.42853964526884963
8718,0.24581623669161523,-0.5651296554477726
8719,-0.4183695068601637,-0.5207676372437448
8720,-0.13702573936565413,-0.41389710752826686
8721,-0.6306696541747533,-0.4076058835210869
8722,0.03338048915961789,-0.5888993930989321
8723,-0.4704955969619611,-0.44195339972797254
8724,0.5377570989804847,-0.5639972169134252
8725,-0.23201505324042587,-0.5080562280450984
8726,-0.02704260132010461,-0.6294864112295053
8727,-0.3163921216668379,-0.5092485807013656
8728,-0.6346953241028075,-0.42394800121114995
8729,-0.0020085029023760304,-0.5404161901031351
8730,0.3067845382014319,-0.6333990200545727
8731,-0.4622154670540505,-0.5587904208875589
8732,0.11828851253880962,-0.527672968668686
8733,0.1102883956896406,-0.502495214161211
8734,-0.12168088228227542,-0.5953739023560924
8735,-0.2945772115470642,-0.5481735840379788
8736,-0.9902102523830594,-0.24605893475276325
8737,-0.6585912780581192,0.13612161820462587
8738,0.3281562148436389,-0.28621378316053603
8739,0.3806705511667542,-0.47321340270447443
8740,-0.04668378979436921,-0.538129656352299
8741,0.05354422487573496,-0.6078233604918368
8742,-0.2597449386425769,-0.4775822525728019
8743,0.011526189185023239,-0.43870828913331134
8744,-0.519236728366897,-0.4955281903320666
8745,0.0013628171163582725,-0.457871090659704
8746,0.37150772054953185,-0.5397687919142168
8747,-0.04746567572618887,-0.5945930724696745
8748,-0.6543443732752943,-0.4329495144570057
8749,-0.24132445193099716,-0.47209347447862543
8750,0.12305597176706806,-0.5013389934425937
8751,0.1586802075167067,-0.5270347413084049
8752,0.20814568947170253,-0.5525392786296986
8753,-0.02508160564653822,-0.5865474131400159
8754,0.3534968295160903,-0.5130456729516238
8755,0.16472493065787142,-0.393138705987233
8756,-0.13297009646783836,-0.6641816821833816
8757,-0.4281157934647748,-0.5501499555808473
8758,0.0981850276268757,-0.6228976224603413
8759,-0.21050486267773205,-0.5035615253449183
8760,-0.3198403008871413,-0.48630108447271986
8761,-0.36982991223033235,-0.384844802466959
8762,0.456744691876966,-0.4815968397631045
8763,0.8806030492927972,-0.24411665182437575
8764,-0.8588330659650011,-0.33069254532567544
8765,-0.341669394455289,-0.4978642445666209
8766,-0.020702084104009866,0.0427542539899264
8767,-0.12224500244288672,-0.2926649358349391
8768,0.17091272333670326,-0.4750624325145547
8769,-1.6184455274254386,0.3168024231359811
8770,0.2163007203840971,-0.27777384887739065
8771,1.0087876937517968,0.13782358638085251
8772,0.2929789264222534,0.22734811139981687
8773,0.8031039250125733,0.3734918292208041
8774,0.3701578501382271,-0.3227268609457543
8775,-1.03996521651063,-0.22368609194938743
8776,0.692803176359169,-0.533671905291393
8777,0.42482068901026027,-0.4114930050723024
8778,0.2973068952258696,-0.27682921137415234
8779,0.05811658792028551,-0.5496262527577144
8780,-0.09908458258212971,-0.4340388337093637
8781,-0.6339862281874976,-0.40316971576098776
8782,-0.4631979088045794,-0.4320718277326307
8783,0.247407257411966,-0.39743465475900325
8784,-0.5538267985954005,-0.3512693314252913
8785,0.04098986757617151,-0.5502459526427541
8786,0.6813445742789226,-0.40651221498913886
8787,1.049404195209812,-0.21970162055183212
8788,0.03416562033766063,-0.2555147741051236
8789,0.7462059994890955,-0.23079093866185396
8790,-0.29124312994297463,-0.30058065433998243
8791,0.04677418567104452,-0.3158355990248733
8792,-0.14541203572967748,-0.512161389940555
8793,-0.11563038121746705,-0.430958453606513
8794,-0.32360701675344505,-0.3423507626722432
8795,-0.20292386957306674,-0.5212449223227276
8796,-0.009836134792945761,-0.5012573582081956
8797,-0.9101970847156793,-0.3151744463827436
8798,-0.12854658663055935,-0.4848764421361063
8799,0.16416095463950475,-0.5489244242151948
8800,0.10995066787986085,-0.5593712821061994
8801,-0.5718883577649314,-0.38467372714101594
8802,0.487593728683146,-0.5709494381749979
8803,-0.3913093277616113,-0.5550188308016724
8804,0.03280145652012073,-0.548712629647026
8805,-0.3121851902777407,-0.5006947361430468
8806,0.5087730483398846,-0.38998224377772545
8807,-0.7740767176933427,-0.3768584669230391
8808,0.406320313476749,-0.4290315635241801
8809,0.15979266473231313,-0.5664918969663789
8810,0.5549609346048247,-0.4420870511776474
8811,-0.25452807725711846,-0.41115862117521157
8812,-0.371318070964212,-0.40359091861785557
8813,-0.5116819456635004,-0.5023804463699963
8814,-0.07471252054215755,-0.4991887344923193
8815,0.3475353500533286,-0.5660966622396892
8816,-0.5555781840134844,-0.40986074121904287
8817,-0.544221986203939,-0.3457173529286364
8818,-0.014152267973133403,-0.5631936336298734
8819,0.43432849487051195,-0.5368233776135588
8820,-0.21226169214821516,-0.5696358491966258
8821,0.18223228517016776,-0.5232556345330684
8822,-0.3565195177683931,-0.5629848673772886
8823,-0.4341994136073468,-0.53503729602743
8824,-0.22657209040365728,-0.5670900841904486
8825,-0.7601456526077934,-0.3934832823806698
8826,-0.3764821154896436,-0.45677830285136695
8827,-0.40426203665585836,-0.35092000263793455
8828,0.12645962054758997,-0.4545360032334993
8829,0.407230145831907,-0.47722673625165035
8830,-0.46384549139308506,-0.5622300512353837
8831,0.10559350446031879,-0.5773748463439026
8832,0.36507839862325886,-0.588126247497751
8833,-0.050283494117736194,-0.5438686902309555
8834,-0.002139480814158462,-0.5962540093865317
8835,-0.0166966963679476,-0.20948325015121344
8836,-0.007821983678632988,-0.4099434528816719
8837,0.4477784265725038,-0.3089912540649981
8838,-0.9455902759952122,-0.41983322211628166
8839,-0.03478663944956292,-0.38369692171962916
8840,-0.7124501641714341,-0.39106025432965646
8841,-0.13087050791322885,-0.49399413299612
8842,0.15213061307986053,-0.4568560232233341
8843,-0.09323488840433836,-0.4504263928217696
8844,-0.2853961329012472,-0.25030070338862154
8845,0.20333925276115927,-0.5335497424943134
8846,-0.15392648900474465,-0.49925837946047474
8847,-0.23432372425701972,-0.5210631499551618
8848,-0.11629484377196736,-0.41613175892077187
8849,0.26284725139896403,-0.47551246980465683
8850,-0.7649828365319411,-0.48504292449117226
8851,0.3959918365214459,-0.46492773474679777
8852,0.08383612620079811,-0.49618298382664033
8853,0.0036127600558540918,-0.4566360203876761
8854,-0.13575731050371292,-0.5268028380351277
8855,-0.3534739853852871,-0.5267707371663487
8856,-0.14534405748686338,-0.38138506024584423
8857,0.03038550498150755,-0.45946020100739626
8858,-0.4550651271953365,-0.16740625713125273
8859,0.5066810376143505,-0.03477305900982741
8860,-0.6022504478169013,-0.09183848383623103
8861,1.1723361926410076,-0.2607933453416
8862,0.8021226701478643,-0.09016608479860178
8863,-2.316095206583229,0.16965596866440164
8864,-0.8811611484660984,0.11530483940786661
8865,0.20244541644867364,0.2824596315868427
8866,-0.5672739626082067,-0.06062582301329035
8867,0.44451536648410794,-0.4825417482021195
8868,-0.40045083507675067,-0.2995809505039
8869,0.15435027356213,-0.5765990977036882
8870,0.7734270626431792,-0.3445163461607148
8871,-0.3075315826407658,-0.5427278742491795
8872,-0.15092136986171573,-0.4811801879249186
8873,0.12499802047920094,-0.45753297747439364
8874,0.11966266636993111,-0.38163191861847917
8875,-0.12856968391791712,-0.46917473534457227
8876,0.10888633533475334,-0.4582743343263879
8877,0.06845004630307727,-0.5838001594346207
8878,-0.40184194832104286,-0.5116113146726224
8879,-1.135486292491577,-0.07161561014067747
8880,0.12805952988260794,-0.4903560916701894
8881,-0.6182317771683327,-0.22791219574909433
8882,0.8053974918119005,0.09983565916787383
8883,-0.046099133405637954,-0.40953945561977695
8884,-0.7093730988376132,-0.33507960514119356
8885,-0.3512263275787455,-0.5399372957559501
8886,-0.514657603435404,-0.08393109738423526
8887,0.9252961743104158,-0.3523652820931513
8888,0.3270797717818563,-0.5561453478622431
8889,0.11635133680165599,-0.49425321349259466
8890,-0.2942201892583627,-0.5592202881728708
8891,0.6377338637884896,-0.4435565348772097
8892,-0.3244951032252045,-0.5674891040206442
8893,-0.15256486403905262,-0.6244744323112559
8894,-0.12972272628842813,-0.5105178012071773
8895,-0.28226648390474046,-0.5939842074669976
8896,0.40585416482141845,-0.5817584692413356
8897,-0.617042283612898,-0.4857367626087205
8898,-0.744215704549232,-0.39294997685566957
8899,0.44527950621316437,-0.5483371479197047
8900,0.22686205272980825,-0.5923521155049718
8901,0.2700473848638786,-0.6192343721003626
8902,0.12893815676467152,-0.4489346160967483
8903,-0.06509900209525266,-0.5273303709423952
8904,-0.06318018422986416,-0.6331602438304087
8905,-0.8614256594367127,-0.44210352168953365
8906,-0.018215495727379072,-0.58529016712084
8907,0.9751682366929797,0.021054482489967746
8908,0.5314063824754467,-0.47367996508357985
8909,-0.15143360569220704,-0.5693133637544581
8910,-0.4597252807658897,-0.5812176565209544
8911,0.37063592088015085,-0.5446705534605616
8912,-0.2115468565167447,-0.5178202657430302
8913,0.4777257568309963,-0.4833332880800963
8914,0.5439210140120767,-0.42567846495595
8915,0.43277675703739404,-0.40473284930548376
8916,-0.013848573624710814,-0.5150771136806592
8917,-0.014397610532159794,-0.5938659535882239
8918,0.10411790582551017,-0.5850040897138123
8919,0.19717593835642733,-0.5121469981923118
8920,0.07213649370210934,-0.5244651295676697
8921,0.49077524258968985,-0.4903504998069786
8922,-0.3921924610071853,-0.5344478782553521
8923,0.3095553370917199,-0.4370591226816705
8924,0.25602629789111175,-0.5518954004129313
8925,0.20831978943411195,-0.48617310665967695
8926,0.2517559916473656,-0.5343363744729193
8927,-0.4315447423812286,-0.4356463226749099
8928,0.7968093896978461,-0.5036236665308179
8929,0.35512869870701114,-0.41267689258833595
8930,-0.5653649679057922,-0.3199668899281363
8931,-0.2766721820488944,-0.532040296587496
8932,0.5093547150100957,-0.45509613964269235
8933,-0.2192393920573802,-0.6117532205329576
8934,0.6263245104554744,-0.357950709333596
8935,0.41598370501958093,-0.35689782344923665
8936,0.06403656597904361,-0.41382196200065496
8937,-0.13876197336146234,-0.25751022850558153
8938,-0.22336932822368682,-0.38143697571745466
8939,-0.35354728635013655,-0.5118423188589989
8940,0.2422757262542467,-0.47912616842269823
8941,-0.3174203406856395,-0.534751392243066
8942,-0.11402708957841681,-0.5321841593027504
8943,0.28324589658375066,-0.5470704284832094
8944,0.3425488465237516,-0.45185417459397964
8945,0.008385321876411944,-0.44822395792822695
8946,0.1418604623529487,-0.4809379009655794
8947,-0.3650042038668596,-0.5486602524020939
8948,-0.5202424406002184,-0.36629211269677275
8949,-0.262073709181696,-0.47634382475746123
8950,-0.4067977119924018,-0.5306061849301434
8951,-0.22249471489111472,-0.35340778030020464
8952,-0.6312413408213207,-0.4252949191455039
8953,0.47075505840366605,-0.5551381084798545
8954,1.228671056623349,-0.380415729166217
8955,-0.37947667591198353,-0.4959054713323898
8956,0.5660919007863432,-0.46950846220024833
8957,-0.12885874426296212,-0.3073776725605201
8958,0.5240901939565458,-0.23953839242162167
8959,0.07857513402838501,0.24090722592152997
8960,-0.4213148831988118,-0.288386506906947
8961,1.2178815622651569,-0.3074496647299381
8962,1.2381230862034291,2.305016479903106
8963,-0.14209453617935572,-0.055035626827669874
8964,0.48049162367553566,-0.23157857476464916
8965,0.8207706433254016,-0.04902082722188017
8966,2.7619865521390023,1.5922940421827487
8967,-0.39016683768485005,0.6019778214302107
8968,0.5939421612423607,0.8121085139580415
8969,0.43587836162875426,0.5182740228253402
8970,-0.07076980415093115,0.02558132906480115
8971,-0.3585458661415996,0.1896041891476895
8972,-1.3645804908755172,0.7682602317718364
8973,-0.02937690755407535,-0.2218803800209007
8974,0.0884737741041845,-0.22660756280664668
8975,0.5033613934054564,-0.32903702929269013
8976,0.03535405740653286,-0.15651333044439397
8977,0.2725376095119618,-0.12329162761114694
8978,-0.4474829897713563,-0.14560854825827102
8979,0.21949858190913457,-0.321740542670712
8980,-0.6799362506352473,-0.13984338708004146
8981,0.8725751527903314,-0.1223946759245712
8982,-0.10633011644099544,-0.2032956188767321
8983,0.3517065748483237,-0.13799145058358453
8984,-0.5709318779266258,-0.4064443757491533
8985,-0.7135142397680898,-0.3281659368726204
8986,0.3965342350949579,-0.24588907917313046
8987,-0.524445880393971,-0.2688083346457375
8988,0.09696140371679224,-0.3249883257215593
8989,0.42176499372372633,-0.2616520816548999
8990,-0.4580831288282211,-0.05075375057599901
8991,-0.00821870219991494,-0.5634843981920473
8992,-0.1130155766603601,-0.3425749800744668
8993,-0.3831852930240428,-0.5420793630741467
8994,-0.39852502118460753,-0.4698445481272697
8995,-0.685808276472891,-0.056040532684670366
8996,-1.0732090528959457,-0.0693595015215978
8997,0.24685298213564089,-0.18745828281628252
8998,0.40244723765830825,-0.25551864091107174
8999,-0.29549392288228626,-0.5308976677164564
9000,0.924974675490114,-0.38358887085167104
9001,-0.40599327333562857,-0.5412859702548307
9002,-0.12118973277808398,-0.4700223690707766
9003,0.7011079011728905,-0.37036680664148197
9004,-0.2560093520109991,-0.5106859305962942
9005,0.2373180628927834,-0.4872507744937353
9006,-0.7424140426598107,-0.5186428181392129
9007,-0.8343657661299199,-0.389758473782272
9008,-0.3113438215441577,-0.5395235779722293
9009,0.714823979874093,-0.4757433236192835
9010,-0.2280877551909573,-0.6094555496787186
9011,0.4260033934751464,-0.44775875127610004
9012,0.04366559666788028,-0.5851942499551639
9013,-0.5700268583637443,-0.5278806868951532
9014,0.5578660040188949,-0.44786329452995116
9015,0.3768873695544871,-0.6014121208743487
9016,-0.13757236557504163,-0.5323465702938089
9017,0.04315783227550579,-0.5020973105664689
9018,0.8823599095673231,-0.18583841021752934
9019,0.32729615771128917,-0.24296456775293146
9020,0.42173092086037167,-0.24592745696410795
9021,0.244781275157131,-0.30038412534595105
9022,-0.42965536072576577,-0.30043938681055293
9023,0.6406516550048683,-0.30129867260223225
9024,0.09685825758432454,-0.3379636909977652
9025,0.01282537452490945,-0.4281609273230836
9026,-0.5481703772758902,-0.3081921638881518
9027,0.33739411021950694,-0.38146554427948803
9028,0.060082218725955816,-0.2670716890102439
9029,0.17325830574592738,-0.2731357411376869
9030,-0.20087253196987542,-0.23998343678171685
9031,0.41603250206414666,-0.30665323966791375
9032,0.09802715046766314,-0.2525495944959776
9033,-0.9058260506556373,-0.30304203692592313
9034,0.7749800519522163,-0.37189210201574135
9035,0.31314328900033805,-0.1470379234886955
9036,0.8610522764123785,-0.04139299554862379
9037,-0.7349711775115013,-0.0250519697132415
9038,-0.14811729014172959,-0.40977626834496544
9039,-0.6635421345386905,-0.027583318760905723
9040,-0.002755974851558679,-0.3800891729039152
9041,0.060896125705153736,-0.5498003126368199
9042,-0.47597734730438646,-0.3660055136920389
9043,-0.39487687269541255,-0.4756426362207977
9044,0.20345774438341868,-0.42786403430603126
9045,-0.051544205191595,-0.5606186490381805
9046,0.19453091176231396,-0.1776458422758611
9047,0.34389344605884187,-0.43935834821487785
9048,-2.7719207934421073,1.8154156112838173
9049,0.5544397793375929,0.04496018399632026
9050,0.199127231446956,0.03596268793628883
9051,-0.3614388599865248,-0.43761650529771384
9052,2.368901188558403,0.618559677497668
9053,0.6575483484796693,0.20339729786797767
9054,-1.3151081964360924,0.46628019856773834
9055,-0.47515404458048427,-0.12887018398627384
9056,-0.14385465829810937,0.2160464697920927
9057,-0.4143835551034525,-0.4260595565497022
9058,-1.1695445859984486,0.1335680590762413
9059,-0.28818202986564156,-0.265449521410264
9060,-1.3429204735615774,0.6746326843426229
9061,-0.8293549087606495,-0.11292181737243152
9062,0.8194068123233764,-0.14204671230583824
9063,-0.6051614585218785,-0.32986008851472454
9064,0.47496279786517814,-0.5137827557346042
9065,0.05790765751825033,-0.2509989930143299
9066,0.8383015824416522,-0.5235221832858066
9067,-0.4685719825714713,-0.4540739818842167
9068,0.17549893551521079,-0.5809171808943906
9069,0.09921105186152795,-0.6244720019106886
9070,-0.03967058787656258,-0.43094177455460686
9071,0.5635920102801052,-0.5339216679536648
9072,-0.025804443579327097,-0.5567367386073008
9073,0.014455428896745115,-0.5730801700859496
9074,0.2635656502646232,-0.5806298240829743
9075,0.25028097980547487,-0.5436666122659746
9076,-0.19121707278659375,-0.5327493246176803
9077,-0.17566205907283203,-0.6575590336336697
9078,0.23827321290098347,-0.538522119336534
9079,0.232538192535243,-0.6673307642997688
9080,0.1398188556866673,-0.6140975408793454
9081,-0.08841481406360069,-0.5043315860325033
9082,-0.4190073457583881,-0.4377971300415025
9083,-0.05228323908989718,-0.5867492156856573
9084,-0.0848103761583178,-0.6385630791219478
9085,0.15160625146313506,-0.552683209045722
9086,-0.08864244035638047,-0.5775753318587279
9087,-0.25816597815135434,-0.523411686219269
9088,0.023225105127873458,-0.6440365715339268
9089,0.17002696990084082,-0.5518768748456362
9090,-0.3578838916081244,-0.5453482717021692
9091,-0.3615839139868158,-0.5192298749114284
9092,-0.09815331411820422,-0.6750682312779206
9093,0.1733953634717489,-0.6269636136958294
9094,0.19680061069375032,-0.5605751131355416
9095,-0.532698791501895,-0.48309506030388
9096,0.5115217874666595,-0.512761611219583
9097,-0.5170696361325431,-0.5482107541821207
9098,0.4727988953102348,-0.6065198252940088
9099,0.09375115282396917,-0.5866062176504244
9100,-0.4394198391508227,-0.5399767464923778
9101,-0.09516609827272202,-0.6248243849120103
9102,-0.4921054087422756,-0.4196670668487456
9103,0.011232508197282942,-0.5203316831029394
9104,-1.2027682621801352,-0.31682169661372545
9105,0.1816406926808496,-0.3770186913156785
9106,0.2832874978626594,-0.4977034532372607
9107,0.5185244409951699,-0.4746398306511108
9108,-0.11626645366038396,-0.5871535768085275
9109,-0.3446463918965232,-0.5950122897100997
9110,0.06058514554037958,-0.6940170942366424
9111,-0.3639448087119295,-0.5778735656885474
9112,-0.5585607873910261,-0.3656710368255268
9113,-0.4388490441900901,-0.3918110755754262
9114,0.4504670329273439,-0.4314048494970371
9115,0.050648069685931274,-0.6132615911821766
9116,0.14317889932281258,-0.4948315882509484
9117,-0.3761726454663757,-0.40572394872769957
9118,-1.1090626235835443,-0.18420677211208347
9119,-0.030197639521250125,-0.4626820727522713
9120,0.2399723725471934,-0.4420721321760768
9121,0.07473379817779802,-0.607805922520906
9122,-0.8224428164272188,-0.35245199237563496
9123,-0.5160388847890047,-0.3169208013025233
9124,-0.14649932532641557,-0.14446768032909774
9125,-0.531010545980671,-0.2222768612481873
9126,-0.9751164961151715,0.09902151856910284
9127,1.3137631605416074,-0.10246477750436271
9128,0.6196737826903386,-0.3236475682176706
9129,-0.3806183595725056,-0.5654502035341002
9130,0.40092016656565455,-0.47917520123290896
9131,0.34655451603310183,-0.44050531911169943
9132,-0.04897599514069306,-0.5045116107350837
9133,-0.2150387172145107,-0.4780701173046953
9134,-0.11504895127532552,-0.5984325627134677
9135,-0.31886373282412883,-0.6189738274063826
9136,-0.1833049375138474,-0.570519716349184
9137,-0.06135500128785154,-0.5932264223770458
9138,0.2805051620849195,-0.5243636441251217
9139,0.3234735902152033,-0.5320161062402162
9140,-0.23647432717783068,-0.6059861909593889
9141,-0.3209083968565352,-0.54822848116219
9142,0.09020060696678756,-0.5236286757324213
9143,0.08270554635862926,-0.5390495453921574
9144,-0.5477820188019086,-0.5344462645601039
9145,-0.11634300395926941,-0.4860595496999604
9146,-0.5798178354935366,-0.4069953413539918
9147,-0.1848304144674722,-0.2305335508766232
9148,-0.8200199560920978,-0.05452344251346346
9149,-1.0437298296069684,0.20923234415094621
9150,-0.7980378722995252,0.5668939084727391
9151,1.1312113049236572,0.2905818022975598
9152,-0.09016436848983506,-0.21303691245584405
9153,-0.509900169310084,-0.38489240842581
9154,-0.7796582745823597,-0.361953434282451
9155,-0.24027426453561593,-0.0011830223523029842
9156,-0.24993566438766113,-0.21694633157986665
9157,-0.2944114565238689,-0.351308055529055
9158,-0.7626089863763973,0.4857579993326762
9159,0.1114557342021355,0.052783901306488426
9160,0.060576650848596425,-0.13478336082047415
9161,0.41537398523670177,-0.37101042096633396
9162,0.026415197795071343,-0.373657944190206
9163,0.2375242790589157,-0.4833037836585756
9164,0.325474130883305,-0.3195477608512816
9165,0.32895675875542807,-0.46321016054869507
9166,-0.5141251260393882,-0.24706443070469125
9167,-0.6083871143569972,-0.47448996473967947
9168,0.32313871916339587,-0.5041799648776376
9169,-0.5569231153252139,-0.35779269267279457
9170,0.49660420439412334,-0.4223546422623086
9171,-1.186892483254689,-0.3954683836539324
9172,0.8480809244803491,-0.5735075441426307
9173,-0.2539963408325851,-0.626671997856519
9174,0.6504982248469429,-0.6019018129556409
9175,0.08767465771348176,-0.4426811651375808
9176,0.4993712856193736,-0.7183186411148876
9177,-0.1506220748894575,-0.5475817761191435
9178,-0.2863984754500147,-0.5421363691462869
9179,0.37287257264721585,-0.5483394710913204
9180,-0.06693253408965877,-0.6443794834351648
9181,0.2998831827810451,-0.5955086435958982
9182,0.48516926408553496,-0.4870209911474987
9183,0.21405900030766273,-0.5414727147264844
9184,0.39294184454704073,-0.43582659834523213
9185,0.13007144341749027,-0.614910484486606
9186,-0.5818247273835633,-0.4050353185493965
9187,-0.26277000587801413,-0.5802226709198903
9188,-0.49471207334006895,-0.5127906900599518
9189,0.11182279720207805,-0.6376650410379064
9190,0.2784947939850887,-0.46338990809682123
9191,0.3657700328907656,-0.5135641784369946
9192,0.13466229485757808,-0.5730123222034076
9193,-0.08331591487314985,-0.5845313770159652
9194,-0.3760452548686857,-0.5871537165141105
9195,-0.513699636958643,-0.5691407850580291
9196,0.0508724894581265,-0.5871883721233315
9197,0.18847520752788705,-0.650985299153539
9198,-0.30293862507280533,-0.6122266878845553
9199,-0.43278461163402476,-0.6113937054164198
9200,0.36210558684575234,-0.46700322768481706
9201,0.3557995286791168,-0.6644530131281148
9202,0.23507787419450987,-0.71027641906353
9203,0.34179142736222257,-0.595366584860002
9204,-0.16476930829118283,-0.46270873740793556
9205,0.17556455468810805,-0.6404078323854416
9206,-0.40078298150390945,-0.5662176177000433
9207,0.9332215174432423,-0.5353264741692157
9208,-0.5669252472831725,-0.5768899745677621
9209,-0.47624971278917394,-0.6120491667619306
9210,0.004460427050266558,-0.5831060507076465
9211,0.15881783443316827,-0.6301765590310615
9212,-0.2515984828624528,-0.6500871753490167
9213,0.42339152937000446,-0.5851196027719832
9214,-0.14797861565879794,-0.6353079310722063
9215,0.5291244821018681,-0.4898211644839191
9216,-0.0842209553065397,-0.5987154858460195
9217,0.28223471751482543,-0.523081401294127
9218,-0.400951920597306,-0.35240520569007394
9219,0.04173985879757369,-0.5928891168127484
9220,-0.4508473726062109,-0.5127856832567854
9221,-0.018058853916009865,-0.5836582290708496
9222,0.307720281417016,-0.5191127197865445
9223,-0.35488134561526374,-0.54017847702944
9224,-0.49753498737905,-0.42618978454341366
9225,0.1328555315589356,-0.5491623760250818
9226,-0.44854892676641106,-0.5771135982566061
9227,-0.08119114291576196,-0.6268243062653701
9228,0.18407740980818543,-0.5933237914115373
9229,0.6856669459478304,-0.49310199258855775
9230,-0.06691859474870487,-0.5668423396296035
9231,0.051337012101042856,-0.6231060565637159
9232,-0.06092516670222978,-0.6390706172004447
9233,-0.3466142477148981,-0.5713951142794373
9234,0.263254910233624,-0.6022640330395942
9235,0.27081016959443827,-0.6295291628685352
9236,0.059153031138414025,-0.5856439278431607
9237,-0.38148268595292023,-0.6190027984242574
9238,-0.3437877295810904,-0.5948937630474943
9239,-0.2484564845177849,-0.6194435011508682
9240,0.2754999845686402,-0.6166088020390065
9241,0.266495151499212,-0.6441712492603654
9242,-0.19334637121242648,-0.6229345915163871
9243,0.31771696355551815,-0.5881258869246723
9244,-0.24464365952721462,-0.5752250573196434
9245,-0.29871539571799977,-0.6175630796751175
9246,-0.034355599046111046,-0.6672998089069575
9247,0.1512433086305789,-0.5529778965755733
9248,-0.22506722435944476,-0.6205353092278882
9249,0.22598310156436574,-0.5940029436344054
9250,-0.07659774302669961,-0.559214143431517
9251,-0.38730647282875386,-0.6272086767150353
9252,-0.11961132766477314,-0.6981257869155625
9253,-0.12690604897350877,-0.5847118185038996
9254,0.11654576437073688,-0.5336960914085467
9255,-0.4432341891372643,-0.6074179422849616
9256,-0.482735827491397,-0.4828126522914901
9257,0.6393547325553754,-0.45951889508837446
9258,-0.40227849123303416,-0.541606658620902
9259,-0.19249597037301508,-0.618770315821278
9260,0.2032706120151574,-0.6517304189981222
9261,0.21678961166966892,-0.6108886010315391
9262,-0.4842082348768394,-0.5768526433969446
9263,-0.4252074989332001,-0.5158928928070229
9264,0.16776655758186798,-0.6485211417406999
9265,-0.1563729744271985,-0.6058009026013134
9266,-0.2589840475912351,-0.6657124334381275
9267,0.6542711560728381,-0.47749105598323155
9268,0.24431412159100308,-0.6910257846090955
9269,0.11837243414142107,-0.6160235365613115
9270,-0.2850007269886317,-0.5226315367360561
9271,-0.26111482400897185,-0.6525994125572947
9272,0.36207623428773583,-0.6542458000870743
9273,0.2653145010554855,-0.618951546853981
9274,-0.3169864297210202,-0.5720774951856527
9275,0.19785513809074506,-0.634177055262849
9276,0.13073141016490575,-0.6531822149720479
9277,-0.05010990525944961,-0.7017028653811725
9278,-0.20317560398885065,-0.5895234701247026
9279,0.09314204599912701,-0.6836459681051219
9280,0.1383418192013003,-0.6766747200222679
9281,0.17062905484400198,-0.672011149901671
9282,0.19242997530974704,-0.6232839915946777
9283,-0.2914423097541293,-0.5901632033491317
9284,-0.04117488297951061,-0.681332984852595
9285,-0.04435889198228973,-0.6154317948384629
9286,-0.29912956623908105,-0.6168532735866972
9287,0.2392047174811915,-0.6384111010463114
9288,0.01887594778864099,-0.6804715320577321
9289,-0.01685846401305252,-0.6512971939729956
9290,-0.31311789361265663,-0.5968917931668931
9291,-0.3504470864355571,-0.5803922457118124
9292,0.15587873314835532,-0.6237088593365423
9293,0.09130697836085083,-0.6627360676160029
9294,0.1122916453569418,-0.6279792838673768
9295,-0.37656202548169365,-0.5948399875898891
9296,-0.18046561227002425,-0.6297339864901575
9297,-0.34483876846648404,-0.6649878257051897
9298,0.09175246748787136,-0.6762159830891229
9299,-0.23078357165452862,-0.6089718083319445
9300,0.12391343084966894,-0.6929601428052612
9301,0.16598548436836957,-0.6068883623052388
9302,0.21037159666249194,-0.6081894316990912
9303,-0.3845612838056012,-0.5992322595494594
9304,-0.007724407158419516,-0.6887015621223241
9305,-0.13139039817374815,-0.709687355939857
9306,-0.0996616692968752,-0.6838555326966459
9307,0.08925653713849846,-0.6684149642458661
9308,-0.2697526209187181,-0.6211204424199273
9309,-0.034020061978543514,-0.7003433900228695
9310,0.3286577474979091,-0.6245086864640372
9311,0.1986139367807377,-0.5405940772440013
9312,0.11817161940721271,-0.5641864711542035
9313,0.00031377788502504056,-0.6508492847642688
9314,0.01560471423512022,-0.7057259044425763
9315,-0.054141471966488997,-0.6140419562860179
9316,-0.3236251918348473,-0.6027452953217252
9317,-0.08784099952421862,-0.6392366803511327
9318,-0.25695020189195605,-0.6490676195304729
9319,-0.2655408056273595,-0.5321039064616414
9320,0.49334267127625564,-0.5128153805342247
9321,0.08159979058540612,-0.5857447357173874
9322,0.1317504169636039,-0.5853867305233503
9323,-0.11711766198666645,-0.6863785120189583
9324,0.09469315319615673,-0.574469527821331
9325,-0.6807449607427125,-0.446802501858105
9326,0.16308928515588222,-0.4585722959385014
9327,0.28229859943392555,-0.5095548394545449
9328,0.3708928311499303,-0.46666080101939184
9329,-0.019860695943796552,-0.618346310076156
9330,-0.1577017817733969,-0.49371563224915754
9331,0.12837698123752983,-0.6222655011570614
9332,0.20997823246475972,-0.5978245173233008
9333,0.1974181140608149,-0.6007415905449959
9334,-0.21799907393548035,-0.5221784274448572
9335,0.049554358053722325,-0.5527404986293935
9336,0.40750597650362863,-0.5220448547136068
9337,0.5661351477877532,-0.22273489249391454
9338,-0.059016483802797726,-0.46474917386203185
9339,0.6909786541474278,-0.3615354471813624
9340,0.8237988866406527,0.8528934518044142
9341,0.39800620572529843,0.19345386632955736
9342,-0.2572045244843879,0.04098610148130623
9343,0.14172672498293115,-0.25287066409465764
9344,-0.6189926299568397,-0.019221253772043326
9345,0.6597652365170625,-0.3073385906981984
9346,0.21015481267577285,-0.2029809271957586
9347,-0.33846964626286824,-0.5178105344267114
9348,-0.16246274028707863,-0.49067500024902266
9349,0.43765638823563924,-0.5326037267686817
9350,-0.25587369259719916,-0.33795420726132275
9351,0.2752023945544281,-0.5163879402054806
9352,-0.2473409336606175,-0.584718357354026
9353,0.33439241733562264,-0.6834169682868164
9354,-0.5186383963925998,-0.4930049621819616
9355,0.2063273625813975,-0.546243240450417
9356,0.15626068556356165,-0.5752326721928398
9357,-0.2571247867809009,-0.5872490422288748
9358,-0.33803561309805114,-0.5613179959897634
9359,-0.9440384157473856,-0.33799058457765213
9360,-0.5883719699331105,-0.4120022006824237
9361,0.2277861436350357,-0.496052171381765
9362,0.39865107111343345,-0.5190467191490611
9363,-0.1981494392425623,-0.6641069840474512
9364,-0.4436521986145522,-0.6011998744298236
9365,0.5350890983247079,-0.4816529094371574
9366,0.7626449626049507,-0.4769492160579377
9367,-0.31727174595439545,-0.5463033478315777
9368,0.317050403355713,-0.5488646978414874
9369,-0.40465850534669234,-0.5934690868934565
9370,0.8079353010214114,-0.5531202469205542
9371,1.0008368151943128,-0.44305596959593313
9372,0.6994107170589701,0.4130734150922846
9373,-0.8314396318033876,-0.29734542760620314
9374,1.020837661106761,0.07303455517354616
9375,-0.053555927505890055,-0.37468224056063254
9376,-0.4470747085249872,-0.3688115846469103
9377,-0.31128895128783807,-0.5985380900265329
9378,-0.3725609462823787,-0.2793307558624977
9379,-0.5837778709839182,-0.41758737576982174
9380,0.3637821460017071,-0.5691879585614589
9381,0.11290027193971724,-0.6128179625824902
9382,0.10837259357262208,-0.5830020665468836
9383,-0.8570495485209417,-0.516006577164152
9384,-0.5253129989648966,-0.43314886500816246
9385,0.1812597925067146,-0.5706807888414837
9386,-0.4887931609164543,-0.5858228929851659
9387,0.3511146651626753,-0.5349270921604538
9388,0.2991720641647879,-0.6464378756284679
9389,0.10136552463935478,-0.7104459885941294
9390,1.2713494448656757,-0.3908813290540377
9391,0.15397334824438724,-0.4816994485128712
9392,0.3673196071444793,-0.5663723920821012
9393,-0.6099409705599821,-0.4917804087603135
9394,0.16090103606078676,-0.5586752478203665
9395,0.5417109606458833,-0.40830126166988984
9396,-0.4120652977380568,-0.5249435070231553
9397,-0.5582047182055976,-0.5605351592718073
9398,0.0018337029014095785,-0.5032296257904154
9399,-0.28078891829207736,-0.5679877249228166
9400,-0.22000532798722786,-0.601525935737887
9401,-0.07554314633766768,-0.6536430889449321
9402,0.013297351169982652,-0.6170464153367246
9403,-0.1793160235181319,-0.6175663393763529
9404,0.20043320563271183,-0.4497281147966303
9405,-0.2506888916361262,-0.5873440646127617
9406,0.09444012087541154,-0.5356429397610586
9407,0.14444356649204482,-0.6966746628006677
9408,-1.101532216263084,-0.43559933979974846
9409,-0.09127861272476062,-0.5227896965023004
9410,0.47178804838722954,-0.24731976617569085
9411,0.0829572218610587,-0.574171138294458
9412,0.09910850638936242,-0.52292840082636
9413,0.4614316422761303,-0.30107089567676254
9414,-0.3757203538852544,-0.43906328771855613
9415,-0.04247549296970288,-0.5540060761757388
9416,0.38473933942853855,-0.5598908482400281
9417,-0.09588239259735731,-0.5914453974672382
9418,-0.37530826784718757,-0.5322565842481837
9419,-0.2615585895097703,-0.5769539083600485
9420,0.10185986781642059,-0.5150842943222196
9421,-0.27928594978785704,-0.5283107471294537
9422,-0.09334939099454148,-0.3931297076325538
9423,-0.17349523328098954,-0.41248885844907374
9424,0.26629463110228135,-0.5199641900597113
9425,-0.30276229993404014,-0.500036361015007
9426,0.041869296725969396,-0.5078313615216214
9427,0.2629982317550359,-0.4741745363485573
9428,-0.04349680298726627,-0.4712246169506977
9429,-0.37463262534870523,-0.5898256402665274
9430,-0.5973700015050033,-0.477766235266466
9431,-0.4168205265140504,-0.19658548803556525
9432,0.29321378009578747,-0.3851121876850348
9433,-0.31569720752892594,-0.4546521160417986
9434,-0.06391423876868729,-0.49088292114709914
9435,0.7005487140458839,-0.04831881496733631
9436,-0.6730178398499443,-0.33494280444832025
9437,1.479686101499535,-0.18582666945547
9438,-1.0587194453955522,0.2365645487373202
9439,-0.04231741929716987,-0.3796638492549676
9440,-0.5183638800747403,-0.2414936319579366
9441,-0.10632211600520705,-0.4906162440826355
9442,0.628748964175375,-0.3818653420098573
9443,0.10254092255547798,-0.3888333489203939
9444,-0.3852317231343201,-0.4699302135951458
9445,-0.5263426734971061,-0.30581741919296684
9446,0.08592448757295745,-0.4154988806732816
9447,-0.8020276537212785,0.4081112222870024
9448,0.5062706760853815,-0.43232669286130454
9449,-1.1212800272474504,-0.24964196974459074
9450,0.37213441168284733,-0.22946887333096944
9451,0.1591907248394347,-0.48030445237693464
9452,-0.33703479971615946,-0.39699605564231866
9453,0.016638407566485824,-0.48668993368771757
9454,0.28639104353549194,-0.5549059398391321
9455,-1.7269274299108774,0.2356604532359743
9456,0.6254737846485103,-0.3468194472765009
9457,0.7391946144720081,-0.48513229792304696
9458,0.2977751942083028,-0.36390561639514746
9459,0.5241586218608101,-0.38912036170160264
9460,-0.5253629649915801,-0.4581963214374861
9461,-0.108072293292786,-0.40298246649719577
9462,-0.9509122465283759,-0.3988894553900029
9463,0.12478813713365589,-0.45852766976147497
9464,0.046764170055241805,-0.5575042523748663
9465,-0.4735782444274433,-0.5319354465442513
9466,0.0711534308548521,-0.5315281845932589
9467,-0.7948333033488584,-0.33795242215141214
9468,1.1573526241024465,-0.3334690159502149
9469,0.27889327773580186,-0.5236833607499981
9470,-0.4213274622861645,-0.43097502268590665
9471,-0.4801533459427162,-0.5242004108228613
9472,0.6008412797564173,-0.47519685319199895
9473,-0.21113367640990005,-0.6620245635017912
9474,0.5528908865209679,-0.5153573866800544
9475,-0.11561018233625836,-0.586315563435603
9476,0.1321416945297521,-0.5703173613522794
9477,0.2555273682680773,-0.5546407485874756
9478,0.2608499055396549,-0.4662197687073338
9479,0.4614420298713586,-0.4074103401944849
9480,0.14367982947868352,-0.4968955066031085
9481,-1.00684806025107,-0.012115592733735789
9482,-0.39286603806073467,-0.47846442616311374
9483,-0.46167862185920794,-0.567205092037686
9484,-0.39154374599502884,-0.5173785872491125
9485,-0.2579676731181123,-0.4860145859744433
9486,-0.30713899638031755,-0.34944288860204614
9487,0.8128515194856067,-0.273495437337406
9488,-0.9135597371314279,-0.061164952851780266
9489,-0.04720987856508718,-0.5843125632254031
9490,0.27509583565042994,-0.6149669062300264
9491,0.46093302454411655,-0.5044178699472973
9492,0.14910678563723023,-0.6377374297457336
9493,-0.12617835573533348,-0.6164576457222775
9494,-0.4019213584696691,-0.5880299729596039
9495,0.03770346154011983,-0.7049725606764625
9496,0.3957694665047933,-0.6042623517578719
9497,0.09966775506403958,-0.6619092701542034
9498,-0.23136173551917597,-0.6602022867580455
9499,0.3441610263923782,-0.6526209413841801
9500,0.11123471866564805,-0.6341505016734703
9501,0.017397364980757946,-0.4950753530953294
9502,0.04308417172445261,-0.6522653865102683
9503,-0.486899544412839,-0.415996357926513
9504,0.451602265764497,-0.391400000081954
9505,-0.17658755402068085,-0.5460767861414787
9506,-0.41635882184584316,-0.4875284477767999
9507,0.17276886583994555,-0.47768397728995504
9508,0.2709433888424384,-0.5511693815894769
9509,0.5785480384458066,-0.47309426222877365
9510,0.248813243086005,-0.4953889008124521
9511,-0.3850242347732431,-0.4918729719295903
9512,-0.46144300207073774,-0.5166508245666849
9513,-0.007128590054708062,-0.5719557483963813
9514,0.3505832143034655,-0.5455853987658655
9515,0.21491073374535447,-0.5855302152349156
9516,0.33689040904059264,-0.4685423783548279
9517,-0.232968529737447,-0.5168633262781562
9518,0.3598823292545842,-0.3998520391650451
9519,0.14103262409964767,-0.40028149691565545
9520,0.7011528636031005,-0.3221824248851977
9521,-0.12025439800365689,-0.5066902028372043
9522,0.3430179792114709,-0.18293626589333298
9523,-0.04638500400187373,-0.5505270447868786
9524,0.07156869026608098,-0.44536368610699556
9525,-0.4385460194039651,-0.4681403410466169
9526,0.26581703789008504,-0.528002635255101
9527,-0.43582417643931737,-0.5132689979257938
9528,0.18162028471645947,-0.5530900215860893
9529,0.646851077348588,-0.34168470694419373
9530,-0.45409599973067094,-0.579444811129993
9531,-0.0634365750589459,-0.5162962499214805
9532,0.18658147291588723,-0.3797480096353593
9533,0.031178489333613224,-0.1616735518848381
9534,-1.3254527853087252,-0.045411895061132704
9535,-0.5256024214936539,-0.4646810697448076
9536,0.42844922797576124,-0.5553173266131984
9537,-1.2070347336181033,-0.1867428193123183
9538,0.33347143063952733,-0.5072320792926306
9539,-0.591855332906096,-0.4700429006790113
9540,0.24299325783217274,-0.5472179012008962
9541,-0.1401788472368919,-0.5330302165125208
9542,-0.368128511164608,-0.6109678431202599
9543,1.1153606579301,-0.38825159660903324
9544,-0.32458002308754424,-0.4986073986173754
9545,0.23591300859384712,-0.5730022288349077
9546,1.602754093932447,-0.33943102223659377
9547,0.47404318251166644,0.8278679557913482
9548,-0.5526911910789198,-0.2832394643549125
9549,0.5253177618634362,-0.08521068019253053
9550,0.4051368041228861,-0.42108015089241596
9551,-0.3027482801506214,-0.5276440653634238
9552,-0.010130489712868285,-0.49381943032184666
9553,0.39336722270506685,-0.47144222465442254
9554,-0.6890916449564494,-0.4095535430989367
9555,-0.007581580174773006,-0.4898693660890612
9556,-0.752090837932828,-0.4701467165708538
9557,0.10404815457228378,-0.5089806169920537
9558,-0.34593576267171566,-0.5307750013655714
9559,0.4250271457191279,-0.4973890533710316
9560,-0.46487049937279906,-0.61162006427832
9561,-0.8957428375186607,-0.4420843167893997
9562,0.48376455407853824,-0.525450459937138
9563,-0.0010763673630708182,-0.5836921947219005
9564,0.5238987797309873,-0.5407663032111595
9565,0.037035437872184995,-0.538810739842826
9566,-0.19068872110685609,-0.5322937842151471
9567,-0.02701244742983938,-0.6787189303871322
9568,0.21931751346151146,-0.6305076305512416
9569,-0.023124230727656847,-0.6652254058331221
9570,0.05804725804755295,-0.6035238383115172
9571,-0.4440469348892744,-0.5848415315702259
9572,0.31511451786723677,-0.6118993131755791
9573,-0.09013050584228358,-0.6431802729601497
9574,-0.373062684941578,-0.5979663766264791
9575,-0.2637020461892136,-0.6042605455494938
9576,0.22347724915040357,-0.6724978358821074
9577,0.1365260913589793,-0.5701744298795492
9578,0.6018718140196708,-0.48584053421708706
9579,-1.0909033870789342,-0.4946792845014787
9580,-0.16438434316255468,-0.5845008438782133
9581,0.22988097201040647,-0.6613750475452456
9582,0.27650748158573957,-0.629656578269276
9583,-0.31508319983137045,-0.5799488094766406
9584,0.27921124264685715,-0.5116234017686709
9585,-0.3118150299635709,-0.5461349941278728
9586,-0.39337511934751507,-0.5484447847063453
9587,-0.04171139222877093,-0.5697327093197292
9588,-0.2999122182120063,-0.5527843076640221
9589,-0.019409676805489495,-0.6211879489913698
9590,-0.1000941962548953,-0.6467139228259065
9591,0.08622749926473511,-0.6579276012168205
9592,0.39899890033178975,-0.56327430323285
9593,0.3700189349511447,-0.5411825691172436
9594,-0.08378695117659316,-0.5478506507199904
9595,-0.11126089986629711,-0.6019699241841835
9596,1.5789139649321648,0.6943701433032308
9597,-0.6016358430641919,-0.04110954032303807
9598,-0.17192936765944516,-0.45242062020213425
9599,-0.11087837291878244,-0.4893766909745855
9600,-0.2179516168298895,-0.556693153413333
9601,0.5088770846761794,-0.4748115117985336
9602,-0.44854490450659124,-0.467286971130841
9603,0.1361726190180893,-0.5636214817552857
9604,-0.4104448368699675,-0.5722918629285503
9605,0.3119845150973205,-0.4792902654521754
9606,0.05586181060050549,-0.6439263775912234
9607,-0.09535582699080247,-0.45118929758465365
9608,-0.07656281508463467,-0.5689266257184268
9609,-0.3427083594876025,-0.5178461588287377
9610,-0.46488165081810984,-0.5046343720165412
9611,0.24692453501603584,-0.4904081525773706
9612,0.13508696919503715,-0.5648078279986385
9613,0.20915722486080446,-0.43133935746058194
9614,0.07564186708196557,-0.4393600980272149
9615,-0.052168534181557036,-0.5659784571592438
9616,0.5050471052655228,-0.42879822823747576
9617,0.09803142455505504,-0.5095690206295829
9618,0.28004713063681785,-0.37630173087630353
9619,-0.062053090281874806,-0.3255681096444665
9620,0.12573938011733032,-0.33473557900655915
9621,0.08796972316421431,-0.1415983414153495
9622,0.7421656227032463,0.31616156989961497
9623,0.24858448426034974,0.04638502110378803
9624,-0.07603093754658352,-0.1350648961910937
9625,-0.4103740706333383,-0.1029507614538045
9626,0.9004260319983386,0.13042154311192183
9627,-0.8127332942382458,0.003153324657967707
9628,-0.0782336923123973,0.06167722989146092
9629,-0.6516467723713425,0.14563350946370268
9630,0.16670797525331615,-0.16657514848307603
9631,-1.0106334217628739,-0.17903843286833748
9632,-0.7838832650636766,0.31767449208605
9633,0.8069842122956499,0.6403956303770052
9634,-0.35248114587017315,-0.056911893194618784
9635,0.8891029546031648,-0.38966749203297946
9636,-0.2983551794457605,-0.2883549862813033
9637,0.38969646603306685,-0.45790272066528503
9638,0.443744767927567,-0.3160183194362429
9639,-0.09638170824282205,-0.3573340452185911
9640,0.1761939389676252,-0.4582715272868538
9641,0.24622421228387747,-0.46456074496880545
9642,-0.5116173082706499,-0.42718188049865896
9643,-0.5626269983485317,-0.23981810719543334
9644,-0.10649086351675419,-0.45090418585728986
9645,0.21367414548119273,-0.4518473855218039
9646,1.7180070412499604,0.3629977405020244
9647,0.2828511577566898,-0.36030628116322627
9648,-0.7714194611532755,-0.2203402841541084
9649,0.41276644198154266,-0.6265301135297674
9650,0.48647095059762324,-0.4995001386227389
9651,1.6841929131884819,0.4438740974373601
9652,1.7715961892178789,1.6962068069383909
9653,1.3789720509256667,2.232431601944943
9654,-1.2494541574708757,1.424553966382717
9655,-0.8918991517759179,0.01671394532961809
9656,0.6131207025581106,0.010323027887791866
9657,-0.5975922656061516,-0.47050174810264234
9658,0.9918285351324474,-0.0026275015627819365
9659,0.26475185398770396,-0.3391308641139031
9660,-0.37866426053536395,-0.31516380065487365
9661,-0.31553947304964436,-0.18119355306225118
9662,1.5355703810247183,0.2746195580380933
9663,-0.6689656349150812,-0.25302174078313333
9664,0.5420752820749634,-0.5719193489527856
9665,0.24804198563110402,-0.28869948992931815
9666,-0.49397180576898864,-0.3772279430487956
9667,0.11712312468046043,-0.40337137040308474
9668,-0.41445702686691194,-0.42631246852806187
9669,-0.4136322106594213,-0.43142046858930894
9670,0.4050805133599432,-0.436220363773177
9671,-0.7133215516544111,-0.47589196100443637
9672,-0.4311426836075434,-0.22084294431950763
9673,-0.43609400057581826,-0.3290234238260713
9674,0.4361501792596669,-0.41357555150591935
9675,0.40061385802899285,-0.5377986500776974
9676,0.3916090784727845,-0.535113238877524
9677,0.09153334593409712,-0.4954309003473623
9678,0.5710391051389445,-0.31580351937291157
9679,-0.23481047828314408,-0.3902823175030627
9680,-0.2645485213713599,-0.4971206642351991
9681,0.23064468295375717,-0.48800411275151784
9682,-0.2463667662426265,-0.5345647614708254
9683,-0.20643557109351368,-0.5351348320897914
9684,-0.26962403826512105,-0.4842045251459214
9685,0.1815431363279158,-0.5709896323622624
9686,-0.6564686712104376,-0.44778879725642523
9687,0.5143845660735655,-0.4638805685462284
9688,0.5362883041476935,-0.46514876937249483
9689,0.08569404491877047,-0.5541661928913943
9690,-0.44536085518220236,-0.41491828153044474
9691,0.12960752842492418,-0.5361795247669513
9692,-0.36772265721372177,-0.5377115007042066
9693,0.2769169703242712,-0.418085644627196
9694,-0.17086797573893936,-0.45891477253731433
9695,0.4370869425654148,-0.43998911056747286
9696,-0.5973301639604467,-0.43062524398533353
9697,0.5862504747797206,-0.3584988829030701
9698,0.8794127895617454,-0.13394103244557534
9699,-0.14394025034286148,-0.27370012064932314
9700,-0.04650966851147942,-0.27367822856516844
9701,-0.3776866072066295,-0.27322154403103877
9702,-0.1587701088722085,-0.3225466406797199
9703,0.48285209580048305,-0.5054000311128694
9704,0.5858732704148095,-0.437110135158073
9705,-0.26119126362301787,-0.37617515939830043
9706,-0.3525877409266572,-0.44615976503850613
9707,0.1013115509698635,-0.5343305352749336
9708,-0.3207041817048556,-0.3591739002948246
9709,-0.17410175314683668,-0.5187027085932752
9710,-0.6133199926063331,-0.3671299170401244
9711,0.12504189371661845,-0.5029943384330571
9712,0.0660680675472321,-0.39210210599254786
9713,0.353483409265376,-0.446124508630797
9714,-0.32030082273759247,-0.3842890446678028
9715,0.2373025641971629,-0.6036797326086246
9716,-0.21926676194674,-0.5129193689236216
9717,-0.19601717383417422,-0.5579814393741246
9718,-0.6620212517245326,-0.4004906926904395
9719,0.5619063045855628,-0.4190530821416189
9720,-0.45258078686709136,-0.34278933558804525
9721,0.3386048642781657,-0.40716483898568895
9722,0.1843219341688518,-0.4046243438083073
9723,0.5601600707685181,-0.4561149386175836
9724,-0.833904051659292,-0.1547579900761708
9725,-0.27989802101118066,-0.4030223490894134
9726,0.35707641498835085,-0.08457385565615992
9727,-1.094252527115969,-0.023482345685948175
9728,0.6118679181441224,-0.3250399625947034
9729,0.4669807047855147,-0.4690720440668727
9730,-1.0551985470799845,-0.3415765232883045
9731,1.100716818427833,-0.39062754238284364
9732,-0.644957771498681,-0.2818686700083152
9733,0.4446775225740687,-0.4384511272063912
9734,-0.032832161508074886,-0.430701940980927
9735,2.680877195348978,1.0974360340752827
9736,0.8892976531210119,0.7879847052405322
9737,-0.10708896093674689,0.2417157109963673
9738,1.9821657029059527,0.7262006975146885
9739,-0.04855644769619852,0.2577178154144953
9740,0.45591098453220025,0.008186036060767024
9741,0.35407914774624283,0.39355678888963214
9742,-0.8584011311060006,0.4735762034128929
9743,-0.5892429987563028,0.4676846619258716
9744,-0.7149685541176853,0.23738556449809228
9745,0.9527091145302697,-0.25629905628422545
9746,1.1400790876150422,-0.039762877160318455
9747,-0.8909782190687187,-0.22102239901412757
9748,-0.010156258024291487,-0.3265520209845136
9749,0.03976252541248104,-0.4527373639286559
9750,0.5956034298940305,-0.22969199973687676
9751,0.018659417723733973,-0.44434626881661643
9752,0.32901292067267685,-0.41544454367808026
9753,-0.07482192435609267,-0.3390515735182307
9754,0.5660294186322097,-0.3804468033195539
9755,4.256346782904947,5.250191011398975
9756,2.3691521398150894,2.612617314111317
9757,-0.3458540999521696,0.8947601308809433
9758,0.12112716244813027,0.33168635352129233
9759,0.20859590644545595,1.725941514122838
9760,0.4105908593548143,-0.10905838613932112
9761,0.4854519135309858,-0.15102415564188265
9762,0.14595380466256092,0.1676660450035729
9763,-0.951294101621532,0.006857350892657793
9764,-0.3140303935889008,0.04486015204589387
9765,1.0702491145340294,-0.13513933829795632
9766,-0.5882089555666397,0.1025383421397668
9767,-1.5068886090890108,0.659823354701183
9768,0.22042031722830402,0.05546735584099101
9769,0.6235519312323996,-0.2909824038234413
9770,0.9866704240109727,-0.10460603927534295
9771,1.4074961609805974,0.2609712779624698
9772,0.06400583166247809,-0.20074939113009488
9773,0.046302999444504445,-0.07443713358543395
9774,0.28090869061233337,0.00277472307934358
9775,0.6169097353645852,-0.047545531002234895
9776,-0.09607281039692317,0.04059375456324317
9777,0.6557788940933164,0.09316002616899118
9778,-0.630019127959315,0.1387711927993689
9779,0.1620789507737057,-0.31646703088234274
9780,-0.11620234375987007,-0.3444134991782582
9781,0.3637276381991771,-0.26636846219108334
9782,-0.8469869557325682,0.04591073196179592
9783,0.06798505894718981,-0.3501680835235016
9784,0.07327099120592084,-0.19642512632525105
9785,1.1789232553721136,0.04317854475766013
9786,0.9443786286751854,0.31952639936613264
9787,0.5059985743639223,0.14968865785286473
9788,0.9340161673198484,1.1949774265466535
9789,-0.6461602609076422,1.6873877030018842
9790,0.7674496605317216,1.2703782225540594
9791,0.15137275759773555,-0.18861830210139566
9792,-1.2965122152646837,0.24284313422667908
9793,-1.5707446528883282,1.5309854854140883
9794,-1.2354938479767297,0.9622829285771666
9795,2.067858483714374,0.8383589162338843
9796,-0.05576317171928663,-0.27650560743169567
9797,-1.4400541787179475,0.6313824668419432
9798,0.4060392109814497,0.08220371932525193
9799,0.640743610870149,-0.3037574722180214
9800,0.3584125351899732,-0.2363404189519986
9801,-0.09444461620152855,-0.11346094159197792
9802,0.06590681835841389,-0.3628245782514859
9803,0.9201628152569681,0.02574368435344425
9804,0.3004772290403359,0.5986163105287896
9805,-0.10136421354931704,-0.07154910196908887
9806,-0.21706668648584382,0.19063774125304056
9807,0.5357362558987347,0.028769718637842084
9808,-0.6407850069446785,-0.1896494238660083
9809,0.0971369618140917,-0.1359691522484713
9810,-0.9847598065059626,0.068245574436517
9811,0.2586292984467865,-0.11643093314279444
9812,-0.06851278992574189,-0.1982438351572054
9813,0.14974894390641336,-0.2169050777948675
9814,0.7705683349133383,-0.1838431172208573
9815,-1.2989426320506205,-0.14272554207475385
9816,0.40199575654630115,-0.22440582330179742
9817,1.1231142309003008,-0.12287256908166445
9818,0.10735533866182412,1.1090233867950128
9819,-0.24697123577337993,0.027746962694207025
9820,-0.9600420748998302,0.01883384178916428
9821,1.9696041462295844,1.3420603786431555
9822,0.313003576993818,0.33691900300532646
9823,0.42614650923361863,0.20544898835746012
9824,0.050425466211208025,-0.03281739264023188
9825,-0.8310645567374909,0.27172647470345074
9826,-0.6799025646685337,0.5549652798369668
9827,1.0620604639135,1.2204440481290926
9828,-0.23902076489663437,0.7738672129365174
9829,-2.141674716476034,2.828409190261944
9830,0.6396236829319728,0.40956225248181155
9831,1.0797787433011474,0.4555456849986576
9832,-0.08358823777927651,-0.13238530674768734
9833,1.1586729920515695,0.33960242294350923
9834,0.3939417558360456,0.2261587667760741
9835,1.3535313635143358,0.4002846049789228
9836,-0.4577316407973451,-0.13346095700531635
9837,0.7608369303513793,-0.12718433780020133
9838,0.31461630851275724,-0.18800732777386525
9839,-0.9750902651742683,0.11930889258238704
9840,0.9233129867373937,-0.24875151135564116
9841,0.17193073494129923,-0.4334311952687301
9842,-0.3352862853224623,-0.23313645683947054
9843,0.1366587463315162,-0.20565934886595066
9844,0.03196219032257275,-0.382020106877323
9845,0.6033031745171353,-0.1066284051220585
9846,-0.45796034027975613,-0.17800919036469626
9847,-0.41916414321998735,-0.046760164200039714
9848,-0.7907621488155416,0.019210048287193277
9849,-0.8278373354835917,-0.19599582044240504
9850,-0.4565959489448341,-0.07641864080591124
9851,0.716853660139448,-0.29537554005466726
9852,-2.899728256571416,0.8843813399993561
9853,0.9499557453536216,-0.003431125140143973
9854,-0.9889311072506288,-0.18906032898854955
9855,-1.8338973935212812,1.6595435769015212
9856,0.47184598126513766,0.06881335496711181
9857,1.1606659676149036,0.26216890766694384
9858,0.9055928164185651,0.01911464453290239
9859,-0.12567967093756865,-0.39511247875897676
9860,-0.10930441139917854,-0.40796227783976513
9861,0.045003794981350986,-0.5132115298725294
9862,0.28137554560343936,-0.38534780126657503
9863,-0.25654215645072664,-0.34608741885896754
9864,-1.7339773028421483,0.5850424263327103
9865,1.9575236758643584,-0.15043349676363993
9866,2.7436985052242147,0.528115503813828
9867,0.2622733723006472,-0.31086398336697335
9868,-0.0014047651395712735,-0.4195863061783021
9869,0.2001728054233231,-0.3821714713158075
9870,0.48860679897268433,-0.48289409177468684
9871,0.29115689685485435,-0.40136863854740923
9872,-0.05605180950687569,-0.4767315779123221
9873,-0.8608530555370336,-0.3341238301766184
9874,0.7144814812770532,-0.4924523767170151
9875,0.2064347427189437,-0.47853633245053573
9876,-0.29293279679952805,-0.41798028636585666
9877,0.11003131297816982,-0.37702831668234355
9878,0.2662038771684043,-0.39188785695839157
9879,-0.42075207412480675,-0.2630914022179359
9880,-0.48400824261362174,-0.7913809503987577
9881,-0.5509893442169529,-0.1720641204443204
9882,-0.5430306316322835,-0.16244789308081736
9883,1.0214757479446217,-0.1804701935944573
9884,0.019227558520887533,-0.45292887564717327
9885,0.1812525038763405,-0.44002026136747824
9886,-0.42228505604881217,-0.1598347126715129
9887,0.6384173914986588,-0.4512434180295108
9888,0.8601717113333023,-0.4206930041649093
9889,-0.25453701753794167,-0.5162627169174839
9890,0.28547256800855747,-0.39759889749952765
9891,-0.2857364624526678,-0.4002899931658351
9892,-0.8354547572237405,-0.3248804834734748
9893,0.27702730983694923,-0.5154596381234697
9894,0.16848885093321708,-0.4368760911858028
9895,-0.3811819215374736,-0.5357205879624064
9896,-0.16012052535359397,-0.3881035585746941
9897,-0.15243129228709665,-0.17937170030913696
9898,0.018924749877563374,-0.4820249931630921
9899,0.27435390465732656,-0.4016716265943456
9900,0.6739754976447083,-0.5128560256435385
9901,0.10869572127302118,-0.4370306670453697
9902,-0.42166670139027435,-0.32189462895342874
9903,0.056729536232228484,-0.4236843280573141
9904,0.6045809039798329,-0.6009789039043291
9905,-0.05783532841226152,-0.43755734462232065
9906,-0.5365550919111193,-0.39458521322797413
9907,0.13613743977144377,-0.5434729771321742
9908,-1.2030387882688163,0.08836830535802322
9909,0.14274622961981254,-0.3923263951146951
9910,-0.5063490052600248,-0.2110232321263909
9911,-0.7067807246681671,-0.2713419630460331
9912,-1.0514094234903586,0.11418396723475237
9913,0.25304837806632774,0.6433197509461326
9914,-0.4437828461058735,0.09635750124106428
9915,-0.9542235931867955,-0.17853230947426535
9916,-0.22280499987428692,0.1023954612268974
9917,1.598718263350802,0.2812507460828285
9918,0.9340932260831356,0.36710045181123
9919,-0.007932187831147658,-0.40535531131014474
9920,-1.1351432339791985,-0.23046262073912993
9921,-0.7322895339844524,-0.21221329955124146
9922,-0.5385472300564714,-0.02970639475934743
9923,-0.3146377638372,0.029716683271888297
9924,-0.8842919113075789,0.6397013174750494
9925,0.5589450877685717,-0.04032882311483728
9926,1.6092661529070311,0.45466064998359196
9927,0.26841175369789627,-0.3975969928396483
9928,0.06290965862638526,-0.4848267900364111
9929,-0.6663376148629878,-0.37229933657202163
9930,1.0513800635250523,-0.35657560553393847
9931,0.777239809578069,-0.6169732793664825
9932,0.05599560443027063,-0.4234640989093658
9933,0.17814133359437445,-0.4999902323516891
9934,-0.20715955868833102,-0.49043238605169387
9935,-0.1202445586131706,-0.6133321294128127
9936,0.04225207496482153,-0.5432731912428411
9937,0.1836255772401168,-0.46994459813718964
9938,0.16077505478013987,-0.48905044479619747
9939,-0.5839733787452601,-0.3424959859763071
9940,0.5186591756824093,-0.5781784281716028
9941,0.007962096284771958,-0.5872621622523568
9942,-0.6520175723640786,-0.5561535017612647
9943,-0.11294323712309165,-0.5877172265434183
9944,-0.5098389328701383,-0.4343747569576029
9945,-1.2869255186201953,-0.28146336993424975
9946,0.49581607776925374,-0.42870758132375214
9947,1.3375093895629708,-0.49026337219697474
9948,0.7049556372138754,-0.39087420429405567
9949,-0.16464748067266996,-0.6090177682049043
9950,-0.4116847639116462,-0.5233034277332663
9951,0.19787021308454206,-0.6106237942685069
9952,0.030843789049910142,-0.6156246147730939
9953,0.06243643603791077,-0.6336416892121333
9954,-0.6672753817925275,-0.49933742823014865
9955,0.34496932485585674,-0.576324983997399
9956,-0.1695393837959743,-0.5766118045964643
9957,0.7162868413495107,-0.4272558922218024
9958,-0.17764845458798356,-0.4754454063894164
9959,0.4830762702851972,-0.3247081058450755
9960,0.16413166864680306,-0.43737366354185775
9961,-0.6658147630884397,-0.5298004755608811
9962,0.13060437202508002,-0.5914611834002939
9963,0.044781807900839354,-0.4735551203401544
9964,0.4170100359220924,-0.2922827767185985
9965,0.2595340766929971,-0.45928244234965626
9966,-0.41405301917015613,-0.4335800025028642
9967,-0.44506901663593734,-0.4878899336715104
9968,0.49434675253728466,-0.4873803979120525
9969,0.5132724714133882,-0.40795339602655095
9970,-0.5713154580247891,-0.5180888314028442
9971,0.5164006813061524,-0.4230498868345876
9972,0.08351787873465355,-0.48716863676857075
9973,-0.106632109600789,-0.5275321779311797
9974,-0.08720235049952835,-0.5634423952075036
9975,-0.17692069721380801,-0.5286505755700771
9976,0.5166862936745347,-0.37868096875899143
9977,0.3650045726579474,-0.5885497349577121
9978,-0.16703558442876265,-0.3627586185696112
9979,-0.10584478486680804,-0.5238917147905707
9980,0.051494852287706006,-0.5384789780152344
9981,-0.48574940874111194,-0.342025547184022
9982,0.5493215232154856,-0.5018393742397805
9983,0.3668115895665274,-0.4705764245954177
9984,0.3065990366846959,-0.38012323315747293
9985,-0.5457381397286407,-0.3171712866879528
9986,0.053430233678708694,-0.48678030665280986
9987,0.24292659552150447,-0.38122031243371923
9988,0.18136297029250426,-0.18596081831646266
9989,0.2704141778577096,-0.4581238512398709
9990,-0.23534646886532726,-0.46056183899647957
9991,-0.248445955182154,-0.38329450091815764
9992,-0.5959120344076974,-0.48774602530127525
9993,-0.00946305848698753,-0.4189454282438473
9994,-0.019649982139092637,-0.5501944893817181
9995,-0.23534892549429165,-0.4323671961572508
9996,-0.4493199144544718,-0.3690029538030315
9997,-0.10180104388942118,-0.38898392433725854
9998,0.38626597776387284,-0.5126692122718266
9999,-0.11575962502233644,-0.5243241473645932
10000,-0.11419980768419738,-0.3717179456854114
10001,-0.25251684154341836,-0.23340314829259934
10002,0.7540912822247963,-0.49504904992001236
10003,0.2101043084988502,-0.528298824993947
10004,-0.4096617062008518,-0.5220971497332888
10005,0.3192336230376448,-0.4687313723675447
10006,-0.1528161947264311,-0.4303943749187707
10007,0.5141333277194609,-0.4617424220570141
10008,0.0813450793147854,-0.25179402047915284
10009,0.47417203071051905,0.045054502903736124
10010,-1.019726661050986,0.1976126050417834
10011,0.5382996748452171,-0.36873649476616116
10012,0.7562288246147928,-0.2980302024499173
10013,0.05708425408491791,-0.4694718645671457
10014,0.21306705782279844,-0.2891913008450377
10015,1.4668918154404018,2.5059348809491344
10016,-1.4785506155902792,0.47554790664170826
10017,-0.2929494971671849,0.023861979366117197
10018,0.9828460286177787,-0.22527349452692585
10019,-0.2469562450729723,-0.17111031744176172
10020,-1.2725725130758003,0.2202107751592834
10021,-0.0060229832405644945,-0.2877428820652976
10022,0.23364569858850204,-0.23571789119259134
10023,0.15876008098361621,-0.41573299301748273
10024,-0.36261257424655025,-0.3986303936745376
10025,-1.3011468436597964,0.11681609437948733
10026,0.34699781250337813,-0.31512777891971694
10027,0.449402002898573,-0.4217336765832414
10028,0.503613803102994,-0.4567537276059609
10029,-0.004559148874578228,-0.4507460893754209
10030,0.10555534937297872,-0.48303378193246516
10031,0.7728184672205138,-0.3008034852145665
10032,-0.20126372468062248,-0.41591836195197973
10033,0.2643157267324874,-0.36125377873549885
10034,0.05686438376810804,-0.4747852097808625
10035,0.5619702143660753,-0.4467974746664856
10036,-0.6373292600498099,-0.22718818176922184
10037,-0.5738640546915895,-0.3976881047074379
10038,-0.056515851466961003,-0.4658474071952062
10039,0.8101134650578363,-0.5022645148818089
10040,-0.39173407819671896,-0.4439925356549903
10041,-0.037084300045841734,-0.5567758419348935
10042,-0.7641198825177428,-0.409036228967559
10043,0.07329683313781099,-0.46734151283522085
10044,-1.3759293189301363,0.7096580866374672
10045,-0.057659660236223126,-0.35987995748618523
10046,-0.48691068810183435,-0.245230667326445
10047,-0.5338721302704899,-0.2450682792137397
10048,1.5778299427896112,-0.30099134233721503
10049,-0.7627191913749276,-0.49713826173440195
10050,0.16738849458497823,-0.46750509515949473
10051,0.047203840688366194,-0.4516307500762355
10052,0.1972170009920679,-0.5415246599938116
10053,0.6051357517874341,-0.31761124419777914
10054,0.21720731031559815,-0.5336416318022286
10055,0.3749636975470958,-0.18730100637699282
10056,0.5475999826482036,-0.36250994178233203
10057,-0.9676042552221104,-0.25411820859771833
10058,-0.18052750932856046,-0.5086023559912093
10059,0.07731584625150006,-0.37904420207102846
10060,0.43661281922462636,-0.2776070095470512
10061,-0.06800489471612015,-0.3838106769918999
10062,0.7239123022248197,-0.041738916360177646
10063,1.296921599129746,0.2665020230130121
10064,0.08976289184516584,0.038393344468950916
10065,-0.1943773252097658,-0.19749181539533206
10066,1.022981775707485,0.12086591710839094
10067,0.3140669950720236,-0.3636788052401158
10068,3.060743854864867,2.5789192072499416
10069,-1.4394871953555903,0.9677092901120476
10070,0.2966555278691354,0.14926634962910568
10071,0.3666600283680945,-0.04383203241845625
10072,0.4779339124379134,0.23386089041002628
10073,0.3760018770385385,-0.2069982811498589
10074,-0.11034583585118979,-0.2886378962880098
10075,1.5987528454063509,1.2996487157965126
10076,-1.199653441876632,0.3825232646618572
10077,-0.378634420739663,0.7792416369820526
10078,-1.0101589843414513,0.58663965389844
10079,0.8725202222835542,-0.09690999558325261
10080,-0.5735045332197896,-0.016413582140957644
10081,0.043823775390378406,-0.2743505260250368
10082,1.1004869617889674,0.10131667321313535
10083,0.2133504879636815,-0.28147842812118445
10084,1.1280421589442289,0.37506441083926206
10085,-0.3764426536515474,0.20676758881044394
10086,-1.054050783495673,0.372993938535687
10087,-0.5428229402327154,0.0054936705554279736
10088,0.8125301011929715,-0.18389882325917062
10089,0.22561565039164277,-0.23742951050737543
10090,-0.4772178941574736,-0.17434922975474057
10091,0.05189905488075358,0.00645038148761394
10092,0.42211480068517726,0.0415666143541983
10093,-0.41661993846215706,-0.10533734778753416
10094,-0.7769030219974518,0.2334425031158337
10095,0.4307012753050724,-0.2628718565200082
10096,0.2822720569340498,-0.1758969524193379
10097,-0.07354290681015946,-0.38080544734152033
10098,-0.4792913432919907,-0.09675492210642625
10099,-0.9215870817877556,0.3745901618831219
10100,0.3706141524953439,-0.18034496010651385
10101,-0.6618206142253132,-0.2157491403644547
10102,0.5775161192478707,-0.24861045329441728
10103,-0.4378036413537379,-0.1269821251865026
10104,0.15517305844263285,-0.23266588650340553
10105,0.16626827421423018,-0.3289522786687851
10106,-0.14794660790062344,-0.2790402690125531
10107,-0.7182028159133118,-0.04358385159514467
10108,0.13875944000193063,-0.0651838313524842
10109,0.20162626619487906,0.06240681017118509
10110,0.22820638790188824,-0.1327324602895845
10111,-1.705248440712513,0.1588963231306867
10112,-1.6908722525815274,1.3862074871749943
10113,0.6547961252746402,0.34182105538470703
10114,-1.3926939209063938,0.33401962730815943
10115,-0.5800094420641111,0.39446351545924846
10116,-0.5367446947973739,0.5789908793752327
10117,-1.1610774174709966,1.793616275324203
10118,-1.3645206615810808,0.5145487457564323
10119,2.8126175813447856,1.2020813742242002
10120,-0.41431288050782517,-0.18240594725965636
10121,0.8490133259948924,-0.07099178072648822
10122,-0.15637699259602453,-0.0875950077737474
10123,-0.9413453121992352,-0.0949068310822181
10124,-0.5255477987406373,-0.09489502465539236
10125,0.4650932100575147,-0.30420245534237667
10126,-0.6276365564289561,-0.3258286308257429
10127,0.7245343721953026,-0.3524983276960469
10128,-0.6447436293522157,-0.14241492142203632
10129,-1.3209814273628926,-0.026588166111997838
10130,0.11453017595261489,-0.19563221179597257
10131,0.35762580858117277,-0.3827271951884482
10132,0.13095728172948407,-0.4345606784322881
10133,0.03551314901886987,-0.14042174208576713
10134,-1.7124487797510768,0.05021096806239157
10135,0.7731238469768316,0.03210722684643641
10136,0.8313359383534378,-0.2479498726800637
10137,-0.18578310842091353,-0.2582702664036613
10138,-0.6505979704359441,-0.32440412271791075
10139,0.3867004158349234,-0.5433139062264034
10140,0.14118956951711303,-0.49406903320360607
10141,0.1267299933692203,-0.5112785392680842
10142,-0.250694878988059,-0.23413541946294636
10143,0.2589974016938046,-0.5126610861807821
10144,-0.12569695035511302,-0.4624363946794983
10145,-0.23395668713821732,-0.518905102453164
10146,-0.3595171668111262,-0.5366607560361369
10147,-0.5473096768602994,-0.5267684831483328
10148,0.35034098549589343,-0.48591898436510345
10149,0.011453567536742426,-0.5602704475792912
10150,-0.8818653585638353,-0.2604688936937659
10151,1.6234023087992475,-0.29470758532805313
10152,-2.330252268292281,0.06335848598507961
10153,-0.43486309473710905,-0.1213208120457568
10154,-1.0970254168733227,0.13603641388743226
10155,-0.18633868872965667,0.17879326442534177
10156,1.4684148360288036,0.03841457068297935
10157,-1.9614699806560045,0.25975138513761636
10158,-0.255684379467849,-0.18109400262072306
10159,-1.8178045280616106,0.48734893555390296
10160,1.112424406381406,0.3338919612677128
10161,-0.40406816295282155,-0.11381181633671729
10162,-2.7194510747817127,1.982005611744468
10163,-0.29106899992873064,0.7143002219611602
10164,-0.2828170134599778,1.0362976855517618
10165,-0.03352535604417889,-0.0804068396287046
10166,-0.25060467947838166,0.08838472266402574
10167,1.210122059200853,0.14573512134511507
10168,0.32794006367107853,-0.2602970946655351
10169,0.12626822886599426,-0.4708042335087769
10170,0.5418769061824875,-0.061174057082272415
10171,-0.2851795572272865,-0.30543780967346573
10172,-0.7480672799037714,-0.1555586675511102
10173,0.3283301693296484,-0.462399713250408
10174,-0.001642200380393255,0.04695538384014378
10175,-0.3888175589901094,-0.383261366060819
10176,-0.14436501840048274,-0.3027590119182662
10177,0.24702030710049977,-0.4186049791357012
10178,-0.2317134656379418,-0.20654864992336858
10179,0.08338916810928038,-0.35401674608033934
10180,-0.6697815138809966,-0.11030820521149978
10181,-0.3816922760381454,-0.12982102752765637
10182,-0.1870017958977288,-0.3310332170688139
10183,0.3598837212359357,-0.10249053190528998
10184,0.13237120171248273,-0.0974778187262461
10185,-0.40707094415504425,-0.35676129705583465
10186,1.2028743331263316,-0.14949035427739144
10187,-0.4678120048238078,-0.305316020370251
10188,-0.2768695944514387,-0.3072275410956526
10189,-0.5073764556409338,-0.4558047085709632
10190,0.10307755899697668,-0.42372497798893055
10191,0.8264068007069816,-0.11732724362769656
10192,0.2531331917272742,-0.41687766162975737
10193,-0.17512717512604717,-0.2823185063262412
10194,-0.3707862181209734,-0.24032002271726716
10195,-1.145564217146382,-0.07844602980874664
10196,0.4408121252953743,-0.4754325895456906
10197,0.9331113965743658,-0.2148530207922315
10198,-0.43424860180086955,-0.2568949587124449
10199,-0.3569374455273606,-0.2310307881610023
10200,-1.3506902533435816,2.0201125266407587
10201,2.9705202823941215,0.4712572896946399
10202,2.080269611463908,0.6317318656946702
10203,-0.7794970376609118,0.07850862382651315
10204,0.8455133939427513,0.15804235805302524
10205,0.040744678840676785,0.9993396175185667
10206,1.1228929016690201,0.2267613736864889
10207,-2.270790340493113,0.3856114203531232
10208,-3.1183021809090747,0.7575363736183195
10209,-2.5927739363310334,1.5981805991083526
10210,0.6195251482073834,0.4132653770883772
10211,0.3404238000180744,0.06051281723627121
10212,1.2481429489554032,-0.04243154974215253
10213,0.8828448178716912,0.2522042852960446
10214,0.8133018046049827,0.03480637772159072
10215,-0.15447662035224302,-0.27416908760976566
10216,1.635295336242112,-0.05383007374410058
10217,-1.0727453532192563,0.1823339648087135
10218,0.30939779228880093,-0.32891898271288655
10219,1.3748122189657233,-0.039595350149840204
10220,0.1723323209046435,-0.2469053930789324
10221,0.2897266604907367,0.0565631828814394
10222,-0.6280546968859145,0.16711306177990226
10223,-1.1255503302049372,0.7683347410127697
10224,-2.1780773658595955,1.4189860908904677
10225,0.6376143938031495,-0.047899939311377246
10226,1.1639385852781057,-0.048444408625083216
10227,-0.8457913467840776,-0.054224185607943065
10228,-2.0111124592379523,-0.013119075519316167
10229,-0.6943990156613131,0.34635954884291237
10230,0.8493401028293561,-0.22673665347668986
10231,-0.05116373829473886,-0.13889685392607254
10232,0.14104747567931303,-0.4665710339345402
10233,-0.4670579444974382,-0.4509424961070046
10234,1.6978513780696065,-0.4278864707631062
10235,0.2575273751626487,-0.48586640948674553
10236,1.4006093676864109,-0.3149684783722254
10237,-0.25586900590459993,-0.3730245247537924
10238,-0.3386813940566987,-0.38792614600823444
10239,0.16395218398079886,-0.45100021010618424
10240,0.4524599755473706,-0.4149339688217009
10241,0.4828860424138435,-0.423114004003619
10242,1.3142624035241026,0.3265656027135288
10243,-0.23905630980055967,-0.21663591728444676
10244,0.5614218896551829,-0.23651739979079617
10245,-0.18277388544825474,-0.42000509509115663
10246,-1.196305452560733,0.06200468595104801
10247,0.8648289595697078,-0.3328261125259847
10248,1.3834266440456109,0.02954145350403735
10249,0.17001260342521973,-0.14675799745890705
10250,-0.6494404125332632,-0.25413581674420643
10251,-0.2670987972982237,-0.28107887561523653
10252,-0.24987728187662472,-0.4030309448124874
10253,-0.05710341255610982,-0.2982085738321016
10254,-0.792591905829167,-0.2592387342330304
10255,-1.6182745168215906,0.24319602683810404
10256,-0.8705988975503731,-0.3252315482217638
10257,0.9139001869147461,-0.42637826118221406
10258,-0.3954999676682398,-0.46266266377273996
10259,0.3171448629653467,-0.4451394164232549
10260,0.5270280528149507,-0.3716712408810467
10261,-0.32008187967724117,-0.5316223079331146
10262,-1.221597270210368,-0.3913903875483968
10263,1.05538791507634,-0.4912397107768836
10264,0.15944433938086156,-0.545414342426535
10265,0.2218209849539422,-0.5389117362718013
10266,1.0212101549382189,-0.2988981584904755
10267,-0.33082792818247797,-0.4754099482453064
10268,0.47707186457393314,-0.3710497955358812
10269,-0.5199092518692288,-0.3756752373491901
10270,-0.48306394522162655,-0.4232312531834709
10271,0.8715138905698143,-0.545047909945919
10272,0.6591734821059654,-0.37895162731791154
10273,0.27197247922249557,-0.4070538049490114
10274,-0.62175292763054,-0.4217178880616836
10275,0.580138131861394,-0.5072549469591785
10276,0.3668100014151946,-0.3728299972045422
10277,-0.29642370671069407,-0.13228574512824529
10278,-0.30685881744450244,-0.36649195760529935
10279,0.23173190262089305,-0.4678714381511845
10280,1.2584106749080666,-0.10938291544470181
10281,-0.19474278496146544,-0.24304740057150498
10282,0.9666988227656226,0.0042630740943360584
10283,-0.020639204738075317,-0.2821702390545307
10284,-0.7407254894941757,0.08185745683263772
10285,0.6739468393801962,-0.1421490033342729
10286,-0.19439155715194112,-0.3768633366015108
10287,-0.15079744258925215,-0.3581539811441131
10288,-0.6382395364756683,0.05255632060634288
10289,-0.2675397422819178,-0.3610913497452201
10290,0.5931204648887228,-0.21688515151957605
10291,-0.026205095539256207,-0.437483784941354
10292,-0.10614311477322302,-0.4901917504941786
10293,-0.026508842055145865,-0.4135674537968366
10294,0.18824199878014342,-0.3410403495762893
10295,0.3944789886949708,-0.16412937618115997
10296,0.12327726411562984,-0.16965614496819223
10297,-0.7952775534524281,-0.12226858477337209
10298,0.3597861235612503,-0.12983572007742186
10299,0.09533058579347664,-0.29692724088999084
10300,-1.0827213848618145,0.14860176623975396
10301,0.9574840728913658,0.06689112751457228
10302,-1.3110318628376287,0.3165335695888673
10303,0.6892679147954691,-0.16696095035127984
10304,2.142759757304773,2.2889724558969644
10305,1.3027208452498806,0.955135153694666
10306,-0.3067684998155204,0.5792760547614031
10307,0.21502187115143467,0.8485871315873251
10308,-1.6011456815146254,0.945264215127501
10309,1.0521264812652156,0.6285531841816365
10310,-0.17493951826939458,-0.09830470422078603
10311,1.8620750331927316,0.6035705429047897
10312,-0.2952756247903574,0.0007932786933380481
10313,0.6787871692078641,-0.09557212001738753
10314,-0.28868168454302034,-0.16399660436779262
10315,0.9655550982001433,-0.07420719089611934
10316,-0.3876995758769508,-0.050180531746436094
10317,0.8304832980483738,0.28426190637820054
10318,1.0720358294213874,0.0951821659975469
10319,0.0013103258878550406,-0.2717201599049747
10320,0.9684531987165388,-0.1446628979304177
10321,-1.614511479806512,0.5026126911308653
10322,-0.8211788135782453,0.2656250788297329
10323,0.3632337953061857,-0.2484679626612198
10324,-0.6671183572379815,-0.04623309106365227
10325,0.6796241998922606,-0.1823597654834168
10326,1.0283377107898486,-0.1502081438130723
10327,1.2607906263743796,0.33158538899729983
10328,0.35918942115031083,0.07347397743788651
10329,-0.26024262170313384,-0.0562493181221132
10330,0.26268433787496226,-0.07251439356952621
10331,1.0688071259099041,0.7920872640975716
10332,-1.7745045059582276,0.6114441147178042
10333,0.1504262226701532,-0.19350281484496482
10334,0.9682563173620127,0.4091764682644995
10335,-1.094479331882077,0.2254578837807824
10336,-0.427599365049832,-0.3021179074929451
10337,-1.5818150288680806,0.42693855707547085
10338,-0.5451700848315324,-0.19679182837728038
10339,-0.05918453708325824,-0.1421612146929721
10340,0.276527963546253,-0.18462170914124038
10341,-0.3334336957062535,-0.4241986867455928
10342,0.4628998108031689,-0.3053975711856474
10343,1.8824300656748352,0.09807533017056656
10344,0.8236451859043616,-0.3539632558772928
10345,-1.0431850766009578,-0.27120840999686674
10346,0.6667840324918757,-0.3605513175030339
10347,-1.489879442369971,0.4038028835078811
10348,-1.339284548804135,0.4139626095324631
10349,-0.4483837263634745,0.8375400081678455
10350,1.0053909669509649,-0.02976822842164785
10351,0.5215340387228722,-0.31397007015651757
10352,-0.34200756084179346,-0.31275684015995026
10353,-0.039252111574866744,-0.41618832820825996
10354,-1.9510955986752316,-0.1891386482653969
10355,-1.466308453510402,0.02030383114572669
10356,-0.14593911911253377,-0.1185624939112913
10357,0.7094500329640321,-0.43581550761325544
10358,0.6226867074804967,-0.2540723202870546
10359,0.256564121246754,-0.33265816995958414
10360,0.2980703135822307,-0.42095151332564107
10361,0.677297357105634,-0.2534272109920683
10362,-0.8714965613752788,-0.49919975621478513
10363,0.8969721138576869,-0.12432933606504389
10364,0.659358407309788,-0.133228331115721
10365,0.3706266249783061,-0.3834703355055515
10366,-0.600157503921888,-0.35356624698807343
10367,1.7907236694306041,-0.05994302311523421
10368,0.09023518201847702,0.12906581962816832
10369,-0.09756425549085854,0.020126725145215837
10370,-1.7259972950165312,0.2947543534643545
10371,-0.34679301147342834,-0.3201552767240589
10372,1.9582781508696572,0.35920646962820396
10373,-0.33176517377689235,-0.263952198544959
10374,-0.28985916162824105,-0.3844048577004304
10375,0.1955650796757914,-0.3708104705773431
10376,0.09762278473767244,-0.32855554234017376
10377,0.30698908306016615,-0.20194477500775987
10378,0.8169192132824972,0.233585133821047
10379,1.0657216782113752,0.6499052646816681
10380,0.815972203835643,0.36733821255384497
10381,-0.6314872515854306,0.3692231385346129
10382,-0.9958052723472235,0.17597511747657862
10383,-0.3294907800887482,-0.0579814290957195
10384,-0.8208687077631996,-0.06686173580332752
10385,0.44534356062277003,-0.17044947289583381
10386,0.1300665396315226,-0.11747512809729756
10387,-0.08596449942534556,-0.38170355148143326
10388,-0.1670289166827797,-0.12838569641028091
10389,-0.15815983876255518,-0.23732865519135582
10390,-0.702871172990948,0.5764267799641813
10391,-1.2693791156833,0.19576414751416749
10392,2.2839835842012346,0.623565511084588
10393,0.15811736739697962,0.1446978573232598
10394,-0.5125789412356238,0.1638064563982189
10395,0.1702572881318376,-0.12271119818125395
10396,-2.111924084530541,0.7108201805097686
10397,1.9446321071840438,0.40295253875701176
10398,0.5937987954666375,0.05805904396930446
10399,0.6388429847164938,-0.07800999377331744
10400,-0.14922194532670702,-0.31181351656857403
10401,0.3821220148405705,-0.353527086522277
10402,-1.6630535592454037,0.27345078643928916
10403,0.5050302007418195,-0.02713196490379452
10404,1.708591417398769,0.0341406982037637
10405,-0.57330543527358,-0.2582460798652762
10406,-0.999080224797241,-0.07129961649413052
10407,-1.299436651794322,0.40390050472923567
10408,-0.30491754267355453,0.03557528875942824
10409,0.45020330759708693,-0.27099953579419633
10410,0.6576483620172917,-0.2991955144161277
10411,-0.5150872826893516,-0.2068554579686187
10412,-0.03270981408509402,-0.31451724314668994
10413,2.4077526660344017,0.869305507707036
10414,-0.20347318135257925,-0.15416118585937266
10415,1.046051453222015,-0.09845702882980016
10416,-0.1676356622662366,-0.2703765073771896
10417,0.27920680920298413,-0.17156658533418506
10418,0.27556524689980244,-0.21759687634622515
10419,-0.37736987384735554,-0.40361117992376294
10420,-0.2002880430574969,-0.5146265593479689
10421,-2.496781542970485,0.8354313320595864
10422,-1.2370689311062533,0.30315757690715034
10423,0.49931107672118125,-0.12825611304362525
10424,0.6088459871246946,-0.2655218091173093
10425,0.36324803213360113,-0.36881562162831855
10426,2.444096531048939,0.787516077637711
10427,1.6882831602898345,1.2886175202930619
10428,-0.7412234054116627,0.2969879148964055
10429,-0.1641737892869055,-0.03130671968320316
10430,1.0382611804248203,-0.1085186546033351
10431,-0.8507857565206215,0.011098388538156437
10432,0.8148776512477913,-0.16684833670714233
10433,-0.5142339242300693,0.5432429681219997
10434,-0.2123262537949525,-0.132602950594666
10435,0.48591334935380115,0.5272103794459446
10436,-0.5626195366379843,-0.12855942472881093
10437,-0.703659809757967,0.07636712835399821
10438,-0.45405229186801477,-0.024440738259092223
10439,1.9779871152693795,0.5973944588473985
10440,2.0354309051401787,1.4385871273529593
10441,0.3661221762808897,0.2506369918248833
10442,3.185221457096928,0.8988527968599473
10443,-0.649792882831264,0.4391260953086569
10444,-0.04049352314163787,-0.20177604104280694
10445,1.0312932103017485,0.06420818918773867
10446,-1.1833177867807514,0.2651909210494259
10447,0.37806551671257327,-0.20161682815546028
10448,-0.25488943581140744,-0.10227065191082704
10449,0.5672014354152157,-0.09497199292959743
10450,0.4340031281444773,-0.04757925029645764
10451,-0.23372530120520155,-0.04494123118637325
10452,1.5687543356225848,0.22358411921414867
10453,0.2025899970963287,0.3059431368351697
10454,-0.7430910604245512,0.22232651589214752
10455,1.3097196624697471,0.14938094195391793
10456,1.0115830702527269,0.14683165717509472
10457,0.30994086668963694,0.16748330197946332
10458,2.2583138978641917,2.5012269415313817
10459,0.41266354618420964,0.4426782267458917
10460,-0.08601626994645903,0.34070293330567103
10461,0.36411706613470707,0.26583798673327247
10462,-0.6829216579765225,1.0785024040658742
10463,-0.8589494491098072,0.4492279460591699
10464,0.944344738755097,0.12432441936552414
10465,0.2156618132371539,-0.2618299829633087
10466,-0.5120686541130448,0.8550217749753042
10467,-0.40688716192014746,0.7690643312410004
10468,-0.7094444924348084,0.6686174591462946
10469,-1.0813744205096416,1.189935452795079
10470,-0.08393408308172351,0.931514068520642
10471,0.9501606608556028,0.5203259600075718
10472,-3.3790181728784248,2.504688546127057
10473,0.5309719351608503,0.07239808948455896
10474,0.7669902163371729,0.19712084968177673
10475,-0.6319097552022166,0.026145907973886204
10476,0.47658791807512024,-0.1294449711417945
10477,0.9606418270971571,-0.10449722846777297
10478,-0.7174084096307798,0.12301969748397619
10479,-0.38816266737859373,0.1130788744431354
10480,0.31507169844036886,-0.05444698201999693
10481,1.0501958588881417,-0.17803508718126793
10482,-1.2807432455151952,0.043591672519509544
10483,-0.926754860741253,-0.019063487645734574
10484,1.3307722790839853,0.18681043137743708
10485,0.2146738143127654,-0.2968291252010529
10486,0.31556681273020604,-0.2673141413088804
10487,0.20036613557133787,-0.21605117656699063
10488,1.7717160493023,0.0739113535303939
10489,1.8040407625400587,-0.010549134110167127
10490,-1.8676543858990078,0.11874107236355268
10491,0.4124507929096858,0.0948988590194005
10492,-0.15066289551208112,0.2741607844090102
10493,0.4126556031653409,0.011927642777262631
10494,0.5087117293913703,0.06041180636470335
10495,-5.458215595497519,2.926345187084562
10496,-0.33641309761066324,2.192775010312441
10497,1.164088994909322,0.05561538342775742
10498,-2.3034387506349963,0.3966472155557053
10499,-1.6239340602900183,1.6994205521457766
10500,-0.26730501658520256,0.5075191940246144
10501,1.1382818066955478,0.035503754394535875
10502,-0.4173740348044026,-0.04699462358967128
10503,1.3308000229667734,0.4181098636973049
10504,1.5797622888325504,0.22714837708749752
10505,-0.8327287532028064,-0.04649214947159966
10506,-0.3962430480870708,-0.1711344858418572
10507,1.996087733344349,0.11100426441798376
10508,-0.9857139157322165,-0.25213360831726656
10509,0.19893129335484788,-0.35555193632667653
10510,-1.3238513295624164,-0.1795863654505206
10511,0.9056887599565535,0.028082133886136257
10512,-0.5755966196176427,-0.42571841342517747
10513,-1.0861960676064222,-0.20664323422780279
10514,-0.8550536533878101,-0.07093748516028514
10515,1.8829572696929815,0.2792400986189516
10516,-1.2964603915227746,-0.23797241591080615
10517,-0.1931262480731365,-0.1275342221586644
10518,-1.363085512173589,-0.1306349159001568
10519,-2.362160858797987,0.8631337800620669
10520,0.6904891954923392,2.4896909464535493
10521,1.2331209648187649,-0.10144390032722407
10522,2.309687037106233,-0.030866347921391438
10523,-0.009002129101831124,-0.14264389084993873
10524,0.3437704532187339,-0.4122229553998083
10525,-0.9583647896441663,-0.24069751388319954
10526,-0.4991958944595798,-0.3039179745102811
10527,2.1376903021613267,-0.019826986559690465
10528,-0.7936552515869841,-0.3135625948433943
10529,-0.8550578958202621,-0.09916422991773263
10530,-0.6580136404928919,-0.18802820184555769
10531,0.9062638970930146,-0.04569965751908117
10532,0.3774823260718895,-0.4602723234750828
10533,0.40682578641330447,-0.2661084467251658
10534,0.14723698877823954,-0.32732557675023305
10535,-0.011609594105227189,-0.2956313214903425
10536,-0.7709244204469333,-0.10110721804985004
10537,-1.5881375679480287,-0.3360274173711471
10538,0.24006813564787471,-0.07276866444580396
10539,1.4869311565012948,-0.11274743289290197
10540,0.46678307417028586,-0.3487567530142832
10541,-0.14759745217724168,-0.4583292697009023
10542,-0.2737692079434353,-0.43709967676986766
10543,-0.03960001056030554,-0.4343084749656448
10544,1.1805100820862835,-0.34576544637999074
10545,0.27581459551142185,-0.31174253116395084
10546,0.46066856361233466,-0.32584370084232717
10547,0.2466555094292589,-0.6191758826126932
10548,0.30037698831292614,-0.23630891968377388
10549,0.039155920043132675,-0.31417283911796984
10550,1.2541340341565106,0.20017109125737947
10551,-0.44464197831599594,-0.4472921074198616
10552,-0.16165937343532152,-0.2557295491202439
10553,-0.07329169934808669,-0.5436471952378702
10554,-0.757266618386286,-0.16636670312127536
10555,0.29398380933230484,-0.44294629830719007
10556,0.25251243162231174,-0.4063716602790802
10557,-0.3809538666376221,-0.5568406718869419
10558,-0.04545823637625154,-0.48858022716045474
10559,-1.0067351660683892,-0.30549833542079535
10560,0.04783092540795897,-0.4586857406784491
10561,0.26237639969956317,-0.48196801657379484
10562,0.42939079593853413,-0.44925440055440086
10563,0.33846442433204316,-0.522784796811302
10564,-0.5090741523846508,-0.4881867531681749
10565,0.07779640723787329,-0.5431878419366402
10566,-0.7815094796559577,-0.4992936621997729
10567,0.06375994563872889,-0.4606417855130309
10568,-0.10483031758816819,-0.3185954796917557
10569,0.23874955062869696,-0.46881778180203115
10570,-0.014195533764811419,-0.5076888251306081
10571,0.35474212929666626,-0.46276265150489204
10572,0.3959163417601448,-0.29116727901228384
10573,-0.36199471743234557,-0.43057278796293913
10574,-0.35721009097031514,-0.4532265949224736
10575,0.4504520690337839,-0.5374691094860642
10576,1.1446720160382133,-0.1738697061411435
10577,-0.5871606418072876,-0.5604895763123953
10578,-0.991933160619981,-0.4557286261797527
10579,1.117332082516242,-0.412728802402904
10580,-0.449154789129943,-0.527710369459584
10581,-0.612527573444043,-0.34950190083651783
10582,-0.48719573992808746,-0.38649038113912315
10583,0.7075618170040368,-0.33354434355079476
10584,0.17575745714701696,-0.4477291251457599
10585,0.5720254057917564,-0.2858032229419604
10586,-0.36658159816547786,-0.3163107247362542
10587,0.056095424343430456,-0.45998111480003734
10588,-0.16152291403807856,-0.3919779486140688
10589,-0.37169800160317457,-0.425888837276236
10590,-0.9799501797003619,-0.2658070835435717
10591,-0.4948614705583443,-0.20048592299040885
10592,-0.18724999651087634,-0.18895037233914108
10593,-0.8686567858522094,-0.16966232295148592
10594,1.2123852431661442,-0.016480557212787697
10595,1.4511970321309273,-0.0480178908366037
10596,0.23093072676294152,-0.344211400292802
10597,-0.6293708929028397,-0.3744118764693766
10598,-0.6374423758693972,-0.4738764642894811
10599,1.6125642953178323,-0.1925086521597752
10600,0.08985618502415527,-0.33194895160660537
10601,-0.33553716242058484,-0.38559351152446336
10602,-0.47485318025287704,-0.5504026307597104
10603,-0.23458874779427868,-0.5676595065438489
10604,-0.47864848825955403,-0.44524210253796165
10605,0.23088474205443865,-0.5879357308583294
10606,0.6900416443134315,-0.5499074133560616
10607,0.08083876881959251,-0.4779124788401697
10608,-0.06905225210894228,-0.5401435568541623
10609,-0.46470189162032494,-0.5664752103691565
10610,-0.28916351761039505,-0.4302127262156219
10611,1.1921526823767108,-0.47508123053100665
10612,0.9268682931254273,-0.5242599241089563
10613,-0.4433505907763132,-0.288878792625376
10614,0.2062582762240288,-0.5826710924304613
10615,-0.0925083601502299,-0.47947451345581615
10616,0.061174899673545724,-0.5664328457332272
10617,-1.165068071473144,0.5555145207883389
10618,-1.3400557915246454,-0.2637984604630108
10619,0.1383840797619098,0.046165518349341406
10620,-0.4666551731504972,-0.3597594355480105
10621,1.0496844114495538,-0.30142883567815226
10622,0.1683350694861056,-0.3623259483753497
10623,-0.12262196350375809,-0.5302909989697565
10624,0.37704670493560366,-0.5517811693128667
10625,-0.19032908117886257,-0.5846462957564064
10626,0.32897982226060707,-0.557802508391228
10627,-0.35033801585379054,-0.4988584728316005
10628,0.4794697165049371,-0.5051059812813111
10629,0.0975886000278397,-0.5337793449090199
10630,-0.488542771110342,-0.3069527286071284
10631,-0.21018645980621256,-0.4913366853587065
10632,0.3252058429246878,-0.6790894622694679
10633,0.7810986935897435,-0.3913089780334368
10634,0.5229607993040896,-0.03228208000113582
10635,0.23898924605044924,-0.29870659812652306
10636,0.4616799918837261,-0.09212894244375643
10637,-0.6355883957163302,-0.18809602307391107
10638,0.20218723161002905,-0.48967407913016375
10639,-0.30037606839358433,-0.41167970048751207
10640,0.628480329625391,-0.2912999844599299
10641,-0.03197568873843715,-0.42448683415598754
10642,-0.05423249896826274,-0.5513709150475045
10643,0.16724613603848498,-0.28772622964075956
10644,0.369442741281755,-0.016320316101064825
10645,-0.28781162624760054,-0.39986873885411733
10646,-0.20131744658169795,-0.4179257231092196
10647,0.5259431244894972,-0.3857344744868134
10648,-0.8296842733833463,-0.20724343878250484
10649,0.011977614633481681,-0.42475782908416015
10650,-0.40662936398915384,-0.43195734547464515
10651,-0.32251414371552917,-0.6536582182756416
10652,0.5371663328189242,-0.3732178939954803
10653,0.3580036997374887,-0.2661875898450987
10654,-0.5304394009014978,-0.4529654391593145
10655,0.0848756343381562,-0.4149227619897831
10656,-0.13576644119396022,-0.5923238311325845
10657,-0.27395102665963605,-0.5465334787180031
10658,0.5762966700374528,-0.47171695823405024
10659,0.6409340945397708,-0.32681813561588946
10660,0.45220534653435585,-0.15717848569484222
10661,-0.6324161951641012,-0.18088248460576167
10662,0.7325099412674256,-0.24395169833976038
10663,0.37104934513294485,-0.27082777848501105
10664,0.6167296579514006,-0.10523916275073567
10665,0.3191573178289405,0.21773393955976172
10666,-0.8412765745463124,-0.02442623758229783
10667,-0.42954891564675746,-0.06332701077145779
10668,0.42703265551031167,-0.21874722132139873
10669,-0.5246968061548946,-0.20984676938928598
10670,0.13483080556217375,-0.34453197353183834
10671,0.293677477991406,-0.3808389519855055
10672,-0.32638005138038056,-0.336510400369196
10673,-0.44036961879288444,-0.35046878204073023
10674,0.21037104947702157,-0.3189191132879994
10675,0.29793711573480264,-0.32388982057052823
10676,0.44478084182019073,-0.47786093104114663
10677,-0.1992447194605254,0.06462082256153072
10678,-0.28275391919145765,-0.13948613022798378
10679,-0.3705511475034249,0.38399940161985613
10680,0.06863918480363784,-0.2530872104909544
10681,0.8551237745683431,0.04283737832008075
10682,0.5713592657632209,0.023655320013890813
10683,-0.3485343212972094,-0.1802520935471162
10684,0.3343929337377949,-0.03541846035109915
10685,0.8105759300655431,0.1172245535721163
10686,-0.7115343546921437,0.5905035408503355
10687,0.1531979038911463,-0.07118398597447503
10688,-0.16816524084196133,-0.12869780377220735
10689,0.07414346081943712,-0.18667898271150318
10690,0.16880647210931682,0.0389117282917472
10691,0.2790060676848418,-0.22785697958854723
10692,0.0524568318209056,-0.3602579269626444
10693,0.3670049673244573,-0.3584757900092637
10694,1.1112908518508,-0.12742507565164068
10695,-0.06489002446503112,0.07333570979806632
10696,0.6945867120717104,-0.11350146674663421
10697,-0.8299987462729117,0.003035658248480108
10698,-0.9984018172628183,0.11986944341413562
10699,0.457010134317295,-0.09238795421747904
10700,-0.6088574770731627,-0.18487855879755621
10701,-0.8597396599939109,-0.11432856609920224
10702,0.4641356289555475,-0.0009229056135983266
10703,0.1483473625845277,-0.2154546183685035
10704,0.28526782277897844,-0.21556097834166282
10705,1.4576126524803419,0.18716772936590503
10706,0.9185377644645341,-0.3113298705480831
10707,-0.13130195268543288,-0.2854321282502248
10708,-0.2219314904844886,-0.4377835384512457
10709,-0.42479493342493124,-0.11332660010759678
10710,-0.7930290499224186,0.023579674204298268
10711,0.22931053449538003,-0.4256830858080332
10712,0.42227998952965773,-0.35909518185968037
10713,-0.4398087592093368,-0.3271548384466349
10714,-0.7043482793825164,-0.00483340464622041
10715,0.7644415310464592,-0.2917168259305076
10716,0.04354502573461849,-0.3801073979871617
10717,1.0459580550702188,-0.16625308770797764
10718,-5.618672188085489,1.868722483382593
10719,1.3792089902753544,1.8578723786346278
10720,1.9178935571078206,0.4489420917289471
10721,-0.3860665450360544,-0.07764971769740368
10722,-0.3759377368166205,0.0946134112634245
10723,-0.21455486385553957,-0.3115635956793788
10724,0.9639844324245359,-0.09141414845409265
10725,-0.31307524810326987,-0.4306066662303913
10726,-2.2974993361571507,0.2171970501400154
10727,-0.11903887159647591,-0.03286834966840764
10728,0.010405805542674118,-0.1662390129859867
10729,2.200651532719803,0.7060405828602551
10730,-0.9035196714959909,-0.6784809076447862
10731,-0.2723296852137544,-0.35912940421762335
10732,-0.46228664364321803,-0.12982456825009736
10733,0.8424328108293173,-0.35314739811111145
10734,1.3421686582318149,0.1197803771041092
10735,0.8544813472061388,-0.26120827543127156
10736,-0.4540491495769807,-0.32502348491566446
10737,1.507376879934786,0.1434371254179883
10738,1.1006155270409894,1.3216570857112786
10739,0.421956692164968,-0.24642718241024225
10740,-0.20163024348578135,-0.294608621886701
10741,0.2498929109910008,-0.47942203728992167
10742,-0.4212886116172378,-0.36930999002040826
10743,0.28789711227367665,-0.09009036023201274
10744,0.682660300718984,-0.3891349626968332
10745,-0.8526287641160005,-0.35086060250588474
10746,-0.24527819966652464,-0.19786980632019763
10747,-0.5696757782008512,-0.313665618458969
10748,0.8703736843381449,0.2727575767810736
10749,0.8490853215256453,-0.07232083211333458
10750,0.4411405789826992,-0.20895423543413827
10751,0.9313695112629561,0.1341102995046654
10752,-0.7139064138816124,0.5282560836744981
10753,0.3710707259256065,0.0030442012546148534
10754,0.32873852496667144,0.13178168312035426
10755,0.5531006105944294,0.1399319656643072
10756,-0.8853987269678294,-0.015628569340279078
10757,0.16465999034842072,-0.24799857904545014
10758,0.5898015277367739,0.3623623807670926
10759,0.16201737479494932,-0.15883382892511352
10760,-0.6382069420474061,0.5584786149097625
10761,-0.3779851896953762,0.37008861742454074
10762,-0.47048974260437915,-0.2047123631153765
10763,-0.5915765970902429,-0.03118199481155523
10764,-0.1423890273127543,0.3857132647276545
10765,0.9258254663122232,-0.21014845807635707
10766,0.04902372133226973,-0.40972521466249184
10767,-0.8723173726635349,-0.14919033592109587
10768,0.8420260881228916,0.6095843696360372
10769,1.4218857184152172,0.20492222074738747
10770,0.4338341102663569,-0.11004702328756007
10771,0.03556199645420882,0.14061534513886276
10772,-1.6724875357681972,0.3506413536743231
10773,-0.0016574957349825004,0.051158845061588534
10774,-0.44406474239803684,0.5483161558126105
10775,1.1681001704771796,0.0835103893727067
10776,-0.32779304342341653,-0.07370137284536503
10777,0.0013073462628264143,-0.2093249582722776
10778,-1.3293804488933691,-0.012425762883418415
10779,1.4573886889852714,-0.0073957161151356615
10780,1.6348152736295305,0.31237541140655495
10781,0.24351301754781268,0.47722507735732905
10782,-0.1616962784790245,0.49032052486413064
10783,1.1453913430618126,0.2288632269300439
10784,0.8384845761148045,0.09556320007582235
10785,-0.5466597343292382,0.06264587397750852
10786,-0.31626712110400534,0.22427228826427464
10787,-0.819679442979292,0.21197793455638397
10788,-0.6777995198413411,0.3169837720847705
10789,-0.02368763286945419,0.28363039215546765
10790,-2.1950739916352173,0.5230828150946496
10791,-0.974762165551217,2.0903747877012187
10792,0.010811829183018595,0.41080573232252476
10793,-0.18040589625236572,0.0730461856927661
10794,1.3522325278984442,0.19848862441503423
10795,-1.1586084004737673,0.5607206734512877
10796,-0.4958361005886586,-0.2849942310113153
10797,1.1280167376150998,0.04664112724271954
10798,0.5838691534641596,-0.22562133570419068
10799,-0.15376813430784653,0.37554599104093217
10800,-2.0512653412208537,0.17687966202075417
10801,-1.5229811959959347,0.3608357220892567
10802,1.179746547570689,0.23426658787310733
10803,-2.007908258348028,-0.1756973466353403
10804,-0.3531879319885424,0.6835215652642203
10805,-0.13591087513137476,-0.00686651619078997
10806,0.9036716562658442,0.43051284675651685
10807,0.31765222432390716,-0.025053477581743033
10808,-0.020622111946837496,-0.1372412734414032
10809,-1.4206683539848668,0.08654363886426607
10810,0.47533110652857014,-0.08544279741538015
10811,1.119829184702219,-0.176109707957895
10812,0.675230265482455,-0.27547477368647383
10813,-0.24455228503782311,-0.34879357578237136
10814,0.5458217095768056,-0.35982936498103285
10815,-0.08809376590845175,-0.46798992277453105
10816,0.8462164405610746,-0.30565231530874415
10817,-0.6670912462693209,-0.30241385628944556
10818,-0.5248637237810462,-0.3606569592140431
10819,0.23633157876408595,-0.44274264457819895
10820,0.15521353229862134,-0.3626751677792293
10821,-0.0209112489352396,-0.44268144908589374
10822,0.3657497404464587,-0.2949345574896099
10823,0.8206881761415838,-0.2994274567081332
10824,-1.9976021646789504,0.31522161241514196
10825,-0.4111351291954535,-0.02990688441075122
10826,-2.3589306354731208,1.2899907390199592
10827,2.9169343473684957,2.7377559820208353
10828,1.9076008372613917,0.8077374594116893
10829,1.4935735629747207,1.2553119348989483
10830,-1.037150778077758,0.4411333289017418
10831,0.5324632932132164,-0.15825676404978356
10832,-1.597905224187358,0.4806845806383358
10833,-2.0656251594477055,0.6822958034209685
10834,-0.19867292877648,0.08399148900890933
10835,-0.7237083053931577,0.6207795924094824
10836,-1.484813513461186,0.2821793927085829
10837,1.9713659092252027,1.0312717601392754
10838,-0.9144289421827221,-0.0015475150812219313
10839,-0.6383734055291853,0.8040737017650998
10840,-0.5706732494644632,-0.17340134744098795
10841,-3.4635940777663974,1.7271093432252775
10842,3.6855253229751512,2.111446171317569
10843,-0.17981724839728724,-0.04097598254662589
10844,-0.7613678028403446,-0.04864048886940425
10845,0.9318544609176631,0.034689711014358124
10846,1.3320990947509168,0.2088850976784481
10847,0.6544255411088501,0.11926594626930441
10848,-0.6855118236379323,-0.22317848145778235
10849,0.44333003738415866,-0.05677248337654993
10850,2.0754605901036025,0.7984470900449
10851,0.8137529292684935,0.09593548513544496
10852,-1.5290347556803874,0.10770192823510057
10853,-1.1998316722824607,0.0877433165428299
10854,-2.1671740308381318,0.9229642141479487
10855,-0.8943633270396582,0.836696146586065
10856,2.7708839549897877,0.9797270749894536
10857,1.0951650205045358,-0.06420868521128997
10858,-1.6051151812394893,0.03172657194463581
10859,0.8586361890514014,1.4933498372390552
10860,1.9600995805357821,0.5717316785810342
10861,-0.3748192034039544,-0.11656438348220897
10862,0.22304743624632561,-0.08139396793549919
10863,0.18395871945656372,-0.15064534668252108
10864,0.9115120642016719,-0.04865189662741065
10865,0.6890915650221884,-0.2240941815473455
10866,-0.5839077754364694,0.18345916160872733
10867,0.35357204485968097,-0.21520658292901518
10868,0.009052055988434948,-0.24164297629526443
10869,0.730993943152482,-0.12931501609354107
10870,-0.2265293842275173,-0.13807986653268017
10871,-0.09756499718430595,-0.12689132169878084
10872,0.404081538590632,0.08638004653893232
10873,-0.4058115873139318,-0.07057377153743073
10874,0.7214408866882409,-0.22461068789627853
10875,-0.6379049752685024,-0.2866968562676333
10876,1.0370563911896862,1.4191699442365164
10877,-5.671164204807264,2.6824987401448825
10878,0.9847790227968081,1.0905394279657026
10879,-0.30012081729449935,-0.06972988670597503
10880,0.9564931838538884,0.023471157168859544
10881,2.298941471314073,0.7176946464179659
10882,0.7146195637248717,0.29464317894846764
10883,-0.46833839000824695,0.10262367261691831
10884,-0.5445361276966137,-0.22067976854896182
10885,0.11131892048507042,-0.3743013882355814
10886,2.6614219247319992,0.8688983251574324
10887,-0.4528734059799091,0.22546858063821434
10888,-0.2588081310927347,-0.3860885412408113
10889,-0.33409814051597253,-0.3520639580405351
10890,-1.3342741093162478,0.09654435539939131
10891,0.16820648452003972,-0.2363760722329854
10892,0.9852801651201697,-0.008797114928220828
10893,-0.13492552270393918,-0.346490831585091
10894,0.3339840623224505,-0.1413556674395745
10895,0.27103160917461677,-0.03626040478570312
10896,-0.6180102321961282,-0.16351090073731092
10897,1.7555092586935412,0.6451987162775407
10898,0.3643063049150602,-0.2293589944751212
10899,-0.5963894550291415,-0.30713516840241745
10900,-1.2755197447696809,0.025851022766665385
10901,-1.0111684134800454,0.2575665509418827
10902,2.084885847134612,0.2863570192307576
10903,0.5987174009122582,-0.3326269049169742
10904,0.2709611233945314,-0.3296408168324212
10905,-0.04810786967778316,-0.30191756438939826
10906,-0.37286693516621466,-0.27990658540282615
10907,-0.09711674013593127,-0.45226215041289014
10908,-0.27710288412405304,-0.42524684827573106
10909,0.6505732244372057,-0.20359914355146685
10910,0.18012698516565784,-0.3748563878395528
10911,0.4793369116092002,-0.39340460126990523
10912,0.5988432259255905,-0.33312087128387696
10913,-0.4787246293797627,-0.34892233175188186
10914,1.059368472690194,-0.2439912557518117
10915,0.7039031075511882,-0.07012446044752194
10916,-0.25035161490299745,-0.22578287351959803
10917,0.41424542148932053,-0.2780078260580383
10918,-0.9205221388197612,-0.13225026968060022
10919,-0.30427150312006346,-0.13104849739691155
10920,0.5931042033864259,-0.2835841307045887
10921,-1.078746375370006,-0.27924734058226003
10922,-0.8611071640828017,-0.2671382896567064
10923,0.46772993413267516,-0.39249811112281063
10924,0.6431485820262891,-0.22061291895917573
10925,-0.31689595812851984,-0.44174180106689503
10926,-0.9851441453341364,-0.09991600039853421
10927,0.6005569046331811,-0.28548724715937585
10928,-0.9940990605354912,-0.16831780090228726
10929,0.690526981475996,-0.037117782255606066
10930,-0.3142413028623021,-0.274094417732279
10931,0.14039083907659788,-0.39794855133712376
10932,-0.4059863266901145,-0.33183258371274
10933,-0.2617238988260503,-0.2075548366843285
10934,0.4081011731749179,-0.4363927166803829
10935,0.53823433101908,-0.4116316501235277
10936,0.14943787839882566,-0.3963118886139223
10937,0.42982543960295616,-0.5006024562136481
10938,-0.5462355836440009,-0.21289091886578387
10939,-0.4009628110126595,-0.41247399028263537
10940,-0.017151367011017854,-0.37519284218184695
10941,-0.01149677609118055,-0.49333092979402315
10942,-0.5090658291971155,-0.3753119002551919
10943,-0.1142553195396736,-0.08667879940758869
10944,-1.0841663928858316,-0.07283027375538867
10945,0.460605611074123,-0.31922439902862026
10946,0.1948664311293405,-0.32855682740370146
10947,0.3850043023372405,-0.38198784277025327
10948,-1.0304253403766834,-0.216155398661592
10949,0.08919968874931206,-0.23453856912983123
10950,0.8129319693590902,-0.18801567364343758
10951,-0.42425790703749333,-0.33001713067967425
10952,-0.5285494090579826,-0.3559141926939592
10953,0.7703877152710326,-0.3045256207097575
10954,-0.7949434043390635,-0.2515258563463384
10955,-0.6354735380504504,0.013406300794562329
10956,0.02650898554179537,-0.0733069987214544
10957,-0.10305214866283144,-0.2964242311487581
10958,-1.2392549568792517,0.30142625765153175
10959,2.0203292794664933,0.44206086027499086
10960,0.18066505111580278,-0.43571500591398643
10961,0.40434141998968476,-0.39732493267969726
10962,-1.1009862894668045,-0.20630587489825508
10963,1.5682311558855937,-0.03503170276620012
10964,-0.06796040470974798,-0.32468779344225657
10965,-0.04968558070929782,-0.2626761280265417
10966,0.25050316826865054,-0.2690876955806949
10967,-0.700783047736204,-0.3187251891830576
10968,-2.1798412158988487,0.42627790082133254
10969,-1.659954772556048,1.6403072631842854
10970,0.1744798985648423,0.7060481390481516
10971,-0.3509814468468726,0.9052001634718752
10972,-6.141300808596403,6.557594609367107
10973,-0.23447704546803583,5.805609834939231
10974,1.1739762643972185,0.8039403753839972
10975,2.00733365089425,-0.7864114492729599
10976,-1.082158366109352,0.288919793243611
10977,0.6180309976826448,-0.12694987245327014
10978,-2.239499804551655,0.27130756219379965
10979,1.611439903501856,0.31052782956531577
10980,1.9542850338036262,0.2624085526604068
10981,0.45707093096862617,-0.029892705766646682
10982,-2.7546156001549096,0.5253486214790383
10983,-0.0004005096944865727,-0.17139422578397845
10984,-1.255327068050082,0.11729675976320904
10985,-2.132234218367283,1.2406034518190188
10986,-0.7616466613313677,0.41706740203697257
10987,-0.08115110466184214,0.9922919011157398
10988,1.3360961170177135,0.40940560115482905
10989,0.9481845130751809,-0.11635827750137887
10990,-0.00815071778087395,0.013169950534191302
10991,0.39224412262550257,-0.049603698584199114
10992,0.1451131372400124,-0.2988894519606453
10993,1.157860795798789,0.04194966188884061
10994,-0.6212302288543207,-0.22323525943307415
10995,-0.18562243451908228,-0.40323249273463513
10996,-0.4600435816138478,-0.3550916944930919
10997,-0.33199238150819543,-0.22502874870706358
10998,0.2376996215801228,-0.25023211001284984
10999,-2.093848691628067,0.8431868745853452
11000,-0.8606144004267064,0.6592487102685312
11001,0.258898495808944,-0.06093824998925949
11002,0.5312642818859961,-0.11189810182726335
11003,-3.411284189562364,2.25615061099359
11004,2.526122076815919,1.3469759409167334
11005,0.9724506570959908,0.0009804380549524594
11006,0.6098666250897601,-0.23409251908099055
11007,1.3759969315091247,0.09597295280689404
11008,0.0582382189922081,-0.22213666840682295
11009,-0.05695473313831495,-0.44747674091642803
11010,0.7578862360573886,-0.05201975270083095
11011,-0.3894635382894169,-0.168206152509782
11012,-0.11312199134545248,-0.4448322162048873
11013,0.1675026337465848,-0.3211086452400978
11014,-0.3709046668967786,-0.32294574982485796
11015,1.497141050524141,0.7662937252651123
11016,1.1147635779008092,-0.00016021741078237062
11017,0.33070439806983865,-0.2343410875489237
11018,-0.7089693654728619,-0.15999324027533812
11019,-0.050022741193458786,-0.40625457803012105
11020,-0.1655651195613455,-0.22478465576861123
11021,1.335198257339754,0.06277402873451897
11022,-0.5454833269166446,-0.34898943343965844
11023,-0.7344210861942708,-0.351169104541056
11024,0.7872476810041671,-0.26260107649451125
11025,-0.34481670833170697,-0.4413681914529825
11026,-0.0479990676164076,-0.521588800431208
11027,1.0941038938477157,-0.09526159602192182
11028,-0.7740393759331899,-0.12199024139132958
11029,-1.8403192495771754,0.11262026460967432
11030,0.32093243725849185,-0.03406433018594518
11031,-1.8986050524751583,-0.2555278633381366
11032,-2.394848998865461,0.25453302441168607
11033,-0.34530293879409685,-0.06506705730706946
11034,-2.4561079701334045,1.5537514375787387
11035,-0.2372654207576699,0.17908232796413714
11036,1.1670728465996794,0.4350263393068757
11037,-5.603916377037233,5.225524972007566
11038,2.410576764173852,2.4222588035810193
11039,0.43461460120610396,0.1695360881835032
11040,-3.115603490047724,1.077766788937407
11041,0.7025675315044135,1.3087260755908199
11042,1.507615902722598,1.5513497480488474
11043,1.451620272457759,0.2896959941383917
11044,0.33781366437189464,-0.2359959953292763
11045,0.7937630480877615,-0.056887135372604834
11046,2.0450672315317044,0.12682542159953109
11047,-0.972371674037029,0.07085247294443785
11048,0.6700060309840775,0.08235805727834182
11049,0.8691737947949674,-0.33238968961505694
11050,-0.2994809642716555,-0.09962937610784968
11051,0.014375426720516338,-0.3367292605565379
11052,0.35787905714262636,-0.4363500194592508
11053,-0.45622645848269183,-0.1842221044585624
11054,-0.5391971512644447,-0.21501105686995098
11055,-1.9990696772652035,-0.04311562822071914
11056,0.31370589428680173,-0.07945664943166253
11057,1.5603361360496,0.1325018179569321
11058,1.8750934070275664,0.2328449909278632
11059,0.3437008481451649,-0.1436567260168862
11060,0.5180226785238415,-0.2934083289070252
11061,-0.4138079948374682,-0.22844215959334824
11062,-0.47273044955915317,-0.237051863815402
11063,0.3546191803375365,-0.2504808657617781
11064,-1.5455477681579426,-0.021583860379412803
11065,0.8164920755618268,-0.12110355826593973
11066,0.388753498820549,-0.0481847188087577
11067,0.2286545675854605,-0.08972834133924229
11068,-0.44992635246896295,0.39462303429330076
11069,-1.8782242840264172,0.362356228393871
11070,-1.0741048630372283,0.6326229922886342
11071,2.160019884597003,0.19885147776755913
11072,4.203119044398159,3.015553455705736
11073,2.777290121188092,1.5931784164133356
11074,1.9524072240410986,3.7143595430508434
11075,-1.8307609034606074,1.7152839371142512
11076,-0.7412014515046655,0.47699019272068993
11077,0.2875579726123354,-0.0755528530047342
11078,-1.2955658522524773,0.3233229771224668
11079,-1.7529848557661722,0.5681709631569503
11080,-1.0383659255078797,0.5532514100709545
11081,1.433327914605718,0.29046329524661507
11082,2.4913537005553548,0.516115294639365
11083,0.8199523587844113,-0.024528168042597553
11084,0.5535606670623172,-0.3296513300541009
11085,-0.4559909973407974,-0.16856813949453983
11086,0.8690887831619538,0.11386478655691014
11087,-0.015472104468795989,-0.2657043439590002
11088,-1.0198778005696587,-0.15752229191193312
11089,0.21207876141681936,-0.3719262595073019
11090,0.7336693848881415,-0.224636929824774
11091,-0.6127093975891156,-0.29472028559529134
11092,-0.8540245078981407,-0.1950298720395217
11093,-0.38615412738361654,-0.12040243100266898
11094,0.35552273179552285,-0.3330179384740724
11095,0.13297994654663658,-0.47990946514261273
11096,-0.12716077873835496,-0.4749371565962505
11097,0.43828718131689715,-0.3875223140987631
11098,-1.1918617897248145,-0.2819323080455687
11099,-0.709582314773716,-0.30346761761331403
11100,0.1584890667135051,-0.2818521896852734
11101,-0.6539522086530379,-0.5459826395887416
11102,-1.2614914572373266,-0.25635233110347366
11103,1.2556573513094034,-0.06595704101674044
11104,0.5001649353124219,-0.28581943818780936
11105,-1.1704808169298935,-0.28030048599723234
11106,-1.477910929098504,0.03211663492297455
11107,-0.273863890173738,-0.08749610592839259
11108,-0.13493083394615335,-0.23780586514103313
11109,0.25621061494836894,-0.3571887112419556
11110,-1.2939038963082719,0.4361581939933214
11111,0.040550603797759655,0.1355882587706137
11112,-0.424027108052038,0.5139202248845223
11113,-0.6024840237607761,-0.14023579726992647
11114,-0.15381344995178142,0.04252413423151201
11115,0.033450401297727916,0.08532658313482532
11116,0.9552116102539199,0.1339518215159563
11117,0.5959218733405873,0.3846747121203385
11118,-0.04336436010693498,-0.1284784226343241
11119,-0.4723596413726358,-0.2475653759566231
11120,-3.2334758120703135,1.196308919588348
11121,-0.8587984735276601,1.0393474938789193
11122,1.2000682898695592,1.0291086987911462
11123,-0.870955413108351,0.20567255179148203
11124,-1.8399176876578007,2.5033441106300582
11125,1.0779196157426199,1.6625820937422813
11126,-1.340601465877898,0.5874910452659059
11127,1.0698629751983255,0.7970471667617093
11128,1.906936000074992,0.9783174738238887
11129,1.8781037210744236,0.7132791759191022
11130,-2.4406093009593604,0.42428761253716163
11131,0.8226580281614035,-0.2206013258768777
11132,-0.5848118672590134,-0.2576316205513987
11133,-0.452638972368377,0.15970368546029623
11134,-0.48563476649935444,-0.09842161005719524
11135,-0.3503085687161889,-0.10310256053570796
11136,1.414107834701082,0.011276344655999707
11137,-0.44146192767534403,-0.21488323668146952
11138,0.5888751384392152,0.5563810430958842
11139,-0.08500512222528173,0.1983424269569749
11140,-1.7058772880094235,0.28413580792887044
11141,1.0241805223836882,1.6715408236427076
11142,1.109474102712014,0.14975418906614757
11143,1.2074522009640138,1.2413235579606707
11144,-2.764046403557892,0.8641957558907687
11145,1.005301778056186,-0.032578556393153796
11146,0.2834216814178059,0.13878502263678355
11147,2.6075192635164126,0.8011347153181622
11148,-0.5260607306883065,0.04319502886881195
11149,2.119660380370495,0.432884522079587
11150,-0.05028347183907983,0.2741247545775409
11151,-1.139521244278868,-0.13346757486658595
11152,1.3503101417924124,-0.09990499506834656
11153,-0.09173104043678776,-0.2745820146192585
11154,0.5085784312725035,-0.053811240308234615
11155,0.8671783027459385,-0.1826331935854928
11156,-1.2088403690131075,0.12208313559436977
11157,0.3200104917778175,-0.2679429175358856
11158,0.4513945147468097,-0.04788998883360426
11159,-1.640396756725112,0.14854108963502227
11160,1.432002896884471,1.1181310102663455
11161,-0.7409909052200184,-0.14437145525591139
11162,-0.23501210515655827,-0.26774551074964853
11163,-0.0040969860275612,-0.27684285310711476
11164,-1.79715179422507,0.851223447625587
11165,1.7985100611724794,0.32532709123788484
11166,-2.330264134774099,0.4860277915427243
11167,-0.794739293986376,0.40102537667524435
11168,-2.9603930564508913,2.0900659423143804
11169,-0.7632374992516302,1.1336213631370846
11170,1.471426832308306,0.2071938223936038
11171,0.29097937446181943,-0.05107226460279675
11172,-1.552203213877457,0.04080343780014359
11173,1.641731044324993,0.07103438486481793
11174,0.4691988368698592,-0.20730046552483294
11175,-0.3927378624966287,-0.02291235863920428
11176,0.5319881640885673,-0.22993382260805972
11177,1.9832534272414484,0.23528764047054845
11178,0.7579297549647437,0.19021367744452283
11179,-0.27019567964871055,-0.41686315405743246
11180,0.4055279350187734,-0.4412710325542977
11181,-0.5497535264860365,-0.3481876061033195
11182,0.8613113461039439,-0.20046315347513538
11183,-0.30309029506060553,-0.13226568391979
11184,0.6950280415115583,-0.27667653709134754
11185,-0.34574102876151847,-0.26862519459058176
11186,0.4146300934750321,-0.4754796047049382
11187,-0.4574205284472069,-0.4965564628125142
11188,1.5016092858433687,-0.18979879237420744
11189,-1.2376339097986762,-0.04165700329391038
11190,0.10741947956330244,-0.47687508974501897
11191,1.6215994508224165,0.07218886770900944
11192,1.2111180502265482,-0.19126845634731093
11193,-0.32489499089716056,-0.24709225539551344
11194,1.1372380961094872,0.001169714958399709
11195,0.15891741670270232,-0.1796059596562561
11196,-0.7251024075430625,-0.24950621601190887
11197,0.45313362266589885,-0.45188030348582
11198,0.10815383566060055,-0.4433839434915842
11199,0.12400047566340588,-0.4265741897503424
11200,0.5982309444923453,-0.4633817831545813
11201,0.13747066921894813,-0.42237388211803967
11202,-0.442171947633852,-0.4389918577258231
11203,0.3786849757480406,-0.4916359875085705
11204,0.17944928743459476,-0.45414341346241743
11205,0.7007431010461256,-0.25731816108554917
11206,-0.6751878018216464,-0.3001448880587072
11207,0.4483427462528857,-0.38337484786875525
11208,-0.34234542539376384,-0.4418824801149382
11209,-0.09589547517980168,-0.48824767921048756
11210,0.3929418994407783,-0.375817022234096
11211,-0.6395940397290282,-0.4574940748255537
11212,-0.7019538624174436,-0.3983047166590565
11213,-0.5475945154574211,-0.3842915306887326
11214,0.9049437757497814,-0.3831516365292058
11215,1.4615649535331627,0.16903145951793874
11216,0.004166254473735476,-0.1110994240826681
11217,0.10308228781066064,-0.43393275689108907
11218,-0.11159397888795469,-0.3991415409207352
11219,-0.5680558409854021,-0.493125676698265
11220,0.29635788293534815,-0.4992344103574426
11221,0.16691899953176026,-0.5319064063664051
11222,0.31942905753220274,-0.5077962350994791
11223,-0.22420007443480328,-0.5562069473312437
11224,0.06080259755785433,-0.6109172518401845
11225,-0.29732227235480024,-0.5777846240281166
11226,-0.32780179055635095,-0.4901789142692934
11227,0.4614633095008107,-0.5134312789048666
11228,-0.04131406993156428,-0.5157739529178987
11229,-0.11902067220961343,-0.5708307618952957
11230,-0.2917247071928171,-0.45217844988233474
11231,-0.03418999298933745,-0.5214283237426934
11232,0.021177053929951506,-0.44025892201895744
11233,-0.22970641390364188,-0.5209622171070765
11234,0.39831758436023,-0.45621261407790575
11235,-0.12559221947945415,-0.5576892171443019
11236,-0.0927760370361424,-0.45570518323745113
11237,-0.21407864778583877,-0.529797171611151
11238,0.11991085917284494,-0.6880352266913761
11239,0.669447214827573,-0.37807590664615914
11240,-0.07424384761480651,-0.4602559271486132
11241,0.3198033942589176,-0.4475042456907124
11242,0.07657573246345195,-0.48437538223085747
11243,-0.34315012109489706,-0.5637511854869643
11244,0.30466613376110663,-0.5379522215949765
11245,0.24976044641139716,-0.4737481749527625
11246,0.2024498903605918,-0.45692096930102594
11247,-0.018308521517674092,-0.4623036873884347
11248,0.96237561749391,-0.16590614517526037
11249,-1.0025597952332381,-0.37220469500275816
11250,0.29933064787460684,-0.5096370392734835
11251,-0.776127528852357,-0.26172078618615185
11252,-0.4694655513938387,-0.33556437282112456
11253,0.2568626699634359,-0.4690312685908808
11254,-0.20039568401604824,-0.5031480796038581
11255,0.49950212345495826,-0.4755182498953924
11256,0.14349730401749944,-0.6672002950781164
11257,-0.005375092730824815,-0.5526305521398066
11258,0.29617935286211117,-0.4762673785762902
11259,-0.33835347833274687,-0.43775268310110554
11260,0.8017145762192031,-0.3584502105829825
11261,-0.5598638656517836,-0.31398217434813896
11262,0.1645382419184941,-0.3974288239577925
11263,-0.5699561434478502,-0.10836449920101134
11264,-0.05775853162757216,-0.40957751479114285
11265,-0.34711538516014495,-0.26958347854850906
11266,-0.4654992525378899,-0.31906585399492216
11267,0.10642163343326838,-0.330101149585415
11268,0.2428741657660013,-0.5574011500007882
11269,0.605142287682878,-0.34309367652213363
11270,-0.5990732435273682,-0.29074364259652785
11271,0.28732957889043353,-0.4661019874146202
11272,-0.31174792150352276,-0.371349008039499
11273,-0.20899591166677817,-0.43875942911054394
11274,-0.4761417499929246,-0.4742010316580122
11275,0.18652575909611163,-0.6046440871783062
11276,-0.7625865411464927,-0.36768819665474056
11277,0.2406688223786222,-0.5581354428424921
11278,0.18884865446729715,-0.4132462873109076
11279,0.06660988577083465,-0.2771150284397966
11280,0.3741188118123263,-0.4803416543889415
11281,0.25426981341981403,-0.4951761374768564
11282,0.2491979905877429,-0.3648927708692682
11283,0.05973360442136255,-0.5490954621885071
11284,0.3240015256888322,-0.5035237840946425
11285,0.4206992839796979,-0.4334452840585212
11286,-0.7192845284004461,-0.5260593315778468
11287,-0.5089054063097587,-0.4847659789000904
11288,0.4363598425692239,-0.5635027931887605
11289,-0.27142526728706917,-0.5179490453348969
11290,-0.31697403972925053,-0.5265655128555421
11291,0.38364207967336905,-0.5264720445024105
11292,0.10027128335901914,-0.5609580758674512
11293,0.41991451182751316,-0.5254395636970446
11294,0.3246412483230334,-0.2550849149554217
11295,-0.5497935937467988,0.007227308525223089
11296,-0.15989520233317406,-0.4380169806288772
11297,-0.32386442269001803,-0.49624100879388516
11298,-0.36264818251538017,-0.3918093502602779
11299,-0.00014258512177844906,-0.5414108433364428
11300,-0.30339097900370804,-0.5205050818647357
11301,-0.19589633255569763,-0.4303304086318953
11302,0.0394737996511626,-0.41188789460416636
11303,0.11914427978143216,-0.5362517722660196
11304,-0.15695885409965615,-0.5844196622460041
11305,0.46190351373643435,-0.5152181720272663
11306,0.6756401769346608,-0.33637982017923324
11307,0.3324404573483333,-0.44401425273205003
11308,0.13532588351888364,-0.4616348435082927
11309,-0.45002811429214606,-0.5543071031623639
11310,0.3365219410151177,-0.4875646557926185
11311,-0.235361979399821,-0.5391740407100766
11312,0.315618092666891,-0.5513967440890106
11313,0.5056738769489159,-0.4079486104474406
11314,-0.7048498720108433,-0.19084017964658778
11315,0.29159809809082426,-0.5316697817452338
11316,0.2333248253605581,-0.5929938054975538
11317,-0.2464244166138629,-0.6113506975427567
11318,-0.054823183180106094,-0.5385759160667861
11319,0.2215993185807238,-0.5626293568501246
11320,0.16768307766878465,-0.5300220860885769
11321,0.022593566841729584,-0.6332797635638145
11322,0.054028843579296215,-0.47333277450213834
11323,0.3528036966940242,-0.28896724859072964
11324,-0.22228059772386327,-0.2575036324697029
11325,0.03134747776973179,-0.43754779287643225
11326,-0.3797879444460901,-0.41347491939803915
11327,-0.2745699514657126,-0.5803099264771232
11328,0.24457880701430812,-0.5554354241901391
11329,-0.5533318015983215,-0.5584281835480541
11330,-0.16061656058989454,-0.4643329529896732
11331,0.09339858140905055,-0.5970750086369617
11332,-0.023658699024144553,-0.5265358242486623
11333,-0.38149968656833866,-0.5582355408336769
11334,-0.13315722836109672,-0.5696555743660487
11335,-0.44510212947092354,-0.4180778169870671
11336,0.15503746946321967,-0.38014966119424615
11337,-0.08419746448476673,-0.5038678929580062
11338,-0.12996948083823265,-0.4912430714195762
11339,-0.10313514464539777,-0.5757429847381093
11340,-0.2315339111910566,-0.4749842297874753
11341,-0.10757037997238544,-0.3693157600562305
11342,0.7271495025808407,-0.4886624167379642
11343,0.22721364365489438,-0.47605478724338074
11344,0.8784406684872095,-0.3822379856977701
11345,0.338720525301219,-0.10361656634127997
11346,0.1888979741227746,-0.39686783629742
11347,-0.1659907036768189,-0.3895358131364462
11348,-0.6017041688057357,-0.39537739614815764
11349,-0.37363772394924905,-0.4383109823345267
11350,0.3926321139672856,-0.37374204324762506
11351,-0.797016935786884,-0.46841189538346734
11352,-0.32431124079825757,-0.37512345689012566
11353,1.1556837385685157,-0.37815933888066133
11354,0.04577047551898433,-0.4472476229591816
11355,0.10384022748714139,-0.39565377403564056
11356,-0.4914987770106978,-0.3527992476756889
11357,-0.11352434714896828,-0.3996167869625899
11358,0.3878873239924352,-0.41362968717638054
11359,0.3328734911333602,-0.3914103455769215
11360,-0.6181285700377963,-0.38656394216196854
11361,0.16377826151657138,-0.34308743943410336
11362,-0.3800394353471389,-0.35308818444580614
11363,0.4624383626242161,-0.3374084964282489
11364,0.22039550984333722,-0.43780213882865016
11365,0.7741529087354764,-0.48153665505520965
11366,2.1085040488320286,0.966314774098447
11367,0.8754741631516523,0.4762369374000877
11368,-0.3563545657866114,0.5771390041181048
11369,-0.9780571062540144,0.3238721962522475
11370,-0.1725730846581286,-0.13015468841061473
11371,0.521880470652644,-0.23152088446541336
11372,-0.20261902624149047,-0.4052122279745922
11373,0.43441193885075147,-0.17771248282293906
11374,0.5228691509909154,-0.18644905306345527
11375,-0.007919139023621485,-0.3536664595472651
11376,-0.5483241339085588,-0.4914785525971713
11377,0.21199107932087596,-0.22639475983942875
11378,-0.2142996840753803,-0.42689672034669046
11379,-0.3911809025256301,-0.5234886242240083
11380,0.027999908410579755,-0.5962291079347709
11381,0.021418745591787525,-0.5192759911449208
11382,0.7890685085086275,-0.3186531297562783
11383,-0.037118465043415205,-0.5856150694014688
11384,-0.7245243305877522,-0.5506883069704304
11385,-0.45674006360036107,-0.39121816972528184
11386,-0.45658507684741745,-0.4097635556924063
11387,0.7356242842182201,-0.43747786709839775
11388,-0.005096582363701474,-0.4319702084280553
11389,1.0878376357757058,-0.4241153888996601
11390,1.9432637159538793,0.8503211993658988
11391,-0.3584066647752693,-0.20462180914384642
11392,0.20151050675908555,-0.3156049419109765
11393,-0.8844989104711545,-0.23463058166193917
11394,-1.118249309769412,0.16041237515863133
11395,0.7376218418621163,-0.2866839081343413
11396,-0.12169964636855982,-0.5818916885329272
11397,0.45531467588018937,-0.38794765801497755
11398,0.26040820591894187,-0.4609543516147382
11399,1.1857167538291788,0.6761701276257007
11400,-1.2439050565436276,-0.08187612867031176
11401,-0.25736015297282727,-0.38274436780719195
11402,-0.34241538950295225,-0.1288980845988389
11403,0.15538156785594565,-0.3196267895353952
11404,-1.1392987554037874,-0.21131666526044413
11405,0.7914802788962982,-0.19910043639378777
11406,0.5314441201649078,-0.38548224502413514
11407,1.8473077596607594,-0.20004356683188596
11408,0.9156947453780033,0.3612767548140489
11409,-0.3309197805582489,-0.14845390677302683
11410,-0.29732312678208506,-0.3406436976782685
11411,-0.2054603678183771,-0.29279390112376663
11412,0.38204559506927127,-0.2712390908642086
11413,0.4569035634333021,-0.4949700029837784
11414,-0.2879807437506384,-0.24625186549140066
11415,-0.09480576531568546,-0.3555165771538658
11416,0.6825514954785462,-0.23042642863209262
11417,-0.18694283747087623,-0.3570096064452115
11418,0.43351017741753406,-0.31823025591755705
11419,0.5376716714399123,0.00652976156541063
11420,0.46724188353662055,-0.09689350892806681
11421,0.26301922978280623,-0.14606864483243026
11422,0.11127382011202541,-0.15171657624860707
11423,-0.8865783320068649,-0.12834121751752087
11424,-0.10343330502081219,-0.40741406204009867
11425,0.20976923316862317,-0.42248158734102087
11426,-1.9790679359841294,0.35471621141018
11427,1.0519447424225892,0.2369466717472844
11428,-0.6587516618024473,-0.16717846836424788
11429,0.1947020978987778,-0.37072541026988776
11430,-0.3306894105140403,-0.23231646985684212
11431,0.2859713205898824,-0.43207918879064544
11432,-0.5114123837441914,-0.26749595429395245
11433,0.4649924650490864,-0.41144516961831085
11434,-0.6499018426525152,-0.34638846436286835
11435,0.12606366003412994,-0.34253660125979335
11436,-0.4929213071593591,-0.3498568913680697
11437,0.9987378286230095,-0.3924393723951177
11438,-0.8531115475749361,-0.3677897974795558
11439,0.6457871581545395,-0.4334081591860979
11440,-0.9660806789907406,-0.11493547807963986
11441,0.38915528405677646,-0.3368066322575704
11442,-0.5650903160150009,-0.39409687273087934
11443,-0.4466896583918323,-0.20393973600780585
11444,0.9088145131162817,0.002041790119787626
11445,0.48016422265466685,-0.4093010295933592
11446,-0.09968182512306406,-0.3331857895993892
11447,0.41718959934821,-0.27447221496557933
11448,0.24511678808044768,-0.29866698080527826
11449,-1.0311525051864299,-0.14389091593665773
11450,-1.0700293979885815,-0.049888768631299464
11451,-0.8326101973756378,0.4551164822209773
11452,-0.00923393755226709,0.40388267366511743
11453,-0.6485556837440172,0.24626992596843456
11454,-0.28700839394165834,0.07641118901011583
11455,-3.4932238470889594,3.139773398314218
11456,0.9450965968085394,0.7963256150577853
11457,-1.3677797317972882,-0.05528087953496867
11458,1.050985729709988,-0.37762458958287004
11459,0.6827190791962152,-0.03397526999728284
11460,-0.9380290360591524,-0.28680858100352397
11461,-0.06836188437908058,-0.15502224636788192
11462,-0.5391686955312155,-0.10384529031620184
11463,0.800472441081272,-0.18843888366042966
11464,0.5137931929258858,0.01669510115177307
11465,-0.9735884127627968,-0.20369321321536532
11466,-0.5540778707251695,-0.41170878581122333
11467,0.922497800687812,0.881944556820645
11468,-1.1117301116619915,-0.29572405618770736
11469,-0.39182025704732115,-0.2974495577713762
11470,-0.0779183012147934,-0.0043848585481034985
11471,-1.232570249590973,0.37247330306638815
11472,0.7901097114430828,-0.1657429338622966
11473,-0.28058400211462814,-0.38953292242408016
11474,1.4191501340888708,0.14826217447075013
11475,-0.037428456542929006,-0.3941841808142467
11476,-1.8774734748798336,-0.06440175359426528
11477,1.1296886596159457,-0.05861926646085609
11478,-1.6386390174166652,0.07294110097633848
11479,-1.504142455430359,0.35246851403776785
11480,0.671214632175029,-0.2610604395765579
11481,0.43051380739029377,-0.4402833681574703
11482,0.224606600940492,-0.3540997868289804
11483,-0.34258111428948645,-0.27841920096134376
11484,1.9228912051659028,-0.148898156145091
11485,-1.4081912014936688,-0.14301922081280283
11486,0.03329332376391814,-0.2698744944053033
11487,-0.29721176326539733,-0.45768072414376243
11488,-1.5713848511698694,0.48930123108125906
11489,0.3655735766054794,-0.40342441325675893
11490,0.27658961453315456,-0.3739291043299607
11491,-0.3205656319980308,-0.37189440371544386
11492,0.1744116456862631,-0.4177808046603935
11493,0.46358113023137926,-0.1773717442847595
11494,1.4699569365645568,-0.026912507329396207
11495,-0.10524334018420303,0.15919397057032036
11496,-3.1956171449996034,1.1951721057420643
11497,1.9626925193340363,0.1305693817295006
11498,0.08209569979554415,-0.4662876711097946
11499,0.8106177025943957,-0.23337767489603606
11500,-0.3634846689920401,-0.4426148298876644
11501,-1.8990192461509559,-0.3552026451624278
11502,0.44275508318713763,-0.33085624612680514
11503,-0.27679066752004117,-0.19525115166607154
11504,-0.35872635272590586,-0.301632666458479
11505,-0.058834900967014825,-0.21616737450924067
11506,2.7444160767753307,0.18924689915870363
11507,-0.4917592380896816,-0.319794354876735
11508,1.0800621977933813,-0.041342742460139165
11509,0.6491219572266085,-0.08369726932329355
11510,0.5106861832409646,-0.23963652965780974
11511,-0.6123104885087288,-0.3906471070465895
11512,-0.6282690188287332,-0.454168662484484
11513,-0.33260297132109873,-0.4272160560931176
11514,0.3065103946991249,-0.3623596473567544
11515,0.3477159485891229,-0.4610085568768005
11516,0.735149014128903,-0.42099690507092297
11517,0.44906741071022027,-0.30377466289611676
11518,-0.11390781806883093,-0.3787388430958852
11519,0.46227355883895305,-0.25517601018578684
11520,0.4221742334206988,-0.2699850933341967
11521,-0.591518434043875,-0.1219777489425467
11522,0.182925568075619,-0.32148148851058594
11523,-0.17510568213955602,-0.3664516081113632
11524,1.146878117333972,0.231592470998228
11525,-0.01643101205736172,0.25927351393869585
11526,0.07009214730923419,-0.3597150976632331
11527,-0.8000491646303616,-0.4108642260366912
11528,0.5109433187622905,-0.45914854343980077
11529,-0.3767855776254241,-0.33708328958161393
11530,-0.6641898683393351,-0.3287609427040703
11531,0.4932893875885048,-0.41692847277727946
11532,-0.1595827970923008,-0.40419330831948286
11533,-0.3042732117653826,-0.4539172697645247
11534,-1.242688180248347,-0.11939963779895317
11535,0.294402828248455,-0.2827418963426245
11536,-0.8290641212670733,-0.2898479062895694
11537,-1.0639214620709203,-0.08119235280613102
11538,0.9679629628900377,-0.19607376189868359
11539,0.3736103453065893,-0.49125863799052355
11540,-0.36955442165359026,-0.3971623177124792
11541,0.5473967505274353,-0.5079626828945594
11542,-0.2522299721834639,-0.3754279176433306
11543,1.7632812728214122,0.20210079415451127
11544,0.6129974801758592,-0.14794543261949028
11545,-0.5794784057247987,-0.34928025310298905
11546,-0.15225386419215092,-0.29555890584573224
11547,0.38354758240044107,-0.3122877210387842
11548,-0.7603605792886294,-0.3067576895154965
11549,-1.3801437398006233,0.030403179817948434
11550,-1.4861451156137597,0.8785933060347021
11551,1.2043709182815987,-0.12204017526250706
11552,-0.5511628114003888,-0.27618260473198947
11553,-1.536637780560934,0.9485858343312721
11554,-0.22484293683665507,0.10651212324960756
11555,-1.4059620539981257,0.012896077717630391
11556,0.007204848716285683,0.22821343419080126
11557,0.22510881768951058,-0.18070035346074104
11558,-0.6751303384364316,-0.07922303516351027
11559,-0.26038193138159926,-0.12608561548446812
11560,0.2937772052180275,0.6143088895649153
11561,1.1636913809437213,0.16937543422147555
11562,1.078510392022991,0.12060689659684233
11563,0.44058643313700785,-0.11464274680910738
11564,-1.0146934112200818,-0.17188906831332726
11565,0.6571309395808991,-0.474141557198511
11566,-0.44422790453261163,-0.3018283306861766
11567,0.41605241713677943,-0.39901187542408517
11568,-0.4185152860286584,-0.38388565269217223
11569,-0.2874501179203577,-0.4442143549472278
11570,0.28868839657119216,-0.4674217102891077
11571,-1.3840602074493333,0.19331778430352714
11572,0.42020590913303135,-0.526064664516059
11573,-0.2639269512715905,-0.4604036350982128
11574,-1.2709266420338756,-0.019159966411981227
11575,1.2372841984134777,-0.009996935112134064
11576,-0.9161085872929224,-0.16330297182782072
11577,0.8788276371817387,-0.3317330218560636
11578,-0.1964353699688088,-0.34143311015747135
11579,-0.2706114519093789,-0.42531522924086645
11580,0.02942873212423469,-0.433042344960173
11581,2.1322369945386392,-0.09091944838046263
11582,-1.2789675087511017,-0.25121725220944674
11583,0.924221070846269,-0.49789545700125104
11584,0.06854708350578476,-0.5299316364662231
11585,0.5783078878565017,-0.5104615629970571
11586,-0.18131727602154885,-0.5559020654799753
11587,0.29900917776541736,-0.4632131733565064
11588,-0.4782504726810349,-0.34569857045617053
11589,0.5803092123901531,-0.4714823361468931
11590,-0.3036077519752204,-0.5116325561505705
11591,-0.9228520661262292,-0.4186835943858712
11592,-0.551901643596637,-0.30649620499130914
11593,0.7769387979305067,-0.3179918243114764
11594,-0.2580961788580084,-0.5086986095027585
11595,-1.0523878438339396,-0.11575798255440137
11596,3.1011930773788836,0.5732007409760498
11597,0.1352938917506436,-0.4433712097611993
11598,0.9478046201428278,-0.45836627640371846
11599,-0.6680650996680841,-0.3576838353295532
11600,0.2957692805832435,-0.4476870501782269
11601,-0.34715667866386596,-0.4849113329768254
11602,-0.08678619007715721,-0.5253890470983932
11603,0.09553916725859024,-0.512011305235175
11604,0.2306208685957537,-0.4719012011137142
11605,-0.43878056325790604,-0.4722930733778034
11606,0.3377934513869648,-0.5540530829329703
11607,-0.5088149967148741,-0.5541155009039638
11608,-0.9573184238088795,-0.37777422534524857
11609,-0.3521656295632696,-0.574546015433447
11610,-1.061908761617036,-0.4175339297475657
11611,1.628906958347278,-0.16658179176693672
11612,-0.12827662127139927,-0.6066809368589933
11613,0.3572137754502318,-0.4470306808677356
11614,0.11401026235188072,-0.551956157734325
11615,0.22441195470045028,-0.5437318371275968
11616,0.14255692618979315,-0.5033951413318306
11617,0.0257654344982865,-0.5383177104267929
11618,-0.5312639261322105,-0.43620821662121806
11619,0.2609522817193547,-0.5010928646608844
11620,-0.6899355138338075,-0.40868516272279404
11621,-0.22634465045633895,-0.503001481960448
11622,-0.6677570590685284,-0.36987093701686746
11623,0.6788051931969983,-0.28089013463657414
11624,1.1184260345828232,-0.20900155122401165
11625,-0.4952723530008053,-0.4525034507587845
11626,-0.6634795277534313,-0.22840650616777042
11627,-0.5527351362073258,-0.21858443413549256
11628,-1.1116602925016836,0.033121475681017046
11629,0.5433453572108149,-0.31838223054479464
11630,0.6685751186913254,-0.29809746310927937
11631,0.16388946930586656,-0.4053299203949817
11632,-0.16958047745416097,-0.32144037238846634
11633,-2.1926271443949323,0.33867825361432335
11634,0.4577236519296861,-0.3393289785322094
11635,-2.1065901968660734,0.49923871788437874
11636,-0.13534386288985223,-0.186374908917946
11637,-0.2981210605659515,0.3164015065795161
11638,-0.6076858864022312,-0.16571566764186152
11639,1.7200583837716665,0.5759066477627469
11640,-1.0677207859591762,0.01114911054550162
11641,0.5952604418695309,-0.11950163252306123
11642,-0.3067037321915467,-0.026718993909765495
11643,-0.6722540415175863,0.0039765000381192656
11644,1.141161579848458,0.36718455891135493
11645,0.6444073594007662,0.015843054110449645
11646,0.5048375590368297,-0.26974550073551284
11647,0.1061474990699392,0.08677568948294216
11648,1.356726255773998,0.10768246474347033
11649,3.2888529445899657,1.4860939758079985
11650,-1.5897621935159414,0.4648132278251586
11651,-0.5649584794032831,-0.008103297815808916
11652,0.3265431536046659,-0.3635110163005513
11653,0.2569719950469861,-0.15244522361448729
11654,-0.0500624152929981,-0.1690596574628062
11655,-0.2144920340540789,0.18128950551534334
11656,-0.402324215329504,-0.07684781568805295
11657,-0.09334641718783251,-0.4315937340620478
11658,-0.15394513059686354,-0.42109178250874346
11659,0.15226623300379416,-0.39854081247709455
11660,0.4149525405261836,-0.3965807028726335
11661,0.12187633372440759,-0.31986193673055113
11662,-0.0932098971502156,0.23863686836824277
11663,0.08514228123236467,-0.1927147581559645
11664,-1.35908780567946,0.13248226576299926
11665,-4.6980647459219576,2.499871818346711
11666,-2.6614755211088323,7.899858876530496
11667,1.1760894717198243,0.6934729399288181
11668,1.8207991782205188,1.4083754411387817
11669,1.6608142781554727,0.667758005858863
11670,1.947692973066319,0.3560686323723982
11671,-0.9191976440564698,-0.14937894142470076
11672,-0.3336026613143085,-0.3441040831289403
11673,-0.0759296694672098,-0.5463213240892243
11674,0.12566140255974606,-0.49623501746707327
11675,-1.109842485661373,-0.3829962372271986
11676,-0.5400743415993132,-0.42803874816958387
11677,1.6958257060891166,-0.25626976055293793
11678,0.10832753973018372,-0.4005721871096226
11679,-0.6794139077448732,-0.4766905546292865
11680,0.44368061033968487,-0.4569410590797586
11681,0.34242107251315335,-0.5561056805275046
11682,0.9955767153380526,-0.1218273078090292
11683,0.5152412344772872,-0.4449765540813227
11684,0.6151254940945945,-0.41773015867933855
11685,-0.013463971558202614,-0.43422079496468086
11686,0.00563992923316714,-0.4937637872136111
11687,1.0990228764860648,-0.29091707348683254
11688,1.25345712508858,0.056161224725188016
11689,0.10830093660763929,-0.10332345734870377
11690,-0.13678221409247665,-0.47898092622833577
11691,0.013464094423483675,-0.3344049199352807
11692,-0.25458191344298925,-0.3729394390047033
11693,-0.3845495336246404,-0.47574142374727385
11694,0.18494983897385842,-0.47365511269307425
11695,0.07981074986153192,-0.5066646430961013
11696,0.9270742529390144,-0.3274694173871882
11697,-0.11161601344659156,-0.4030557015313274
11698,-0.015015304559233889,-0.39228226248291825
11699,0.20637255396574727,-0.46892651051388146
11700,0.20782186900754002,-0.4940686107765819
11701,0.039722873814407866,-0.32508869460331097
11702,-0.24505406944919958,-0.45955944947910427
11703,-0.4110114214203028,-0.5281294080812381
11704,0.651763326693426,-0.41952915652581574
11705,0.24378353865182234,-0.37492140147705705
11706,-0.2252118274974299,-0.4486360683390846
11707,0.26747100507836163,-0.5464908765490412
11708,-0.01909501297945987,-0.5848793406404564
11709,-0.28013620410789486,-0.48478101781851446
11710,-0.35162166566240055,-0.5412457880715231
11711,0.5388787006410708,-0.4873879554367172
11712,0.4184484633782608,-0.44893198329696277
11713,0.5728397940616694,-0.2653380470158031
11714,-0.24620794862174017,-0.3337327323293425
11715,0.18914496662698144,-0.38369313361362567
11716,-0.2999203128942105,-0.4039501615675652
11717,-0.01812926578700569,-0.514305672818204
11718,0.11038527546920557,-0.44376562936707226
11719,0.2127660299546411,-0.4019422462089693
11720,0.6016625225150276,-0.2818267087144448
11721,-0.34721657439482656,-0.3713657379513721
11722,-0.1236488407717454,-0.4300844419725747
11723,0.17356403995083614,-0.5151949948062317
11724,0.10161667473136371,-0.5159508924544383
11725,0.5502019130746105,-0.32952165832838765
11726,-0.3723434469445404,-0.4299952868266272
11727,-0.3951888113033481,-0.4820421405266532
11728,0.3998446054030236,-0.35429992725077664
11729,-0.5398023419705769,-0.37596236337389816
11730,0.011133268942232988,-0.28076780302726384
11731,-0.7988715799068569,-0.05076994213851964
11732,-0.013398355372424842,-0.41038877917244004
11733,-0.1715767829610501,-0.4006704903310933
11734,-0.3604497575442104,-0.47433179616238014
11735,0.22508940192511273,-0.34498022088552266
11736,-1.0805341084688518,-0.231686849315692
11737,0.5332875080150303,-0.279506816810854
11738,-2.0623384857476257,0.08437176053304853
11739,-0.4953473881742335,-0.005995714694412402
11740,-0.05828772781708069,0.3487065586710027
11741,0.9294641605135698,-0.12963703596600484
11742,-0.9524572400996529,-0.17666826024507395
11743,-2.2590357055358448,0.6637533577953705
11744,0.1371977368689824,0.03697292872037383
11745,-0.3360690575055061,-0.1259142344471511
11746,0.6683620571794611,-0.13951125865224112
11747,0.6833706022322438,-0.17180883636049712
11748,0.9076417773583165,-0.10611560546405555
11749,-0.000192066476374958,-0.35727142487968905
11750,0.3985542605051553,-0.2616594778480436
11751,0.707564090001245,-0.33320696992123916
11752,1.6807975809650302,0.2079315101031367
11753,-0.49448264779062273,-0.35158864260364125
11754,-1.3546495875634559,-0.15555080157262646
11755,-1.4637777302434256,0.0028773039923149224
11756,0.39346648856929867,-0.252977790058881
11757,-1.171899859092555,0.1393677347556988
11758,-1.07626452245212,0.12070439766867556
11759,1.6794387806541398,0.003280051561199135
11760,0.2328163324821666,-0.35084644761077355
11761,-0.733311203592633,-0.4667393806340845
11762,-1.7636397234610197,0.1582755339173561
11763,-0.23004834146606626,-0.28478039617355094
11764,-0.3794265886108855,-0.130481346817943
11765,-0.45921571230440106,-0.009133960962894427
11766,-0.5862451741529012,0.569161497476185
11767,0.680553025429785,-0.18207724158599004
11768,-0.328497323827479,-0.30499371494793337
11769,-0.23679371959234982,-0.3863816365114961
11770,-0.37269130785872717,-0.28312322532279977
11771,0.6185802192380893,-0.3934142505287412
11772,-0.12483909864372578,-0.333108478537467
11773,-0.7632111791555247,0.10392821520870989
11774,-0.892019832061498,-0.02403883299778914
11775,-0.24314621374470136,-0.4251956637692655
11776,-0.6841568950121049,-0.0021820029196727153
11777,-0.2790221588774133,-0.3969653339712485
11778,1.372260611152713,0.32021184490029114
11779,-1.2347547755572061,-0.26487853380633836
11780,-1.1529048553707204,0.2623980328821118
11781,0.11175758619356313,-0.31235741949676643
11782,-1.8634913873578167,0.5264529039994899
11783,1.2305436213246475,0.4060505473641853
11784,-1.2191572250643494,0.6649837173302947
11785,1.22383434216957,4.62318893689223
11786,-3.2525698559779475,1.402429344472186
11787,1.8355904554837674,0.8148891650758573
11788,0.6924312971334998,0.040724528157726134
11789,-0.07815463635097783,-0.12988320361659988
11790,2.1096927048639986,0.20682311864717667
11791,-0.10794066683859385,-0.051936794159949784
11792,0.6828028212417431,-0.30290200018011365
11793,0.34107645782359575,-0.2990137528157092
11794,-0.6134500725530585,-0.16902788929754492
11795,1.153883312481845,-0.07354786754956794
11796,-0.7427874878270888,-0.36491477013158363
11797,-0.6717972556330583,-0.22918976162206472
11798,-1.034951093775526,-0.07001029676198156
11799,-0.3807100436215024,-0.08231646170315907
11800,0.2644568549969796,-0.47429340617682186
11801,-0.245809432753763,-0.4917446719274877
11802,0.7323214890420935,-0.36804478054323636
11803,-1.547755884159181,-0.05230994398855976
11804,-0.29292644717034344,-0.1427225647784292
11805,-0.05912052323296346,-0.2838585320787451
11806,-0.8142197543675622,-0.16450344071161166
11807,-0.5985543109854246,-0.033970864963178436
11808,-0.37495100527093633,-0.058248046905856714
11809,2.0885131903376983,0.07063041433774629
11810,-0.4794065699001976,-0.030574698108603915
11811,-0.7856393978355365,0.007792834432459622
11812,0.3310972175884477,0.009776636053991622
11813,0.5924332846621083,-0.13981436045688844
11814,-2.483662707189181,0.7122769667273371
11815,-0.27483710457324195,0.9596774805633677
11816,1.5739022215417349,0.8782504989588541
11817,-0.508176953897923,-0.30601745505873085
11818,1.0504496905058698,0.4184823280340462
11819,1.2578972917561178,-0.02705084379877505
11820,-0.034378143372276515,-0.41877093282094074
11821,-1.3859315388649125,-0.15647266358197243
11822,1.2376505761309167,-0.2317389695103666
11823,-0.406220190533063,-0.4298913592089098
11824,0.49482187977816117,-0.18813281754913957
11825,-0.4432668209958063,-0.40121999287595095
11826,0.07850966419184374,-0.4112680603349551
11827,-0.1824452244017356,-0.3946143249877031
11828,0.8057131811897027,-0.20320727761135532
11829,1.072163400993918,-0.1176489672218099
11830,0.7460438340667588,-0.04829718860969634
11831,-0.4370163933038432,-0.23156137155997997
11832,1.710838829982089,0.8735375035596018
11833,-0.7363223786843043,-0.01910350761328288
11834,0.5611030788483478,-0.1198025495178505
11835,-0.9283965840895683,-0.14173840873264487
11836,-2.5349923012529976,0.5259208267485402
11837,-2.2897284922827743,0.8037165959329032
11838,3.3833410287774233,1.882409854693193
11839,3.051198785215263,1.0286032368493858
11840,-1.143672681125977,0.17833479131603724
11841,0.6584285324721261,-0.051341009753463854
11842,-1.6142061595057942,-0.006829705292507371
11843,-1.0523881256314844,0.1977442643858084
11844,1.8786273101451982,0.33330820317573423
11845,-0.02648890766080436,-0.38475988811174333
11846,1.2379510047633915,-0.13793784720804836
11847,0.11484236465647646,-0.4326135837236087
11848,-0.7950690252399883,-0.01861468360066356
11849,-2.4082087984515126,0.12861496320490529
11850,-1.4853513017176638,0.2797972223728741
11851,0.8501923084884782,-0.29332712280483725
11852,-0.7081221298686543,0.012438011426950613
11853,-0.09509646386500373,-0.3984173153918225
11854,-0.38590673970828365,0.026580857716586373
11855,0.981534728993603,0.03764430452166044
11856,0.37713653426136284,-0.32300943970742163
11857,-1.0820668206308541,-0.0161057277245953
11858,0.022778291503052772,-0.29453722199924187
11859,-0.21276328440414177,0.638221666315657
11860,0.16375865126846362,-0.03409880285059928
11861,0.575698921807142,-0.015813140203147134
11862,-2.6153051398804017,0.9916488841981104
11863,0.712106427562553,-0.01561695593103056
11864,-0.270650187642709,-0.08868371906728195
11865,2.5044314064951876,0.41952723454456337
11866,0.7243307014901121,-0.07816787811285687
11867,-0.09221396626711933,-0.3013279638052691
11868,-0.31423383474905625,-0.4907912748442941
11869,-0.6201721723019084,-0.5484013968027548
11870,-2.2664788455488996,0.0026021842863469674
11871,-1.391979713367641,0.15636374725549446
11872,-0.34241837993764335,1.9016637064220236
11873,0.6375319431975819,0.4171414382159779
11874,2.2504420233944677,0.4719829393029798
11875,0.91193975455647,-0.18221706945798666
11876,0.1509790749644221,-0.2896749809012894
11877,-0.1688881090268486,-0.4797660219495415
11878,-0.13399614145668837,0.005643761475654721
11879,1.2789059707217074,0.0002441170367673967
11880,0.5255093665220208,-0.14103103424266183
11881,1.310346606032422,0.18054442151894584
11882,-0.30698044877745717,-0.37665648150050773
11883,-0.871985911401375,-0.3940556035074971
11884,0.4036085558246124,-0.5028183845729828
11885,0.416385149681225,-0.49441059661148345
11886,0.13800006098871404,-0.4831952290399701
11887,-0.2749964823751889,-0.5591757442525848
11888,0.03897939170246545,-0.6064543497854333
11889,-0.014486424335111658,-0.5270843042306571
11890,0.2770928014497349,-0.5936037727055401
11891,-0.15415662519434845,-0.578728424094899
11892,0.08350570869930962,-0.5838702996937879
11893,0.07230274285129618,-0.5467636454031216
11894,-0.11228280345906239,-0.5604233615737346
11895,0.6637686384828512,-0.43332617629918274
11896,0.5539242505262796,-0.3403787959217747
11897,0.0924521160246306,-0.3608927027338416
11898,-0.6298741018027282,-0.4271987019337894
11899,0.4773143524555562,-0.4444368401486451
11900,-0.38208768336563836,-0.541698236191487
11901,-0.2008489851685625,-0.5654763145326726
11902,-0.634308085513999,-0.4383769315490498
11903,-2.3913100709099964,0.18607759160858212
11904,-0.3942023466646669,-0.01127638141455889
11905,0.8143055744662995,-0.2929697336055596
11906,-0.44553856776864564,-0.33212019144444777
11907,2.837617411829298,0.2589993404202557
11908,0.502543723494114,-0.40101748497881945
11909,0.6655168732103331,-0.2767345246380655
11910,-0.11793828203478879,-0.44543541557269967
11911,-0.6048092245664058,-0.4705768081380724
11912,-0.43933119286549527,-0.48460393604968927
11913,-0.451270097197103,-0.45945498128095835
11914,0.5650067557731142,-0.5466946928766041
11915,-0.5898994119978865,-0.5179333589384619
11916,-0.5041226706331355,-0.4193891400679498
11917,0.7227388082745942,-0.5038296789690532
11918,-1.048340083075232,-0.39382806409531607
11919,0.4388998459905451,-0.39174212250406143
11920,-0.973584459795563,-0.2537953145440513
11921,0.8013545094630949,-0.4493632562167213
11922,-0.6951414582346185,-0.470216946697736
11923,3.524287500199407,0.2479999395659797
11924,-0.5053882405762984,-0.38154341055577384
11925,-0.3109724708499018,-0.4911715391696392
11926,-0.3350119413599959,-0.5442316797864495
11927,-0.13246351028179626,-0.5782541465167881
11928,-0.6910732223499128,-0.5328635044069757
11929,0.7387249660761461,-0.2298430406836275
11930,-1.0058611590551494,-0.4216509607709335
11931,-0.18830271812797367,-0.4558325401203705
11932,0.4039173996319445,-0.33111564354190387
11933,0.5112136248370676,-0.2982881435245265
11934,-0.9168833040054493,-0.40783657999375533
11935,-0.4712282189910172,-0.3505437786812224
11936,-1.3002599986419292,0.10818462291952939
11937,-0.038653656219523685,-0.2935649545754121
11938,0.6052872430087509,-0.3958150798670193
11939,-0.002556900517024646,-0.39153731393063107
11940,-1.270884791601402,-0.05513217605127727
11941,-1.086401270066417,0.3207909518797106
11942,0.27540151733191265,0.005193656432419952
11943,-0.012968769179801443,-0.3131863732975567
11944,1.0797848252565063,0.2041212525877371
11945,-0.06534483136048747,-0.1625228674730248
11946,0.8640647292415877,-0.25006034797182
11947,0.04171443568605415,-0.5441460185648274
11948,-1.8682768225209698,-0.42104930918325695
11949,-2.642275505438738,0.9899107866893593
11950,-0.9421423489613969,0.024717200050729207
11951,-0.5946952281388573,0.5754414120895521
11952,0.27270080504641925,-0.08136074456835445
11953,-0.4562904110781999,0.43782015773174127
11954,-0.14778551269046167,0.10804745151866972
11955,2.9400547940603023,0.5408026577504006
11956,0.07811574589845893,-0.08552305162584733
11957,-1.9203941065388856,-0.07262125523259964
11958,1.0675621695847028,-0.294792952358061
11959,0.3046963275961443,-0.4205780240073431
11960,-0.5290021305575273,-0.3506473269095821
11961,1.5489368522147482,-0.05920607781318238
11962,-1.1904010217892584,-0.14189631810039016
11963,-0.08369847929535434,-0.5142628652103903
11964,0.5318788624879606,-0.3524275022699518
11965,0.018364744852812365,-0.5661492550331031
11966,0.01761012777898252,-0.49083793254318325
11967,-1.3522665013116244,-0.2577787308800498
11968,1.6732569614075459,-0.22818715655935695
11969,0.23638209684731476,-0.43337132208915324
11970,-1.7859269114409617,-0.1931684195248773
11971,-1.5487633968011982,0.3238768347016219
11972,2.83648526726408,0.2590893069426615
11973,-0.5031441279713676,-0.4591164206016869
11974,0.28019297733249626,-0.2420994606013792
11975,-1.5056606040744738,0.0011831627450666488
11976,2.0619311238569824,0.42962229426225634
11977,1.3651142619209877,0.03805542874924306
11978,0.13623825997216327,-0.17211309193591173
11979,0.5860260782049134,-0.35677613481425813
11980,0.07954136085622365,-0.44248516912118563
11981,-0.47453793871181,-0.43426344994663263
11982,1.2041945139186823,-0.09048782401766979
11983,-0.387068611516648,-0.41074468767479344
11984,0.5427473612400062,-0.4791250303315105
11985,0.3020708413646418,-0.4655449689873191
11986,-0.33387639184007595,-0.5066336154420868
11987,0.12735772422674985,-0.4874006108424603
11988,0.6148265853477441,-0.2691841436126744
11989,-0.387488386094894,-0.5033049692724904
11990,-0.7073686252861332,-0.42228984690525956
11991,0.5058699761822147,-0.43925741307714455
11992,-0.6353464450372174,-0.46122166216497457
11993,0.4038813835056838,-0.5131725442177792
11994,0.037942401327927255,-0.4757690102061994
11995,0.4340516539928917,-0.5969155312884309
11996,-0.3995478114765558,-0.5492959816617139
11997,0.21177569277012886,-0.6050657101307593
11998,-0.4613873446030071,-0.5284419220734701
11999,0.25198899253237617,-0.532375272038678
12000,-0.031079959090585446,-0.5246556916647047
12001,0.27350238831892726,-0.5406317095227429
12002,0.4929123297283087,-0.45035508598081875
12003,0.21142842458094913,-0.37709278126432993
12004,-0.06950674711077465,-0.389414230970005
12005,-0.014644335257112284,-0.5297913225178562
12006,0.4046480440986886,-0.41878171660163976
12007,-0.5739304513866061,-0.3476610665451053
12008,-0.2841873117249523,-0.5079836670169944
12009,0.38046176420278344,-0.342611544400708
12010,-0.4793133837555576,-0.4938187874731372
12011,0.11531911028747133,-0.5640274304680464
12012,0.051055967320044915,-0.4109410876649173
12013,0.15663555248895333,-0.5511861372331807
12014,0.6132260517348491,-0.3611294039649611
12015,-0.21211751416927005,-0.36187526420256527
12016,0.2718768682569941,-0.509623685241554
12017,0.1276381293014595,-0.48381284226804394
12018,1.8246334212608453,0.40561088306433724
12019,-1.1497473851576934,-0.03430104972525824
12020,-0.4720030266093788,-0.3047610054794372
12021,-0.23091215741941623,-0.44016612893773327
12022,-0.48468079904345085,-0.37669589597090775
12023,0.14842034853223857,-0.46464296608574884
12024,0.9018585061459272,-0.22460224203922674
12025,0.022461341223790954,-0.5362679069988942
12026,0.21771258675625504,-0.4510522581750751
12027,-0.7210773547108849,-0.36812651562593085
12028,-0.038346698066434814,-0.5558322394015056
12029,0.24272537628800633,-0.49714218835554463
12030,-0.6208892023515373,-0.38122957491843273
12031,-0.5008634891659619,-0.345403500280495
12032,0.8035107435962374,-0.3060389203601553
12033,0.023301147512418352,-0.5114912309821411
12034,-0.19968636278153087,-0.46041937423117546
12035,0.4207019719619375,-0.42387032585467493
12036,0.37211579168269315,-0.517346526708144
12037,0.04941597038093731,-0.526629922758803
12038,-0.786265749914842,-0.24711918076634065
12039,0.27182682217770815,-0.48565139056825873
12040,0.4855566083987828,-0.4214001603989961
12041,0.31907905285233573,-0.41574213486229955
12042,0.31574359609121916,-0.4186008020421658
12043,-0.7884647405243831,-0.39378364756106554
12044,-0.20754166769321708,-0.4903107801136755
12045,0.5212117620303367,-0.42524416463757125
12046,-0.4349559864445197,-0.48327461756088896
12047,0.35191580488698027,-0.42337433467839963
12048,-0.32605456383419645,-0.39893633410992857
12049,0.7661374698705052,-0.2194681738695763
12050,-0.3021609244910179,-0.5100354319900832
12051,0.6999029059013278,-0.2971940110645635
12052,-0.4771127998452942,-0.34646509831568567
12053,-0.2869160700629858,-0.5186554759974366
12054,-0.5656832898675641,-0.4768734057083161
12055,-0.05866951975192031,-0.5556881531708011
12056,0.47621112754651707,-0.5602117370507893
12057,-0.022643983068757423,-0.5472754050251722
12058,0.33712589660368963,-0.4451677695563501
12059,0.0696188127252958,-0.5398860748283453
12060,-0.29744994870944147,-0.48857374165541084
12061,0.3291159903930396,-0.6057630761936876
12062,-0.9778604937580131,-0.25671223062086995
12063,-0.29276403611554125,-0.474919525118596
12064,0.5398095404298127,-0.47663075856268694
12065,0.11337786370549952,-0.6789490179532172
12066,0.4699293935740356,-0.40885397425175046
12067,-0.512328054569323,-0.431270079779442
12068,-0.4535077371051632,-0.5083916448884428
12069,-0.059882514651212776,-0.5628697637501715
12070,-0.11727678668740399,-0.41068966323216555
12071,1.3416679578926831,0.42320827812971246
12072,1.36893528605694,0.18569205300992464
12073,1.2510790900441264,0.15133575930929033
12074,-0.629015439891928,-0.25910070108992755
12075,0.029366826773713828,-0.35104028898701417
12076,-0.26420402169969703,-0.32030689210307617
12077,-0.4756824891642548,-0.4779286286804303
12078,-0.7852116456154168,-0.407160167464518
12079,0.9795435455642469,-0.24226160357004228
12080,-0.3565813141993164,-0.4848949432662296
12081,1.2151921259713654,-0.35239479667195167
12082,-0.6327355204453609,-0.4337376631807854
12083,-0.2838864113564368,-0.4923865562724136
12084,0.05550922309995471,-0.5476921109288956
12085,-0.30966885610486494,-0.6561725588610192
12086,0.13385408169464008,-0.4954806141265833
12087,0.018534072986169825,-0.5624112895739203
12088,-0.9747535998584108,-0.3543648960417319
12089,0.12334715585439304,-0.5487942213408598
12090,-0.3209153721753404,-0.4966170967901031
12091,-0.27650759257698665,-0.4921709178725349
12092,-0.22258921769517714,-0.5443235785674352
12093,0.7982644176049984,-0.4559204336150588
12094,-0.717828222312425,-0.509837897174242
12095,0.0887898529659038,-0.47964072091862014
12096,0.2839477176682381,-0.45791303668176947
12097,0.3428850251055482,-0.4727650348650869
12098,0.23504240005279375,-0.415464455653605
12099,-0.06229443194151038,-0.5026417955058031
12100,0.6151995243697992,-0.4117257915685687
12101,-0.08480536952841308,-0.3897140527750481
12102,0.2042089340995974,-0.24757056935580052
12103,-0.4699040914232664,-0.37524750620476616
12104,0.2919876622510119,-0.3050498940051953
12105,-0.14293977334576835,-0.4422947075815557
12106,-0.12819999387788597,-0.4498389678587308
12107,0.47281512072935805,-0.358887539839039
12108,-0.5067300387657049,-0.4429637422772301
12109,-0.7053539707241709,-0.442826697828203
12110,0.4977224496974302,-0.40297496087960677
12111,-0.2612242098873906,-0.4169738247803861
12112,-0.2771068224828718,-0.4847091634699013
12113,-0.169892880415745,-0.5867983830735133
12114,-0.20591648760352854,-0.5258750495981661
12115,-0.01096907935921268,-0.5219208742172257
12116,0.09002927052689152,-0.5234089038066319
12117,0.12376040155077844,-0.4891742156111262
12118,0.3028884406590595,-0.5055714810346051
12119,-0.2641128203662517,-0.5316214244996136
12120,-0.06118102279873211,-0.49910145767162867
12121,0.5492589815743345,-0.4182524279252435
12122,-0.21311316892524373,-0.32346418060848514
12123,-0.5167018046973346,-0.5209120101433108
12124,2.6685949410346472,0.9609655227130147
12125,0.5189415094549596,0.24936460725390747
12126,1.3281050955665477,0.6170024133477903
12127,0.48947389424123655,0.4797496909509931
12128,-1.9296236401403974,0.38078179741023493
12129,-0.6360630359474795,0.120286005120094
12130,0.746603475934283,-0.2271249515622759
12131,-0.2901338558405988,-0.358726837600112
12132,-0.6188227297428451,-0.2598301169748234
12133,0.3154302753893533,-0.33767869493027963
12134,1.1169154980292044,-0.03894051833246705
12135,0.021164806123314894,-0.24436698631464138
12136,1.1123540787038948,0.0985923481682515
12137,0.5556654293616383,-0.18070636715934527
12138,1.6669952360272084,0.5599384105314477
12139,-1.044409340231163,-0.18608526676382858
12140,-1.1180530152900578,-0.12296186462428083
12141,-0.2988453764078235,-0.37975579695260975
12142,-0.6414892552017859,-0.32954582230919444
12143,0.5489567800393009,-0.45481219416529656
12144,-0.9420541697178799,-0.33853345860708844
12145,-0.13153355227707425,-0.3922397577080398
12146,-0.16712964471283465,-0.4655166531592164
12147,-0.36272289933448354,-0.5623949657754986
12148,-0.5855105150523745,-0.43691902569979824
12149,0.16893496612829112,-0.6022802733003993
12150,0.07042396915268301,-0.5441848966989151
12151,0.2299343275212734,-0.6027954526626532
12152,0.981548730444934,-0.4632593670711405
12153,-0.4908547979721019,-0.411620869639903
12154,0.917533963306397,-0.3597703351124758
12155,0.24148640054205883,-0.42902204680756
12156,0.8616335993505768,-0.2778193649811314
12157,-0.4400162513775083,-0.3540014773146938
12158,0.47078445299590155,-0.2525273852592984
12159,-0.3191185392723572,-0.5198150191293703
12160,0.17549863685444267,-0.5484151534448457
12161,1.0602510996883328,-0.3293021471313335
12162,0.12716411199463912,-0.46319285051758413
12163,-0.26580320841275473,-0.5643582262895918
12164,-0.1723562774547746,-0.4744302193107058
12165,-0.24372801441690067,-0.4473749406358562
12166,-0.3902652785969126,-0.45880838600747137
12167,-0.16732349308284164,-0.43340433220837915
12168,0.3193713480563869,-0.50155338919267
12169,-0.4025136145102374,-0.4073739204718522
12170,-0.17885928992377167,-0.4638624590563414
12171,-0.03639012939330866,-0.4415502856246322
12172,-0.2977535685186491,-0.4931831746506708
12173,-0.8145214184149179,-0.4118744592606434
12174,-0.0936007112470241,-0.472805937351023
12175,-0.1270668533885123,-0.6139707208704452
12176,0.2350829881944967,-0.487480354863749
12177,0.4893646731616198,-0.47898289810606115
12178,-1.2633190154427338,-0.3281202584127392
12179,-0.41721067275831114,-0.351913589843805
12180,-0.21720904376431066,-0.4582781624100843
12181,-0.19752773218257114,-0.45510875982678695
12182,0.6311685750373417,-0.35789313384520055
12183,-0.7116894199526309,-0.39426465494010055
12184,-0.3787787985211017,-0.44269410533640985
12185,0.19382441934667616,-0.59053321413195
12186,0.36034373213284865,-0.48693946235900604
12187,0.0672133852319497,-0.5936684755002193
12188,-0.4190331894447858,-0.5820469419988393
12189,0.6331789464864344,-0.3367588245036076
12190,0.08384654682859971,-0.5368714060404579
12191,0.3200454476931339,-0.4874100886273373
12192,-0.645582936125741,-0.43356213814034966
12193,-0.9705687035441546,-0.24944107415437677
12194,-0.012760743408161385,-0.3312927690284721
12195,-0.6364024586227889,-0.4318431884919283
12196,-1.35308310925428,0.6950733973846477
12197,-0.23581923001658617,0.007189625913491274
12198,0.01467049440408591,-0.33360921542302313
12199,1.2380373267674918,-0.27781126237786113
12200,-0.20891921933012092,-0.4301121513489609
12201,0.06291365411876881,-0.561376232378361
12202,0.6214362705949636,-0.4556752239599077
12203,0.35563955931849567,-0.430258542404848
12204,0.7064829630966383,-0.27252309020036836
12205,0.45058354872836004,-0.27777502593300046
12206,-0.23286261141778852,-0.47350294837785506
12207,1.4293534980345037,0.0380716407906021
12208,0.533964809220959,-0.15739853374270546
12209,-0.3170366869904816,-0.5363154909797639
12210,-0.04207549111598166,-0.47090008573772574
12211,0.3396963524989406,-0.4337683657570825
12212,0.04998541469450696,-0.4205045823325428
12213,-0.5036766951673245,-0.507664874882016
12214,0.11338521089943676,-0.43494134164642484
12215,-1.6637216861158364,0.09573214327792053
12216,-2.1134886755494677,0.5351853510348372
12217,-0.35679215219326843,-0.18934250683163356
12218,0.10889047590315548,-0.30718007235130057
12219,0.41094549571614625,-0.41013369714787024
12220,-0.27994637385000887,-0.15963367327483718
12221,0.48637961329237434,-0.30466134872131134
12222,-2.942863690054491,0.6003838445416257
12223,-2.239243314698819,1.7632617619568842
12224,-0.8911315079696376,0.8673073364054824
12225,0.527992618564754,0.2847687544084561
12226,0.8329087074782007,0.07263782468954132
12227,-0.8863360006781371,-0.032770021662747006
12228,-1.101182187232119,-0.043618892023517944
12229,0.36514531717158905,-0.29293500132913375
12230,0.7838589238693703,-0.20779816921459549
12231,0.3549346188493592,-0.23121158251179325
12232,-0.8787912990558605,-0.061578908711193536
12233,0.16730698795112842,-0.4131080689612642
12234,0.2785210297003414,-0.5211306005313392
12235,0.49769712674735644,-0.49829316711676175
12236,-0.25291594930086847,-0.47677580424668004
12237,1.0556842336757573,-0.4048079471804749
12238,-0.816294677544332,-0.49047511444611414
12239,-0.3276133796291525,-0.5436913977132642
12240,-0.43342839295677427,-0.4974602262126639
12241,0.7753727259979089,-0.44669018233476826
12242,-0.30011401600505877,-0.49383297835986034
12243,-0.263569238768066,-0.5797922653837085
12244,-0.3025860157894652,-0.5376020806491019
12245,-0.3795579995892431,-0.37148797523419824
12246,0.7538430942599341,-0.5046093813024934
12247,0.7799898252630744,-0.4410337852730008
12248,-1.1613307708170164,-0.473910503584182
12249,-0.3900205799821463,-0.48899426539704277
12250,0.06594647723702701,-0.5592984195440159
12251,0.6158188694046873,-0.5869417392209642
12252,-0.46944551501084075,-0.6403087002855274
12253,-0.7122225087800604,-0.4668544971893031
12254,0.5639275094566406,-0.20450714543439097
12255,0.34119519265141396,-0.5506253967641154
12256,0.3964227509549443,-0.47696392535334947
12257,0.18032444927390967,-0.5362493123106994
12258,0.5809023302482678,-0.40311356383629354
12259,-0.024723016900563666,-0.49024578585813633
12260,0.30802276940992523,-0.5160620954919005
12261,-0.18571928122161502,-0.5444338423315831
12262,-0.49724439247164853,-0.35434930316134877
12263,-0.20570437695879884,-0.4896686718502222
12264,-0.199672645430846,-0.5489121838105685
12265,-1.0682039722269592,-0.33967847682896146
12266,0.17544556909071274,-0.402438790286321
12267,-1.1855314190092694,-0.3841931233761043
12268,0.7366305187034876,-0.4794662504479623
12269,0.402007355584832,-0.4857730133888722
12270,-0.89828694456569,-0.5246379253985317
12271,0.5130873311261139,-0.520380628321097
12272,0.08110718428006419,-0.6378780147238611
12273,-0.32757269119469073,-0.5183982802566881
12274,-0.36861433090715856,-0.6061066899279227
12275,-0.9536943603446919,-0.1033616602166493
12276,0.4702314841120083,-0.49041394182491493
12277,-0.25461161577653646,-0.5831319237881263
12278,-0.5840182781944194,-0.451292795101584
12279,0.4867487221511415,-0.4207498849179518
12280,-0.12327886742913044,-0.5947006371632456
12281,0.24390675829892366,-0.4944997095386326
12282,2.754040738515443,-0.020575707535257712
12283,0.34587293478540815,-0.225033528925057
12284,1.602320901377003,0.06165397502287849
12285,-0.5706444856456723,-0.3487523057999237
12286,-0.7134443110174721,-0.4979053589921551
12287,-0.1439077382677606,-0.5018215067526621
12288,0.650423493009132,-0.4900974389797123
12289,0.0673621531251829,-0.5141472078792889
12290,0.7099345245639441,-0.4642652301458664
12291,0.3978770495534636,-0.45746901005833146
12292,-0.6208602466145031,-0.43074407397220577
12293,0.1613012831106576,-0.5931007483518109
12294,-0.6366852475254282,-0.319182839025987
12295,-0.07623388852489676,-0.5092851720468962
12296,-1.3421326593869318,-0.3949404961407296
12297,0.43444195892935733,-0.5140983934029012
12298,0.8034254091492108,-0.46119380002371413
12299,0.0925915519193155,-0.4776286585382776
12300,-0.5654222070342153,-0.42294689827628473
12301,0.37461730917569613,-0.5501581295201008
12302,-0.19460470610012573,-0.5831840781399159
12303,-0.4459130991253121,-0.3070106732770633
12304,0.5390212108414993,-0.5272861498152441
12305,-0.3044756657945802,-0.4467073390962983
12306,0.47871064735722135,-0.4400413900978313
12307,0.39926559963174113,-0.5059923891340425
12308,-0.18029167107117394,-0.5890567131603212
12309,-0.39585892224428687,-0.6300468510324008
12310,-1.3287558573811524,-0.2596472177897725
12311,0.36835898277304613,-0.308872465092979
12312,0.024728539847869546,-0.5472765814506058
12313,-0.45366453117396205,-0.4673638632962227
12314,0.7907110467273064,-0.33967610662620434
12315,-0.1302722401578636,-0.43442234686239956
12316,0.6445084554422649,0.11338326250630702
12317,0.363239084212985,-0.036596892598617356
12318,0.7016798732867933,0.4043943909299688
12319,-0.5552631355054884,-0.05840896461890491
12320,1.040362743064107,-0.13869738077494298
12321,1.8443838201279026,0.1490866243426749
12322,-0.6637946766740073,0.5952172316564572
12323,-0.17302567252648596,-0.3232379506548797
12324,0.4915523478107783,0.09954083029880291
12325,1.8127277733754892,0.8092100985748141
12326,-1.1114231368096965,0.13501465947259733
12327,-0.32089500766406165,-0.31401098903306246
12328,-0.6028804186588477,-0.3937715287560776
12329,0.503806426783611,-0.5299695213765415
12330,-0.12437970701181308,-0.5301845986848397
12331,0.8324303732732214,-0.42404915815435024
12332,0.5782999830661643,-0.473628425583186
12333,0.305833312628929,-0.447123101347154
12334,0.904311560416942,-0.10431668802156131
12335,-0.9858329520257876,-0.3003541059841989
12336,-0.2259859454154629,-0.4366683496904496
12337,0.10504226807283085,-0.48965868463991946
12338,0.03681583926350307,-0.5033684524952133
12339,-0.02911067507623949,-0.5626267849845987
12340,-0.46500796353087936,-0.6433351999125021
12341,0.34674245867717524,-0.3887943333596397
12342,-0.31704114469663297,-0.5870931596413279
12343,-0.20962315574064155,-0.6631177833816155
12344,-0.5357601797744282,-0.5629614766757031
12345,0.03409181872034556,-0.5574552294232372
12346,0.3575986033675733,-0.5678379820301753
12347,-0.17240618644313876,-0.5475813281477891
12348,-0.8574400474215257,-0.3758153047459208
12349,0.5401211207198228,-0.583317855221234
12350,0.2233495193286038,-0.4489251223334204
12351,-0.038667407213281324,-0.5480523581963219
12352,-0.31195798380733186,-0.5816521576876469
12353,0.15147417616580688,-0.68983523210864
12354,-0.23994180062270992,-0.5673858198809504
12355,-0.21846319667852934,-0.6149650657018176
12356,0.05621417332380063,-0.6542613649730142
12357,-0.13952850552435464,-0.6114976755944637
12358,-0.3779846059989821,-0.4588937575816356
12359,0.09564651687577153,-0.6103636033475519
12360,0.06423804469771371,-0.5272510331567355
12361,-0.12646940152870562,-0.6354902013218873
12362,0.04662727039335218,-0.6075115056695479
12363,1.0407650555311887,-0.3587643198857079
12364,-0.4878636566021902,-0.5005745673631732
12365,-1.3477807762204752,-0.2560515929915303
12366,0.33299848313956115,-0.4569360081707441
12367,-0.16990425813463356,-0.5677943920191494
12368,-0.8491780453896068,-0.5279171850414304
12369,-0.06708594867328188,-0.44878174720834857
12370,-0.23510988611207684,-0.6511626208323186
12371,0.06262999996488622,-0.5735866942520645
12372,0.20522601371074323,-0.6651829513341054
12373,-0.24878761373359887,-0.5698771609562922
12374,0.313547339183021,-0.5130285720479048
12375,0.30194504019277224,-0.5241336082549642
12376,-0.4586158040922058,-0.5740159061192533
12377,-0.18050556272171134,-0.5209373844765881
12378,-0.12433712362241273,-0.5748942693574254
12379,0.4285406386191055,-0.5733540981477075
12380,0.08730809751818502,-0.5032810941253182
12381,0.9658539115210054,-0.24298772292291332
12382,0.8133748105186727,-0.07587155063244454
12383,-0.43544011905165436,-0.2709474085008887
12384,0.2715563551407707,-0.3820431896705054
12385,-0.16799160341842723,-0.22979187608432028
12386,0.5647136110954887,-0.3795850746339456
12387,0.1581860038015963,-0.41692988256509306
12388,-0.4077562179768254,-0.3863527587718045
12389,0.31797089580409765,-0.4775773365601239
12390,0.3696220464521809,-0.4125952385756013
12391,0.5696586309498303,-0.4576032560585958
12392,-0.5093478786475198,-0.49239550919891145
12393,-0.35103457656277703,-0.5068498666787743
12394,-0.29559214116836163,-0.5046930865166155
12395,0.5149954955293712,-0.4571483365943784
12396,-0.0720898240486493,-0.6821331304929068
12397,0.2617275937722152,-0.5202026737912115
12398,2.8061918110658994,1.1075730826338746
12399,0.9548957821562469,0.5889723743846932
12400,2.001956683492268,1.6597505829961439
12401,0.5012724529888881,0.986982450864283
12402,0.2360769861389969,-0.18261304960342456
12403,0.6346244254848132,0.07856181131458333
12404,-0.3135524759196508,-0.025398103303590547
12405,-0.19495662102071865,-0.05252358600521105
12406,-0.6603509684608656,0.050607605032121875
12407,-0.05822635347111535,-0.10294938225310793
12408,-0.03630323229243726,-0.12497378980764756
12409,0.39444187750804094,-0.20788118016563245
12410,-0.22193350264780884,-0.07732840092645453
12411,-0.10430445018948836,-0.3075484463459494
12412,0.3165717108395969,-0.12947323361214813
12413,-0.30243032317534035,-0.2206482029747402
12414,-1.3685384755191383,-0.00637406041339994
12415,0.013377134363266485,-0.21077045022202318
12416,-0.20250821687893836,-0.11009162156891453
12417,-0.28342826673468885,-0.26697269641134835
12418,-0.0942504346089294,-0.4668681885271261
12419,0.6112558260099709,-0.3373425616038754
12420,0.6391200197082904,-0.3565644910955132
12421,-0.15852009948297752,-0.3834542003235906
12422,-0.28533038392700444,-0.4340067862649603
12423,0.1453204806535714,-0.3945140966966033
12424,-2.1094249113683623,0.11038421365149141
12425,-0.1464367415064371,0.9274231027686903
12426,0.33543771230838026,-0.1872288938885126
12427,-0.07852667723907214,-0.3959328797547912
12428,0.39137283737201867,-0.3858975765982229
12429,0.28331641056642387,-0.5127238000720838
12430,-0.7140556162059433,-0.4111534112423659
12431,0.4898113336237212,-0.5232449377332292
12432,-0.5395182152900824,-0.5353555499044602
12433,0.8687815315614325,-0.4104101421619721
12434,0.0899411771503571,-0.5230246059697278
12435,0.28247032852457243,-0.6254318203174448
12436,0.9912938989840454,-0.031659529559795396
12437,1.090280142409588,0.5597582761500041
12438,-0.22291245025538578,-0.31256309969468615
12439,0.5729824059147197,-0.4168776939472178
12440,-0.07034311658642342,-0.3716194045515498
12441,-0.17207432659034858,-0.17551128766175983
12442,0.11707290486680333,-0.3733997174744437
12443,0.9250338158472722,-0.15746868039151646
12444,-0.34224999581546056,-0.23092571396108008
12445,0.11355898966687894,-0.4069213111023046
12446,0.9270252316537291,-0.18469286855175643
12447,0.14150634446722887,-0.22268118184664892
12448,0.008395656296663112,-0.4031651942554772
12449,1.25444491101823,0.5234459677305418
12450,-0.8910037783862523,-0.03343831240396522
12451,-0.00836516423413966,-0.3991807079089681
12452,0.44980611635366574,-0.42599535919323767
12453,0.3600421901183617,-0.28597146458079103
12454,-0.12145202400398525,0.22702979292019493
12455,-0.6985447869522075,0.7929387252360129
12456,1.1932347434125268,0.6772056804324205
12457,-1.3254729032220764,-0.022277577371143345
12458,0.1152440424674459,0.27134543533216193
12459,-1.1370791680147323,0.36517647571376183
12460,-0.5027921067015217,-0.13514438416521873
12461,0.3333951756748301,-0.3667101202618116
12462,-0.0968093774132201,-0.3889192527349194
12463,-0.5386978356786447,-0.4082119600713009
12464,0.36219217465316145,-0.4159615184007991
12465,0.09398849206932686,-0.3405561038243067
12466,0.4960000114274442,-0.5026685359024353
12467,1.1231875816920536,0.11946841614588048
12468,-0.8484002516708582,-0.24219335400253655
12469,0.00014879117384314355,-0.46999514902778783
12470,-0.36987724732748634,-0.16887055941689658
12471,0.10207200290271057,-0.45189735448823337
12472,0.03634522740890722,-0.4030215134141318
12473,-0.2870099678179641,-0.40796095706755403
12474,-0.3146218055440093,-0.4037336878528665
12475,-0.4055958448646939,-0.37133589915369064
12476,-0.04750770026995288,-0.563224255243606
12477,-0.20967613012800762,-0.512976606330811
12478,0.37089270200990165,-0.40683137596825664
12479,0.4473018429121589,-0.3984467113274333
12480,0.4567081360863201,-0.42120038177754376
12481,0.40947791738855277,-0.5434584947332389
12482,-0.41424039311208755,-0.4278319905098735
12483,0.6579368958424281,-0.36245960850575415
12484,-0.13433293429535634,-0.002147878801407474
12485,0.3507996939057282,-0.33194656783240994
12486,0.7690074928308737,-0.28845697174726725
12487,-1.2100529973205818,-0.3055766095469892
12488,-0.7652346898711224,-0.1699181006539403
12489,0.04183124689421097,-0.4418485530296808
12490,-0.3029124983584975,-0.44921037859666624
12491,-0.38945397900267775,-0.4516679574089698
12492,0.022144503024437767,-0.4502650137205833
12493,0.6018985027450235,-0.4219698335463235
12494,-0.04575594765727675,-0.35627251756970574
12495,-0.487920254014257,-0.49350658521805296
12496,0.13816463586847721,-0.4265915620549785
12497,0.3034811584821342,-0.41979591279954803
12498,0.48774999477704584,-0.271257764879917
12499,-0.0495469618632825,-0.36719970542130714
12500,0.1882156225947375,-0.41772339304696016
12501,0.2586177741689387,-0.5276082169755382
12502,-1.5115083301895755,-0.028085595534761712
12503,0.09714848298129525,-0.2953413093846954
12504,-0.2431206768603477,-0.27837752111843245
12505,-0.35177399290216416,-0.3778895320053298
12506,0.2872734578697347,-0.4780870994671554
12507,0.6109497834044415,-0.42857934876860565
12508,0.7945122938955607,-0.14543939527871044
12509,2.6267704968232493,2.2310006378193683
12510,-0.8210673369886787,1.7023685790734044
12511,-0.3694139900173783,0.052647760347715636
12512,-1.2694824693159568,0.16563463210492407
12513,0.3400508626438208,-0.1245143716452782
12514,-1.1804051742653214,0.24731444081618092
12515,0.011269658255638748,-0.3116748235664378
12516,-1.8003170283394043,0.20835342048417166
12517,1.2099278972404663,-0.08925142158515477
12518,0.144332312912898,-0.17549721890409642
12519,0.10816367925789161,-0.40180001810593224
12520,-0.15914279023271,-0.5155209662284352
12521,0.5480784000980334,-0.4595655294624215
12522,0.8936783721631076,-0.278394174895127
12523,0.31469520173056087,-0.35756812766639945
12524,1.7796674405156945,0.27321678394244114
12525,0.9876821587701623,-0.022388633962279324
12526,-0.018335048859602326,-0.41977381588576557
12527,-0.31004864451782815,-0.14875965656786477
12528,-0.6683992378898669,0.24911339841131303
12529,-0.006776182577411027,-0.35059249603859227
12530,0.0771178145138719,-0.48926030327724684
12531,0.2771516084301079,-0.342634299350892
12532,-0.13783949587734978,-0.5743939877795732
12533,0.8493974833344489,-0.013444034633735405
12534,-0.6268643853645401,-0.18362863621384534
12535,0.00194057100637407,-0.47202395238650563
12536,0.544567160996462,-0.5307011853272918
12537,0.3930635122631013,-0.5075774431545311
12538,-0.14089869163093988,-0.44940902939479127
12539,-0.3939549566556656,-0.5337614735306921
12540,0.5097403438288586,-0.562684592934648
12541,-0.12606811255559575,-0.587335850194503
12542,0.24245589043353433,-0.4056727033624255
12543,0.14211448068469545,-0.43468394340503297
12544,-0.33114823813999933,-0.3246731412571794
12545,-0.011470893543445826,-0.6258802804174346
12546,0.152817708258274,-0.5405325313728503
12547,-0.3882441568199734,-0.5537994313843142
12548,-0.5866305326059355,-0.4783937563793012
12549,-0.12710376145006969,-0.5548707311202701
12550,0.4043694314442394,-0.45553264791675246
12551,-0.0822591945715912,-0.5660994642297673
12552,-0.45274205066312995,-0.44359606055178813
12553,0.041628778824202906,-0.5006029941762025
12554,0.2679208589328932,-0.5734139966565741
12555,-0.05063860163627473,-0.6102260004674055
12556,0.7892504605562538,-0.3474881140906888
12557,0.05400243147267603,-0.40241340135879305
12558,-0.3496919651760726,-0.47423643662154896
12559,0.13055670037813583,-0.5885429302754771
12560,-0.27923996816412144,-0.5203444396495002
12561,-0.1588135301866279,-0.5831531055901438
12562,0.19993218097695148,-0.48630663854111794
12563,0.04575224768023328,-0.5598313145348559
12564,-0.20898244081937262,-0.5178491073869671
12565,-0.1011711857180384,-0.4909211605393516
12566,0.46033854921411,-0.5269002678968523
12567,-0.18441861189776548,-0.4523745377334755
12568,0.39624694208700595,-0.27779833923844943
12569,0.32379778304525375,-0.4682872776838554
12570,2.4517022302400435,3.2319157665724005
12571,1.655549330079769,0.6184903993606449
12572,-0.5171433391075348,0.14257540896654503
12573,-0.06660172285215432,-0.1414479430229956
12574,-0.8613790763735294,-0.15535822477118583
12575,0.22154459373401236,-0.2191219175346943
12576,-0.5102156590610133,-0.17815120791098807
12577,0.1390815292527725,-0.41011981412232296
12578,0.6300761274369375,-0.2769954963457048
12579,0.21219142794136447,-0.3874012642131675
12580,-0.14702546414512527,-0.4908178026237607
12581,0.21287126889368957,-0.48491136953341557
12582,-0.1675687329797819,-0.481732431048763
12583,0.5316233521459977,-0.3584916633132959
12584,0.6302623370272177,-0.302636258121527
12585,-0.6631392484825666,-0.1926727604248092
12586,0.9395042919126733,-0.2492132123982087
12587,-0.42563442813142827,-0.3672599850994729
12588,0.09483728605112479,-0.40147552412455084
12589,0.6394327113105485,-0.06218893000459761
12590,1.2283501612952905,-0.08544866484484027
12591,-0.3715996009235871,0.032063896154815266
12592,-0.4178711956859538,-0.11405704925922851
12593,-0.2757690343229126,-0.30000078693962035
12594,-0.7275468418506825,-0.14121443400110842
12595,0.4266016052867796,-0.4702731258388238
12596,-0.44592776401642176,-0.19151112452180924
12597,-0.345047993374681,-0.4329342212936645
12598,1.12725005140949,-0.1364896848955397
12599,0.8460839805495848,0.17296965731769492
12600,-0.5623453213332428,-0.21912945541252032
12601,0.5361418823878095,-0.3372302902564886
12602,-1.4981825452650468,-0.07288098746904148
12603,0.4010303468546199,-0.29255706865692666
12604,-0.4441094450966138,-0.3728799172800902
12605,-1.0817203559292046,-0.09934093393692477
12606,0.5363981722326507,0.034486687110358585
12607,0.15803299890133105,-0.4172596939951571
12608,-0.312076428918238,-0.30349605204817365
12609,0.45432859340562226,-0.42218414293333784
12610,-0.4188901418994213,-0.3009330127143916
12611,-0.6419123018226944,-0.11369750127884559
12612,0.00012750962755792017,-0.4587599722482831
12613,0.14781481311053007,-0.5184225192361906
12614,0.11202623333622486,-0.6007929719381225
12615,-0.2564975079168097,-0.43277915646713877
12616,-0.16233552448912295,-0.37737719414851445
12617,-0.496504810247477,-0.39517089532969146
12618,0.7915579594325624,-0.19378609566894145
12619,0.17531909248857147,-0.30455048046085975
12620,0.13093753163494282,-0.31006356288582093
12621,-0.041617302195624734,-0.3868193784385959
12622,-0.38896662076954436,-0.351892669599151
12623,0.4689572215152603,-0.4210845054463271
12624,-0.28344681792790405,-0.30655265597827835
12625,0.35130618476160935,-0.4349013965273099
12626,0.36651410279572305,-0.2788977803455688
12627,-0.428719269784037,-0.4405948686504054
12628,-0.308015395805585,-0.38574650673085903
12629,-0.37511772593941994,-0.4179205586153078
12630,-0.10091901708368381,-0.16374658963923827
12631,0.6793677978330728,-0.1079924055267548
12632,0.4276000458061262,-0.11810521543951608
12633,-0.3272091283921683,-0.3498213054536833
12634,-0.28940513330012957,-0.4373185938617484
12635,-1.5747525744436663,-0.05079801606075331
12636,0.009715578450120554,-0.3634438427911928
12637,0.29597096125022115,-0.48057803406427907
12638,0.12788355554494485,-0.48573675864623883
12639,0.7046678604128385,-0.26753930596087944
12640,-1.0715920487363848,-0.21175229372076992
12641,-0.5852791016449368,-0.17296269511369858
12642,-0.2625513958943628,-0.3537542289308884
12643,-0.03717012255367652,-0.5722558581523954
12644,0.589591574838275,-0.34896079553965254
12645,-0.23633632209677313,-0.5270298777711309
12646,0.6411891078160918,-0.3178362663080891
12647,0.07401878402063367,-0.4300017747059344
12648,0.4403441052280167,-0.3722195138001261
12649,0.9333914396272494,-0.21055257292566815
12650,-0.9788223558291689,-0.14364160503362422
12651,0.3580076761698592,-0.43521220054687376
12652,0.5285979538024295,-0.3942740280087726
12653,-0.08864885025507219,-0.48682978106014146
12654,-0.02264935580638358,-0.4404374660518601
12655,0.39390490100197617,-0.33718451292832985
12656,-0.789965877361968,0.024078117888743714
12657,0.6471711433366931,-0.165842283232088
12658,1.2010816331158838,0.5112664489812228
12659,1.7171989854489134,1.4961510167882173
12660,-0.09632431558044235,0.019281853004688418
12661,0.2351725202174358,-0.09566169927059752
12662,0.2776327162764112,-0.17726037770140263
12663,0.2861240384889644,-0.16558268482331334
12664,-0.4423203612666837,-0.41775571716853516
12665,0.11830855861978484,-0.2704795648623455
12666,-1.0374409887701521,-0.12377130665776989
12667,-1.9756227541946223,-0.06085029293203496
12668,1.1711993803026766,-0.10111117706793422
12669,-0.9089602825908158,-0.0784251144071747
12670,-0.31665896728454146,-0.32101803441997245
12671,-1.75580698188955,0.49920129070913993
12672,0.768876884975229,-0.20339620636487094
12673,-0.017994986939634944,-0.3745870111059835
12674,0.4083687917513593,-0.3936682760376172
12675,-0.8270480787097874,-0.32136774815908725
12676,-3.9457410140276705,3.135814458358319
12677,0.5579955271791879,0.001936659527069437
12678,-0.32349386148929027,0.10128447295156105
12679,1.8004849471793398,-0.06740206171031195
12680,0.3502188105347108,-0.2951888704056737
12681,0.5764779977757298,-0.2697279536379549
12682,-0.3194175985676434,-0.2648483057322437
12683,-0.013408411740133047,-0.45622772600888745
12684,-0.14409805821201616,-0.4765684799928029
12685,0.1337392764680112,-0.3678126903811599
12686,-0.6385349081994895,-0.36413261353245757
12687,-0.5907675071833018,-0.32864908321944747
12688,0.47679849712549593,-0.19928928718050198
12689,-1.027176322461177,-0.2658531894151524
12690,-0.09345363882634738,-0.40528037899659114
12691,0.748272309999268,-0.3694362830170669
12692,0.38301119645916126,-0.16229710799507263
12693,-0.7546048869866024,-0.25807668413583573
12694,-0.0257780340571247,-0.2988528081342691
12695,0.1617515189590754,-0.4966458703426099
12696,0.5640211741384201,-0.334073695299887
12697,-0.23889953620161491,-0.39607072857561815
12698,0.21397880692942295,-0.44562310178811804
12699,0.002903004023371125,-0.3685613012009199
12700,-0.8243939683660708,-0.3340916421228028
12701,-0.7106304370349174,-0.32721319270938765
12702,1.0960494631117466,-0.21544965644216707
12703,1.0379089440829194,-0.21503405484862498
12704,0.9283014469033168,0.9566865111656999
12705,-0.22377143755740284,-0.2587449275676793
12706,0.48345795835848704,-0.061836512895810034
12707,-0.21900983819206582,-0.19329771474167412
12708,-0.08370610985751378,-0.4749154930397596
12709,-0.16859452727215302,-0.42368728959322405
12710,0.14904800069101576,-0.39024487115326023
12711,0.08420645197452287,-0.344211394759888
12712,0.24895057134162718,-0.42267684835316316
12713,-0.14044204718950282,-0.4850572613962561
12714,-0.38072505863246464,-0.4482114210117674
12715,-0.46197568513361825,-0.40423265257350854
12716,0.365885557379948,-0.5090113888357309
12717,-0.019136567620757605,-0.38904803360987233
12718,0.3868645738575083,-0.5137855746713854
12719,-0.3907041921157243,-0.5160154960753252
12720,0.24585909699187203,-0.5508263288910836
12721,0.2516565097385266,-0.4373268783246056
12722,0.359228023676186,-0.5285451625618077
12723,-0.3250789883071039,-0.544439339427234
12724,0.09384796609470719,-0.4792647715196984
12725,-0.10809653486203025,-0.4590106195246683
12726,-0.9831994047105947,0.06683633714387162
12727,-0.4529184943488932,0.13428392046047455
12728,1.0794817552685256,-0.42439278095621397
12729,-0.8043636350849662,-0.47570192114456294
12730,-0.689673117637263,-0.20955520820991103
12731,-0.1495754187666406,-0.38686384710814786
12732,-0.1809215911449866,-0.32777384391896053
12733,1.2150919064152859,-0.4334389860180298
12734,-0.12888272030918618,-0.22910419488218464
12735,0.1102431232459441,-0.4730227102927647
12736,0.3568038127056864,-0.49387166411716826
12737,0.22549533760542556,-0.4539779306491319
12738,-0.4534233359351776,-0.3867497965950367
12739,-0.08630187836568282,-0.507569021850698
12740,0.506274152848283,-0.4285638680714124
12741,0.3079240265864792,-0.32724220379334584
12742,-0.40178266661890844,-0.18639270011587886
12743,1.5634403167248827,-0.09033939162982137
12744,-0.8312962602119545,-0.279431976271091
12745,-0.5567075481505036,-0.43275668685803875
12746,0.6704399115944856,-0.3790624413262714
12747,0.6137271923058447,-0.376424037438086
12748,1.1406360680004843,0.2364846470111966
12749,0.017677476511205548,-0.2382585766888281
12750,2.5152781402205475,1.6650304732589134
12751,0.5679050521179658,0.8639504715443213
12752,0.9686388720208972,0.42620612763577115
12753,0.2739315904760843,-0.1009132200068435
12754,-0.0995232642234607,0.38199240310359256
12755,-1.0733253496394348,0.32961046799549293
12756,-0.5689247421082193,-0.1217712923715466
12757,0.8735905096321304,0.012347996637449662
12758,0.8874867535200601,0.3156871344277371
12759,-0.3894880868127301,-0.10354603553068269
12760,-0.10668487469597726,-0.2468239740988465
12761,-0.15443861642658402,0.40776186572397116
12762,0.7933584740224522,-0.006335016956008327
12763,-0.7212787537934857,-0.2000573853205242
12764,-0.49680770089418946,-0.1843098448427952
12765,-0.01749999708733288,-0.046065538198208175
12766,-0.18893327672331542,-0.23231193727075694
12767,-0.1467415862653388,-0.2244878860010635
12768,0.18704109464049762,-0.12789405057736716
12769,0.24720731092636528,-0.18226450449553738
12770,-0.7855763672627817,-0.034380856974185865
12771,-0.7746367200539481,-0.12715238589144906
12772,-0.5204764768319108,0.2135655860130412
12773,-1.1001523814855791,0.3004398580105607
12774,0.466280314228509,0.30737421033006945
12775,0.7524635511813818,-0.06355631893936699
12776,0.3794955810014,-0.32103437659043993
12777,0.012004618620695962,-0.28072017195159904
12778,-0.229765334929327,-0.43288174403012186
12779,-0.431291964376903,-0.30148500496688796
12780,-0.19675522342159985,-0.2706681577986295
12781,-0.4025961939235775,-0.36786923487820883
12782,-0.7135052537869895,-0.12547613189394466
12783,0.5457829561526855,-0.16246982191685239
12784,-0.868695682915331,-0.2503144749424347
12785,-0.40223987042180936,-0.056851021668122656
12786,-1.0172861786051461,0.015965096268791792
12787,-2.610657530573369,1.63453856280582
12788,1.0455930366951005,2.531542269716193
12789,-1.1977254399426793,0.42204128223810117
12790,-0.22040157483400458,0.18983568696778952
12791,-0.008661072999488373,-0.11793307570537409
12792,-1.7581863717504658,1.006131238699848
12793,0.6547105090617857,0.04455023315404581
12794,-1.1696282455059261,0.33757328451112056
12795,-0.046410634817356744,-0.22434076422510663
12796,3.713331904980984,1.683273759968289
12797,-0.23856122728681356,0.46177358474180447
12798,-0.17186088061493415,0.21283648622074586
12799,0.09816977915871183,-0.1814673978445583
12800,0.6326935527169767,0.17667913592269563
12801,-0.21788697842379898,-0.17344438964594594
12802,-0.6674430071416305,-0.01514330644823951
12803,0.17914126517612505,-0.34657183919959567
12804,1.8475767898615776,0.03545508271802986
12805,0.359163008867887,-0.2915943208159902
12806,1.154857342830653,0.48473211948809053
12807,-0.6751219156630315,-0.19661200516539068
12808,-2.0985410726852525,0.10331888191085399
12809,0.39758239867287215,-0.37448956251220256
12810,-0.01251472929370484,-0.3626319717171481
12811,0.07361652777181715,-0.25936782302615635
12812,-0.6415213563293213,-0.27642287273603744
12813,-0.6160616203904107,-0.3545104326113673
12814,0.12062849882485865,-0.10895425640876867
12815,0.33432107643621434,-0.36078549670841165
12816,0.022106723595137934,-0.4144881742875714
12817,0.7911420295794476,-0.43045929714029924
12818,-0.6718176246528855,-0.47711452423247874
12819,-0.1497316504417021,-0.5850741972596167
12820,-1.1117579653499108,-0.2337005375962654
12821,-0.5627508833572568,0.9234011483076969
12822,-0.8256483262897866,-0.1150698898084496
12823,0.44689004996298687,-0.4057837688069085
12824,0.1645179568487003,-0.30106180674626404
12825,-0.2567005635938798,-0.5064015228126137
12826,0.5906595780434102,-0.4593329514832453
12827,-0.7638179991659173,-0.40641786991990464
12828,-2.10673860909907,0.9826762799742925
12829,-0.03932366528390152,0.16193664412723285
12830,-0.8552141891652587,-0.37545831785122674
12831,-0.5742797158423787,0.07637328785879867
12832,0.6881143390005144,-0.2877836215046598
12833,0.39640157613773197,-0.4818542860219432
12834,0.27600411098690536,-0.42107217964658894
12835,-0.6394803980595389,-0.44653672329583843
12836,0.6060362785409208,-0.5352167191957725
12837,-0.5364799767602944,-0.4196621235653049
12838,0.49715552913121175,-0.39577611499020543
12839,0.5843960911636303,-0.27701213355644816
12840,-0.263150660552101,-0.34807759184522574
12841,1.175557570743095,-0.09899199535562665
12842,-0.33987980235723914,-0.18641478921174043
12843,0.5442809550470455,-0.46926106533087114
12844,0.08911633160019566,-0.5646065891401706
12845,-0.2250234169785268,-0.40109953651380836
12846,0.026589820845883516,-0.41134385205263635
12847,0.5653485337820456,-0.3466917647255093
12848,0.4181947592974281,-0.3012317726943155
12849,-0.5668562545219565,-0.3441442593740534
12850,-0.47583308001380875,-0.4318529523822365
12851,-0.3001231452629706,-0.3582831388609941
12852,-0.03324474091882959,-0.5105880481110239
12853,-0.21048681759687168,-0.61557351349628
12854,0.4775162069424169,-0.5456849671868061
12855,0.4842282532815092,-0.4930444555791751
12856,0.18991369102202105,-0.3559114549993928
12857,-0.12227590007843786,-0.5321531960089418
12858,-1.1248272698429733,-0.1655868392507878
12859,-1.5398520487242924,-0.05859869376660297
12860,-0.5986969181492879,-0.13781452146126744
12861,1.0264662889950036,-0.29650410991035714
12862,-0.8934690967410147,-0.23321563638538007
12863,1.9865700685492027,0.18655661327631623
12864,-0.03603584496630108,-0.23683008736282757
12865,-0.5350723543981837,-0.4754911189087169
12866,1.5532929182555517,0.0756015183331049
12867,0.10141470232099586,-0.44307539316286326
12868,-0.5189076791878074,-0.2915099640746306
12869,0.07717390225639453,-0.42575894478117
12870,-0.5761340553326482,-0.38878360595485756
12871,-0.3969667682920901,-0.36772658203430025
12872,1.325317350893008,-0.1743011551685605
12873,-1.06034907181366,-0.341730478456179
12874,-1.0699553696143258,-0.30053010922359974
12875,0.6423850867027964,-0.17541054958728403
12876,-0.4425354168055411,-0.5476650980440588
12877,-0.5755307011514945,-0.4312009987865067
12878,-0.569519997884506,-0.19838193425478462
12879,0.8609963694057439,-0.29698248071145716
12880,-0.387837505122812,-0.5176899004967356
12881,0.1636986350196012,-0.4202297628393609
12882,-0.9891159490171508,-0.1117309662667043
12883,0.9182994866520848,-0.15810119695520267
12884,0.006433623380978415,-0.4793264720076475
12885,0.7927918346211269,-0.3309473077411127
12886,-0.5080737357674291,-0.2689304357472311
12887,1.6559685429671906,-0.1596727824898952
12888,4.145892631902152,3.112842181211107
12889,0.5497084650348885,0.92327723168161
12890,-0.7673165858950334,0.3371472164428399
12891,1.2638164305763848,-0.0006581119254962936
12892,-2.4246240630355587,2.817472725506165
12893,-0.00855248258659913,0.938391185690747
12894,1.3579590561406216,0.14913047219331904
12895,0.5820019265587534,-0.08364421688171407
12896,0.03957890214516613,-0.3960206307660422
12897,0.9397163140217182,0.023411509548453738
12898,0.20275077577976997,-0.15447054677763644
12899,1.347625348435238,0.14426890976517331
12900,-0.33951719685897264,0.7671766749741272
12901,1.4279485414503943,0.12676437656540052
12902,-0.5692422659884012,0.14096626599635953
12903,0.6594339308936298,0.5022591073725703
12904,-0.3589643353818072,-0.13975589096838853
12905,0.7276171092712439,-0.09094064753006227
12906,0.45126199487799057,0.4649112049660808
12907,-0.48144654857304636,0.13037347197290405
12908,-0.016267759859780406,-0.16913555749932502
12909,-0.2976743466786078,-0.3129425919364405
12910,1.8439639659797602,0.48831922449179127
12911,0.3966040380538123,0.4701828166393172
12912,-0.5100682722450535,-0.24791493427913447
12913,-0.6422214938684697,-0.08753533086357206
12914,0.619688699575069,-0.31792135684256395
12915,0.8327293150027257,-0.05866791330699882
12916,-0.3110550737773055,-0.26484492098157186
12917,1.0563244702445609,0.24055463977748776
12918,-0.08135150321856341,-0.133391942560057
12919,1.2251247899384954,1.2555295583462753
12920,0.1351171208573681,-0.039281812088307694
12921,0.3959923824391216,-0.0257038486336173
12922,-0.6234409541750976,-0.10525107630072408
12923,0.051021308072629945,-0.341587665587986
12924,-0.13661615804163552,-0.2549115907104503
12925,-0.7323773588496572,-0.12794315244350268
12926,-0.015533044295108073,0.20921341025111628
12927,0.5340409715807253,0.24636238911461644
12928,-0.2341402620918061,-0.2764141560625141
12929,0.3301350451778199,-0.36092174438570296
12930,-0.4673279254942847,-0.028498563207465646
12931,0.22494691682475337,-0.29781569557401466
12932,0.25530376932872456,-0.33894717542320074
12933,-0.5453771485439338,-0.30009666277238267
12934,0.47185983379464236,-0.22666982355814047
12935,-0.273276498821422,-0.23452925889142917
12936,0.5410511420656494,0.34267363206034634
12937,-0.7917012542771642,0.006685436756607474
12938,-2.5978313100530044,0.6547655071299829
12939,0.9104587247654821,0.6978654022899039
12940,-1.3874637032224246,0.036940132189340294
12941,0.4185681234082217,-0.27663836989176355
12942,-1.0047862763999558,-0.03995962649165209
12943,0.8696529678246012,0.25862146597113295
12944,1.462462701958358,0.015893944469604834
12945,0.6486584187165726,0.2872517540068676
12946,-0.8502444056054347,0.9304509553664351
12947,0.8032074756151142,0.39697858837219796
12948,1.0845068804366107,0.32649313438806893
12949,-0.6435515115914399,0.24449281915120036
12950,0.7754277214842467,0.17123546238486476
12951,-0.0607905767552788,0.14586105923448278
12952,-0.2620921604196634,-0.1547314792645666
12953,-0.10697700256158485,-0.10093265457003496
12954,-0.11180896764961595,-0.29180946107949657
12955,0.12459068908296583,-0.3109328332508309
12956,-1.590868670045963,0.38223735843990797
12957,-0.6401917604566025,0.10805028082968886
12958,0.40953608081344606,-0.10754682229365424
12959,-0.7135232199214445,-0.23507792435125463
12960,0.14335749863534292,-0.4112949581037966
12961,0.7319830692774305,-0.2876814575142748
12962,0.6944276295103269,-0.2722632081299364
12963,0.3584213519731575,-0.3158323366320844
12964,0.21649336246386164,-0.3770406746366152
12965,0.7294304852514746,-0.12944296229339142
12966,0.28846909896092376,-0.0768299979681177
12967,0.02444892389323733,-0.0822846381038336
12968,0.4657594192099279,-0.177859941059133
12969,0.4280072099370188,-0.008898352680420704
12970,0.7628286958233614,0.2554566109332296
12971,-0.8744221311327632,0.17303604605972178
12972,-0.586639664380208,0.17174580344763185
12973,1.2995149975349225,1.9670197886611112
12974,-0.15281816133197057,0.27726194611299926
12975,-0.07135604515018051,-0.1390675219883492
12976,0.3820725205813229,-0.04335165690070629
12977,-0.28741560943294986,-0.11828391098414204
12978,0.1416795542975816,-0.21963305725218413
12979,-0.6565065005493416,0.3729524265010745
12980,0.3559173568147106,-0.2787617213613468
12981,-0.019160930254037034,-0.36909346435034196
12982,-0.02791892937668894,-0.18369161637468692
12983,0.300634154429135,-0.09848578365727138
12984,-0.1479868521041891,-0.031805126433472525
12985,-1.11718038678882,0.4482222603573663
12986,0.8573004764462244,-0.2068862769528027
12987,1.0574618744762436,0.84028935033916
12988,-3.047161498458743,3.816437499909379
12989,2.1015498512153887,2.2189966892983524
12990,-0.3188900789405631,1.1745411647118302
12991,-0.8936575225640636,3.8125614028301618
12992,0.2848148330862389,-0.01700072199854724
12993,-3.214730967632158,1.364733652772725
12994,0.44757810110397855,1.7379935246662097
12995,-1.0929953858440067,0.2551586150478279
12996,1.90926669049662,0.7003607899231655
12997,-1.1284183464592479,0.021349127374524837
12998,1.3518222060685379,0.1473275328087965
12999,1.6521353840173998,1.0436597878321923
13000,-1.8799750990678286,0.30549462730926685
13001,0.3173217905678838,-0.3618739240380425
13002,0.5027869592499854,-0.026209915832534555
13003,0.7916101545348975,-0.1767918280101532
13004,-0.7233772505174891,-0.13028526530675594
13005,0.24815033686459742,-0.42899527819976274
13006,0.4067066396204875,-0.292743021378389
13007,-1.7103076840178157,0.034631345342468686
13008,-0.1852961281693602,-0.10027622449584356
13009,0.567403399923665,-0.313699573706296
13010,0.46136995378009804,-0.21460104657782508
13011,1.3190648080898202,0.2758195609247675
13012,-0.06798399581249656,-0.2922890143361034
13013,0.9034214624329062,-0.04049353052192907
13014,-0.4966082151722225,-0.2429174525549589
13015,-0.5569797106693624,-0.36990858380171376
13016,0.6254071178234564,-0.18725980870916292
13017,-0.22069295135477618,-0.3698656140448243
13018,0.5972979862464034,0.23452881411224896
13019,-0.09649101260297582,-0.21542595894030775
13020,-0.587939523850607,-0.260392912690289
13021,0.3824077974286222,-0.30314575247429504
13022,0.7999680999617222,-0.2387894338048322
13023,0.039845182849427174,-0.15632205149449044
13024,1.1817311966368576,0.2948869231266658
13025,-1.0414876691885262,0.3355479800076191
13026,0.3927360626839901,-0.10302740645316232
13027,0.44098707781284774,-0.19248583598249963
13028,0.3689371867889485,0.02485344743515805
13029,-0.6411862046252148,-0.19114200507442358
13030,0.8271514149949362,0.6616699920597517
13031,0.7647102301291258,-0.15899469550985496
13032,-1.600709556489896,0.46536139667347004
13033,0.027306735356118272,0.30386703827651024
13034,-0.623115401954536,0.4519530615996837
13035,1.093476556979709,1.7630210591988869
13036,0.8345032855557339,0.31863570189282076
13037,-0.9625130565357054,-0.06819899796099663
13038,0.5252210316965408,-0.09391525573099309
13039,-0.3561604815202358,0.13441069756640694
13040,0.9780194090684562,0.11017638171122167
13041,2.576486278918083,1.465795589955573
13042,0.06240958765092297,0.5964816430637567
13043,-0.4290790212686949,0.4343397889873685
13044,-0.17243753663034306,0.34094369002853997
13045,-0.7714788834730841,0.34244391655649814
13046,-0.821022067868205,0.04077966964079917
13047,0.9902891692818989,0.5190441022460115
13048,-0.39210806077786375,0.06083622751023805
13049,-0.8914360087664616,0.2875910264199457
13050,-0.686748303740035,0.7680744283253371
13051,-0.5553874378922434,0.3928461132254746
13052,-1.3501463060933176,0.7358244587722076
13053,-0.369816517903671,-0.3325568654648926
13054,-1.647800204111824,1.3309642856899506
13055,-0.24790577453057813,0.671931689877029
13056,1.1852909216036407,0.5064099325771052
13057,0.3781397008666242,-0.11763405058495459
13058,-1.4403668379539805,0.5150499289984385
13059,-0.5922054303600506,-0.21206695072217813
13060,0.346196564566281,-0.09373171203063875
13061,-0.25014923706461756,-0.10638169968499214
13062,-1.2376823160305055,0.23666371068761227
13063,-0.36205281069336764,0.49378637369452155
13064,-1.4411500236130381,0.7693296072414815
13065,0.5403040562415208,-0.08898416466583446
13066,0.5537107450380533,-0.11268704395786495
13067,0.5036940313582325,-0.17616928110533686
13068,-0.6473684165760266,-0.3878762088615265
13069,0.9392230918351849,-0.14285154131399103
13070,-1.0367892423930356,0.0011880760725123396
13071,0.29598100484092615,-0.13995143164694362
13072,-1.276306799599518,0.5339885500219719
13073,-0.2697549071923444,0.9196289881110518
13074,0.05221416402602663,0.17390538675155687
13075,-0.08468806563866038,0.042921522106842164
13076,-0.4597389525080161,0.12676580686015682
13077,0.6941821169840393,-0.3426103866645051
13078,0.35896007006733743,0.21587229745648434
13079,0.40946643416968476,0.5278363615455035
13080,-8.103559566582481,21.3702893628125
13081,-6.0082089743228195,5.880640575451263
13082,0.3509420495727431,6.441413009193125
13083,-4.300633695764828,2.941892419726478
13084,1.3461883891176016,1.64457362943636
13085,1.3944141268723014,3.6636034318538453
13086,-1.4751734873169047,0.7901311229722524
13087,3.441780787257944,1.5889900135994346
13088,-0.17032800522807412,0.48889087581256324
13089,-0.08683704558306718,0.3025900912287463
13090,-0.7817513214192702,0.3740620553143186
13091,-1.9445830345855375,1.3874911110891084
13092,-0.22590622465795163,0.6938256476732434
13093,0.05742944094150959,0.04491629084690306
13094,-2.6566224164662664,1.8720966419816985
13095,-0.6757902555327622,1.680414918187071
13096,0.39219387065726874,0.22394331112860094
13097,0.3340428701193493,0.14054658293076083
13098,-0.4817542529466562,-0.07854946480886867
13099,2.5751573546837903,1.1472725143051847
13100,-1.4381862653918847,-0.11069384073961948
13101,0.5315393759939776,-0.12079742627038395
13102,-1.2010926968990363,-0.1338993760911133
13103,1.1812166758659026,1.4231957884183017
13104,1.3778237698181062,0.19466187440864718
13105,-0.4045192811166234,-0.271369133927145
13106,0.1540530876952788,-0.5002104354025709
13107,0.7075903263151471,-0.1965239768396056
13108,0.015644905473280457,-0.26557568080516925
13109,-1.5173090856877616,0.05384020290823893
13110,-0.8781334942652027,-0.16642487926144833
13111,0.7915623177588622,-0.42073677977212304
13112,-0.7034418788612428,-0.182312930688935
13113,0.08160646917801884,-0.29876613242338196
13114,0.37644601390684795,-0.18059028681084804
13115,-3.1301393241675624,0.8375690075626878
13116,-0.3550497633151358,0.3302904913728694
13117,1.128398875190511,-0.07365751580378006
13118,0.450520251648888,-0.05044736869887871
13119,1.1048628364593274,-0.16215538579414812
13120,0.3604170238067297,-0.48742435786223665
13121,0.7856293117758546,-0.28240546054090904
13122,0.3083988186585067,-0.2126274868329871
13123,0.7252704811724351,-0.37109952185759804
13124,-0.2239912203808691,-0.3593888281592475
13125,-0.22763712766163194,-0.4213001103912204
13126,1.0953504775333167,-0.09959144925667619
13127,-1.1130884423584084,0.43019830254204033
13128,0.5913625589086297,-0.16756743297582566
13129,-0.6048006809258815,-0.26996301966684405
13130,-0.3592935932332024,-0.45669530180997264
13131,1.5022469863555385,0.21956726660783205
13132,0.7291295869935637,-0.06689106993216329
13133,0.4977336479394301,-0.23931471821747496
13134,0.22913233376795583,-0.3160786263421769
13135,0.405327944527311,-0.3798208512047057
13136,-0.30077868856728196,-0.2664160485261717
13137,-0.29462273794143007,-0.26224887041146133
13138,0.5372197047245745,-0.2995681177625442
13139,0.9622827998446501,-0.24861460504628174
13140,0.39837961610762695,-0.0209337611124496
13141,0.4021759371252811,-0.2859136646801013
13142,0.5706324632327493,-0.31279762295890123
13143,0.04506057212620973,-0.319143808562908
13144,-0.38302725388605796,-0.19586120151911546
13145,-0.5798140902758813,0.024614492198830135
13146,-0.5978278754196489,-0.24990723667111486
13147,0.5587035781023434,-0.31762752917515763
13148,-0.37302535103814527,-0.223158315168288
13149,1.92168298103593,-0.09530802550638164
13150,0.3681339693356571,0.13401129113869686
13151,0.5058545988417533,0.08959912830397736
13152,0.16045703704098174,-0.11946694195732722
13153,-0.7084639099967938,0.05012289768939869
13154,-0.6416337301013706,-0.13822937861262358
13155,0.19272169535102746,-0.3499376704333285
13156,-0.41366578621702027,-0.23611093905938751
13157,0.3954062502499066,-0.1594776119243287
13158,-0.008126877434662172,-0.23194202164889322
13159,0.6390280090849405,-0.376415397367289
13160,0.25226163959853565,-0.49661615306098145
13161,-0.7293966711187564,-0.38105750686105566
13162,0.2916864356964691,-0.2511920517096464
13163,-1.5016591183894543,-0.0742085559319108
13164,0.3643895110905542,-0.36748062047086
13165,-0.4726716230688012,-0.2272513669782828
13166,0.5457154293090569,-0.37931252145965255
13167,0.7367512040721509,-0.38384587023194455
13168,0.015269015147455156,-0.32618150567941623
13169,-0.4025240160439426,-0.35710161416480357
13170,0.4540907116104024,-0.27650592613756947
13171,-0.6633493732760525,-0.32752811943326426
13172,0.3360909652962536,-0.42151290930911367
13173,-0.2312169826414464,-0.4320103533475504
13174,0.46228690372486503,-0.38362331464375565
13175,-1.4268291661585462,0.16697522402775244
13176,0.8726805747307327,1.2111367731934284
13177,-0.13366437182519936,-0.4426468886180264
13178,-0.5727011379785734,-0.0002631870439694095
13179,0.05010442289713257,-0.1132047339242678
13180,-2.6176856486541507,1.4526082251087036
13181,-0.3985810262150409,0.08071599510869613
13182,0.7077617698138433,0.6682823583247072
13183,-0.894145901336426,0.020672374102066085
13184,-0.8554533001587918,-0.022341581536661062
13185,-1.4820179409976595,1.982381939458803
13186,-0.9876161730782012,1.9124794066150788
13187,-2.3726648335580656,1.6259424062990038
13188,-1.7538623209514612,2.010679354255921
13189,0.7155302606611658,1.1623429170988233
13190,-1.6456081173537136,1.7052073244641153
13191,0.7405630590400433,0.12225024919924325
13192,0.6297917628077472,-0.07052327861721541
13193,0.41439696017064964,0.016255539757100354
13194,-0.8111899238471649,-0.19130365360743196
13195,2.4852881505628885,0.9601262258119387
13196,0.717983814585395,0.420889927140192
13197,-0.6390694890858282,-0.1469012267568206
13198,-0.5129673724438133,-0.2786318871980437
13199,-0.17704144654850937,-0.46032605463692455
13200,-0.3681644688024098,-0.3783574574378517
13201,-0.7050304953527878,0.35580925311788986
13202,1.4292038013567185,0.8089087219636533
13203,-1.0082972283863532,-0.2257716433567728
13204,-0.09426684998092905,-0.38724538252271484
13205,-0.42175958072002967,-0.2917517944815585
13206,0.7055183395874329,-0.17764264401469687
13207,0.3028684447061222,-0.3521894420610748
13208,-0.014093488217855638,-0.3999393152742312
13209,0.88502101137538,-0.27493409020356946
13210,-0.4578864220548187,-0.1706833636691542
13211,0.49259307587389034,-0.2134719141421076
13212,-0.06788969120689631,-0.44876988782805327
13213,0.4621201781055789,-0.5150961723542568
13214,-0.42800377997422523,-0.3838813164006844
13215,0.6082137613307197,-0.471946741300676
13216,0.37835430708633033,-0.3211993367242124
13217,1.6548859320505547,0.512422984776794
13218,-1.571710491375079,-0.006176999595233337
13219,-0.48314436978294506,-0.059385675752320274
13220,-0.34414676279544065,-0.24139059512928884
13221,0.8659047165703715,-0.38020859854990124
13222,0.9800128466928528,-0.12266678529520005
13223,-0.39372748906598776,-0.12026776405923409
13224,1.4070471362847643,0.1542397401339412
13225,0.5570639729282796,-0.40212966400585515
13226,0.10202396009754733,-0.20808522837279647
13227,-0.5406542144103434,-0.12522861164083812
13228,0.38619766584432624,-0.3752115411308032
13229,0.17622329150607635,-0.43828301189016156
13230,-0.4415503169159419,-0.2710138369403122
13231,-0.14397892073037205,-0.45625326989783427
13232,-0.34331899473040506,-0.3290198662600547
13233,-0.23390125967241687,-0.30596756090303434
13234,0.8172176042964883,-0.14876597803574237
13235,-0.24144856691670735,-0.26134778484675397
13236,-0.36079056376426094,-0.4025940236665942
13237,-0.43886909383276385,-0.34203871780119666
13238,-0.08861123985704605,-0.2802262462894198
13239,0.9494708388768034,-0.5170678197131527
13240,-0.17642541308708654,-0.4191793491845937
13241,0.4041090175356912,-0.5534063242926812
13242,-0.3633319086578532,-0.5030927158181167
13243,-0.6835524729329945,-0.3285683372519911
13244,-0.35566872623346085,-0.32901828252042875
13245,-0.12696847189306937,-0.4931598204031533
13246,-0.36499059533667755,-0.46249317616035823
13247,0.3365976929350385,-0.3265615287631692
13248,-0.18611367462250128,-0.4570218727785148
13249,0.6450850656653524,-0.20600888015265473
13250,0.8401869971169065,-0.4433808220073883
13251,0.3323583306981218,-0.5537265322848665
13252,0.3854966111676784,-0.3586216222078851
13253,-0.049289391672818705,-0.4187209223685478
13254,-0.21159422440273934,-0.4290190807257474
13255,-0.038841579377607655,-0.43917928512048354
13256,0.4257723766659349,-0.4407256119997361
13257,-0.1867925883294717,-0.4619147829126703
13258,0.2072711742686787,-0.5263313914933723
13259,-0.023127139511699535,-0.43642702849334386
13260,-0.024192819438184188,-0.3922694541362855
13261,-1.7662091009046303,-0.007244804788947248
13262,0.1991367003464818,0.4608443519174847
13263,-0.21405980662976992,-0.10248555994531523
13264,-0.4558009506508137,-0.19275080911046816
13265,0.015074836139948589,-0.3985642516834255
13266,0.8060552242335408,-0.3060867196837156
13267,-0.4546758038226903,-0.42293967146117195
13268,-0.5560187739470099,-0.3337771952308579
13269,-0.577628648382986,-0.23582594013602043
13270,0.16073707943594456,-0.4003164189480973
13271,0.4604530234399281,-0.3634400531992201
13272,0.38430758770813966,-0.3769503100632257
13273,0.42168434333541893,-0.46011034821207947
13274,0.4146377466925646,-0.3573860634382012
13275,0.13457530822518193,-0.2981816138428318
13276,-0.6748489660992057,-0.35979341255188674
13277,-0.4962675288837708,-0.09623709245097178
13278,0.26426594862323904,-0.42268480420428056
13279,1.1822864610575516,-0.11164149557612163
13280,-0.29625748489837467,-0.2889791171077016
13281,0.5274060791499287,-0.46342719224955914
13282,0.006666120498364514,-0.47169281218262443
13283,0.16560084424236232,-0.413497544497074
13284,-0.6026343629124989,-0.2479027310673133
13285,-0.05337520837415352,-0.3605628952851951
13286,0.7756539834667155,0.02170856929407193
13287,-0.20114146616350687,-0.30046419963168963
13288,-0.36233495672152527,-0.2315855988893567
13289,0.00921662026650738,-0.4982935114804749
13290,-0.6004384483839355,-0.36886114509755424
13291,0.09305513047493863,-0.49423454838565944
13292,-0.2059921130462239,-0.5320278802646694
13293,0.2716410301429063,-0.5188664487204429
13294,0.4523643309961771,-0.5625318479044419
13295,-0.3151449010321902,-0.5440645265457952
13296,-0.0517430004696236,-0.6223019904659116
13297,0.13581640136817796,-0.6188075820058242
13298,0.16133350246970912,-0.5408346231239632
13299,0.2845066933871333,-0.4483989766445693
13300,0.11258503265749414,-0.45922068083956497
13301,-0.4214291769303683,-0.4914742310769136
13302,0.06008282309733115,-0.44545633501746923
13303,0.2927396750777663,-0.5979991168299805
13304,0.03449700942691275,-0.5033570711133702
13305,0.21017795479084989,-0.5477770392618192
13306,-0.5807123494059123,-0.5278121746461193
13307,0.33443994146206935,-0.582925506237397
13308,-0.34267861475223826,-0.5528841070233448
13309,-0.2101854126684161,-0.5938592911444369
13310,-0.0262698931827762,-0.48918573890186723
13311,0.31431918140136617,-0.5267240445561452
13312,0.3124885085054656,-0.47509466392055916
13313,0.07995606707287117,-0.5773425561862524
13314,-0.27963020343250355,-0.6568173397922509
13315,-0.4293149032657265,-0.5990136356412951
13316,0.19339946787656376,-0.5642446596870725
13317,0.4092571006518433,-0.5028083332923995
13318,-0.36633427808516905,-0.438566905482773
13319,-0.1627056504342329,-0.5072162842599859
13320,0.3727722898808109,-0.3767242193548799
13321,-0.10550272937382549,-0.4580123708488662
13322,-0.3757925940205524,-0.36557186957273863
13323,-0.2842523410936688,-0.2753095239877002
13324,0.7833968651237604,-0.07630982523405536
13325,0.2518300615465497,-0.5677889293487501
13326,-0.1614015885954424,-0.564652148559634
13327,0.756528786091333,-0.5438616062898592
13328,0.31317135726962597,-0.45392557127703675
13329,0.3790602097143789,-0.5314718524531491
13330,-0.24424404306357816,-0.3675537565988833
13331,0.04636343325389064,-0.6190767283761359
13332,0.8981880718635891,-0.41431569859705103
13333,-0.37221463434929936,-0.27729647352991843
13334,0.50602407489046,-0.3951710206538731
13335,0.2169425647655625,-0.23673210959703078
13336,-0.04249886339751019,-0.439973781212
13337,0.9297045139204507,0.22492819789015067
13338,0.2466023248849799,-0.2609254031235734
13339,-0.21125085506299168,-0.2704874145306533
13340,-0.34702039375650806,-0.43556340758597983
13341,-0.3949411063132491,-0.3596231673940033
13342,0.7865817371098154,-0.4570145187461059
13343,-0.2834901644577412,-0.3700244828617277
13344,-0.4208399896890951,-0.11263766984376526
13345,-0.36126427126926774,-0.34445949444726703
13346,0.6341571537334727,-0.3720623736253522
13347,-0.20186962229205213,-0.4917229660506928
13348,0.21159710547082883,-0.38525887632771205
13349,0.1773477890519361,-0.654167338756518
13350,-0.03210948555905174,-0.48031065696003344
13351,0.40223034516611456,-0.4741860148214724
13352,0.1990858073697822,-0.27249098880195494
13353,1.7420100777053402,0.3638695675533911
13354,-0.34955880394754396,-0.051700828079326286
13355,0.13106553432551232,-0.30442681402710653
13356,-0.5385040631936732,-0.4558147659195431
13357,0.7806337589873698,-0.033341424293489755
13358,-0.40446013873759784,-0.2541256338097221
13359,-0.17824212649381754,-0.23530778427714244
13360,0.4924626021365478,-0.5014014135506103
13361,0.34118724269101,-0.3114929369707327
13362,-0.49277946495316854,-0.2682252952086927
13363,0.1070154342230688,-0.5388654911107839
13364,0.28058380297150687,-0.44079600611868147
13365,0.17086975381280184,-0.3552388656746647
13366,-0.4730179640745633,-0.41453047163438145
13367,-0.4549374445132696,-0.316546792758387
13368,-0.15192156238979174,-0.4863121577516839
13369,-0.2526457602814012,-0.371445569504129
13370,-0.3368768477466978,-0.42346315873035684
13371,0.364088138269822,-0.49314145554758987
13372,0.6470291275988952,-0.40575171545722416
13373,0.27949906512694656,-0.1971750670693571
13374,-0.18303193825895217,-0.4730334080827913
13375,-0.22993509025002695,-0.4685090827103369
13376,0.5353394060622274,-0.39312254150835774
13377,-0.2502696220070337,-0.2939367319920253
13378,0.5320077632862797,-0.2641504422327458
13379,0.06318934404548054,-0.32925188332615146
13380,1.4661013591520724,0.2206381485855678
13381,-0.019753000130714155,-0.17674703928374358
13382,-0.8262381388621134,-0.1655669359628006
13383,-0.4588616347473816,-0.19288024435181533
13384,-0.043752695217963294,-0.36298323151315537
13385,-0.4711566294010773,-0.14344626707414804
13386,-0.12874327519535458,-0.42234454672286487
13387,0.16012418324963495,-0.2720854400904772
13388,-0.0016835464121655597,-0.2938335871512064
13389,-0.1576248307295248,-0.25547295395902525
13390,-0.06128498239295346,-0.4217258725287547
13391,-0.302988754164764,-0.4882596858431171
13392,-0.18945884396979396,-0.5256594485660778
13393,-0.9079454099596713,0.6380358470000049
13394,0.5285982404469873,-0.17848813577500316
13395,0.18928529015766382,-0.5745258372386506
13396,-0.7949989899879719,-0.38721511318523655
13397,-0.33933556052159075,-0.2560367442876539
13398,0.3937361774235163,-0.45272779171729216
13399,0.07700980689558734,-0.47916177471660176
13400,0.400704616127349,-0.5003830647209845
13401,-0.6758369518719494,-0.5048595337836342
13402,0.17971130573527644,-0.5180658916901433
13403,-0.07465823053313073,-0.5572711019117095
13404,0.45259384242804845,-0.49219444460448075
13405,-0.24736295399138003,-0.6110387661296146
13406,0.6012564621419798,-0.2401905936547734
13407,0.2542444966520766,-0.3579723914489701
13408,0.8085744743139003,-0.3484743666506276
13409,-0.13743988382867559,-0.5205260313172436
13410,-0.746926434818143,-0.4755629550878922
13411,-0.7529141951117277,-0.30679056022759243
13412,0.24784897977033432,-0.5913440832730485
13413,-0.8969881068607469,-0.3486702419390623
13414,0.5149423947286609,-0.3774676666047581
13415,-1.7776955140209907,0.012231484256923886
13416,0.6735868370695344,-0.29995824383181857
13417,0.22065023082562024,-0.1730036789181819
13418,-0.3581343679022341,-0.39064095221174944
13419,-2.8956261185563585,0.9014418163578826
13420,-1.3163383285430275,2.047880148191636
13421,-0.754466384036528,0.9506719020692136
13422,-1.572646745778736,2.3179851126752626
13423,-1.4391074336211727,1.038860579310179
13424,0.9764384592372688,1.5986788037182804
13425,-2.136080754895969,0.8929417291631935
13426,-0.05662580529786787,-0.06713529082249305
13427,-0.78112877532616,-0.17613780129313594
13428,-0.20588840139165665,2.09788752234678
13429,0.933892240641147,0.37302701532756316
13430,-0.31970436192266916,-0.20912421139082055
13431,0.909957049541174,-0.060958180271976505
13432,0.05997048146313971,-0.1838368170863104
13433,0.3941507643616391,-0.20818518104954986
13434,0.6644255336237175,-0.10627912194332015
13435,-0.927714252063527,-0.2741648902499398
13436,-1.5659269803812095,0.045606167017002486
13437,1.7883288538383657,0.25823012234368686
13438,-1.4239747670944947,0.020895609900432197
13439,-1.0841490090448906,0.49979012422944863
13440,-0.4854854529922865,0.3682987052549944
13441,0.9632573122588175,0.16123021158031609
13442,0.10704179878314873,-0.2444835742764777
13443,0.05254436331101714,-0.28039874712468443
13444,0.1241493852160932,-0.2633464042216314
13445,-0.32105563248847513,-0.3215472569605316
13446,-0.06772622636454817,-0.2651588233219634
13447,1.1939846311898896,-0.27680345952084334
13448,-0.5318758194900812,-0.36274966598636765
13449,-0.4468663794209903,-0.23586723486508487
13450,-0.5903864753846322,-0.09780055573059546
13451,-0.42563838139071636,0.36103728320705863
13452,2.1359939854159435,0.25322778989553313
13453,-0.3835274175367889,-0.03059822142169799
13454,-0.2853176316536004,-0.24732426944729774
13455,-0.09805432122515553,0.016194697098736652
13456,1.3022871683421084,-0.1823809244660699
13457,-0.5326281905664724,-0.22456246064289903
13458,0.39214111291469766,-0.5529590615945267
13459,-0.21404605664981963,-0.3778751369010438
13460,0.051276372030395256,-0.2685947927034225
13461,-0.28009851400442,0.5032653968653632
13462,0.674546833169079,0.24497970618328319
13463,0.24966394919410323,-0.2798727865628421
13464,0.8081363459360764,-0.1888367527974248
13465,0.9050081623323456,-0.09905350746801965
13466,-0.666003373168865,0.05317877903202213
13467,0.7084251114015097,-0.0806720246453524
13468,-1.579930364119149,0.14390559997491514
13469,-1.9330125779567346,0.34219583711846296
13470,1.5583895517309938,0.16929799959102354
13471,0.5852263668541495,-0.20719922602572166
13472,-0.8983411720780253,-0.10525924552205403
13473,1.3312477472919262,-0.14878659458647386
13474,-0.7864134324631572,-0.3291695288771314
13475,-0.014952586258822398,-0.47091436631055655
13476,0.8041180995327819,0.08229948199967023
13477,0.9049248774331224,-0.053435776359935294
13478,-0.09050084354518495,0.02594191140201889
13479,-0.44508096807755543,-0.09390105049462726
13480,-0.35207864068518435,-0.3438894980656388
13481,-0.24643220405103744,-0.507609188474131
13482,0.8812183655633719,-0.366896020967828
13483,1.2089307154704614,0.056763385324522034
13484,0.5605507062023456,0.3334002647373931
13485,-0.6497946229299899,-0.14432900507494012
13486,-0.7475090929712217,-0.33034897282086045
13487,0.2959653220740823,-0.49665539335381
13488,0.3386402727472483,-0.3254651955138457
13489,0.4116247050555394,-0.43380261856987895
13490,-0.8597328015112561,-0.39858138333271526
13491,0.42938964945103364,-0.46729596120096456
13492,-0.5351039472728137,-0.4772689954118529
13493,0.4442668063698656,-0.24543400168793295
13494,0.3936062246386871,-0.509303774193175
13495,-0.015456565648165832,-0.5641173079743868
13496,-1.4866022212314332,-0.050481002794426605
13497,0.8449565433454218,-0.47775481375145484
13498,0.7242500831429667,-0.5102304391626068
13499,0.18268951797794064,-0.46335252990176573
13500,-0.969326185242663,-0.42214964782467557
13501,0.7432330875494866,-0.4906969147706164
13502,1.3436631297283734,-0.03323256868506892
13503,0.28749489552954355,-0.4219299018568666
13504,-0.5044642741522203,-0.2942394304680397
13505,-0.8817102689994003,-0.18784955073192267
13506,-0.10334192319569513,-0.5419635588102701
13507,-0.35345616709239785,-0.3695110790133333
13508,-0.9263492090852746,-0.34529311352028547
13509,0.05339704784143118,-0.3549638470334138
13510,0.15697131845186152,-0.4587729548297995
13511,-1.8950908513679763,-0.005203930739768589
13512,0.6455371029733072,0.17600863434904657
13513,2.5446307252404226,0.009753012762901012
13514,-0.5311474380382042,-0.20911335027233813
13515,-0.8679725819394448,-0.3539220722283995
13516,-0.8282589090701856,-0.25492649500827463
13517,-0.35838569197647935,-0.3199104223725274
13518,-0.21484305035021123,-0.465432788002078
13519,0.04318083043074439,-0.44734192566454606
13520,0.03321101979567398,-0.4638680323099757
13521,-0.10138596206301062,-0.35646166882074026
13522,-0.15370402417808415,-0.14002275558454141
13523,-0.8127338342649857,-0.09456247081832755
13524,-2.1580177055222665,0.846941130706869
13525,-0.901423692185712,0.6665809284508696
13526,-0.4304222483005349,1.0723973683856638
13527,0.2893372113562397,-0.089662727095394
13528,2.0918893067303617,0.17061695643872032
13529,0.6608547643294262,-0.16882610428939548
13530,-0.5950166652327751,-0.21735482997432182
13531,0.7679895663156433,-0.19188111785358725
13532,-0.1530658105582582,-0.3489036654313848
13533,-0.7437930403397829,-0.43746552803070854
13534,0.08840328702190581,-0.42398167940135073
13535,0.3338717290542196,-0.2977764894672559
13536,-0.0646874120290993,-0.2615417277499933
13537,0.053002048701064175,-0.4679054574278203
13538,-0.5232039497406287,-0.26246123186071935
13539,-0.766494696099937,-0.22733904156656926
13540,0.15820116770179038,-0.271130756023424
13541,0.5218417506264932,-0.39153382982710966
13542,-0.1105023996779971,-0.2145366409844387
13543,0.24756314322805395,-0.13377582609922617
13544,-0.2579257770225399,-0.2610241330393492
13545,1.157592004123867,-0.15885681472650043
13546,0.7561678151122422,-0.1774491183857051
13547,0.24817073650560328,-0.26721675338658235
13548,-0.1696461102647423,-0.1816346466915475
13549,-0.12215095427593423,-0.4903464447611448
13550,0.0633720861519313,-0.4417519206621977
13551,0.46803471363924265,-0.5534087498633494
13552,0.11082406269768269,-0.4781891199773486
13553,-0.2562966573063796,-0.5458893836947484
13554,0.4069368929648266,-0.32506296712703425
13555,0.3302999182192006,-0.24481375714620268
13556,-0.41736273417728764,-0.3799092592672582
13557,0.5645509483265505,-0.46543709592805765
13558,-0.26654874518417504,-0.36326963408868934
13559,-0.1301513882606621,-0.5487466135346972
13560,-0.1958188263974917,-0.46289397938286286
13561,0.15118127360223643,-0.30575273172294914
13562,-0.5243048565068358,-0.3920736203827011
13563,1.066809346298668,-0.2900574782431584
13564,-3.2174971727252433,1.3374432517896189
13565,0.8976403952967087,0.0574291777992675
13566,-0.8503456654214181,-0.028381983079764098
13567,-3.9213958062802363,1.3850657617376818
13568,-0.9462038075374808,1.8224924154358697
13569,-0.4591869137364698,0.010777443229868663
13570,-0.0019009936804816052,1.9423727420968486
13571,2.369518495290072,1.013151656969274
13572,-0.3308234046218508,-0.21069676213576005
13573,-1.2718010516418248,0.6951921027654051
13574,-0.39708546505218345,-0.013291403635416213
13575,-0.30256963170503165,-0.16552219510094823
13576,-0.15379181521967028,0.3904596061794498
13577,-0.6083243420315491,-0.056006765700456165
13578,0.5546961571811765,0.40446257239524946
13579,0.6173040646874559,-0.12583787718959727
13580,-0.17051091813746522,-0.232333443255048
13581,0.40551882640725245,-0.3292886201812018
13582,-0.10601483356404881,-0.1119494460847061
13583,-0.34445095301897366,-0.1913100255119291
13584,-0.9641510173407319,-0.1883426155415276
13585,-0.6439234740275184,0.7814769648641314
13586,-0.697834415764065,-0.1306692261197288
13587,2.786741426262678,0.6810883641774065
13588,0.05874333690086048,-0.26162537749959075
13589,-1.038283236066288,0.03288277025086474
13590,-0.7456982516165406,-0.29552459303577994
13591,0.9487363217601184,-0.2864043459626784
13592,0.572599285482458,-0.4018470531881005
13593,0.643045874378624,-0.3274098255122047
13594,0.3664561138894198,-0.4521117202639021
13595,-0.36857831408006503,-0.40268928447950486
13596,-0.031261616842065465,-0.33349611991178185
13597,0.038116992612384215,-0.5372775711463402
13598,-1.1570027673160717,0.00836298627817006
13599,0.18797863977800533,-0.20525949906750512
13600,0.05406844018309853,-0.5061347948899768
13601,-0.3807112830989483,-0.45337518921666714
13602,-0.6662702830804337,-0.3214822385619926
13603,-0.7505593333890088,-0.04619119854843294
13604,-0.06627232727436408,-0.1748491463435597
13605,-0.9130866367703884,-0.031249838741762487
13606,1.4093354619570664,0.024013766642719855
13607,-0.4278311355885765,-0.4002069509575533
13608,1.1894076402503495,-0.12314604612854149
13609,-0.4340204240769791,-0.1735569539336023
13610,-0.17806066933947132,-0.287048294297548
13611,-0.601005794383382,-0.3285746598985377
13612,-0.8864595311392494,0.151077708468548
13613,2.2822848613034634,0.3517244356768698
13614,0.9217871528531365,0.012115773221192352
13615,0.2251469090001269,-0.22310250685280897
13616,0.022722333723198318,-0.2928891778516721
13617,-0.09407060347043811,-0.03365021892627422
13618,-0.4180056053330653,-0.38452162370593035
13619,1.5358398686437817,-0.02456489948027056
13620,-0.4645295376191373,0.048960703493826
13621,0.12406467092133894,-0.5144561085045605
13622,0.20786587093149766,-0.3862627398000326
13623,0.139776600602335,-0.26432765623604304
13624,-0.474158326099706,-0.1547275056947333
13625,0.15747806988560525,-0.38919166442971204
13626,-0.5166427615845658,-0.2892774007492016
13627,0.16870370231154175,-0.15913608717775357
13628,0.04389132515048638,-0.35320150707643333
13629,0.2993963352419241,-0.3611275016162952
13630,-1.0184743804664507,-0.13694317501924624
13631,0.5261544756698571,-0.5658206514766727
13632,0.3025693121996972,-0.5025291769988002
13633,-0.12237234394763807,-0.5669202580292159
13634,0.28249779193013447,-0.394608108604412
13635,-0.1342340159231949,-0.26345582957493857
13636,-0.4760669099575828,-0.17954709225035667
13637,-0.3909978930894734,-0.34238499693470564
13638,0.5859718453035854,-0.34173902573124515
13639,0.7632626156748215,-0.0537763924151549
13640,0.3802695009632189,-0.0338575660780627
13641,0.11817462475059076,-0.25926544588096756
13642,-0.4994920688499813,-0.07869956571750765
13643,-0.4773283166354698,-0.13130774646990045
13644,0.2504957519381579,-0.3688004104147488
13645,-0.69458997486685,-0.33139843427977167
13646,-0.06841502229934882,-0.4463820928042243
13647,-0.03408245958445938,-0.4863823583363652
13648,0.5083645137997417,-0.4203842512515176
13649,0.02624536865671645,-0.42275087001830763
13650,-0.7919901087520718,-0.19836707581186314
13651,-0.6204554300997409,-0.3003232711735061
13652,-2.0529672302916295,0.3935430029836488
13653,2.1886119081982764,0.4201299734069502
13654,0.5505952733478932,-0.11339736829554131
13655,-0.6141476329071731,-0.2700566023665065
13656,0.7442542270676034,-0.11000315761511278
13657,-0.5594031458120867,-0.28433428433640995
13658,-1.9338040708524202,-0.06288402675521686
13659,0.4722980643847199,-0.2076816395030835
13660,-1.0705373116567614,0.8789586885786711
13661,-2.2655563506690757,1.9527186462383201
13662,-0.7314885485572469,1.7447346105394441
13663,2.6691190999538508,1.1681607679451864
13664,2.00340707727636,1.1315743206614706
13665,0.10554279372110814,-0.1848180571485839
13666,2.3617204037107773,1.1226744362593082
13667,1.1478386209766145,1.037863301486175
13668,-0.9722608377710367,0.2849680894719222
13669,-1.536658252199526,0.46103308129991644
13670,1.4905899145206045,0.23485840553371973
13671,1.4804326832731411,0.09885587210773746
13672,-0.8859092120268004,-0.140069924865257
13673,-0.3154536048323417,-0.23703236546774287
13674,0.542212937329904,-0.36541165950086146
13675,-0.3797853556247815,-0.43678905931627515
13676,2.4233537837109838,0.6925624908983414
13677,-0.5007421868816637,0.07920699478045488
13678,-1.9757545415329083,0.07485417670655757
13679,-0.8466157232386495,0.3154594240503528
13680,1.0790215990099397,-0.032925696192701845
13681,-0.08861231752042331,-0.3656822140940778
13682,1.7637173680143765,0.05494265848423445
13683,1.164699714589831,0.3494074084863283
13684,0.07878717542575153,-0.3440741213251397
13685,1.0118581240945743,0.08035705680223597
13686,-0.7143534826388939,-0.299767702905748
13687,0.09261911112451854,-0.40183067418862767
13688,0.12068754775643253,-0.3696234745071064
13689,0.22486436775379548,-0.3132413102006434
13690,0.0892219640401059,-0.2904967888169481
13691,-1.3587524844894716,-0.020911115486377807
13692,1.2315544270664853,-0.11768216429383338
13693,-0.17851746281881348,-0.4653577214368046
13694,-0.11174753796199144,-0.302149423867736
13695,0.06198171707155814,-0.5442741751672071
13696,0.231103267914608,-0.456596399734534
13697,0.2868555154666208,-0.38583478939202936
13698,-0.7444044989697067,-0.35645892858804795
13699,-0.3141482300539806,-0.4885639647196717
13700,0.3157596873995193,-0.40082211494443665
13701,-0.2972058620624032,-0.4608889061984488
13702,-0.7421369591780487,-0.27543459299331224
13703,-0.0642593487856272,-0.2825214953303681
13704,0.9191352984208792,-0.2727710398405125
13705,-0.19970164535384086,-0.4854903897388711
13706,-0.3587124058428596,-0.45201665634145666
13707,-0.21671302075817536,-0.4366936414063245
13708,1.0538702920274436,-0.3648928860998097
13709,1.249980994513117,-0.3361686365675485
13710,-2.405981143865876,-0.06709020134922451
13711,-0.670126802916556,-0.09395261217395456
13712,-0.46218276874392705,-0.3159541681545468
13713,0.5170802144791398,-0.36129693837126625
13714,1.2348373638728163,0.12951377517807733
13715,-0.922911608514388,-0.14279324891019074
13716,0.09075128882451272,-0.5041395193095114
13717,-0.9077025646790549,-0.32331193346554954
13718,-0.45083041262985357,-0.475091735957687
13719,0.10079891106629779,-0.5441206024419497
13720,0.6025739151450391,-0.4217638545826425
13721,-0.3089092473658929,-0.46992167227045367
13722,-0.6134594645730059,-0.2706794222967044
13723,0.2531141758186203,-0.4035098024606658
13724,0.5756737779131438,-0.43904988733770084
13725,0.46672608514653346,-0.4290729474296835
13726,-1.2839394039458163,-0.11873013140788119
13727,-0.2412621968241775,-0.5069031438090006
13728,0.46621299643835457,-0.5337989707827194
13729,-0.2570129390287355,-0.544167933582753
13730,-0.7005233860689923,-0.313849321155361
13731,-0.13972635583761997,-0.19409235674400638
13732,0.5712603958397293,-0.3756092693608893
13733,0.1634022403890794,-0.5604917363709927
13734,0.008848731686233402,-0.48762257449760765
13735,-1.0138254164693419,-0.3887021207940448
13736,0.1900383305433334,-0.47511958382646075
13737,-0.6986424396720445,-0.47809881319889164
13738,-0.9598982686534331,-0.20324888754419307
13739,-0.0183721544669343,-0.17630793661788702
13740,1.2155362273111976,-0.002152652532601676
13741,-1.0937758389936516,-0.273399981736379
13742,0.20819729485365124,-0.47522017328416327
13743,0.14005765044878565,-0.44943807327526003
13744,-0.024286496328197016,-0.522445801431436
13745,-0.298231289117341,-0.4858059243981255
13746,0.49784616145922267,-0.5010381536143325
13747,-0.05965202383932153,-0.5019292919229124
13748,-0.5472883238777821,-0.3235138491625355
13749,-0.4683184966834339,-0.32746793205183367
13750,-0.18923182652078635,-0.5763174373164437
13751,0.06750606110099194,-0.4241823280876467
13752,0.280579537550137,-0.41969714345181836
13753,-0.8690890247067453,-0.2028100246478748
13754,0.4119348967306511,-0.3870067376534851
13755,0.6814537172837136,-0.4836010234053215
13756,0.8296447322297569,0.04447399398517439
13757,-0.8532962638581543,-0.052404394514127206
13758,1.5676379650697627,0.062195727323500996
13759,0.7413798940388933,-0.2021663181851303
13760,-2.544903497877726,0.3687634442297726
13761,0.13428412124199401,-0.2663413764046414
13762,-2.415315315543831,0.07603684789217922
13763,1.040752047255521,0.009997145361723012
13764,-0.009553368858458477,-0.32318226918406867
13765,-1.1388430470238966,-0.23221956382221226
13766,0.8207716807324799,-0.21557323564227338
13767,-0.40820446370876196,-0.32321734709879385
13768,-0.39083032807112994,-0.29118931284083166
13769,-0.77878369231191,-0.2196126921187091
13770,-0.5414102614948019,0.17300861021215447
13771,-0.027056034946978336,-0.3599720698044751
13772,1.17141388270013,-0.3144840368995099
13773,-0.13981331895239735,-0.5821057153175401
13774,-0.11296043324329169,-0.496141882070871
13775,0.6665086954542842,-0.3428016209421267
13776,-0.674273189582812,-0.46185239883055296
13777,0.9860503399195968,-0.3566744178871997
13778,-0.1083877446888579,-0.5548616006490662
13779,-1.3472440250180633,-0.2854944826008521
13780,-0.7645338271759163,-0.1617835307627516
13781,0.1443727204415352,-0.4026777216895226
13782,0.15288601207293306,-0.5893497027546368
13783,0.21731308614433864,-0.5299694911522239
13784,0.014362150029471832,0.009268739516596264
13785,0.6113738242833484,-0.30933425388232916
13786,0.30839310320434454,-0.3874013597989481
13787,0.21563560738478998,-0.5234681942195637
13788,-0.3048367723504528,-0.556076866285216
13789,0.38851839720040404,-0.5784365305186585
13790,0.34035147400444477,-0.5745737877312811
13791,-0.03630087215722774,-0.49229499878031374
13792,-0.7134535002349639,-0.47478230361907947
13793,0.2534629354303316,-0.5418264582248926
13794,-1.1160807204335441,-0.42866955746671104
13795,0.3099158966261868,-0.49930966085466194
13796,-1.225594945368883,-0.42976960958150484
13797,0.6834095663906737,-0.4695460508661052
13798,0.7974222938043849,-0.3653253494068813
13799,0.20466517920681793,-0.4808867221981868
13800,0.24238429717532572,-0.4003540071715126
13801,-0.5290370280280714,-0.5586286265127348
13802,-1.1477505520284708,-0.17409475572562394
13803,1.2677424955846965,-0.3469854327512068
13804,0.4303722068113476,-0.5023279588428375
13805,-0.030428424689479233,-0.4716058917083043
13806,1.4417406267801445,0.013982414875286647
13807,1.0956975242991225,0.14785635460433466
13808,-0.9534881686109425,-0.1695804199538578
13809,-0.3731928811807641,-0.46018738236289597
13810,0.46735642491511964,-0.4886603064741946
13811,-0.9266805788238643,-0.5050520746138449
13812,-0.8046976610894452,-0.4266514234126742
13813,-0.10697408272863926,-0.3862828543307477
13814,1.19614515100022,-0.3942978406713908
13815,0.2327201210819097,-0.3044988995892472
13816,0.016566625689344583,-0.5075645919217285
13817,-0.489444682607741,-0.41864301571679724
13818,0.6226913504123722,-0.4140482805799167
13819,-0.3281343007077539,-0.5819647896130116
13820,0.22374285226345536,-0.4885774119897654
13821,0.37648074324825,-0.40090115829996636
13822,0.14109390215863815,-0.41493197805240856
13823,-0.05965248681270496,-0.41276825776180986
13824,-1.529116701923215,-0.042490871561124396
13825,0.2810106413890028,-0.37966641456925804
13826,0.8351584185272891,-0.338522142890942
13827,0.573200140707938,-0.303559532781036
13828,-0.2403343538186415,-0.39508131239807504
13829,-0.2511777470010621,-0.3761255167138774
13830,0.7065065523917228,-0.350652654715041
13831,0.018371177504288294,-0.27693692562325584
13832,-0.4729159224900339,-0.3882831922360204
13833,-0.5815144674891223,-0.39032153920403734
13834,-0.5200472441139408,-0.33963974166214506
13835,0.14621684805251495,-0.2201559549705679
13836,-0.29021761309626526,-0.24460335484885082
13837,0.47762772136067155,-0.44939475565172365
13838,-1.0726525603726909,-0.31353761940410974
13839,-0.2525991651306226,-0.3315485733827593
13840,-0.4773440575638481,-0.17590991438338677
13841,0.02780212587809877,-0.3738526240562316
13842,-1.0332127048066002,0.15289502470203542
13843,-0.06351149663973191,-0.30281195161056823
13844,0.09967949637266421,-0.2587798860842002
13845,-0.10953749324002232,-0.3426334671692729
13846,-1.2800582789970572,1.015627609444521
13847,-0.2105189283311786,-0.01342077483895257
13848,0.38160357810565393,1.2173506497257487
13849,0.2197399753885959,0.4457445081560681
13850,-0.06553423663337218,-0.2121653272091386
13851,0.08672729408869795,-0.27976070469362807
13852,1.7693959539956117,0.8515268163650856
13853,-0.3771808410965571,0.3609964057065656
13854,13.112503924281112,12.404820370531846
13855,-0.4771978540950569,6.698512131925648
13856,1.150355288321465,4.8587476512781995
13857,0.22722201993436308,1.265807021606885
13858,2.2813873928939556,2.12763201348811
13859,0.6340283234069665,0.7290702342523099
13860,0.4975773534650513,0.641042321272833
13861,-1.7671682129446253,0.7699032175739263
13862,5.145081308767468,3.051626809684331
13863,-0.8719194583636705,0.9928972203734547
13864,0.7277532371782302,2.933383318359331
13865,-0.7178722358450891,0.7222776100200309
13866,2.8958425692720566,1.2863530919386894
13867,0.7015444466588259,1.1687359009429386
13868,-0.6154367708122884,1.0892335440267138
13869,0.026133163644794066,-0.024591429429392957
13870,0.9937129234257278,0.028425419075001512
13871,-1.6328058955390627,0.3130642788295005
13872,1.2876604263872156,0.05947899353334486
13873,-0.3556026086158833,-0.2572589408964491
13874,0.7476826155458249,-0.2553355986582763
13875,-0.007291497863730623,-0.31846905794196007
13876,0.1730056174409882,-0.16293653689683246
13877,-0.4227080060501092,0.4479426749763064
13878,0.44864920669812536,-0.16919601857437636
13879,0.12960834155058087,-0.26741622493584905
13880,0.055679923210426474,-0.2384508688850968
13881,0.5093229123687117,-0.04386361441588131
13882,0.19094568002824797,0.12571753687748433
13883,0.9014025211202943,0.4069578685284005
13884,0.23593634819465864,-0.08058281557090778
13885,-0.3015394110216728,-0.4485825824371135
13886,-0.9873113795586494,0.22127679375763826
13887,-0.18291778591781654,-0.09115508789839753
13888,-0.09957790736872377,0.18257155618606952
13889,0.22434004987686834,-0.21693032492925057
13890,-0.03218003824393312,-0.300423543584591
13891,0.6322055457065334,-0.2794486203045608
13892,0.5826946752127607,-0.25847325303724067
13893,0.02318787135713629,-0.28432282336781933
13894,-1.3803846489113072,0.5126430680799778
13895,0.4238396564691572,-0.31486617454648513
13896,-0.7020681770284102,-0.28525019467989865
13897,-0.23122831266339772,-0.2169505762573941
13898,-0.31477013614536375,-0.2877850908551897
13899,-1.2300026133808284,0.30592415531893397
13900,-0.7412022125545472,0.7169560907429853
13901,2.2488045106970165,0.8812074270282831
13902,-0.5317939725750036,-0.15567046201919543
13903,-2.136195746702347,0.35842846826324454
13904,-0.24140662851901482,0.9741192887823171
13905,0.9035430549105044,0.1586970446996281
13906,0.24877246936033026,-0.07590501276168607
13907,-0.1362492721847652,-0.07815231182093146
13908,-1.2374756233046946,-0.3786414159741793
13909,0.5235645197047074,-0.4225840709991134
13910,0.9393369494959214,-0.16162116210275682
13911,0.1578367057495238,-0.04307772706802708
13912,1.1240002659850064,-0.0006687756278958706
13913,0.3158649253482527,-0.22223631371942565
13914,-0.1416141760211217,-0.29919031151048997
13915,0.6897609724430548,-0.10967063328801953
13916,0.6568447537263225,0.2745933903249113
13917,0.0514815819961596,-0.16930458706785062
13918,-0.7793292486262893,0.14070946255601136
13919,0.10483545373163528,-0.380993683302655
13920,0.18674978716063684,-0.29424981498506864
13921,0.20289480611991167,-0.340882189488176
13922,0.6130142159536272,-0.0831039698313195
13923,-1.1330119194010269,-0.19429193799122058
13924,0.2772025487067179,-0.22646611447075993
13925,-0.5596655648930935,-0.2576985896678143
13926,0.35707384734850034,-0.42712978444377364
13927,-0.9662726217576589,-0.021662784954988024
13928,1.0604361402014906,-0.11807829306009789
13929,-0.050012592895571834,-0.2677069660461108
13930,-0.3088093576041899,-0.2615104693022715
13931,-0.2336557406035787,-0.24442272102399892
13932,0.6005370452315053,-0.21433833315312806
13933,0.14344134742283093,-0.3893049620155699
13934,-0.9025946118653767,-0.26875179513877107
13935,-0.30773313216185616,-0.3308991128303811
13936,-0.36416053669074694,-0.40228889821627106
13937,-0.3407731925162732,-0.5040653498059846
13938,0.6030556126772586,-0.35114272538586755
13939,-0.4492047543357569,-0.5131149852587884
13940,0.04153393283955814,-0.30617410449193955
13941,-0.2970719669081812,-0.3478960833868122
13942,0.44762445575237386,-0.2735612717634399
13943,0.18518103335727787,-0.1946838376727178
13944,0.2641495864304626,-0.4326514231273098
13945,-0.561966099852883,-0.34761798565170127
13946,0.026818902512724174,-0.42315890297314
13947,-0.6062298645525982,-0.10012147547018575
13948,-0.5721267655851137,0.54618694568835
13949,0.2617249265734307,-0.14842994169857182
13950,0.02388000691511527,0.06767761275908156
13951,1.053670306995953,0.14867318278190678
13952,-1.0094923281776627,0.017690437192175446
13953,-0.12173098626303452,-0.42326647011225466
13954,0.24544778955769808,-0.2928191037980875
13955,0.5021084276704685,-0.4253635078711171
13956,-0.2761457088051043,-0.5586913237188319
13957,-0.07193522068254996,-0.49051411988938265
13958,-0.38509404172663353,-0.36956610437458537
13959,0.045467855896232034,-0.41164539601534617
13960,-0.3307514315175797,-0.33929335939480215
13961,0.7895220909854794,-0.4171311383221489
13962,0.16323898002786386,-0.469696018791736
13963,-0.6446065955180745,-0.43605629685855657
13964,0.43597144224722306,-0.3086659246310758
13965,-0.05684747560419817,-0.4967811486889269
13966,0.34783212564847743,-0.48491177247082246
13967,-0.1506652867453851,-0.554326020827304
13968,0.32232016797828555,-0.552442125734566
13969,-0.05626277505183919,-0.5941028131207247
13970,-0.004991540726793364,-0.4982743160272702
13971,0.13030860927185867,-0.5401131825192586
13972,-0.051080417671300976,-0.4131021674866407
13973,0.21716679653026688,-0.40358699854777547
13974,-0.24641745888736366,-0.5655994173895625
13975,0.09109339027650537,-0.5247677501915718
13976,-0.26349709633868335,-0.5687831635087929
13977,0.46575818534200253,-0.48319885543046676
13978,-0.6936227717317568,-0.32559585106581257
13979,-0.35627182411765035,-0.4181588362664127
13980,0.1758244093973389,-0.4516538664416611
13981,-0.00918788533523815,-0.5061563460586783
13982,0.47925184056340253,-0.4809460691037095
13983,-0.10995882584797798,-0.6307547339190518
13984,0.18276979950837668,-0.49362764527816055
13985,0.5298976797537471,-0.41945195740331537
13986,0.041395446065745634,-0.3543886742260837
13987,0.14553337724671395,-0.47187378953228326
13988,-0.2839461632457417,-0.5913740855159351
13989,0.21787703545069337,-0.43024139132347944
13990,0.18213616719379877,-0.4096026478932441
13991,0.2163196250999857,-0.36235188457956063
13992,0.6561508453875561,-0.36356025169602185
13993,-0.507627886087572,-0.32070751167989325
13994,-0.1838796156922984,-0.3612039992105834
13995,-0.5478510375748229,-0.4046864425306656
13996,0.9122127913632161,-0.38191725403832494
13997,-0.3561638273863402,-0.44632543736265073
13998,-0.18236249439249563,-0.31983824901035535
13999,0.1920364550292381,-0.6809221241700327
14000,-0.9780777240892005,-0.23743992127630043
14001,-0.6706014799627775,-0.32711119801357075
14002,-0.23285297172978608,-0.399087449997731
14003,-0.40753199321579736,-0.4277257901831296
14004,0.2369982550384842,-0.43760743491782755
14005,0.5618549868821208,-0.3882198531995278
14006,0.28298373186861014,-0.356088705777942
14007,-0.06968677808642443,-0.41602090985483703
14008,-0.5596957768782268,-0.4407602470065938
14009,0.4831896529241695,-0.4274380943859701
14010,-0.4139682225590013,-0.47790265338297805
14011,-0.23959632057355296,-0.4735960767616623
14012,-0.17349912870046946,-0.4413445163261958
14013,-0.07680079455771033,-0.42417418921159916
14014,-0.5228284398144614,-0.3100014843285395
14015,-0.1853396173112933,-0.17088618939635009
14016,-0.209658034961743,-0.026635396394207117
14017,-0.7989776109621868,-0.19965414241382734
14018,0.7727923450348495,-0.2147262772948565
14019,0.2247578526811917,-0.37008468448479753
14020,-0.36743667127834534,-0.37043078091841153
14021,-0.6285958278140831,-0.5154374404169543
14022,0.6735352894059103,-0.033517800295896516
14023,-0.2999264462290452,-0.3684585675324304
14024,-0.1834931717090178,-0.4676276803945852
14025,0.20926328334683608,-0.41662933538508246
14026,-0.6568945039836078,-0.26130279930217665
14027,0.3088303780007601,-0.5352592416866944
14028,0.486691802319835,-0.46368333635250697
14029,-0.5823605623402003,-0.18273048984527834
14030,-0.6683216696750138,-0.09536609873656868
14031,-0.33276524622879233,-0.24489591986326015
14032,0.1015275609785194,-0.05970153493339879
14033,-0.2747595913130739,-0.38041965814852724
14034,-0.12140753196526888,-0.37721415731934005
14035,0.03878063977623719,-0.2751768292777518
14036,-0.3061366773252457,-0.28897670168745226
14037,0.33546340065450175,-0.4139687556101301
14038,0.32442888324196184,-0.31820381227817746
14039,-0.225014093428889,-0.4567997164787339
14040,-0.06395598816057821,-0.49525234812733876
14041,0.29053194741406874,-0.5044035494438909
14042,0.20162962189363587,-0.38576207297829085
14043,0.3612118863610231,-0.2766115647201932
14044,-0.11845601795678812,-0.26451121543558553
14045,-0.3294990726929525,-0.3382538791650955
14046,-0.40438005828471624,-0.1796043381982634
14047,0.5183574826400681,-0.24111898417464195
14048,0.005781508074803932,-0.4291446883562225
14049,1.0182832223934117,0.18758598049224456
14050,1.3874884905836635,0.5877072418890331
14051,-0.2506854227112898,-0.002953599186941283
14052,-0.5699378438051296,-0.1696074572992825
14053,-0.7909315860187199,-0.08712098988685321
14054,0.6919200378415894,-0.01111936433738614
14055,-0.7686645468426598,-0.30251344145687825
14056,0.42432857030059634,-0.3243056668165522
14057,0.0862509276152646,-0.33894836143413604
14058,2.096301673275264,1.1280827843561771
14059,-0.5869113549877936,-0.26328493800947655
14060,2.4763354376766973,1.151613813185049
14061,-0.6637136762660394,0.36040004289417293
14062,1.191611030375565,0.19831498255174784
14063,1.7091931659081796,1.8965379527748658
14064,1.5321360238097574,3.44863860349666
14065,-0.15460524855071925,0.1633561583569742
14066,-0.11348595877116505,0.12398422124680585
14067,0.521995872335091,-0.009911474085756052
14068,-6.012210477119373,11.05068942025847
14069,-1.7012746422560503,4.366682209473243
14070,-3.1050830441242505,5.556765660679046
14071,2.814203965449103,1.3185650035219272
14072,0.6831306254723356,0.29003646662833354
14073,-1.3871922372524437,0.327638209010025
14074,0.224444554338055,2.222392333408927
14075,0.14545941566149412,-0.09773122167369909
14076,1.2707142479637212,0.010163905553718974
14077,-0.29302289069213083,-0.36549316180760183
14078,-0.6307416220604318,0.377451009528004
14079,-1.7323254633556266,-0.01233744804150412
14080,1.954687184233693,0.06858114641932318
14081,0.881895007706506,-0.2871063150732462
14082,0.31637108133231073,-0.13770607199005508
14083,0.15089730802891327,-0.4358688332898888
14084,-0.18652375338791888,-0.5934698436325803
14085,-0.7003226527218751,-0.08694927747559589
14086,0.4496011826390225,-0.19550541321086895
14087,-1.2873078519521406,-0.2929179501299855
14088,-3.495193275913209,1.3654125025027155
14089,1.2763228894878602,0.38990494313886753
14090,0.6546489210737814,-0.37834933348069166
14091,0.627286253282136,0.10971341974364328
14092,-1.212985113864404,-0.26291443989019325
14093,0.887873363503191,-0.4229550052238901
14094,1.1966893345037666,0.0650224081119458
14095,0.5926103198970227,-0.07338045534841671
14096,-0.23155519320719248,-0.33711566378700814
14097,0.4638646661949809,-0.24456384089023353
14098,-0.3590663771214184,-0.214235860800646
14099,-0.6537569471490334,-0.20878952905762643
14100,0.20010838836209938,-0.38941271978972825
14101,-1.4707927310345639,0.05816323580699302
14102,-0.7693838675436961,-0.0603868740140658
14103,-0.3872139104442094,-0.06120381046579261
14104,-0.17040899165062925,-0.10380586056299906
14105,-0.0021098048793515567,-0.30743635009139075
14106,-1.3596245442458308,0.18749373314788742
14107,0.510648472998293,-0.018222005020127212
14108,-0.29878540727408753,-0.1814401160803782
14109,-1.4881361494416376,1.1072648210026743
14110,-0.7083299783450545,0.2054757223169585
14111,-0.35536183794326126,0.24827496877817468
14112,-1.2670287802544036,0.3922788262949784
14113,-1.3507937020510072,0.9952118617572103
14114,0.7306654283093943,0.0448544018096539
14115,-1.3119419256146396,0.2429251616331881
14116,-0.6414372269573052,1.4827669644130528
14117,-1.346349479486496,1.9269662833516499
14118,0.15954986776519364,0.9292855311404365
14119,0.7705138738127342,0.18810138814657362
14120,-0.03718703072254842,0.17556049177623517
14121,-0.05368088617813191,-0.30373380547647666
14122,-0.6485943818315658,-0.24570232811263343
14123,-0.31903584536357255,-0.241342753886857
14124,0.9367924647973525,-0.24717382171516417
14125,0.6217924498959518,-0.10948892258384396
14126,-1.0815960134797655,0.09450832042916478
14127,-2.423144992461183,2.4420643899424967
14128,-0.21273963474717414,0.5097648656351924
14129,-0.0826586388062372,0.7819488674834859
14130,0.2790348599928635,-0.23082109053143202
14131,0.12620573292938148,-0.15703005913935164
14132,0.34367254478029285,-0.07357891044629818
14133,0.6998579661736155,-0.050202921314189665
14134,0.22112672826436225,-0.15814238704833783
14135,1.1867976361544843,0.0032237229979957954
14136,-0.20415360275081426,-0.07615209674827277
14137,0.4799334110982747,-0.11634241109243236
14138,-0.9255900381726324,-0.09244853307747412
14139,0.6280270151544809,-0.28583848793641914
14140,-2.2028591879885515,0.7678421747394986
14141,1.5934576093533321,0.6721440336605109
14142,1.71795185331437,0.4550384397026866
14143,-0.13016394138673315,0.38567300255685705
14144,-0.03706905130960081,-0.10143296562112178
14145,0.8798542381389871,-0.362736198045835
14146,-1.2926105272841084,0.059234625598447624
14147,0.7256720147456106,-0.15951110624548248
14148,-0.5933546094260601,-0.1937013400619359
14149,-0.7516532012214787,-0.3127732234153276
14150,1.64737554554728,0.1016905250306843
14151,0.08613623582190272,-0.1774576003964356
14152,0.35172074913111295,-0.37859712269756324
14153,-1.0696744294069502,-0.33223021747051534
14154,-0.5443389283897444,0.09266415034595483
14155,0.8128503001686196,-0.2194278768912451
14156,-0.7895895421846453,-0.44921540150084277
14157,0.2289264920721895,-0.41070805834347374
14158,0.4295255515662335,-0.30175833485841985
14159,-0.000865386503761334,-0.4528871158800026
14160,-0.8891013480133089,-0.17354212125890228
14161,0.19597255439234518,-0.5348862186065518
14162,-0.7906560786659689,-0.024864067789903882
14163,-0.009050587824884826,1.0891478584375207
14164,-2.2622096529714564,0.7132142426605897
14165,-2.2653038890315407,2.7731333735814987
14166,-1.6459016106051139,4.4522114362453475
14167,0.7153313013665976,1.0447828879196082
14168,-2.067360738911235,3.4294534852737035
14169,-2.1311244433482326,1.7263286742292039
14170,-0.35255720602723534,1.3815256965344098
14171,0.43095458590206026,-0.1514176964657033
14172,1.3268344286948257,0.19154734682235264
14173,-0.36277025939065427,0.11515715890474064
14174,0.7740026515023979,0.709295390396238
14175,1.3479241272732403,-0.05785890006493158
14176,1.3219399136555603,0.16079155714670595
14177,-1.4692086136269267,-0.09849619165486817
14178,-0.3817112736027196,-0.07908031659219233
14179,-0.5453886648496583,0.05771332939413247
14180,0.8339728317773634,-0.3427149254697223
14181,-0.15287600236362822,-0.3736001311261293
14182,-0.29914187340916737,0.5709093125234462
14183,0.13233354538878345,0.008808394440130887
14184,-1.897916672232058,0.17419703500767464
14185,-0.260743612740783,0.9713939262024518
14186,0.9714780049865626,0.17525658296187863
14187,2.1637551235923773,0.24697630667455756
14188,-0.07101740534914425,-0.18781751735923147
14189,0.9574548328527779,0.0035665924100885676
14190,0.8224134040436273,-0.2581887000955456
14191,-0.7623053110165667,-0.17099905491168094
14192,-0.5753103489662978,-0.2671047920794456
14193,-0.08249403264071986,-0.23480439119557583
14194,-0.7340910270433844,-0.4147351194207619
14195,0.5236767767992374,-0.16981222271060228
14196,0.38782687472022914,-0.47211517045963636
14197,-0.36342054696778825,-0.504795475307364
14198,1.0711733443359053,-0.298770345119961
14199,-0.1811168032479072,-0.33809756898565996
14200,0.09426844527573303,-0.3698765363176365
14201,0.18312905779340233,-0.4390603722958689
14202,0.36618701273370224,-0.4419826587788453
14203,-0.27237782039647257,-0.41993538142200965
14204,0.5166973938917644,-0.27665537285709146
14205,-0.7756343917796853,-0.2339630929411503
14206,0.24780240477496723,-0.3154106707451428
14207,-1.2811953110743903,0.0797426098610197
14208,0.040180127300582236,-0.29584631131541184
14209,-0.23457715608584165,-0.47165453821613756
14210,-0.41929959755099083,-0.15913083774620493
14211,0.33611061408467635,-0.41921188113637625
14212,1.5056366938199532,0.33784339549888315
14213,-0.19634206355119885,-0.2898689351762563
14214,0.0059297792344905065,-0.46351532717200317
14215,-0.8773695971584776,-0.2449607208640459
14216,0.18076287029093152,-0.4698750071255694
14217,-0.11329151618983088,-0.4747301973017896
14218,0.36758732535506233,-0.47641331456372116
14219,0.23985600293647003,-0.38039713282311777
14220,-1.0952897537395043,-0.2496973513562375
14221,0.4388806955725191,-0.3486470797923569
14222,0.4694642164118339,-0.3185644890520145
14223,-0.29349170701382565,-0.46698567555176446
14224,0.47683877821004184,-0.4099426324148995
14225,-0.48282888631245396,-0.4703866750999434
14226,-0.2596334777900008,-0.2529062860904724
14227,-0.9342019684827572,-0.29466585582464555
14228,-0.40605693542359433,-0.24259941607425156
14229,0.6021834623978075,-0.38894864598135365
14230,-1.134728262296259,-0.2337436898294613
14231,0.5012916091116947,-0.4904223312056511
14232,4.37705122918133,1.6974097888382236
14233,-0.8959897208705099,1.634619392033037
14234,-1.109876742659777,-0.007638705144212138
14235,-0.34541207481076797,-0.035893676496196694
14236,0.16279008605227285,0.5557780516210037
14237,0.09237529638717323,1.550841290421774
14238,-0.7753417004270224,0.09330038259271843
14239,1.7548340023734013,0.6581978698820328
14240,0.7161502177993846,-0.038683907894745476
14241,0.7696672009790724,0.5085625619929465
14242,-0.6380833488625106,0.14634098389679473
14243,-0.1792588528948322,-0.1680745285381276
14244,-1.684756713880038,0.41237535127190167
14245,0.44047570589575347,-0.31557448141916733
14246,-0.265041802413878,-0.31408425651665983
14247,1.096411554506839,-0.1020000026658374
14248,0.43611074507125613,-0.3433943979043986
14249,1.2293414384916586,-0.0040068086373071105
14250,-0.7221320295528769,-0.3728098142499885
14251,0.0024746816008662242,-0.35109956414102356
14252,-0.9688982369088726,-0.12738485500361454
14253,0.8992704191249006,-0.30887741093857307
14254,0.35514911782494996,-0.4779579906160751
14255,0.8256864935236985,-0.22128514296509266
14256,0.7505099539255994,-0.051341257194397485
14257,-0.34081844204347717,-0.3380071007942681
14258,-0.12428586174802753,-0.3975572124339553
14259,1.4164683909312037,0.19236216937070838
14260,-0.5957197911195602,-0.10276557650597495
14261,1.2243262646031603,0.5463410278220274
14262,0.5817336995950124,-0.1485796860680614
14263,-0.10327471562987467,-0.09815933153604287
14264,-0.7626896389663047,-0.2902332569928558
14265,0.4636502848240317,-0.18208389579023393
14266,-0.7751926164293346,-0.24070296301725552
14267,0.14552858283433895,-0.507365381831584
14268,0.11255863922420617,-0.46855712572347913
14269,0.8744039805142358,-0.33675121245202894
14270,0.19463750096581334,-0.1978045187070629
14271,-0.7239696053880202,-0.33707880854346367
14272,-0.23472591610501936,-0.40915201619897074
14273,0.8321762340676688,-0.4103333105651827
14274,1.168323088015387,0.024272708953593514
14275,-1.0667207549768853,-0.3530196410088921
14276,-0.2083414592621114,-0.3840569157316574
14277,-0.46506763329814527,-0.536764558396142
14278,-0.459162600898106,-0.4811243057808266
14279,-0.19667886125093728,-0.3761812739896513
14280,-0.10426001475128638,-0.5010995388044716
14281,-0.7879841832431866,-0.22015910855785864
14282,0.02111199572411071,-0.34888080454753173
14283,-0.2350586581221967,-0.5148190235599924
14284,-0.22279874981943468,-0.49781153937260036
14285,0.9469442340170948,-0.2749726016324692
14286,-0.6385151908550432,-0.42880494034200806
14287,0.5887956956425054,-0.29124079757893223
14288,0.4618836385031899,-0.42237087022959724
14289,-0.6397364106487848,-0.47326861230735273
14290,-0.4284001006241974,-0.44551128290184266
14291,-0.4854573807589221,-0.34823601011020694
14292,0.6171209602426986,-0.4393394842046869
14293,0.8621245196443152,0.0008894191416484593
14294,0.9671476421281942,0.0015231417643507966
14295,-0.7929299059509686,-0.24224569000833723
14296,0.5981983995465547,-0.49646950964662256
14297,0.06108381618264347,-0.45786557381515397
14298,0.05151852454925493,-0.5507698766229094
14299,-0.8703483538828098,-0.394036679440759
14300,-0.09201936209762043,-0.37565068986028377
14301,-0.26046878793182665,-0.5569083757810102
14302,-0.5377408243598994,-0.4122182340040782
14303,0.04287631438012868,-0.5038130141503444
14304,-0.20330833547983923,-0.4856514881958546
14305,-0.5021590852218774,-0.5317810084591243
14306,-0.07859522424919674,-0.39968225437196214
14307,-0.9751892773286899,-0.17991128087846484
14308,-0.2559427336731137,-0.33546420823444384
14309,0.2795075579994196,-0.3472249438778657
14310,-0.03806519015291904,-0.4412506700202951
14311,-0.3580599500801367,-0.3378038469472837
14312,-0.16286107329195088,-0.42985387058417684
14313,1.1127727103265452,0.06324125985043687
14314,0.28516480951330647,-0.18009224645008914
14315,0.5846682495903759,-0.3137878477319276
14316,-0.4344663642234075,-0.3051918598524079
14317,-0.2980603092905908,-0.5658112648377648
14318,0.567109116926878,-0.443502727973406
14319,-0.20588905327501344,-0.2381436127315592
14320,-0.47542207944464154,-0.38029356210052756
14321,-0.22747853160905301,-0.5189870847768393
14322,0.628456470385413,-0.3758291798275869
14323,-0.3843416318607628,-0.5157030984753492
14324,0.16527395428914782,-0.5140097379024274
14325,0.2743695165217208,-0.49849583352912
14326,-0.19628350550586154,-0.20932993342413586
14327,-0.7069327317598104,-0.47249846573504806
14328,-0.34755153689910023,-0.47444733028745617
14329,1.072719042814635,-0.32651626363588415
14330,-0.8775045301172173,-0.21682654938591733
14331,0.4815526418024696,-0.5559556573922806
14332,1.2721032530871386,1.2979184380040516
14333,-0.5051045666312561,0.04895887180987889
14334,0.5549780436163547,-0.17249585699333678
14335,1.523626097755926,0.0892055972813801
14336,-0.1186860032807727,0.3905649470144004
14337,-0.6253671808635288,-0.09983425153394625
14338,0.9193559246427836,-0.01894856232056734
14339,-0.8383255099914284,-0.11934997758228953
14340,0.028256029159761498,-0.2875073952997358
14341,0.6058232457290358,-0.3538838186526806
14342,-0.5860334860008702,-0.3637259060944155
14343,-0.2925809545101354,-0.24251653852336835
14344,-0.10964975134678911,-0.25224578157326816
14345,0.7063773857457585,-0.37316147503609937
14346,-0.5285835764417989,-0.4217426158343717
14347,0.8619483636835379,-0.30156084351030277
14348,0.2544042819022493,-0.30764245742705115
14349,0.1179597137217075,-0.5656339677581683
14350,0.289538196255258,-0.5206792187260909
14351,-0.3057558032840873,-0.21542026180151574
14352,-0.7532729315060275,-0.2976966142048733
14353,-1.1158565472216198,-0.3869525707291052
14354,-1.6652630946099107,0.5934478233714073
14355,0.8986546538439777,-0.17980846634682848
14356,0.2714835137209788,-0.4339728952950779
14357,-0.4818937184583126,-0.3785413378298173
14358,-0.49900722911919804,0.0801991827450906
14359,2.2006201372121246,3.0813642747592764
14360,0.8552394127019709,0.8349438588811888
14361,0.027647536075976642,-0.23546585405689163
14362,-0.7654883673542628,0.02554978183120593
14363,-0.7401180586046476,-0.25497555503762576
14364,-0.5193591491392413,-0.22509233095083803
14365,-0.7916050967450027,-0.2703010500918005
14366,-2.0703793296104935,0.0830947405477525
14367,0.3872033434293479,-0.2608489341541425
14368,1.5247303248869666,0.03561798349269203
14369,-0.8726116064649193,-0.43119899122971644
14370,-0.14360210208706542,-0.481598235204862
14371,-0.053139547726164915,-0.5297699861813253
14372,-1.0688685233461228,-0.22259110862729098
14373,0.19104434097790562,-0.3107112494321771
14374,1.0145108314779636,-0.2746117441204012
14375,-1.4023375890606555,-0.2613393684719029
14376,0.20797196100854176,-0.2175356554782747
14377,0.27284622598946684,-0.3167914788895081
14378,0.696595320832127,-0.3087289874449265
14379,-0.14215425012262858,-0.4962119326721128
14380,0.5219607032724226,-0.41032457930252153
14381,0.21804827516025532,-0.3988931845562716
14382,-0.47371577929372677,-0.45546520997594026
14383,0.6341319643871142,-0.2907309128307484
14384,-0.6215743808100835,-0.5151317677619782
14385,-0.2910838676619733,-0.4996869054608322
14386,1.2027749185601484,-0.19379849467475074
14387,0.1258396989643797,-0.47311033007519504
14388,0.19442493426181973,-0.46863464746363
14389,0.20472600909677402,-0.5210157614629548
14390,0.6278703335872113,-0.34465499276972383
14391,0.14241202842222456,-0.396289925593082
14392,0.917221288375532,-0.14018450726963325
14393,1.6489389716315812,0.14644728498086096
14394,0.3841641671607168,0.20414737600733462
14395,-0.6880803200194705,0.0649184812065745
14396,-0.3274772518348108,-0.36701530032221547
14397,0.2029874705317974,-0.426854443509619
14398,-0.35377687342047826,-0.41213869980019013
14399,0.6331183343180122,-0.45297999055230287
14400,0.14493408122001183,-0.4164843185231187
14401,0.2053109980302304,-0.38644196891511057
14402,0.10819616644404967,-0.47398415285103884
14403,-0.5821231138623972,-0.13302632049407043
14404,-0.20902259573455248,-0.3862335687420492
14405,0.6259436862957779,-0.0458918880914208
14406,0.5545581266701649,0.6843493683710953
14407,-0.7596376198839889,-0.5398833426657217
14408,0.06354682640187659,-0.6645073930904367
14409,-0.1704807087199716,-0.5642849381625882
14410,-0.8883817688098854,-0.31765021078696526
14411,0.15317216390752736,-0.5764635393934758
14412,-0.3590719492796259,-0.487277951600478
14413,-0.1842696786755857,-0.5620202531889525
14414,0.49250460189027856,-0.36284815234983214
14415,-0.013658542676054097,-0.5047044330655679
14416,0.31885468766849356,-0.47604591067620844
14417,0.2885651992766617,-0.4991094803647355
14418,-0.6873610706531014,-0.40009972978222447
14419,0.1793913072205115,-0.46880850054690787
14420,-0.3659174778480283,-0.3891255550321804
14421,0.3944898215452167,-0.33404340382786724
14422,-0.14050809563586739,-0.4565769642822193
14423,-0.18915904870838315,-0.514229030993993
14424,1.0171071421632103,-0.17711521905458932
14425,-0.03840984944423731,-0.21430247698280774
14426,-0.2104593042535181,-0.4083039615973633
14427,-0.14319120454146436,-0.3490167182205196
14428,0.09962959583105152,0.05146356568401471
14429,-0.7965052413338658,0.504357549484246
14430,0.766979764151031,0.1685324724054148
14431,-1.014742772660273,-0.21599693938321213
14432,1.1610762415966764,0.17439864603333344
14433,0.6413577830200755,-0.2304878538311242
14434,-0.4938170852081622,-0.41626533919469166
14435,-2.0843896786575202,0.36497179675548
14436,-0.44379252924275137,-0.24078667026821698
14437,0.16508083574990895,-0.011001402029366461
14438,1.3582814074539882,-0.08557841829382842
14439,-0.02492846938313334,-0.30480274253267237
14440,-0.5489215152247893,-0.3215756975075118
14441,-2.7848680496690235,0.8191134040135334
14442,0.9603384184541464,0.4703413524814098
14443,1.023575697992959,-0.2889344454788543
14444,0.16995626861460167,-0.5718451079273668
14445,-0.26655717612895596,-0.23890371440729874
14446,-0.21158457004959697,-0.4735424038528562
14447,1.2125724341513988,-0.3363417398033581
14448,-0.3569040157665994,-0.4470523415075529
14449,-0.49849180754237,-0.42604945009125444
14450,0.19547691686715107,-0.4516619202015613
14451,-0.2676883896735782,-0.37922592773616864
14452,-1.423840006127384,-0.16252234502751894
14453,-0.8696849429262825,0.011573444198865065
14454,0.8785342165010894,-0.0361152110502601
14455,0.13932072276133944,-0.47925815590702425
14456,0.030155489966704196,-0.5386447691760359
14457,-0.23330773940416305,-0.5362426414289694
14458,0.7454283585307899,-0.39494200298968546
14459,-0.36275766916415236,-0.435721590592372
14460,0.22430964229317563,-0.3432261832118016
14461,0.3826801263095936,-0.5197906620068565
14462,0.6598021655100221,-0.29488117741847997
14463,0.6573806238058153,-0.3736484119921979
14464,0.059944671069686484,-0.40409106022050295
14465,0.10610901104922715,-0.37388889890241866
14466,-0.13806511417329514,-0.41585973267368315
14467,0.08560635496063934,-0.42805625670334063
14468,0.09110878048904675,-0.451935415293773
14469,-0.08175596439221078,-0.4896591200412754
14470,-0.14490020407632628,-0.34785903965113113
14471,0.9350505774846425,-0.19160371430597228
14472,-1.6810628057181516,-0.04956126576055901
14473,-0.1759255532639597,-0.39029958718423585
14474,-1.1854380283732298,0.0007959045506598234
14475,-1.2933085359404584,0.23403836031750924
14476,0.8588030581688713,0.5107672240016298
14477,-0.6198886621141411,-0.37702021101272143
14478,0.784646065382377,0.022408569610794987
14479,0.15649454752002856,-0.38018156061482905
14480,-0.3477969790105019,-0.3175878186114762
14481,-0.24681252996435138,-0.5037570789651109
14482,-0.2742436058632999,-0.18823202194401936
14483,0.4149621332103852,-0.40772145918059605
14484,0.27677837428457974,-0.2887771856969886
14485,-0.17594702908533866,-0.4887567320496336
14486,-0.5215688469667439,-0.48225086974145404
14487,0.19053405523351274,-0.6254451112331385
14488,-0.22678682107557038,-0.5761655817990182
14489,-0.8175276293523139,-0.2924349574251004
14490,-0.3441581978103372,-0.45491962572812034
14491,-0.4939901151819651,-0.3690279347408062
14492,0.19070572141375453,-0.33891965546202263
14493,0.1260212382710007,-0.35131329029075675
14494,-0.8501949923338297,-0.31269534058446347
14495,-0.6338436541941692,-0.15239886773208042
14496,0.41745994590994884,1.2282538645938401
14497,-0.6876934239725412,1.1480730421319767
14498,-3.371907561490143,2.060673315379857
14499,-0.7469721190163716,0.3484667873455037
14500,-0.020071021032718628,0.08439849014477278
14501,-0.3558240476290545,0.38771813797084187
14502,-0.21916043088545129,0.05405097734415222
14503,-0.4342830845456747,0.24370517187961183
14504,-0.15892835485450496,0.13975970428181372
14505,-1.5936028479478113,0.798304443334624
14506,-0.3164407223440453,0.26110437652185564
14507,1.385661652861937,0.5705464207057506
14508,-0.29614400546794833,-0.17766453624999323
14509,0.5318373512795559,0.028766558806445006
14510,0.8396515080266354,-0.3563357824591537
14511,0.28961018745651756,-0.3662992642842339
14512,-0.44928075682601043,-0.3170086341961988
14513,-0.013640626057324606,-0.4456666179399041
14514,0.7193126363068937,-0.2808309768790275
14515,-0.7418944436412591,-0.4159853025491891
14516,-0.5966393674157435,-0.31678171016722184
14517,0.5507286548612886,-0.5561660931531629
14518,0.8756860152544907,-0.3310341780068616
14519,0.22103614809470729,-0.359175633666469
14520,1.4134484378580587,3.0855744272700774
14521,1.0333526082996611,0.5243600519265907
14522,-0.5035931336552533,-0.24229698529491256
14523,-0.5314617783240503,-0.3943678835394007
14524,-2.313276295142362,1.056169223383682
14525,-1.5869104059451362,2.151935653977518
14526,-0.2569674664167928,3.5666642926134093
14527,0.38684848280184514,2.147326531870077
14528,-0.07140933979934122,-0.5852444408896682
14529,-1.1642486646638726,-0.14148961043345648
14530,0.8180384600057258,-0.010071262134005644
14531,0.12059223233278471,0.6207614831140709
14532,0.2728000861094608,-0.1967651743775543
14533,-0.6801861496194999,-0.09112366755518632
14534,0.23085457425794814,1.1349455950153826
14535,-0.27083841018996635,-0.13796805103220422
14536,0.560216412505609,-0.2355623410953705
14537,-0.36914623944409686,-0.24555318235212764
14538,-2.3479478682932933,0.33851501076581975
14539,0.35763523834788646,-0.1504065106521945
14540,0.4789791780606476,-0.4176825697949429
14541,-0.5169709007771883,-0.25944933365299155
14542,-0.09700510742705876,-0.37092943736549583
14543,-1.0078083349470401,-0.05075562209846331
14544,0.02863184332093255,-0.4238537268345793
14545,-0.016248257455620585,-0.5537105311857905
14546,1.2003460600941553,0.1886936073079497
14547,1.2403991926820936,-0.06767313966350476
14548,-0.1735999918801514,-0.40123471161954916
14549,-0.8880816559060221,-0.2737664412594227
14550,-0.9554404007825308,-0.04436551521830375
14551,0.18074946560669192,-0.24179102974582384
14552,-1.0002885857329094,0.041823330561394326
14553,-0.11217989721075311,-0.02093383119673868
14554,0.4625899400772895,-0.14959634524085558
14555,0.3754320572924653,-0.3887759423725712
14556,1.435890329170057,-0.1095520542627474
14557,-0.21079418716688925,-0.4774225889527875
14558,-1.103260157191182,-0.3492902136008898
14559,0.552356643975399,-0.36474316614564956
14560,-0.2985112747966274,-0.48360899313486044
14561,0.35920460982965097,-0.586797521275098
14562,0.28192654699053654,-0.41819729016913526
14563,0.18683012221493667,-0.5034645045683958
14564,0.5905055449339649,-0.43166935531135026
14565,-0.6516123100220101,-0.4224003324042587
14566,-0.49363024972463065,-0.4092580806179152
14567,0.10278209492072132,-0.5119014818254056
14568,-0.6060444011380004,-0.2469124167835095
14569,0.5962770252969669,-0.4444541020142803
14570,0.23428936169394987,-0.6358528700784708
14571,-0.9641839262300719,-0.406990422453957
14572,-0.2109785790796327,-0.49999192870234205
14573,-2.7953670790276166,1.0566599492108315
14574,2.261267134352177,0.6626082434702807
14575,0.2223503698832205,-0.2646085801707599
14576,0.5190420362708373,-0.2804012736898815
14577,-0.4323409673982322,-0.41296105449956066
14578,1.1581812155831788,-0.26322531975497593
14579,1.21343963745581,0.8938148490032337
14580,-0.13577639830449512,0.0955221429208465
14581,0.19866807402149467,-0.19315966320523825
14582,0.05720999586207598,-0.3314097465893445
14583,0.2971554881482287,-0.23718455872307614
14584,-0.6940388238013234,-0.13972001136353562
14585,-0.31604759022893414,-0.46316975055133747
14586,-0.11550805795081148,-0.4002226634060156
14587,0.09257641318435061,-0.5924843196025177
14588,0.595948840242429,-0.3631006149961736
14589,-0.5014744489193663,-0.44297848799785094
14590,-0.08905336211551476,-0.5318311643905224
14591,0.016625173259079973,-0.5280701973947344
14592,0.46812851042286896,-0.45418224976378885
14593,-0.3967468057375334,-0.4528157101000336
14594,-0.0010059405033813196,-0.5034655740050048
14595,-0.1951967784972405,-0.5166815388945276
14596,0.5773018507606916,-0.5153576000138581
14597,0.009005117141587804,-0.4480916833117555
14598,0.07647026023938197,-0.450228929975985
14599,-0.03652330379925675,-0.5015550303852467
14600,-0.35763519244292663,-0.5041711487711378
14601,-0.4426306111640015,-0.4884251798910529
14602,-0.40839425532428175,-0.5399953885096705
14603,0.14382219397575158,-0.5545505822529582
14604,-0.4631453092012714,-0.4364836931156742
14605,0.17093105544357534,-0.5171620060985284
14606,0.18969450975144347,-0.44524051734913317
14607,0.31472504524550027,-0.4452837523277822
14608,-0.787584315353211,-0.35300966510405923
14609,0.09558876755601775,-0.4998946439692365
14610,0.13415762667695513,-0.5675560668670193
14611,-0.21507465022333366,-0.6268147219356601
14612,-0.13164893016976428,-0.46447964268051206
14613,0.4694688252695628,-0.49959021229674977
14614,-0.4706230686224202,-0.5428470653232493
14615,-0.5217811295284873,-0.48289513756453517
14616,-1.2104190253257963,-0.08429684436150321
14617,0.5869129222440411,-0.4001936195469891
14618,-1.860859388605666,-0.1133565817220661
14619,0.7932447154419666,-0.2571343943455982
14620,-0.12856673668940505,-0.44046531614353573
14621,0.5899112255442821,-0.35529068036055245
14622,-0.6357370462826532,-0.47720744393496833
14623,0.18039167128296368,-0.4932530982185728
14624,0.5162210686280932,-0.3445304574462096
14625,0.44287730811160286,-0.3338849073548301
14626,-0.06693730454965116,-0.4653441805009448
14627,0.6640876629395076,-0.34945521376627336
14628,0.5247729713223839,-0.415120419960671
14629,-0.3091035455439653,-0.44727680551636795
14630,-0.8955938561304314,-0.4164620997730814
14631,0.17333860835066622,-0.5246611665978056
14632,0.2913087238677695,-0.4910421401584411
14633,-0.27199757222347193,-0.59489022508381
14634,0.5296385698192654,-0.5310104931179335
14635,-0.4130681581923741,-0.5470755127013304
14636,-0.5803584339091478,-0.4709872083722667
14637,0.28519282575903104,-0.5709547582439762
14638,-0.07851418054119255,-0.442057982028649
14639,-0.2642332490958741,-0.6100324480773038
14640,-0.02526374199723419,-0.700002834380383
14641,0.09963170208507599,-0.6478843152232948
14642,-0.0721375928011126,-0.6290196974347122
14643,0.3706275849801317,-0.46513261081116036
14644,0.2680787901976329,-0.6369842125828806
14645,-0.11036799689746529,-0.6517505385136062
14646,-0.5155133585542258,-0.5666071635720921
14647,0.24531107948343034,-0.6201380945319273
14648,-0.49810955220286457,-0.5761786642653137
14649,0.3620059511794833,-0.5500122442667673
14650,0.21141647453280243,-0.5456073146447616
14651,-0.35926083749304316,-0.5951581687814376
14652,-0.03775134021998888,-0.5971562948570117
14653,0.08767805206499557,-0.6545813374899092
14654,-0.37476639490551333,-0.5726112624828013
14655,0.39430242452563224,-0.5514571374161237
14656,0.12090712818500626,-0.6689879865000568
14657,0.035385936421458986,-0.5742796756223539
14658,0.32659134280494995,-0.5419673539778925
14659,0.22801701830954396,-0.49090355525586193
14660,-0.04169238146942386,-0.4777983412484787
14661,-0.02484353419306995,-0.6680269076996732
14662,0.16492486679678253,-0.3761801056900878
14663,0.11406949185264414,-0.5841925522587039
14664,0.9549097141770939,-0.18769994784822797
14665,1.2238326557138346,0.011274063531951525
14666,-1.0367143085409785,-0.17702976116886432
14667,0.4296534003385105,-0.49383018779114424
14668,0.40513059435624554,-0.37667642343028923
14669,0.29378473944391015,-0.5220141642631473
14670,-0.3372447754814788,-0.49008431017050014
14671,-0.0036340410951845037,-0.47698030999976315
14672,-0.4034744975797858,-0.5186698626777294
14673,-0.04401615426571032,-0.6578443322784285
14674,0.025183610162625825,-0.567045832327133
14675,-0.07084079997648715,-0.5031275271254682
14676,0.223561760069371,-0.5950434216089591
14677,-0.04173803599225684,-0.3701105721716688
14678,-0.5032239632502773,-0.54846230843361
14679,-0.7983333320204263,-0.3817944756203868
14680,-0.3708158272545218,-0.38084458751868727
14681,0.20724026325153383,-0.4353291712748686
14682,-0.3251296469952591,-0.4901962948217043
14683,-0.5075397759194785,-0.39792371907629454
14684,0.5322594463831078,-0.487904331781623
14685,0.14403607078235625,-0.5458842114474795
14686,-0.11746331139014574,-0.5108125252340812
14687,-0.687943992042422,-0.29623803060372855
14688,0.006802877151896203,-0.4634130277079932
14689,-0.2497197997889009,-0.5650267499681825
14690,0.596878543133007,-0.43169081015576477
14691,-0.16168329504986143,-0.5726652158557297
14692,0.0745529358721786,-0.5278408139949734
14693,-0.2536175823881336,-0.6458488961926225
14694,0.45485879390352424,-0.478419940045789
14695,0.20374193908605415,-0.45040374496222824
14696,0.4916670395959587,-0.4583668658011314
14697,0.14986896519941595,-0.41937635483355523
14698,-0.3228921900316467,-0.45352139279345427
14699,-0.31450512415894694,-0.48954326105709295
14700,-0.3035128794560844,-0.4324638902118068
14701,-0.8643733018618716,-0.3009534617415915
14702,-0.5331361897989086,-0.28933658277307545
14703,-0.2424260661026102,-0.3899984691453824
14704,-0.5089778677592653,-0.3954542110974247
14705,0.8671601024078655,-0.42412764183627344
14706,0.029849403592562163,-0.5920377443089555
14707,0.31138710593387764,-0.41602721666566306
14708,-0.3956767401001292,-0.513769337535974
14709,0.35963283311999583,-0.49277512419178143
14710,-0.5103219172182344,-0.4246888158416246
14711,-0.16316915397423348,-0.4710252961149343
14712,-0.13555665564107583,-0.4958708225882446
14713,0.24142867447071437,-0.3305782295889545
14714,-0.4721553368539204,-0.42066717168218165
14715,0.2576447528514588,-0.29628425757404403
14716,-0.2715657143412473,-0.37590822498256155
14717,0.030937200973468693,-0.5180397542093795
14718,-0.6045884483056739,-0.33863151230084615
14719,0.34878850164463904,-0.5730342800827694
14720,0.3035544735484874,-0.5058195775509776
14721,-0.3473708928061937,-0.4758799803154952
14722,0.31958446752876424,-0.2852327819821545
14723,0.1203033495196072,-0.4435969630861268
14724,0.4588421597265464,-0.5311847859978736
14725,0.24073005075901044,-0.5937895383287348
14726,-0.28639048121124255,-0.42113552003087534
14727,-0.27671519839406367,-0.4835467602577949
14728,0.5481258341501416,-0.41732315917021695
14729,-0.11461318613602156,-0.49546441715641204
14730,-0.06659806410217156,-0.5364849904546518
14731,-0.024329615630266144,-0.4805298076128944
14732,0.12624131213284173,-0.6026092742716573
14733,-0.19208224855987457,-0.6259761335460872
14734,0.09777606385827908,-0.5152504608791451
14735,0.17770242384148643,-0.6004897025217362
14736,0.23954927720986258,-0.5298929577483955
14737,0.4315064775434142,-0.7010486815700155
14738,-0.6617012317537698,-0.4162545073203904
14739,-0.33474807948777224,-0.5817483518181421
14740,0.29229126049140297,-0.5884035067936351
14741,-0.6152315245077861,-0.525234250310273
14742,0.7517838445588539,-0.5195454033752882
14743,-0.06727460464765486,-0.5982623179807404
14744,-0.22477505838278697,-0.5683415604927039
14745,0.23054147173203482,-0.7149622259590994
14746,-0.0842562043649634,-0.5605935648235546
14747,0.0705901701809174,-0.5599866846040231
14748,0.2677365382516421,-0.542699466710526
14749,-0.34449817350462364,-0.6402204383668761
14750,-0.21719840091388024,-0.5242658922122087
14751,0.18152338678432423,-0.605752577484877
14752,-1.6793224952947952,-0.24397833446204442
14753,0.19095473407876518,-0.5025592401058113
14754,-0.6911785803522971,-0.3671972460483111
14755,-1.0195715787678719,-0.02511425549563634
14756,-1.1016624281217349,0.005769600942921463
14757,0.14790448142887902,-0.4136130683270512
14758,-0.8766676979099038,0.19941100006259566
14759,-0.2801341587791054,0.24307534894334787
14760,1.1689235842363304,0.05654352229866079
14761,0.10926084793897467,-0.4045925874668686
14762,-0.31921817342247555,-0.24282761642786288
14763,0.7805512763115274,-0.2940112864044438
14764,0.4040050101730479,-0.30798612205899156
14765,-0.880344776477326,-0.28248775622316535
14766,-0.986923703211013,-0.10902417059403487
14767,-0.703725532018147,0.12425632570338256
14768,-0.5475225955309857,-0.204664773203588
14769,0.043067635123446024,0.2301347049838267
14770,-0.49269771103323406,-0.19073740980811335
14771,0.2703316811281511,-0.31007922234489504
14772,0.2255091916582047,-0.3919495804280721
14773,0.25924171584899836,-0.36014279139745586
14774,-0.11501722602461684,-0.505691925217317
14775,-0.7862046904853486,-0.33092841015297686
14776,-0.852157022634008,0.050325941521957185
14777,0.42135230951717484,-0.17694344882580315
14778,-0.4482986463812673,-0.21095355792240672
14779,0.9035510072873765,-0.04156839976979153
14780,0.9292053938791673,-0.09164741824072985
14781,-0.355825643031346,-0.5491120905365966
14782,-0.3170596429076096,-0.1416288516113997
14783,0.4632436714150835,-0.1576246380087906
14784,0.9699802334628909,-0.15388225060862093
14785,-0.3154541493401178,-0.44496667595333333
14786,-0.6643623856339097,-0.2868368854434638
14787,2.180883763911111,0.5233930021879818
14788,0.8931996890704854,0.9183355638368788
14789,2.7137520026835786,1.712958272430015
14790,-0.24857028717532992,2.8066606910489216
14791,-0.45312082011725646,0.036119096478881896
14792,1.2563262864627864,0.578899562379634
14793,0.3410511320626549,-0.3264375427614954
14794,0.38612707587576556,-0.2892813510761256
14795,-0.6688626251797787,-0.28873060313113647
14796,-0.073790536396942,-0.1790840884135062
14797,-1.0471122885856987,-0.11330878548091931
14798,-0.21175666199973897,-0.04215210653674557
14799,-1.3395407218538087,-0.106709904651839
14800,-1.2299056953016836,0.5573475777895184
14801,0.48887269018135393,-0.07437042352400705
14802,-0.05027397234075548,-0.4263955401463773
14803,-0.06379736204225062,-0.4430407083412798
14804,-1.133970002365538,0.029406056871318656
14805,0.6768681932242975,-0.302218330589939
14806,0.4819735410001118,-0.24130155263467895
14807,0.05512765010242554,-0.4744737975186875
14808,-0.32034989944733006,-0.27757127972970486
14809,0.25152416275629885,-0.39243898944609373
14810,0.02853818908884348,-0.22563762905592544
14811,0.7871139440883714,-0.17212165779850444
14812,-1.313956974599657,-0.09638670335131713
14813,-0.4037684821884132,0.11397828536480158
14814,0.8621977602430737,-0.36243026081092117
14815,-0.4909988600035447,-0.19771472573462207
14816,-0.29560874247689534,0.0010911188641818809
14817,0.3454781694619743,-0.3433374221951381
14818,-0.16507900900665837,-0.35450131490177467
14819,-0.8381586383946571,-0.14842116897079422
14820,-0.3145096013992553,-0.39495479764284497
14821,-0.12878858250368833,-0.29863698604902894
14822,0.1700292990788026,-0.1987999314317317
14823,-0.2370936788579393,-0.4500548871974274
14824,-0.2159717035615094,-0.30780719990631444
14825,-0.24545919436131844,-0.4121972613250318
14826,-0.6555851776581747,-0.06523681741728936
14827,-0.17283270047576252,-0.22617575243651206
14828,0.244369379632567,-0.2748099475598768
14829,0.12550367008000296,-0.34840585797020873
14830,0.6026682019908527,-0.341262015384744
14831,0.19083776431996302,-0.5041066385881344
14832,0.07852565418909618,-0.5583297910525177
14833,0.2769122772039191,-0.47090043276114457
14834,0.18090299130709636,-0.45750303409083665
14835,-0.40030981046346825,-0.556120289918639
14836,0.5627234100066469,-0.45210613497354996
14837,0.06553074571306955,-0.5732730653690916
14838,-0.48382553901761105,-0.5136710973142652
14839,-0.21698892918103124,-0.5744311768633696
14840,-3.261922600726252,0.9229951220563356
14841,1.7025994723403641,1.5618098219896634
14842,-1.227185914831898,0.29749360396373037
14843,-0.8337021182234631,-0.02653017796205974
14844,-1.7873580533495652,0.7506888030491858
14845,1.1135740385409332,-0.08772183088313187
14846,0.2278643384099157,-0.20515533739145186
14847,0.057259944180167,-0.17443926088247053
14848,-0.36288841841362224,-0.19668713556733702
14849,1.2850286425547208,0.07045125096100856
14850,0.886761061429469,-0.3075245424697807
14851,0.08770571850213493,-0.4974895659327279
14852,0.6031129420235637,-0.37820384541563823
14853,0.5231605188504695,0.0072492428759140665
14854,-0.23063568265393775,-0.35582437260308036
14855,-0.08218239689878853,-0.37435190250292655
14856,-0.41346177639925635,-0.44806194403705885
14857,0.47920797321960285,-0.4943719753400206
14858,0.4326768464344307,-0.47499023950877317
14859,0.0797432160680896,-0.2914977347452932
14860,1.226991627364545,0.051055966592149934
14861,-0.586824708035591,-0.24334572886578132
14862,0.19836019736602473,-0.5011082136681609
14863,0.3450331636706775,-0.4397452416644538
14864,0.45394792309946697,-0.33383405052760895
14865,1.69163258545823,0.10175589079264784
14866,0.5932790353721905,0.3479849610181719
14867,-0.5811155029964055,-0.1522804963831777
14868,-0.008775381907434987,-0.20660153468572323
14869,0.11370806419249835,-0.5282177832293034
14870,-0.17531289385124535,-0.3672367480994458
14871,0.2527249926734967,-0.3550425976713509
14872,0.1029316431844634,-0.4426475530091349
14873,0.26652865248436153,-0.4283870748687816
14874,-0.3341747451101399,-0.44893250099741344
14875,-0.15750513753942103,-0.6010121977591134
14876,0.040894722343852774,-0.4639702142007508
14877,0.24292368814674048,-0.3221076903065399
14878,0.36506380549909234,-0.2400736433658291
14879,-0.040032206566989026,-0.4820366062085895
14880,0.15442093826451464,-0.2682153221697626
14881,-0.021136478653021484,-0.46060455572799025
14882,-0.8463584984302714,-0.12763272887432986
14883,0.12572720650126362,-0.4405363046953252
14884,-0.12393860522946135,-0.2516658910981382
14885,-0.30873004452989605,-0.17272924627554642
14886,-0.230026964022508,-0.3739608121368721
14887,0.8477534584582478,-0.27272433886816183
14888,0.32345569757696957,-0.3765374683562586
14889,-0.5174509015125202,-0.23225961180185106
14890,0.6025269532127506,-0.5028927332372319
14891,-0.563171721987368,-0.2507986227946779
14892,0.1385903668843761,-0.49382445034088
14893,-0.03398819542745901,-0.5237463111755667
14894,-0.09100593218202815,-0.4331033520052432
14895,-0.6144978298700361,-0.3139208515894093
14896,0.20789499452901267,-0.44518163325372295
14897,0.10923771005713817,-0.5568098802976398
14898,-0.9023106111681174,-0.4480676398028984
14899,-0.39399962144460376,-0.21776260973293754
14900,0.1208879780264357,-0.48293405718037524
14901,-0.8544220345396518,-0.11200642516635217
14902,-1.4118945456107808,0.10880779038116566
14903,0.37172870869859587,-0.2112116655187652
14904,-2.2571057396456498,0.3237109773960007
14905,-1.0008515077365,1.187374998510944
14906,0.9935378576465546,-0.10188522488544717
14907,0.7181318226427407,-0.02766071331363293
14908,3.078468050210637,2.18497382600407
14909,1.8984355997526503,1.2468622805012914
14910,-1.0160193279414012,1.6729501542118967
14911,1.3303315828813593,0.4448110463714133
14912,-0.31513210119044144,0.24330133284210376
14913,-0.18858310031412828,-0.08686632393663381
14914,-0.3390824770094204,-0.12028498147373061
14915,-0.3901968611135187,-0.07791505674863203
14916,-1.6498223377523678,0.14048034354458422
14917,-0.9756610145429903,-0.008948109173935612
14918,1.0018348127600218,-0.13814642818258774
14919,-1.5061433921376715,0.021631895096438633
14920,0.8101756122736501,-0.22543044505987975
14921,0.3376812494964597,-0.47798730825125024
14922,0.05517260309699534,-0.2976512663868632
14923,0.7274283847123939,-0.15404486315970195
14924,-0.3549778005410408,-0.20294052783346478
14925,0.24845305260231543,-0.5423825034797654
14926,-0.8725678875418659,-0.34257124723779203
14927,-0.41105692801147464,-0.4261945353871534
14928,-0.1801073296754439,-0.5208964601163718
14929,0.7632822571486295,-0.2055702047239829
14930,-0.6235721718766338,-0.15964302312273326
14931,-0.25358282556752265,-0.3929067942984562
14932,0.3010310241264521,-0.4797496698416215
14933,0.35159794794514687,-0.5132635067601836
14934,0.8479508282641472,-0.2874332441974182
14935,0.8473838091336252,0.14936511354096194
14936,0.2870472599227627,-0.21415524266868802
14937,-0.24890027428149178,-0.3000269002846662
14938,0.5487492498911004,-0.3017485390190501
14939,-0.5938260068395386,-0.3117670990657653
14940,0.5124084053419831,-0.3821124844966311
14941,-0.3704630966344196,-0.47147194926081487
14942,-0.20677459506259835,-0.27172235386161725
14943,-0.3001306408213735,-0.525433517529121
14944,0.4978889660242236,-0.3246978190380746
14945,0.340039588482133,-0.522029328700486
14946,-0.042607040135797025,-0.46733851056924874
14947,-0.5203568196341506,-0.3611852985686466
14948,0.029155108966635312,-0.4879537214874543
14949,0.3272737782414351,-0.5426398519557069
14950,0.37231176378109754,-0.23437665622363785
14951,0.31196314034045713,-0.30809017611202266
14952,-0.8104653925374306,-0.3525995004567067
14953,-0.5109539187658344,-0.4056223132174473
14954,-0.8273734727519866,-0.1150879825439316
14955,-0.4642446470134668,-0.28234347519858477
14956,0.059896921199658504,-0.4756347174647652
14957,1.0294772219930417,-0.25301580782464284
14958,-0.12485414431514763,-0.37717060577875555
14959,0.7361174979498986,-0.4534160997071322
14960,-0.29433534087129,-0.4698449400021333
14961,0.03247351645562446,-0.5193316270793172
14962,-0.6306995985818854,-0.2561490647351837
14963,-0.21387723751398874,-0.45914855654995473
14964,-0.39660886672800355,-0.39318798144890194
14965,0.20600150825411262,-0.5471660086724282
14966,-0.49948693152731793,-0.47332106660806234
14967,0.2116770055154612,-0.48852159409420975
14968,0.09988069199553073,-0.5724530659973419
14969,0.12722904256924206,-0.5151112576881928
14970,-0.31836535407014166,-0.5512854124728874
14971,-0.5506521921314222,-0.48528777878984825
14972,-0.12455960315000508,-0.4464143793175052
14973,-0.13601789782271634,-0.5422386868255336
14974,0.16507820810236767,-0.3002430850442939
14975,0.4390417539399848,-0.49513195305202884
14976,-0.07699871805286046,-0.4280964113697978
14977,-0.1795520241490176,-0.5787718825549768
14978,-0.00869893216311568,-0.43751805678885636
14979,0.019657184276494655,-0.19315894717513898
14980,0.6217941603221422,-0.390483932213289
14981,0.24736934806353994,-0.4241611374565043
14982,0.6026559746361021,-0.20976440168889016
14983,-0.33811965567463587,-0.3374646916718203
14984,-0.18316811360724122,-0.351157483562441
14985,-0.17043341160369402,-0.4861325700084703
14986,-0.6393453676038849,-0.43071356864307875
14987,0.7100503967620937,-0.46198648150302846
14988,0.25381351013399067,-0.5142798123324391
14989,0.3482777622814194,-0.4197035453460698
14990,0.028034481146954837,-0.4369289687833144
14991,0.5227541996480468,-0.3237664451105233
14992,-0.3878103726700831,-0.4085582467986001
14993,-0.12634240326735813,-0.5317244413335414
14994,0.5451824896614829,-0.3785159387486057
14995,-0.2502468036444888,-0.4463996650038325
14996,0.011797666877372825,-0.4406959355434319
14997,-0.555850295226074,-0.4740236864410085
14998,0.058772246066225664,-0.562176958769622
14999,-0.015651400278770433,-0.5883672675743149
15000,-0.8034521645467733,-0.25655758258155414
15001,-0.26205071746535413,-0.4420420428764142
15002,0.8229663553481852,-0.39069770059130904
15003,-0.023785799982834865,-0.4954247554208993
15004,1.1993066926515752,0.17489641670055384
15005,-0.7951871991580309,-0.17461039363463976
15006,-0.34112356655818443,-0.23917057350837223
15007,0.9086910254470502,-0.09577574207396304
15008,2.2088504735719767,0.4189279036132835
15009,-0.6922600249674343,0.09520609584954647
15010,-0.3015687361989299,-0.15273453577499604
15011,-0.5655804114069944,-0.4652635666003034
15012,1.035967599015237,-0.3672433467346881
15013,-0.2813298789847125,-0.4131335514790369
15014,-0.011194361457255442,-0.38324291722544074
15015,-0.7600262687213918,-0.3540304156935993
15016,-0.7120149247368235,-0.2450700131040669
15017,0.32846160852337514,-0.4905602287674145
15018,1.3854674460664504,-0.3618633630701867
15019,0.02873512254116828,-0.45416166460075885
15020,-0.40656022277942305,-0.4750081088234977
15021,0.05498734096087954,-0.5106173230842204
15022,0.261334433293376,-0.5144094022624593
15023,-0.519191619033194,-0.46718321564497695
15024,-0.6288679534844666,-0.34615314246055434
15025,0.17115232831355814,-0.5796276137841112
15026,-0.3952932629384263,-0.5331569262319314
15027,0.26269262281668027,-0.5736100543123778
15028,-0.037890717399480356,-0.5173288022176415
15029,0.6232936865654553,-0.3262035945191512
15030,-0.26767159872468477,-0.47748859247681597
15031,-0.46943643588090966,-0.551920486641584
15032,0.26049206905287514,-0.5061413897431448
15033,0.039104893027467724,-0.5442505864237182
15034,-0.14397723651893868,-0.5714652756403958
15035,0.057053128494218064,-0.5282191628408657
15036,-0.6942035361810076,-0.49915740207729103
15037,0.30181608944811256,-0.5372717240816562
15038,0.43986023383132855,-0.4632384033507391
15039,-0.2999289973504273,-0.45304854383213017
15040,-0.09216573261838518,-0.6294918715973516
15041,0.10303144419477406,-0.6170613947241153
15042,-0.3860845839714244,-0.5457221106033568
15043,0.022976836901903663,-0.6530903719970141
15044,-0.5420966811972987,-0.46872533221328466
15045,0.17923762378749875,-0.4314189259493341
15046,0.18004528757999327,-0.4751067229657438
15047,0.4407181949104124,-0.28291328647665454
15048,-0.11687265196579744,-0.5673125720899518
15049,0.08085382004908742,-0.5991321962920044
15050,-1.159239386667665,-0.16881439125442232
15051,0.1219414365006295,-0.45792479008132564
15052,0.14163801010811355,-0.453476258002032
15053,0.11390797908384842,-0.6150461457988536
15054,-0.48380445750881856,-0.48144491619325785
15055,-1.0286118190946845,-0.29687252704206274
15056,0.12491754922330406,-0.2814977513753566
15057,-0.3246593630190922,-0.4544474049169325
15058,-0.13060466197855694,-0.3780261309637531
15059,-0.2887688611916607,-0.4010327352881928
15060,-0.2524086966193889,-0.4635181040828204
15061,-0.20992114380568966,-0.5406328757156682
15062,0.21409897275034717,-0.4015189801130295
15063,-0.24171295685356228,-0.35779080732580004
15064,0.126701696472318,-0.41683681494751296
15065,-0.6348680196524501,-0.3352816061544744
15066,-0.7477125191444711,-0.06150276158314115
15067,-0.28354335105492995,-0.1752643303917361
15068,-0.35443408325954134,-0.15831411441190263
15069,0.3604938968418111,-0.4058616324143323
15070,-0.08539073888511156,-0.4305694053375307
15071,-0.2443483385984895,-0.386881618470909
15072,-0.19302940206200253,-0.3643084460172257
15073,-0.3514833374746611,-0.4825944876321991
15074,0.7433070523761902,-0.3233191274646737
15075,-0.4513686299210574,-0.4951981082832489
15076,-0.10665835538527174,-0.4933258353194077
15077,0.30632452242536923,-0.6157335918409761
15078,0.6328797209988619,-0.42031561870451933
15079,0.3656592467612092,-0.3103013676038135
15080,-0.3497923060417705,-0.5173789263952812
15081,-0.5324303325621103,-0.44624233669042046
15082,0.4794063492432322,-0.5449547718484545
15083,-0.36296499213612327,-0.5055084146470955
15084,-0.058983591920385325,-0.5229600015091501
15085,0.3396428581550205,-0.48631835807892276
15086,0.5174545416922404,-0.4483826889841999
15087,-0.29048810516362966,-0.4866687310801876
15088,0.28424906972014086,-0.4958261217883647
15089,-0.7267348282361676,-0.34455099835650055
15090,0.9432704862378196,-0.2970601352339127
15091,-0.3883500480873844,-0.5302906973237792
15092,0.07529112255605197,-0.569922252878241
15093,-0.5858384587196842,-0.4352698616477601
15094,0.6465230414980687,-0.44916320713776864
15095,-0.15690203510002135,-0.510729466471925
15096,-0.9138412710730182,-0.07500560571337234
15097,0.8892375772962213,-0.4609631927895694
15098,-0.5425600172121041,-0.5159291187719927
15099,0.10916775463857858,-0.5291147214969245
15100,-0.5001409246685247,-0.1827412122108016
15101,-0.4300933555577884,-0.35387011847189925
15102,-2.042403314228141,0.8863531838525861
15103,0.7301872632896877,-0.020745001510219345
15104,0.27285673976924385,-0.35147713868080194
15105,-0.7019407721733391,-0.2898172939107431
15106,-1.6420225360759066,0.22510284977507838
15107,0.1637115274321272,-0.12572395090403843
15108,-0.07930309506655675,-0.37241582885045094
15109,0.10126842455079899,-0.548983370954157
15110,0.5243633480769281,-0.27183133618348165
15111,-0.6405734420807138,-0.3328903018596654
15112,0.26360590535544426,-0.39035595558735126
15113,0.04592466659934913,-0.5002863128082791
15114,0.4960977427543952,-0.3774216812065988
15115,0.4282027330252334,-0.4908715837488902
15116,-0.881516466282588,-0.5710769634380224
15117,0.1828583322988186,-0.5590621455423592
15118,0.4811788101927791,-0.3905233681551924
15119,-1.026258548157128,-0.2596125652583924
15120,0.26966938798641327,-0.23801120695064587
15121,-0.41646987542055336,-0.5049787534327153
15122,0.533413324771669,-0.5000158956614384
15123,-0.2824378167085457,-0.5726975560254397
15124,-0.5675795952109535,-0.35862104010523094
15125,-0.18599556331843164,-0.5352252566262441
15126,1.1370098357774536,-0.28120490781373575
15127,0.6037726192766327,-0.3984918533117461
15128,-0.3623923206199934,-0.5120293318748468
15129,0.17385786774896034,-0.6082652245391549
15130,-0.0310413005625417,-0.5518425387557361
15131,0.12955292505555094,-0.6953588315398183
15132,0.35366135070434945,-0.5214397555281345
15133,0.04619885948601299,-0.5500239747000505
15134,0.08566244191607447,-0.5623970771673072
15135,0.38787490817866654,-0.4847091636763373
15136,-0.3625905433757659,-0.5674159671865118
15137,1.3491526682731694,-0.19057684966829774
15138,-0.38037638207402613,-0.1811030237669159
15139,-0.6553287147392788,-0.41274812285986934
15140,-0.8400682447326031,-0.38462886845380106
15141,-0.5305508428298357,-0.4954957065622954
15142,0.1321247852850621,-0.37114750502013766
15143,0.11606818192626828,-0.459311395912407
15144,-0.1767849214710758,-0.5624017118282556
15145,-0.8817679140624797,-0.4005057248397907
15146,0.283438223652817,-0.5071070878376673
15147,0.8161859680056138,-0.43196735270031733
15148,0.7545096000574447,-0.4592809964301563
15149,-0.027815252310243566,-0.43556302880034237
15150,0.3373905773789717,-0.47204983519351623
15151,-0.01701550563992313,-0.46912655266457687
15152,-0.11773425064245674,-0.4520105973216328
15153,0.11699986097038384,-0.4673311800855144
15154,-0.6612051455461064,-0.5248319894743307
15155,-0.3457491121867872,-0.520207480476739
15156,0.2324510056673602,-0.6071908020084521
15157,0.4737493358849585,-0.49485322804699333
15158,-0.536126251472606,-0.5835193113195545
15159,0.15602518842774238,-0.6196529390874123
15160,0.4352943875549036,-0.5295019167117807
15161,0.1856680751270045,-0.33149321822673106
15162,0.2011295039386975,-0.46685269623739095
15163,-0.07068663698562677,-0.4994568348521479
15164,0.15319195937165558,-0.5107414621494277
15165,-0.20409046985953552,-0.5811043309733106
15166,-0.13632316064060956,-0.5065822961618063
15167,-0.35834883878109536,-0.4607354122138871
15168,0.43489569345131873,-0.5161556852256218
15169,0.4514657602815556,-0.4770566593905532
15170,0.8778444285346187,0.19250982529265775
15171,1.0166783332968177,0.13348469386516754
15172,0.42958568967539557,-0.12472554249065093
15173,0.3712327400628861,0.014827746253633756
15174,-0.8106371724121608,-0.1364133936767243
15175,-0.19417178766827928,-0.293256229720593
15176,-0.00527539962604795,-0.4781435688288532
15177,-0.08561511525940996,-0.38666206876522696
15178,-0.24120727030407238,-0.3881651580397995
15179,-1.0844234706427271,-0.26765959270898637
15180,0.5581497940790823,-0.37592865819971927
15181,0.22984553767750543,-0.5013845634904042
15182,-0.12103641349822233,-0.31072145411081464
15183,0.12523966716300589,-0.530435422011703
15184,0.06081530508264754,-0.5915501783774897
15185,-0.25119071240515267,-0.571634304961997
15186,-0.008350409372497536,-0.4518824437087761
15187,0.43647415701294157,-0.5511527023972649
15188,0.05471587290941771,-0.4569343267896503
15189,-0.10541878194358392,-0.5629534394678803
15190,-0.03054432779443325,-0.5346719706657275
15191,0.9475263634310855,-0.08608157675394676
15192,0.11541572513341775,6.061477467363667
15193,1.6108762799359946,0.5028282193676544
15194,-0.27730370395659437,0.3387772351054082
15195,0.12453348352328963,-0.022167162598356008
15196,0.6489492989660193,0.6817061898842652
15197,-0.016720653639903743,0.24304400435089757
15198,-2.34904217080566,0.9717320648176968
15199,-3.4269410363450725,3.1215812050886522
15200,0.2836575913253455,2.4610435451952974
15201,-0.5645184860425594,0.3705579592693186
15202,0.6505942361529382,0.525791833166131
15203,0.750269259226704,-0.0008388642016933928
15204,0.3173026574488673,-0.3869414398854613
15205,-1.0399283594273099,-0.2789866736896207
15206,0.13449076137130578,-0.4886342186698535
15207,-0.35552660883298154,-0.43323158760461883
15208,0.46670199997612527,-0.42605036126017515
15209,-0.06992323560334662,-0.5953857941671652
15210,-0.33468567203542077,-0.5711078396457363
15211,-0.1459271878181787,-0.5083853780189606
15212,-0.8434168146375058,-0.2717620878862159
15213,0.5312104358781253,-0.625113711550423
15214,-0.18032235646683875,-0.4591963166025809
15215,0.952617778746272,-0.4270495010979714
15216,0.5713592603006231,-0.434622041388685
15217,-0.03752943561564315,-0.4100251703829771
15218,0.11993248041537652,-0.5350142387029257
15219,0.4951412338811436,-0.2743108428108823
15220,-0.34304485107306093,-0.5224626737394922
15221,0.6108731165975952,-0.33060831842839283
15222,-0.3031951655715536,-0.34549823098055044
15223,-0.15849094057761343,-0.6142852286702616
15224,0.4555740189392412,-0.5434609364165358
15225,0.46239112431973717,-0.5879014789000159
15226,-0.646331526390669,-0.2431880196338696
15227,-1.0467310888542503,0.6426449791984714
15228,0.021252900695525323,-0.35493402007787517
15229,-0.8462310656790857,-0.4105048618463968
15230,0.04205320446159233,-0.5270111552650586
15231,-0.031193669654948214,-0.5584703083546713
15232,0.8276428297128833,-0.5498179866484677
15233,-0.1462823514341411,-0.6632011295230712
15234,-0.22930479756761535,-0.5913014487006657
15235,-0.07256545191841568,-0.625571290582406
15236,-0.19948355311789961,-0.5810994045296471
15237,-0.23053463069500282,-0.5479592009912568
15238,0.14448719055123932,-0.4902052158990948
15239,0.24648842794595482,-0.5153889605375618
15240,0.15646385803548807,-0.6039830976585203
15241,-0.09236143222218177,-0.5334728228933809
15242,0.10234838650918066,-0.601383365623514
15243,-0.15901763248361603,-0.596930634433086
15244,0.1589821589461291,-0.586812436886768
15245,0.055574850175875934,-0.6430069618225704
15246,-0.5517580273976282,-0.5023884096058249
15247,-0.20510338326677444,-0.5672324330264183
15248,0.2638456979182531,-0.5364699006938936
15249,0.7922991925457947,-0.5915421199761628
15250,-0.1560991233957702,-0.4877152681148878
15251,0.3247712537434023,-0.517419080983762
15252,-0.26983127963889053,-0.5299858770591296
15253,-0.01599389322105521,-0.5594907898757204
15254,-0.6382240153804634,-0.4629725016304168
15255,-0.19520098275845998,-0.4780350572453377
15256,-0.3535849648759148,-0.48069559426279934
15257,0.055464403700058285,-0.6206880031698787
15258,-0.12558060479796196,-0.5447737295085654
15259,-0.545857810616931,-0.5073112829865732
15260,-0.026898642683308188,-0.5611640888600864
15261,-0.20898794969201534,-0.5691009385199635
15262,0.15533059384458026,-0.6025662769826009
15263,0.0183420405311005,-0.6187240814099729
15264,0.0035790844134510613,-0.6009324458566713
15265,-0.06609939955057414,-0.6196200870520454
15266,0.12844101067311597,-0.5887646150839922
15267,-0.034332342896179785,-0.6543977241156345
15268,-0.04818467110362151,-0.6562376674170052
15269,-0.002225286386796421,-0.5825668019063115
15270,-0.25754659084598525,-0.623384708778272
15271,-0.0542203961263108,-0.6595015135028844
15272,0.21849558160776478,-0.5916013450688398
15273,-0.01649062297763293,-0.568135023045803
15274,-0.6679946633975825,-0.48738195282129176
15275,-0.015135446957307452,-0.5405382222303503
15276,0.3328421835168739,-0.5970642490163729
15277,-0.48438445230336186,-0.478664268876388
15278,-0.018488551000102466,-0.5246379071599572
15279,-0.010376997267717292,-0.502884212634144
15280,0.3659246523834847,-0.3957103706479754
15281,0.06178330503166357,-0.5520888559371141
15282,-0.1377526671416453,-0.5610127240106233
15283,-0.26100492112927354,-0.5693847376305246
15284,-0.0015577999560161815,-0.5424064677019662
15285,0.31810690944189346,-0.5452396184071573
15286,0.15429176016703033,-0.6235301193085985
15287,-0.1785387014747018,-0.5596346868876622
15288,-0.09718091104257165,-0.6080351825305752
15289,0.024258460812873583,-0.5313798619045091
15290,0.2209033130657473,-0.6211315530428767
15291,-0.12123165002793407,-0.498696602329303
15292,-0.2148168429759088,-0.4973660880654685
15293,0.2972753577364411,-0.5236835022672557
15294,-0.0009697026697590982,-0.6498614745994611
15295,0.00014279129637384536,-0.5799672959234724
15296,0.07605847369977359,-0.5268637083447647
15297,-0.26806852001189263,-0.6423766225793622
15298,-0.5700924381638733,-0.4136788673303921
15299,0.3571202215890734,-0.46588795224690605
15300,-0.37049604510129835,-0.4048491194909011
15301,-0.791403623539056,-0.33038664335621065
15302,0.11157851967413951,-0.1700476093695107
15303,-0.046903681679341835,-0.15168848460153667
15304,0.05710872418131624,-0.5550220464036061
15305,0.04070059584510838,-0.3268503950095399
15306,-0.20190289573431108,-0.568339591028298
15307,-0.3043425786936936,-0.6056145013883671
15308,-0.4822172351078009,-0.45906799117166086
15309,0.30163858890569817,-0.6129848222618364
15310,0.3332074682698989,-0.5608633252942467
15311,-0.0661203710886091,-0.6025849536399069
15312,-0.5288242439717519,-0.5236865672635332
15313,0.420038795391361,-0.5469497434115944
15314,-0.22711572653884143,-0.6007310530320182
15315,-0.14591879719246253,-0.5196504099130154
15316,-0.33255762652602716,-0.5562701694885236
15317,-0.08199053314761137,-0.4921971865040837
15318,0.12315726090687884,-0.6974575855680362
15319,0.07685146249796293,-0.6631182424380511
15320,0.3069395236286687,-0.6382599585685118
15321,0.24925100186600713,-0.5724802068006467
15322,-0.14955377412134005,-0.5974265761405347
15323,0.03432369883215736,-0.696279179418867
15324,0.05897590560783994,-0.6421801622196811
15325,0.06318115949493697,-0.6074094989398265
15326,-0.1460263322666992,-0.695601959590418
15327,-0.13092874285582867,-0.5894630184466783
15328,-0.15623666336983952,-0.612262748396111
15329,0.12751923139595012,-0.6838215150803854
15330,0.01813456278499681,-0.7089710941276964
15331,0.42936402370306725,-0.5923297163958443
15332,-0.09576094672948027,-0.5065981048485527
15333,-0.3367374547610724,-0.605779582053069
15334,0.437091138438761,-0.48785861905843586
15335,-0.14659124268607715,-0.6330757249349896
15336,0.33976053739256495,-0.6041123403179152
15337,-0.03577189269786521,-0.6081605752540278
15338,0.3073507140992484,-0.4640076033210937
15339,0.151958867878915,-0.5013801482203472
15340,0.03748067222886836,-0.6505163940600429
15341,0.00949864012097501,-0.5459327506192055
15342,-0.23281190780597638,-0.591764736102814
15343,-0.00821084421327889,-0.5884426862992803
15344,0.12369705270706277,-0.6337472777881464
15345,0.36463054064668354,-0.6069492228907587
15346,-0.2589994563803361,-0.5614682831081659
15347,0.3431914265398466,-0.661571630377285
15348,-0.2550358987988609,-0.4660029596682028
15349,-0.1251908836233142,-0.6243139510835469
15350,-0.36911259839783517,-0.5623374833439774
15351,0.17038498960671195,-0.6335104026933773
15352,-0.13983327433476062,-0.5834317830632694
15353,0.22264493020917198,-0.6099141789950638
15354,0.06559048686474173,-0.6072955202722333
15355,0.17685931274222477,-0.6532990094315834
15356,-0.1300641670821909,-0.5842365220466921
15357,0.06385461701116668,-0.5286207951749147
15358,-0.30766145281632384,-0.4971655855878808
15359,-0.17691883018409466,-0.6084297406795162
15360,-0.17603819271660381,-0.6162619093440587
15361,-0.15808404568936507,-0.5342496640404499
15362,0.0664138130353078,-0.5693925383463233
15363,0.3044466785808926,-0.5407769306382767
15364,0.3959246373851667,-0.4706313067467292
15365,-0.25678163985487584,-0.6298288117000403
15366,0.16648582698303133,-0.580439832179324
15367,0.5024915398098108,-0.30918298470368494
15368,-0.23403453646210354,-0.5035045952958118
15369,-0.16443357149667892,-0.5418943870123477
15370,0.0735147458885872,-0.5838167147900448
15371,-0.11064698981792154,-0.6059310135551699
15372,-0.610381543377234,-0.45902838268601226
15373,0.37099521642172895,-0.5231002470670638
15374,0.2600644769351217,-0.6045852417633829
15375,-0.41470522080746947,-0.6291524654062998
15376,0.32133165431808897,-0.606862689070704
15377,0.030393852903404295,-0.6359829412548192
15378,-0.023468642228684777,-0.6363498990618971
15379,-0.06380505372824394,-0.6386997500971234
15380,0.23074010883229767,-0.4321254049061087
15381,0.2884005514371689,-0.4111271619717708
15382,-0.4328066746622948,-0.3388548299666971
15383,-0.03532804161529657,-0.4695052925574302
15384,-0.10814054084040767,-0.40192936892877495
15385,0.10975208044155971,-0.44264335335259924
15386,0.28795963828568183,-0.5501022136898664
15387,0.3831578439997727,-0.5474350352314657
15388,0.3131337892323457,-0.4496085265381916
15389,0.45271745160560994,-0.412131684393992
15390,1.2802010416904304,-0.4901294383951764
15391,0.17601557170831372,-0.3990266126494734
15392,0.2832789141292553,-0.1709136028703762
15393,-0.5401641552296925,-0.20498952283534388
15394,-0.03289909503175975,-0.6266445136721682
15395,0.8787899016419773,-0.24036614600570078
15396,0.02669378020143376,-0.47661147054089553
15397,-0.11407033114526485,-0.4503022237957504
15398,-0.23757286976766334,-0.34003667991871506
15399,-0.5474178674069479,-0.43348737244127106
15400,-0.00042171187263104204,-0.47351609788639265
15401,-0.3287185707632325,-0.4999752410062741
15402,-0.461794482081913,-0.46843075672041584
15403,-0.377630729579685,-0.3949795700304925
15404,0.5929731207566385,-0.536112822517612
15405,-0.715271613835434,-0.25030774490286045
15406,0.09110913112957675,-0.5560142151901093
15407,-0.2720670722489724,-0.3979467916566804
15408,-0.12372219176949267,-0.3681952217603188
15409,0.43727347572576125,-0.43388205228573523
15410,0.06485248173288838,-0.5356738000349095
15411,0.1763924751621534,-0.5388157094846912
15412,0.7595376046920792,-0.36679518776211056
15413,-0.17831568618810217,-0.5742555220654522
15414,-0.3586174921638751,-0.5103803631133051
15415,0.231173063038199,-0.581000398389348
15416,0.01738608509521533,-0.6423827227399658
15417,0.6381740810141846,-0.5309214625929833
15418,-0.3375071703496293,-0.49018204950023286
15419,-0.13568941130100634,-0.5755127469696224
15420,-0.04276221782292389,-0.464608280006559
15421,-0.24889144532302135,-0.569805952330768
15422,0.3671566996020845,-0.45466233693438
15423,0.358759441343678,-0.3967548055798526
15424,-0.22905161266788343,-0.4866972690975879
15425,0.43423008800282203,-0.16791084624095987
15426,-0.005470121050560106,-0.40845827587580197
15427,1.4480299088513462,-0.10832645559688654
15428,-0.2110844049429612,-0.4743641688434733
15429,-0.7452861387712382,-0.159809871263218
15430,0.03199862685401522,-0.2717578490150398
15431,0.9038763616806542,-0.3613022308953337
15432,0.2702314071751739,0.015318120799761234
15433,-1.1940791061934912,-0.2908417471536154
15434,0.18930860642686126,-0.2298030325542061
15435,-0.2063751556678381,-0.4083177803670196
15436,0.14554517900297215,-0.3525293624065255
15437,0.058718459026969705,-0.4177819317599299
15438,0.16206325031487084,-0.42646529477904166
15439,-0.3246060799834143,-0.457347450364748
15440,1.4369289638739862,0.019041475380032175
15441,0.31296697383780037,0.07392046069075804
15442,0.08754362440120866,-0.14942647417137117
15443,-0.1975094613475034,-0.23302870375247692
15444,0.1998809005851877,0.05699051808662335
15445,-0.6035428696165192,-0.16258806996672068
15446,-0.4403506397896967,-0.16681831135339792
15447,0.5910606443434532,-0.42952549875528434
15448,-0.4035988331432118,-0.35637935921303904
15449,-0.2239357935172233,-0.37172465710838837
15450,0.05419537234368216,-0.48271864836779543
15451,-0.11880913744844235,-0.5000090717254
15452,-0.4289951008365555,-0.4280144777069202
15453,0.5000513071934488,-0.44241057942048306
15454,-0.6894619740073611,-0.22945592778547758
15455,0.6031047280826936,-0.517729129566843
15456,-0.07211656691436369,-0.517057855053972
15457,-0.41676236614027895,-0.48709544833123436
15458,1.122315895149223,-0.2863728563099025
15459,0.5007443437439469,-0.3249422819375137
15460,-0.2231796838241697,-0.08594232977837034
15461,-0.35612638678203945,-0.34374326478748696
15462,-0.04152631150624286,-0.46852351965005196
15463,0.9539116448292779,-0.2698892409672323
15464,0.5684331697226153,-0.03314148824810238
15465,-0.7100159992603268,-0.08670110326120394
15466,0.8587071342833272,-0.10107605541864918
15467,-0.020438852251676576,-0.08126064258480518
15468,-0.16177262773762088,-0.32560130983285834
15469,0.5360909901311661,-0.30661997697174803
15470,-0.200847848803342,-0.10743810078480197
15471,0.24354380124790875,-0.2871426710236185
15472,0.17833226395732882,-0.41794058027940034
15473,-0.21439509321325434,-0.19072969918577115
15474,-0.7749323958366288,0.06426525378009552
15475,-0.19237719310113804,-0.2838911215713804
15476,0.05222903731374323,-0.25828277050474996
15477,0.43451013959439266,-0.3356220627188777
15478,-0.11518782574508957,-0.444493495416005
15479,0.06081189278608612,-0.49881882579471193
15480,0.7193632774014598,0.08375042432688569
15481,-0.21366407688758407,-0.352363360077861
15482,1.9908347872342183,0.6347130013784383
15483,-0.4169040450293943,0.01792687098448162
15484,-0.49282693221617346,0.27937279583575386
15485,-0.6402018311999631,0.25137848792926526
15486,1.103320402571768,0.1292825933385609
15487,0.3691020795821758,0.05656103833482655
15488,0.25697909183191237,0.12554361578153833
15489,0.13317559205862262,-0.335222274609325
15490,-0.037967854685065555,-0.3120839382859288
15491,0.5778176486027209,0.013450516883256394
15492,-0.6978677413988092,-0.10008585125938535
15493,0.30135999125489865,-0.23500191568811762
15494,-0.48207554969701494,-0.18901802504035697
15495,0.6037672866282403,-0.10239034035879165
15496,-0.7551153541082922,-0.12508958791395208
15497,-0.040162971910829515,-0.23956751183374714
15498,-0.21588287994692232,-0.3169118356102871
15499,1.057288736356651,-0.1787501362816537
15500,-1.110098064001659,-0.32208327229423245
15501,-0.36984901403364595,-0.3769861544831384
15502,0.2569406181759797,-0.5029630733906074
15503,0.28236251189697037,-0.460832340855361
15504,-0.13939196328634573,-0.5223631727501985
15505,0.6494230520767355,-0.377753463867893
15506,-0.8698499173653409,-0.26238471205190794
15507,-0.3240958359375771,-0.29437798201875226
15508,-0.6141100749923071,-0.337171319159688
15509,0.11057574334417164,-0.48478630482044655
15510,0.023786308607807338,-0.46850625144692726
15511,-0.4055738013896759,-0.4133477004853797
15512,-0.4299040969884488,-0.31688577061535084
15513,0.2551528148100246,-0.4419550786789194
15514,0.3736345349625211,-0.3864759795955843
15515,0.40971769371552,-0.2337839588731434
15516,0.16226733986469472,-0.4380215191754448
15517,0.25190040982058853,-0.420320276881923
15518,0.2693211138542524,-0.438092747047881
15519,-0.36874936938692815,-0.4269930228707722
15520,0.03131834443303094,-0.5548928375981186
15521,-0.3031252937289652,-0.5302629909696289
15522,-0.009649799734826547,-0.6118551823863311
15523,-0.4762525995651736,-0.5317264203691769
15524,0.08386293412172874,-0.2675909014079282
15525,-0.03844729916458753,-0.5413030680959493
15526,0.23304219308895996,-0.290905643015957
15527,-0.9346044313919861,0.042304422098879246
15528,-0.22460356201417017,-0.15901536384225196
15529,0.2574767880487068,-0.2675050067691855
15530,-0.3048083161497835,-0.219704353616394
15531,-0.5731071543666584,-0.13171724260877804
15532,0.6238127084115916,-0.12313897967103934
15533,-0.35016193031348736,-0.48778454500207946
15534,-0.62591951812287,-0.15393333881495064
15535,0.09002567093542407,0.015110075018447314
15536,0.3416339409539072,-0.1893429037794442
15537,-0.529703075778438,-0.0747649976828826
15538,0.5027339175266362,-0.4035590027550885
15539,0.36147452371598643,-0.28888963199130024
15540,0.3239719491748486,-0.3448270830286719
15541,0.4044272297931082,-0.36161745171072485
15542,-0.36093328697836835,-0.49334795045447205
15543,0.8746270665216604,-0.2270987406741154
15544,0.04756733194261997,-0.4465351669327744
15545,0.12280629052540515,-0.16550419515762477
15546,-0.4577839450551328,-0.45163989532429644
15547,0.10801352979378626,-0.37983658297774203
15548,0.04333585403544332,-0.5551871308543729
15549,0.7920549406837993,-0.37816950167673197
15550,1.4684122411531995,0.3330362084793768
15551,0.19335563275016993,0.40244653350002585
15552,0.9210888645093327,0.9121059978348469
15553,0.21568944504077875,0.38458089107830135
15554,0.1774721741170977,0.23226810185556074
15555,0.5980515323908258,-0.04745744436349299
15556,-1.391809614292241,0.38917575760601547
15557,0.43792085006020764,0.6989816117447487
15558,0.4663492715462737,-0.14632759466120515
15559,0.11660757526862536,-0.29313435786070735
15560,0.18469693162243034,-0.36318567180402656
15561,-0.11866132918044009,-0.3296374598641035
15562,-0.3070875509794273,-0.2959872188850566
15563,0.12778342201880766,-0.39070085821443756
15564,-0.28967911025433635,-0.3732797091095403
15565,0.07952633258286035,-0.34020495648476196
15566,0.4408882761450772,-0.3364907645131772
15567,-0.8595805217925025,-0.13192701856301003
15568,0.6198529110525655,-0.06439405118472925
15569,-0.4778437403146625,-0.2990572628874546
15570,0.11381087501597675,-0.31111708503646845
15571,0.061333873258317184,-0.40676707636874165
15572,-0.2763536796948721,-0.43424261272953957
15573,-0.3835670110450229,-0.2819495954819971
15574,1.0154904063801546,-0.02792694946497344
15575,0.2394230975123658,-0.3898816344049313
15576,-1.042060161922793,0.025339648706289422
15577,0.3265347986033129,-0.24867395602173858
15578,-0.028749743400200423,-0.05707781359684381
15579,0.122325626357222,-0.072683060370046
15580,0.38438064593240084,-0.25106441886906367
15581,-0.0043359609852708925,-0.12552587982056246
15582,-0.4229550811555539,2.112541604879202
15583,-0.940224974421559,0.20898920822404254
15584,-3.001891801330695,2.5370501356982063
15585,0.9374727137259586,0.059794477806072374
15586,-1.550112400206786,0.3396052435999966
15587,0.02828842528518194,0.9230993611249483
15588,-1.6252570695258124,1.502645443648384
15589,0.7486158952457777,-0.06364485391562992
15590,0.5391755998249653,-0.061327882926580576
15591,-0.4716869579200786,0.08122895088114927
15592,0.43804725415019186,-0.33243539123705684
15593,0.08765566816891568,-0.4402784932348523
15594,0.8495830776570381,-0.18656505892227682
15595,-0.7053709107420293,-0.22232957798227132
15596,0.2379693825295035,-0.2647629697075924
15597,-0.020512765245926712,-0.4470895322445776
15598,0.12487782465214736,-0.5007648267328538
15599,0.5648392925219057,-0.49703042255019053
15600,-0.5022130130502276,-0.3998737537897444
15601,0.3013222936717824,-0.4960155090026257
15602,0.33646221936820697,-0.5628112080457028
15603,0.29104054148904246,-0.4663102151799842
15604,-0.18750510822571845,-0.39747139363649747
15605,-0.05801886099541981,-0.48728526942014594
15606,-0.5244778923414128,-0.46185852228213214
15607,-0.455142670180015,-0.4786867842561214
15608,0.24505196072451874,-0.5262027028651284
15609,0.8213717546812971,-0.3726199252710016
15610,0.8055139879231263,-0.2436376312107213
15611,-1.003783960348907,-0.3437789820885707
15612,0.21406204744190227,-0.4899405351033401
15613,-0.48050703185915183,-0.5112469380492598
15614,0.5578787712360136,-0.5214568279680789
15615,-0.26429942183538263,-0.501082464308393
15616,0.6737070134266905,-0.3687136175882914
15617,0.1677487860040543,-0.4159909828874485
15618,-0.13901431654668414,-0.47260233446640526
15619,-0.39954961161640634,-0.43294174141764175
15620,0.2055969893363197,-0.5297796963157801
15621,0.022278216360998637,-0.46046151079806735
15622,-0.42859965344272766,-0.4300641925396244
15623,-1.2065991094158597,-0.013504683937130071
15624,0.6862747386447776,-0.2263384789181498
15625,-1.1223060649070211,-0.2512367471653547
15626,0.583475162361278,-0.39848524742471175
15627,-0.14048182049200014,-0.3160394909241497
15628,0.3940839710842674,-0.4908267579889822
15629,-0.16380502565549185,-0.46588018105834333
15630,0.941518789252396,-0.053869104587548344
15631,0.8691118155648587,-0.2354719607879937
15632,0.36115375531633775,-0.3012061053622312
15633,-0.29737596299448166,-0.4100015334689455
15634,0.15213240969042136,-0.4738220774674034
15635,-0.5544639960357329,-0.3089001071646709
15636,0.3534027453412618,-0.5034972927396272
15637,0.27348116366945396,-0.46835882680817215
15638,-0.3286534247902241,-0.5684920127429939
15639,0.10065453791449364,-0.5654964313399491
15640,-0.6252734000262015,-0.4340504869696063
15641,0.30944064785718206,-0.4293331032762994
15642,-0.19631872873009815,-0.371010417024642
15643,0.4469250574654502,-0.35763013681091577
15644,0.4220900477866265,-0.4540516348420593
15645,-0.39924493695449736,-0.35298274846214833
15646,-0.258700388042956,-0.4670194403524737
15647,0.7248525482053226,-0.41462681192113787
15648,0.40339389680625604,-0.43969978647837055
15649,-0.22882575743727304,-0.3590642550793588
15650,0.31505556233672194,-0.3830433569253064
15651,0.7207517451964209,-0.020082617575412645
15652,-0.2510510337487474,-0.1587926365169749
15653,0.24278113813614394,-0.11948549945704239
15654,0.4203253453586131,-0.16367806092012138
15655,-0.5382721252240679,-0.20549650664220692
15656,-0.578103532286403,-0.37838113538743856
15657,-0.2877074252913685,-0.5035900646141935
15658,-0.44236820330441434,-0.31444654248652776
15659,0.4790636360646564,-0.45821564813540033
15660,-0.2257135205125303,-0.5359890007028545
15661,0.08350777807587217,-0.560275009671487
15662,-0.05145828131882957,-0.2587207743872974
15663,-0.03246701382064193,-0.4777961353607988
15664,0.22996642164524955,-0.4709604156795145
15665,-0.14568831390159004,-0.5184641979342466
15666,0.5026515655376431,-0.3440344488285344
15667,-0.13033744546946452,-0.4180140807676446
15668,-0.41558238724808527,-0.4256957499459672
15669,0.45052914007670597,-0.4793975173794049
15670,0.32728496586061284,-0.4934848102233787
15671,0.6179003652702093,-0.10367962217565596
15672,3.86594831223962,3.6847115285255736
15673,-0.042406430455212446,0.0997618072008941
15674,1.4134448603266923,1.3121261388832866
15675,-0.1024277079293252,-0.05155258547671307
15676,0.8145322056695425,0.305186344505888
15677,0.22521239244481978,2.3181589711969357
15678,0.036420651070093846,0.12125956789168126
15679,-0.15530220549103518,-0.0970734960763474
15680,0.3560934054361591,0.09663802182438681
15681,-0.5501753914739009,-0.21273637055718625
15682,0.9489850802804625,0.04326587642680606
15683,-0.6378388713216612,-0.22823048540191543
15684,0.1872035489198165,-0.25341835723707506
15685,-0.32904632347835816,-0.23208982683517465
15686,-0.7271975608679246,-0.05735437841427904
15687,0.3473244226586816,0.20742813374940505
15688,0.11267441978843018,-0.3439267419024602
15689,1.199092783402559,0.07226309027089782
15690,0.21971444496816311,-0.17553682721380964
15691,-2.059966823250853,-0.003795830908689221
15692,0.8589575852273741,-0.20029365540244842
15693,0.19309075727333014,-0.48873755007955644
15694,-0.09348493973566177,-0.2511185085384199
15695,-1.299694501636092,-0.08189148410039061
15696,0.4048754999759838,-0.31284988998684504
15697,0.33804607187905944,-0.4485913406613788
15698,-1.0098973251810055,-0.23212601994845822
15699,-0.7937112453797277,-0.08407141371234343
15700,0.38269257843949733,-0.26414351086276866
15701,0.0653208427435093,-0.3753213634283211
15702,0.5196563820267187,-0.2272251480583094
15703,0.17166875938577963,-0.4610840547575394
15704,0.055691903120205444,-0.6038034947395332
15705,-0.35296318266341997,-0.6234744197574642
15706,0.4191731823817897,-0.4054197132477377
15707,-0.09378797130202096,-0.5836759174914596
15708,0.21861747335887938,-0.4924783072142816
15709,0.22208278973609585,-0.5840477913693198
15710,0.4150715778876999,-0.3675317951903282
15711,0.1251441107992437,-0.4792575878712607
15712,-0.3861650147812616,-0.5294159973769922
15713,0.251362990330208,-0.5498246668032829
15714,0.158776449113203,-0.4018420660318018
15715,-0.23371551060523138,-0.5888287236623506
15716,0.12229756184674906,-0.486923432741228
15717,0.34600027046107373,-0.3195824893557456
15718,-0.4422791439226744,-0.46437990976155447
15719,0.23002163314849577,-0.35210223915917305
15720,-0.29339913307323473,-0.43640804465375005
15721,0.6593598819543517,-0.36241002145869733
15722,0.8097803385348274,-0.2792962697379324
15723,-0.37049139994734426,-0.3286478210198159
15724,-0.211346097105053,-0.5098571680582322
15725,-0.0733524250374692,-0.5055185332012839
15726,0.28941789523384087,-0.42238893885020257
15727,-0.725537384340542,-0.3324227208757182
15728,0.5185779179767412,-0.5250167811967982
15729,-0.49826142575609583,-0.4788680247232236
15730,0.44371834821340106,-0.5251626035656747
15731,0.7951203390584538,-0.10964419089191292
15732,0.021450379524446395,-0.476748004323057
15733,0.49253219748824084,-0.21202567297166286
15734,-0.8302502665620939,-0.15378482971666774
15735,0.15390900579228806,-0.31685676876914126
15736,0.16104770703128446,-0.4086920999195846
15737,-0.24054208727834586,-0.4932719109620319
15738,-0.4543437216323867,-0.4187345099367466
15739,-0.14804853423933545,-0.154514178327052
15740,0.2971635334108833,-0.11116688381558598
15741,0.17222676396059344,-0.42872048995168316
15742,-0.23435954710246057,-0.5115583396266903
15743,0.3175809916940049,-0.33322215708388214
15744,0.2934032792269118,-0.19718224900534442
15745,-0.09050500293899136,-0.39827570291873415
15746,-0.4220287415776619,-0.16747565264056877
15747,-0.032541257076876995,-0.4951639690819422
15748,0.3548887202647939,-0.39380691902701537
15749,-0.10453557300089455,-0.4821826480623151
15750,-0.00825125909736285,-0.46544180053686585
15751,-0.10854074269681097,-0.5017978009301471
15752,0.20462405304274023,-0.3692178184645817
15753,-0.16972113471767092,-0.5050818650378757
15754,-0.5537829178282377,-0.3796177650566077
15755,0.41732504272391036,-0.429322118922419
15756,-0.018764274541042347,-0.38633385378056817
15757,0.10645327418097761,-0.43453342757567254
15758,0.23256311850874922,-0.3434673224378409
15759,-0.10098557080178622,-0.5186096795915299
15760,0.14434663322046626,-0.48332649909376085
15761,0.22411752640698518,-0.34326652669961105
15762,0.0901302733195864,-0.32670099569523964
15763,-0.5771913321345465,-0.5109463669728468
15764,0.058858440851484006,-0.326522412376917
15765,-0.08181271141166183,-0.29844373333541724
15766,1.3416218228449024,0.3207483473944969
15767,0.7045516786550503,0.003960341222055894
15768,-1.637292739703902,5.981866535968956
15769,0.6298400988989267,0.10652293068475947
15770,-2.3007912976953198,0.7447659434258305
15771,1.0444870428265447,0.5898109661755215
15772,0.05782439266031031,0.13138608913393746
15773,1.5994358480778157,0.1079307191935188
15774,-1.68330057175277,-0.008642994203670956
15775,-0.30686213920932215,-0.14003442611433464
15776,1.0303806277002578,-0.1357573342100581
15777,-0.22845636557778182,-0.27234039180446296
15778,-0.498253911619551,-0.33163072166106616
15779,-0.25159623010859644,-0.4913033585739264
15780,-0.1555130170051775,-0.4954363807300804
15781,-0.08658847901381075,-0.2958868192802934
15782,0.8440664302922705,-0.27052780261722514
15783,-0.4890337969854457,-0.3378106263487064
15784,0.7540283083261019,-0.35835470270064
15785,-0.20247222535992826,-0.5748954373052613
15786,0.17248186541592564,-0.43355124213852475
15787,-0.25738483163954406,-0.4631688103042823
15788,0.551035100434102,-0.551133614905252
15789,-0.05850470058602292,-0.5093851535655792
15790,-0.48083184828767034,-0.3846471666632669
15791,-0.2290348417987484,-0.5074828860788093
15792,-0.010613838531075115,-0.5983327820473925
15793,0.04573529280001776,-0.6353146382291144
15794,-0.06781540556387147,-0.3634131841921618
15795,0.3808605457993055,-0.46792824714477277
15796,0.045843004314968905,-0.4854623298467098
15797,-0.0388712173080063,-0.46596780398901966
15798,-0.5468795276196474,-0.43874048371544333
15799,0.055708913164563945,-0.4168013449701274
15800,0.01829245222954423,-0.5658378754367668
15801,0.010027776521893739,-0.5793024874694297
15802,0.033669396807964325,-0.5383884757160441
15803,0.05172240376604975,-0.5717103433467507
15804,0.28384428387763827,-0.5396561891656503
15805,-0.04485556550369313,-0.5967944962866213
15806,0.46099566993650765,-0.3584746663611457
15807,1.1670894357871207,0.18582593191633456
15808,0.002174377192684873,-0.16420885267346597
15809,0.07875347568325547,-0.39796062484077044
15810,1.215409249939389,-0.026004055700391243
15811,-0.2839891710071195,-0.43917467363223844
15812,0.12771569981975572,-0.41362657146817333
15813,-0.005645810344145713,-0.30082980481852806
15814,-0.30141988234283823,0.07228228404394048
15815,1.031536605993345,-0.1440191831883872
15816,1.3246804467909252,0.6003157179814028
15817,-0.8763031054825929,1.8262471153154056
15818,0.13149418265861812,-0.16112854286198552
15819,-0.09269007868967466,0.061912707862735214
15820,-0.4363802157776317,0.12167104915979977
15821,-0.5900773246847848,0.11324185365885962
15822,0.4428969586282707,-0.3995422842967798
15823,0.04566310231142262,-0.4048929353594046
15824,0.19873175582386338,-0.3602677598811148
15825,-0.3185482509889658,-0.3514958924315325
15826,-0.49407553051006503,-0.37983056112522007
15827,-0.0905519024504059,-0.36163215795852716
15828,0.15145368915502738,-0.1443606247854441
15829,0.25423823269254453,-0.21421883025693922
15830,-0.2060834724666939,-0.3897423003643872
15831,0.6808288623386716,-0.36138644666593606
15832,0.06488602952762457,-0.2645226880454253
15833,-0.0045633141159816815,-0.44183502655905577
15834,0.1752571035763933,-0.4917770122021198
15835,0.1387209333002744,-0.23018320717475105
15836,0.10195131891463305,-0.35255758914405555
15837,0.2209909525650275,-0.09102110619366932
15838,-0.6690270409716051,-0.2634283305123446
15839,-0.19707806539490866,-0.30693784642556415
15840,-0.06371871978399729,-0.3041500963682709
15841,-0.055856448496081984,-0.4374591413374503
15842,-0.00021238854398586415,-0.4180225563993932
15843,-0.3085773899510419,-0.5241653202802119
15844,-0.27379201302475287,-0.20886372954960908
15845,-0.14218956756320747,-0.2913702739013301
15846,-0.13168623788395645,-0.24651128811505962
15847,0.1677696396840958,-0.08512912560107803
15848,-0.19104776060349954,-0.4737459931888885
15849,-0.004129061238791504,-0.558587537235778
15850,0.2667381735634733,-0.33162656880003066
15851,-0.24385547055903942,-0.44397429714402364
15852,-0.34812115072484384,-0.27746977289156327
15853,0.45829036079596475,-0.16052700918218166
15854,-0.3810739016390776,-0.30273744847472084
15855,0.015091172241287032,-0.40326117607336504
15856,0.21694220066324554,-0.48066701836243747
15857,0.03573460278689483,-0.4832975735814787
15858,-0.05871361961648153,-0.43036752818500995
15859,0.39996539359919403,-0.3009510182493911
15860,-0.46536155109244615,-0.4590119991850264
15861,-0.48788053915634977,-0.3812199900545175
15862,-0.374262964286017,-0.12260721072145021
15863,0.6428771476683042,-0.048561229350951626
15864,-0.08839151759568803,-0.3575311586529075
15865,0.6469924792244975,-0.3236130729068502
15866,-0.16126088892478962,-0.45040979623204397
15867,-0.1675209117859942,-0.4273488676743024
15868,-0.17006562812468545,-0.33188392857796417
15869,0.5367446598285038,-0.30095270691124715
15870,0.16491774132992465,0.60544487906395
15871,0.1870434834302726,0.25024290934131155
15872,-1.4768379974821764,-0.013548778140150028
15873,0.8774890550534096,-0.3323688604449621
15874,-0.7843232673241131,-0.2568410375979382
15875,0.039666076612162815,-0.3952004881891474
15876,0.31876286228607076,-0.4598274760902098
15877,-0.0625833641360008,-0.440547773548797
15878,0.44961674137445207,-0.2937736096841708
15879,0.17460740368854932,-0.3615336576680167
15880,-0.22613506294346544,-0.5074616867893278
15881,0.6263559035394453,-0.23490026615478315
15882,0.17791841475968911,-0.21919440633924814
15883,1.1311835509518686,-0.2822962214520129
15884,0.6901029630853077,-0.014563150148271545
15885,-0.32501291472540483,-0.012168487181414986
15886,0.40220414046042685,0.08882028986865086
15887,0.6455845733668027,-0.216661323503763
15888,0.5463345038477149,0.02173721898508009
15889,0.1703706244475991,-0.28107038649615135
15890,-0.7403398563304153,-0.18655923135630492
15891,0.7034705919422448,-0.06845818464158478
15892,0.19475079351149183,-0.1688155458728336
15893,0.27184775415155094,0.14126775654977802
15894,-0.8262203726745116,0.34121643379042704
15895,-0.3825165600897875,-0.05593747154712772
15896,0.5886612296250564,-0.18640705453025386
15897,-0.02038440510773082,-0.1463626275516913
15898,-0.25172015033357875,0.16645285368935137
15899,-0.3206302278017385,-0.5512049965444272
15900,-0.3046345899563984,-0.4670557605468078
15901,0.144623151612986,-0.4760715642320693
15902,1.0844833683159698,0.0923527068926706
15903,1.378759042193616,2.2473841986889083
15904,-0.543138248732582,-0.14637735808324664
15905,-0.1759621422121209,-0.28423598977035786
15906,-0.4135226991885667,-0.22392700361270929
15907,0.7493818183050095,-0.15817142375233392
15908,-0.07804923910598904,-0.3515129771785747
15909,-0.08827569658692058,-0.3716077306485951
15910,0.12158840026873058,-0.07044318617076088
15911,-0.3054229821636463,0.14494573749363976
15912,0.8244613023966592,-0.2652434034846264
15913,0.4430880247664445,-0.2818100731049579
15914,0.10149015148527207,-0.16828448446766603
15915,-0.31100432635746467,-0.19299590161295704
15916,0.04536240273149894,0.11330374219889887
15917,-0.6414732880389895,-0.1924325608260518
15918,0.7261451893943206,-0.20884915331684017
15919,-0.04925049138138571,-0.26626230932225814
15920,-0.029960572355684723,-0.44656594537812877
15921,-0.11502999661803046,-0.3621889151933846
15922,0.13637468498635097,-0.4144797572035786
15923,0.3190969305899828,-0.24713382683149515
15924,0.29170185447069796,0.017836287986325555
15925,0.046387314107424804,-0.17763034148890755
15926,-0.3645430314298328,-0.41877197491462664
15927,-0.14215343762462307,-0.4661795484094227
15928,0.23802772375249925,-0.44544559932623
15929,-0.23412564803926464,-0.4467122906400626
15930,-0.04082353985371681,-0.40655974613878715
15931,0.08171078843382695,-0.29475339076863466
15932,-0.2569918183062887,-0.3573664645207566
15933,-0.14870210359051644,-0.31306220752527697
15934,0.18446666688288071,-0.06709376135037222
15935,0.04526681824017187,-0.46358991601261007
15936,0.025431846637469224,-0.39452613423586724
15937,0.4106624648773427,-0.16939222761832057
15938,-0.04164778862770743,-0.30402371484192536
15939,0.024460556420075885,-0.33232636775679864
15940,0.12649925452375238,-0.4444228767335711
15941,-0.22727500939951323,-0.5224217602687397
15942,0.02773189710335272,-0.4765954715858959
15943,0.5356195008313371,-0.2712218288706075
15944,0.5737236923055189,-0.20682267918142766
15945,-0.009935973746178245,-0.13661796200893708
15946,0.0098728573482883,-0.04303698753599215
15947,0.41217724754837737,-0.23330797963505312
15948,0.5574844614554803,-0.29983133543191004
15949,1.1917724202147935,-0.3153631658078691
15950,0.19820971837533113,0.15807322508208654
15951,0.23067687403520037,-0.1860869018286072
15952,0.2225758883033836,-0.33651228010822937
15953,0.21620096583352666,0.0730013704679006
15954,-0.6902388838209291,-0.2985285658872493
15955,0.6412934460585801,-0.10734361568833903
15956,0.35840475336616084,-0.29756578512569953
15957,0.27699107576843096,-0.2943734086511006
15958,0.1775363903332426,-0.3001291545269597
15959,-0.1774597371150389,-0.43581981788260254
15960,0.4760888028029797,-0.37552412485354625
15961,0.013455034005207811,-0.4468399515281715
15962,-0.2681011236995046,-0.1512496027459953
15963,0.27667744534786864,-0.20143635362522938
15964,-0.4798831063947377,-0.21580882087277642
15965,-0.5822739909811154,2.3591983658967197
15966,-0.17003490228819246,0.4402409289145685
15967,1.68543505274792,0.32829157829163963
15968,-0.3398423051101729,-0.02986453479131855
15969,-0.15406662108547942,-0.3385500851160967
15970,1.326562120945819,0.09824496495792472
15971,-0.28882565003819327,0.056426389574917676
15972,-0.28821115120561736,0.129633086843018
15973,-0.16197928642565534,-0.21386583261778308
15974,-0.45248722584133505,0.06194402313372453
15975,-0.294484867503634,-0.07947966592205857
15976,-0.4980526542795899,-0.017440376629241874
15977,-0.44169233382984685,0.011942419011445063
15978,-0.7141796048068493,1.0645691053265067
15979,2.023749855839756,0.15941181351747957
15980,0.9748323759303439,-0.1746158477675566
15981,0.016707580087183094,-0.4094310681188265
15982,-0.16781697422992,-0.4532495143176505
15983,0.42890946452156675,-0.5278797118597036
15984,-0.1402145568820922,-0.5916848539253343
15985,0.11993734385073868,-0.5567037261688502
15986,-0.0895824820729002,-0.5603523382058411
15987,-0.1546537799039531,-0.5629818456962036
15988,0.2020900321303356,-0.5285206679540032
15989,0.07298191672201776,-0.5087787720146898
15990,0.7353294534389323,-0.20632027540205522
15991,-0.26485923852166016,-0.4625822289965525
15992,-0.18928746885321585,-0.5923206968186917
15993,0.3447457742444746,-0.48843140121863077
15994,0.40110423033981213,-0.3216490010870808
15995,0.31996141869467454,-0.5883302239697747
